dataset_id,cell,method,object_id,observable,ensemble_group,coordinate_native,coordinate_analysis,coordinate_transform,coordinate_reference,coordinate_unit,feature,value,unit,quality_status,eligible_for_model,n_curves,n_points,notes
N003,4,lyapunov_local_linear,N003.TRAJ_E,macroscopic_removal_cross_section,,neutron_energy_eV,log(neutron_energy_eV/E_ref),ln(x / dataset_min_positive_energy),0.0010012874348871,dimensionless_log_energy,LLE_median_d2,248.03851992152187,per_analysis_coordinate,validated_reference,True,9.0,3000.0,source reliable_steps fraction=1.000
N003,4,lyapunov_local_linear,N003.TRAJ_E,macroscopic_removal_cross_section,,neutron_energy_eV,log(neutron_energy_eV/E_ref),ln(x / dataset_min_positive_energy),0.0010012874348871,dimensionless_log_energy,LLE_median_d3,141.52017934429037,per_analysis_coordinate,validated_reference,True,9.0,2999.0,source reliable_steps fraction=1.000
N003,4,lyapunov_local_linear,N003.TRAJ_E,macroscopic_removal_cross_section,,neutron_energy_eV,log(neutron_energy_eV/E_ref),ln(x / dataset_min_positive_energy),0.0010012874348871,dimensionless_log_energy,LLE_median_d4,105.97722077307336,per_analysis_coordinate,validated_reference,True,9.0,2999.0,source reliable_steps fraction=1.000
N003,4,lyapunov_local_linear,N003.TRAJ_E,macroscopic_removal_cross_section,,neutron_energy_eV,log(neutron_energy_eV/E_ref),ln(x / dataset_min_positive_energy),0.0010012874348871,dimensionless_log_energy,LLE_median_d5,96.90422008690474,per_analysis_coordinate,validated_reference,True,9.0,2998.0,source reliable_steps fraction=1.000
N003,4,lyapunov_local_linear,N003.TRAJ_E,macroscopic_removal_cross_section,,neutron_energy_eV,log(neutron_energy_eV/E_ref),ln(x / dataset_min_positive_energy),0.0010012874348871,dimensionless_log_energy,LLE_median_d6,75.89266196380645,per_analysis_coordinate,validated_reference,True,9.0,2998.0,source reliable_steps fraction=1.000
N003,4,lyapunov_local_linear,N003.TRAJ_E,macroscopic_removal_cross_section,,neutron_energy_eV,log(neutron_energy_eV/E_ref),ln(x / dataset_min_positive_energy),0.0010012874348871,dimensionless_log_energy,LLE_median_d7,77.60949620310268,per_analysis_coordinate,validated_reference,True,9.0,2997.0,source reliable_steps fraction=1.000
N003,4,lyapunov_local_linear,N003.TRAJ_E,macroscopic_removal_cross_section,,neutron_energy_eV,log(neutron_energy_eV/E_ref),ln(x / dataset_min_positive_energy),0.0010012874348871,dimensionless_log_energy,LLE_median_d8,86.09143816051213,per_analysis_coordinate,unreliable_embedding_support,False,9.0,2997.0,source reliable_steps fraction=0.000
N003,4,lyapunov_local_linear,N003.TRAJ_E,macroscopic_removal_cross_section,,neutron_energy_eV,log(neutron_energy_eV/E_ref),ln(x / dataset_min_positive_energy),0.0010012874348871,dimensionless_log_energy,LLE_median_d9,98.891659810257,per_analysis_coordinate,unreliable_embedding_support,False,9.0,2996.0,source reliable_steps fraction=0.000
N003,4,lyapunov_local_linear,N003.TRAJ_E,macroscopic_removal_cross_section,,neutron_energy_eV,log(neutron_energy_eV/E_ref),ln(x / dataset_min_positive_energy),0.0010012874348871,dimensionless_log_energy,LLE_median_d10,118.31806703098304,per_analysis_coordinate,unreliable_embedding_support,False,9.0,2996.0,source reliable_steps fraction=0.000
N003,4,lyapunov_local_linear,N003.TRAJ_E,transmission,,neutron_energy_eV,log(neutron_energy_eV/E_ref),ln(x / dataset_min_positive_energy),0.0010012874348871,dimensionless_log_energy,LLE_median_d2,249.11454599182332,per_analysis_coordinate,validated_reference,True,9.0,3000.0,source reliable_steps fraction=1.000
N003,4,lyapunov_local_linear,N003.TRAJ_E,transmission,,neutron_energy_eV,log(neutron_energy_eV/E_ref),ln(x / dataset_min_positive_energy),0.0010012874348871,dimensionless_log_energy,LLE_median_d3,148.06174157558246,per_analysis_coordinate,validated_reference,True,9.0,2999.0,source reliable_steps fraction=1.000
N003,4,lyapunov_local_linear,N003.TRAJ_E,transmission,,neutron_energy_eV,log(neutron_energy_eV/E_ref),ln(x / dataset_min_positive_energy),0.0010012874348871,dimensionless_log_energy,LLE_median_d4,109.2984603817889,per_analysis_coordinate,validated_reference,True,9.0,2999.0,source reliable_steps fraction=1.000
N003,4,lyapunov_local_linear,N003.TRAJ_E,transmission,,neutron_energy_eV,log(neutron_energy_eV/E_ref),ln(x / dataset_min_positive_energy),0.0010012874348871,dimensionless_log_energy,LLE_median_d5,93.5215015777672,per_analysis_coordinate,validated_reference,True,9.0,2998.0,source reliable_steps fraction=1.000
N003,4,lyapunov_local_linear,N003.TRAJ_E,transmission,,neutron_energy_eV,log(neutron_energy_eV/E_ref),ln(x / dataset_min_positive_energy),0.0010012874348871,dimensionless_log_energy,LLE_median_d6,81.57527469841989,per_analysis_coordinate,validated_reference,True,9.0,2998.0,source reliable_steps fraction=1.000
N003,4,lyapunov_local_linear,N003.TRAJ_E,transmission,,neutron_energy_eV,log(neutron_energy_eV/E_ref),ln(x / dataset_min_positive_energy),0.0010012874348871,dimensionless_log_energy,LLE_median_d7,79.13829875062274,per_analysis_coordinate,validated_reference,True,9.0,2997.0,source reliable_steps fraction=1.000
N003,4,lyapunov_local_linear,N003.TRAJ_E,transmission,,neutron_energy_eV,log(neutron_energy_eV/E_ref),ln(x / dataset_min_positive_energy),0.0010012874348871,dimensionless_log_energy,LLE_median_d8,84.27974848261213,per_analysis_coordinate,unreliable_embedding_support,False,9.0,2997.0,source reliable_steps fraction=0.000
N003,4,lyapunov_local_linear,N003.TRAJ_E,transmission,,neutron_energy_eV,log(neutron_energy_eV/E_ref),ln(x / dataset_min_positive_energy),0.0010012874348871,dimensionless_log_energy,LLE_median_d9,96.3465399690682,per_analysis_coordinate,unreliable_embedding_support,False,9.0,2996.0,source reliable_steps fraction=0.000
N003,4,lyapunov_local_linear,N003.TRAJ_E,transmission,,neutron_energy_eV,log(neutron_energy_eV/E_ref),ln(x / dataset_min_positive_energy),0.0010012874348871,dimensionless_log_energy,LLE_median_d10,118.9029100289316,per_analysis_coordinate,unreliable_embedding_support,False,9.0,2996.0,source reliable_steps fraction=0.000
N003,6,lyapunov_summary,N003.TRAJ_E,macroscopic_removal_cross_section,,neutron_energy_eV,log(neutron_energy_eV/E_ref),ln(x / dataset_min_positive_energy),0.0010012874348871,dimensionless_log_energy,LLE_grand_median,101.44072042998906,per_analysis_coordinate,validated_reference,True,9.0,2998.5,summary restricted to embedding dimensions passing source reliable_steps_flag
N003,6,lyapunov_summary,N003.TRAJ_E,macroscopic_removal_cross_section,,neutron_energy_eV,log(neutron_energy_eV/E_ref),ln(x / dataset_min_positive_energy),0.0010012874348871,dimensionless_log_energy,embedding_sensitivity_LLE_range,172.1458579577154,per_analysis_coordinate,diagnostic_only,False,,,range across reliable embedding dimensions only
N003,6,lyapunov_summary,N003.TRAJ_E,transmission,,neutron_energy_eV,log(neutron_energy_eV/E_ref),ln(x / dataset_min_positive_energy),0.0010012874348871,dimensionless_log_energy,LLE_grand_median,101.40998097977806,per_analysis_coordinate,validated_reference,True,9.0,2998.5,summary restricted to embedding dimensions passing source reliable_steps_flag
N003,6,lyapunov_summary,N003.TRAJ_E,transmission,,neutron_energy_eV,log(neutron_energy_eV/E_ref),ln(x / dataset_min_positive_energy),0.0010012874348871,dimensionless_log_energy,embedding_sensitivity_LLE_range,169.97624724120058,per_analysis_coordinate,diagnostic_only,False,,,range across reliable embedding dimensions only
N003,9,kuramoto_reduced_phase,N003.TRAJ_E,transmission_samples,transmission_samples,neutron_energy_eV,log(neutron_energy_eV/E_ref),ln(x / dataset_min_positive_energy),0.0010012874348871,dimensionless_log_energy,characteristic_frequency_cv,0.18719343644304703,dimensionless,validated_reference,True,9.0,,
N003,9,kuramoto_reduced_phase,N003.TRAJ_E,transmission_samples,transmission_samples,neutron_energy_eV,log(neutron_energy_eV/E_ref),ln(x / dataset_min_positive_energy),0.0010012874348871,dimensionless_log_energy,max_drive_lock_gain_vs_no_drive,0.9622618505437122,,scan_grid_dependent,False,,,
N003,9,kuramoto_reduced_phase,N003.TRAJ_E,transmission_samples,transmission_samples,neutron_energy_eV,log(neutron_energy_eV/E_ref),ln(x / dataset_min_positive_energy),0.0010012874348871,dimensionless_log_energy,max_sync_gain_vs_no_drive,0.6034146204195623,,scan_grid_dependent,False,,,
N003,9,kuramoto_reduced_phase,N003.TRAJ_E,transmission_samples,transmission_samples,neutron_energy_eV,log(neutron_energy_eV/E_ref),ln(x / dataset_min_positive_energy),0.0010012874348871,dimensionless_log_energy,max_frequency_error_improvement_vs_no_drive,3.0641764075831066,,scan_grid_dependent,False,,,
N003,9,kuramoto_reduced_phase,N003.TRAJ_E,transmission_samples,transmission_samples,neutron_energy_eV,log(neutron_energy_eV/E_ref),ln(x / dataset_min_positive_energy),0.0010012874348871,dimensionless_log_energy,max_drive_lock_raw,0.9999749066261714,,scan_grid_dependent,False,,,
N003,13,circle_map_fixed_point,N003.TRAJ_E,transmission_samples,transmission_samples,neutron_energy_eV,log(neutron_energy_eV/E_ref),ln(x / dataset_min_positive_energy),0.0010012874348871,dimensionless_log_energy,mean_fixed_point_locking,0.07458833474218088,,model_baseline_dominated,False,,,
N003,13,circle_map_fixed_point,N003.TRAJ_E,transmission_samples,transmission_samples,neutron_energy_eV,log(neutron_energy_eV/E_ref),ln(x / dataset_min_positive_energy),0.0010012874348871,dimensionless_log_energy,max_fixed_point_locking,1.0,,model_baseline_dominated,False,,,
N003,19,circle_map_phase_pushforward,N003.TRAJ_E,transmission_samples,transmission_samples,neutron_energy_eV,log(neutron_energy_eV/E_ref),ln(x / dataset_min_positive_energy),0.0010012874348871,dimensionless_log_energy,mean_distribution_concentration,0.15351378895062895,,reference_only_noncomparable,False,,,raw cell concentration lacks the atlas uniform-phase baseline; excluded from cross-dataset model pool
N003,21,nearest_neighbor_distance_entropy,N003.TRAJ_E,all_observables,,neutron_energy_eV,log(neutron_energy_eV/E_ref),ln(x / dataset_min_positive_energy),0.0010012874348871,dimensionless_log_energy,NN_entropy_grand_median,3.9867899120365093,bits,reference_only_noncomparable,False,18.0,4995.0,raw-NN estimator combines transmission and Sigma_R and is not cross-dataset comparable; use the observable-specific Theiler-excluded features for cross-dataset comparison
N003,21,nearest_neighbor_distance_entropy,N003.TRAJ_E,all_observables,,neutron_energy_eV,log(neutron_energy_eV/E_ref),ln(x / dataset_min_positive_energy),0.0010012874348871,dimensionless_log_energy,adjacent_neighbor_fraction_mean,0.02611772370732257,,diagnostic_only,False,,,
N003,25,pyragas_coordinate_transform,N003.TRAJ_E,all_observables,,neutron_energy_eV,log(neutron_energy_eV/E_ref),ln(x / dataset_min_positive_energy),0.0010012874348871,dimensionless_log_energy,median_MI_delay_coordinate,0.1049601618670195,dimensionless_log_energy,reference_only_noncomparable,False,,,combined transmission+Sigma_R summary excluded; use observable-specific features for cross-dataset comparison
N003,25,pyragas_coordinate_transform,N003.TRAJ_E,all_observables,,neutron_energy_eV,log(neutron_energy_eV/E_ref),ln(x / dataset_min_positive_energy),0.0010012874348871,dimensionless_log_energy,median_relative_feedback_rms,0.01077157907449825,,reference_only_noncomparable,False,,,
N003,25,pyragas_coordinate_transform,N003.TRAJ_E,all_observables,,neutron_energy_eV,log(neutron_energy_eV/E_ref),ln(x / dataset_min_positive_energy),0.0010012874348871,dimensionless_log_energy,fraction_MI_delays_with_local_minimum,1.0,,diagnostic_only,False,,,
N003,28,kakutani_fixed_point,N003.TRAJ_E,multichannel_state,,neutron_energy_eV,log(neutron_energy_eV/E_ref),ln(x / dataset_min_positive_energy),0.0010012874348871,dimensionless_log_energy,PCA_first_two_explained_fraction,0.9548488228749854,,reference_only_noncomparable,False,,,PCA/train fit is diagnostic only; use blocked-holdout features for cross-dataset comparison
N003,28,kakutani_fixed_point,N003.TRAJ_E,multichannel_state,,neutron_energy_eV,log(neutron_energy_eV/E_ref),ln(x / dataset_min_positive_energy),0.0010012874348871,dimensionless_log_energy,affine_one_step_R2_train,0.8926502083285257,,diagnostic_only,False,,,
N003,28,kakutani_fixed_point,N003.TRAJ_E,multichannel_state,,neutron_energy_eV,log(neutron_energy_eV/E_ref),ln(x / dataset_min_positive_energy),0.0010012874348871,dimensionless_log_energy,epsilon_median_residual,0.3549324021844956,PCA_distance,diagnostic_only,False,,,
N003,28,kakutani_fixed_point,N003.TRAJ_E,multichannel_state,,neutron_energy_eV,log(neutron_energy_eV/E_ref),ln(x / dataset_min_positive_energy),0.0010012874348871,dimensionless_log_energy,fixed_inclusion_residual,3.6348482571424296e-14,PCA_distance,theorem_diagnostic,False,,,
N004,4,lyapunov_local_linear,N004.TRAJ_E,transmission_proxy,,neutron_energy_eV,log(neutron_energy_eV/E_ref),ln(x / dataset_min_positive_energy),0.0010002928904489,dimensionless_log_energy,LLE_median_d2,291.1383004632055,per_analysis_coordinate,valid,True,6.0,3499.0,dimension-specific curve support=6/6
N004,4,lyapunov_local_linear,N004.TRAJ_E,transmission_proxy,,neutron_energy_eV,log(neutron_energy_eV/E_ref),ln(x / dataset_min_positive_energy),0.0010002928904489,dimensionless_log_energy,LLE_median_d3,160.68580592620305,per_analysis_coordinate,valid,True,6.0,3498.0,dimension-specific curve support=6/6
N004,4,lyapunov_local_linear,N004.TRAJ_E,transmission_proxy,,neutron_energy_eV,log(neutron_energy_eV/E_ref),ln(x / dataset_min_positive_energy),0.0010002928904489,dimensionless_log_energy,LLE_median_d4,120.58647763041463,per_analysis_coordinate,valid,True,6.0,3497.0,dimension-specific curve support=6/6
N004,4,lyapunov_local_linear,N004.TRAJ_E,transmission_proxy,,neutron_energy_eV,log(neutron_energy_eV/E_ref),ln(x / dataset_min_positive_energy),0.0010002928904489,dimensionless_log_energy,LLE_median_d5,97.06111758655159,per_analysis_coordinate,valid,True,6.0,3496.0,dimension-specific curve support=6/6
N004,4,lyapunov_local_linear,N004.TRAJ_E,transmission_proxy,,neutron_energy_eV,log(neutron_energy_eV/E_ref),ln(x / dataset_min_positive_energy),0.0010002928904489,dimensionless_log_energy,LLE_median_d6,104.03896225755761,per_analysis_coordinate,valid,True,6.0,3495.0,dimension-specific curve support=6/6
N004,4,lyapunov_local_linear,N004.TRAJ_E,transmission_proxy,,neutron_energy_eV,log(neutron_energy_eV/E_ref),ln(x / dataset_min_positive_energy),0.0010002928904489,dimensionless_log_energy,LLE_median_d7,99.40782317797024,per_analysis_coordinate,valid,True,6.0,3494.0,dimension-specific curve support=6/6
N004,4,lyapunov_local_linear,N004.TRAJ_E,transmission_proxy,,neutron_energy_eV,log(neutron_energy_eV/E_ref),ln(x / dataset_min_positive_energy),0.0010002928904489,dimensionless_log_energy,LLE_median_d8,89.54714874840873,per_analysis_coordinate,valid,True,6.0,3493.0,dimension-specific curve support=6/6
N004,4,lyapunov_local_linear,N004.TRAJ_E,transmission_proxy,,neutron_energy_eV,log(neutron_energy_eV/E_ref),ln(x / dataset_min_positive_energy),0.0010002928904489,dimensionless_log_energy,LLE_median_d9,85.4197727666367,per_analysis_coordinate,valid,True,6.0,3492.0,dimension-specific curve support=6/6
N004,4,lyapunov_local_linear,N004.TRAJ_E,transmission_proxy,,neutron_energy_eV,log(neutron_energy_eV/E_ref),ln(x / dataset_min_positive_energy),0.0010002928904489,dimensionless_log_energy,LLE_median_d10,74.19886962012448,per_analysis_coordinate,valid,True,6.0,3491.0,dimension-specific curve support=6/6
N004,6,lyapunov_summary,N004.TRAJ_E,transmission_proxy,,neutron_energy_eV,log(neutron_energy_eV/E_ref),ln(x / dataset_min_positive_energy),0.0010002928904489,dimensionless_log_energy,LLE_grand_median,99.40782317797024,per_analysis_coordinate,valid,True,6.0,,summary restricted to dimensions retaining >=75% of maximum curve support
N004,6,lyapunov_summary,N004.TRAJ_E,transmission_proxy,,neutron_energy_eV,log(neutron_energy_eV/E_ref),ln(x / dataset_min_positive_energy),0.0010002928904489,dimensionless_log_energy,embedding_sensitivity_LLE_range,216.93943084308103,per_analysis_coordinate,diagnostic_only,False,,,range across support-stable embedding dimensions only
E001,4,lyapunov_local_linear,E001.TRAJ_E,collision_stopping_power_MeV_cm2_g,,electron_energy_MeV,log(electron_energy_MeV/E_ref),ln(x / dataset_min_positive_energy),0.01,dimensionless_log_energy,LLE_median_d2,-0.5010704505809859,per_analysis_coordinate,low_support,False,1.0,80.0,dimension-specific curve support=1/1
E001,4,lyapunov_local_linear,E001.TRAJ_E,collision_stopping_power_MeV_cm2_g,,electron_energy_MeV,log(electron_energy_MeV/E_ref),ln(x / dataset_min_positive_energy),0.01,dimensionless_log_energy,LLE_median_d3,-0.238617258147175,per_analysis_coordinate,low_support,False,1.0,79.0,dimension-specific curve support=1/1
E001,4,lyapunov_local_linear,E001.TRAJ_E,collision_stopping_power_MeV_cm2_g,,electron_energy_MeV,log(electron_energy_MeV/E_ref),ln(x / dataset_min_positive_energy),0.01,dimensionless_log_energy,LLE_median_d4,-0.2169245604487401,per_analysis_coordinate,low_support,False,1.0,78.0,dimension-specific curve support=1/1
E001,4,lyapunov_local_linear,E001.TRAJ_E,collision_stopping_power_MeV_cm2_g,,electron_energy_MeV,log(electron_energy_MeV/E_ref),ln(x / dataset_min_positive_energy),0.01,dimensionless_log_energy,LLE_median_d5,-0.16123660662077086,per_analysis_coordinate,low_support,False,1.0,77.0,dimension-specific curve support=1/1
E001,4,lyapunov_local_linear,E001.TRAJ_E,csda_range_g_cm2,,electron_energy_MeV,log(electron_energy_MeV/E_ref),ln(x / dataset_min_positive_energy),0.01,dimensionless_log_energy,LLE_median_d2,0.971337609051935,per_analysis_coordinate,low_support,False,1.0,80.0,dimension-specific curve support=1/1
E001,4,lyapunov_local_linear,E001.TRAJ_E,csda_range_g_cm2,,electron_energy_MeV,log(electron_energy_MeV/E_ref),ln(x / dataset_min_positive_energy),0.01,dimensionless_log_energy,LLE_median_d3,1.0315575106996386,per_analysis_coordinate,low_support,False,1.0,79.0,dimension-specific curve support=1/1
E001,4,lyapunov_local_linear,E001.TRAJ_E,csda_range_g_cm2,,electron_energy_MeV,log(electron_energy_MeV/E_ref),ln(x / dataset_min_positive_energy),0.01,dimensionless_log_energy,LLE_median_d4,1.2783696641526283,per_analysis_coordinate,low_support,False,1.0,78.0,dimension-specific curve support=1/1
E001,4,lyapunov_local_linear,E001.TRAJ_E,csda_range_g_cm2,,electron_energy_MeV,log(electron_energy_MeV/E_ref),ln(x / dataset_min_positive_energy),0.01,dimensionless_log_energy,LLE_median_d5,1.6114519991335292,per_analysis_coordinate,low_support,False,1.0,77.0,dimension-specific curve support=1/1
E001,4,lyapunov_local_linear,E001.TRAJ_E,radiation_yield,,electron_energy_MeV,log(electron_energy_MeV/E_ref),ln(x / dataset_min_positive_energy),0.01,dimensionless_log_energy,LLE_median_d2,0.8089938129185361,per_analysis_coordinate,low_support,False,1.0,80.0,dimension-specific curve support=1/1
E001,4,lyapunov_local_linear,E001.TRAJ_E,radiation_yield,,electron_energy_MeV,log(electron_energy_MeV/E_ref),ln(x / dataset_min_positive_energy),0.01,dimensionless_log_energy,LLE_median_d3,0.7939895209238076,per_analysis_coordinate,low_support,False,1.0,79.0,dimension-specific curve support=1/1
E001,4,lyapunov_local_linear,E001.TRAJ_E,radiation_yield,,electron_energy_MeV,log(electron_energy_MeV/E_ref),ln(x / dataset_min_positive_energy),0.01,dimensionless_log_energy,LLE_median_d4,0.9680193620243251,per_analysis_coordinate,low_support,False,1.0,78.0,dimension-specific curve support=1/1
E001,4,lyapunov_local_linear,E001.TRAJ_E,radiation_yield,,electron_energy_MeV,log(electron_energy_MeV/E_ref),ln(x / dataset_min_positive_energy),0.01,dimensionless_log_energy,LLE_median_d5,0.8272313989557936,per_analysis_coordinate,low_support,False,1.0,77.0,dimension-specific curve support=1/1
E001,4,lyapunov_local_linear,E001.TRAJ_E,radiative_stopping_power_MeV_cm2_g,,electron_energy_MeV,log(electron_energy_MeV/E_ref),ln(x / dataset_min_positive_energy),0.01,dimensionless_log_energy,LLE_median_d2,1.4846246066783972,per_analysis_coordinate,low_support,False,1.0,80.0,dimension-specific curve support=1/1
E001,4,lyapunov_local_linear,E001.TRAJ_E,radiative_stopping_power_MeV_cm2_g,,electron_energy_MeV,log(electron_energy_MeV/E_ref),ln(x / dataset_min_positive_energy),0.01,dimensionless_log_energy,LLE_median_d3,1.2588425991150076,per_analysis_coordinate,low_support,False,1.0,79.0,dimension-specific curve support=1/1
E001,4,lyapunov_local_linear,E001.TRAJ_E,radiative_stopping_power_MeV_cm2_g,,electron_energy_MeV,log(electron_energy_MeV/E_ref),ln(x / dataset_min_positive_energy),0.01,dimensionless_log_energy,LLE_median_d4,1.3972333436790678,per_analysis_coordinate,low_support,False,1.0,78.0,dimension-specific curve support=1/1
E001,4,lyapunov_local_linear,E001.TRAJ_E,radiative_stopping_power_MeV_cm2_g,,electron_energy_MeV,log(electron_energy_MeV/E_ref),ln(x / dataset_min_positive_energy),0.01,dimensionless_log_energy,LLE_median_d5,1.336495419590067,per_analysis_coordinate,low_support,False,1.0,77.0,dimension-specific curve support=1/1
PN002,4,lyapunov_local_linear,PN002.TRAJ_RXN,cross_section_barn,,incident_photon_energy_MeV,log(incident_photon_energy_MeV/E_ref),ln(x / dataset_min_positive_energy),1e-11,dimensionless_log_energy,LLE_median_d2,8.101671674794835,per_analysis_coordinate,valid,True,56.0,97.5,dimension-specific curve support=56/56
PN002,4,lyapunov_local_linear,PN002.TRAJ_RXN,cross_section_barn,,incident_photon_energy_MeV,log(incident_photon_energy_MeV/E_ref),ln(x / dataset_min_positive_energy),1e-11,dimensionless_log_energy,LLE_median_d3,5.853194673226594,per_analysis_coordinate,valid,True,55.0,97.0,dimension-specific curve support=55/56
PN002,4,lyapunov_local_linear,PN002.TRAJ_RXN,cross_section_barn,,incident_photon_energy_MeV,log(incident_photon_energy_MeV/E_ref),ln(x / dataset_min_positive_energy),1e-11,dimensionless_log_energy,LLE_median_d4,4.014028357506871,per_analysis_coordinate,valid,True,53.0,101.0,dimension-specific curve support=53/56
PN002,4,lyapunov_local_linear,PN002.TRAJ_RXN,cross_section_barn,,incident_photon_energy_MeV,log(incident_photon_energy_MeV/E_ref),ln(x / dataset_min_positive_energy),1e-11,dimensionless_log_energy,LLE_median_d5,6.763805210936328,per_analysis_coordinate,valid,True,50.0,103.0,dimension-specific curve support=50/56
PN002,4,lyapunov_local_linear,PN002.TRAJ_RXN,cross_section_barn,,incident_photon_energy_MeV,log(incident_photon_energy_MeV/E_ref),ln(x / dataset_min_positive_energy),1e-11,dimensionless_log_energy,LLE_median_d6,6.627040666448657,per_analysis_coordinate,valid,True,48.0,105.5,dimension-specific curve support=48/56
PN002,4,lyapunov_local_linear,PN002.TRAJ_RXN,cross_section_barn,,incident_photon_energy_MeV,log(incident_photon_energy_MeV/E_ref),ln(x / dataset_min_positive_energy),1e-11,dimensionless_log_energy,LLE_median_d7,20.27483640859317,per_analysis_coordinate,changing_curve_population,False,31.0,136.0,dimension-specific curve support=31/56
PN002,4,lyapunov_local_linear,PN002.TRAJ_RXN,cross_section_barn,,incident_photon_energy_MeV,log(incident_photon_energy_MeV/E_ref),ln(x / dataset_min_positive_energy),1e-11,dimensionless_log_energy,LLE_median_d8,18.96047144669775,per_analysis_coordinate,changing_curve_population,False,25.0,139.0,dimension-specific curve support=25/56
PN002,4,lyapunov_local_linear,PN002.TRAJ_RXN,cross_section_barn,,incident_photon_energy_MeV,log(incident_photon_energy_MeV/E_ref),ln(x / dataset_min_positive_energy),1e-11,dimensionless_log_energy,LLE_median_d9,17.515803461302507,per_analysis_coordinate,changing_curve_population,False,23.0,143.0,dimension-specific curve support=23/56
PN002,4,lyapunov_local_linear,PN002.TRAJ_RXN,cross_section_barn,,incident_photon_energy_MeV,log(incident_photon_energy_MeV/E_ref),ln(x / dataset_min_positive_energy),1e-11,dimensionless_log_energy,LLE_median_d10,16.56538852390768,per_analysis_coordinate,changing_curve_population,False,18.0,157.5,dimension-specific curve support=18/56
PN002,6,lyapunov_summary,PN002.TRAJ_RXN,cross_section_barn,,incident_photon_energy_MeV,log(incident_photon_energy_MeV/E_ref),ln(x / dataset_min_positive_energy),1e-11,dimensionless_log_energy,LLE_grand_median,6.627040666448657,per_analysis_coordinate,valid,True,56.0,,summary restricted to dimensions retaining >=75% of maximum curve support
PN002,6,lyapunov_summary,PN002.TRAJ_RXN,cross_section_barn,,incident_photon_energy_MeV,log(incident_photon_energy_MeV/E_ref),ln(x / dataset_min_positive_energy),1e-11,dimensionless_log_energy,embedding_sensitivity_LLE_range,4.087643317287964,per_analysis_coordinate,diagnostic_only,False,,,range across support-stable embedding dimensions only
PN003,4,lyapunov_local_linear,PN003.TRAJ_EXFOR,experimental_cross_section_barn,,incident_photon_energy_MeV,log(incident_photon_energy_MeV/E_ref),ln(x / dataset_min_positive_energy),1.8,dimensionless_log_energy,LLE_median_d2,13.622823722128796,per_analysis_coordinate,valid,True,23.0,83.0,dimension-specific curve support=23/23
PN003,4,lyapunov_local_linear,PN003.TRAJ_EXFOR,experimental_cross_section_barn,,incident_photon_energy_MeV,log(incident_photon_energy_MeV/E_ref),ln(x / dataset_min_positive_energy),1.8,dimensionless_log_energy,LLE_median_d3,13.002503807583139,per_analysis_coordinate,valid,True,20.0,87.5,dimension-specific curve support=20/23
PN003,4,lyapunov_local_linear,PN003.TRAJ_EXFOR,experimental_cross_section_barn,,incident_photon_energy_MeV,log(incident_photon_energy_MeV/E_ref),ln(x / dataset_min_positive_energy),1.8,dimensionless_log_energy,LLE_median_d4,12.048610587247204,per_analysis_coordinate,changing_curve_population,False,17.0,116.0,dimension-specific curve support=17/23
PN003,4,lyapunov_local_linear,PN003.TRAJ_EXFOR,experimental_cross_section_barn,,incident_photon_energy_MeV,log(incident_photon_energy_MeV/E_ref),ln(x / dataset_min_positive_energy),1.8,dimensionless_log_energy,LLE_median_d5,13.079562856832112,per_analysis_coordinate,changing_curve_population,False,15.0,124.0,dimension-specific curve support=15/23
PN003,4,lyapunov_local_linear,PN003.TRAJ_EXFOR,experimental_cross_section_barn,,incident_photon_energy_MeV,log(incident_photon_energy_MeV/E_ref),ln(x / dataset_min_positive_energy),1.8,dimensionless_log_energy,LLE_median_d6,23.80982715449959,per_analysis_coordinate,changing_curve_population,False,11.0,137.0,dimension-specific curve support=11/23
PN003,4,lyapunov_local_linear,PN003.TRAJ_EXFOR,experimental_cross_section_barn,,incident_photon_energy_MeV,log(incident_photon_energy_MeV/E_ref),ln(x / dataset_min_positive_energy),1.8,dimensionless_log_energy,LLE_median_d7,21.24854625172366,per_analysis_coordinate,changing_curve_population,False,9.0,162.0,dimension-specific curve support=9/23
PN003,4,lyapunov_local_linear,PN003.TRAJ_EXFOR,experimental_cross_section_barn,,incident_photon_energy_MeV,log(incident_photon_energy_MeV/E_ref),ln(x / dataset_min_positive_energy),1.8,dimensionless_log_energy,LLE_median_d8,20.721993580175017,per_analysis_coordinate,changing_curve_population,False,9.0,161.0,dimension-specific curve support=9/23
PN003,4,lyapunov_local_linear,PN003.TRAJ_EXFOR,experimental_cross_section_barn,,incident_photon_energy_MeV,log(incident_photon_energy_MeV/E_ref),ln(x / dataset_min_positive_energy),1.8,dimensionless_log_energy,LLE_median_d9,20.019670359566756,per_analysis_coordinate,changing_curve_population,False,9.0,160.0,dimension-specific curve support=9/23
PN003,4,lyapunov_local_linear,PN003.TRAJ_EXFOR,experimental_cross_section_barn,,incident_photon_energy_MeV,log(incident_photon_energy_MeV/E_ref),ln(x / dataset_min_positive_energy),1.8,dimensionless_log_energy,LLE_median_d10,20.086800898764142,per_analysis_coordinate,changing_curve_population,False,7.0,176.0,dimension-specific curve support=7/23
PN003,6,lyapunov_summary,PN003.TRAJ_EXFOR,experimental_cross_section_barn,,incident_photon_energy_MeV,log(incident_photon_energy_MeV/E_ref),ln(x / dataset_min_positive_energy),1.8,dimensionless_log_energy,LLE_grand_median,13.312663764855968,per_analysis_coordinate,low_support,False,23.0,,summary restricted to dimensions retaining >=75% of maximum curve support
PN003,6,lyapunov_summary,PN003.TRAJ_EXFOR,experimental_cross_section_barn,,incident_photon_energy_MeV,log(incident_photon_energy_MeV/E_ref),ln(x / dataset_min_positive_energy),1.8,dimensionless_log_energy,embedding_sensitivity_LLE_range,0.6203199145456573,per_analysis_coordinate,diagnostic_only,False,,,range across support-stable embedding dimensions only
PVAL_6MV,4,lyapunov_local_linear,PVAL_6MV.TRAJ_PDD,pdd_percent,,water_depth_cm,water_depth_cm,identity,,cm,LLE_median_d2,-0.051771930973489574,per_analysis_coordinate,low_support,False,1.0,69.0,dimension-specific curve support=1/1
PVAL_6MV,4,lyapunov_local_linear,PVAL_6MV.TRAJ_PDD,pdd_percent,,water_depth_cm,water_depth_cm,identity,,cm,LLE_median_d3,-0.08358919354232922,per_analysis_coordinate,low_support,False,1.0,68.0,dimension-specific curve support=1/1
PVAL_6MV,4,lyapunov_local_linear,PVAL_6MV.TRAJ_PDD,pdd_percent,,water_depth_cm,water_depth_cm,identity,,cm,LLE_median_d4,-0.06528478139783148,per_analysis_coordinate,low_support,False,1.0,67.0,dimension-specific curve support=1/1
PVAL_10MV,4,lyapunov_local_linear,PVAL_10MV.TRAJ_PDD,pdd_percent,,water_depth_cm,water_depth_cm,identity,,cm,LLE_median_d2,-0.02686504259443562,per_analysis_coordinate,low_support,False,1.0,70.0,dimension-specific curve support=1/1
PVAL_10MV,4,lyapunov_local_linear,PVAL_10MV.TRAJ_PDD,pdd_percent,,water_depth_cm,water_depth_cm,identity,,cm,LLE_median_d3,-0.05578133608502216,per_analysis_coordinate,low_support,False,1.0,69.0,dimension-specific curve support=1/1
PVAL_10MV,4,lyapunov_local_linear,PVAL_10MV.TRAJ_PDD,pdd_percent,,water_depth_cm,water_depth_cm,identity,,cm,LLE_median_d4,-0.08465627096009389,per_analysis_coordinate,low_support,False,1.0,68.0,dimension-specific curve support=1/1
PVAL_15MV,4,lyapunov_local_linear,PVAL_15MV.TRAJ_PDD,pdd_percent,,water_depth_cm,water_depth_cm,identity,,cm,LLE_median_d2,-0.02543543756640546,per_analysis_coordinate,low_support,False,1.0,69.0,dimension-specific curve support=1/1
PVAL_15MV,4,lyapunov_local_linear,PVAL_15MV.TRAJ_PDD,pdd_percent,,water_depth_cm,water_depth_cm,identity,,cm,LLE_median_d3,-0.08709167452057033,per_analysis_coordinate,low_support,False,1.0,68.0,dimension-specific curve support=1/1
PVAL_15MV,4,lyapunov_local_linear,PVAL_15MV.TRAJ_PDD,pdd_percent,,water_depth_cm,water_depth_cm,identity,,cm,LLE_median_d4,-0.09066903195171687,per_analysis_coordinate,low_support,False,1.0,67.0,dimension-specific curve support=1/1
PVAL_18MV,4,lyapunov_local_linear,PVAL_18MV.TRAJ_PDD,pdd_percent,,water_depth_cm,water_depth_cm,identity,,cm,LLE_median_d2,-0.01092168826162728,per_analysis_coordinate,low_support,False,1.0,80.0,dimension-specific curve support=1/1
PVAL_18MV,4,lyapunov_local_linear,PVAL_18MV.TRAJ_PDD,pdd_percent,,water_depth_cm,water_depth_cm,identity,,cm,LLE_median_d3,-0.045700254902188986,per_analysis_coordinate,low_support,False,1.0,79.0,dimension-specific curve support=1/1
PVAL_18MV,4,lyapunov_local_linear,PVAL_18MV.TRAJ_PDD,pdd_percent,,water_depth_cm,water_depth_cm,identity,,cm,LLE_median_d4,-0.04622345383197519,per_analysis_coordinate,low_support,False,1.0,78.0,dimension-specific curve support=1/1
PVAL_18MV,4,lyapunov_local_linear,PVAL_18MV.TRAJ_PDD,pdd_percent,,water_depth_cm,water_depth_cm,identity,,cm,LLE_median_d5,-0.0785040527635488,per_analysis_coordinate,low_support,False,1.0,77.0,dimension-specific curve support=1/1
N004,9,kuramoto_reduced_phase,N004.TRAJ_E,transmission_proxy_samples,transmission_proxy_samples,neutron_energy_eV,log(neutron_energy_eV/E_ref),ln(x / dataset_min_positive_energy),0.0010002928904489,dimensionless_log_energy,characteristic_frequency_cv,0.19278919636088462,dimensionless,valid,True,6.0,,
N004,9,kuramoto_reduced_phase,N004.TRAJ_E,transmission_proxy_samples,transmission_proxy_samples,neutron_energy_eV,log(neutron_energy_eV/E_ref),ln(x / dataset_min_positive_energy),0.0010002928904489,dimensionless_log_energy,max_drive_lock_gain_vs_no_drive,0.9837154529823048,,scan_grid_dependent,False,,,
N004,9,kuramoto_reduced_phase,N004.TRAJ_E,transmission_proxy_samples,transmission_proxy_samples,neutron_energy_eV,log(neutron_energy_eV/E_ref),ln(x / dataset_min_positive_energy),0.0010002928904489,dimensionless_log_energy,max_sync_gain_vs_no_drive,0.37142840954069145,,scan_grid_dependent,False,,,
N004,9,kuramoto_reduced_phase,N004.TRAJ_E,transmission_proxy_samples,transmission_proxy_samples,neutron_energy_eV,log(neutron_energy_eV/E_ref),ln(x / dataset_min_positive_energy),0.0010002928904489,dimensionless_log_energy,max_frequency_error_improvement_vs_no_drive,3.877392037646116,rad/model-unit,scan_grid_dependent,False,,,
N004,9,kuramoto_reduced_phase,N004.TRAJ_E,transmission_proxy_samples,transmission_proxy_samples,neutron_energy_eV,log(neutron_energy_eV/E_ref),ln(x / dataset_min_positive_energy),0.0010002928904489,dimensionless_log_energy,max_drive_lock_raw,1.0000000000000022,,scan_grid_dependent,False,,,
P001,13,circle_map_fixed_point,P001.TRAJ_E,attenuation_state,attenuation_state,photon_energy_MeV,log(photon_energy_MeV/E_ref),ln(x / dataset_min_positive_energy),0.001,dimensionless_log_energy,mean_abs_locking_excess_vs_uniform,0.004929482572763205,,low_support,False,2.0,46.0,
P001,13,circle_map_fixed_point,P001.TRAJ_E,attenuation_state,attenuation_state,photon_energy_MeV,log(photon_energy_MeV/E_ref),ln(x / dataset_min_positive_energy),0.001,dimensionless_log_energy,max_abs_locking_excess_vs_uniform,0.2173913043478261,,scan_grid_dependent,False,,,maximum depends on Ω/K grid extent and resolution; retained as diagnostic
P001,13,circle_map_fixed_point,P001.TRAJ_E,attenuation_state,attenuation_state,photon_energy_MeV,log(photon_energy_MeV/E_ref),ln(x / dataset_min_positive_energy),0.001,dimensionless_log_energy,mean_phase_resultant,0.9999971450074764,,low_support,False,,,
P001,13,circle_map_fixed_point,P001.TRAJ_E,attenuation_state,attenuation_state,photon_energy_MeV,log(photon_energy_MeV/E_ref),ln(x / dataset_min_positive_energy),0.001,dimensionless_log_energy,mean_fixed_point_locking_raw,0.05311264822134387,,model_baseline_dominated,False,,,raw map locking is dominated by imposed circle-map geometry
N004,13,circle_map_fixed_point,N004.TRAJ_E,transmission_proxy_samples,transmission_proxy_samples,neutron_energy_eV,log(neutron_energy_eV/E_ref),ln(x / dataset_min_positive_energy),0.0010002928904489,dimensionless_log_energy,mean_abs_locking_excess_vs_uniform,0.0020084366391184575,,valid,True,6.0,3500.0,
N004,13,circle_map_fixed_point,N004.TRAJ_E,transmission_proxy_samples,transmission_proxy_samples,neutron_energy_eV,log(neutron_energy_eV/E_ref),ln(x / dataset_min_positive_energy),0.0010002928904489,dimensionless_log_energy,max_abs_locking_excess_vs_uniform,0.125,,scan_grid_dependent,False,,,maximum depends on Ω/K grid extent and resolution; retained as diagnostic
N004,13,circle_map_fixed_point,N004.TRAJ_E,transmission_proxy_samples,transmission_proxy_samples,neutron_energy_eV,log(neutron_energy_eV/E_ref),ln(x / dataset_min_positive_energy),0.0010002928904489,dimensionless_log_energy,mean_phase_resultant,0.6509485761579182,,valid,True,,,
N004,13,circle_map_fixed_point,N004.TRAJ_E,transmission_proxy_samples,transmission_proxy_samples,neutron_energy_eV,log(neutron_energy_eV/E_ref),ln(x / dataset_min_positive_energy),0.0010002928904489,dimensionless_log_energy,mean_fixed_point_locking_raw,0.05087121212121212,,model_baseline_dominated,False,,,raw map locking is dominated by imposed circle-map geometry
E001,13,circle_map_fixed_point,E001.TRAJ_E,stopping_power_components,stopping_power_components,electron_energy_MeV,log(electron_energy_MeV/E_ref),ln(x / dataset_min_positive_energy),0.01,dimensionless_log_energy,mean_abs_locking_excess_vs_uniform,0.004298030813182329,,low_support,False,2.0,81.0,
E001,13,circle_map_fixed_point,E001.TRAJ_E,stopping_power_components,stopping_power_components,electron_energy_MeV,log(electron_energy_MeV/E_ref),ln(x / dataset_min_positive_energy),0.01,dimensionless_log_energy,max_abs_locking_excess_vs_uniform,0.18518518518518517,,scan_grid_dependent,False,,,maximum depends on Ω/K grid extent and resolution; retained as diagnostic
E001,13,circle_map_fixed_point,E001.TRAJ_E,stopping_power_components,stopping_power_components,electron_energy_MeV,log(electron_energy_MeV/E_ref),ln(x / dataset_min_positive_energy),0.01,dimensionless_log_energy,mean_phase_resultant,0.4536519881339313,,low_support,False,,,
E001,13,circle_map_fixed_point,E001.TRAJ_E,stopping_power_components,stopping_power_components,electron_energy_MeV,log(electron_energy_MeV/E_ref),ln(x / dataset_min_positive_energy),0.01,dimensionless_log_energy,mean_fixed_point_locking_raw,0.05104071013161922,,model_baseline_dominated,False,,,raw map locking is dominated by imposed circle-map geometry
NVAL_MATHEW,13,circle_map_fixed_point,NVAL_MATHEW.TRAJ_E,spectrometers,spectrometers,neutron_energy_MeV,log(neutron_energy_MeV/E_ref),ln(x / dataset_min_positive_energy),1.3315477442962436e-09,dimensionless_log_energy,mean_abs_locking_excess_vs_uniform,0.006737333812432627,,low_support,False,2.0,46.0,
NVAL_MATHEW,13,circle_map_fixed_point,NVAL_MATHEW.TRAJ_E,spectrometers,spectrometers,neutron_energy_MeV,log(neutron_energy_MeV/E_ref),ln(x / dataset_min_positive_energy),1.3315477442962436e-09,dimensionless_log_energy,max_abs_locking_excess_vs_uniform,0.3043478260869566,,scan_grid_dependent,False,,,maximum depends on Ω/K grid extent and resolution; retained as diagnostic
NVAL_MATHEW,13,circle_map_fixed_point,NVAL_MATHEW.TRAJ_E,spectrometers,spectrometers,neutron_energy_MeV,log(neutron_energy_MeV/E_ref),ln(x / dataset_min_positive_energy),1.3315477442962436e-09,dimensionless_log_energy,mean_phase_resultant,0.9796334435882537,,low_support,False,,,
NVAL_MATHEW,13,circle_map_fixed_point,NVAL_MATHEW.TRAJ_E,spectrometers,spectrometers,neutron_energy_MeV,log(neutron_energy_MeV/E_ref),ln(x / dataset_min_positive_energy),1.3315477442962436e-09,dimensionless_log_energy,mean_fixed_point_locking_raw,0.053303539346029466,,model_baseline_dominated,False,,,raw map locking is dominated by imposed circle-map geometry
P001,17,circle_map_rotation,P001.TRAJ_E,attenuation_state,attenuation_state,photon_energy_MeV,log(photon_energy_MeV/E_ref),ln(x / dataset_min_positive_energy),0.001,dimensionless_log_energy,mean_unwrapped_rotation,0.4881762492147802,cycles_per_iterate,model_baseline_dominated,False,2.0,,"unwrapped estimator is valid, but the global summary is dominated by the common Ω/K scan unless baseline-referenced"
P001,17,circle_map_rotation,P001.TRAJ_E,attenuation_state,attenuation_state,photon_energy_MeV,log(photon_energy_MeV/E_ref),ln(x / dataset_min_positive_energy),0.001,dimensionless_log_energy,mean_cross_curve_unwrapped_rotation_std,0.007770916685263108,cycles_per_iterate,model_baseline_dominated,False,,,"unwrapped estimator is valid, but the global summary is dominated by the common Ω/K scan unless baseline-referenced"
P001,17,circle_map_rotation,P001.TRAJ_E,attenuation_state,attenuation_state,photon_energy_MeV,log(photon_energy_MeV/E_ref),ln(x / dataset_min_positive_energy),0.001,dimensionless_log_energy,fraction_near_low_order_rational_unwrapped,0.7433431952662722,,model_baseline_dominated,False,,,"unwrapped estimator is valid, but the global summary is dominated by the common Ω/K scan unless baseline-referenced"
P001,17,circle_map_rotation,P001.TRAJ_E,attenuation_state,attenuation_state,photon_energy_MeV,log(photon_energy_MeV/E_ref),ln(x / dataset_min_positive_energy),0.001,dimensionless_log_energy,mean_abs_unwrapped_rotation_excess_vs_uniform,0.026062641040461555,cycles_per_iterate,low_support,False,2.0,,uniform-initial-phase baseline removes the common circle-map scan contribution
P001,17,circle_map_rotation,P001.TRAJ_E,attenuation_state,attenuation_state,photon_energy_MeV,log(photon_energy_MeV/E_ref),ln(x / dataset_min_positive_energy),0.001,dimensionless_log_energy,mean_abs_cross_curve_rotation_std_excess_vs_uniform,0.01825213512243779,cycles_per_iterate,low_support,False,2.0,,uniform-initial-phase baseline contrast
P001,17,circle_map_rotation,P001.TRAJ_E,attenuation_state,attenuation_state,photon_energy_MeV,log(photon_energy_MeV/E_ref),ln(x / dataset_min_positive_energy),0.001,dimensionless_log_energy,fraction_near_low_order_rational_excess_vs_uniform,0.006286982248520756,,low_support,False,2.0,,raw fraction=0.743343; uniform baseline=0.737056
P001,17,circle_map_rotation,P001.TRAJ_E,attenuation_state,attenuation_state,photon_energy_MeV,log(photon_energy_MeV/E_ref),ln(x / dataset_min_positive_energy),0.001,dimensionless_log_energy,mean_rotation_mod1,0.49668216637454354,,diagnostic_only,False,,,modulo-one representation retained only for circular visualization
N004,17,circle_map_rotation,N004.TRAJ_E,transmission_proxy_samples,transmission_proxy_samples,neutron_energy_eV,log(neutron_energy_eV/E_ref),ln(x / dataset_min_positive_energy),0.0010002928904489,dimensionless_log_energy,mean_unwrapped_rotation,0.49875550056040147,cycles_per_iterate,model_baseline_dominated,False,6.0,,"unwrapped estimator is valid, but the global summary is dominated by the common Ω/K scan unless baseline-referenced"
N004,17,circle_map_rotation,N004.TRAJ_E,transmission_proxy_samples,transmission_proxy_samples,neutron_energy_eV,log(neutron_energy_eV/E_ref),ln(x / dataset_min_positive_energy),0.0010002928904489,dimensionless_log_energy,mean_cross_curve_unwrapped_rotation_std,0.025098000052430985,cycles_per_iterate,model_baseline_dominated,False,,,"unwrapped estimator is valid, but the global summary is dominated by the common Ω/K scan unless baseline-referenced"
N004,17,circle_map_rotation,N004.TRAJ_E,transmission_proxy_samples,transmission_proxy_samples,neutron_energy_eV,log(neutron_energy_eV/E_ref),ln(x / dataset_min_positive_energy),0.0010002928904489,dimensionless_log_energy,fraction_near_low_order_rational_unwrapped,0.7255917159763313,,model_baseline_dominated,False,,,"unwrapped estimator is valid, but the global summary is dominated by the common Ω/K scan unless baseline-referenced"
N004,17,circle_map_rotation,N004.TRAJ_E,transmission_proxy_samples,transmission_proxy_samples,neutron_energy_eV,log(neutron_energy_eV/E_ref),ln(x / dataset_min_positive_energy),0.0010002928904489,dimensionless_log_energy,mean_abs_unwrapped_rotation_excess_vs_uniform,0.013689973921474292,cycles_per_iterate,valid,True,6.0,,uniform-initial-phase baseline removes the common circle-map scan contribution
N004,17,circle_map_rotation,N004.TRAJ_E,transmission_proxy_samples,transmission_proxy_samples,neutron_energy_eV,log(neutron_energy_eV/E_ref),ln(x / dataset_min_positive_energy),0.0010002928904489,dimensionless_log_energy,mean_abs_cross_curve_rotation_std_excess_vs_uniform,0.009050668489626258,cycles_per_iterate,valid,True,6.0,,uniform-initial-phase baseline contrast
N004,17,circle_map_rotation,N004.TRAJ_E,transmission_proxy_samples,transmission_proxy_samples,neutron_energy_eV,log(neutron_energy_eV/E_ref),ln(x / dataset_min_positive_energy),0.0010002928904489,dimensionless_log_energy,fraction_near_low_order_rational_excess_vs_uniform,0.0025887573964497035,,valid,True,6.0,,raw fraction=0.725592; uniform baseline=0.723003
N004,17,circle_map_rotation,N004.TRAJ_E,transmission_proxy_samples,transmission_proxy_samples,neutron_energy_eV,log(neutron_energy_eV/E_ref),ln(x / dataset_min_positive_energy),0.0010002928904489,dimensionless_log_energy,mean_rotation_mod1,0.4854418910929458,,diagnostic_only,False,,,modulo-one representation retained only for circular visualization
E001,17,circle_map_rotation,E001.TRAJ_E,stopping_power_components,stopping_power_components,electron_energy_MeV,log(electron_energy_MeV/E_ref),ln(x / dataset_min_positive_energy),0.01,dimensionless_log_energy,mean_unwrapped_rotation,0.4916827535247184,cycles_per_iterate,model_baseline_dominated,False,2.0,,"unwrapped estimator is valid, but the global summary is dominated by the common Ω/K scan unless baseline-referenced"
E001,17,circle_map_rotation,E001.TRAJ_E,stopping_power_components,stopping_power_components,electron_energy_MeV,log(electron_energy_MeV/E_ref),ln(x / dataset_min_positive_energy),0.01,dimensionless_log_energy,mean_cross_curve_unwrapped_rotation_std,0.012820561332077623,cycles_per_iterate,model_baseline_dominated,False,,,"unwrapped estimator is valid, but the global summary is dominated by the common Ω/K scan unless baseline-referenced"
E001,17,circle_map_rotation,E001.TRAJ_E,stopping_power_components,stopping_power_components,electron_energy_MeV,log(electron_energy_MeV/E_ref),ln(x / dataset_min_positive_energy),0.01,dimensionless_log_energy,fraction_near_low_order_rational_unwrapped,0.7263313609467456,,model_baseline_dominated,False,,,"unwrapped estimator is valid, but the global summary is dominated by the common Ω/K scan unless baseline-referenced"
E001,17,circle_map_rotation,E001.TRAJ_E,stopping_power_components,stopping_power_components,electron_energy_MeV,log(electron_energy_MeV/E_ref),ln(x / dataset_min_positive_energy),0.01,dimensionless_log_energy,mean_abs_unwrapped_rotation_excess_vs_uniform,0.02329502398730363,cycles_per_iterate,low_support,False,2.0,,uniform-initial-phase baseline removes the common circle-map scan contribution
E001,17,circle_map_rotation,E001.TRAJ_E,stopping_power_components,stopping_power_components,electron_energy_MeV,log(electron_energy_MeV/E_ref),ln(x / dataset_min_positive_energy),0.01,dimensionless_log_energy,mean_abs_cross_curve_rotation_std_excess_vs_uniform,0.015973538103227304,cycles_per_iterate,low_support,False,2.0,,uniform-initial-phase baseline contrast
E001,17,circle_map_rotation,E001.TRAJ_E,stopping_power_components,stopping_power_components,electron_energy_MeV,log(electron_energy_MeV/E_ref),ln(x / dataset_min_positive_energy),0.01,dimensionless_log_energy,fraction_near_low_order_rational_excess_vs_uniform,-0.01072485207100593,,low_support,False,2.0,,raw fraction=0.726331; uniform baseline=0.737056
E001,17,circle_map_rotation,E001.TRAJ_E,stopping_power_components,stopping_power_components,electron_energy_MeV,log(electron_energy_MeV/E_ref),ln(x / dataset_min_positive_energy),0.01,dimensionless_log_energy,mean_rotation_mod1,0.4853957712761977,,diagnostic_only,False,,,modulo-one representation retained only for circular visualization
NVAL_MATHEW,17,circle_map_rotation,NVAL_MATHEW.TRAJ_E,spectrometers,spectrometers,neutron_energy_MeV,log(neutron_energy_MeV/E_ref),ln(x / dataset_min_positive_energy),1.3315477442962436e-09,dimensionless_log_energy,mean_unwrapped_rotation,0.5153464119763618,cycles_per_iterate,model_baseline_dominated,False,2.0,,"unwrapped estimator is valid, but the global summary is dominated by the common Ω/K scan unless baseline-referenced"
NVAL_MATHEW,17,circle_map_rotation,NVAL_MATHEW.TRAJ_E,spectrometers,spectrometers,neutron_energy_MeV,log(neutron_energy_MeV/E_ref),ln(x / dataset_min_positive_energy),1.3315477442962436e-09,dimensionless_log_energy,mean_cross_curve_unwrapped_rotation_std,0.008244246550984956,cycles_per_iterate,model_baseline_dominated,False,,,"unwrapped estimator is valid, but the global summary is dominated by the common Ω/K scan unless baseline-referenced"
NVAL_MATHEW,17,circle_map_rotation,NVAL_MATHEW.TRAJ_E,spectrometers,spectrometers,neutron_energy_MeV,log(neutron_energy_MeV/E_ref),ln(x / dataset_min_positive_energy),1.3315477442962436e-09,dimensionless_log_energy,fraction_near_low_order_rational_unwrapped,0.7448224852071006,,model_baseline_dominated,False,,,"unwrapped estimator is valid, but the global summary is dominated by the common Ω/K scan unless baseline-referenced"
NVAL_MATHEW,17,circle_map_rotation,NVAL_MATHEW.TRAJ_E,spectrometers,spectrometers,neutron_energy_MeV,log(neutron_energy_MeV/E_ref),ln(x / dataset_min_positive_energy),1.3315477442962436e-09,dimensionless_log_energy,mean_abs_unwrapped_rotation_excess_vs_uniform,0.026067086069159362,cycles_per_iterate,low_support,False,2.0,,uniform-initial-phase baseline removes the common circle-map scan contribution
NVAL_MATHEW,17,circle_map_rotation,NVAL_MATHEW.TRAJ_E,spectrometers,spectrometers,neutron_energy_MeV,log(neutron_energy_MeV/E_ref),ln(x / dataset_min_positive_energy),1.3315477442962436e-09,dimensionless_log_energy,mean_abs_cross_curve_rotation_std_excess_vs_uniform,0.018369798999280585,cycles_per_iterate,low_support,False,2.0,,uniform-initial-phase baseline contrast
NVAL_MATHEW,17,circle_map_rotation,NVAL_MATHEW.TRAJ_E,spectrometers,spectrometers,neutron_energy_MeV,log(neutron_energy_MeV/E_ref),ln(x / dataset_min_positive_energy),1.3315477442962436e-09,dimensionless_log_energy,fraction_near_low_order_rational_excess_vs_uniform,0.0077662721893491105,,low_support,False,2.0,,raw fraction=0.744822; uniform baseline=0.737056
NVAL_MATHEW,17,circle_map_rotation,NVAL_MATHEW.TRAJ_E,spectrometers,spectrometers,neutron_energy_MeV,log(neutron_energy_MeV/E_ref),ln(x / dataset_min_positive_energy),1.3315477442962436e-09,dimensionless_log_energy,mean_rotation_mod1,0.4362044001420422,,diagnostic_only,False,,,modulo-one representation retained only for circular visualization
P001,19,circle_map_phase_pushforward,P001.TRAJ_E,attenuation_state,attenuation_state,photon_energy_MeV,log(photon_energy_MeV/E_ref),ln(x / dataset_min_positive_energy),0.001,dimensionless_log_energy,mean_concentration_excess_vs_uniform,0.01080428606497223,,unstable_pushforward,False,2.0,46.0,mean TV=0.3761; p90 TV=0.5424; fraction TV>0.1=0.839
P001,19,circle_map_phase_pushforward,P001.TRAJ_E,attenuation_state,attenuation_state,photon_energy_MeV,log(photon_energy_MeV/E_ref),ln(x / dataset_min_positive_energy),0.001,dimensionless_log_energy,mean_abs_concentration_excess_vs_uniform,0.018700327255726172,,unstable_pushforward,False,2.0,46.0,mean TV=0.3761; p90 TV=0.5424; fraction TV>0.1=0.839
P001,19,circle_map_phase_pushforward,P001.TRAJ_E,attenuation_state,attenuation_state,photon_energy_MeV,log(photon_energy_MeV/E_ref),ln(x / dataset_min_positive_energy),0.001,dimensionless_log_energy,mean_stabilization_TV,0.3760518934081265,TV,diagnostic_only,False,,,
P001,19,circle_map_phase_pushforward,P001.TRAJ_E,attenuation_state,attenuation_state,photon_energy_MeV,log(photon_energy_MeV/E_ref),ln(x / dataset_min_positive_energy),0.001,dimensionless_log_energy,p90_stabilization_TV,0.5423913043478142,TV,diagnostic_only,False,,,
P001,19,circle_map_phase_pushforward,P001.TRAJ_E,attenuation_state,attenuation_state,photon_energy_MeV,log(photon_energy_MeV/E_ref),ln(x / dataset_min_positive_energy),0.001,dimensionless_log_energy,fraction_K_above_TV_threshold,0.8387096774193549,,diagnostic_only,False,,,
P001,19,circle_map_phase_pushforward,P001.TRAJ_E,attenuation_state,attenuation_state,photon_energy_MeV,log(photon_energy_MeV/E_ref),ln(x / dataset_min_positive_energy),0.001,dimensionless_log_energy,mean_distribution_concentration_raw,0.16736636536623503,,model_baseline_dominated,False,,,
N004,19,circle_map_phase_pushforward,N004.TRAJ_E,transmission_proxy_samples,transmission_proxy_samples,neutron_energy_eV,log(neutron_energy_eV/E_ref),ln(x / dataset_min_positive_energy),0.0010002928904489,dimensionless_log_energy,mean_concentration_excess_vs_uniform,-0.0005772906901939177,,unstable_pushforward,False,6.0,3500.0,mean TV=0.1129; p90 TV=0.2429; fraction TV>0.1=0.419
N004,19,circle_map_phase_pushforward,N004.TRAJ_E,transmission_proxy_samples,transmission_proxy_samples,neutron_energy_eV,log(neutron_energy_eV/E_ref),ln(x / dataset_min_positive_energy),0.0010002928904489,dimensionless_log_energy,mean_abs_concentration_excess_vs_uniform,0.004065963606286176,,unstable_pushforward,False,6.0,3500.0,mean TV=0.1129; p90 TV=0.2429; fraction TV>0.1=0.419
N004,19,circle_map_phase_pushforward,N004.TRAJ_E,transmission_proxy_samples,transmission_proxy_samples,neutron_energy_eV,log(neutron_energy_eV/E_ref),ln(x / dataset_min_positive_energy),0.0010002928904489,dimensionless_log_energy,mean_stabilization_TV,0.112858422939068,TV,diagnostic_only,False,,,
N004,19,circle_map_phase_pushforward,N004.TRAJ_E,transmission_proxy_samples,transmission_proxy_samples,neutron_energy_eV,log(neutron_energy_eV/E_ref),ln(x / dataset_min_positive_energy),0.0010002928904489,dimensionless_log_energy,p90_stabilization_TV,0.2428611111111108,TV,diagnostic_only,False,,,
N004,19,circle_map_phase_pushforward,N004.TRAJ_E,transmission_proxy_samples,transmission_proxy_samples,neutron_energy_eV,log(neutron_energy_eV/E_ref),ln(x / dataset_min_positive_energy),0.0010002928904489,dimensionless_log_energy,fraction_K_above_TV_threshold,0.41935483870967744,,diagnostic_only,False,,,
N004,19,circle_map_phase_pushforward,N004.TRAJ_E,transmission_proxy_samples,transmission_proxy_samples,neutron_energy_eV,log(neutron_energy_eV/E_ref),ln(x / dataset_min_positive_energy),0.0010002928904489,dimensionless_log_energy,mean_distribution_concentration_raw,0.14421974083264383,,model_baseline_dominated,False,,,
E001,19,circle_map_phase_pushforward,E001.TRAJ_E,csda_range,csda_range,electron_energy_MeV,log(electron_energy_MeV/E_ref),ln(x / dataset_min_positive_energy),0.01,dimensionless_log_energy,mean_concentration_excess_vs_uniform,0.0012707619238881366,,unstable_pushforward,False,1.0,81.0,mean TV=0.2836; p90 TV=0.4198; fraction TV>0.1=0.823
E001,19,circle_map_phase_pushforward,E001.TRAJ_E,csda_range,csda_range,electron_energy_MeV,log(electron_energy_MeV/E_ref),ln(x / dataset_min_positive_energy),0.01,dimensionless_log_energy,mean_abs_concentration_excess_vs_uniform,0.012798387947730517,,unstable_pushforward,False,1.0,81.0,mean TV=0.2836; p90 TV=0.4198; fraction TV>0.1=0.823
E001,19,circle_map_phase_pushforward,E001.TRAJ_E,csda_range,csda_range,electron_energy_MeV,log(electron_energy_MeV/E_ref),ln(x / dataset_min_positive_energy),0.01,dimensionless_log_energy,mean_stabilization_TV,0.2835523695738715,TV,diagnostic_only,False,,,
E001,19,circle_map_phase_pushforward,E001.TRAJ_E,csda_range,csda_range,electron_energy_MeV,log(electron_energy_MeV/E_ref),ln(x / dataset_min_positive_energy),0.01,dimensionless_log_energy,p90_stabilization_TV,0.41975308641974796,TV,diagnostic_only,False,,,
E001,19,circle_map_phase_pushforward,E001.TRAJ_E,csda_range,csda_range,electron_energy_MeV,log(electron_energy_MeV/E_ref),ln(x / dataset_min_positive_energy),0.01,dimensionless_log_energy,fraction_K_above_TV_threshold,0.8225806451612904,,diagnostic_only,False,,,
E001,19,circle_map_phase_pushforward,E001.TRAJ_E,csda_range,csda_range,electron_energy_MeV,log(electron_energy_MeV/E_ref),ln(x / dataset_min_positive_energy),0.01,dimensionless_log_energy,mean_distribution_concentration_raw,0.15553835992793025,,model_baseline_dominated,False,,,
E001,19,circle_map_phase_pushforward,E001.TRAJ_E,radiation_yield,radiation_yield,electron_energy_MeV,log(electron_energy_MeV/E_ref),ln(x / dataset_min_positive_energy),0.01,dimensionless_log_energy,mean_concentration_excess_vs_uniform,0.0002924769507361629,,unstable_pushforward,False,1.0,81.0,mean TV=0.2941; p90 TV=0.4309; fraction TV>0.1=0.839
E001,19,circle_map_phase_pushforward,E001.TRAJ_E,radiation_yield,radiation_yield,electron_energy_MeV,log(electron_energy_MeV/E_ref),ln(x / dataset_min_positive_energy),0.01,dimensionless_log_energy,mean_abs_concentration_excess_vs_uniform,0.011426771902898881,,unstable_pushforward,False,1.0,81.0,mean TV=0.2941; p90 TV=0.4309; fraction TV>0.1=0.839
E001,19,circle_map_phase_pushforward,E001.TRAJ_E,radiation_yield,radiation_yield,electron_energy_MeV,log(electron_energy_MeV/E_ref),ln(x / dataset_min_positive_energy),0.01,dimensionless_log_energy,mean_stabilization_TV,0.2941059338908766,TV,diagnostic_only,False,,,
E001,19,circle_map_phase_pushforward,E001.TRAJ_E,radiation_yield,radiation_yield,electron_energy_MeV,log(electron_energy_MeV/E_ref),ln(x / dataset_min_positive_energy),0.01,dimensionless_log_energy,p90_stabilization_TV,0.4308641975308589,TV,diagnostic_only,False,,,
E001,19,circle_map_phase_pushforward,E001.TRAJ_E,radiation_yield,radiation_yield,electron_energy_MeV,log(electron_energy_MeV/E_ref),ln(x / dataset_min_positive_energy),0.01,dimensionless_log_energy,fraction_K_above_TV_threshold,0.8387096774193549,,diagnostic_only,False,,,
E001,19,circle_map_phase_pushforward,E001.TRAJ_E,radiation_yield,radiation_yield,electron_energy_MeV,log(electron_energy_MeV/E_ref),ln(x / dataset_min_positive_energy),0.01,dimensionless_log_energy,mean_distribution_concentration_raw,0.15456007495477828,,model_baseline_dominated,False,,,
E001,19,circle_map_phase_pushforward,E001.TRAJ_E,stopping_power_components,stopping_power_components,electron_energy_MeV,log(electron_energy_MeV/E_ref),ln(x / dataset_min_positive_energy),0.01,dimensionless_log_energy,mean_concentration_excess_vs_uniform,0.0006303382558968946,,unstable_pushforward,False,2.0,81.0,mean TV=0.2958; p90 TV=0.4006; fraction TV>0.1=0.839
E001,19,circle_map_phase_pushforward,E001.TRAJ_E,stopping_power_components,stopping_power_components,electron_energy_MeV,log(electron_energy_MeV/E_ref),ln(x / dataset_min_positive_energy),0.01,dimensionless_log_energy,mean_abs_concentration_excess_vs_uniform,0.01142677190289888,,unstable_pushforward,False,2.0,81.0,mean TV=0.2958; p90 TV=0.4006; fraction TV>0.1=0.839
E001,19,circle_map_phase_pushforward,E001.TRAJ_E,stopping_power_components,stopping_power_components,electron_energy_MeV,log(electron_energy_MeV/E_ref),ln(x / dataset_min_positive_energy),0.01,dimensionless_log_energy,mean_stabilization_TV,0.2957984866586982,TV,diagnostic_only,False,,,
E001,19,circle_map_phase_pushforward,E001.TRAJ_E,stopping_power_components,stopping_power_components,electron_energy_MeV,log(electron_energy_MeV/E_ref),ln(x / dataset_min_positive_energy),0.01,dimensionless_log_energy,p90_stabilization_TV,0.4006172839506124,TV,diagnostic_only,False,,,
E001,19,circle_map_phase_pushforward,E001.TRAJ_E,stopping_power_components,stopping_power_components,electron_energy_MeV,log(electron_energy_MeV/E_ref),ln(x / dataset_min_positive_energy),0.01,dimensionless_log_energy,fraction_K_above_TV_threshold,0.8387096774193549,,diagnostic_only,False,,,
E001,19,circle_map_phase_pushforward,E001.TRAJ_E,stopping_power_components,stopping_power_components,electron_energy_MeV,log(electron_energy_MeV/E_ref),ln(x / dataset_min_positive_energy),0.01,dimensionless_log_energy,mean_distribution_concentration_raw,0.15489793625993897,,model_baseline_dominated,False,,,
PVAL_6MV,19,circle_map_phase_pushforward,PVAL_6MV.TRAJ_PDD,PDD,PDD,water_depth_cm,water_depth_cm,identity,,cm,mean_concentration_excess_vs_uniform,0.003024932057190032,,unstable_pushforward,False,1.0,70.0,mean TV=0.3184; p90 TV=0.4686; fraction TV>0.1=0.887
PVAL_6MV,19,circle_map_phase_pushforward,PVAL_6MV.TRAJ_PDD,PDD,PDD,water_depth_cm,water_depth_cm,identity,,cm,mean_abs_concentration_excess_vs_uniform,0.02020222481051917,,unstable_pushforward,False,1.0,70.0,mean TV=0.3184; p90 TV=0.4686; fraction TV>0.1=0.887
PVAL_6MV,19,circle_map_phase_pushforward,PVAL_6MV.TRAJ_PDD,PDD,PDD,water_depth_cm,water_depth_cm,identity,,cm,mean_stabilization_TV,0.3184331797234978,TV,diagnostic_only,False,,,
PVAL_6MV,19,circle_map_phase_pushforward,PVAL_6MV.TRAJ_PDD,PDD,PDD,water_depth_cm,water_depth_cm,identity,,cm,p90_stabilization_TV,0.46857142857142187,TV,diagnostic_only,False,,,
PVAL_6MV,19,circle_map_phase_pushforward,PVAL_6MV.TRAJ_PDD,PDD,PDD,water_depth_cm,water_depth_cm,identity,,cm,fraction_K_above_TV_threshold,0.8870967741935484,,diagnostic_only,False,,,
PVAL_6MV,19,circle_map_phase_pushforward,PVAL_6MV.TRAJ_PDD,PDD,PDD,water_depth_cm,water_depth_cm,identity,,cm,mean_distribution_concentration_raw,0.15772522408466585,,model_baseline_dominated,False,,,
PVAL_10MV,19,circle_map_phase_pushforward,PVAL_10MV.TRAJ_PDD,PDD,PDD,water_depth_cm,water_depth_cm,identity,,cm,mean_concentration_excess_vs_uniform,-0.0021724259746668936,,unstable_pushforward,False,1.0,71.0,mean TV=0.3319; p90 TV=0.4915; fraction TV>0.1=0.823
PVAL_10MV,19,circle_map_phase_pushforward,PVAL_10MV.TRAJ_PDD,PDD,PDD,water_depth_cm,water_depth_cm,identity,,cm,mean_abs_concentration_excess_vs_uniform,0.02240027145479791,,unstable_pushforward,False,1.0,71.0,mean TV=0.3319; p90 TV=0.4915; fraction TV>0.1=0.823
PVAL_10MV,19,circle_map_phase_pushforward,PVAL_10MV.TRAJ_PDD,PDD,PDD,water_depth_cm,water_depth_cm,identity,,cm,mean_stabilization_TV,0.3318945933666468,TV,diagnostic_only,False,,,
PVAL_10MV,19,circle_map_phase_pushforward,PVAL_10MV.TRAJ_PDD,PDD,PDD,water_depth_cm,water_depth_cm,identity,,cm,p90_stabilization_TV,0.491549295774641,TV,diagnostic_only,False,,,
PVAL_10MV,19,circle_map_phase_pushforward,PVAL_10MV.TRAJ_PDD,PDD,PDD,water_depth_cm,water_depth_cm,identity,,cm,fraction_K_above_TV_threshold,0.8225806451612904,,diagnostic_only,False,,,
PVAL_10MV,19,circle_map_phase_pushforward,PVAL_10MV.TRAJ_PDD,PDD,PDD,water_depth_cm,water_depth_cm,identity,,cm,mean_distribution_concentration_raw,0.15470314635866278,,model_baseline_dominated,False,,,
PVAL_15MV,19,circle_map_phase_pushforward,PVAL_15MV.TRAJ_PDD,PDD,PDD,water_depth_cm,water_depth_cm,identity,,cm,mean_concentration_excess_vs_uniform,0.0007224726118735092,,unstable_pushforward,False,1.0,70.0,mean TV=0.3194; p90 TV=0.4829; fraction TV>0.1=0.855
PVAL_15MV,19,circle_map_phase_pushforward,PVAL_15MV.TRAJ_PDD,PDD,PDD,water_depth_cm,water_depth_cm,identity,,cm,mean_abs_concentration_excess_vs_uniform,0.01892608159889211,,unstable_pushforward,False,1.0,70.0,mean TV=0.3194; p90 TV=0.4829; fraction TV>0.1=0.855
PVAL_15MV,19,circle_map_phase_pushforward,PVAL_15MV.TRAJ_PDD,PDD,PDD,water_depth_cm,water_depth_cm,identity,,cm,mean_stabilization_TV,0.3193548387096729,TV,diagnostic_only,False,,,
PVAL_15MV,19,circle_map_phase_pushforward,PVAL_15MV.TRAJ_PDD,PDD,PDD,water_depth_cm,water_depth_cm,identity,,cm,p90_stabilization_TV,0.48285714285713593,TV,diagnostic_only,False,,,
PVAL_15MV,19,circle_map_phase_pushforward,PVAL_15MV.TRAJ_PDD,PDD,PDD,water_depth_cm,water_depth_cm,identity,,cm,fraction_K_above_TV_threshold,0.8548387096774194,,diagnostic_only,False,,,
PVAL_15MV,19,circle_map_phase_pushforward,PVAL_15MV.TRAJ_PDD,PDD,PDD,water_depth_cm,water_depth_cm,identity,,cm,mean_distribution_concentration_raw,0.15542276463934931,,model_baseline_dominated,False,,,
PVAL_18MV,19,circle_map_phase_pushforward,PVAL_18MV.TRAJ_PDD,PDD,PDD,water_depth_cm,water_depth_cm,identity,,cm,mean_concentration_excess_vs_uniform,-0.0013615306327372856,,unstable_pushforward,False,1.0,81.0,mean TV=0.3001; p90 TV=0.4543; fraction TV>0.1=0.887
PVAL_18MV,19,circle_map_phase_pushforward,PVAL_18MV.TRAJ_PDD,PDD,PDD,water_depth_cm,water_depth_cm,identity,,cm,mean_abs_concentration_excess_vs_uniform,0.014623847536807932,,unstable_pushforward,False,1.0,81.0,mean TV=0.3001; p90 TV=0.4543; fraction TV>0.1=0.887
PVAL_18MV,19,circle_map_phase_pushforward,PVAL_18MV.TRAJ_PDD,PDD,PDD,water_depth_cm,water_depth_cm,identity,,cm,mean_stabilization_TV,0.3000796495420115,TV,diagnostic_only,False,,,
PVAL_18MV,19,circle_map_phase_pushforward,PVAL_18MV.TRAJ_PDD,PDD,PDD,water_depth_cm,water_depth_cm,identity,,cm,p90_stabilization_TV,0.45432098765431533,TV,diagnostic_only,False,,,
PVAL_18MV,19,circle_map_phase_pushforward,PVAL_18MV.TRAJ_PDD,PDD,PDD,water_depth_cm,water_depth_cm,identity,,cm,fraction_K_above_TV_threshold,0.8870967741935484,,diagnostic_only,False,,,
PVAL_18MV,19,circle_map_phase_pushforward,PVAL_18MV.TRAJ_PDD,PDD,PDD,water_depth_cm,water_depth_cm,identity,,cm,mean_distribution_concentration_raw,0.15290606737130485,,model_baseline_dominated,False,,,
NVAL_MATHEW,19,circle_map_phase_pushforward,NVAL_MATHEW.TRAJ_E,spectrometers,spectrometers,neutron_energy_MeV,log(neutron_energy_MeV/E_ref),ln(x / dataset_min_positive_energy),1.3315477442962436e-09,dimensionless_log_energy,mean_concentration_excess_vs_uniform,0.009436160116079218,,unstable_pushforward,False,2.0,46.0,mean TV=0.3834; p90 TV=0.5533; fraction TV>0.1=0.855
NVAL_MATHEW,19,circle_map_phase_pushforward,NVAL_MATHEW.TRAJ_E,spectrometers,spectrometers,neutron_energy_MeV,log(neutron_energy_MeV/E_ref),ln(x / dataset_min_positive_energy),1.3315477442962436e-09,dimensionless_log_energy,mean_abs_concentration_excess_vs_uniform,0.02064697503443679,,unstable_pushforward,False,2.0,46.0,mean TV=0.3834; p90 TV=0.5533; fraction TV>0.1=0.855
NVAL_MATHEW,19,circle_map_phase_pushforward,NVAL_MATHEW.TRAJ_E,spectrometers,spectrometers,neutron_energy_MeV,log(neutron_energy_MeV/E_ref),ln(x / dataset_min_positive_energy),1.3315477442962436e-09,dimensionless_log_energy,mean_stabilization_TV,0.3834151472650688,TV,diagnostic_only,False,,,
NVAL_MATHEW,19,circle_map_phase_pushforward,NVAL_MATHEW.TRAJ_E,spectrometers,spectrometers,neutron_energy_MeV,log(neutron_energy_MeV/E_ref),ln(x / dataset_min_positive_energy),1.3315477442962436e-09,dimensionless_log_energy,p90_stabilization_TV,0.5532608695652054,TV,diagnostic_only,False,,,
NVAL_MATHEW,19,circle_map_phase_pushforward,NVAL_MATHEW.TRAJ_E,spectrometers,spectrometers,neutron_energy_MeV,log(neutron_energy_MeV/E_ref),ln(x / dataset_min_positive_energy),1.3315477442962436e-09,dimensionless_log_energy,fraction_K_above_TV_threshold,0.8548387096774194,,diagnostic_only,False,,,
NVAL_MATHEW,19,circle_map_phase_pushforward,NVAL_MATHEW.TRAJ_E,spectrometers,spectrometers,neutron_energy_MeV,log(neutron_energy_MeV/E_ref),ln(x / dataset_min_positive_energy),1.3315477442962436e-09,dimensionless_log_energy,mean_distribution_concentration_raw,0.16599823941734201,,model_baseline_dominated,False,,,
P001,21,nearest_neighbor_distance_entropy,P001.TRAJ_E,mu_en_over_rho_cm2_g,,photon_energy_MeV,log(photon_energy_MeV/E_ref),ln(x / dataset_min_positive_energy),0.001,dimensionless_log_energy,NN_entropy_theiler_grand_median,1.508473918915378,bits,exploratory_nn_entropy,False,1.0,44.0,raw adjacency=0.955; curves=1; median points=44; median |H(2W)-H(W)|=0.04545 bits
P001,21,nearest_neighbor_distance_entropy,P001.TRAJ_E,mu_en_over_rho_cm2_g,,photon_energy_MeV,log(photon_energy_MeV/E_ref),ln(x / dataset_min_positive_energy),0.001,dimensionless_log_energy,NN_entropy_raw_grand_median,1.4373012413074897,bits,sampling_geometry_dominated,False,,,
P001,21,nearest_neighbor_distance_entropy,P001.TRAJ_E,mu_en_over_rho_cm2_g,,photon_energy_MeV,log(photon_energy_MeV/E_ref),ln(x / dataset_min_positive_energy),0.001,dimensionless_log_energy,adjacent_neighbor_fraction_raw,0.9550426748101167,,diagnostic_only,False,,,
P001,21,nearest_neighbor_distance_entropy,P001.TRAJ_E,mu_en_over_rho_cm2_g,,photon_energy_MeV,log(photon_energy_MeV/E_ref),ln(x / dataset_min_positive_energy),0.001,dimensionless_log_energy,median_theiler_window_sensitivity_bits,0.045454545454545636,bits,diagnostic_only,False,,,
P001,21,nearest_neighbor_distance_entropy,P001.TRAJ_E,mu_over_rho_cm2_g,,photon_energy_MeV,log(photon_energy_MeV/E_ref),ln(x / dataset_min_positive_energy),0.001,dimensionless_log_energy,NN_entropy_theiler_grand_median,1.508473918915378,bits,exploratory_nn_entropy,False,1.0,44.0,raw adjacency=0.9926; curves=1; median points=44; median |H(2W)-H(W)|=0.04545 bits
P001,21,nearest_neighbor_distance_entropy,P001.TRAJ_E,mu_over_rho_cm2_g,,photon_energy_MeV,log(photon_energy_MeV/E_ref),ln(x / dataset_min_positive_energy),0.001,dimensionless_log_energy,NN_entropy_raw_grand_median,1.4827557867620351,bits,sampling_geometry_dominated,False,,,
P001,21,nearest_neighbor_distance_entropy,P001.TRAJ_E,mu_over_rho_cm2_g,,photon_energy_MeV,log(photon_energy_MeV/E_ref),ln(x / dataset_min_positive_energy),0.001,dimensionless_log_energy,adjacent_neighbor_fraction_raw,0.9925925925925926,,diagnostic_only,False,,,
P001,21,nearest_neighbor_distance_entropy,P001.TRAJ_E,mu_over_rho_cm2_g,,photon_energy_MeV,log(photon_energy_MeV/E_ref),ln(x / dataset_min_positive_energy),0.001,dimensionless_log_energy,median_theiler_window_sensitivity_bits,0.045454545454545636,bits,diagnostic_only,False,,,
N004,21,nearest_neighbor_distance_entropy,N004.TRAJ_E,transmission_proxy,,neutron_energy_eV,log(neutron_energy_eV/E_ref),ln(x / dataset_min_positive_energy),0.0010002928904489,dimensionless_log_energy,NN_entropy_theiler_grand_median,3.9969301543287923,bits,theiler_excluded,True,6.0,3495.0,raw adjacency=0.02955; curves=6; median points=3495; median |H(2W)-H(W)|=0.03178 bits
N004,21,nearest_neighbor_distance_entropy,N004.TRAJ_E,transmission_proxy,,neutron_energy_eV,log(neutron_energy_eV/E_ref),ln(x / dataset_min_positive_energy),0.0010002928904489,dimensionless_log_energy,NN_entropy_raw_grand_median,3.994632638733252,bits,diagnostic_only,False,,,
N004,21,nearest_neighbor_distance_entropy,N004.TRAJ_E,transmission_proxy,,neutron_energy_eV,log(neutron_energy_eV/E_ref),ln(x / dataset_min_positive_energy),0.0010002928904489,dimensionless_log_energy,adjacent_neighbor_fraction_raw,0.02954893394066465,,diagnostic_only,False,,,
N004,21,nearest_neighbor_distance_entropy,N004.TRAJ_E,transmission_proxy,,neutron_energy_eV,log(neutron_energy_eV/E_ref),ln(x / dataset_min_positive_energy),0.0010002928904489,dimensionless_log_energy,median_theiler_window_sensitivity_bits,0.0317757976038997,bits,diagnostic_only,False,,,
E001,21,nearest_neighbor_distance_entropy,E001.TRAJ_E,collision_stopping_power_MeV_cm2_g,,electron_energy_MeV,log(electron_energy_MeV/E_ref),ln(x / dataset_min_positive_energy),0.01,dimensionless_log_energy,NN_entropy_theiler_grand_median,2.216705578712946,bits,exploratory_nn_entropy,False,1.0,76.5,raw adjacency=0.9828; curves=1; median points=76; median |H(2W)-H(W)|=0.1816 bits
E001,21,nearest_neighbor_distance_entropy,E001.TRAJ_E,collision_stopping_power_MeV_cm2_g,,electron_energy_MeV,log(electron_energy_MeV/E_ref),ln(x / dataset_min_positive_energy),0.01,dimensionless_log_energy,NN_entropy_raw_grand_median,2.634560089184733,bits,sampling_geometry_dominated,False,,,
E001,21,nearest_neighbor_distance_entropy,E001.TRAJ_E,collision_stopping_power_MeV_cm2_g,,electron_energy_MeV,log(electron_energy_MeV/E_ref),ln(x / dataset_min_positive_energy),0.01,dimensionless_log_energy,adjacent_neighbor_fraction_raw,0.9827729430379747,,diagnostic_only,False,,,
E001,21,nearest_neighbor_distance_entropy,E001.TRAJ_E,collision_stopping_power_MeV_cm2_g,,electron_energy_MeV,log(electron_energy_MeV/E_ref),ln(x / dataset_min_positive_energy),0.01,dimensionless_log_energy,median_theiler_window_sensitivity_bits,0.18163495053075818,bits,diagnostic_only,False,,,
E001,21,nearest_neighbor_distance_entropy,E001.TRAJ_E,csda_range_g_cm2,,electron_energy_MeV,log(electron_energy_MeV/E_ref),ln(x / dataset_min_positive_energy),0.01,dimensionless_log_energy,NN_entropy_theiler_grand_median,4.130983400690304,bits,exploratory_nn_entropy,False,1.0,76.5,raw adjacency=1; curves=1; median points=76; median |H(2W)-H(W)|=0.1318 bits
E001,21,nearest_neighbor_distance_entropy,E001.TRAJ_E,csda_range_g_cm2,,electron_energy_MeV,log(electron_energy_MeV/E_ref),ln(x / dataset_min_positive_energy),0.01,dimensionless_log_energy,NN_entropy_raw_grand_median,4.3017063497355785,bits,sampling_geometry_dominated,False,,,
E001,21,nearest_neighbor_distance_entropy,E001.TRAJ_E,csda_range_g_cm2,,electron_energy_MeV,log(electron_energy_MeV/E_ref),ln(x / dataset_min_positive_energy),0.01,dimensionless_log_energy,adjacent_neighbor_fraction_raw,1.0,,diagnostic_only,False,,,
E001,21,nearest_neighbor_distance_entropy,E001.TRAJ_E,csda_range_g_cm2,,electron_energy_MeV,log(electron_energy_MeV/E_ref),ln(x / dataset_min_positive_energy),0.01,dimensionless_log_energy,median_theiler_window_sensitivity_bits,0.13184393965023333,bits,diagnostic_only,False,,,
E001,21,nearest_neighbor_distance_entropy,E001.TRAJ_E,radiation_yield,,electron_energy_MeV,log(electron_energy_MeV/E_ref),ln(x / dataset_min_positive_energy),0.01,dimensionless_log_energy,NN_entropy_theiler_grand_median,3.9582798724834447,bits,exploratory_nn_entropy,False,1.0,76.5,raw adjacency=1; curves=1; median points=76; median |H(2W)-H(W)|=0.1365 bits
E001,21,nearest_neighbor_distance_entropy,E001.TRAJ_E,radiation_yield,,electron_energy_MeV,log(electron_energy_MeV/E_ref),ln(x / dataset_min_positive_energy),0.01,dimensionless_log_energy,NN_entropy_raw_grand_median,4.168201921652558,bits,sampling_geometry_dominated,False,,,
E001,21,nearest_neighbor_distance_entropy,E001.TRAJ_E,radiation_yield,,electron_energy_MeV,log(electron_energy_MeV/E_ref),ln(x / dataset_min_positive_energy),0.01,dimensionless_log_energy,adjacent_neighbor_fraction_raw,1.0,,diagnostic_only,False,,,
E001,21,nearest_neighbor_distance_entropy,E001.TRAJ_E,radiation_yield,,electron_energy_MeV,log(electron_energy_MeV/E_ref),ln(x / dataset_min_positive_energy),0.01,dimensionless_log_energy,median_theiler_window_sensitivity_bits,0.13653107870405612,bits,diagnostic_only,False,,,
E001,21,nearest_neighbor_distance_entropy,E001.TRAJ_E,radiative_stopping_power_MeV_cm2_g,,electron_energy_MeV,log(electron_energy_MeV/E_ref),ln(x / dataset_min_positive_energy),0.01,dimensionless_log_energy,NN_entropy_theiler_grand_median,2.5464635478011837,bits,exploratory_nn_entropy,False,1.0,76.5,raw adjacency=1; curves=1; median points=76; median |H(2W)-H(W)|=0.009999 bits
E001,21,nearest_neighbor_distance_entropy,E001.TRAJ_E,radiative_stopping_power_MeV_cm2_g,,electron_energy_MeV,log(electron_energy_MeV/E_ref),ln(x / dataset_min_positive_energy),0.01,dimensionless_log_energy,NN_entropy_raw_grand_median,2.568850939454669,bits,sampling_geometry_dominated,False,,,
E001,21,nearest_neighbor_distance_entropy,E001.TRAJ_E,radiative_stopping_power_MeV_cm2_g,,electron_energy_MeV,log(electron_energy_MeV/E_ref),ln(x / dataset_min_positive_energy),0.01,dimensionless_log_energy,adjacent_neighbor_fraction_raw,1.0,,diagnostic_only,False,,,
E001,21,nearest_neighbor_distance_entropy,E001.TRAJ_E,radiative_stopping_power_MeV_cm2_g,,electron_energy_MeV,log(electron_energy_MeV/E_ref),ln(x / dataset_min_positive_energy),0.01,dimensionless_log_energy,median_theiler_window_sensitivity_bits,0.009998948493568749,bits,diagnostic_only,False,,,
PN002,21,nearest_neighbor_distance_entropy,PN002.TRAJ_RXN,cross_section_barn,,incident_photon_energy_MeV,log(incident_photon_energy_MeV/E_ref),ln(x / dataset_min_positive_energy),1e-11,dimensionless_log_energy,NN_entropy_theiler_grand_median,2.904816623341175,bits,exploratory_nn_entropy,False,61.0,95.0,raw adjacency=0.943; curves=61; median points=95; median |H(2W)-H(W)|=0.1286 bits
PN002,21,nearest_neighbor_distance_entropy,PN002.TRAJ_RXN,cross_section_barn,,incident_photon_energy_MeV,log(incident_photon_energy_MeV/E_ref),ln(x / dataset_min_positive_energy),1e-11,dimensionless_log_energy,NN_entropy_raw_grand_median,2.796620310443224,bits,sampling_geometry_dominated,False,,,
PN002,21,nearest_neighbor_distance_entropy,PN002.TRAJ_RXN,cross_section_barn,,incident_photon_energy_MeV,log(incident_photon_energy_MeV/E_ref),ln(x / dataset_min_positive_energy),1e-11,dimensionless_log_energy,adjacent_neighbor_fraction_raw,0.9429985479668282,,diagnostic_only,False,,,
PN002,21,nearest_neighbor_distance_entropy,PN002.TRAJ_RXN,cross_section_barn,,incident_photon_energy_MeV,log(incident_photon_energy_MeV/E_ref),ln(x / dataset_min_positive_energy),1e-11,dimensionless_log_energy,median_theiler_window_sensitivity_bits,0.1286412126654921,bits,diagnostic_only,False,,,
PN003,21,nearest_neighbor_distance_entropy,PN003.TRAJ_EXFOR,experimental_cross_section_barn,,incident_photon_energy_MeV,log(incident_photon_energy_MeV/E_ref),ln(x / dataset_min_positive_energy),1.8,dimensionless_log_energy,NN_entropy_theiler_grand_median,4.773043983484693,bits,exploratory_nn_entropy,False,33.0,81.0,raw adjacency=0.6078; curves=33; median points=81; median |H(2W)-H(W)|=0.1938 bits
PN003,21,nearest_neighbor_distance_entropy,PN003.TRAJ_EXFOR,experimental_cross_section_barn,,incident_photon_energy_MeV,log(incident_photon_energy_MeV/E_ref),ln(x / dataset_min_positive_energy),1.8,dimensionless_log_energy,NN_entropy_raw_grand_median,4.826151803897124,bits,sampling_geometry_dominated,False,,,
PN003,21,nearest_neighbor_distance_entropy,PN003.TRAJ_EXFOR,experimental_cross_section_barn,,incident_photon_energy_MeV,log(incident_photon_energy_MeV/E_ref),ln(x / dataset_min_positive_energy),1.8,dimensionless_log_energy,adjacent_neighbor_fraction_raw,0.6078396894801673,,diagnostic_only,False,,,
PN003,21,nearest_neighbor_distance_entropy,PN003.TRAJ_EXFOR,experimental_cross_section_barn,,incident_photon_energy_MeV,log(incident_photon_energy_MeV/E_ref),ln(x / dataset_min_positive_energy),1.8,dimensionless_log_energy,median_theiler_window_sensitivity_bits,0.193789226067123,bits,diagnostic_only,False,,,
PVAL_6MV,21,nearest_neighbor_distance_entropy,PVAL_6MV.TRAJ_PDD,pdd_percent,,water_depth_cm,water_depth_cm,identity,,cm,NN_entropy_theiler_grand_median,5.404020445017689,bits,exploratory_nn_entropy,False,1.0,66.0,raw adjacency=0.9959; curves=1; median points=66; median |H(2W)-H(W)|=0.2222 bits
PVAL_6MV,21,nearest_neighbor_distance_entropy,PVAL_6MV.TRAJ_PDD,pdd_percent,,water_depth_cm,water_depth_cm,identity,,cm,NN_entropy_raw_grand_median,3.2255882902009962,bits,sampling_geometry_dominated,False,,,
PVAL_6MV,21,nearest_neighbor_distance_entropy,PVAL_6MV.TRAJ_PDD,pdd_percent,,water_depth_cm,water_depth_cm,identity,,cm,adjacent_neighbor_fraction_raw,0.9958592132505176,,diagnostic_only,False,,,
PVAL_6MV,21,nearest_neighbor_distance_entropy,PVAL_6MV.TRAJ_PDD,pdd_percent,,water_depth_cm,water_depth_cm,identity,,cm,median_theiler_window_sensitivity_bits,0.22222222222222232,bits,diagnostic_only,False,,,
PVAL_10MV,21,nearest_neighbor_distance_entropy,PVAL_10MV.TRAJ_PDD,pdd_percent,,water_depth_cm,water_depth_cm,identity,,cm,NN_entropy_theiler_grand_median,4.864158966383432,bits,exploratory_nn_entropy,False,1.0,67.0,raw adjacency=0.9939; curves=1; median points=67; median |H(2W)-H(W)|=0.6832 bits
PVAL_10MV,21,nearest_neighbor_distance_entropy,PVAL_10MV.TRAJ_PDD,pdd_percent,,water_depth_cm,water_depth_cm,identity,,cm,NN_entropy_raw_grand_median,2.9910662511041948,bits,sampling_geometry_dominated,False,,,
PVAL_10MV,21,nearest_neighbor_distance_entropy,PVAL_10MV.TRAJ_PDD,pdd_percent,,water_depth_cm,water_depth_cm,identity,,cm,adjacent_neighbor_fraction_raw,0.9938775510204082,,diagnostic_only,False,,,
PVAL_10MV,21,nearest_neighbor_distance_entropy,PVAL_10MV.TRAJ_PDD,pdd_percent,,water_depth_cm,water_depth_cm,identity,,cm,median_theiler_window_sensitivity_bits,0.6832005598629465,bits,diagnostic_only,False,,,
PVAL_15MV,21,nearest_neighbor_distance_entropy,PVAL_15MV.TRAJ_PDD,pdd_percent,,water_depth_cm,water_depth_cm,identity,,cm,NN_entropy_theiler_grand_median,4.839700558686833,bits,exploratory_nn_entropy,False,1.0,66.0,raw adjacency=0.9938; curves=1; median points=66; median |H(2W)-H(W)|=0.6667 bits
PVAL_15MV,21,nearest_neighbor_distance_entropy,PVAL_15MV.TRAJ_PDD,pdd_percent,,water_depth_cm,water_depth_cm,identity,,cm,NN_entropy_raw_grand_median,2.952138368296591,bits,sampling_geometry_dominated,False,,,
PVAL_15MV,21,nearest_neighbor_distance_entropy,PVAL_15MV.TRAJ_PDD,pdd_percent,,water_depth_cm,water_depth_cm,identity,,cm,adjacent_neighbor_fraction_raw,0.9937888198757764,,diagnostic_only,False,,,
PVAL_15MV,21,nearest_neighbor_distance_entropy,PVAL_15MV.TRAJ_PDD,pdd_percent,,water_depth_cm,water_depth_cm,identity,,cm,median_theiler_window_sensitivity_bits,0.666666666666667,bits,diagnostic_only,False,,,
PVAL_18MV,21,nearest_neighbor_distance_entropy,PVAL_18MV.TRAJ_PDD,pdd_percent,,water_depth_cm,water_depth_cm,identity,,cm,NN_entropy_theiler_grand_median,4.8794568622930266,bits,exploratory_nn_entropy,False,1.0,76.5,raw adjacency=0.9953; curves=1; median points=76; median |H(2W)-H(W)|=0.7011 bits
PVAL_18MV,21,nearest_neighbor_distance_entropy,PVAL_18MV.TRAJ_PDD,pdd_percent,,water_depth_cm,water_depth_cm,identity,,cm,NN_entropy_raw_grand_median,3.218418685476682,bits,sampling_geometry_dominated,False,,,
PVAL_18MV,21,nearest_neighbor_distance_entropy,PVAL_18MV.TRAJ_PDD,pdd_percent,,water_depth_cm,water_depth_cm,identity,,cm,adjacent_neighbor_fraction_raw,0.9953125,,diagnostic_only,False,,,
PVAL_18MV,21,nearest_neighbor_distance_entropy,PVAL_18MV.TRAJ_PDD,pdd_percent,,water_depth_cm,water_depth_cm,identity,,cm,median_theiler_window_sensitivity_bits,0.701140510195311,bits,diagnostic_only,False,,,
NVAL_MATHEW,21,nearest_neighbor_distance_entropy,NVAL_MATHEW.TRAJ_E,neutron_fluence_rate,,neutron_energy_MeV,log(neutron_energy_MeV/E_ref),ln(x / dataset_min_positive_energy),1.3315477442962436e-09,dimensionless_log_energy,NN_entropy_theiler_grand_median,3.21043960836336,bits,exploratory_nn_entropy,False,2.0,45.0,raw adjacency=0.7098; curves=2; median points=45; median |H(2W)-H(W)|=0.2763 bits
NVAL_MATHEW,21,nearest_neighbor_distance_entropy,NVAL_MATHEW.TRAJ_E,neutron_fluence_rate,,neutron_energy_MeV,log(neutron_energy_MeV/E_ref),ln(x / dataset_min_positive_energy),1.3315477442962436e-09,dimensionless_log_energy,NN_entropy_raw_grand_median,3.578638720860855,bits,sampling_geometry_dominated,False,,,
NVAL_MATHEW,21,nearest_neighbor_distance_entropy,NVAL_MATHEW.TRAJ_E,neutron_fluence_rate,,neutron_energy_MeV,log(neutron_energy_MeV/E_ref),ln(x / dataset_min_positive_energy),1.3315477442962436e-09,dimensionless_log_energy,adjacent_neighbor_fraction_raw,0.7098085918329341,,diagnostic_only,False,,,
NVAL_MATHEW,21,nearest_neighbor_distance_entropy,NVAL_MATHEW.TRAJ_E,neutron_fluence_rate,,neutron_energy_MeV,log(neutron_energy_MeV/E_ref),ln(x / dataset_min_positive_energy),1.3315477442962436e-09,dimensionless_log_energy,median_theiler_window_sensitivity_bits,0.2762776051535627,bits,diagnostic_only,False,,,
P001,25,pyragas_coordinate_transform,P001.TRAJ_E,mu_en_over_rho_cm2_g,attenuation_state,photon_energy_MeV,log(photon_energy_MeV/E_ref),ln(x / dataset_min_positive_energy),0.001,dimensionless_log_energy,median_MI_delay_coordinate,1.5405425081722872,dimensionless_log_energy,weak_or_low_support_MI_delay,False,1.0,,observable-specific; local-minimum fraction=1.000
P001,25,pyragas_coordinate_transform,P001.TRAJ_E,mu_en_over_rho_cm2_g,attenuation_state,photon_energy_MeV,log(photon_energy_MeV/E_ref),ln(x / dataset_min_positive_energy),0.001,dimensionless_log_energy,median_relative_feedback_rms,0.1837322771221237,,weak_or_low_support_MI_delay,False,1.0,,
P001,25,pyragas_coordinate_transform,P001.TRAJ_E,mu_en_over_rho_cm2_g,attenuation_state,photon_energy_MeV,log(photon_energy_MeV/E_ref),ln(x / dataset_min_positive_energy),0.001,dimensionless_log_energy,fraction_MI_delays_with_local_minimum,1.0,,diagnostic_only,False,1.0,,
P001,25,pyragas_coordinate_transform,P001.TRAJ_E,mu_en_over_rho_cm2_g,attenuation_state,photon_energy_MeV,log(photon_energy_MeV/E_ref),ln(x / dataset_min_positive_energy),0.001,dimensionless_log_energy,median_roughness_ratio,0.905600464245845,,diagnostic_only,False,1.0,,
P001,25,pyragas_coordinate_transform,P001.TRAJ_E,mu_over_rho_cm2_g,attenuation_state,photon_energy_MeV,log(photon_energy_MeV/E_ref),ln(x / dataset_min_positive_energy),0.001,dimensionless_log_energy,median_MI_delay_coordinate,1.9806975105072264,dimensionless_log_energy,weak_or_low_support_MI_delay,False,1.0,,observable-specific; local-minimum fraction=0.000
P001,25,pyragas_coordinate_transform,P001.TRAJ_E,mu_over_rho_cm2_g,attenuation_state,photon_energy_MeV,log(photon_energy_MeV/E_ref),ln(x / dataset_min_positive_energy),0.001,dimensionless_log_energy,median_relative_feedback_rms,0.1828048319768623,,weak_or_low_support_MI_delay,False,1.0,,
P001,25,pyragas_coordinate_transform,P001.TRAJ_E,mu_over_rho_cm2_g,attenuation_state,photon_energy_MeV,log(photon_energy_MeV/E_ref),ln(x / dataset_min_positive_energy),0.001,dimensionless_log_energy,fraction_MI_delays_with_local_minimum,0.0,,diagnostic_only,False,1.0,,
P001,25,pyragas_coordinate_transform,P001.TRAJ_E,mu_over_rho_cm2_g,attenuation_state,photon_energy_MeV,log(photon_energy_MeV/E_ref),ln(x / dataset_min_positive_energy),0.001,dimensionless_log_energy,median_roughness_ratio,0.9056651029465508,,diagnostic_only,False,1.0,,
N004,25,pyragas_coordinate_transform,N004.TRAJ_E,transmission_proxy,transmission_proxy_samples,neutron_energy_eV,log(neutron_energy_eV/E_ref),ln(x / dataset_min_positive_energy),0.0010002928904489,dimensionless_log_energy,median_MI_delay_coordinate,0.10261204004501145,dimensionless_log_energy,valid,True,6.0,,observable-specific; local-minimum fraction=1.000
N004,25,pyragas_coordinate_transform,N004.TRAJ_E,transmission_proxy,transmission_proxy_samples,neutron_energy_eV,log(neutron_energy_eV/E_ref),ln(x / dataset_min_positive_energy),0.0010002928904489,dimensionless_log_energy,median_relative_feedback_rms,0.015357026877903692,,valid,True,6.0,,
N004,25,pyragas_coordinate_transform,N004.TRAJ_E,transmission_proxy,transmission_proxy_samples,neutron_energy_eV,log(neutron_energy_eV/E_ref),ln(x / dataset_min_positive_energy),0.0010002928904489,dimensionless_log_energy,fraction_MI_delays_with_local_minimum,1.0,,diagnostic_only,False,6.0,,
N004,25,pyragas_coordinate_transform,N004.TRAJ_E,transmission_proxy,transmission_proxy_samples,neutron_energy_eV,log(neutron_energy_eV/E_ref),ln(x / dataset_min_positive_energy),0.0010002928904489,dimensionless_log_energy,median_roughness_ratio,0.9066600607078157,,diagnostic_only,False,6.0,,
E001,25,pyragas_coordinate_transform,E001.TRAJ_E,collision_stopping_power_MeV_cm2_g,stopping_power_components,electron_energy_MeV,log(electron_energy_MeV/E_ref),ln(x / dataset_min_positive_energy),0.01,dimensionless_log_energy,median_MI_delay_coordinate,2.302585092994046,dimensionless_log_energy,weak_or_low_support_MI_delay,False,1.0,,observable-specific; local-minimum fraction=0.000
E001,25,pyragas_coordinate_transform,E001.TRAJ_E,collision_stopping_power_MeV_cm2_g,stopping_power_components,electron_energy_MeV,log(electron_energy_MeV/E_ref),ln(x / dataset_min_positive_energy),0.01,dimensionless_log_energy,median_relative_feedback_rms,0.11753852319428715,,weak_or_low_support_MI_delay,False,1.0,,
E001,25,pyragas_coordinate_transform,E001.TRAJ_E,collision_stopping_power_MeV_cm2_g,stopping_power_components,electron_energy_MeV,log(electron_energy_MeV/E_ref),ln(x / dataset_min_positive_energy),0.01,dimensionless_log_energy,fraction_MI_delays_with_local_minimum,0.0,,diagnostic_only,False,1.0,,
E001,25,pyragas_coordinate_transform,E001.TRAJ_E,collision_stopping_power_MeV_cm2_g,stopping_power_components,electron_energy_MeV,log(electron_energy_MeV/E_ref),ln(x / dataset_min_positive_energy),0.01,dimensionless_log_energy,median_roughness_ratio,0.9170803674941137,,diagnostic_only,False,1.0,,
E001,25,pyragas_coordinate_transform,E001.TRAJ_E,csda_range_g_cm2,csda_range,electron_energy_MeV,log(electron_energy_MeV/E_ref),ln(x / dataset_min_positive_energy),0.01,dimensionless_log_energy,median_MI_delay_coordinate,2.302585092994046,dimensionless_log_energy,weak_or_low_support_MI_delay,False,1.0,,observable-specific; local-minimum fraction=0.000
E001,25,pyragas_coordinate_transform,E001.TRAJ_E,csda_range_g_cm2,csda_range,electron_energy_MeV,log(electron_energy_MeV/E_ref),ln(x / dataset_min_positive_energy),0.01,dimensionless_log_energy,median_relative_feedback_rms,0.07161417717190265,,weak_or_low_support_MI_delay,False,1.0,,
E001,25,pyragas_coordinate_transform,E001.TRAJ_E,csda_range_g_cm2,csda_range,electron_energy_MeV,log(electron_energy_MeV/E_ref),ln(x / dataset_min_positive_energy),0.01,dimensionless_log_energy,fraction_MI_delays_with_local_minimum,0.0,,diagnostic_only,False,1.0,,
E001,25,pyragas_coordinate_transform,E001.TRAJ_E,csda_range_g_cm2,csda_range,electron_energy_MeV,log(electron_energy_MeV/E_ref),ln(x / dataset_min_positive_energy),0.01,dimensionless_log_energy,median_roughness_ratio,0.94474352625791,,diagnostic_only,False,1.0,,
E001,25,pyragas_coordinate_transform,E001.TRAJ_E,radiation_yield,radiation_yield,electron_energy_MeV,log(electron_energy_MeV/E_ref),ln(x / dataset_min_positive_energy),0.01,dimensionless_log_energy,median_MI_delay_coordinate,2.302585092994046,dimensionless_log_energy,weak_or_low_support_MI_delay,False,1.0,,observable-specific; local-minimum fraction=0.000
E001,25,pyragas_coordinate_transform,E001.TRAJ_E,radiation_yield,radiation_yield,electron_energy_MeV,log(electron_energy_MeV/E_ref),ln(x / dataset_min_positive_energy),0.01,dimensionless_log_energy,median_relative_feedback_rms,0.06890194107801911,,weak_or_low_support_MI_delay,False,1.0,,
E001,25,pyragas_coordinate_transform,E001.TRAJ_E,radiation_yield,radiation_yield,electron_energy_MeV,log(electron_energy_MeV/E_ref),ln(x / dataset_min_positive_energy),0.01,dimensionless_log_energy,fraction_MI_delays_with_local_minimum,0.0,,diagnostic_only,False,1.0,,
E001,25,pyragas_coordinate_transform,E001.TRAJ_E,radiation_yield,radiation_yield,electron_energy_MeV,log(electron_energy_MeV/E_ref),ln(x / dataset_min_positive_energy),0.01,dimensionless_log_energy,median_roughness_ratio,0.9523772445292716,,diagnostic_only,False,1.0,,
E001,25,pyragas_coordinate_transform,E001.TRAJ_E,radiative_stopping_power_MeV_cm2_g,stopping_power_components,electron_energy_MeV,log(electron_energy_MeV/E_ref),ln(x / dataset_min_positive_energy),0.01,dimensionless_log_energy,median_MI_delay_coordinate,2.302585092994046,dimensionless_log_energy,weak_or_low_support_MI_delay,False,1.0,,observable-specific; local-minimum fraction=0.000
E001,25,pyragas_coordinate_transform,E001.TRAJ_E,radiative_stopping_power_MeV_cm2_g,stopping_power_components,electron_energy_MeV,log(electron_energy_MeV/E_ref),ln(x / dataset_min_positive_energy),0.01,dimensionless_log_energy,median_relative_feedback_rms,0.09106201632581234,,weak_or_low_support_MI_delay,False,1.0,,
E001,25,pyragas_coordinate_transform,E001.TRAJ_E,radiative_stopping_power_MeV_cm2_g,stopping_power_components,electron_energy_MeV,log(electron_energy_MeV/E_ref),ln(x / dataset_min_positive_energy),0.01,dimensionless_log_energy,fraction_MI_delays_with_local_minimum,0.0,,diagnostic_only,False,1.0,,
E001,25,pyragas_coordinate_transform,E001.TRAJ_E,radiative_stopping_power_MeV_cm2_g,stopping_power_components,electron_energy_MeV,log(electron_energy_MeV/E_ref),ln(x / dataset_min_positive_energy),0.01,dimensionless_log_energy,median_roughness_ratio,0.909435796653852,,diagnostic_only,False,1.0,,
PN002,25,pyragas_coordinate_transform,PN002.TRAJ_RXN,cross_section_barn,reaction_cross_sections,incident_photon_energy_MeV,log(incident_photon_energy_MeV/E_ref),ln(x / dataset_min_positive_energy),1e-11,dimensionless_log_energy,median_MI_delay_coordinate,0.23500380639452523,dimensionless_log_energy,valid,True,64.0,,observable-specific; local-minimum fraction=0.797
PN002,25,pyragas_coordinate_transform,PN002.TRAJ_RXN,cross_section_barn,reaction_cross_sections,incident_photon_energy_MeV,log(incident_photon_energy_MeV/E_ref),ln(x / dataset_min_positive_energy),1e-11,dimensionless_log_energy,median_relative_feedback_rms,0.09584461587321608,,valid,True,64.0,,
PN002,25,pyragas_coordinate_transform,PN002.TRAJ_RXN,cross_section_barn,reaction_cross_sections,incident_photon_energy_MeV,log(incident_photon_energy_MeV/E_ref),ln(x / dataset_min_positive_energy),1e-11,dimensionless_log_energy,fraction_MI_delays_with_local_minimum,0.796875,,diagnostic_only,False,64.0,,
PN002,25,pyragas_coordinate_transform,PN002.TRAJ_RXN,cross_section_barn,reaction_cross_sections,incident_photon_energy_MeV,log(incident_photon_energy_MeV/E_ref),ln(x / dataset_min_positive_energy),1e-11,dimensionless_log_energy,median_roughness_ratio,0.8978606931493622,,diagnostic_only,False,64.0,,
PN003,25,pyragas_coordinate_transform,PN003.TRAJ_EXFOR,experimental_cross_section_barn,experimental_reaction_cross_sections,incident_photon_energy_MeV,log(incident_photon_energy_MeV/E_ref),ln(x / dataset_min_positive_energy),1.8,dimensionless_log_energy,median_MI_delay_coordinate,0.06009713220776369,dimensionless_log_energy,valid,True,41.0,,observable-specific; local-minimum fraction=0.854
PN003,25,pyragas_coordinate_transform,PN003.TRAJ_EXFOR,experimental_cross_section_barn,experimental_reaction_cross_sections,incident_photon_energy_MeV,log(incident_photon_energy_MeV/E_ref),ln(x / dataset_min_positive_energy),1.8,dimensionless_log_energy,median_relative_feedback_rms,0.029542753819626653,,valid,True,41.0,,
PN003,25,pyragas_coordinate_transform,PN003.TRAJ_EXFOR,experimental_cross_section_barn,experimental_reaction_cross_sections,incident_photon_energy_MeV,log(incident_photon_energy_MeV/E_ref),ln(x / dataset_min_positive_energy),1.8,dimensionless_log_energy,fraction_MI_delays_with_local_minimum,0.8536585365853658,,diagnostic_only,False,41.0,,
PN003,25,pyragas_coordinate_transform,PN003.TRAJ_EXFOR,experimental_cross_section_barn,experimental_reaction_cross_sections,incident_photon_energy_MeV,log(incident_photon_energy_MeV/E_ref),ln(x / dataset_min_positive_energy),1.8,dimensionless_log_energy,median_roughness_ratio,0.9253678513683473,,diagnostic_only,False,41.0,,
PVAL_6MV,25,pyragas_coordinate_transform,PVAL_6MV.TRAJ_PDD,pdd_percent,PDD,water_depth_cm,water_depth_cm,identity,,cm,median_MI_delay_coordinate,1.0,cm,weak_or_low_support_MI_delay,False,1.0,,observable-specific; local-minimum fraction=1.000
PVAL_6MV,25,pyragas_coordinate_transform,PVAL_6MV.TRAJ_PDD,pdd_percent,PDD,water_depth_cm,water_depth_cm,identity,,cm,median_relative_feedback_rms,0.008082158910991614,,weak_or_low_support_MI_delay,False,1.0,,
PVAL_6MV,25,pyragas_coordinate_transform,PVAL_6MV.TRAJ_PDD,pdd_percent,PDD,water_depth_cm,water_depth_cm,identity,,cm,fraction_MI_delays_with_local_minimum,1.0,,diagnostic_only,False,1.0,,
PVAL_6MV,25,pyragas_coordinate_transform,PVAL_6MV.TRAJ_PDD,pdd_percent,PDD,water_depth_cm,water_depth_cm,identity,,cm,median_roughness_ratio,0.9165534314362459,,diagnostic_only,False,1.0,,
PVAL_10MV,25,pyragas_coordinate_transform,PVAL_10MV.TRAJ_PDD,pdd_percent,PDD,water_depth_cm,water_depth_cm,identity,,cm,median_MI_delay_coordinate,0.9857142857142858,cm,weak_or_low_support_MI_delay,False,1.0,,observable-specific; local-minimum fraction=1.000
PVAL_10MV,25,pyragas_coordinate_transform,PVAL_10MV.TRAJ_PDD,pdd_percent,PDD,water_depth_cm,water_depth_cm,identity,,cm,median_relative_feedback_rms,0.008700803632774269,,weak_or_low_support_MI_delay,False,1.0,,
PVAL_10MV,25,pyragas_coordinate_transform,PVAL_10MV.TRAJ_PDD,pdd_percent,PDD,water_depth_cm,water_depth_cm,identity,,cm,fraction_MI_delays_with_local_minimum,1.0,,diagnostic_only,False,1.0,,
PVAL_10MV,25,pyragas_coordinate_transform,PVAL_10MV.TRAJ_PDD,pdd_percent,PDD,water_depth_cm,water_depth_cm,identity,,cm,median_roughness_ratio,0.9232260476800584,,diagnostic_only,False,1.0,,
PVAL_15MV,25,pyragas_coordinate_transform,PVAL_15MV.TRAJ_PDD,pdd_percent,PDD,water_depth_cm,water_depth_cm,identity,,cm,median_MI_delay_coordinate,1.0,cm,weak_or_low_support_MI_delay,False,1.0,,observable-specific; local-minimum fraction=1.000
PVAL_15MV,25,pyragas_coordinate_transform,PVAL_15MV.TRAJ_PDD,pdd_percent,PDD,water_depth_cm,water_depth_cm,identity,,cm,median_relative_feedback_rms,0.00862014265001778,,weak_or_low_support_MI_delay,False,1.0,,
PVAL_15MV,25,pyragas_coordinate_transform,PVAL_15MV.TRAJ_PDD,pdd_percent,PDD,water_depth_cm,water_depth_cm,identity,,cm,fraction_MI_delays_with_local_minimum,1.0,,diagnostic_only,False,1.0,,
PVAL_15MV,25,pyragas_coordinate_transform,PVAL_15MV.TRAJ_PDD,pdd_percent,PDD,water_depth_cm,water_depth_cm,identity,,cm,median_roughness_ratio,0.923550284424416,,diagnostic_only,False,1.0,,
PVAL_16MV,25,pyragas_coordinate_transform,PVAL_16MV.TRAJ_PDD,pdd_percent,PDD,water_depth_cm,water_depth_cm,identity,,cm,median_MI_delay_coordinate,4.0,cm,weak_or_low_support_MI_delay,False,1.0,,observable-specific; local-minimum fraction=1.000
PVAL_16MV,25,pyragas_coordinate_transform,PVAL_16MV.TRAJ_PDD,pdd_percent,PDD,water_depth_cm,water_depth_cm,identity,,cm,median_relative_feedback_rms,0.025268948781714193,,weak_or_low_support_MI_delay,False,1.0,,
PVAL_16MV,25,pyragas_coordinate_transform,PVAL_16MV.TRAJ_PDD,pdd_percent,PDD,water_depth_cm,water_depth_cm,identity,,cm,fraction_MI_delays_with_local_minimum,1.0,,diagnostic_only,False,1.0,,
PVAL_16MV,25,pyragas_coordinate_transform,PVAL_16MV.TRAJ_PDD,pdd_percent,PDD,water_depth_cm,water_depth_cm,identity,,cm,median_roughness_ratio,0.9034771818967394,,diagnostic_only,False,1.0,,
PVAL_18MV,25,pyragas_coordinate_transform,PVAL_18MV.TRAJ_PDD,pdd_percent,PDD,water_depth_cm,water_depth_cm,identity,,cm,median_MI_delay_coordinate,1.0,cm,weak_or_low_support_MI_delay,False,1.0,,observable-specific; local-minimum fraction=1.000
PVAL_18MV,25,pyragas_coordinate_transform,PVAL_18MV.TRAJ_PDD,pdd_percent,PDD,water_depth_cm,water_depth_cm,identity,,cm,median_relative_feedback_rms,0.008688978465444126,,weak_or_low_support_MI_delay,False,1.0,,
PVAL_18MV,25,pyragas_coordinate_transform,PVAL_18MV.TRAJ_PDD,pdd_percent,PDD,water_depth_cm,water_depth_cm,identity,,cm,fraction_MI_delays_with_local_minimum,1.0,,diagnostic_only,False,1.0,,
PVAL_18MV,25,pyragas_coordinate_transform,PVAL_18MV.TRAJ_PDD,pdd_percent,PDD,water_depth_cm,water_depth_cm,identity,,cm,median_roughness_ratio,0.9359098950499356,,diagnostic_only,False,1.0,,
NVAL_MATHEW,25,pyragas_coordinate_transform,NVAL_MATHEW.TRAJ_E,neutron_fluence_rate,spectrometers,neutron_energy_MeV,log(neutron_energy_MeV/E_ref),ln(x / dataset_min_positive_energy),1.3315477442962436e-09,dimensionless_log_energy,median_MI_delay_coordinate,2.9216769671430396,dimensionless_log_energy,weak_or_low_support_MI_delay,False,2.0,,observable-specific; local-minimum fraction=1.000
NVAL_MATHEW,25,pyragas_coordinate_transform,NVAL_MATHEW.TRAJ_E,neutron_fluence_rate,spectrometers,neutron_energy_MeV,log(neutron_energy_MeV/E_ref),ln(x / dataset_min_positive_energy),1.3315477442962436e-09,dimensionless_log_energy,median_relative_feedback_rms,0.10456504133102132,,weak_or_low_support_MI_delay,False,2.0,,
NVAL_MATHEW,25,pyragas_coordinate_transform,NVAL_MATHEW.TRAJ_E,neutron_fluence_rate,spectrometers,neutron_energy_MeV,log(neutron_energy_MeV/E_ref),ln(x / dataset_min_positive_energy),1.3315477442962436e-09,dimensionless_log_energy,fraction_MI_delays_with_local_minimum,1.0,,diagnostic_only,False,2.0,,
NVAL_MATHEW,25,pyragas_coordinate_transform,NVAL_MATHEW.TRAJ_E,neutron_fluence_rate,spectrometers,neutron_energy_MeV,log(neutron_energy_MeV/E_ref),ln(x / dataset_min_positive_energy),1.3315477442962436e-09,dimensionless_log_energy,median_roughness_ratio,0.8826977035024968,,diagnostic_only,False,2.0,,
N004,28,kakutani_fixed_point,N004.TRAJ_E,transmission_proxy_samples,transmission_proxy_samples,neutron_energy_eV,log(neutron_energy_eV/E_ref),ln(x / dataset_min_positive_energy),0.0010002928904489,dimensionless_log_energy,affine_one_step_R2_heldout,0.4298948059372596,,large_generalization_gap,False,6.0,3500.0,train R2=0.9727; heldout R2=0.4299; gap=0.5428; channels=6; heldout states=1050
N004,28,kakutani_fixed_point,N004.TRAJ_E,transmission_proxy_samples,transmission_proxy_samples,neutron_energy_eV,log(neutron_energy_eV/E_ref),ln(x / dataset_min_positive_energy),0.0010002928904489,dimensionless_log_energy,affine_one_step_R2_train,0.9727114647880123,,diagnostic_only,False,,,
N004,28,kakutani_fixed_point,N004.TRAJ_E,transmission_proxy_samples,transmission_proxy_samples,neutron_energy_eV,log(neutron_energy_eV/E_ref),ln(x / dataset_min_positive_energy),0.0010002928904489,dimensionless_log_energy,affine_R2_generalization_gap,0.5428166588507527,,diagnostic_only,False,,,
N004,28,kakutani_fixed_point,N004.TRAJ_E,transmission_proxy_samples,transmission_proxy_samples,neutron_energy_eV,log(neutron_energy_eV/E_ref),ln(x / dataset_min_positive_energy),0.0010002928904489,dimensionless_log_energy,epsilon_median_train_residual,0.11001740279466082,PCA_distance,large_generalization_gap,False,,,train R2=0.9727; heldout R2=0.4299; gap=0.5428; channels=6; heldout states=1050
N004,28,kakutani_fixed_point,N004.TRAJ_E,transmission_proxy_samples,transmission_proxy_samples,neutron_energy_eV,log(neutron_energy_eV/E_ref),ln(x / dataset_min_positive_energy),0.0010002928904489,dimensionless_log_energy,PCA_first_two_train_explained_fraction,0.9651132571794238,,large_generalization_gap,False,,,train R2=0.9727; heldout R2=0.4299; gap=0.5428; channels=6; heldout states=1050
N004,28,kakutani_fixed_point,N004.TRAJ_E,transmission_proxy_samples,transmission_proxy_samples,neutron_energy_eV,log(neutron_energy_eV/E_ref),ln(x / dataset_min_positive_energy),0.0010002928904489,dimensionless_log_energy,fixed_inclusion_residual,1.1557733925781708e-11,PCA_distance,theorem_diagnostic,False,,,optimizer/theorem diagnostic; excluded from predictive feature pool
N003,13,circle_map_fixed_point,N003.TRAJ_E,removal_samples,removal_samples,neutron_energy_eV,log(neutron_energy_eV/E_ref),ln(x / dataset_min_positive_energy),0.0010012874348871,dimensionless_log_energy,mean_abs_locking_excess_vs_uniform,0.0018745695592286497,,valid,True,9.0,3500.0,N003 uses the cross-dataset estimator
N003,13,circle_map_fixed_point,N003.TRAJ_E,removal_samples,removal_samples,neutron_energy_eV,log(neutron_energy_eV/E_ref),ln(x / dataset_min_positive_energy),0.0010012874348871,dimensionless_log_energy,max_abs_locking_excess_vs_uniform,0.16416666666666663,,scan_grid_dependent,False,9.0,,
N003,13,circle_map_fixed_point,N003.TRAJ_E,removal_samples,removal_samples,neutron_energy_eV,log(neutron_energy_eV/E_ref),ln(x / dataset_min_positive_energy),0.0010012874348871,dimensionless_log_energy,mean_phase_resultant,0.7229633719619074,,valid,True,9.0,3500.0,
N003,13,circle_map_fixed_point,N003.TRAJ_E,removal_samples,removal_samples,neutron_energy_eV,log(neutron_energy_eV/E_ref),ln(x / dataset_min_positive_energy),0.0010012874348871,dimensionless_log_energy,mean_fixed_point_locking_raw,0.05248235192837466,,model_baseline_dominated,False,,,
N003,13,circle_map_fixed_point,N003.TRAJ_E,transmission_samples,transmission_samples,neutron_energy_eV,log(neutron_energy_eV/E_ref),ln(x / dataset_min_positive_energy),0.0010012874348871,dimensionless_log_energy,mean_abs_locking_excess_vs_uniform,0.0018414256198347105,,valid,True,9.0,3500.0,N003 uses the cross-dataset estimator
N003,13,circle_map_fixed_point,N003.TRAJ_E,transmission_samples,transmission_samples,neutron_energy_eV,log(neutron_energy_eV/E_ref),ln(x / dataset_min_positive_energy),0.0010012874348871,dimensionless_log_energy,max_abs_locking_excess_vs_uniform,0.16250000000000003,,scan_grid_dependent,False,9.0,,
N003,13,circle_map_fixed_point,N003.TRAJ_E,transmission_samples,transmission_samples,neutron_energy_eV,log(neutron_energy_eV/E_ref),ln(x / dataset_min_positive_energy),0.0010012874348871,dimensionless_log_energy,mean_phase_resultant,0.7221520671976657,,valid,True,9.0,3500.0,
N003,13,circle_map_fixed_point,N003.TRAJ_E,transmission_samples,transmission_samples,neutron_energy_eV,log(neutron_energy_eV/E_ref),ln(x / dataset_min_positive_energy),0.0010012874348871,dimensionless_log_energy,mean_fixed_point_locking_raw,0.05244404269972452,,model_baseline_dominated,False,,,
N003,17,circle_map_rotation,N003.TRAJ_E,removal_samples,removal_samples,neutron_energy_eV,log(neutron_energy_eV/E_ref),ln(x / dataset_min_positive_energy),0.0010012874348871,dimensionless_log_energy,mean_unwrapped_rotation,0.5025865075436603,cycles_per_iterate,model_baseline_dominated,False,9.0,,unwrapped estimator is valid; global Ω/K summary is excluded from model use without a baseline reference
N003,17,circle_map_rotation,N003.TRAJ_E,removal_samples,removal_samples,neutron_energy_eV,log(neutron_energy_eV/E_ref),ln(x / dataset_min_positive_energy),0.0010012874348871,dimensionless_log_energy,mean_cross_curve_unwrapped_rotation_std,0.024238503737320328,cycles_per_iterate,model_baseline_dominated,False,9.0,,unwrapped estimator is valid; global Ω/K summary is excluded from model use without a baseline reference
N003,17,circle_map_rotation,N003.TRAJ_E,removal_samples,removal_samples,neutron_energy_eV,log(neutron_energy_eV/E_ref),ln(x / dataset_min_positive_energy),0.0010012874348871,dimensionless_log_energy,fraction_near_low_order_rational_unwrapped,0.7026627218934911,,model_baseline_dominated,False,9.0,,unwrapped estimator is valid; global Ω/K summary is excluded from model use without a baseline reference
N003,17,circle_map_rotation,N003.TRAJ_E,removal_samples,removal_samples,neutron_energy_eV,log(neutron_energy_eV/E_ref),ln(x / dataset_min_positive_energy),0.0010012874348871,dimensionless_log_energy,mean_abs_unwrapped_rotation_excess_vs_uniform,0.012679546905392091,cycles_per_iterate,valid,True,9.0,,uniform-initial-phase baseline contrast
N003,17,circle_map_rotation,N003.TRAJ_E,removal_samples,removal_samples,neutron_energy_eV,log(neutron_energy_eV/E_ref),ln(x / dataset_min_positive_energy),0.0010012874348871,dimensionless_log_energy,mean_abs_cross_curve_rotation_std_excess_vs_uniform,0.010338112500686994,cycles_per_iterate,valid,True,9.0,,uniform-initial-phase baseline contrast
N003,17,circle_map_rotation,N003.TRAJ_E,removal_samples,removal_samples,neutron_energy_eV,log(neutron_energy_eV/E_ref),ln(x / dataset_min_positive_energy),0.0010012874348871,dimensionless_log_energy,fraction_near_low_order_rational_excess_vs_uniform,-0.005547337278106523,,valid,True,9.0,,raw fraction=0.702663; uniform baseline=0.70821
N003,17,circle_map_rotation,N003.TRAJ_E,removal_samples,removal_samples,neutron_energy_eV,log(neutron_energy_eV/E_ref),ln(x / dataset_min_positive_energy),0.0010012874348871,dimensionless_log_energy,mean_rotation_mod1,0.4704119513306425,,diagnostic_only,False,,,
N003,17,circle_map_rotation,N003.TRAJ_E,transmission_samples,transmission_samples,neutron_energy_eV,log(neutron_energy_eV/E_ref),ln(x / dataset_min_positive_energy),0.0010012874348871,dimensionless_log_energy,mean_unwrapped_rotation,0.5027464702484122,cycles_per_iterate,model_baseline_dominated,False,9.0,,unwrapped estimator is valid; global Ω/K summary is excluded from model use without a baseline reference
N003,17,circle_map_rotation,N003.TRAJ_E,transmission_samples,transmission_samples,neutron_energy_eV,log(neutron_energy_eV/E_ref),ln(x / dataset_min_positive_energy),0.0010012874348871,dimensionless_log_energy,mean_cross_curve_unwrapped_rotation_std,0.022837887230162078,cycles_per_iterate,model_baseline_dominated,False,9.0,,unwrapped estimator is valid; global Ω/K summary is excluded from model use without a baseline reference
N003,17,circle_map_rotation,N003.TRAJ_E,transmission_samples,transmission_samples,neutron_energy_eV,log(neutron_energy_eV/E_ref),ln(x / dataset_min_positive_energy),0.0010012874348871,dimensionless_log_energy,fraction_near_low_order_rational_unwrapped,0.7119082840236687,,model_baseline_dominated,False,9.0,,unwrapped estimator is valid; global Ω/K summary is excluded from model use without a baseline reference
N003,17,circle_map_rotation,N003.TRAJ_E,transmission_samples,transmission_samples,neutron_energy_eV,log(neutron_energy_eV/E_ref),ln(x / dataset_min_positive_energy),0.0010012874348871,dimensionless_log_energy,mean_abs_unwrapped_rotation_excess_vs_uniform,0.0125167897868288,cycles_per_iterate,valid,True,9.0,,uniform-initial-phase baseline contrast
N003,17,circle_map_rotation,N003.TRAJ_E,transmission_samples,transmission_samples,neutron_energy_eV,log(neutron_energy_eV/E_ref),ln(x / dataset_min_positive_energy),0.0010012874348871,dimensionless_log_energy,mean_abs_cross_curve_rotation_std_excess_vs_uniform,0.010538108582690166,cycles_per_iterate,valid,True,9.0,,uniform-initial-phase baseline contrast
N003,17,circle_map_rotation,N003.TRAJ_E,transmission_samples,transmission_samples,neutron_energy_eV,log(neutron_energy_eV/E_ref),ln(x / dataset_min_positive_energy),0.0010012874348871,dimensionless_log_energy,fraction_near_low_order_rational_excess_vs_uniform,0.0036982248520710526,,valid,True,9.0,,raw fraction=0.711908; uniform baseline=0.70821
N003,17,circle_map_rotation,N003.TRAJ_E,transmission_samples,transmission_samples,neutron_energy_eV,log(neutron_energy_eV/E_ref),ln(x / dataset_min_positive_energy),0.0010012874348871,dimensionless_log_energy,mean_rotation_mod1,0.4687228016093589,,diagnostic_only,False,,,
N003,19,circle_map_phase_pushforward,N003.TRAJ_E,removal_samples,removal_samples,neutron_energy_eV,log(neutron_energy_eV/E_ref),ln(x / dataset_min_positive_energy),0.0010012874348871,dimensionless_log_energy,mean_concentration_excess_vs_uniform,0.0024985269940467044,,unstable_pushforward,False,9.0,3500.0,N003 cross-dataset; mean TV=0.1198; p90 TV=0.2943; bad fraction=0.355
N003,19,circle_map_phase_pushforward,N003.TRAJ_E,removal_samples,removal_samples,neutron_energy_eV,log(neutron_energy_eV/E_ref),ln(x / dataset_min_positive_energy),0.0010012874348871,dimensionless_log_energy,mean_abs_concentration_excess_vs_uniform,0.006037713547570173,,unstable_pushforward,False,9.0,3500.0,N003 cross-dataset; mean TV=0.1198; p90 TV=0.2943; bad fraction=0.355
N003,19,circle_map_phase_pushforward,N003.TRAJ_E,removal_samples,removal_samples,neutron_energy_eV,log(neutron_energy_eV/E_ref),ln(x / dataset_min_positive_energy),0.0010012874348871,dimensionless_log_energy,mean_stabilization_TV,0.119826762246117,TV,diagnostic_only,False,,,
N003,19,circle_map_phase_pushforward,N003.TRAJ_E,removal_samples,removal_samples,neutron_energy_eV,log(neutron_energy_eV/E_ref),ln(x / dataset_min_positive_energy),0.0010012874348871,dimensionless_log_energy,p90_stabilization_TV,0.29433333333333306,TV,diagnostic_only,False,,,
N003,19,circle_map_phase_pushforward,N003.TRAJ_E,removal_samples,removal_samples,neutron_energy_eV,log(neutron_energy_eV/E_ref),ln(x / dataset_min_positive_energy),0.0010012874348871,dimensionless_log_energy,fraction_K_above_TV_threshold,0.3548387096774194,,diagnostic_only,False,,,
N003,19,circle_map_phase_pushforward,N003.TRAJ_E,transmission_samples,transmission_samples,neutron_energy_eV,log(neutron_energy_eV/E_ref),ln(x / dataset_min_positive_energy),0.0010012874348871,dimensionless_log_energy,mean_concentration_excess_vs_uniform,0.002890152559507392,,unstable_pushforward,False,9.0,3500.0,N003 cross-dataset; mean TV=0.1185; p90 TV=0.2935; bad fraction=0.274
N003,19,circle_map_phase_pushforward,N003.TRAJ_E,transmission_samples,transmission_samples,neutron_energy_eV,log(neutron_energy_eV/E_ref),ln(x / dataset_min_positive_energy),0.0010012874348871,dimensionless_log_energy,mean_abs_concentration_excess_vs_uniform,0.006252670301953442,,unstable_pushforward,False,9.0,3500.0,N003 cross-dataset; mean TV=0.1185; p90 TV=0.2935; bad fraction=0.274
N003,19,circle_map_phase_pushforward,N003.TRAJ_E,transmission_samples,transmission_samples,neutron_energy_eV,log(neutron_energy_eV/E_ref),ln(x / dataset_min_positive_energy),0.0010012874348871,dimensionless_log_energy,mean_stabilization_TV,0.11849761051373947,TV,diagnostic_only,False,,,
N003,19,circle_map_phase_pushforward,N003.TRAJ_E,transmission_samples,transmission_samples,neutron_energy_eV,log(neutron_energy_eV/E_ref),ln(x / dataset_min_positive_energy),0.0010012874348871,dimensionless_log_energy,p90_stabilization_TV,0.29353703703703676,TV,diagnostic_only,False,,,
N003,19,circle_map_phase_pushforward,N003.TRAJ_E,transmission_samples,transmission_samples,neutron_energy_eV,log(neutron_energy_eV/E_ref),ln(x / dataset_min_positive_energy),0.0010012874348871,dimensionless_log_energy,fraction_K_above_TV_threshold,0.27419354838709675,,diagnostic_only,False,,,
N003,21,nearest_neighbor_distance_entropy,N003.TRAJ_E,Sigma_R_cm_inv,,neutron_energy_eV,log(neutron_energy_eV/E_ref),ln(x / dataset_min_positive_energy),0.0010012874348871,dimensionless_log_energy,NN_entropy_theiler_grand_median,3.673522206591356,bits,theiler_excluded,True,9.0,3495.0,N003 cross-dataset; raw adjacency=0.02445; curves=9; median points=3495; sensitivity=0.02393
N003,21,nearest_neighbor_distance_entropy,N003.TRAJ_E,Sigma_R_cm_inv,,neutron_energy_eV,log(neutron_energy_eV/E_ref),ln(x / dataset_min_positive_energy),0.0010012874348871,dimensionless_log_energy,NN_entropy_raw_grand_median,3.6546785773456154,bits,diagnostic_only,False,,,
N003,21,nearest_neighbor_distance_entropy,N003.TRAJ_E,Sigma_R_cm_inv,,neutron_energy_eV,log(neutron_energy_eV/E_ref),ln(x / dataset_min_positive_energy),0.0010012874348871,dimensionless_log_energy,adjacent_neighbor_fraction_raw,0.024448122815683333,,diagnostic_only,False,,,
N003,21,nearest_neighbor_distance_entropy,N003.TRAJ_E,Sigma_R_cm_inv,,neutron_energy_eV,log(neutron_energy_eV/E_ref),ln(x / dataset_min_positive_energy),0.0010012874348871,dimensionless_log_energy,median_theiler_window_sensitivity_bits,0.023930752415362466,bits,diagnostic_only,False,,,
N003,21,nearest_neighbor_distance_entropy,N003.TRAJ_E,transmission,,neutron_energy_eV,log(neutron_energy_eV/E_ref),ln(x / dataset_min_positive_energy),0.0010012874348871,dimensionless_log_energy,NN_entropy_theiler_grand_median,4.352632553423602,bits,theiler_excluded,True,9.0,3495.0,N003 cross-dataset; raw adjacency=0.02435; curves=9; median points=3495; sensitivity=0.0295
N003,21,nearest_neighbor_distance_entropy,N003.TRAJ_E,transmission,,neutron_energy_eV,log(neutron_energy_eV/E_ref),ln(x / dataset_min_positive_energy),0.0010012874348871,dimensionless_log_energy,NN_entropy_raw_grand_median,4.321583414258619,bits,diagnostic_only,False,,,
N003,21,nearest_neighbor_distance_entropy,N003.TRAJ_E,transmission,,neutron_energy_eV,log(neutron_energy_eV/E_ref),ln(x / dataset_min_positive_energy),0.0010012874348871,dimensionless_log_energy,adjacent_neighbor_fraction_raw,0.024345647254123904,,diagnostic_only,False,,,
N003,21,nearest_neighbor_distance_entropy,N003.TRAJ_E,transmission,,neutron_energy_eV,log(neutron_energy_eV/E_ref),ln(x / dataset_min_positive_energy),0.0010012874348871,dimensionless_log_energy,median_theiler_window_sensitivity_bits,0.029502943862022235,bits,diagnostic_only,False,,,
N003,25,pyragas_coordinate_transform,N003.TRAJ_E,Sigma_R_cm_inv,removal_samples,neutron_energy_eV,log(neutron_energy_eV/E_ref),ln(x / dataset_min_positive_energy),0.0010012874348871,dimensionless_log_energy,median_MI_delay_coordinate,0.1026014355868794,dimensionless_log_energy,valid,True,9.0,,N003 cross-dataset; local-minimum fraction=1.000
N003,25,pyragas_coordinate_transform,N003.TRAJ_E,Sigma_R_cm_inv,removal_samples,neutron_energy_eV,log(neutron_energy_eV/E_ref),ln(x / dataset_min_positive_energy),0.0010012874348871,dimensionless_log_energy,median_relative_feedback_rms,0.02160169779598556,,valid,True,9.0,,
N003,25,pyragas_coordinate_transform,N003.TRAJ_E,Sigma_R_cm_inv,removal_samples,neutron_energy_eV,log(neutron_energy_eV/E_ref),ln(x / dataset_min_positive_energy),0.0010012874348871,dimensionless_log_energy,fraction_MI_delays_with_local_minimum,1.0,,diagnostic_only,False,9.0,,
N003,25,pyragas_coordinate_transform,N003.TRAJ_E,Sigma_R_cm_inv,removal_samples,neutron_energy_eV,log(neutron_energy_eV/E_ref),ln(x / dataset_min_positive_energy),0.0010012874348871,dimensionless_log_energy,median_roughness_ratio,0.9044838231909791,,diagnostic_only,False,9.0,,
N003,25,pyragas_coordinate_transform,N003.TRAJ_E,transmission,transmission_samples,neutron_energy_eV,log(neutron_energy_eV/E_ref),ln(x / dataset_min_positive_energy),0.0010012874348871,dimensionless_log_energy,median_MI_delay_coordinate,0.1026014355868794,dimensionless_log_energy,valid,True,9.0,,N003 cross-dataset; local-minimum fraction=1.000
N003,25,pyragas_coordinate_transform,N003.TRAJ_E,transmission,transmission_samples,neutron_energy_eV,log(neutron_energy_eV/E_ref),ln(x / dataset_min_positive_energy),0.0010012874348871,dimensionless_log_energy,median_relative_feedback_rms,0.007557149959615951,,valid,True,9.0,,
N003,25,pyragas_coordinate_transform,N003.TRAJ_E,transmission,transmission_samples,neutron_energy_eV,log(neutron_energy_eV/E_ref),ln(x / dataset_min_positive_energy),0.0010012874348871,dimensionless_log_energy,fraction_MI_delays_with_local_minimum,1.0,,diagnostic_only,False,9.0,,
N003,25,pyragas_coordinate_transform,N003.TRAJ_E,transmission,transmission_samples,neutron_energy_eV,log(neutron_energy_eV/E_ref),ln(x / dataset_min_positive_energy),0.0010012874348871,dimensionless_log_energy,median_roughness_ratio,0.9036589765908373,,diagnostic_only,False,9.0,,
N003,28,kakutani_fixed_point,N003.TRAJ_E,removal_samples,removal_samples,neutron_energy_eV,log(neutron_energy_eV/E_ref),ln(x / dataset_min_positive_energy),0.0010012874348871,dimensionless_log_energy,affine_one_step_R2_heldout,0.38051641290350735,,large_generalization_gap,False,9.0,3500.0,N003 cross-dataset; train R2=0.9244; heldout R2=0.3805; gap=0.5439
N003,28,kakutani_fixed_point,N003.TRAJ_E,removal_samples,removal_samples,neutron_energy_eV,log(neutron_energy_eV/E_ref),ln(x / dataset_min_positive_energy),0.0010012874348871,dimensionless_log_energy,affine_one_step_R2_train,0.9243947050142274,,diagnostic_only,False,,,
N003,28,kakutani_fixed_point,N003.TRAJ_E,removal_samples,removal_samples,neutron_energy_eV,log(neutron_energy_eV/E_ref),ln(x / dataset_min_positive_energy),0.0010012874348871,dimensionless_log_energy,affine_R2_generalization_gap,0.54387829211072,,diagnostic_only,False,,,
N003,28,kakutani_fixed_point,N003.TRAJ_E,removal_samples,removal_samples,neutron_energy_eV,log(neutron_energy_eV/E_ref),ln(x / dataset_min_positive_energy),0.0010012874348871,dimensionless_log_energy,epsilon_median_train_residual,0.1704293159384987,PCA_distance,large_generalization_gap,False,,,N003 cross-dataset; train R2=0.9244; heldout R2=0.3805; gap=0.5439
N003,28,kakutani_fixed_point,N003.TRAJ_E,removal_samples,removal_samples,neutron_energy_eV,log(neutron_energy_eV/E_ref),ln(x / dataset_min_positive_energy),0.0010012874348871,dimensionless_log_energy,PCA_first_two_train_explained_fraction,0.9623822679516305,,large_generalization_gap,False,,,N003 cross-dataset; train R2=0.9244; heldout R2=0.3805; gap=0.5439
N003,28,kakutani_fixed_point,N003.TRAJ_E,transmission_samples,transmission_samples,neutron_energy_eV,log(neutron_energy_eV/E_ref),ln(x / dataset_min_positive_energy),0.0010012874348871,dimensionless_log_energy,affine_one_step_R2_heldout,0.2502067688092754,,large_generalization_gap,False,9.0,3500.0,N003 cross-dataset; train R2=0.9314; heldout R2=0.2502; gap=0.6812
N003,28,kakutani_fixed_point,N003.TRAJ_E,transmission_samples,transmission_samples,neutron_energy_eV,log(neutron_energy_eV/E_ref),ln(x / dataset_min_positive_energy),0.0010012874348871,dimensionless_log_energy,affine_one_step_R2_train,0.9314092473251987,,diagnostic_only,False,,,
N003,28,kakutani_fixed_point,N003.TRAJ_E,transmission_samples,transmission_samples,neutron_energy_eV,log(neutron_energy_eV/E_ref),ln(x / dataset_min_positive_energy),0.0010012874348871,dimensionless_log_energy,affine_R2_generalization_gap,0.6812024785159233,,diagnostic_only,False,,,
N003,28,kakutani_fixed_point,N003.TRAJ_E,transmission_samples,transmission_samples,neutron_energy_eV,log(neutron_energy_eV/E_ref),ln(x / dataset_min_positive_energy),0.0010012874348871,dimensionless_log_energy,epsilon_median_train_residual,0.19625993435847894,PCA_distance,large_generalization_gap,False,,,N003 cross-dataset; train R2=0.9314; heldout R2=0.2502; gap=0.6812
N003,28,kakutani_fixed_point,N003.TRAJ_E,transmission_samples,transmission_samples,neutron_energy_eV,log(neutron_energy_eV/E_ref),ln(x / dataset_min_positive_energy),0.0010012874348871,dimensionless_log_energy,PCA_first_two_train_explained_fraction,0.9699291135357501,,large_generalization_gap,False,,,N003 cross-dataset; train R2=0.9314; heldout R2=0.2502; gap=0.6812
