energy_low_MeV,energy_high_MeV,energy_center_MeV,probability_mass_bin,sampling_probability,relative_bin_integral,probability_physical_quantity,spectral_validation_comparison_quantity,spectral_validation_transform,source_model_id,production_case_name,production_origin,production_interpolation_method,source_base_case,source_validation_class,transformation_contract,source_origin_file,source_origin_sha256,source_snapshot_file,source_snapshot_sha256,exact_production_energy_grid
0.05,0.15000000000000002,0.1,0.008179741124264233,0.008179741124264233,0.008179741124264233,PHOTON_NUMBER_PROBABILITY_MASS_PER_BIN,ENERGY_FLUENCE_MASS_PER_BIN,energy_fluence_mass_i = energy_center_MeV_i * probability_mass_bin_i,PROJECT_18MV_40x40,18MV_40x40,project_processed_from_Ding2002_Figure3_embedded,,,,,/home/a/projects/particle-accelerator-shielding-simulator/geant4sim/GUI/geant4GUI/photon_neutron_bpe_app/photon_wall_simulation_core.py,9f2f53dab99971884f4a97bea897d6a0ebb61dd1d6a65daf7b634f589941222e,/home/a/projects/Radiation_Research/radiation_shielding/Radiation-Shielding-Research/results/phase1/source_models/source_library_snapshot/photon_wall_simulation_core__9f2f53dab9997188.py,9f2f53dab99971884f4a97bea897d6a0ebb61dd1d6a65daf7b634f589941222e,True
0.15000000000000002,0.25,0.2,0.014498387433257168,0.014498387433257168,0.014498387433257168,PHOTON_NUMBER_PROBABILITY_MASS_PER_BIN,ENERGY_FLUENCE_MASS_PER_BIN,energy_fluence_mass_i = energy_center_MeV_i * probability_mass_bin_i,PROJECT_18MV_40x40,18MV_40x40,project_processed_from_Ding2002_Figure3_embedded,,,,,/home/a/projects/particle-accelerator-shielding-simulator/geant4sim/GUI/geant4GUI/photon_neutron_bpe_app/photon_wall_simulation_core.py,9f2f53dab99971884f4a97bea897d6a0ebb61dd1d6a65daf7b634f589941222e,/home/a/projects/Radiation_Research/radiation_shielding/Radiation-Shielding-Research/results/phase1/source_models/source_library_snapshot/photon_wall_simulation_core__9f2f53dab9997188.py,9f2f53dab99971884f4a97bea897d6a0ebb61dd1d6a65daf7b634f589941222e,True
0.25,0.35,0.3,0.02010899680781405,0.02010899680781405,0.02010899680781405,PHOTON_NUMBER_PROBABILITY_MASS_PER_BIN,ENERGY_FLUENCE_MASS_PER_BIN,energy_fluence_mass_i = energy_center_MeV_i * probability_mass_bin_i,PROJECT_18MV_40x40,18MV_40x40,project_processed_from_Ding2002_Figure3_embedded,,,,,/home/a/projects/particle-accelerator-shielding-simulator/geant4sim/GUI/geant4GUI/photon_neutron_bpe_app/photon_wall_simulation_core.py,9f2f53dab99971884f4a97bea897d6a0ebb61dd1d6a65daf7b634f589941222e,/home/a/projects/Radiation_Research/radiation_shielding/Radiation-Shielding-Research/results/phase1/source_models/source_library_snapshot/photon_wall_simulation_core__9f2f53dab9997188.py,9f2f53dab99971884f4a97bea897d6a0ebb61dd1d6a65daf7b634f589941222e,True
0.35,0.45,0.4,0.0249271924263894,0.0249271924263894,0.0249271924263894,PHOTON_NUMBER_PROBABILITY_MASS_PER_BIN,ENERGY_FLUENCE_MASS_PER_BIN,energy_fluence_mass_i = energy_center_MeV_i * probability_mass_bin_i,PROJECT_18MV_40x40,18MV_40x40,project_processed_from_Ding2002_Figure3_embedded,,,,,/home/a/projects/particle-accelerator-shielding-simulator/geant4sim/GUI/geant4GUI/photon_neutron_bpe_app/photon_wall_simulation_core.py,9f2f53dab99971884f4a97bea897d6a0ebb61dd1d6a65daf7b634f589941222e,/home/a/projects/Radiation_Research/radiation_shielding/Radiation-Shielding-Research/results/phase1/source_models/source_library_snapshot/photon_wall_simulation_core__9f2f53dab9997188.py,9f2f53dab99971884f4a97bea897d6a0ebb61dd1d6a65daf7b634f589941222e,True
0.45,0.55,0.5,0.026811313457140693,0.026811313457140693,0.026811313457140693,PHOTON_NUMBER_PROBABILITY_MASS_PER_BIN,ENERGY_FLUENCE_MASS_PER_BIN,energy_fluence_mass_i = energy_center_MeV_i * probability_mass_bin_i,PROJECT_18MV_40x40,18MV_40x40,project_processed_from_Ding2002_Figure3_embedded,,,,,/home/a/projects/particle-accelerator-shielding-simulator/geant4sim/GUI/geant4GUI/photon_neutron_bpe_app/photon_wall_simulation_core.py,9f2f53dab99971884f4a97bea897d6a0ebb61dd1d6a65daf7b634f589941222e,/home/a/projects/Radiation_Research/radiation_shielding/Radiation-Shielding-Research/results/phase1/source_models/source_library_snapshot/photon_wall_simulation_core__9f2f53dab9997188.py,9f2f53dab99971884f4a97bea897d6a0ebb61dd1d6a65daf7b634f589941222e,True
0.55,0.6499999999999999,0.6,0.02762147263246124,0.02762147263246124,0.02762147263246124,PHOTON_NUMBER_PROBABILITY_MASS_PER_BIN,ENERGY_FLUENCE_MASS_PER_BIN,energy_fluence_mass_i = energy_center_MeV_i * probability_mass_bin_i,PROJECT_18MV_40x40,18MV_40x40,project_processed_from_Ding2002_Figure3_embedded,,,,,/home/a/projects/particle-accelerator-shielding-simulator/geant4sim/GUI/geant4GUI/photon_neutron_bpe_app/photon_wall_simulation_core.py,9f2f53dab99971884f4a97bea897d6a0ebb61dd1d6a65daf7b634f589941222e,/home/a/projects/Radiation_Research/radiation_shielding/Radiation-Shielding-Research/results/phase1/source_models/source_library_snapshot/photon_wall_simulation_core__9f2f53dab9997188.py,9f2f53dab99971884f4a97bea897d6a0ebb61dd1d6a65daf7b634f589941222e,True
0.6499999999999999,0.75,0.7,0.027490422043684175,0.027490422043684175,0.027490422043684175,PHOTON_NUMBER_PROBABILITY_MASS_PER_BIN,ENERGY_FLUENCE_MASS_PER_BIN,energy_fluence_mass_i = energy_center_MeV_i * probability_mass_bin_i,PROJECT_18MV_40x40,18MV_40x40,project_processed_from_Ding2002_Figure3_embedded,,,,,/home/a/projects/particle-accelerator-shielding-simulator/geant4sim/GUI/geant4GUI/photon_neutron_bpe_app/photon_wall_simulation_core.py,9f2f53dab99971884f4a97bea897d6a0ebb61dd1d6a65daf7b634f589941222e,/home/a/projects/Radiation_Research/radiation_shielding/Radiation-Shielding-Research/results/phase1/source_models/source_library_snapshot/photon_wall_simulation_core__9f2f53dab9997188.py,9f2f53dab99971884f4a97bea897d6a0ebb61dd1d6a65daf7b634f589941222e,True
0.75,0.8500000000000001,0.8,0.026467214970175044,0.026467214970175044,0.026467214970175044,PHOTON_NUMBER_PROBABILITY_MASS_PER_BIN,ENERGY_FLUENCE_MASS_PER_BIN,energy_fluence_mass_i = energy_center_MeV_i * probability_mass_bin_i,PROJECT_18MV_40x40,18MV_40x40,project_processed_from_Ding2002_Figure3_embedded,,,,,/home/a/projects/particle-accelerator-shielding-simulator/geant4sim/GUI/geant4GUI/photon_neutron_bpe_app/photon_wall_simulation_core.py,9f2f53dab99971884f4a97bea897d6a0ebb61dd1d6a65daf7b634f589941222e,/home/a/projects/Radiation_Research/radiation_shielding/Radiation-Shielding-Research/results/phase1/source_models/source_library_snapshot/photon_wall_simulation_core__9f2f53dab9997188.py,9f2f53dab99971884f4a97bea897d6a0ebb61dd1d6a65daf7b634f589941222e,True
0.8500000000000001,0.95,0.9,0.025242017578371162,0.025242017578371162,0.025242017578371162,PHOTON_NUMBER_PROBABILITY_MASS_PER_BIN,ENERGY_FLUENCE_MASS_PER_BIN,energy_fluence_mass_i = energy_center_MeV_i * probability_mass_bin_i,PROJECT_18MV_40x40,18MV_40x40,project_processed_from_Ding2002_Figure3_embedded,,,,,/home/a/projects/particle-accelerator-shielding-simulator/geant4sim/GUI/geant4GUI/photon_neutron_bpe_app/photon_wall_simulation_core.py,9f2f53dab99971884f4a97bea897d6a0ebb61dd1d6a65daf7b634f589941222e,/home/a/projects/Radiation_Research/radiation_shielding/Radiation-Shielding-Research/results/phase1/source_models/source_library_snapshot/photon_wall_simulation_core__9f2f53dab9997188.py,9f2f53dab99971884f4a97bea897d6a0ebb61dd1d6a65daf7b634f589941222e,True
0.95,1.05,1.0,0.023822081897352996,0.023822081897352996,0.023822081897352996,PHOTON_NUMBER_PROBABILITY_MASS_PER_BIN,ENERGY_FLUENCE_MASS_PER_BIN,energy_fluence_mass_i = energy_center_MeV_i * probability_mass_bin_i,PROJECT_18MV_40x40,18MV_40x40,project_processed_from_Ding2002_Figure3_embedded,,,,,/home/a/projects/particle-accelerator-shielding-simulator/geant4sim/GUI/geant4GUI/photon_neutron_bpe_app/photon_wall_simulation_core.py,9f2f53dab99971884f4a97bea897d6a0ebb61dd1d6a65daf7b634f589941222e,/home/a/projects/Radiation_Research/radiation_shielding/Radiation-Shielding-Research/results/phase1/source_models/source_library_snapshot/photon_wall_simulation_core__9f2f53dab9997188.py,9f2f53dab99971884f4a97bea897d6a0ebb61dd1d6a65daf7b634f589941222e,True
1.05,1.15,1.1,0.02201580263609074,0.02201580263609074,0.02201580263609074,PHOTON_NUMBER_PROBABILITY_MASS_PER_BIN,ENERGY_FLUENCE_MASS_PER_BIN,energy_fluence_mass_i = energy_center_MeV_i * probability_mass_bin_i,PROJECT_18MV_40x40,18MV_40x40,project_processed_from_Ding2002_Figure3_embedded,,,,,/home/a/projects/particle-accelerator-shielding-simulator/geant4sim/GUI/geant4GUI/photon_neutron_bpe_app/photon_wall_simulation_core.py,9f2f53dab99971884f4a97bea897d6a0ebb61dd1d6a65daf7b634f589941222e,/home/a/projects/Radiation_Research/radiation_shielding/Radiation-Shielding-Research/results/phase1/source_models/source_library_snapshot/photon_wall_simulation_core__9f2f53dab9997188.py,9f2f53dab99971884f4a97bea897d6a0ebb61dd1d6a65daf7b634f589941222e,True
1.15,1.25,1.2,0.01969746026431407,0.01969746026431407,0.01969746026431407,PHOTON_NUMBER_PROBABILITY_MASS_PER_BIN,ENERGY_FLUENCE_MASS_PER_BIN,energy_fluence_mass_i = energy_center_MeV_i * probability_mass_bin_i,PROJECT_18MV_40x40,18MV_40x40,project_processed_from_Ding2002_Figure3_embedded,,,,,/home/a/projects/particle-accelerator-shielding-simulator/geant4sim/GUI/geant4GUI/photon_neutron_bpe_app/photon_wall_simulation_core.py,9f2f53dab99971884f4a97bea897d6a0ebb61dd1d6a65daf7b634f589941222e,/home/a/projects/Radiation_Research/radiation_shielding/Radiation-Shielding-Research/results/phase1/source_models/source_library_snapshot/photon_wall_simulation_core__9f2f53dab9997188.py,9f2f53dab99971884f4a97bea897d6a0ebb61dd1d6a65daf7b634f589941222e,True
1.25,1.35,1.3,0.017270282661619403,0.017270282661619403,0.017270282661619403,PHOTON_NUMBER_PROBABILITY_MASS_PER_BIN,ENERGY_FLUENCE_MASS_PER_BIN,energy_fluence_mass_i = energy_center_MeV_i * probability_mass_bin_i,PROJECT_18MV_40x40,18MV_40x40,project_processed_from_Ding2002_Figure3_embedded,,,,,/home/a/projects/particle-accelerator-shielding-simulator/geant4sim/GUI/geant4GUI/photon_neutron_bpe_app/photon_wall_simulation_core.py,9f2f53dab99971884f4a97bea897d6a0ebb61dd1d6a65daf7b634f589941222e,/home/a/projects/Radiation_Research/radiation_shielding/Radiation-Shielding-Research/results/phase1/source_models/source_library_snapshot/photon_wall_simulation_core__9f2f53dab9997188.py,9f2f53dab99971884f4a97bea897d6a0ebb61dd1d6a65daf7b634f589941222e,True
1.35,1.45,1.4,0.015861819407102063,0.015861819407102063,0.015861819407102063,PHOTON_NUMBER_PROBABILITY_MASS_PER_BIN,ENERGY_FLUENCE_MASS_PER_BIN,energy_fluence_mass_i = energy_center_MeV_i * probability_mass_bin_i,PROJECT_18MV_40x40,18MV_40x40,project_processed_from_Ding2002_Figure3_embedded,,,,,/home/a/projects/particle-accelerator-shielding-simulator/geant4sim/GUI/geant4GUI/photon_neutron_bpe_app/photon_wall_simulation_core.py,9f2f53dab99971884f4a97bea897d6a0ebb61dd1d6a65daf7b634f589941222e,/home/a/projects/Radiation_Research/radiation_shielding/Radiation-Shielding-Research/results/phase1/source_models/source_library_snapshot/photon_wall_simulation_core__9f2f53dab9997188.py,9f2f53dab99971884f4a97bea897d6a0ebb61dd1d6a65daf7b634f589941222e,True
1.45,1.55,1.5,0.014818306441500591,0.014818306441500591,0.014818306441500591,PHOTON_NUMBER_PROBABILITY_MASS_PER_BIN,ENERGY_FLUENCE_MASS_PER_BIN,energy_fluence_mass_i = energy_center_MeV_i * probability_mass_bin_i,PROJECT_18MV_40x40,18MV_40x40,project_processed_from_Ding2002_Figure3_embedded,,,,,/home/a/projects/particle-accelerator-shielding-simulator/geant4sim/GUI/geant4GUI/photon_neutron_bpe_app/photon_wall_simulation_core.py,9f2f53dab99971884f4a97bea897d6a0ebb61dd1d6a65daf7b634f589941222e,/home/a/projects/Radiation_Research/radiation_shielding/Radiation-Shielding-Research/results/phase1/source_models/source_library_snapshot/photon_wall_simulation_core__9f2f53dab9997188.py,9f2f53dab99971884f4a97bea897d6a0ebb61dd1d6a65daf7b634f589941222e,True
1.55,1.65,1.6,0.013980892615180755,0.013980892615180755,0.013980892615180755,PHOTON_NUMBER_PROBABILITY_MASS_PER_BIN,ENERGY_FLUENCE_MASS_PER_BIN,energy_fluence_mass_i = energy_center_MeV_i * probability_mass_bin_i,PROJECT_18MV_40x40,18MV_40x40,project_processed_from_Ding2002_Figure3_embedded,,,,,/home/a/projects/particle-accelerator-shielding-simulator/geant4sim/GUI/geant4GUI/photon_neutron_bpe_app/photon_wall_simulation_core.py,9f2f53dab99971884f4a97bea897d6a0ebb61dd1d6a65daf7b634f589941222e,/home/a/projects/Radiation_Research/radiation_shielding/Radiation-Shielding-Research/results/phase1/source_models/source_library_snapshot/photon_wall_simulation_core__9f2f53dab9997188.py,9f2f53dab99971884f4a97bea897d6a0ebb61dd1d6a65daf7b634f589941222e,True
1.65,1.75,1.7,0.013291592321640832,0.013291592321640832,0.013291592321640832,PHOTON_NUMBER_PROBABILITY_MASS_PER_BIN,ENERGY_FLUENCE_MASS_PER_BIN,energy_fluence_mass_i = energy_center_MeV_i * probability_mass_bin_i,PROJECT_18MV_40x40,18MV_40x40,project_processed_from_Ding2002_Figure3_embedded,,,,,/home/a/projects/particle-accelerator-shielding-simulator/geant4sim/GUI/geant4GUI/photon_neutron_bpe_app/photon_wall_simulation_core.py,9f2f53dab99971884f4a97bea897d6a0ebb61dd1d6a65daf7b634f589941222e,/home/a/projects/Radiation_Research/radiation_shielding/Radiation-Shielding-Research/results/phase1/source_models/source_library_snapshot/photon_wall_simulation_core__9f2f53dab9997188.py,9f2f53dab99971884f4a97bea897d6a0ebb61dd1d6a65daf7b634f589941222e,True
1.75,1.85,1.8,0.01264130176169754,0.01264130176169754,0.01264130176169754,PHOTON_NUMBER_PROBABILITY_MASS_PER_BIN,ENERGY_FLUENCE_MASS_PER_BIN,energy_fluence_mass_i = energy_center_MeV_i * probability_mass_bin_i,PROJECT_18MV_40x40,18MV_40x40,project_processed_from_Ding2002_Figure3_embedded,,,,,/home/a/projects/particle-accelerator-shielding-simulator/geant4sim/GUI/geant4GUI/photon_neutron_bpe_app/photon_wall_simulation_core.py,9f2f53dab99971884f4a97bea897d6a0ebb61dd1d6a65daf7b634f589941222e,/home/a/projects/Radiation_Research/radiation_shielding/Radiation-Shielding-Research/results/phase1/source_models/source_library_snapshot/photon_wall_simulation_core__9f2f53dab9997188.py,9f2f53dab99971884f4a97bea897d6a0ebb61dd1d6a65daf7b634f589941222e,True
1.85,1.95,1.9,0.012029260136354731,0.012029260136354731,0.012029260136354731,PHOTON_NUMBER_PROBABILITY_MASS_PER_BIN,ENERGY_FLUENCE_MASS_PER_BIN,energy_fluence_mass_i = energy_center_MeV_i * probability_mass_bin_i,PROJECT_18MV_40x40,18MV_40x40,project_processed_from_Ding2002_Figure3_embedded,,,,,/home/a/projects/particle-accelerator-shielding-simulator/geant4sim/GUI/geant4GUI/photon_neutron_bpe_app/photon_wall_simulation_core.py,9f2f53dab99971884f4a97bea897d6a0ebb61dd1d6a65daf7b634f589941222e,/home/a/projects/Radiation_Research/radiation_shielding/Radiation-Shielding-Research/results/phase1/source_models/source_library_snapshot/photon_wall_simulation_core__9f2f53dab9997188.py,9f2f53dab99971884f4a97bea897d6a0ebb61dd1d6a65daf7b634f589941222e,True
1.95,2.05,2.0,0.011500952725999122,0.011500952725999122,0.011500952725999122,PHOTON_NUMBER_PROBABILITY_MASS_PER_BIN,ENERGY_FLUENCE_MASS_PER_BIN,energy_fluence_mass_i = energy_center_MeV_i * probability_mass_bin_i,PROJECT_18MV_40x40,18MV_40x40,project_processed_from_Ding2002_Figure3_embedded,,,,,/home/a/projects/particle-accelerator-shielding-simulator/geant4sim/GUI/geant4GUI/photon_neutron_bpe_app/photon_wall_simulation_core.py,9f2f53dab99971884f4a97bea897d6a0ebb61dd1d6a65daf7b634f589941222e,/home/a/projects/Radiation_Research/radiation_shielding/Radiation-Shielding-Research/results/phase1/source_models/source_library_snapshot/photon_wall_simulation_core__9f2f53dab9997188.py,9f2f53dab99971884f4a97bea897d6a0ebb61dd1d6a65daf7b634f589941222e,True
2.05,2.1500000000000004,2.1,0.011466449867821126,0.011466449867821126,0.011466449867821126,PHOTON_NUMBER_PROBABILITY_MASS_PER_BIN,ENERGY_FLUENCE_MASS_PER_BIN,energy_fluence_mass_i = energy_center_MeV_i * probability_mass_bin_i,PROJECT_18MV_40x40,18MV_40x40,project_processed_from_Ding2002_Figure3_embedded,,,,,/home/a/projects/particle-accelerator-shielding-simulator/geant4sim/GUI/geant4GUI/photon_neutron_bpe_app/photon_wall_simulation_core.py,9f2f53dab99971884f4a97bea897d6a0ebb61dd1d6a65daf7b634f589941222e,/home/a/projects/Radiation_Research/radiation_shielding/Radiation-Shielding-Research/results/phase1/source_models/source_library_snapshot/photon_wall_simulation_core__9f2f53dab9997188.py,9f2f53dab99971884f4a97bea897d6a0ebb61dd1d6a65daf7b634f589941222e,True
2.1500000000000004,2.25,2.2,0.011461811756585848,0.011461811756585848,0.011461811756585848,PHOTON_NUMBER_PROBABILITY_MASS_PER_BIN,ENERGY_FLUENCE_MASS_PER_BIN,energy_fluence_mass_i = energy_center_MeV_i * probability_mass_bin_i,PROJECT_18MV_40x40,18MV_40x40,project_processed_from_Ding2002_Figure3_embedded,,,,,/home/a/projects/particle-accelerator-shielding-simulator/geant4sim/GUI/geant4GUI/photon_neutron_bpe_app/photon_wall_simulation_core.py,9f2f53dab99971884f4a97bea897d6a0ebb61dd1d6a65daf7b634f589941222e,/home/a/projects/Radiation_Research/radiation_shielding/Radiation-Shielding-Research/results/phase1/source_models/source_library_snapshot/photon_wall_simulation_core__9f2f53dab9997188.py,9f2f53dab99971884f4a97bea897d6a0ebb61dd1d6a65daf7b634f589941222e,True
2.25,2.3499999999999996,2.3,0.01145717364535057,0.01145717364535057,0.01145717364535057,PHOTON_NUMBER_PROBABILITY_MASS_PER_BIN,ENERGY_FLUENCE_MASS_PER_BIN,energy_fluence_mass_i = energy_center_MeV_i * probability_mass_bin_i,PROJECT_18MV_40x40,18MV_40x40,project_processed_from_Ding2002_Figure3_embedded,,,,,/home/a/projects/particle-accelerator-shielding-simulator/geant4sim/GUI/geant4GUI/photon_neutron_bpe_app/photon_wall_simulation_core.py,9f2f53dab99971884f4a97bea897d6a0ebb61dd1d6a65daf7b634f589941222e,/home/a/projects/Radiation_Research/radiation_shielding/Radiation-Shielding-Research/results/phase1/source_models/source_library_snapshot/photon_wall_simulation_core__9f2f53dab9997188.py,9f2f53dab99971884f4a97bea897d6a0ebb61dd1d6a65daf7b634f589941222e,True
2.3499999999999996,2.45,2.4,0.011452535534115292,0.011452535534115292,0.011452535534115292,PHOTON_NUMBER_PROBABILITY_MASS_PER_BIN,ENERGY_FLUENCE_MASS_PER_BIN,energy_fluence_mass_i = energy_center_MeV_i * probability_mass_bin_i,PROJECT_18MV_40x40,18MV_40x40,project_processed_from_Ding2002_Figure3_embedded,,,,,/home/a/projects/particle-accelerator-shielding-simulator/geant4sim/GUI/geant4GUI/photon_neutron_bpe_app/photon_wall_simulation_core.py,9f2f53dab99971884f4a97bea897d6a0ebb61dd1d6a65daf7b634f589941222e,/home/a/projects/Radiation_Research/radiation_shielding/Radiation-Shielding-Research/results/phase1/source_models/source_library_snapshot/photon_wall_simulation_core__9f2f53dab9997188.py,9f2f53dab99971884f4a97bea897d6a0ebb61dd1d6a65daf7b634f589941222e,True
2.45,2.55,2.5,0.011447897422880014,0.011447897422880014,0.011447897422880014,PHOTON_NUMBER_PROBABILITY_MASS_PER_BIN,ENERGY_FLUENCE_MASS_PER_BIN,energy_fluence_mass_i = energy_center_MeV_i * probability_mass_bin_i,PROJECT_18MV_40x40,18MV_40x40,project_processed_from_Ding2002_Figure3_embedded,,,,,/home/a/projects/particle-accelerator-shielding-simulator/geant4sim/GUI/geant4GUI/photon_neutron_bpe_app/photon_wall_simulation_core.py,9f2f53dab99971884f4a97bea897d6a0ebb61dd1d6a65daf7b634f589941222e,/home/a/projects/Radiation_Research/radiation_shielding/Radiation-Shielding-Research/results/phase1/source_models/source_library_snapshot/photon_wall_simulation_core__9f2f53dab9997188.py,9f2f53dab99971884f4a97bea897d6a0ebb61dd1d6a65daf7b634f589941222e,True
2.55,2.6500000000000004,2.6,0.011443259311644735,0.011443259311644735,0.011443259311644735,PHOTON_NUMBER_PROBABILITY_MASS_PER_BIN,ENERGY_FLUENCE_MASS_PER_BIN,energy_fluence_mass_i = energy_center_MeV_i * probability_mass_bin_i,PROJECT_18MV_40x40,18MV_40x40,project_processed_from_Ding2002_Figure3_embedded,,,,,/home/a/projects/particle-accelerator-shielding-simulator/geant4sim/GUI/geant4GUI/photon_neutron_bpe_app/photon_wall_simulation_core.py,9f2f53dab99971884f4a97bea897d6a0ebb61dd1d6a65daf7b634f589941222e,/home/a/projects/Radiation_Research/radiation_shielding/Radiation-Shielding-Research/results/phase1/source_models/source_library_snapshot/photon_wall_simulation_core__9f2f53dab9997188.py,9f2f53dab99971884f4a97bea897d6a0ebb61dd1d6a65daf7b634f589941222e,True
2.6500000000000004,2.75,2.7,0.011438621200409458,0.011438621200409458,0.011438621200409458,PHOTON_NUMBER_PROBABILITY_MASS_PER_BIN,ENERGY_FLUENCE_MASS_PER_BIN,energy_fluence_mass_i = energy_center_MeV_i * probability_mass_bin_i,PROJECT_18MV_40x40,18MV_40x40,project_processed_from_Ding2002_Figure3_embedded,,,,,/home/a/projects/particle-accelerator-shielding-simulator/geant4sim/GUI/geant4GUI/photon_neutron_bpe_app/photon_wall_simulation_core.py,9f2f53dab99971884f4a97bea897d6a0ebb61dd1d6a65daf7b634f589941222e,/home/a/projects/Radiation_Research/radiation_shielding/Radiation-Shielding-Research/results/phase1/source_models/source_library_snapshot/photon_wall_simulation_core__9f2f53dab9997188.py,9f2f53dab99971884f4a97bea897d6a0ebb61dd1d6a65daf7b634f589941222e,True
2.75,2.8499999999999996,2.8,0.011433983089174178,0.011433983089174178,0.011433983089174178,PHOTON_NUMBER_PROBABILITY_MASS_PER_BIN,ENERGY_FLUENCE_MASS_PER_BIN,energy_fluence_mass_i = energy_center_MeV_i * probability_mass_bin_i,PROJECT_18MV_40x40,18MV_40x40,project_processed_from_Ding2002_Figure3_embedded,,,,,/home/a/projects/particle-accelerator-shielding-simulator/geant4sim/GUI/geant4GUI/photon_neutron_bpe_app/photon_wall_simulation_core.py,9f2f53dab99971884f4a97bea897d6a0ebb61dd1d6a65daf7b634f589941222e,/home/a/projects/Radiation_Research/radiation_shielding/Radiation-Shielding-Research/results/phase1/source_models/source_library_snapshot/photon_wall_simulation_core__9f2f53dab9997188.py,9f2f53dab99971884f4a97bea897d6a0ebb61dd1d6a65daf7b634f589941222e,True
2.8499999999999996,2.95,2.9,0.011429344977938901,0.011429344977938901,0.011429344977938901,PHOTON_NUMBER_PROBABILITY_MASS_PER_BIN,ENERGY_FLUENCE_MASS_PER_BIN,energy_fluence_mass_i = energy_center_MeV_i * probability_mass_bin_i,PROJECT_18MV_40x40,18MV_40x40,project_processed_from_Ding2002_Figure3_embedded,,,,,/home/a/projects/particle-accelerator-shielding-simulator/geant4sim/GUI/geant4GUI/photon_neutron_bpe_app/photon_wall_simulation_core.py,9f2f53dab99971884f4a97bea897d6a0ebb61dd1d6a65daf7b634f589941222e,/home/a/projects/Radiation_Research/radiation_shielding/Radiation-Shielding-Research/results/phase1/source_models/source_library_snapshot/photon_wall_simulation_core__9f2f53dab9997188.py,9f2f53dab99971884f4a97bea897d6a0ebb61dd1d6a65daf7b634f589941222e,True
2.95,3.05,3.0,0.011424706866703624,0.011424706866703624,0.011424706866703624,PHOTON_NUMBER_PROBABILITY_MASS_PER_BIN,ENERGY_FLUENCE_MASS_PER_BIN,energy_fluence_mass_i = energy_center_MeV_i * probability_mass_bin_i,PROJECT_18MV_40x40,18MV_40x40,project_processed_from_Ding2002_Figure3_embedded,,,,,/home/a/projects/particle-accelerator-shielding-simulator/geant4sim/GUI/geant4GUI/photon_neutron_bpe_app/photon_wall_simulation_core.py,9f2f53dab99971884f4a97bea897d6a0ebb61dd1d6a65daf7b634f589941222e,/home/a/projects/Radiation_Research/radiation_shielding/Radiation-Shielding-Research/results/phase1/source_models/source_library_snapshot/photon_wall_simulation_core__9f2f53dab9997188.py,9f2f53dab99971884f4a97bea897d6a0ebb61dd1d6a65daf7b634f589941222e,True
3.05,3.1500000000000004,3.1,0.011420068755468344,0.011420068755468344,0.011420068755468344,PHOTON_NUMBER_PROBABILITY_MASS_PER_BIN,ENERGY_FLUENCE_MASS_PER_BIN,energy_fluence_mass_i = energy_center_MeV_i * probability_mass_bin_i,PROJECT_18MV_40x40,18MV_40x40,project_processed_from_Ding2002_Figure3_embedded,,,,,/home/a/projects/particle-accelerator-shielding-simulator/geant4sim/GUI/geant4GUI/photon_neutron_bpe_app/photon_wall_simulation_core.py,9f2f53dab99971884f4a97bea897d6a0ebb61dd1d6a65daf7b634f589941222e,/home/a/projects/Radiation_Research/radiation_shielding/Radiation-Shielding-Research/results/phase1/source_models/source_library_snapshot/photon_wall_simulation_core__9f2f53dab9997188.py,9f2f53dab99971884f4a97bea897d6a0ebb61dd1d6a65daf7b634f589941222e,True
3.1500000000000004,3.25,3.2,0.011415430644233067,0.011415430644233067,0.011415430644233067,PHOTON_NUMBER_PROBABILITY_MASS_PER_BIN,ENERGY_FLUENCE_MASS_PER_BIN,energy_fluence_mass_i = energy_center_MeV_i * probability_mass_bin_i,PROJECT_18MV_40x40,18MV_40x40,project_processed_from_Ding2002_Figure3_embedded,,,,,/home/a/projects/particle-accelerator-shielding-simulator/geant4sim/GUI/geant4GUI/photon_neutron_bpe_app/photon_wall_simulation_core.py,9f2f53dab99971884f4a97bea897d6a0ebb61dd1d6a65daf7b634f589941222e,/home/a/projects/Radiation_Research/radiation_shielding/Radiation-Shielding-Research/results/phase1/source_models/source_library_snapshot/photon_wall_simulation_core__9f2f53dab9997188.py,9f2f53dab99971884f4a97bea897d6a0ebb61dd1d6a65daf7b634f589941222e,True
3.25,3.3499999999999996,3.3,0.01141079253299779,0.01141079253299779,0.01141079253299779,PHOTON_NUMBER_PROBABILITY_MASS_PER_BIN,ENERGY_FLUENCE_MASS_PER_BIN,energy_fluence_mass_i = energy_center_MeV_i * probability_mass_bin_i,PROJECT_18MV_40x40,18MV_40x40,project_processed_from_Ding2002_Figure3_embedded,,,,,/home/a/projects/particle-accelerator-shielding-simulator/geant4sim/GUI/geant4GUI/photon_neutron_bpe_app/photon_wall_simulation_core.py,9f2f53dab99971884f4a97bea897d6a0ebb61dd1d6a65daf7b634f589941222e,/home/a/projects/Radiation_Research/radiation_shielding/Radiation-Shielding-Research/results/phase1/source_models/source_library_snapshot/photon_wall_simulation_core__9f2f53dab9997188.py,9f2f53dab99971884f4a97bea897d6a0ebb61dd1d6a65daf7b634f589941222e,True
3.3499999999999996,3.45,3.4,0.011406154421762512,0.011406154421762512,0.011406154421762512,PHOTON_NUMBER_PROBABILITY_MASS_PER_BIN,ENERGY_FLUENCE_MASS_PER_BIN,energy_fluence_mass_i = energy_center_MeV_i * probability_mass_bin_i,PROJECT_18MV_40x40,18MV_40x40,project_processed_from_Ding2002_Figure3_embedded,,,,,/home/a/projects/particle-accelerator-shielding-simulator/geant4sim/GUI/geant4GUI/photon_neutron_bpe_app/photon_wall_simulation_core.py,9f2f53dab99971884f4a97bea897d6a0ebb61dd1d6a65daf7b634f589941222e,/home/a/projects/Radiation_Research/radiation_shielding/Radiation-Shielding-Research/results/phase1/source_models/source_library_snapshot/photon_wall_simulation_core__9f2f53dab9997188.py,9f2f53dab99971884f4a97bea897d6a0ebb61dd1d6a65daf7b634f589941222e,True
3.45,3.55,3.5,0.011401516310527235,0.011401516310527235,0.011401516310527235,PHOTON_NUMBER_PROBABILITY_MASS_PER_BIN,ENERGY_FLUENCE_MASS_PER_BIN,energy_fluence_mass_i = energy_center_MeV_i * probability_mass_bin_i,PROJECT_18MV_40x40,18MV_40x40,project_processed_from_Ding2002_Figure3_embedded,,,,,/home/a/projects/particle-accelerator-shielding-simulator/geant4sim/GUI/geant4GUI/photon_neutron_bpe_app/photon_wall_simulation_core.py,9f2f53dab99971884f4a97bea897d6a0ebb61dd1d6a65daf7b634f589941222e,/home/a/projects/Radiation_Research/radiation_shielding/Radiation-Shielding-Research/results/phase1/source_models/source_library_snapshot/photon_wall_simulation_core__9f2f53dab9997188.py,9f2f53dab99971884f4a97bea897d6a0ebb61dd1d6a65daf7b634f589941222e,True
3.55,3.6500000000000004,3.6,0.011396878199291955,0.011396878199291955,0.011396878199291955,PHOTON_NUMBER_PROBABILITY_MASS_PER_BIN,ENERGY_FLUENCE_MASS_PER_BIN,energy_fluence_mass_i = energy_center_MeV_i * probability_mass_bin_i,PROJECT_18MV_40x40,18MV_40x40,project_processed_from_Ding2002_Figure3_embedded,,,,,/home/a/projects/particle-accelerator-shielding-simulator/geant4sim/GUI/geant4GUI/photon_neutron_bpe_app/photon_wall_simulation_core.py,9f2f53dab99971884f4a97bea897d6a0ebb61dd1d6a65daf7b634f589941222e,/home/a/projects/Radiation_Research/radiation_shielding/Radiation-Shielding-Research/results/phase1/source_models/source_library_snapshot/photon_wall_simulation_core__9f2f53dab9997188.py,9f2f53dab99971884f4a97bea897d6a0ebb61dd1d6a65daf7b634f589941222e,True
3.6500000000000004,3.75,3.7,0.011392240088056678,0.011392240088056678,0.011392240088056678,PHOTON_NUMBER_PROBABILITY_MASS_PER_BIN,ENERGY_FLUENCE_MASS_PER_BIN,energy_fluence_mass_i = energy_center_MeV_i * probability_mass_bin_i,PROJECT_18MV_40x40,18MV_40x40,project_processed_from_Ding2002_Figure3_embedded,,,,,/home/a/projects/particle-accelerator-shielding-simulator/geant4sim/GUI/geant4GUI/photon_neutron_bpe_app/photon_wall_simulation_core.py,9f2f53dab99971884f4a97bea897d6a0ebb61dd1d6a65daf7b634f589941222e,/home/a/projects/Radiation_Research/radiation_shielding/Radiation-Shielding-Research/results/phase1/source_models/source_library_snapshot/photon_wall_simulation_core__9f2f53dab9997188.py,9f2f53dab99971884f4a97bea897d6a0ebb61dd1d6a65daf7b634f589941222e,True
3.75,3.8499999999999996,3.8,0.0113876019768214,0.0113876019768214,0.0113876019768214,PHOTON_NUMBER_PROBABILITY_MASS_PER_BIN,ENERGY_FLUENCE_MASS_PER_BIN,energy_fluence_mass_i = energy_center_MeV_i * probability_mass_bin_i,PROJECT_18MV_40x40,18MV_40x40,project_processed_from_Ding2002_Figure3_embedded,,,,,/home/a/projects/particle-accelerator-shielding-simulator/geant4sim/GUI/geant4GUI/photon_neutron_bpe_app/photon_wall_simulation_core.py,9f2f53dab99971884f4a97bea897d6a0ebb61dd1d6a65daf7b634f589941222e,/home/a/projects/Radiation_Research/radiation_shielding/Radiation-Shielding-Research/results/phase1/source_models/source_library_snapshot/photon_wall_simulation_core__9f2f53dab9997188.py,9f2f53dab99971884f4a97bea897d6a0ebb61dd1d6a65daf7b634f589941222e,True
3.8499999999999996,3.95,3.9,0.011382963865586121,0.011382963865586121,0.011382963865586121,PHOTON_NUMBER_PROBABILITY_MASS_PER_BIN,ENERGY_FLUENCE_MASS_PER_BIN,energy_fluence_mass_i = energy_center_MeV_i * probability_mass_bin_i,PROJECT_18MV_40x40,18MV_40x40,project_processed_from_Ding2002_Figure3_embedded,,,,,/home/a/projects/particle-accelerator-shielding-simulator/geant4sim/GUI/geant4GUI/photon_neutron_bpe_app/photon_wall_simulation_core.py,9f2f53dab99971884f4a97bea897d6a0ebb61dd1d6a65daf7b634f589941222e,/home/a/projects/Radiation_Research/radiation_shielding/Radiation-Shielding-Research/results/phase1/source_models/source_library_snapshot/photon_wall_simulation_core__9f2f53dab9997188.py,9f2f53dab99971884f4a97bea897d6a0ebb61dd1d6a65daf7b634f589941222e,True
3.95,4.05,4.0,0.011378325754350844,0.011378325754350844,0.011378325754350844,PHOTON_NUMBER_PROBABILITY_MASS_PER_BIN,ENERGY_FLUENCE_MASS_PER_BIN,energy_fluence_mass_i = energy_center_MeV_i * probability_mass_bin_i,PROJECT_18MV_40x40,18MV_40x40,project_processed_from_Ding2002_Figure3_embedded,,,,,/home/a/projects/particle-accelerator-shielding-simulator/geant4sim/GUI/geant4GUI/photon_neutron_bpe_app/photon_wall_simulation_core.py,9f2f53dab99971884f4a97bea897d6a0ebb61dd1d6a65daf7b634f589941222e,/home/a/projects/Radiation_Research/radiation_shielding/Radiation-Shielding-Research/results/phase1/source_models/source_library_snapshot/photon_wall_simulation_core__9f2f53dab9997188.py,9f2f53dab99971884f4a97bea897d6a0ebb61dd1d6a65daf7b634f589941222e,True
4.05,4.15,4.1,0.011373687643115566,0.011373687643115566,0.011373687643115566,PHOTON_NUMBER_PROBABILITY_MASS_PER_BIN,ENERGY_FLUENCE_MASS_PER_BIN,energy_fluence_mass_i = energy_center_MeV_i * probability_mass_bin_i,PROJECT_18MV_40x40,18MV_40x40,project_processed_from_Ding2002_Figure3_embedded,,,,,/home/a/projects/particle-accelerator-shielding-simulator/geant4sim/GUI/geant4GUI/photon_neutron_bpe_app/photon_wall_simulation_core.py,9f2f53dab99971884f4a97bea897d6a0ebb61dd1d6a65daf7b634f589941222e,/home/a/projects/Radiation_Research/radiation_shielding/Radiation-Shielding-Research/results/phase1/source_models/source_library_snapshot/photon_wall_simulation_core__9f2f53dab9997188.py,9f2f53dab99971884f4a97bea897d6a0ebb61dd1d6a65daf7b634f589941222e,True
4.15,4.25,4.2,0.011369049531880289,0.011369049531880289,0.011369049531880289,PHOTON_NUMBER_PROBABILITY_MASS_PER_BIN,ENERGY_FLUENCE_MASS_PER_BIN,energy_fluence_mass_i = energy_center_MeV_i * probability_mass_bin_i,PROJECT_18MV_40x40,18MV_40x40,project_processed_from_Ding2002_Figure3_embedded,,,,,/home/a/projects/particle-accelerator-shielding-simulator/geant4sim/GUI/geant4GUI/photon_neutron_bpe_app/photon_wall_simulation_core.py,9f2f53dab99971884f4a97bea897d6a0ebb61dd1d6a65daf7b634f589941222e,/home/a/projects/Radiation_Research/radiation_shielding/Radiation-Shielding-Research/results/phase1/source_models/source_library_snapshot/photon_wall_simulation_core__9f2f53dab9997188.py,9f2f53dab99971884f4a97bea897d6a0ebb61dd1d6a65daf7b634f589941222e,True
4.25,4.35,4.3,0.011364411420645011,0.011364411420645011,0.011364411420645011,PHOTON_NUMBER_PROBABILITY_MASS_PER_BIN,ENERGY_FLUENCE_MASS_PER_BIN,energy_fluence_mass_i = energy_center_MeV_i * probability_mass_bin_i,PROJECT_18MV_40x40,18MV_40x40,project_processed_from_Ding2002_Figure3_embedded,,,,,/home/a/projects/particle-accelerator-shielding-simulator/geant4sim/GUI/geant4GUI/photon_neutron_bpe_app/photon_wall_simulation_core.py,9f2f53dab99971884f4a97bea897d6a0ebb61dd1d6a65daf7b634f589941222e,/home/a/projects/Radiation_Research/radiation_shielding/Radiation-Shielding-Research/results/phase1/source_models/source_library_snapshot/photon_wall_simulation_core__9f2f53dab9997188.py,9f2f53dab99971884f4a97bea897d6a0ebb61dd1d6a65daf7b634f589941222e,True
4.35,4.45,4.4,0.011359773309409732,0.011359773309409732,0.011359773309409732,PHOTON_NUMBER_PROBABILITY_MASS_PER_BIN,ENERGY_FLUENCE_MASS_PER_BIN,energy_fluence_mass_i = energy_center_MeV_i * probability_mass_bin_i,PROJECT_18MV_40x40,18MV_40x40,project_processed_from_Ding2002_Figure3_embedded,,,,,/home/a/projects/particle-accelerator-shielding-simulator/geant4sim/GUI/geant4GUI/photon_neutron_bpe_app/photon_wall_simulation_core.py,9f2f53dab99971884f4a97bea897d6a0ebb61dd1d6a65daf7b634f589941222e,/home/a/projects/Radiation_Research/radiation_shielding/Radiation-Shielding-Research/results/phase1/source_models/source_library_snapshot/photon_wall_simulation_core__9f2f53dab9997188.py,9f2f53dab99971884f4a97bea897d6a0ebb61dd1d6a65daf7b634f589941222e,True
4.45,4.55,4.5,0.011355135198174455,0.011355135198174455,0.011355135198174455,PHOTON_NUMBER_PROBABILITY_MASS_PER_BIN,ENERGY_FLUENCE_MASS_PER_BIN,energy_fluence_mass_i = energy_center_MeV_i * probability_mass_bin_i,PROJECT_18MV_40x40,18MV_40x40,project_processed_from_Ding2002_Figure3_embedded,,,,,/home/a/projects/particle-accelerator-shielding-simulator/geant4sim/GUI/geant4GUI/photon_neutron_bpe_app/photon_wall_simulation_core.py,9f2f53dab99971884f4a97bea897d6a0ebb61dd1d6a65daf7b634f589941222e,/home/a/projects/Radiation_Research/radiation_shielding/Radiation-Shielding-Research/results/phase1/source_models/source_library_snapshot/photon_wall_simulation_core__9f2f53dab9997188.py,9f2f53dab99971884f4a97bea897d6a0ebb61dd1d6a65daf7b634f589941222e,True
4.55,4.65,4.6,0.011350497086939177,0.011350497086939177,0.011350497086939177,PHOTON_NUMBER_PROBABILITY_MASS_PER_BIN,ENERGY_FLUENCE_MASS_PER_BIN,energy_fluence_mass_i = energy_center_MeV_i * probability_mass_bin_i,PROJECT_18MV_40x40,18MV_40x40,project_processed_from_Ding2002_Figure3_embedded,,,,,/home/a/projects/particle-accelerator-shielding-simulator/geant4sim/GUI/geant4GUI/photon_neutron_bpe_app/photon_wall_simulation_core.py,9f2f53dab99971884f4a97bea897d6a0ebb61dd1d6a65daf7b634f589941222e,/home/a/projects/Radiation_Research/radiation_shielding/Radiation-Shielding-Research/results/phase1/source_models/source_library_snapshot/photon_wall_simulation_core__9f2f53dab9997188.py,9f2f53dab99971884f4a97bea897d6a0ebb61dd1d6a65daf7b634f589941222e,True
4.65,4.75,4.7,0.011345858975703898,0.011345858975703898,0.011345858975703898,PHOTON_NUMBER_PROBABILITY_MASS_PER_BIN,ENERGY_FLUENCE_MASS_PER_BIN,energy_fluence_mass_i = energy_center_MeV_i * probability_mass_bin_i,PROJECT_18MV_40x40,18MV_40x40,project_processed_from_Ding2002_Figure3_embedded,,,,,/home/a/projects/particle-accelerator-shielding-simulator/geant4sim/GUI/geant4GUI/photon_neutron_bpe_app/photon_wall_simulation_core.py,9f2f53dab99971884f4a97bea897d6a0ebb61dd1d6a65daf7b634f589941222e,/home/a/projects/Radiation_Research/radiation_shielding/Radiation-Shielding-Research/results/phase1/source_models/source_library_snapshot/photon_wall_simulation_core__9f2f53dab9997188.py,9f2f53dab99971884f4a97bea897d6a0ebb61dd1d6a65daf7b634f589941222e,True
4.75,4.85,4.8,0.01134122086446862,0.01134122086446862,0.01134122086446862,PHOTON_NUMBER_PROBABILITY_MASS_PER_BIN,ENERGY_FLUENCE_MASS_PER_BIN,energy_fluence_mass_i = energy_center_MeV_i * probability_mass_bin_i,PROJECT_18MV_40x40,18MV_40x40,project_processed_from_Ding2002_Figure3_embedded,,,,,/home/a/projects/particle-accelerator-shielding-simulator/geant4sim/GUI/geant4GUI/photon_neutron_bpe_app/photon_wall_simulation_core.py,9f2f53dab99971884f4a97bea897d6a0ebb61dd1d6a65daf7b634f589941222e,/home/a/projects/Radiation_Research/radiation_shielding/Radiation-Shielding-Research/results/phase1/source_models/source_library_snapshot/photon_wall_simulation_core__9f2f53dab9997188.py,9f2f53dab99971884f4a97bea897d6a0ebb61dd1d6a65daf7b634f589941222e,True
4.85,4.95,4.9,0.011336582753233343,0.011336582753233343,0.011336582753233343,PHOTON_NUMBER_PROBABILITY_MASS_PER_BIN,ENERGY_FLUENCE_MASS_PER_BIN,energy_fluence_mass_i = energy_center_MeV_i * probability_mass_bin_i,PROJECT_18MV_40x40,18MV_40x40,project_processed_from_Ding2002_Figure3_embedded,,,,,/home/a/projects/particle-accelerator-shielding-simulator/geant4sim/GUI/geant4GUI/photon_neutron_bpe_app/photon_wall_simulation_core.py,9f2f53dab99971884f4a97bea897d6a0ebb61dd1d6a65daf7b634f589941222e,/home/a/projects/Radiation_Research/radiation_shielding/Radiation-Shielding-Research/results/phase1/source_models/source_library_snapshot/photon_wall_simulation_core__9f2f53dab9997188.py,9f2f53dab99971884f4a97bea897d6a0ebb61dd1d6a65daf7b634f589941222e,True
4.95,5.05,5.0,0.011325257495737607,0.011325257495737607,0.011325257495737607,PHOTON_NUMBER_PROBABILITY_MASS_PER_BIN,ENERGY_FLUENCE_MASS_PER_BIN,energy_fluence_mass_i = energy_center_MeV_i * probability_mass_bin_i,PROJECT_18MV_40x40,18MV_40x40,project_processed_from_Ding2002_Figure3_embedded,,,,,/home/a/projects/particle-accelerator-shielding-simulator/geant4sim/GUI/geant4GUI/photon_neutron_bpe_app/photon_wall_simulation_core.py,9f2f53dab99971884f4a97bea897d6a0ebb61dd1d6a65daf7b634f589941222e,/home/a/projects/Radiation_Research/radiation_shielding/Radiation-Shielding-Research/results/phase1/source_models/source_library_snapshot/photon_wall_simulation_core__9f2f53dab9997188.py,9f2f53dab99971884f4a97bea897d6a0ebb61dd1d6a65daf7b634f589941222e,True
5.05,5.15,5.1,0.01112782476233401,0.01112782476233401,0.01112782476233401,PHOTON_NUMBER_PROBABILITY_MASS_PER_BIN,ENERGY_FLUENCE_MASS_PER_BIN,energy_fluence_mass_i = energy_center_MeV_i * probability_mass_bin_i,PROJECT_18MV_40x40,18MV_40x40,project_processed_from_Ding2002_Figure3_embedded,,,,,/home/a/projects/particle-accelerator-shielding-simulator/geant4sim/GUI/geant4GUI/photon_neutron_bpe_app/photon_wall_simulation_core.py,9f2f53dab99971884f4a97bea897d6a0ebb61dd1d6a65daf7b634f589941222e,/home/a/projects/Radiation_Research/radiation_shielding/Radiation-Shielding-Research/results/phase1/source_models/source_library_snapshot/photon_wall_simulation_core__9f2f53dab9997188.py,9f2f53dab99971884f4a97bea897d6a0ebb61dd1d6a65daf7b634f589941222e,True
5.15,5.25,5.2,0.010921388055911025,0.010921388055911025,0.010921388055911025,PHOTON_NUMBER_PROBABILITY_MASS_PER_BIN,ENERGY_FLUENCE_MASS_PER_BIN,energy_fluence_mass_i = energy_center_MeV_i * probability_mass_bin_i,PROJECT_18MV_40x40,18MV_40x40,project_processed_from_Ding2002_Figure3_embedded,,,,,/home/a/projects/particle-accelerator-shielding-simulator/geant4sim/GUI/geant4GUI/photon_neutron_bpe_app/photon_wall_simulation_core.py,9f2f53dab99971884f4a97bea897d6a0ebb61dd1d6a65daf7b634f589941222e,/home/a/projects/Radiation_Research/radiation_shielding/Radiation-Shielding-Research/results/phase1/source_models/source_library_snapshot/photon_wall_simulation_core__9f2f53dab9997188.py,9f2f53dab99971884f4a97bea897d6a0ebb61dd1d6a65daf7b634f589941222e,True
5.25,5.35,5.3,0.010702214079751192,0.010702214079751192,0.010702214079751192,PHOTON_NUMBER_PROBABILITY_MASS_PER_BIN,ENERGY_FLUENCE_MASS_PER_BIN,energy_fluence_mass_i = energy_center_MeV_i * probability_mass_bin_i,PROJECT_18MV_40x40,18MV_40x40,project_processed_from_Ding2002_Figure3_embedded,,,,,/home/a/projects/particle-accelerator-shielding-simulator/geant4sim/GUI/geant4GUI/photon_neutron_bpe_app/photon_wall_simulation_core.py,9f2f53dab99971884f4a97bea897d6a0ebb61dd1d6a65daf7b634f589941222e,/home/a/projects/Radiation_Research/radiation_shielding/Radiation-Shielding-Research/results/phase1/source_models/source_library_snapshot/photon_wall_simulation_core__9f2f53dab9997188.py,9f2f53dab99971884f4a97bea897d6a0ebb61dd1d6a65daf7b634f589941222e,True
5.35,5.45,5.4,0.010450094641449727,0.010450094641449727,0.010450094641449727,PHOTON_NUMBER_PROBABILITY_MASS_PER_BIN,ENERGY_FLUENCE_MASS_PER_BIN,energy_fluence_mass_i = energy_center_MeV_i * probability_mass_bin_i,PROJECT_18MV_40x40,18MV_40x40,project_processed_from_Ding2002_Figure3_embedded,,,,,/home/a/projects/particle-accelerator-shielding-simulator/geant4sim/GUI/geant4GUI/photon_neutron_bpe_app/photon_wall_simulation_core.py,9f2f53dab99971884f4a97bea897d6a0ebb61dd1d6a65daf7b634f589941222e,/home/a/projects/Radiation_Research/radiation_shielding/Radiation-Shielding-Research/results/phase1/source_models/source_library_snapshot/photon_wall_simulation_core__9f2f53dab9997188.py,9f2f53dab99971884f4a97bea897d6a0ebb61dd1d6a65daf7b634f589941222e,True
5.45,5.55,5.5,0.010211844405074336,0.010211844405074336,0.010211844405074336,PHOTON_NUMBER_PROBABILITY_MASS_PER_BIN,ENERGY_FLUENCE_MASS_PER_BIN,energy_fluence_mass_i = energy_center_MeV_i * probability_mass_bin_i,PROJECT_18MV_40x40,18MV_40x40,project_processed_from_Ding2002_Figure3_embedded,,,,,/home/a/projects/particle-accelerator-shielding-simulator/geant4sim/GUI/geant4GUI/photon_neutron_bpe_app/photon_wall_simulation_core.py,9f2f53dab99971884f4a97bea897d6a0ebb61dd1d6a65daf7b634f589941222e,/home/a/projects/Radiation_Research/radiation_shielding/Radiation-Shielding-Research/results/phase1/source_models/source_library_snapshot/photon_wall_simulation_core__9f2f53dab9997188.py,9f2f53dab99971884f4a97bea897d6a0ebb61dd1d6a65daf7b634f589941222e,True
5.55,5.65,5.6,0.009979351954918376,0.009979351954918376,0.009979351954918376,PHOTON_NUMBER_PROBABILITY_MASS_PER_BIN,ENERGY_FLUENCE_MASS_PER_BIN,energy_fluence_mass_i = energy_center_MeV_i * probability_mass_bin_i,PROJECT_18MV_40x40,18MV_40x40,project_processed_from_Ding2002_Figure3_embedded,,,,,/home/a/projects/particle-accelerator-shielding-simulator/geant4sim/GUI/geant4GUI/photon_neutron_bpe_app/photon_wall_simulation_core.py,9f2f53dab99971884f4a97bea897d6a0ebb61dd1d6a65daf7b634f589941222e,/home/a/projects/Radiation_Research/radiation_shielding/Radiation-Shielding-Research/results/phase1/source_models/source_library_snapshot/photon_wall_simulation_core__9f2f53dab9997188.py,9f2f53dab99971884f4a97bea897d6a0ebb61dd1d6a65daf7b634f589941222e,True
5.65,5.75,5.7,0.009744680916984664,0.009744680916984664,0.009744680916984664,PHOTON_NUMBER_PROBABILITY_MASS_PER_BIN,ENERGY_FLUENCE_MASS_PER_BIN,energy_fluence_mass_i = energy_center_MeV_i * probability_mass_bin_i,PROJECT_18MV_40x40,18MV_40x40,project_processed_from_Ding2002_Figure3_embedded,,,,,/home/a/projects/particle-accelerator-shielding-simulator/geant4sim/GUI/geant4GUI/photon_neutron_bpe_app/photon_wall_simulation_core.py,9f2f53dab99971884f4a97bea897d6a0ebb61dd1d6a65daf7b634f589941222e,/home/a/projects/Radiation_Research/radiation_shielding/Radiation-Shielding-Research/results/phase1/source_models/source_library_snapshot/photon_wall_simulation_core__9f2f53dab9997188.py,9f2f53dab99971884f4a97bea897d6a0ebb61dd1d6a65daf7b634f589941222e,True
5.75,5.85,5.8,0.009507908133875373,0.009507908133875373,0.009507908133875373,PHOTON_NUMBER_PROBABILITY_MASS_PER_BIN,ENERGY_FLUENCE_MASS_PER_BIN,energy_fluence_mass_i = energy_center_MeV_i * probability_mass_bin_i,PROJECT_18MV_40x40,18MV_40x40,project_processed_from_Ding2002_Figure3_embedded,,,,,/home/a/projects/particle-accelerator-shielding-simulator/geant4sim/GUI/geant4GUI/photon_neutron_bpe_app/photon_wall_simulation_core.py,9f2f53dab99971884f4a97bea897d6a0ebb61dd1d6a65daf7b634f589941222e,/home/a/projects/Radiation_Research/radiation_shielding/Radiation-Shielding-Research/results/phase1/source_models/source_library_snapshot/photon_wall_simulation_core__9f2f53dab9997188.py,9f2f53dab99971884f4a97bea897d6a0ebb61dd1d6a65daf7b634f589941222e,True
5.85,5.95,5.9,0.009275153013848954,0.009275153013848954,0.009275153013848954,PHOTON_NUMBER_PROBABILITY_MASS_PER_BIN,ENERGY_FLUENCE_MASS_PER_BIN,energy_fluence_mass_i = energy_center_MeV_i * probability_mass_bin_i,PROJECT_18MV_40x40,18MV_40x40,project_processed_from_Ding2002_Figure3_embedded,,,,,/home/a/projects/particle-accelerator-shielding-simulator/geant4sim/GUI/geant4GUI/photon_neutron_bpe_app/photon_wall_simulation_core.py,9f2f53dab99971884f4a97bea897d6a0ebb61dd1d6a65daf7b634f589941222e,/home/a/projects/Radiation_Research/radiation_shielding/Radiation-Shielding-Research/results/phase1/source_models/source_library_snapshot/photon_wall_simulation_core__9f2f53dab9997188.py,9f2f53dab99971884f4a97bea897d6a0ebb61dd1d6a65daf7b634f589941222e,True
5.95,6.05,6.0,0.009052339016737024,0.009052339016737024,0.009052339016737024,PHOTON_NUMBER_PROBABILITY_MASS_PER_BIN,ENERGY_FLUENCE_MASS_PER_BIN,energy_fluence_mass_i = energy_center_MeV_i * probability_mass_bin_i,PROJECT_18MV_40x40,18MV_40x40,project_processed_from_Ding2002_Figure3_embedded,,,,,/home/a/projects/particle-accelerator-shielding-simulator/geant4sim/GUI/geant4GUI/photon_neutron_bpe_app/photon_wall_simulation_core.py,9f2f53dab99971884f4a97bea897d6a0ebb61dd1d6a65daf7b634f589941222e,/home/a/projects/Radiation_Research/radiation_shielding/Radiation-Shielding-Research/results/phase1/source_models/source_library_snapshot/photon_wall_simulation_core__9f2f53dab9997188.py,9f2f53dab99971884f4a97bea897d6a0ebb61dd1d6a65daf7b634f589941222e,True
6.05,6.15,6.1,0.00881871641535196,0.00881871641535196,0.00881871641535196,PHOTON_NUMBER_PROBABILITY_MASS_PER_BIN,ENERGY_FLUENCE_MASS_PER_BIN,energy_fluence_mass_i = energy_center_MeV_i * probability_mass_bin_i,PROJECT_18MV_40x40,18MV_40x40,project_processed_from_Ding2002_Figure3_embedded,,,,,/home/a/projects/particle-accelerator-shielding-simulator/geant4sim/GUI/geant4GUI/photon_neutron_bpe_app/photon_wall_simulation_core.py,9f2f53dab99971884f4a97bea897d6a0ebb61dd1d6a65daf7b634f589941222e,/home/a/projects/Radiation_Research/radiation_shielding/Radiation-Shielding-Research/results/phase1/source_models/source_library_snapshot/photon_wall_simulation_core__9f2f53dab9997188.py,9f2f53dab99971884f4a97bea897d6a0ebb61dd1d6a65daf7b634f589941222e,True
6.15,6.25,6.2,0.008576566685804539,0.008576566685804539,0.008576566685804539,PHOTON_NUMBER_PROBABILITY_MASS_PER_BIN,ENERGY_FLUENCE_MASS_PER_BIN,energy_fluence_mass_i = energy_center_MeV_i * probability_mass_bin_i,PROJECT_18MV_40x40,18MV_40x40,project_processed_from_Ding2002_Figure3_embedded,,,,,/home/a/projects/particle-accelerator-shielding-simulator/geant4sim/GUI/geant4GUI/photon_neutron_bpe_app/photon_wall_simulation_core.py,9f2f53dab99971884f4a97bea897d6a0ebb61dd1d6a65daf7b634f589941222e,/home/a/projects/Radiation_Research/radiation_shielding/Radiation-Shielding-Research/results/phase1/source_models/source_library_snapshot/photon_wall_simulation_core__9f2f53dab9997188.py,9f2f53dab99971884f4a97bea897d6a0ebb61dd1d6a65daf7b634f589941222e,True
6.25,6.35,6.3,0.008328304419301831,0.008328304419301831,0.008328304419301831,PHOTON_NUMBER_PROBABILITY_MASS_PER_BIN,ENERGY_FLUENCE_MASS_PER_BIN,energy_fluence_mass_i = energy_center_MeV_i * probability_mass_bin_i,PROJECT_18MV_40x40,18MV_40x40,project_processed_from_Ding2002_Figure3_embedded,,,,,/home/a/projects/particle-accelerator-shielding-simulator/geant4sim/GUI/geant4GUI/photon_neutron_bpe_app/photon_wall_simulation_core.py,9f2f53dab99971884f4a97bea897d6a0ebb61dd1d6a65daf7b634f589941222e,/home/a/projects/Radiation_Research/radiation_shielding/Radiation-Shielding-Research/results/phase1/source_models/source_library_snapshot/photon_wall_simulation_core__9f2f53dab9997188.py,9f2f53dab99971884f4a97bea897d6a0ebb61dd1d6a65daf7b634f589941222e,True
6.35,6.45,6.4,0.008074476173103688,0.008074476173103688,0.008074476173103688,PHOTON_NUMBER_PROBABILITY_MASS_PER_BIN,ENERGY_FLUENCE_MASS_PER_BIN,energy_fluence_mass_i = energy_center_MeV_i * probability_mass_bin_i,PROJECT_18MV_40x40,18MV_40x40,project_processed_from_Ding2002_Figure3_embedded,,,,,/home/a/projects/particle-accelerator-shielding-simulator/geant4sim/GUI/geant4GUI/photon_neutron_bpe_app/photon_wall_simulation_core.py,9f2f53dab99971884f4a97bea897d6a0ebb61dd1d6a65daf7b634f589941222e,/home/a/projects/Radiation_Research/radiation_shielding/Radiation-Shielding-Research/results/phase1/source_models/source_library_snapshot/photon_wall_simulation_core__9f2f53dab9997188.py,9f2f53dab99971884f4a97bea897d6a0ebb61dd1d6a65daf7b634f589941222e,True
6.45,6.55,6.5,0.007818127187450648,0.007818127187450648,0.007818127187450648,PHOTON_NUMBER_PROBABILITY_MASS_PER_BIN,ENERGY_FLUENCE_MASS_PER_BIN,energy_fluence_mass_i = energy_center_MeV_i * probability_mass_bin_i,PROJECT_18MV_40x40,18MV_40x40,project_processed_from_Ding2002_Figure3_embedded,,,,,/home/a/projects/particle-accelerator-shielding-simulator/geant4sim/GUI/geant4GUI/photon_neutron_bpe_app/photon_wall_simulation_core.py,9f2f53dab99971884f4a97bea897d6a0ebb61dd1d6a65daf7b634f589941222e,/home/a/projects/Radiation_Research/radiation_shielding/Radiation-Shielding-Research/results/phase1/source_models/source_library_snapshot/photon_wall_simulation_core__9f2f53dab9997188.py,9f2f53dab99971884f4a97bea897d6a0ebb61dd1d6a65daf7b634f589941222e,True
6.55,6.65,6.6,0.007560140226584159,0.007560140226584159,0.007560140226584159,PHOTON_NUMBER_PROBABILITY_MASS_PER_BIN,ENERGY_FLUENCE_MASS_PER_BIN,energy_fluence_mass_i = energy_center_MeV_i * probability_mass_bin_i,PROJECT_18MV_40x40,18MV_40x40,project_processed_from_Ding2002_Figure3_embedded,,,,,/home/a/projects/particle-accelerator-shielding-simulator/geant4sim/GUI/geant4GUI/photon_neutron_bpe_app/photon_wall_simulation_core.py,9f2f53dab99971884f4a97bea897d6a0ebb61dd1d6a65daf7b634f589941222e,/home/a/projects/Radiation_Research/radiation_shielding/Radiation-Shielding-Research/results/phase1/source_models/source_library_snapshot/photon_wall_simulation_core__9f2f53dab9997188.py,9f2f53dab99971884f4a97bea897d6a0ebb61dd1d6a65daf7b634f589941222e,True
6.65,6.75,6.7,0.007303348815084027,0.007303348815084027,0.007303348815084027,PHOTON_NUMBER_PROBABILITY_MASS_PER_BIN,ENERGY_FLUENCE_MASS_PER_BIN,energy_fluence_mass_i = energy_center_MeV_i * probability_mass_bin_i,PROJECT_18MV_40x40,18MV_40x40,project_processed_from_Ding2002_Figure3_embedded,,,,,/home/a/projects/particle-accelerator-shielding-simulator/geant4sim/GUI/geant4GUI/photon_neutron_bpe_app/photon_wall_simulation_core.py,9f2f53dab99971884f4a97bea897d6a0ebb61dd1d6a65daf7b634f589941222e,/home/a/projects/Radiation_Research/radiation_shielding/Radiation-Shielding-Research/results/phase1/source_models/source_library_snapshot/photon_wall_simulation_core__9f2f53dab9997188.py,9f2f53dab99971884f4a97bea897d6a0ebb61dd1d6a65daf7b634f589941222e,True
6.75,6.85,6.8,0.0070445778610827865,0.0070445778610827865,0.0070445778610827865,PHOTON_NUMBER_PROBABILITY_MASS_PER_BIN,ENERGY_FLUENCE_MASS_PER_BIN,energy_fluence_mass_i = energy_center_MeV_i * probability_mass_bin_i,PROJECT_18MV_40x40,18MV_40x40,project_processed_from_Ding2002_Figure3_embedded,,,,,/home/a/projects/particle-accelerator-shielding-simulator/geant4sim/GUI/geant4GUI/photon_neutron_bpe_app/photon_wall_simulation_core.py,9f2f53dab99971884f4a97bea897d6a0ebb61dd1d6a65daf7b634f589941222e,/home/a/projects/Radiation_Research/radiation_shielding/Radiation-Shielding-Research/results/phase1/source_models/source_library_snapshot/photon_wall_simulation_core__9f2f53dab9997188.py,9f2f53dab99971884f4a97bea897d6a0ebb61dd1d6a65daf7b634f589941222e,True
6.85,6.95,6.9,0.006782624840642196,0.006782624840642196,0.006782624840642196,PHOTON_NUMBER_PROBABILITY_MASS_PER_BIN,ENERGY_FLUENCE_MASS_PER_BIN,energy_fluence_mass_i = energy_center_MeV_i * probability_mass_bin_i,PROJECT_18MV_40x40,18MV_40x40,project_processed_from_Ding2002_Figure3_embedded,,,,,/home/a/projects/particle-accelerator-shielding-simulator/geant4sim/GUI/geant4GUI/photon_neutron_bpe_app/photon_wall_simulation_core.py,9f2f53dab99971884f4a97bea897d6a0ebb61dd1d6a65daf7b634f589941222e,/home/a/projects/Radiation_Research/radiation_shielding/Radiation-Shielding-Research/results/phase1/source_models/source_library_snapshot/photon_wall_simulation_core__9f2f53dab9997188.py,9f2f53dab99971884f4a97bea897d6a0ebb61dd1d6a65daf7b634f589941222e,True
6.95,7.05,7.0,0.006535056381036616,0.006535056381036616,0.006535056381036616,PHOTON_NUMBER_PROBABILITY_MASS_PER_BIN,ENERGY_FLUENCE_MASS_PER_BIN,energy_fluence_mass_i = energy_center_MeV_i * probability_mass_bin_i,PROJECT_18MV_40x40,18MV_40x40,project_processed_from_Ding2002_Figure3_embedded,,,,,/home/a/projects/particle-accelerator-shielding-simulator/geant4sim/GUI/geant4GUI/photon_neutron_bpe_app/photon_wall_simulation_core.py,9f2f53dab99971884f4a97bea897d6a0ebb61dd1d6a65daf7b634f589941222e,/home/a/projects/Radiation_Research/radiation_shielding/Radiation-Shielding-Research/results/phase1/source_models/source_library_snapshot/photon_wall_simulation_core__9f2f53dab9997188.py,9f2f53dab99971884f4a97bea897d6a0ebb61dd1d6a65daf7b634f589941222e,True
7.05,7.15,7.1,0.006294141263107,0.006294141263107,0.006294141263107,PHOTON_NUMBER_PROBABILITY_MASS_PER_BIN,ENERGY_FLUENCE_MASS_PER_BIN,energy_fluence_mass_i = energy_center_MeV_i * probability_mass_bin_i,PROJECT_18MV_40x40,18MV_40x40,project_processed_from_Ding2002_Figure3_embedded,,,,,/home/a/projects/particle-accelerator-shielding-simulator/geant4sim/GUI/geant4GUI/photon_neutron_bpe_app/photon_wall_simulation_core.py,9f2f53dab99971884f4a97bea897d6a0ebb61dd1d6a65daf7b634f589941222e,/home/a/projects/Radiation_Research/radiation_shielding/Radiation-Shielding-Research/results/phase1/source_models/source_library_snapshot/photon_wall_simulation_core__9f2f53dab9997188.py,9f2f53dab99971884f4a97bea897d6a0ebb61dd1d6a65daf7b634f589941222e,True
7.15,7.25,7.2,0.0060379680202159135,0.0060379680202159135,0.0060379680202159135,PHOTON_NUMBER_PROBABILITY_MASS_PER_BIN,ENERGY_FLUENCE_MASS_PER_BIN,energy_fluence_mass_i = energy_center_MeV_i * probability_mass_bin_i,PROJECT_18MV_40x40,18MV_40x40,project_processed_from_Ding2002_Figure3_embedded,,,,,/home/a/projects/particle-accelerator-shielding-simulator/geant4sim/GUI/geant4GUI/photon_neutron_bpe_app/photon_wall_simulation_core.py,9f2f53dab99971884f4a97bea897d6a0ebb61dd1d6a65daf7b634f589941222e,/home/a/projects/Radiation_Research/radiation_shielding/Radiation-Shielding-Research/results/phase1/source_models/source_library_snapshot/photon_wall_simulation_core__9f2f53dab9997188.py,9f2f53dab99971884f4a97bea897d6a0ebb61dd1d6a65daf7b634f589941222e,True
7.25,7.35,7.3,0.005755048084115355,0.005755048084115355,0.005755048084115355,PHOTON_NUMBER_PROBABILITY_MASS_PER_BIN,ENERGY_FLUENCE_MASS_PER_BIN,energy_fluence_mass_i = energy_center_MeV_i * probability_mass_bin_i,PROJECT_18MV_40x40,18MV_40x40,project_processed_from_Ding2002_Figure3_embedded,,,,,/home/a/projects/particle-accelerator-shielding-simulator/geant4sim/GUI/geant4GUI/photon_neutron_bpe_app/photon_wall_simulation_core.py,9f2f53dab99971884f4a97bea897d6a0ebb61dd1d6a65daf7b634f589941222e,/home/a/projects/Radiation_Research/radiation_shielding/Radiation-Shielding-Research/results/phase1/source_models/source_library_snapshot/photon_wall_simulation_core__9f2f53dab9997188.py,9f2f53dab99971884f4a97bea897d6a0ebb61dd1d6a65daf7b634f589941222e,True
7.35,7.45,7.4,0.005471607539161846,0.005471607539161846,0.005471607539161846,PHOTON_NUMBER_PROBABILITY_MASS_PER_BIN,ENERGY_FLUENCE_MASS_PER_BIN,energy_fluence_mass_i = energy_center_MeV_i * probability_mass_bin_i,PROJECT_18MV_40x40,18MV_40x40,project_processed_from_Ding2002_Figure3_embedded,,,,,/home/a/projects/particle-accelerator-shielding-simulator/geant4sim/GUI/geant4GUI/photon_neutron_bpe_app/photon_wall_simulation_core.py,9f2f53dab99971884f4a97bea897d6a0ebb61dd1d6a65daf7b634f589941222e,/home/a/projects/Radiation_Research/radiation_shielding/Radiation-Shielding-Research/results/phase1/source_models/source_library_snapshot/photon_wall_simulation_core__9f2f53dab9997188.py,9f2f53dab99971884f4a97bea897d6a0ebb61dd1d6a65daf7b634f589941222e,True
7.45,7.55,7.5,0.005213055482193659,0.005213055482193659,0.005213055482193659,PHOTON_NUMBER_PROBABILITY_MASS_PER_BIN,ENERGY_FLUENCE_MASS_PER_BIN,energy_fluence_mass_i = energy_center_MeV_i * probability_mass_bin_i,PROJECT_18MV_40x40,18MV_40x40,project_processed_from_Ding2002_Figure3_embedded,,,,,/home/a/projects/particle-accelerator-shielding-simulator/geant4sim/GUI/geant4GUI/photon_neutron_bpe_app/photon_wall_simulation_core.py,9f2f53dab99971884f4a97bea897d6a0ebb61dd1d6a65daf7b634f589941222e,/home/a/projects/Radiation_Research/radiation_shielding/Radiation-Shielding-Research/results/phase1/source_models/source_library_snapshot/photon_wall_simulation_core__9f2f53dab9997188.py,9f2f53dab99971884f4a97bea897d6a0ebb61dd1d6a65daf7b634f589941222e,True
7.55,7.65,7.6,0.004995116786781104,0.004995116786781104,0.004995116786781104,PHOTON_NUMBER_PROBABILITY_MASS_PER_BIN,ENERGY_FLUENCE_MASS_PER_BIN,energy_fluence_mass_i = energy_center_MeV_i * probability_mass_bin_i,PROJECT_18MV_40x40,18MV_40x40,project_processed_from_Ding2002_Figure3_embedded,,,,,/home/a/projects/particle-accelerator-shielding-simulator/geant4sim/GUI/geant4GUI/photon_neutron_bpe_app/photon_wall_simulation_core.py,9f2f53dab99971884f4a97bea897d6a0ebb61dd1d6a65daf7b634f589941222e,/home/a/projects/Radiation_Research/radiation_shielding/Radiation-Shielding-Research/results/phase1/source_models/source_library_snapshot/photon_wall_simulation_core__9f2f53dab9997188.py,9f2f53dab99971884f4a97bea897d6a0ebb61dd1d6a65daf7b634f589941222e,True
7.65,7.75,7.7,0.004748523651963094,0.004748523651963094,0.004748523651963094,PHOTON_NUMBER_PROBABILITY_MASS_PER_BIN,ENERGY_FLUENCE_MASS_PER_BIN,energy_fluence_mass_i = energy_center_MeV_i * probability_mass_bin_i,PROJECT_18MV_40x40,18MV_40x40,project_processed_from_Ding2002_Figure3_embedded,,,,,/home/a/projects/particle-accelerator-shielding-simulator/geant4sim/GUI/geant4GUI/photon_neutron_bpe_app/photon_wall_simulation_core.py,9f2f53dab99971884f4a97bea897d6a0ebb61dd1d6a65daf7b634f589941222e,/home/a/projects/Radiation_Research/radiation_shielding/Radiation-Shielding-Research/results/phase1/source_models/source_library_snapshot/photon_wall_simulation_core__9f2f53dab9997188.py,9f2f53dab99971884f4a97bea897d6a0ebb61dd1d6a65daf7b634f589941222e,True
7.75,7.85,7.8,0.004427810081744682,0.004427810081744682,0.004427810081744682,PHOTON_NUMBER_PROBABILITY_MASS_PER_BIN,ENERGY_FLUENCE_MASS_PER_BIN,energy_fluence_mass_i = energy_center_MeV_i * probability_mass_bin_i,PROJECT_18MV_40x40,18MV_40x40,project_processed_from_Ding2002_Figure3_embedded,,,,,/home/a/projects/particle-accelerator-shielding-simulator/geant4sim/GUI/geant4GUI/photon_neutron_bpe_app/photon_wall_simulation_core.py,9f2f53dab99971884f4a97bea897d6a0ebb61dd1d6a65daf7b634f589941222e,/home/a/projects/Radiation_Research/radiation_shielding/Radiation-Shielding-Research/results/phase1/source_models/source_library_snapshot/photon_wall_simulation_core__9f2f53dab9997188.py,9f2f53dab99971884f4a97bea897d6a0ebb61dd1d6a65daf7b634f589941222e,True
7.85,7.95,7.9,0.004092481269869861,0.004092481269869861,0.004092481269869861,PHOTON_NUMBER_PROBABILITY_MASS_PER_BIN,ENERGY_FLUENCE_MASS_PER_BIN,energy_fluence_mass_i = energy_center_MeV_i * probability_mass_bin_i,PROJECT_18MV_40x40,18MV_40x40,project_processed_from_Ding2002_Figure3_embedded,,,,,/home/a/projects/particle-accelerator-shielding-simulator/geant4sim/GUI/geant4GUI/photon_neutron_bpe_app/photon_wall_simulation_core.py,9f2f53dab99971884f4a97bea897d6a0ebb61dd1d6a65daf7b634f589941222e,/home/a/projects/Radiation_Research/radiation_shielding/Radiation-Shielding-Research/results/phase1/source_models/source_library_snapshot/photon_wall_simulation_core__9f2f53dab9997188.py,9f2f53dab99971884f4a97bea897d6a0ebb61dd1d6a65daf7b634f589941222e,True
7.95,8.05,8.0,0.003807261521899033,0.003807261521899033,0.003807261521899033,PHOTON_NUMBER_PROBABILITY_MASS_PER_BIN,ENERGY_FLUENCE_MASS_PER_BIN,energy_fluence_mass_i = energy_center_MeV_i * probability_mass_bin_i,PROJECT_18MV_40x40,18MV_40x40,project_processed_from_Ding2002_Figure3_embedded,,,,,/home/a/projects/particle-accelerator-shielding-simulator/geant4sim/GUI/geant4GUI/photon_neutron_bpe_app/photon_wall_simulation_core.py,9f2f53dab99971884f4a97bea897d6a0ebb61dd1d6a65daf7b634f589941222e,/home/a/projects/Radiation_Research/radiation_shielding/Radiation-Shielding-Research/results/phase1/source_models/source_library_snapshot/photon_wall_simulation_core__9f2f53dab9997188.py,9f2f53dab99971884f4a97bea897d6a0ebb61dd1d6a65daf7b634f589941222e,True
8.05,8.149999999999999,8.1,0.0036136856982531954,0.0036136856982531954,0.0036136856982531954,PHOTON_NUMBER_PROBABILITY_MASS_PER_BIN,ENERGY_FLUENCE_MASS_PER_BIN,energy_fluence_mass_i = energy_center_MeV_i * probability_mass_bin_i,PROJECT_18MV_40x40,18MV_40x40,project_processed_from_Ding2002_Figure3_embedded,,,,,/home/a/projects/particle-accelerator-shielding-simulator/geant4sim/GUI/geant4GUI/photon_neutron_bpe_app/photon_wall_simulation_core.py,9f2f53dab99971884f4a97bea897d6a0ebb61dd1d6a65daf7b634f589941222e,/home/a/projects/Radiation_Research/radiation_shielding/Radiation-Shielding-Research/results/phase1/source_models/source_library_snapshot/photon_wall_simulation_core__9f2f53dab9997188.py,9f2f53dab99971884f4a97bea897d6a0ebb61dd1d6a65daf7b634f589941222e,True
8.149999999999999,8.25,8.2,0.003471719759199435,0.003471719759199435,0.003471719759199435,PHOTON_NUMBER_PROBABILITY_MASS_PER_BIN,ENERGY_FLUENCE_MASS_PER_BIN,energy_fluence_mass_i = energy_center_MeV_i * probability_mass_bin_i,PROJECT_18MV_40x40,18MV_40x40,project_processed_from_Ding2002_Figure3_embedded,,,,,/home/a/projects/particle-accelerator-shielding-simulator/geant4sim/GUI/geant4GUI/photon_neutron_bpe_app/photon_wall_simulation_core.py,9f2f53dab99971884f4a97bea897d6a0ebb61dd1d6a65daf7b634f589941222e,/home/a/projects/Radiation_Research/radiation_shielding/Radiation-Shielding-Research/results/phase1/source_models/source_library_snapshot/photon_wall_simulation_core__9f2f53dab9997188.py,9f2f53dab99971884f4a97bea897d6a0ebb61dd1d6a65daf7b634f589941222e,True
8.25,8.350000000000001,8.3,0.0033329579843401247,0.0033329579843401247,0.0033329579843401247,PHOTON_NUMBER_PROBABILITY_MASS_PER_BIN,ENERGY_FLUENCE_MASS_PER_BIN,energy_fluence_mass_i = energy_center_MeV_i * probability_mass_bin_i,PROJECT_18MV_40x40,18MV_40x40,project_processed_from_Ding2002_Figure3_embedded,,,,,/home/a/projects/particle-accelerator-shielding-simulator/geant4sim/GUI/geant4GUI/photon_neutron_bpe_app/photon_wall_simulation_core.py,9f2f53dab99971884f4a97bea897d6a0ebb61dd1d6a65daf7b634f589941222e,/home/a/projects/Radiation_Research/radiation_shielding/Radiation-Shielding-Research/results/phase1/source_models/source_library_snapshot/photon_wall_simulation_core__9f2f53dab9997188.py,9f2f53dab99971884f4a97bea897d6a0ebb61dd1d6a65daf7b634f589941222e,True
8.350000000000001,8.45,8.4,0.0031977658456304276,0.0031977658456304276,0.0031977658456304276,PHOTON_NUMBER_PROBABILITY_MASS_PER_BIN,ENERGY_FLUENCE_MASS_PER_BIN,energy_fluence_mass_i = energy_center_MeV_i * probability_mass_bin_i,PROJECT_18MV_40x40,18MV_40x40,project_processed_from_Ding2002_Figure3_embedded,,,,,/home/a/projects/particle-accelerator-shielding-simulator/geant4sim/GUI/geant4GUI/photon_neutron_bpe_app/photon_wall_simulation_core.py,9f2f53dab99971884f4a97bea897d6a0ebb61dd1d6a65daf7b634f589941222e,/home/a/projects/Radiation_Research/radiation_shielding/Radiation-Shielding-Research/results/phase1/source_models/source_library_snapshot/photon_wall_simulation_core__9f2f53dab9997188.py,9f2f53dab99971884f4a97bea897d6a0ebb61dd1d6a65daf7b634f589941222e,True
8.45,8.55,8.5,0.0030666289604069277,0.0030666289604069277,0.0030666289604069277,PHOTON_NUMBER_PROBABILITY_MASS_PER_BIN,ENERGY_FLUENCE_MASS_PER_BIN,energy_fluence_mass_i = energy_center_MeV_i * probability_mass_bin_i,PROJECT_18MV_40x40,18MV_40x40,project_processed_from_Ding2002_Figure3_embedded,,,,,/home/a/projects/particle-accelerator-shielding-simulator/geant4sim/GUI/geant4GUI/photon_neutron_bpe_app/photon_wall_simulation_core.py,9f2f53dab99971884f4a97bea897d6a0ebb61dd1d6a65daf7b634f589941222e,/home/a/projects/Radiation_Research/radiation_shielding/Radiation-Shielding-Research/results/phase1/source_models/source_library_snapshot/photon_wall_simulation_core__9f2f53dab9997188.py,9f2f53dab99971884f4a97bea897d6a0ebb61dd1d6a65daf7b634f589941222e,True
8.55,8.649999999999999,8.6,0.0029391388352792295,0.0029391388352792295,0.0029391388352792295,PHOTON_NUMBER_PROBABILITY_MASS_PER_BIN,ENERGY_FLUENCE_MASS_PER_BIN,energy_fluence_mass_i = energy_center_MeV_i * probability_mass_bin_i,PROJECT_18MV_40x40,18MV_40x40,project_processed_from_Ding2002_Figure3_embedded,,,,,/home/a/projects/particle-accelerator-shielding-simulator/geant4sim/GUI/geant4GUI/photon_neutron_bpe_app/photon_wall_simulation_core.py,9f2f53dab99971884f4a97bea897d6a0ebb61dd1d6a65daf7b634f589941222e,/home/a/projects/Radiation_Research/radiation_shielding/Radiation-Shielding-Research/results/phase1/source_models/source_library_snapshot/photon_wall_simulation_core__9f2f53dab9997188.py,9f2f53dab99971884f4a97bea897d6a0ebb61dd1d6a65daf7b634f589941222e,True
8.649999999999999,8.75,8.7,0.002814547163875543,0.002814547163875543,0.002814547163875543,PHOTON_NUMBER_PROBABILITY_MASS_PER_BIN,ENERGY_FLUENCE_MASS_PER_BIN,energy_fluence_mass_i = energy_center_MeV_i * probability_mass_bin_i,PROJECT_18MV_40x40,18MV_40x40,project_processed_from_Ding2002_Figure3_embedded,,,,,/home/a/projects/particle-accelerator-shielding-simulator/geant4sim/GUI/geant4GUI/photon_neutron_bpe_app/photon_wall_simulation_core.py,9f2f53dab99971884f4a97bea897d6a0ebb61dd1d6a65daf7b634f589941222e,/home/a/projects/Radiation_Research/radiation_shielding/Radiation-Shielding-Research/results/phase1/source_models/source_library_snapshot/photon_wall_simulation_core__9f2f53dab9997188.py,9f2f53dab99971884f4a97bea897d6a0ebb61dd1d6a65daf7b634f589941222e,True
8.75,8.850000000000001,8.8,0.0026893197964230823,0.0026893197964230823,0.0026893197964230823,PHOTON_NUMBER_PROBABILITY_MASS_PER_BIN,ENERGY_FLUENCE_MASS_PER_BIN,energy_fluence_mass_i = energy_center_MeV_i * probability_mass_bin_i,PROJECT_18MV_40x40,18MV_40x40,project_processed_from_Ding2002_Figure3_embedded,,,,,/home/a/projects/particle-accelerator-shielding-simulator/geant4sim/GUI/geant4GUI/photon_neutron_bpe_app/photon_wall_simulation_core.py,9f2f53dab99971884f4a97bea897d6a0ebb61dd1d6a65daf7b634f589941222e,/home/a/projects/Radiation_Research/radiation_shielding/Radiation-Shielding-Research/results/phase1/source_models/source_library_snapshot/photon_wall_simulation_core__9f2f53dab9997188.py,9f2f53dab99971884f4a97bea897d6a0ebb61dd1d6a65daf7b634f589941222e,True
8.850000000000001,8.95,8.9,0.002561458121412205,0.002561458121412205,0.002561458121412205,PHOTON_NUMBER_PROBABILITY_MASS_PER_BIN,ENERGY_FLUENCE_MASS_PER_BIN,energy_fluence_mass_i = energy_center_MeV_i * probability_mass_bin_i,PROJECT_18MV_40x40,18MV_40x40,project_processed_from_Ding2002_Figure3_embedded,,,,,/home/a/projects/particle-accelerator-shielding-simulator/geant4sim/GUI/geant4GUI/photon_neutron_bpe_app/photon_wall_simulation_core.py,9f2f53dab99971884f4a97bea897d6a0ebb61dd1d6a65daf7b634f589941222e,/home/a/projects/Radiation_Research/radiation_shielding/Radiation-Shielding-Research/results/phase1/source_models/source_library_snapshot/photon_wall_simulation_core__9f2f53dab9997188.py,9f2f53dab99971884f4a97bea897d6a0ebb61dd1d6a65daf7b634f589941222e,True
8.95,9.05,9.0,0.002430649075927786,0.002430649075927786,0.002430649075927786,PHOTON_NUMBER_PROBABILITY_MASS_PER_BIN,ENERGY_FLUENCE_MASS_PER_BIN,energy_fluence_mass_i = energy_center_MeV_i * probability_mass_bin_i,PROJECT_18MV_40x40,18MV_40x40,project_processed_from_Ding2002_Figure3_embedded,,,,,/home/a/projects/particle-accelerator-shielding-simulator/geant4sim/GUI/geant4GUI/photon_neutron_bpe_app/photon_wall_simulation_core.py,9f2f53dab99971884f4a97bea897d6a0ebb61dd1d6a65daf7b634f589941222e,/home/a/projects/Radiation_Research/radiation_shielding/Radiation-Shielding-Research/results/phase1/source_models/source_library_snapshot/photon_wall_simulation_core__9f2f53dab9997188.py,9f2f53dab99971884f4a97bea897d6a0ebb61dd1d6a65daf7b634f589941222e,True
9.05,9.149999999999999,9.1,0.002288373770275667,0.002288373770275667,0.002288373770275667,PHOTON_NUMBER_PROBABILITY_MASS_PER_BIN,ENERGY_FLUENCE_MASS_PER_BIN,energy_fluence_mass_i = energy_center_MeV_i * probability_mass_bin_i,PROJECT_18MV_40x40,18MV_40x40,project_processed_from_Ding2002_Figure3_embedded,,,,,/home/a/projects/particle-accelerator-shielding-simulator/geant4sim/GUI/geant4GUI/photon_neutron_bpe_app/photon_wall_simulation_core.py,9f2f53dab99971884f4a97bea897d6a0ebb61dd1d6a65daf7b634f589941222e,/home/a/projects/Radiation_Research/radiation_shielding/Radiation-Shielding-Research/results/phase1/source_models/source_library_snapshot/photon_wall_simulation_core__9f2f53dab9997188.py,9f2f53dab99971884f4a97bea897d6a0ebb61dd1d6a65daf7b634f589941222e,True
9.149999999999999,9.25,9.2,0.0021346568815259954,0.0021346568815259954,0.0021346568815259954,PHOTON_NUMBER_PROBABILITY_MASS_PER_BIN,ENERGY_FLUENCE_MASS_PER_BIN,energy_fluence_mass_i = energy_center_MeV_i * probability_mass_bin_i,PROJECT_18MV_40x40,18MV_40x40,project_processed_from_Ding2002_Figure3_embedded,,,,,/home/a/projects/particle-accelerator-shielding-simulator/geant4sim/GUI/geant4GUI/photon_neutron_bpe_app/photon_wall_simulation_core.py,9f2f53dab99971884f4a97bea897d6a0ebb61dd1d6a65daf7b634f589941222e,/home/a/projects/Radiation_Research/radiation_shielding/Radiation-Shielding-Research/results/phase1/source_models/source_library_snapshot/photon_wall_simulation_core__9f2f53dab9997188.py,9f2f53dab99971884f4a97bea897d6a0ebb61dd1d6a65daf7b634f589941222e,True
9.25,9.350000000000001,9.3,0.001976059147950849,0.001976059147950849,0.001976059147950849,PHOTON_NUMBER_PROBABILITY_MASS_PER_BIN,ENERGY_FLUENCE_MASS_PER_BIN,energy_fluence_mass_i = energy_center_MeV_i * probability_mass_bin_i,PROJECT_18MV_40x40,18MV_40x40,project_processed_from_Ding2002_Figure3_embedded,,,,,/home/a/projects/particle-accelerator-shielding-simulator/geant4sim/GUI/geant4GUI/photon_neutron_bpe_app/photon_wall_simulation_core.py,9f2f53dab99971884f4a97bea897d6a0ebb61dd1d6a65daf7b634f589941222e,/home/a/projects/Radiation_Research/radiation_shielding/Radiation-Shielding-Research/results/phase1/source_models/source_library_snapshot/photon_wall_simulation_core__9f2f53dab9997188.py,9f2f53dab99971884f4a97bea897d6a0ebb61dd1d6a65daf7b634f589941222e,True
9.350000000000001,9.45,9.4,0.0018108850944824836,0.0018108850944824836,0.0018108850944824836,PHOTON_NUMBER_PROBABILITY_MASS_PER_BIN,ENERGY_FLUENCE_MASS_PER_BIN,energy_fluence_mass_i = energy_center_MeV_i * probability_mass_bin_i,PROJECT_18MV_40x40,18MV_40x40,project_processed_from_Ding2002_Figure3_embedded,,,,,/home/a/projects/particle-accelerator-shielding-simulator/geant4sim/GUI/geant4GUI/photon_neutron_bpe_app/photon_wall_simulation_core.py,9f2f53dab99971884f4a97bea897d6a0ebb61dd1d6a65daf7b634f589941222e,/home/a/projects/Radiation_Research/radiation_shielding/Radiation-Shielding-Research/results/phase1/source_models/source_library_snapshot/photon_wall_simulation_core__9f2f53dab9997188.py,9f2f53dab99971884f4a97bea897d6a0ebb61dd1d6a65daf7b634f589941222e,True
9.45,9.55,9.5,0.001640095346528458,0.001640095346528458,0.001640095346528458,PHOTON_NUMBER_PROBABILITY_MASS_PER_BIN,ENERGY_FLUENCE_MASS_PER_BIN,energy_fluence_mass_i = energy_center_MeV_i * probability_mass_bin_i,PROJECT_18MV_40x40,18MV_40x40,project_processed_from_Ding2002_Figure3_embedded,,,,,/home/a/projects/particle-accelerator-shielding-simulator/geant4sim/GUI/geant4GUI/photon_neutron_bpe_app/photon_wall_simulation_core.py,9f2f53dab99971884f4a97bea897d6a0ebb61dd1d6a65daf7b634f589941222e,/home/a/projects/Radiation_Research/radiation_shielding/Radiation-Shielding-Research/results/phase1/source_models/source_library_snapshot/photon_wall_simulation_core__9f2f53dab9997188.py,9f2f53dab99971884f4a97bea897d6a0ebb61dd1d6a65daf7b634f589941222e,True
9.55,9.649999999999999,9.6,0.0014719363782504137,0.0014719363782504137,0.0014719363782504137,PHOTON_NUMBER_PROBABILITY_MASS_PER_BIN,ENERGY_FLUENCE_MASS_PER_BIN,energy_fluence_mass_i = energy_center_MeV_i * probability_mass_bin_i,PROJECT_18MV_40x40,18MV_40x40,project_processed_from_Ding2002_Figure3_embedded,,,,,/home/a/projects/particle-accelerator-shielding-simulator/geant4sim/GUI/geant4GUI/photon_neutron_bpe_app/photon_wall_simulation_core.py,9f2f53dab99971884f4a97bea897d6a0ebb61dd1d6a65daf7b634f589941222e,/home/a/projects/Radiation_Research/radiation_shielding/Radiation-Shielding-Research/results/phase1/source_models/source_library_snapshot/photon_wall_simulation_core__9f2f53dab9997188.py,9f2f53dab99971884f4a97bea897d6a0ebb61dd1d6a65daf7b634f589941222e,True
9.649999999999999,9.75,9.7,0.0013062763169802917,0.0013062763169802917,0.0013062763169802917,PHOTON_NUMBER_PROBABILITY_MASS_PER_BIN,ENERGY_FLUENCE_MASS_PER_BIN,energy_fluence_mass_i = energy_center_MeV_i * probability_mass_bin_i,PROJECT_18MV_40x40,18MV_40x40,project_processed_from_Ding2002_Figure3_embedded,,,,,/home/a/projects/particle-accelerator-shielding-simulator/geant4sim/GUI/geant4GUI/photon_neutron_bpe_app/photon_wall_simulation_core.py,9f2f53dab99971884f4a97bea897d6a0ebb61dd1d6a65daf7b634f589941222e,/home/a/projects/Radiation_Research/radiation_shielding/Radiation-Shielding-Research/results/phase1/source_models/source_library_snapshot/photon_wall_simulation_core__9f2f53dab9997188.py,9f2f53dab99971884f4a97bea897d6a0ebb61dd1d6a65daf7b634f589941222e,True
9.75,9.850000000000001,9.8,0.0011443683270304145,0.0011443683270304145,0.0011443683270304145,PHOTON_NUMBER_PROBABILITY_MASS_PER_BIN,ENERGY_FLUENCE_MASS_PER_BIN,energy_fluence_mass_i = energy_center_MeV_i * probability_mass_bin_i,PROJECT_18MV_40x40,18MV_40x40,project_processed_from_Ding2002_Figure3_embedded,,,,,/home/a/projects/particle-accelerator-shielding-simulator/geant4sim/GUI/geant4GUI/photon_neutron_bpe_app/photon_wall_simulation_core.py,9f2f53dab99971884f4a97bea897d6a0ebb61dd1d6a65daf7b634f589941222e,/home/a/projects/Radiation_Research/radiation_shielding/Radiation-Shielding-Research/results/phase1/source_models/source_library_snapshot/photon_wall_simulation_core__9f2f53dab9997188.py,9f2f53dab99971884f4a97bea897d6a0ebb61dd1d6a65daf7b634f589941222e,True
9.850000000000001,9.95,9.9,0.000994175548512676,0.000994175548512676,0.000994175548512676,PHOTON_NUMBER_PROBABILITY_MASS_PER_BIN,ENERGY_FLUENCE_MASS_PER_BIN,energy_fluence_mass_i = energy_center_MeV_i * probability_mass_bin_i,PROJECT_18MV_40x40,18MV_40x40,project_processed_from_Ding2002_Figure3_embedded,,,,,/home/a/projects/particle-accelerator-shielding-simulator/geant4sim/GUI/geant4GUI/photon_neutron_bpe_app/photon_wall_simulation_core.py,9f2f53dab99971884f4a97bea897d6a0ebb61dd1d6a65daf7b634f589941222e,/home/a/projects/Radiation_Research/radiation_shielding/Radiation-Shielding-Research/results/phase1/source_models/source_library_snapshot/photon_wall_simulation_core__9f2f53dab9997188.py,9f2f53dab99971884f4a97bea897d6a0ebb61dd1d6a65daf7b634f589941222e,True
9.95,10.05,10.0,0.0008610419093733643,0.0008610419093733643,0.0008610419093733643,PHOTON_NUMBER_PROBABILITY_MASS_PER_BIN,ENERGY_FLUENCE_MASS_PER_BIN,energy_fluence_mass_i = energy_center_MeV_i * probability_mass_bin_i,PROJECT_18MV_40x40,18MV_40x40,project_processed_from_Ding2002_Figure3_embedded,,,,,/home/a/projects/particle-accelerator-shielding-simulator/geant4sim/GUI/geant4GUI/photon_neutron_bpe_app/photon_wall_simulation_core.py,9f2f53dab99971884f4a97bea897d6a0ebb61dd1d6a65daf7b634f589941222e,/home/a/projects/Radiation_Research/radiation_shielding/Radiation-Shielding-Research/results/phase1/source_models/source_library_snapshot/photon_wall_simulation_core__9f2f53dab9997188.py,9f2f53dab99971884f4a97bea897d6a0ebb61dd1d6a65daf7b634f589941222e,True
10.05,10.149999999999999,10.1,0.0007472059679234679,0.0007472059679234679,0.0007472059679234679,PHOTON_NUMBER_PROBABILITY_MASS_PER_BIN,ENERGY_FLUENCE_MASS_PER_BIN,energy_fluence_mass_i = energy_center_MeV_i * probability_mass_bin_i,PROJECT_18MV_40x40,18MV_40x40,project_processed_from_Ding2002_Figure3_embedded,,,,,/home/a/projects/particle-accelerator-shielding-simulator/geant4sim/GUI/geant4GUI/photon_neutron_bpe_app/photon_wall_simulation_core.py,9f2f53dab99971884f4a97bea897d6a0ebb61dd1d6a65daf7b634f589941222e,/home/a/projects/Radiation_Research/radiation_shielding/Radiation-Shielding-Research/results/phase1/source_models/source_library_snapshot/photon_wall_simulation_core__9f2f53dab9997188.py,9f2f53dab99971884f4a97bea897d6a0ebb61dd1d6a65daf7b634f589941222e,True
10.149999999999999,10.25,10.2,0.0006478122995357113,0.0006478122995357113,0.0006478122995357113,PHOTON_NUMBER_PROBABILITY_MASS_PER_BIN,ENERGY_FLUENCE_MASS_PER_BIN,energy_fluence_mass_i = energy_center_MeV_i * probability_mass_bin_i,PROJECT_18MV_40x40,18MV_40x40,project_processed_from_Ding2002_Figure3_embedded,,,,,/home/a/projects/particle-accelerator-shielding-simulator/geant4sim/GUI/geant4GUI/photon_neutron_bpe_app/photon_wall_simulation_core.py,9f2f53dab99971884f4a97bea897d6a0ebb61dd1d6a65daf7b634f589941222e,/home/a/projects/Radiation_Research/radiation_shielding/Radiation-Shielding-Research/results/phase1/source_models/source_library_snapshot/photon_wall_simulation_core__9f2f53dab9997188.py,9f2f53dab99971884f4a97bea897d6a0ebb61dd1d6a65daf7b634f589941222e,True
10.25,10.350000000000001,10.3,0.0005593727683755132,0.0005593727683755132,0.0005593727683755132,PHOTON_NUMBER_PROBABILITY_MASS_PER_BIN,ENERGY_FLUENCE_MASS_PER_BIN,energy_fluence_mass_i = energy_center_MeV_i * probability_mass_bin_i,PROJECT_18MV_40x40,18MV_40x40,project_processed_from_Ding2002_Figure3_embedded,,,,,/home/a/projects/particle-accelerator-shielding-simulator/geant4sim/GUI/geant4GUI/photon_neutron_bpe_app/photon_wall_simulation_core.py,9f2f53dab99971884f4a97bea897d6a0ebb61dd1d6a65daf7b634f589941222e,/home/a/projects/Radiation_Research/radiation_shielding/Radiation-Shielding-Research/results/phase1/source_models/source_library_snapshot/photon_wall_simulation_core__9f2f53dab9997188.py,9f2f53dab99971884f4a97bea897d6a0ebb61dd1d6a65daf7b634f589941222e,True
10.350000000000001,10.45,10.4,0.00048289564581939173,0.00048289564581939173,0.00048289564581939173,PHOTON_NUMBER_PROBABILITY_MASS_PER_BIN,ENERGY_FLUENCE_MASS_PER_BIN,energy_fluence_mass_i = energy_center_MeV_i * probability_mass_bin_i,PROJECT_18MV_40x40,18MV_40x40,project_processed_from_Ding2002_Figure3_embedded,,,,,/home/a/projects/particle-accelerator-shielding-simulator/geant4sim/GUI/geant4GUI/photon_neutron_bpe_app/photon_wall_simulation_core.py,9f2f53dab99971884f4a97bea897d6a0ebb61dd1d6a65daf7b634f589941222e,/home/a/projects/Radiation_Research/radiation_shielding/Radiation-Shielding-Research/results/phase1/source_models/source_library_snapshot/photon_wall_simulation_core__9f2f53dab9997188.py,9f2f53dab99971884f4a97bea897d6a0ebb61dd1d6a65daf7b634f589941222e,True
10.45,10.55,10.5,0.0004183710867629954,0.0004183710867629954,0.0004183710867629954,PHOTON_NUMBER_PROBABILITY_MASS_PER_BIN,ENERGY_FLUENCE_MASS_PER_BIN,energy_fluence_mass_i = energy_center_MeV_i * probability_mass_bin_i,PROJECT_18MV_40x40,18MV_40x40,project_processed_from_Ding2002_Figure3_embedded,,,,,/home/a/projects/particle-accelerator-shielding-simulator/geant4sim/GUI/geant4GUI/photon_neutron_bpe_app/photon_wall_simulation_core.py,9f2f53dab99971884f4a97bea897d6a0ebb61dd1d6a65daf7b634f589941222e,/home/a/projects/Radiation_Research/radiation_shielding/Radiation-Shielding-Research/results/phase1/source_models/source_library_snapshot/photon_wall_simulation_core__9f2f53dab9997188.py,9f2f53dab99971884f4a97bea897d6a0ebb61dd1d6a65daf7b634f589941222e,True
10.55,10.649999999999999,10.6,0.0003651598389134773,0.0003651598389134773,0.0003651598389134773,PHOTON_NUMBER_PROBABILITY_MASS_PER_BIN,ENERGY_FLUENCE_MASS_PER_BIN,energy_fluence_mass_i = energy_center_MeV_i * probability_mass_bin_i,PROJECT_18MV_40x40,18MV_40x40,project_processed_from_Ding2002_Figure3_embedded,,,,,/home/a/projects/particle-accelerator-shielding-simulator/geant4sim/GUI/geant4GUI/photon_neutron_bpe_app/photon_wall_simulation_core.py,9f2f53dab99971884f4a97bea897d6a0ebb61dd1d6a65daf7b634f589941222e,/home/a/projects/Radiation_Research/radiation_shielding/Radiation-Shielding-Research/results/phase1/source_models/source_library_snapshot/photon_wall_simulation_core__9f2f53dab9997188.py,9f2f53dab99971884f4a97bea897d6a0ebb61dd1d6a65daf7b634f589941222e,True
10.649999999999999,10.75,10.7,0.0003229360278848907,0.0003229360278848907,0.0003229360278848907,PHOTON_NUMBER_PROBABILITY_MASS_PER_BIN,ENERGY_FLUENCE_MASS_PER_BIN,energy_fluence_mass_i = energy_center_MeV_i * probability_mass_bin_i,PROJECT_18MV_40x40,18MV_40x40,project_processed_from_Ding2002_Figure3_embedded,,,,,/home/a/projects/particle-accelerator-shielding-simulator/geant4sim/GUI/geant4GUI/photon_neutron_bpe_app/photon_wall_simulation_core.py,9f2f53dab99971884f4a97bea897d6a0ebb61dd1d6a65daf7b634f589941222e,/home/a/projects/Radiation_Research/radiation_shielding/Radiation-Shielding-Research/results/phase1/source_models/source_library_snapshot/photon_wall_simulation_core__9f2f53dab9997188.py,9f2f53dab99971884f4a97bea897d6a0ebb61dd1d6a65daf7b634f589941222e,True
10.75,10.850000000000001,10.8,0.00028848789306159313,0.00028848789306159313,0.00028848789306159313,PHOTON_NUMBER_PROBABILITY_MASS_PER_BIN,ENERGY_FLUENCE_MASS_PER_BIN,energy_fluence_mass_i = energy_center_MeV_i * probability_mass_bin_i,PROJECT_18MV_40x40,18MV_40x40,project_processed_from_Ding2002_Figure3_embedded,,,,,/home/a/projects/particle-accelerator-shielding-simulator/geant4sim/GUI/geant4GUI/photon_neutron_bpe_app/photon_wall_simulation_core.py,9f2f53dab99971884f4a97bea897d6a0ebb61dd1d6a65daf7b634f589941222e,/home/a/projects/Radiation_Research/radiation_shielding/Radiation-Shielding-Research/results/phase1/source_models/source_library_snapshot/photon_wall_simulation_core__9f2f53dab9997188.py,9f2f53dab99971884f4a97bea897d6a0ebb61dd1d6a65daf7b634f589941222e,True
10.850000000000001,10.95,10.9,0.0002578827304637225,0.0002578827304637225,0.0002578827304637225,PHOTON_NUMBER_PROBABILITY_MASS_PER_BIN,ENERGY_FLUENCE_MASS_PER_BIN,energy_fluence_mass_i = energy_center_MeV_i * probability_mass_bin_i,PROJECT_18MV_40x40,18MV_40x40,project_processed_from_Ding2002_Figure3_embedded,,,,,/home/a/projects/particle-accelerator-shielding-simulator/geant4sim/GUI/geant4GUI/photon_neutron_bpe_app/photon_wall_simulation_core.py,9f2f53dab99971884f4a97bea897d6a0ebb61dd1d6a65daf7b634f589941222e,/home/a/projects/Radiation_Research/radiation_shielding/Radiation-Shielding-Research/results/phase1/source_models/source_library_snapshot/photon_wall_simulation_core__9f2f53dab9997188.py,9f2f53dab99971884f4a97bea897d6a0ebb61dd1d6a65daf7b634f589941222e,True
10.95,11.05,11.0,0.00022851066698475258,0.00022851066698475258,0.00022851066698475258,PHOTON_NUMBER_PROBABILITY_MASS_PER_BIN,ENERGY_FLUENCE_MASS_PER_BIN,energy_fluence_mass_i = energy_center_MeV_i * probability_mass_bin_i,PROJECT_18MV_40x40,18MV_40x40,project_processed_from_Ding2002_Figure3_embedded,,,,,/home/a/projects/particle-accelerator-shielding-simulator/geant4sim/GUI/geant4GUI/photon_neutron_bpe_app/photon_wall_simulation_core.py,9f2f53dab99971884f4a97bea897d6a0ebb61dd1d6a65daf7b634f589941222e,/home/a/projects/Radiation_Research/radiation_shielding/Radiation-Shielding-Research/results/phase1/source_models/source_library_snapshot/photon_wall_simulation_core__9f2f53dab9997188.py,9f2f53dab99971884f4a97bea897d6a0ebb61dd1d6a65daf7b634f589941222e,True
11.05,11.149999999999999,11.1,0.0001988319725071463,0.0001988319725071463,0.0001988319725071463,PHOTON_NUMBER_PROBABILITY_MASS_PER_BIN,ENERGY_FLUENCE_MASS_PER_BIN,energy_fluence_mass_i = energy_center_MeV_i * probability_mass_bin_i,PROJECT_18MV_40x40,18MV_40x40,project_processed_from_Ding2002_Figure3_embedded,,,,,/home/a/projects/particle-accelerator-shielding-simulator/geant4sim/GUI/geant4GUI/photon_neutron_bpe_app/photon_wall_simulation_core.py,9f2f53dab99971884f4a97bea897d6a0ebb61dd1d6a65daf7b634f589941222e,/home/a/projects/Radiation_Research/radiation_shielding/Radiation-Shielding-Research/results/phase1/source_models/source_library_snapshot/photon_wall_simulation_core__9f2f53dab9997188.py,9f2f53dab99971884f4a97bea897d6a0ebb61dd1d6a65daf7b634f589941222e,True
11.149999999999999,11.25,11.2,0.00016892785478387308,0.00016892785478387308,0.00016892785478387308,PHOTON_NUMBER_PROBABILITY_MASS_PER_BIN,ENERGY_FLUENCE_MASS_PER_BIN,energy_fluence_mass_i = energy_center_MeV_i * probability_mass_bin_i,PROJECT_18MV_40x40,18MV_40x40,project_processed_from_Ding2002_Figure3_embedded,,,,,/home/a/projects/particle-accelerator-shielding-simulator/geant4sim/GUI/geant4GUI/photon_neutron_bpe_app/photon_wall_simulation_core.py,9f2f53dab99971884f4a97bea897d6a0ebb61dd1d6a65daf7b634f589941222e,/home/a/projects/Radiation_Research/radiation_shielding/Radiation-Shielding-Research/results/phase1/source_models/source_library_snapshot/photon_wall_simulation_core__9f2f53dab9997188.py,9f2f53dab99971884f4a97bea897d6a0ebb61dd1d6a65daf7b634f589941222e,True
11.25,11.350000000000001,11.3,0.00014035954118032747,0.00014035954118032747,0.00014035954118032747,PHOTON_NUMBER_PROBABILITY_MASS_PER_BIN,ENERGY_FLUENCE_MASS_PER_BIN,energy_fluence_mass_i = energy_center_MeV_i * probability_mass_bin_i,PROJECT_18MV_40x40,18MV_40x40,project_processed_from_Ding2002_Figure3_embedded,,,,,/home/a/projects/particle-accelerator-shielding-simulator/geant4sim/GUI/geant4GUI/photon_neutron_bpe_app/photon_wall_simulation_core.py,9f2f53dab99971884f4a97bea897d6a0ebb61dd1d6a65daf7b634f589941222e,/home/a/projects/Radiation_Research/radiation_shielding/Radiation-Shielding-Research/results/phase1/source_models/source_library_snapshot/photon_wall_simulation_core__9f2f53dab9997188.py,9f2f53dab99971884f4a97bea897d6a0ebb61dd1d6a65daf7b634f589941222e,True
11.350000000000001,11.45,11.4,0.00011421944168849987,0.00011421944168849987,0.00011421944168849987,PHOTON_NUMBER_PROBABILITY_MASS_PER_BIN,ENERGY_FLUENCE_MASS_PER_BIN,energy_fluence_mass_i = energy_center_MeV_i * probability_mass_bin_i,PROJECT_18MV_40x40,18MV_40x40,project_processed_from_Ding2002_Figure3_embedded,,,,,/home/a/projects/particle-accelerator-shielding-simulator/geant4sim/GUI/geant4GUI/photon_neutron_bpe_app/photon_wall_simulation_core.py,9f2f53dab99971884f4a97bea897d6a0ebb61dd1d6a65daf7b634f589941222e,/home/a/projects/Radiation_Research/radiation_shielding/Radiation-Shielding-Research/results/phase1/source_models/source_library_snapshot/photon_wall_simulation_core__9f2f53dab9997188.py,9f2f53dab99971884f4a97bea897d6a0ebb61dd1d6a65daf7b634f589941222e,True
11.45,11.55,11.5,9.116483275882686e-05,9.116483275882686e-05,9.116483275882686e-05,PHOTON_NUMBER_PROBABILITY_MASS_PER_BIN,ENERGY_FLUENCE_MASS_PER_BIN,energy_fluence_mass_i = energy_center_MeV_i * probability_mass_bin_i,PROJECT_18MV_40x40,18MV_40x40,project_processed_from_Ding2002_Figure3_embedded,,,,,/home/a/projects/particle-accelerator-shielding-simulator/geant4sim/GUI/geant4GUI/photon_neutron_bpe_app/photon_wall_simulation_core.py,9f2f53dab99971884f4a97bea897d6a0ebb61dd1d6a65daf7b634f589941222e,/home/a/projects/Radiation_Research/radiation_shielding/Radiation-Shielding-Research/results/phase1/source_models/source_library_snapshot/photon_wall_simulation_core__9f2f53dab9997188.py,9f2f53dab99971884f4a97bea897d6a0ebb61dd1d6a65daf7b634f589941222e,True
11.55,11.649999999999999,11.6,7.147195358481961e-05,7.147195358481961e-05,7.147195358481961e-05,PHOTON_NUMBER_PROBABILITY_MASS_PER_BIN,ENERGY_FLUENCE_MASS_PER_BIN,energy_fluence_mass_i = energy_center_MeV_i * probability_mass_bin_i,PROJECT_18MV_40x40,18MV_40x40,project_processed_from_Ding2002_Figure3_embedded,,,,,/home/a/projects/particle-accelerator-shielding-simulator/geant4sim/GUI/geant4GUI/photon_neutron_bpe_app/photon_wall_simulation_core.py,9f2f53dab99971884f4a97bea897d6a0ebb61dd1d6a65daf7b634f589941222e,/home/a/projects/Radiation_Research/radiation_shielding/Radiation-Shielding-Research/results/phase1/source_models/source_library_snapshot/photon_wall_simulation_core__9f2f53dab9997188.py,9f2f53dab99971884f4a97bea897d6a0ebb61dd1d6a65daf7b634f589941222e,True
11.649999999999999,11.75,11.7,5.203388077770891e-05,5.203388077770891e-05,5.203388077770891e-05,PHOTON_NUMBER_PROBABILITY_MASS_PER_BIN,ENERGY_FLUENCE_MASS_PER_BIN,energy_fluence_mass_i = energy_center_MeV_i * probability_mass_bin_i,PROJECT_18MV_40x40,18MV_40x40,project_processed_from_Ding2002_Figure3_embedded,,,,,/home/a/projects/particle-accelerator-shielding-simulator/geant4sim/GUI/geant4GUI/photon_neutron_bpe_app/photon_wall_simulation_core.py,9f2f53dab99971884f4a97bea897d6a0ebb61dd1d6a65daf7b634f589941222e,/home/a/projects/Radiation_Research/radiation_shielding/Radiation-Shielding-Research/results/phase1/source_models/source_library_snapshot/photon_wall_simulation_core__9f2f53dab9997188.py,9f2f53dab99971884f4a97bea897d6a0ebb61dd1d6a65daf7b634f589941222e,True
11.75,11.850000000000001,11.8,3.493176465217351e-05,3.493176465217351e-05,3.493176465217351e-05,PHOTON_NUMBER_PROBABILITY_MASS_PER_BIN,ENERGY_FLUENCE_MASS_PER_BIN,energy_fluence_mass_i = energy_center_MeV_i * probability_mass_bin_i,PROJECT_18MV_40x40,18MV_40x40,project_processed_from_Ding2002_Figure3_embedded,,,,,/home/a/projects/particle-accelerator-shielding-simulator/geant4sim/GUI/geant4GUI/photon_neutron_bpe_app/photon_wall_simulation_core.py,9f2f53dab99971884f4a97bea897d6a0ebb61dd1d6a65daf7b634f589941222e,/home/a/projects/Radiation_Research/radiation_shielding/Radiation-Shielding-Research/results/phase1/source_models/source_library_snapshot/photon_wall_simulation_core__9f2f53dab9997188.py,9f2f53dab99971884f4a97bea897d6a0ebb61dd1d6a65daf7b634f589941222e,True
11.850000000000001,11.95,11.9,2.3310454586076205e-05,2.3310454586076205e-05,2.3310454586076205e-05,PHOTON_NUMBER_PROBABILITY_MASS_PER_BIN,ENERGY_FLUENCE_MASS_PER_BIN,energy_fluence_mass_i = energy_center_MeV_i * probability_mass_bin_i,PROJECT_18MV_40x40,18MV_40x40,project_processed_from_Ding2002_Figure3_embedded,,,,,/home/a/projects/particle-accelerator-shielding-simulator/geant4sim/GUI/geant4GUI/photon_neutron_bpe_app/photon_wall_simulation_core.py,9f2f53dab99971884f4a97bea897d6a0ebb61dd1d6a65daf7b634f589941222e,/home/a/projects/Radiation_Research/radiation_shielding/Radiation-Shielding-Research/results/phase1/source_models/source_library_snapshot/photon_wall_simulation_core__9f2f53dab9997188.py,9f2f53dab99971884f4a97bea897d6a0ebb61dd1d6a65daf7b634f589941222e,True
11.95,12.05,12.0,1.6168166397516464e-05,1.6168166397516464e-05,1.6168166397516464e-05,PHOTON_NUMBER_PROBABILITY_MASS_PER_BIN,ENERGY_FLUENCE_MASS_PER_BIN,energy_fluence_mass_i = energy_center_MeV_i * probability_mass_bin_i,PROJECT_18MV_40x40,18MV_40x40,project_processed_from_Ding2002_Figure3_embedded,,,,,/home/a/projects/particle-accelerator-shielding-simulator/geant4sim/GUI/geant4GUI/photon_neutron_bpe_app/photon_wall_simulation_core.py,9f2f53dab99971884f4a97bea897d6a0ebb61dd1d6a65daf7b634f589941222e,/home/a/projects/Radiation_Research/radiation_shielding/Radiation-Shielding-Research/results/phase1/source_models/source_library_snapshot/photon_wall_simulation_core__9f2f53dab9997188.py,9f2f53dab99971884f4a97bea897d6a0ebb61dd1d6a65daf7b634f589941222e,True
12.05,12.149999999999999,12.1,1.3113339008168005e-05,1.3113339008168005e-05,1.3113339008168005e-05,PHOTON_NUMBER_PROBABILITY_MASS_PER_BIN,ENERGY_FLUENCE_MASS_PER_BIN,energy_fluence_mass_i = energy_center_MeV_i * probability_mass_bin_i,PROJECT_18MV_40x40,18MV_40x40,project_processed_from_Ding2002_Figure3_embedded,,,,,/home/a/projects/particle-accelerator-shielding-simulator/geant4sim/GUI/geant4GUI/photon_neutron_bpe_app/photon_wall_simulation_core.py,9f2f53dab99971884f4a97bea897d6a0ebb61dd1d6a65daf7b634f589941222e,/home/a/projects/Radiation_Research/radiation_shielding/Radiation-Shielding-Research/results/phase1/source_models/source_library_snapshot/photon_wall_simulation_core__9f2f53dab9997188.py,9f2f53dab99971884f4a97bea897d6a0ebb61dd1d6a65daf7b634f589941222e,True
12.149999999999999,12.25,12.2,1.185455219482598e-05,1.185455219482598e-05,1.185455219482598e-05,PHOTON_NUMBER_PROBABILITY_MASS_PER_BIN,ENERGY_FLUENCE_MASS_PER_BIN,energy_fluence_mass_i = energy_center_MeV_i * probability_mass_bin_i,PROJECT_18MV_40x40,18MV_40x40,project_processed_from_Ding2002_Figure3_embedded,,,,,/home/a/projects/particle-accelerator-shielding-simulator/geant4sim/GUI/geant4GUI/photon_neutron_bpe_app/photon_wall_simulation_core.py,9f2f53dab99971884f4a97bea897d6a0ebb61dd1d6a65daf7b634f589941222e,/home/a/projects/Radiation_Research/radiation_shielding/Radiation-Shielding-Research/results/phase1/source_models/source_library_snapshot/photon_wall_simulation_core__9f2f53dab9997188.py,9f2f53dab99971884f4a97bea897d6a0ebb61dd1d6a65daf7b634f589941222e,True
12.25,12.350000000000001,12.3,1.0900687128028838e-05,1.0900687128028838e-05,1.0900687128028838e-05,PHOTON_NUMBER_PROBABILITY_MASS_PER_BIN,ENERGY_FLUENCE_MASS_PER_BIN,energy_fluence_mass_i = energy_center_MeV_i * probability_mass_bin_i,PROJECT_18MV_40x40,18MV_40x40,project_processed_from_Ding2002_Figure3_embedded,,,,,/home/a/projects/particle-accelerator-shielding-simulator/geant4sim/GUI/geant4GUI/photon_neutron_bpe_app/photon_wall_simulation_core.py,9f2f53dab99971884f4a97bea897d6a0ebb61dd1d6a65daf7b634f589941222e,/home/a/projects/Radiation_Research/radiation_shielding/Radiation-Shielding-Research/results/phase1/source_models/source_library_snapshot/photon_wall_simulation_core__9f2f53dab9997188.py,9f2f53dab99971884f4a97bea897d6a0ebb61dd1d6a65daf7b634f589941222e,True
12.350000000000001,12.45,12.4,1.0089625395325778e-05,1.0089625395325778e-05,1.0089625395325778e-05,PHOTON_NUMBER_PROBABILITY_MASS_PER_BIN,ENERGY_FLUENCE_MASS_PER_BIN,energy_fluence_mass_i = energy_center_MeV_i * probability_mass_bin_i,PROJECT_18MV_40x40,18MV_40x40,project_processed_from_Ding2002_Figure3_embedded,,,,,/home/a/projects/particle-accelerator-shielding-simulator/geant4sim/GUI/geant4GUI/photon_neutron_bpe_app/photon_wall_simulation_core.py,9f2f53dab99971884f4a97bea897d6a0ebb61dd1d6a65daf7b634f589941222e,/home/a/projects/Radiation_Research/radiation_shielding/Radiation-Shielding-Research/results/phase1/source_models/source_library_snapshot/photon_wall_simulation_core__9f2f53dab9997188.py,9f2f53dab99971884f4a97bea897d6a0ebb61dd1d6a65daf7b634f589941222e,True
12.45,12.55,12.5,9.30259125552525e-06,9.30259125552525e-06,9.30259125552525e-06,PHOTON_NUMBER_PROBABILITY_MASS_PER_BIN,ENERGY_FLUENCE_MASS_PER_BIN,energy_fluence_mass_i = energy_center_MeV_i * probability_mass_bin_i,PROJECT_18MV_40x40,18MV_40x40,project_processed_from_Ding2002_Figure3_embedded,,,,,/home/a/projects/particle-accelerator-shielding-simulator/geant4sim/GUI/geant4GUI/photon_neutron_bpe_app/photon_wall_simulation_core.py,9f2f53dab99971884f4a97bea897d6a0ebb61dd1d6a65daf7b634f589941222e,/home/a/projects/Radiation_Research/radiation_shielding/Radiation-Shielding-Research/results/phase1/source_models/source_library_snapshot/photon_wall_simulation_core__9f2f53dab9997188.py,9f2f53dab99971884f4a97bea897d6a0ebb61dd1d6a65daf7b634f589941222e,True
12.55,12.649999999999999,12.6,8.454647774804493e-06,8.454647774804493e-06,8.454647774804493e-06,PHOTON_NUMBER_PROBABILITY_MASS_PER_BIN,ENERGY_FLUENCE_MASS_PER_BIN,energy_fluence_mass_i = energy_center_MeV_i * probability_mass_bin_i,PROJECT_18MV_40x40,18MV_40x40,project_processed_from_Ding2002_Figure3_embedded,,,,,/home/a/projects/particle-accelerator-shielding-simulator/geant4sim/GUI/geant4GUI/photon_neutron_bpe_app/photon_wall_simulation_core.py,9f2f53dab99971884f4a97bea897d6a0ebb61dd1d6a65daf7b634f589941222e,/home/a/projects/Radiation_Research/radiation_shielding/Radiation-Shielding-Research/results/phase1/source_models/source_library_snapshot/photon_wall_simulation_core__9f2f53dab9997188.py,9f2f53dab99971884f4a97bea897d6a0ebb61dd1d6a65daf7b634f589941222e,True
12.649999999999999,12.75,12.7,7.52119003314466e-06,7.52119003314466e-06,7.52119003314466e-06,PHOTON_NUMBER_PROBABILITY_MASS_PER_BIN,ENERGY_FLUENCE_MASS_PER_BIN,energy_fluence_mass_i = energy_center_MeV_i * probability_mass_bin_i,PROJECT_18MV_40x40,18MV_40x40,project_processed_from_Ding2002_Figure3_embedded,,,,,/home/a/projects/particle-accelerator-shielding-simulator/geant4sim/GUI/geant4GUI/photon_neutron_bpe_app/photon_wall_simulation_core.py,9f2f53dab99971884f4a97bea897d6a0ebb61dd1d6a65daf7b634f589941222e,/home/a/projects/Radiation_Research/radiation_shielding/Radiation-Shielding-Research/results/phase1/source_models/source_library_snapshot/photon_wall_simulation_core__9f2f53dab9997188.py,9f2f53dab99971884f4a97bea897d6a0ebb61dd1d6a65daf7b634f589941222e,True
12.75,12.850000000000001,12.8,6.575891433621866e-06,6.575891433621866e-06,6.575891433621866e-06,PHOTON_NUMBER_PROBABILITY_MASS_PER_BIN,ENERGY_FLUENCE_MASS_PER_BIN,energy_fluence_mass_i = energy_center_MeV_i * probability_mass_bin_i,PROJECT_18MV_40x40,18MV_40x40,project_processed_from_Ding2002_Figure3_embedded,,,,,/home/a/projects/particle-accelerator-shielding-simulator/geant4sim/GUI/geant4GUI/photon_neutron_bpe_app/photon_wall_simulation_core.py,9f2f53dab99971884f4a97bea897d6a0ebb61dd1d6a65daf7b634f589941222e,/home/a/projects/Radiation_Research/radiation_shielding/Radiation-Shielding-Research/results/phase1/source_models/source_library_snapshot/photon_wall_simulation_core__9f2f53dab9997188.py,9f2f53dab99971884f4a97bea897d6a0ebb61dd1d6a65daf7b634f589941222e,True
12.850000000000001,12.95,12.9,5.686110520411272e-06,5.686110520411272e-06,5.686110520411272e-06,PHOTON_NUMBER_PROBABILITY_MASS_PER_BIN,ENERGY_FLUENCE_MASS_PER_BIN,energy_fluence_mass_i = energy_center_MeV_i * probability_mass_bin_i,PROJECT_18MV_40x40,18MV_40x40,project_processed_from_Ding2002_Figure3_embedded,,,,,/home/a/projects/particle-accelerator-shielding-simulator/geant4sim/GUI/geant4GUI/photon_neutron_bpe_app/photon_wall_simulation_core.py,9f2f53dab99971884f4a97bea897d6a0ebb61dd1d6a65daf7b634f589941222e,/home/a/projects/Radiation_Research/radiation_shielding/Radiation-Shielding-Research/results/phase1/source_models/source_library_snapshot/photon_wall_simulation_core__9f2f53dab9997188.py,9f2f53dab99971884f4a97bea897d6a0ebb61dd1d6a65daf7b634f589941222e,True
12.95,13.05,13.0,4.89309511300197e-06,4.89309511300197e-06,4.89309511300197e-06,PHOTON_NUMBER_PROBABILITY_MASS_PER_BIN,ENERGY_FLUENCE_MASS_PER_BIN,energy_fluence_mass_i = energy_center_MeV_i * probability_mass_bin_i,PROJECT_18MV_40x40,18MV_40x40,project_processed_from_Ding2002_Figure3_embedded,,,,,/home/a/projects/particle-accelerator-shielding-simulator/geant4sim/GUI/geant4GUI/photon_neutron_bpe_app/photon_wall_simulation_core.py,9f2f53dab99971884f4a97bea897d6a0ebb61dd1d6a65daf7b634f589941222e,/home/a/projects/Radiation_Research/radiation_shielding/Radiation-Shielding-Research/results/phase1/source_models/source_library_snapshot/photon_wall_simulation_core__9f2f53dab9997188.py,9f2f53dab99971884f4a97bea897d6a0ebb61dd1d6a65daf7b634f589941222e,True
13.05,13.149999999999999,13.1,4.3082665220437435e-06,4.3082665220437435e-06,4.3082665220437435e-06,PHOTON_NUMBER_PROBABILITY_MASS_PER_BIN,ENERGY_FLUENCE_MASS_PER_BIN,energy_fluence_mass_i = energy_center_MeV_i * probability_mass_bin_i,PROJECT_18MV_40x40,18MV_40x40,project_processed_from_Ding2002_Figure3_embedded,,,,,/home/a/projects/particle-accelerator-shielding-simulator/geant4sim/GUI/geant4GUI/photon_neutron_bpe_app/photon_wall_simulation_core.py,9f2f53dab99971884f4a97bea897d6a0ebb61dd1d6a65daf7b634f589941222e,/home/a/projects/Radiation_Research/radiation_shielding/Radiation-Shielding-Research/results/phase1/source_models/source_library_snapshot/photon_wall_simulation_core__9f2f53dab9997188.py,9f2f53dab99971884f4a97bea897d6a0ebb61dd1d6a65daf7b634f589941222e,True
13.149999999999999,13.25,13.2,3.7960540958291135e-06,3.7960540958291135e-06,3.7960540958291135e-06,PHOTON_NUMBER_PROBABILITY_MASS_PER_BIN,ENERGY_FLUENCE_MASS_PER_BIN,energy_fluence_mass_i = energy_center_MeV_i * probability_mass_bin_i,PROJECT_18MV_40x40,18MV_40x40,project_processed_from_Ding2002_Figure3_embedded,,,,,/home/a/projects/particle-accelerator-shielding-simulator/geant4sim/GUI/geant4GUI/photon_neutron_bpe_app/photon_wall_simulation_core.py,9f2f53dab99971884f4a97bea897d6a0ebb61dd1d6a65daf7b634f589941222e,/home/a/projects/Radiation_Research/radiation_shielding/Radiation-Shielding-Research/results/phase1/source_models/source_library_snapshot/photon_wall_simulation_core__9f2f53dab9997188.py,9f2f53dab99971884f4a97bea897d6a0ebb61dd1d6a65daf7b634f589941222e,True
13.25,13.350000000000001,13.3,3.333898952255864e-06,3.333898952255864e-06,3.333898952255864e-06,PHOTON_NUMBER_PROBABILITY_MASS_PER_BIN,ENERGY_FLUENCE_MASS_PER_BIN,energy_fluence_mass_i = energy_center_MeV_i * probability_mass_bin_i,PROJECT_18MV_40x40,18MV_40x40,project_processed_from_Ding2002_Figure3_embedded,,,,,/home/a/projects/particle-accelerator-shielding-simulator/geant4sim/GUI/geant4GUI/photon_neutron_bpe_app/photon_wall_simulation_core.py,9f2f53dab99971884f4a97bea897d6a0ebb61dd1d6a65daf7b634f589941222e,/home/a/projects/Radiation_Research/radiation_shielding/Radiation-Shielding-Research/results/phase1/source_models/source_library_snapshot/photon_wall_simulation_core__9f2f53dab9997188.py,9f2f53dab99971884f4a97bea897d6a0ebb61dd1d6a65daf7b634f589941222e,True
13.350000000000001,13.45,13.4,2.924594292629934e-06,2.924594292629934e-06,2.924594292629934e-06,PHOTON_NUMBER_PROBABILITY_MASS_PER_BIN,ENERGY_FLUENCE_MASS_PER_BIN,energy_fluence_mass_i = energy_center_MeV_i * probability_mass_bin_i,PROJECT_18MV_40x40,18MV_40x40,project_processed_from_Ding2002_Figure3_embedded,,,,,/home/a/projects/particle-accelerator-shielding-simulator/geant4sim/GUI/geant4GUI/photon_neutron_bpe_app/photon_wall_simulation_core.py,9f2f53dab99971884f4a97bea897d6a0ebb61dd1d6a65daf7b634f589941222e,/home/a/projects/Radiation_Research/radiation_shielding/Radiation-Shielding-Research/results/phase1/source_models/source_library_snapshot/photon_wall_simulation_core__9f2f53dab9997188.py,9f2f53dab99971884f4a97bea897d6a0ebb61dd1d6a65daf7b634f589941222e,True
13.45,13.55,13.5,2.5678811883184543e-06,2.5678811883184543e-06,2.5678811883184543e-06,PHOTON_NUMBER_PROBABILITY_MASS_PER_BIN,ENERGY_FLUENCE_MASS_PER_BIN,energy_fluence_mass_i = energy_center_MeV_i * probability_mass_bin_i,PROJECT_18MV_40x40,18MV_40x40,project_processed_from_Ding2002_Figure3_embedded,,,,,/home/a/projects/particle-accelerator-shielding-simulator/geant4sim/GUI/geant4GUI/photon_neutron_bpe_app/photon_wall_simulation_core.py,9f2f53dab99971884f4a97bea897d6a0ebb61dd1d6a65daf7b634f589941222e,/home/a/projects/Radiation_Research/radiation_shielding/Radiation-Shielding-Research/results/phase1/source_models/source_library_snapshot/photon_wall_simulation_core__9f2f53dab9997188.py,9f2f53dab99971884f4a97bea897d6a0ebb61dd1d6a65daf7b634f589941222e,True
13.55,13.649999999999999,13.6,2.261430638762962e-06,2.261430638762962e-06,2.261430638762962e-06,PHOTON_NUMBER_PROBABILITY_MASS_PER_BIN,ENERGY_FLUENCE_MASS_PER_BIN,energy_fluence_mass_i = energy_center_MeV_i * probability_mass_bin_i,PROJECT_18MV_40x40,18MV_40x40,project_processed_from_Ding2002_Figure3_embedded,,,,,/home/a/projects/particle-accelerator-shielding-simulator/geant4sim/GUI/geant4GUI/photon_neutron_bpe_app/photon_wall_simulation_core.py,9f2f53dab99971884f4a97bea897d6a0ebb61dd1d6a65daf7b634f589941222e,/home/a/projects/Radiation_Research/radiation_shielding/Radiation-Shielding-Research/results/phase1/source_models/source_library_snapshot/photon_wall_simulation_core__9f2f53dab9997188.py,9f2f53dab99971884f4a97bea897d6a0ebb61dd1d6a65daf7b634f589941222e,True
13.649999999999999,13.75,13.7,1.99959450257748e-06,1.99959450257748e-06,1.99959450257748e-06,PHOTON_NUMBER_PROBABILITY_MASS_PER_BIN,ENERGY_FLUENCE_MASS_PER_BIN,energy_fluence_mass_i = energy_center_MeV_i * probability_mass_bin_i,PROJECT_18MV_40x40,18MV_40x40,project_processed_from_Ding2002_Figure3_embedded,,,,,/home/a/projects/particle-accelerator-shielding-simulator/geant4sim/GUI/geant4GUI/photon_neutron_bpe_app/photon_wall_simulation_core.py,9f2f53dab99971884f4a97bea897d6a0ebb61dd1d6a65daf7b634f589941222e,/home/a/projects/Radiation_Research/radiation_shielding/Radiation-Shielding-Research/results/phase1/source_models/source_library_snapshot/photon_wall_simulation_core__9f2f53dab9997188.py,9f2f53dab99971884f4a97bea897d6a0ebb61dd1d6a65daf7b634f589941222e,True
13.75,13.850000000000001,13.8,1.7733068970988392e-06,1.7733068970988392e-06,1.7733068970988392e-06,PHOTON_NUMBER_PROBABILITY_MASS_PER_BIN,ENERGY_FLUENCE_MASS_PER_BIN,energy_fluence_mass_i = energy_center_MeV_i * probability_mass_bin_i,PROJECT_18MV_40x40,18MV_40x40,project_processed_from_Ding2002_Figure3_embedded,,,,,/home/a/projects/particle-accelerator-shielding-simulator/geant4sim/GUI/geant4GUI/photon_neutron_bpe_app/photon_wall_simulation_core.py,9f2f53dab99971884f4a97bea897d6a0ebb61dd1d6a65daf7b634f589941222e,/home/a/projects/Radiation_Research/radiation_shielding/Radiation-Shielding-Research/results/phase1/source_models/source_library_snapshot/photon_wall_simulation_core__9f2f53dab9997188.py,9f2f53dab99971884f4a97bea897d6a0ebb61dd1d6a65daf7b634f589941222e,True
13.850000000000001,13.95,13.9,1.5755591432772128e-06,1.5755591432772128e-06,1.5755591432772128e-06,PHOTON_NUMBER_PROBABILITY_MASS_PER_BIN,ENERGY_FLUENCE_MASS_PER_BIN,energy_fluence_mass_i = energy_center_MeV_i * probability_mass_bin_i,PROJECT_18MV_40x40,18MV_40x40,project_processed_from_Ding2002_Figure3_embedded,,,,,/home/a/projects/particle-accelerator-shielding-simulator/geant4sim/GUI/geant4GUI/photon_neutron_bpe_app/photon_wall_simulation_core.py,9f2f53dab99971884f4a97bea897d6a0ebb61dd1d6a65daf7b634f589941222e,/home/a/projects/Radiation_Research/radiation_shielding/Radiation-Shielding-Research/results/phase1/source_models/source_library_snapshot/photon_wall_simulation_core__9f2f53dab9997188.py,9f2f53dab99971884f4a97bea897d6a0ebb61dd1d6a65daf7b634f589941222e,True
13.95,14.05,14.0,1.4009411323203946e-06,1.4009411323203946e-06,1.4009411323203946e-06,PHOTON_NUMBER_PROBABILITY_MASS_PER_BIN,ENERGY_FLUENCE_MASS_PER_BIN,energy_fluence_mass_i = energy_center_MeV_i * probability_mass_bin_i,PROJECT_18MV_40x40,18MV_40x40,project_processed_from_Ding2002_Figure3_embedded,,,,,/home/a/projects/particle-accelerator-shielding-simulator/geant4sim/GUI/geant4GUI/photon_neutron_bpe_app/photon_wall_simulation_core.py,9f2f53dab99971884f4a97bea897d6a0ebb61dd1d6a65daf7b634f589941222e,/home/a/projects/Radiation_Research/radiation_shielding/Radiation-Shielding-Research/results/phase1/source_models/source_library_snapshot/photon_wall_simulation_core__9f2f53dab9997188.py,9f2f53dab99971884f4a97bea897d6a0ebb61dd1d6a65daf7b634f589941222e,True
14.05,14.149999999999999,14.1,1.1670855968943561e-06,1.1670855968943561e-06,1.1670855968943561e-06,PHOTON_NUMBER_PROBABILITY_MASS_PER_BIN,ENERGY_FLUENCE_MASS_PER_BIN,energy_fluence_mass_i = energy_center_MeV_i * probability_mass_bin_i,PROJECT_18MV_40x40,18MV_40x40,project_processed_from_Ding2002_Figure3_embedded,,,,,/home/a/projects/particle-accelerator-shielding-simulator/geant4sim/GUI/geant4GUI/photon_neutron_bpe_app/photon_wall_simulation_core.py,9f2f53dab99971884f4a97bea897d6a0ebb61dd1d6a65daf7b634f589941222e,/home/a/projects/Radiation_Research/radiation_shielding/Radiation-Shielding-Research/results/phase1/source_models/source_library_snapshot/photon_wall_simulation_core__9f2f53dab9997188.py,9f2f53dab99971884f4a97bea897d6a0ebb61dd1d6a65daf7b634f589941222e,True
14.149999999999999,14.25,14.2,9.858488336898767e-07,9.858488336898767e-07,9.858488336898767e-07,PHOTON_NUMBER_PROBABILITY_MASS_PER_BIN,ENERGY_FLUENCE_MASS_PER_BIN,energy_fluence_mass_i = energy_center_MeV_i * probability_mass_bin_i,PROJECT_18MV_40x40,18MV_40x40,project_processed_from_Ding2002_Figure3_embedded,,,,,/home/a/projects/particle-accelerator-shielding-simulator/geant4sim/GUI/geant4GUI/photon_neutron_bpe_app/photon_wall_simulation_core.py,9f2f53dab99971884f4a97bea897d6a0ebb61dd1d6a65daf7b634f589941222e,/home/a/projects/Radiation_Research/radiation_shielding/Radiation-Shielding-Research/results/phase1/source_models/source_library_snapshot/photon_wall_simulation_core__9f2f53dab9997188.py,9f2f53dab99971884f4a97bea897d6a0ebb61dd1d6a65daf7b634f589941222e,True
14.25,14.350000000000001,14.3,8.329736107853534e-07,8.329736107853534e-07,8.329736107853534e-07,PHOTON_NUMBER_PROBABILITY_MASS_PER_BIN,ENERGY_FLUENCE_MASS_PER_BIN,energy_fluence_mass_i = energy_center_MeV_i * probability_mass_bin_i,PROJECT_18MV_40x40,18MV_40x40,project_processed_from_Ding2002_Figure3_embedded,,,,,/home/a/projects/particle-accelerator-shielding-simulator/geant4sim/GUI/geant4GUI/photon_neutron_bpe_app/photon_wall_simulation_core.py,9f2f53dab99971884f4a97bea897d6a0ebb61dd1d6a65daf7b634f589941222e,/home/a/projects/Radiation_Research/radiation_shielding/Radiation-Shielding-Research/results/phase1/source_models/source_library_snapshot/photon_wall_simulation_core__9f2f53dab9997188.py,9f2f53dab99971884f4a97bea897d6a0ebb61dd1d6a65daf7b634f589941222e,True
14.350000000000001,14.45,14.4,6.998621078700888e-07,6.998621078700888e-07,6.998621078700888e-07,PHOTON_NUMBER_PROBABILITY_MASS_PER_BIN,ENERGY_FLUENCE_MASS_PER_BIN,energy_fluence_mass_i = energy_center_MeV_i * probability_mass_bin_i,PROJECT_18MV_40x40,18MV_40x40,project_processed_from_Ding2002_Figure3_embedded,,,,,/home/a/projects/particle-accelerator-shielding-simulator/geant4sim/GUI/geant4GUI/photon_neutron_bpe_app/photon_wall_simulation_core.py,9f2f53dab99971884f4a97bea897d6a0ebb61dd1d6a65daf7b634f589941222e,/home/a/projects/Radiation_Research/radiation_shielding/Radiation-Shielding-Research/results/phase1/source_models/source_library_snapshot/photon_wall_simulation_core__9f2f53dab9997188.py,9f2f53dab99971884f4a97bea897d6a0ebb61dd1d6a65daf7b634f589941222e,True
14.45,14.55,14.5,5.812614853077172e-07,5.812614853077172e-07,5.812614853077172e-07,PHOTON_NUMBER_PROBABILITY_MASS_PER_BIN,ENERGY_FLUENCE_MASS_PER_BIN,energy_fluence_mass_i = energy_center_MeV_i * probability_mass_bin_i,PROJECT_18MV_40x40,18MV_40x40,project_processed_from_Ding2002_Figure3_embedded,,,,,/home/a/projects/particle-accelerator-shielding-simulator/geant4sim/GUI/geant4GUI/photon_neutron_bpe_app/photon_wall_simulation_core.py,9f2f53dab99971884f4a97bea897d6a0ebb61dd1d6a65daf7b634f589941222e,/home/a/projects/Radiation_Research/radiation_shielding/Radiation-Shielding-Research/results/phase1/source_models/source_library_snapshot/photon_wall_simulation_core__9f2f53dab9997188.py,9f2f53dab99971884f4a97bea897d6a0ebb61dd1d6a65daf7b634f589941222e,True
14.55,14.649999999999999,14.6,4.743385664030164e-07,4.743385664030164e-07,4.743385664030164e-07,PHOTON_NUMBER_PROBABILITY_MASS_PER_BIN,ENERGY_FLUENCE_MASS_PER_BIN,energy_fluence_mass_i = energy_center_MeV_i * probability_mass_bin_i,PROJECT_18MV_40x40,18MV_40x40,project_processed_from_Ding2002_Figure3_embedded,,,,,/home/a/projects/particle-accelerator-shielding-simulator/geant4sim/GUI/geant4GUI/photon_neutron_bpe_app/photon_wall_simulation_core.py,9f2f53dab99971884f4a97bea897d6a0ebb61dd1d6a65daf7b634f589941222e,/home/a/projects/Radiation_Research/radiation_shielding/Radiation-Shielding-Research/results/phase1/source_models/source_library_snapshot/photon_wall_simulation_core__9f2f53dab9997188.py,9f2f53dab99971884f4a97bea897d6a0ebb61dd1d6a65daf7b634f589941222e,True
14.649999999999999,14.75,14.7,3.7759378749874884e-07,3.7759378749874884e-07,3.7759378749874884e-07,PHOTON_NUMBER_PROBABILITY_MASS_PER_BIN,ENERGY_FLUENCE_MASS_PER_BIN,energy_fluence_mass_i = energy_center_MeV_i * probability_mass_bin_i,PROJECT_18MV_40x40,18MV_40x40,project_processed_from_Ding2002_Figure3_embedded,,,,,/home/a/projects/particle-accelerator-shielding-simulator/geant4sim/GUI/geant4GUI/photon_neutron_bpe_app/photon_wall_simulation_core.py,9f2f53dab99971884f4a97bea897d6a0ebb61dd1d6a65daf7b634f589941222e,/home/a/projects/Radiation_Research/radiation_shielding/Radiation-Shielding-Research/results/phase1/source_models/source_library_snapshot/photon_wall_simulation_core__9f2f53dab9997188.py,9f2f53dab99971884f4a97bea897d6a0ebb61dd1d6a65daf7b634f589941222e,True
14.75,14.850000000000001,14.8,2.9287851766490877e-07,2.9287851766490877e-07,2.9287851766490877e-07,PHOTON_NUMBER_PROBABILITY_MASS_PER_BIN,ENERGY_FLUENCE_MASS_PER_BIN,energy_fluence_mass_i = energy_center_MeV_i * probability_mass_bin_i,PROJECT_18MV_40x40,18MV_40x40,project_processed_from_Ding2002_Figure3_embedded,,,,,/home/a/projects/particle-accelerator-shielding-simulator/geant4sim/GUI/geant4GUI/photon_neutron_bpe_app/photon_wall_simulation_core.py,9f2f53dab99971884f4a97bea897d6a0ebb61dd1d6a65daf7b634f589941222e,/home/a/projects/Radiation_Research/radiation_shielding/Radiation-Shielding-Research/results/phase1/source_models/source_library_snapshot/photon_wall_simulation_core__9f2f53dab9997188.py,9f2f53dab99971884f4a97bea897d6a0ebb61dd1d6a65daf7b634f589941222e,True
14.850000000000001,14.95,14.9,2.2198426962860873e-07,2.2198426962860873e-07,2.2198426962860873e-07,PHOTON_NUMBER_PROBABILITY_MASS_PER_BIN,ENERGY_FLUENCE_MASS_PER_BIN,energy_fluence_mass_i = energy_center_MeV_i * probability_mass_bin_i,PROJECT_18MV_40x40,18MV_40x40,project_processed_from_Ding2002_Figure3_embedded,,,,,/home/a/projects/particle-accelerator-shielding-simulator/geant4sim/GUI/geant4GUI/photon_neutron_bpe_app/photon_wall_simulation_core.py,9f2f53dab99971884f4a97bea897d6a0ebb61dd1d6a65daf7b634f589941222e,/home/a/projects/Radiation_Research/radiation_shielding/Radiation-Shielding-Research/results/phase1/source_models/source_library_snapshot/photon_wall_simulation_core__9f2f53dab9997188.py,9f2f53dab99971884f4a97bea897d6a0ebb61dd1d6a65daf7b634f589941222e,True
14.95,15.05,15.0,1.6483812410639142e-07,1.6483812410639142e-07,1.6483812410639142e-07,PHOTON_NUMBER_PROBABILITY_MASS_PER_BIN,ENERGY_FLUENCE_MASS_PER_BIN,energy_fluence_mass_i = energy_center_MeV_i * probability_mass_bin_i,PROJECT_18MV_40x40,18MV_40x40,project_processed_from_Ding2002_Figure3_embedded,,,,,/home/a/projects/particle-accelerator-shielding-simulator/geant4sim/GUI/geant4GUI/photon_neutron_bpe_app/photon_wall_simulation_core.py,9f2f53dab99971884f4a97bea897d6a0ebb61dd1d6a65daf7b634f589941222e,/home/a/projects/Radiation_Research/radiation_shielding/Radiation-Shielding-Research/results/phase1/source_models/source_library_snapshot/photon_wall_simulation_core__9f2f53dab9997188.py,9f2f53dab99971884f4a97bea897d6a0ebb61dd1d6a65daf7b634f589941222e,True
15.05,15.149999999999999,15.1,1.3313029214567614e-07,1.3313029214567614e-07,1.3313029214567614e-07,PHOTON_NUMBER_PROBABILITY_MASS_PER_BIN,ENERGY_FLUENCE_MASS_PER_BIN,energy_fluence_mass_i = energy_center_MeV_i * probability_mass_bin_i,PROJECT_18MV_40x40,18MV_40x40,project_processed_from_Ding2002_Figure3_embedded,,,,,/home/a/projects/particle-accelerator-shielding-simulator/geant4sim/GUI/geant4GUI/photon_neutron_bpe_app/photon_wall_simulation_core.py,9f2f53dab99971884f4a97bea897d6a0ebb61dd1d6a65daf7b634f589941222e,/home/a/projects/Radiation_Research/radiation_shielding/Radiation-Shielding-Research/results/phase1/source_models/source_library_snapshot/photon_wall_simulation_core__9f2f53dab9997188.py,9f2f53dab99971884f4a97bea897d6a0ebb61dd1d6a65daf7b634f589941222e,True
15.149999999999999,15.25,15.2,1.057153431673223e-07,1.057153431673223e-07,1.057153431673223e-07,PHOTON_NUMBER_PROBABILITY_MASS_PER_BIN,ENERGY_FLUENCE_MASS_PER_BIN,energy_fluence_mass_i = energy_center_MeV_i * probability_mass_bin_i,PROJECT_18MV_40x40,18MV_40x40,project_processed_from_Ding2002_Figure3_embedded,,,,,/home/a/projects/particle-accelerator-shielding-simulator/geant4sim/GUI/geant4GUI/photon_neutron_bpe_app/photon_wall_simulation_core.py,9f2f53dab99971884f4a97bea897d6a0ebb61dd1d6a65daf7b634f589941222e,/home/a/projects/Radiation_Research/radiation_shielding/Radiation-Shielding-Research/results/phase1/source_models/source_library_snapshot/photon_wall_simulation_core__9f2f53dab9997188.py,9f2f53dab99971884f4a97bea897d6a0ebb61dd1d6a65daf7b634f589941222e,True
15.25,15.350000000000001,15.3,8.211489927538205e-08,8.211489927538205e-08,8.211489927538205e-08,PHOTON_NUMBER_PROBABILITY_MASS_PER_BIN,ENERGY_FLUENCE_MASS_PER_BIN,energy_fluence_mass_i = energy_center_MeV_i * probability_mass_bin_i,PROJECT_18MV_40x40,18MV_40x40,project_processed_from_Ding2002_Figure3_embedded,,,,,/home/a/projects/particle-accelerator-shielding-simulator/geant4sim/GUI/geant4GUI/photon_neutron_bpe_app/photon_wall_simulation_core.py,9f2f53dab99971884f4a97bea897d6a0ebb61dd1d6a65daf7b634f589941222e,/home/a/projects/Radiation_Research/radiation_shielding/Radiation-Shielding-Research/results/phase1/source_models/source_library_snapshot/photon_wall_simulation_core__9f2f53dab9997188.py,9f2f53dab99971884f4a97bea897d6a0ebb61dd1d6a65daf7b634f589941222e,True
15.350000000000001,15.45,15.4,6.291961411288048e-08,6.291961411288048e-08,6.291961411288048e-08,PHOTON_NUMBER_PROBABILITY_MASS_PER_BIN,ENERGY_FLUENCE_MASS_PER_BIN,energy_fluence_mass_i = energy_center_MeV_i * probability_mass_bin_i,PROJECT_18MV_40x40,18MV_40x40,project_processed_from_Ding2002_Figure3_embedded,,,,,/home/a/projects/particle-accelerator-shielding-simulator/geant4sim/GUI/geant4GUI/photon_neutron_bpe_app/photon_wall_simulation_core.py,9f2f53dab99971884f4a97bea897d6a0ebb61dd1d6a65daf7b634f589941222e,/home/a/projects/Radiation_Research/radiation_shielding/Radiation-Shielding-Research/results/phase1/source_models/source_library_snapshot/photon_wall_simulation_core__9f2f53dab9997188.py,9f2f53dab99971884f4a97bea897d6a0ebb61dd1d6a65daf7b634f589941222e,True
15.45,15.55,15.5,4.796093325657464e-08,4.796093325657464e-08,4.796093325657464e-08,PHOTON_NUMBER_PROBABILITY_MASS_PER_BIN,ENERGY_FLUENCE_MASS_PER_BIN,energy_fluence_mass_i = energy_center_MeV_i * probability_mass_bin_i,PROJECT_18MV_40x40,18MV_40x40,project_processed_from_Ding2002_Figure3_embedded,,,,,/home/a/projects/particle-accelerator-shielding-simulator/geant4sim/GUI/geant4GUI/photon_neutron_bpe_app/photon_wall_simulation_core.py,9f2f53dab99971884f4a97bea897d6a0ebb61dd1d6a65daf7b634f589941222e,/home/a/projects/Radiation_Research/radiation_shielding/Radiation-Shielding-Research/results/phase1/source_models/source_library_snapshot/photon_wall_simulation_core__9f2f53dab9997188.py,9f2f53dab99971884f4a97bea897d6a0ebb61dd1d6a65daf7b634f589941222e,True
15.55,15.649999999999999,15.6,3.6676174703032866e-08,3.6676174703032866e-08,3.6676174703032866e-08,PHOTON_NUMBER_PROBABILITY_MASS_PER_BIN,ENERGY_FLUENCE_MASS_PER_BIN,energy_fluence_mass_i = energy_center_MeV_i * probability_mass_bin_i,PROJECT_18MV_40x40,18MV_40x40,project_processed_from_Ding2002_Figure3_embedded,,,,,/home/a/projects/particle-accelerator-shielding-simulator/geant4sim/GUI/geant4GUI/photon_neutron_bpe_app/photon_wall_simulation_core.py,9f2f53dab99971884f4a97bea897d6a0ebb61dd1d6a65daf7b634f589941222e,/home/a/projects/Radiation_Research/radiation_shielding/Radiation-Shielding-Research/results/phase1/source_models/source_library_snapshot/photon_wall_simulation_core__9f2f53dab9997188.py,9f2f53dab99971884f4a97bea897d6a0ebb61dd1d6a65daf7b634f589941222e,True
15.649999999999999,15.75,15.7,2.83326896665341e-08,2.83326896665341e-08,2.83326896665341e-08,PHOTON_NUMBER_PROBABILITY_MASS_PER_BIN,ENERGY_FLUENCE_MASS_PER_BIN,energy_fluence_mass_i = energy_center_MeV_i * probability_mass_bin_i,PROJECT_18MV_40x40,18MV_40x40,project_processed_from_Ding2002_Figure3_embedded,,,,,/home/a/projects/particle-accelerator-shielding-simulator/geant4sim/GUI/geant4GUI/photon_neutron_bpe_app/photon_wall_simulation_core.py,9f2f53dab99971884f4a97bea897d6a0ebb61dd1d6a65daf7b634f589941222e,/home/a/projects/Radiation_Research/radiation_shielding/Radiation-Shielding-Research/results/phase1/source_models/source_library_snapshot/photon_wall_simulation_core__9f2f53dab9997188.py,9f2f53dab99971884f4a97bea897d6a0ebb61dd1d6a65daf7b634f589941222e,True
15.75,15.850000000000001,15.8,2.1980924760802775e-08,2.1980924760802775e-08,2.1980924760802775e-08,PHOTON_NUMBER_PROBABILITY_MASS_PER_BIN,ENERGY_FLUENCE_MASS_PER_BIN,energy_fluence_mass_i = energy_center_MeV_i * probability_mass_bin_i,PROJECT_18MV_40x40,18MV_40x40,project_processed_from_Ding2002_Figure3_embedded,,,,,/home/a/projects/particle-accelerator-shielding-simulator/geant4sim/GUI/geant4GUI/photon_neutron_bpe_app/photon_wall_simulation_core.py,9f2f53dab99971884f4a97bea897d6a0ebb61dd1d6a65daf7b634f589941222e,/home/a/projects/Radiation_Research/radiation_shielding/Radiation-Shielding-Research/results/phase1/source_models/source_library_snapshot/photon_wall_simulation_core__9f2f53dab9997188.py,9f2f53dab99971884f4a97bea897d6a0ebb61dd1d6a65daf7b634f589941222e,True
15.850000000000001,15.95,15.9,1.694211289087208e-08,1.694211289087208e-08,1.694211289087208e-08,PHOTON_NUMBER_PROBABILITY_MASS_PER_BIN,ENERGY_FLUENCE_MASS_PER_BIN,energy_fluence_mass_i = energy_center_MeV_i * probability_mass_bin_i,PROJECT_18MV_40x40,18MV_40x40,project_processed_from_Ding2002_Figure3_embedded,,,,,/home/a/projects/particle-accelerator-shielding-simulator/geant4sim/GUI/geant4GUI/photon_neutron_bpe_app/photon_wall_simulation_core.py,9f2f53dab99971884f4a97bea897d6a0ebb61dd1d6a65daf7b634f589941222e,/home/a/projects/Radiation_Research/radiation_shielding/Radiation-Shielding-Research/results/phase1/source_models/source_library_snapshot/photon_wall_simulation_core__9f2f53dab9997188.py,9f2f53dab99971884f4a97bea897d6a0ebb61dd1d6a65daf7b634f589941222e,True
15.95,16.05,16.0,1.2833990485506551e-08,1.2833990485506551e-08,1.2833990485506551e-08,PHOTON_NUMBER_PROBABILITY_MASS_PER_BIN,ENERGY_FLUENCE_MASS_PER_BIN,energy_fluence_mass_i = energy_center_MeV_i * probability_mass_bin_i,PROJECT_18MV_40x40,18MV_40x40,project_processed_from_Ding2002_Figure3_embedded,,,,,/home/a/projects/particle-accelerator-shielding-simulator/geant4sim/GUI/geant4GUI/photon_neutron_bpe_app/photon_wall_simulation_core.py,9f2f53dab99971884f4a97bea897d6a0ebb61dd1d6a65daf7b634f589941222e,/home/a/projects/Radiation_Research/radiation_shielding/Radiation-Shielding-Research/results/phase1/source_models/source_library_snapshot/photon_wall_simulation_core__9f2f53dab9997188.py,9f2f53dab99971884f4a97bea897d6a0ebb61dd1d6a65daf7b634f589941222e,True
16.05,16.15,16.1,9.454556988210996e-09,9.454556988210996e-09,9.454556988210996e-09,PHOTON_NUMBER_PROBABILITY_MASS_PER_BIN,ENERGY_FLUENCE_MASS_PER_BIN,energy_fluence_mass_i = energy_center_MeV_i * probability_mass_bin_i,PROJECT_18MV_40x40,18MV_40x40,project_processed_from_Ding2002_Figure3_embedded,,,,,/home/a/projects/particle-accelerator-shielding-simulator/geant4sim/GUI/geant4GUI/photon_neutron_bpe_app/photon_wall_simulation_core.py,9f2f53dab99971884f4a97bea897d6a0ebb61dd1d6a65daf7b634f589941222e,/home/a/projects/Radiation_Research/radiation_shielding/Radiation-Shielding-Research/results/phase1/source_models/source_library_snapshot/photon_wall_simulation_core__9f2f53dab9997188.py,9f2f53dab99971884f4a97bea897d6a0ebb61dd1d6a65daf7b634f589941222e,True
16.15,16.25,16.2,6.471606180090994e-09,6.471606180090994e-09,6.471606180090994e-09,PHOTON_NUMBER_PROBABILITY_MASS_PER_BIN,ENERGY_FLUENCE_MASS_PER_BIN,energy_fluence_mass_i = energy_center_MeV_i * probability_mass_bin_i,PROJECT_18MV_40x40,18MV_40x40,project_processed_from_Ding2002_Figure3_embedded,,,,,/home/a/projects/particle-accelerator-shielding-simulator/geant4sim/GUI/geant4GUI/photon_neutron_bpe_app/photon_wall_simulation_core.py,9f2f53dab99971884f4a97bea897d6a0ebb61dd1d6a65daf7b634f589941222e,/home/a/projects/Radiation_Research/radiation_shielding/Radiation-Shielding-Research/results/phase1/source_models/source_library_snapshot/photon_wall_simulation_core__9f2f53dab9997188.py,9f2f53dab99971884f4a97bea897d6a0ebb61dd1d6a65daf7b634f589941222e,True
16.25,16.35,16.3,4.125158277636932e-09,4.125158277636932e-09,4.125158277636932e-09,PHOTON_NUMBER_PROBABILITY_MASS_PER_BIN,ENERGY_FLUENCE_MASS_PER_BIN,energy_fluence_mass_i = energy_center_MeV_i * probability_mass_bin_i,PROJECT_18MV_40x40,18MV_40x40,project_processed_from_Ding2002_Figure3_embedded,,,,,/home/a/projects/particle-accelerator-shielding-simulator/geant4sim/GUI/geant4GUI/photon_neutron_bpe_app/photon_wall_simulation_core.py,9f2f53dab99971884f4a97bea897d6a0ebb61dd1d6a65daf7b634f589941222e,/home/a/projects/Radiation_Research/radiation_shielding/Radiation-Shielding-Research/results/phase1/source_models/source_library_snapshot/photon_wall_simulation_core__9f2f53dab9997188.py,9f2f53dab99971884f4a97bea897d6a0ebb61dd1d6a65daf7b634f589941222e,True
16.35,16.45,16.4,2.6035607297712525e-09,2.6035607297712525e-09,2.6035607297712525e-09,PHOTON_NUMBER_PROBABILITY_MASS_PER_BIN,ENERGY_FLUENCE_MASS_PER_BIN,energy_fluence_mass_i = energy_center_MeV_i * probability_mass_bin_i,PROJECT_18MV_40x40,18MV_40x40,project_processed_from_Ding2002_Figure3_embedded,,,,,/home/a/projects/particle-accelerator-shielding-simulator/geant4sim/GUI/geant4GUI/photon_neutron_bpe_app/photon_wall_simulation_core.py,9f2f53dab99971884f4a97bea897d6a0ebb61dd1d6a65daf7b634f589941222e,/home/a/projects/Radiation_Research/radiation_shielding/Radiation-Shielding-Research/results/phase1/source_models/source_library_snapshot/photon_wall_simulation_core__9f2f53dab9997188.py,9f2f53dab99971884f4a97bea897d6a0ebb61dd1d6a65daf7b634f589941222e,True
16.45,16.55,16.5,1.7299529438569526e-09,1.7299529438569526e-09,1.7299529438569526e-09,PHOTON_NUMBER_PROBABILITY_MASS_PER_BIN,ENERGY_FLUENCE_MASS_PER_BIN,energy_fluence_mass_i = energy_center_MeV_i * probability_mass_bin_i,PROJECT_18MV_40x40,18MV_40x40,project_processed_from_Ding2002_Figure3_embedded,,,,,/home/a/projects/particle-accelerator-shielding-simulator/geant4sim/GUI/geant4GUI/photon_neutron_bpe_app/photon_wall_simulation_core.py,9f2f53dab99971884f4a97bea897d6a0ebb61dd1d6a65daf7b634f589941222e,/home/a/projects/Radiation_Research/radiation_shielding/Radiation-Shielding-Research/results/phase1/source_models/source_library_snapshot/photon_wall_simulation_core__9f2f53dab9997188.py,9f2f53dab99971884f4a97bea897d6a0ebb61dd1d6a65daf7b634f589941222e,True
16.55,16.65,16.6,1.286711764541813e-09,1.286711764541813e-09,1.286711764541813e-09,PHOTON_NUMBER_PROBABILITY_MASS_PER_BIN,ENERGY_FLUENCE_MASS_PER_BIN,energy_fluence_mass_i = energy_center_MeV_i * probability_mass_bin_i,PROJECT_18MV_40x40,18MV_40x40,project_processed_from_Ding2002_Figure3_embedded,,,,,/home/a/projects/particle-accelerator-shielding-simulator/geant4sim/GUI/geant4GUI/photon_neutron_bpe_app/photon_wall_simulation_core.py,9f2f53dab99971884f4a97bea897d6a0ebb61dd1d6a65daf7b634f589941222e,/home/a/projects/Radiation_Research/radiation_shielding/Radiation-Shielding-Research/results/phase1/source_models/source_library_snapshot/photon_wall_simulation_core__9f2f53dab9997188.py,9f2f53dab99971884f4a97bea897d6a0ebb61dd1d6a65daf7b634f589941222e,True
16.65,16.75,16.7,1.061398337419818e-09,1.061398337419818e-09,1.061398337419818e-09,PHOTON_NUMBER_PROBABILITY_MASS_PER_BIN,ENERGY_FLUENCE_MASS_PER_BIN,energy_fluence_mass_i = energy_center_MeV_i * probability_mass_bin_i,PROJECT_18MV_40x40,18MV_40x40,project_processed_from_Ding2002_Figure3_embedded,,,,,/home/a/projects/particle-accelerator-shielding-simulator/geant4sim/GUI/geant4GUI/photon_neutron_bpe_app/photon_wall_simulation_core.py,9f2f53dab99971884f4a97bea897d6a0ebb61dd1d6a65daf7b634f589941222e,/home/a/projects/Radiation_Research/radiation_shielding/Radiation-Shielding-Research/results/phase1/source_models/source_library_snapshot/photon_wall_simulation_core__9f2f53dab9997188.py,9f2f53dab99971884f4a97bea897d6a0ebb61dd1d6a65daf7b634f589941222e,True
16.75,16.85,16.8,9.097620486816128e-10,9.097620486816128e-10,9.097620486816128e-10,PHOTON_NUMBER_PROBABILITY_MASS_PER_BIN,ENERGY_FLUENCE_MASS_PER_BIN,energy_fluence_mass_i = energy_center_MeV_i * probability_mass_bin_i,PROJECT_18MV_40x40,18MV_40x40,project_processed_from_Ding2002_Figure3_embedded,,,,,/home/a/projects/particle-accelerator-shielding-simulator/geant4sim/GUI/geant4GUI/photon_neutron_bpe_app/photon_wall_simulation_core.py,9f2f53dab99971884f4a97bea897d6a0ebb61dd1d6a65daf7b634f589941222e,/home/a/projects/Radiation_Research/radiation_shielding/Radiation-Shielding-Research/results/phase1/source_models/source_library_snapshot/photon_wall_simulation_core__9f2f53dab9997188.py,9f2f53dab99971884f4a97bea897d6a0ebb61dd1d6a65daf7b634f589941222e,True
16.85,16.95,16.9,7.922623397996074e-10,7.922623397996074e-10,7.922623397996074e-10,PHOTON_NUMBER_PROBABILITY_MASS_PER_BIN,ENERGY_FLUENCE_MASS_PER_BIN,energy_fluence_mass_i = energy_center_MeV_i * probability_mass_bin_i,PROJECT_18MV_40x40,18MV_40x40,project_processed_from_Ding2002_Figure3_embedded,,,,,/home/a/projects/particle-accelerator-shielding-simulator/geant4sim/GUI/geant4GUI/photon_neutron_bpe_app/photon_wall_simulation_core.py,9f2f53dab99971884f4a97bea897d6a0ebb61dd1d6a65daf7b634f589941222e,/home/a/projects/Radiation_Research/radiation_shielding/Radiation-Shielding-Research/results/phase1/source_models/source_library_snapshot/photon_wall_simulation_core__9f2f53dab9997188.py,9f2f53dab99971884f4a97bea897d6a0ebb61dd1d6a65daf7b634f589941222e,True
16.95,17.05,17.0,6.853958858420519e-10,6.853958858420519e-10,6.853958858420519e-10,PHOTON_NUMBER_PROBABILITY_MASS_PER_BIN,ENERGY_FLUENCE_MASS_PER_BIN,energy_fluence_mass_i = energy_center_MeV_i * probability_mass_bin_i,PROJECT_18MV_40x40,18MV_40x40,project_processed_from_Ding2002_Figure3_embedded,,,,,/home/a/projects/particle-accelerator-shielding-simulator/geant4sim/GUI/geant4GUI/photon_neutron_bpe_app/photon_wall_simulation_core.py,9f2f53dab99971884f4a97bea897d6a0ebb61dd1d6a65daf7b634f589941222e,/home/a/projects/Radiation_Research/radiation_shielding/Radiation-Shielding-Research/results/phase1/source_models/source_library_snapshot/photon_wall_simulation_core__9f2f53dab9997188.py,9f2f53dab99971884f4a97bea897d6a0ebb61dd1d6a65daf7b634f589941222e,True
17.05,17.15,17.1,5.759499705971969e-10,5.759499705971969e-10,5.759499705971969e-10,PHOTON_NUMBER_PROBABILITY_MASS_PER_BIN,ENERGY_FLUENCE_MASS_PER_BIN,energy_fluence_mass_i = energy_center_MeV_i * probability_mass_bin_i,PROJECT_18MV_40x40,18MV_40x40,project_processed_from_Ding2002_Figure3_embedded,,,,,/home/a/projects/particle-accelerator-shielding-simulator/geant4sim/GUI/geant4GUI/photon_neutron_bpe_app/photon_wall_simulation_core.py,9f2f53dab99971884f4a97bea897d6a0ebb61dd1d6a65daf7b634f589941222e,/home/a/projects/Radiation_Research/radiation_shielding/Radiation-Shielding-Research/results/phase1/source_models/source_library_snapshot/photon_wall_simulation_core__9f2f53dab9997188.py,9f2f53dab99971884f4a97bea897d6a0ebb61dd1d6a65daf7b634f589941222e,True
17.15,17.25,17.2,4.6857203369096e-10,4.6857203369096e-10,4.6857203369096e-10,PHOTON_NUMBER_PROBABILITY_MASS_PER_BIN,ENERGY_FLUENCE_MASS_PER_BIN,energy_fluence_mass_i = energy_center_MeV_i * probability_mass_bin_i,PROJECT_18MV_40x40,18MV_40x40,project_processed_from_Ding2002_Figure3_embedded,,,,,/home/a/projects/particle-accelerator-shielding-simulator/geant4sim/GUI/geant4GUI/photon_neutron_bpe_app/photon_wall_simulation_core.py,9f2f53dab99971884f4a97bea897d6a0ebb61dd1d6a65daf7b634f589941222e,/home/a/projects/Radiation_Research/radiation_shielding/Radiation-Shielding-Research/results/phase1/source_models/source_library_snapshot/photon_wall_simulation_core__9f2f53dab9997188.py,9f2f53dab99971884f4a97bea897d6a0ebb61dd1d6a65daf7b634f589941222e,True
17.25,17.35,17.3,3.6933801792672846e-10,3.6933801792672846e-10,3.6933801792672846e-10,PHOTON_NUMBER_PROBABILITY_MASS_PER_BIN,ENERGY_FLUENCE_MASS_PER_BIN,energy_fluence_mass_i = energy_center_MeV_i * probability_mass_bin_i,PROJECT_18MV_40x40,18MV_40x40,project_processed_from_Ding2002_Figure3_embedded,,,,,/home/a/projects/particle-accelerator-shielding-simulator/geant4sim/GUI/geant4GUI/photon_neutron_bpe_app/photon_wall_simulation_core.py,9f2f53dab99971884f4a97bea897d6a0ebb61dd1d6a65daf7b634f589941222e,/home/a/projects/Radiation_Research/radiation_shielding/Radiation-Shielding-Research/results/phase1/source_models/source_library_snapshot/photon_wall_simulation_core__9f2f53dab9997188.py,9f2f53dab99971884f4a97bea897d6a0ebb61dd1d6a65daf7b634f589941222e,True
17.35,17.45,17.4,2.774357659623978e-10,2.774357659623978e-10,2.774357659623978e-10,PHOTON_NUMBER_PROBABILITY_MASS_PER_BIN,ENERGY_FLUENCE_MASS_PER_BIN,energy_fluence_mass_i = energy_center_MeV_i * probability_mass_bin_i,PROJECT_18MV_40x40,18MV_40x40,project_processed_from_Ding2002_Figure3_embedded,,,,,/home/a/projects/particle-accelerator-shielding-simulator/geant4sim/GUI/geant4GUI/photon_neutron_bpe_app/photon_wall_simulation_core.py,9f2f53dab99971884f4a97bea897d6a0ebb61dd1d6a65daf7b634f589941222e,/home/a/projects/Radiation_Research/radiation_shielding/Radiation-Shielding-Research/results/phase1/source_models/source_library_snapshot/photon_wall_simulation_core__9f2f53dab9997188.py,9f2f53dab99971884f4a97bea897d6a0ebb61dd1d6a65daf7b634f589941222e,True
17.45,17.55,17.5,1.907974126381206e-10,1.907974126381206e-10,1.907974126381206e-10,PHOTON_NUMBER_PROBABILITY_MASS_PER_BIN,ENERGY_FLUENCE_MASS_PER_BIN,energy_fluence_mass_i = energy_center_MeV_i * probability_mass_bin_i,PROJECT_18MV_40x40,18MV_40x40,project_processed_from_Ding2002_Figure3_embedded,,,,,/home/a/projects/particle-accelerator-shielding-simulator/geant4sim/GUI/geant4GUI/photon_neutron_bpe_app/photon_wall_simulation_core.py,9f2f53dab99971884f4a97bea897d6a0ebb61dd1d6a65daf7b634f589941222e,/home/a/projects/Radiation_Research/radiation_shielding/Radiation-Shielding-Research/results/phase1/source_models/source_library_snapshot/photon_wall_simulation_core__9f2f53dab9997188.py,9f2f53dab99971884f4a97bea897d6a0ebb61dd1d6a65daf7b634f589941222e,True
17.55,17.65,17.6,1.1872394475780025e-10,1.1872394475780025e-10,1.1872394475780025e-10,PHOTON_NUMBER_PROBABILITY_MASS_PER_BIN,ENERGY_FLUENCE_MASS_PER_BIN,energy_fluence_mass_i = energy_center_MeV_i * probability_mass_bin_i,PROJECT_18MV_40x40,18MV_40x40,project_processed_from_Ding2002_Figure3_embedded,,,,,/home/a/projects/particle-accelerator-shielding-simulator/geant4sim/GUI/geant4GUI/photon_neutron_bpe_app/photon_wall_simulation_core.py,9f2f53dab99971884f4a97bea897d6a0ebb61dd1d6a65daf7b634f589941222e,/home/a/projects/Radiation_Research/radiation_shielding/Radiation-Shielding-Research/results/phase1/source_models/source_library_snapshot/photon_wall_simulation_core__9f2f53dab9997188.py,9f2f53dab99971884f4a97bea897d6a0ebb61dd1d6a65daf7b634f589941222e,True
17.65,17.75,17.7,6.860405431069818e-11,6.860405431069818e-11,6.860405431069818e-11,PHOTON_NUMBER_PROBABILITY_MASS_PER_BIN,ENERGY_FLUENCE_MASS_PER_BIN,energy_fluence_mass_i = energy_center_MeV_i * probability_mass_bin_i,PROJECT_18MV_40x40,18MV_40x40,project_processed_from_Ding2002_Figure3_embedded,,,,,/home/a/projects/particle-accelerator-shielding-simulator/geant4sim/GUI/geant4GUI/photon_neutron_bpe_app/photon_wall_simulation_core.py,9f2f53dab99971884f4a97bea897d6a0ebb61dd1d6a65daf7b634f589941222e,/home/a/projects/Radiation_Research/radiation_shielding/Radiation-Shielding-Research/results/phase1/source_models/source_library_snapshot/photon_wall_simulation_core__9f2f53dab9997188.py,9f2f53dab99971884f4a97bea897d6a0ebb61dd1d6a65daf7b634f589941222e,True
17.75,17.85,17.8,0.0,0.0,0.0,PHOTON_NUMBER_PROBABILITY_MASS_PER_BIN,ENERGY_FLUENCE_MASS_PER_BIN,energy_fluence_mass_i = energy_center_MeV_i * probability_mass_bin_i,PROJECT_18MV_40x40,18MV_40x40,project_processed_from_Ding2002_Figure3_embedded,,,,,/home/a/projects/particle-accelerator-shielding-simulator/geant4sim/GUI/geant4GUI/photon_neutron_bpe_app/photon_wall_simulation_core.py,9f2f53dab99971884f4a97bea897d6a0ebb61dd1d6a65daf7b634f589941222e,/home/a/projects/Radiation_Research/radiation_shielding/Radiation-Shielding-Research/results/phase1/source_models/source_library_snapshot/photon_wall_simulation_core__9f2f53dab9997188.py,9f2f53dab99971884f4a97bea897d6a0ebb61dd1d6a65daf7b634f589941222e,True
17.85,17.95,17.9,0.0,0.0,0.0,PHOTON_NUMBER_PROBABILITY_MASS_PER_BIN,ENERGY_FLUENCE_MASS_PER_BIN,energy_fluence_mass_i = energy_center_MeV_i * probability_mass_bin_i,PROJECT_18MV_40x40,18MV_40x40,project_processed_from_Ding2002_Figure3_embedded,,,,,/home/a/projects/particle-accelerator-shielding-simulator/geant4sim/GUI/geant4GUI/photon_neutron_bpe_app/photon_wall_simulation_core.py,9f2f53dab99971884f4a97bea897d6a0ebb61dd1d6a65daf7b634f589941222e,/home/a/projects/Radiation_Research/radiation_shielding/Radiation-Shielding-Research/results/phase1/source_models/source_library_snapshot/photon_wall_simulation_core__9f2f53dab9997188.py,9f2f53dab99971884f4a97bea897d6a0ebb61dd1d6a65daf7b634f589941222e,True
17.95,18.05,18.0,0.0,0.0,0.0,PHOTON_NUMBER_PROBABILITY_MASS_PER_BIN,ENERGY_FLUENCE_MASS_PER_BIN,energy_fluence_mass_i = energy_center_MeV_i * probability_mass_bin_i,PROJECT_18MV_40x40,18MV_40x40,project_processed_from_Ding2002_Figure3_embedded,,,,,/home/a/projects/particle-accelerator-shielding-simulator/geant4sim/GUI/geant4GUI/photon_neutron_bpe_app/photon_wall_simulation_core.py,9f2f53dab99971884f4a97bea897d6a0ebb61dd1d6a65daf7b634f589941222e,/home/a/projects/Radiation_Research/radiation_shielding/Radiation-Shielding-Research/results/phase1/source_models/source_library_snapshot/photon_wall_simulation_core__9f2f53dab9997188.py,9f2f53dab99971884f4a97bea897d6a0ebb61dd1d6a65daf7b634f589941222e,True
18.05,18.15,18.1,0.0,0.0,0.0,PHOTON_NUMBER_PROBABILITY_MASS_PER_BIN,ENERGY_FLUENCE_MASS_PER_BIN,energy_fluence_mass_i = energy_center_MeV_i * probability_mass_bin_i,PROJECT_18MV_40x40,18MV_40x40,project_processed_from_Ding2002_Figure3_embedded,,,,,/home/a/projects/particle-accelerator-shielding-simulator/geant4sim/GUI/geant4GUI/photon_neutron_bpe_app/photon_wall_simulation_core.py,9f2f53dab99971884f4a97bea897d6a0ebb61dd1d6a65daf7b634f589941222e,/home/a/projects/Radiation_Research/radiation_shielding/Radiation-Shielding-Research/results/phase1/source_models/source_library_snapshot/photon_wall_simulation_core__9f2f53dab9997188.py,9f2f53dab99971884f4a97bea897d6a0ebb61dd1d6a65daf7b634f589941222e,True
18.15,18.25,18.2,0.0,0.0,0.0,PHOTON_NUMBER_PROBABILITY_MASS_PER_BIN,ENERGY_FLUENCE_MASS_PER_BIN,energy_fluence_mass_i = energy_center_MeV_i * probability_mass_bin_i,PROJECT_18MV_40x40,18MV_40x40,project_processed_from_Ding2002_Figure3_embedded,,,,,/home/a/projects/particle-accelerator-shielding-simulator/geant4sim/GUI/geant4GUI/photon_neutron_bpe_app/photon_wall_simulation_core.py,9f2f53dab99971884f4a97bea897d6a0ebb61dd1d6a65daf7b634f589941222e,/home/a/projects/Radiation_Research/radiation_shielding/Radiation-Shielding-Research/results/phase1/source_models/source_library_snapshot/photon_wall_simulation_core__9f2f53dab9997188.py,9f2f53dab99971884f4a97bea897d6a0ebb61dd1d6a65daf7b634f589941222e,True
18.25,18.35,18.3,0.0,0.0,0.0,PHOTON_NUMBER_PROBABILITY_MASS_PER_BIN,ENERGY_FLUENCE_MASS_PER_BIN,energy_fluence_mass_i = energy_center_MeV_i * probability_mass_bin_i,PROJECT_18MV_40x40,18MV_40x40,project_processed_from_Ding2002_Figure3_embedded,,,,,/home/a/projects/particle-accelerator-shielding-simulator/geant4sim/GUI/geant4GUI/photon_neutron_bpe_app/photon_wall_simulation_core.py,9f2f53dab99971884f4a97bea897d6a0ebb61dd1d6a65daf7b634f589941222e,/home/a/projects/Radiation_Research/radiation_shielding/Radiation-Shielding-Research/results/phase1/source_models/source_library_snapshot/photon_wall_simulation_core__9f2f53dab9997188.py,9f2f53dab99971884f4a97bea897d6a0ebb61dd1d6a65daf7b634f589941222e,True
18.35,18.45,18.4,0.0,0.0,0.0,PHOTON_NUMBER_PROBABILITY_MASS_PER_BIN,ENERGY_FLUENCE_MASS_PER_BIN,energy_fluence_mass_i = energy_center_MeV_i * probability_mass_bin_i,PROJECT_18MV_40x40,18MV_40x40,project_processed_from_Ding2002_Figure3_embedded,,,,,/home/a/projects/particle-accelerator-shielding-simulator/geant4sim/GUI/geant4GUI/photon_neutron_bpe_app/photon_wall_simulation_core.py,9f2f53dab99971884f4a97bea897d6a0ebb61dd1d6a65daf7b634f589941222e,/home/a/projects/Radiation_Research/radiation_shielding/Radiation-Shielding-Research/results/phase1/source_models/source_library_snapshot/photon_wall_simulation_core__9f2f53dab9997188.py,9f2f53dab99971884f4a97bea897d6a0ebb61dd1d6a65daf7b634f589941222e,True
18.45,18.55,18.5,0.0,0.0,0.0,PHOTON_NUMBER_PROBABILITY_MASS_PER_BIN,ENERGY_FLUENCE_MASS_PER_BIN,energy_fluence_mass_i = energy_center_MeV_i * probability_mass_bin_i,PROJECT_18MV_40x40,18MV_40x40,project_processed_from_Ding2002_Figure3_embedded,,,,,/home/a/projects/particle-accelerator-shielding-simulator/geant4sim/GUI/geant4GUI/photon_neutron_bpe_app/photon_wall_simulation_core.py,9f2f53dab99971884f4a97bea897d6a0ebb61dd1d6a65daf7b634f589941222e,/home/a/projects/Radiation_Research/radiation_shielding/Radiation-Shielding-Research/results/phase1/source_models/source_library_snapshot/photon_wall_simulation_core__9f2f53dab9997188.py,9f2f53dab99971884f4a97bea897d6a0ebb61dd1d6a65daf7b634f589941222e,True
18.55,18.65,18.6,0.0,0.0,0.0,PHOTON_NUMBER_PROBABILITY_MASS_PER_BIN,ENERGY_FLUENCE_MASS_PER_BIN,energy_fluence_mass_i = energy_center_MeV_i * probability_mass_bin_i,PROJECT_18MV_40x40,18MV_40x40,project_processed_from_Ding2002_Figure3_embedded,,,,,/home/a/projects/particle-accelerator-shielding-simulator/geant4sim/GUI/geant4GUI/photon_neutron_bpe_app/photon_wall_simulation_core.py,9f2f53dab99971884f4a97bea897d6a0ebb61dd1d6a65daf7b634f589941222e,/home/a/projects/Radiation_Research/radiation_shielding/Radiation-Shielding-Research/results/phase1/source_models/source_library_snapshot/photon_wall_simulation_core__9f2f53dab9997188.py,9f2f53dab99971884f4a97bea897d6a0ebb61dd1d6a65daf7b634f589941222e,True
18.65,18.75,18.7,0.0,0.0,0.0,PHOTON_NUMBER_PROBABILITY_MASS_PER_BIN,ENERGY_FLUENCE_MASS_PER_BIN,energy_fluence_mass_i = energy_center_MeV_i * probability_mass_bin_i,PROJECT_18MV_40x40,18MV_40x40,project_processed_from_Ding2002_Figure3_embedded,,,,,/home/a/projects/particle-accelerator-shielding-simulator/geant4sim/GUI/geant4GUI/photon_neutron_bpe_app/photon_wall_simulation_core.py,9f2f53dab99971884f4a97bea897d6a0ebb61dd1d6a65daf7b634f589941222e,/home/a/projects/Radiation_Research/radiation_shielding/Radiation-Shielding-Research/results/phase1/source_models/source_library_snapshot/photon_wall_simulation_core__9f2f53dab9997188.py,9f2f53dab99971884f4a97bea897d6a0ebb61dd1d6a65daf7b634f589941222e,True
18.75,18.85,18.8,0.0,0.0,0.0,PHOTON_NUMBER_PROBABILITY_MASS_PER_BIN,ENERGY_FLUENCE_MASS_PER_BIN,energy_fluence_mass_i = energy_center_MeV_i * probability_mass_bin_i,PROJECT_18MV_40x40,18MV_40x40,project_processed_from_Ding2002_Figure3_embedded,,,,,/home/a/projects/particle-accelerator-shielding-simulator/geant4sim/GUI/geant4GUI/photon_neutron_bpe_app/photon_wall_simulation_core.py,9f2f53dab99971884f4a97bea897d6a0ebb61dd1d6a65daf7b634f589941222e,/home/a/projects/Radiation_Research/radiation_shielding/Radiation-Shielding-Research/results/phase1/source_models/source_library_snapshot/photon_wall_simulation_core__9f2f53dab9997188.py,9f2f53dab99971884f4a97bea897d6a0ebb61dd1d6a65daf7b634f589941222e,True
18.85,18.95,18.9,0.0,0.0,0.0,PHOTON_NUMBER_PROBABILITY_MASS_PER_BIN,ENERGY_FLUENCE_MASS_PER_BIN,energy_fluence_mass_i = energy_center_MeV_i * probability_mass_bin_i,PROJECT_18MV_40x40,18MV_40x40,project_processed_from_Ding2002_Figure3_embedded,,,,,/home/a/projects/particle-accelerator-shielding-simulator/geant4sim/GUI/geant4GUI/photon_neutron_bpe_app/photon_wall_simulation_core.py,9f2f53dab99971884f4a97bea897d6a0ebb61dd1d6a65daf7b634f589941222e,/home/a/projects/Radiation_Research/radiation_shielding/Radiation-Shielding-Research/results/phase1/source_models/source_library_snapshot/photon_wall_simulation_core__9f2f53dab9997188.py,9f2f53dab99971884f4a97bea897d6a0ebb61dd1d6a65daf7b634f589941222e,True
18.95,19.05,19.0,0.0,0.0,0.0,PHOTON_NUMBER_PROBABILITY_MASS_PER_BIN,ENERGY_FLUENCE_MASS_PER_BIN,energy_fluence_mass_i = energy_center_MeV_i * probability_mass_bin_i,PROJECT_18MV_40x40,18MV_40x40,project_processed_from_Ding2002_Figure3_embedded,,,,,/home/a/projects/particle-accelerator-shielding-simulator/geant4sim/GUI/geant4GUI/photon_neutron_bpe_app/photon_wall_simulation_core.py,9f2f53dab99971884f4a97bea897d6a0ebb61dd1d6a65daf7b634f589941222e,/home/a/projects/Radiation_Research/radiation_shielding/Radiation-Shielding-Research/results/phase1/source_models/source_library_snapshot/photon_wall_simulation_core__9f2f53dab9997188.py,9f2f53dab99971884f4a97bea897d6a0ebb61dd1d6a65daf7b634f589941222e,True
