energy_low_MeV,energy_high_MeV,energy_center_MeV,probability_mass_bin,sampling_probability,relative_bin_integral,probability_physical_quantity,spectral_validation_comparison_quantity,spectral_validation_transform,source_model_id,production_case_name,production_origin,production_interpolation_method,source_base_case,source_validation_class,transformation_contract,source_origin_file,source_origin_sha256,source_snapshot_file,source_snapshot_sha256,exact_production_energy_grid
0.05,0.15000000000000002,0.1,0.008709762460501785,0.008709762460501785,0.008709762460501785,PHOTON_NUMBER_PROBABILITY_MASS_PER_BIN,ENERGY_FLUENCE_MASS_PER_BIN,energy_fluence_mass_i = energy_center_MeV_i * probability_mass_bin_i,PROJECT_16MV_40x40,16MV_40x40_interpolated,linear_between_6MV_and_18MV_same_field,linear_between_6MV_and_18MV_same_field,,,,/home/a/projects/particle-accelerator-shielding-simulator/geant4sim/GUI/geant4GUI/photon_neutron_bpe_app/photon_wall_simulation_core.py,9f2f53dab99971884f4a97bea897d6a0ebb61dd1d6a65daf7b634f589941222e,/home/a/projects/Radiation_Research/radiation_shielding/Radiation-Shielding-Research/results/phase1/source_models/source_library_snapshot/photon_wall_simulation_core__9f2f53dab9997188.py,9f2f53dab99971884f4a97bea897d6a0ebb61dd1d6a65daf7b634f589941222e,True
0.15000000000000002,0.25,0.2,0.014988415372222496,0.014988415372222496,0.014988415372222496,PHOTON_NUMBER_PROBABILITY_MASS_PER_BIN,ENERGY_FLUENCE_MASS_PER_BIN,energy_fluence_mass_i = energy_center_MeV_i * probability_mass_bin_i,PROJECT_16MV_40x40,16MV_40x40_interpolated,linear_between_6MV_and_18MV_same_field,linear_between_6MV_and_18MV_same_field,,,,/home/a/projects/particle-accelerator-shielding-simulator/geant4sim/GUI/geant4GUI/photon_neutron_bpe_app/photon_wall_simulation_core.py,9f2f53dab99971884f4a97bea897d6a0ebb61dd1d6a65daf7b634f589941222e,/home/a/projects/Radiation_Research/radiation_shielding/Radiation-Shielding-Research/results/phase1/source_models/source_library_snapshot/photon_wall_simulation_core__9f2f53dab9997188.py,9f2f53dab99971884f4a97bea897d6a0ebb61dd1d6a65daf7b634f589941222e,True
0.25,0.35,0.3,0.020586578363963992,0.020586578363963992,0.020586578363963992,PHOTON_NUMBER_PROBABILITY_MASS_PER_BIN,ENERGY_FLUENCE_MASS_PER_BIN,energy_fluence_mass_i = energy_center_MeV_i * probability_mass_bin_i,PROJECT_16MV_40x40,16MV_40x40_interpolated,linear_between_6MV_and_18MV_same_field,linear_between_6MV_and_18MV_same_field,,,,/home/a/projects/particle-accelerator-shielding-simulator/geant4sim/GUI/geant4GUI/photon_neutron_bpe_app/photon_wall_simulation_core.py,9f2f53dab99971884f4a97bea897d6a0ebb61dd1d6a65daf7b634f589941222e,/home/a/projects/Radiation_Research/radiation_shielding/Radiation-Shielding-Research/results/phase1/source_models/source_library_snapshot/photon_wall_simulation_core__9f2f53dab9997188.py,9f2f53dab99971884f4a97bea897d6a0ebb61dd1d6a65daf7b634f589941222e,True
0.35,0.45,0.4,0.02543541201275592,0.02543541201275592,0.02543541201275592,PHOTON_NUMBER_PROBABILITY_MASS_PER_BIN,ENERGY_FLUENCE_MASS_PER_BIN,energy_fluence_mass_i = energy_center_MeV_i * probability_mass_bin_i,PROJECT_16MV_40x40,16MV_40x40_interpolated,linear_between_6MV_and_18MV_same_field,linear_between_6MV_and_18MV_same_field,,,,/home/a/projects/particle-accelerator-shielding-simulator/geant4sim/GUI/geant4GUI/photon_neutron_bpe_app/photon_wall_simulation_core.py,9f2f53dab99971884f4a97bea897d6a0ebb61dd1d6a65daf7b634f589941222e,/home/a/projects/Radiation_Research/radiation_shielding/Radiation-Shielding-Research/results/phase1/source_models/source_library_snapshot/photon_wall_simulation_core__9f2f53dab9997188.py,9f2f53dab99971884f4a97bea897d6a0ebb61dd1d6a65daf7b634f589941222e,True
0.45,0.55,0.5,0.027836747526196633,0.027836747526196633,0.027836747526196633,PHOTON_NUMBER_PROBABILITY_MASS_PER_BIN,ENERGY_FLUENCE_MASS_PER_BIN,energy_fluence_mass_i = energy_center_MeV_i * probability_mass_bin_i,PROJECT_16MV_40x40,16MV_40x40_interpolated,linear_between_6MV_and_18MV_same_field,linear_between_6MV_and_18MV_same_field,,,,/home/a/projects/particle-accelerator-shielding-simulator/geant4sim/GUI/geant4GUI/photon_neutron_bpe_app/photon_wall_simulation_core.py,9f2f53dab99971884f4a97bea897d6a0ebb61dd1d6a65daf7b634f589941222e,/home/a/projects/Radiation_Research/radiation_shielding/Radiation-Shielding-Research/results/phase1/source_models/source_library_snapshot/photon_wall_simulation_core__9f2f53dab9997188.py,9f2f53dab99971884f4a97bea897d6a0ebb61dd1d6a65daf7b634f589941222e,True
0.55,0.6499999999999999,0.6,0.02886939545657355,0.02886939545657355,0.02886939545657355,PHOTON_NUMBER_PROBABILITY_MASS_PER_BIN,ENERGY_FLUENCE_MASS_PER_BIN,energy_fluence_mass_i = energy_center_MeV_i * probability_mass_bin_i,PROJECT_16MV_40x40,16MV_40x40_interpolated,linear_between_6MV_and_18MV_same_field,linear_between_6MV_and_18MV_same_field,,,,/home/a/projects/particle-accelerator-shielding-simulator/geant4sim/GUI/geant4GUI/photon_neutron_bpe_app/photon_wall_simulation_core.py,9f2f53dab99971884f4a97bea897d6a0ebb61dd1d6a65daf7b634f589941222e,/home/a/projects/Radiation_Research/radiation_shielding/Radiation-Shielding-Research/results/phase1/source_models/source_library_snapshot/photon_wall_simulation_core__9f2f53dab9997188.py,9f2f53dab99971884f4a97bea897d6a0ebb61dd1d6a65daf7b634f589941222e,True
0.6499999999999999,0.75,0.7,0.02899607426154864,0.02899607426154864,0.02899607426154864,PHOTON_NUMBER_PROBABILITY_MASS_PER_BIN,ENERGY_FLUENCE_MASS_PER_BIN,energy_fluence_mass_i = energy_center_MeV_i * probability_mass_bin_i,PROJECT_16MV_40x40,16MV_40x40_interpolated,linear_between_6MV_and_18MV_same_field,linear_between_6MV_and_18MV_same_field,,,,/home/a/projects/particle-accelerator-shielding-simulator/geant4sim/GUI/geant4GUI/photon_neutron_bpe_app/photon_wall_simulation_core.py,9f2f53dab99971884f4a97bea897d6a0ebb61dd1d6a65daf7b634f589941222e,/home/a/projects/Radiation_Research/radiation_shielding/Radiation-Shielding-Research/results/phase1/source_models/source_library_snapshot/photon_wall_simulation_core__9f2f53dab9997188.py,9f2f53dab99971884f4a97bea897d6a0ebb61dd1d6a65daf7b634f589941222e,True
0.75,0.8500000000000001,0.8,0.028285719653593566,0.028285719653593566,0.028285719653593566,PHOTON_NUMBER_PROBABILITY_MASS_PER_BIN,ENERGY_FLUENCE_MASS_PER_BIN,energy_fluence_mass_i = energy_center_MeV_i * probability_mass_bin_i,PROJECT_16MV_40x40,16MV_40x40_interpolated,linear_between_6MV_and_18MV_same_field,linear_between_6MV_and_18MV_same_field,,,,/home/a/projects/particle-accelerator-shielding-simulator/geant4sim/GUI/geant4GUI/photon_neutron_bpe_app/photon_wall_simulation_core.py,9f2f53dab99971884f4a97bea897d6a0ebb61dd1d6a65daf7b634f589941222e,/home/a/projects/Radiation_Research/radiation_shielding/Radiation-Shielding-Research/results/phase1/source_models/source_library_snapshot/photon_wall_simulation_core__9f2f53dab9997188.py,9f2f53dab99971884f4a97bea897d6a0ebb61dd1d6a65daf7b634f589941222e,True
0.8500000000000001,0.95,0.9,0.027120702705631196,0.027120702705631196,0.027120702705631196,PHOTON_NUMBER_PROBABILITY_MASS_PER_BIN,ENERGY_FLUENCE_MASS_PER_BIN,energy_fluence_mass_i = energy_center_MeV_i * probability_mass_bin_i,PROJECT_16MV_40x40,16MV_40x40_interpolated,linear_between_6MV_and_18MV_same_field,linear_between_6MV_and_18MV_same_field,,,,/home/a/projects/particle-accelerator-shielding-simulator/geant4sim/GUI/geant4GUI/photon_neutron_bpe_app/photon_wall_simulation_core.py,9f2f53dab99971884f4a97bea897d6a0ebb61dd1d6a65daf7b634f589941222e,/home/a/projects/Radiation_Research/radiation_shielding/Radiation-Shielding-Research/results/phase1/source_models/source_library_snapshot/photon_wall_simulation_core__9f2f53dab9997188.py,9f2f53dab99971884f4a97bea897d6a0ebb61dd1d6a65daf7b634f589941222e,True
0.95,1.05,1.0,0.025778204025809083,0.025778204025809083,0.025778204025809083,PHOTON_NUMBER_PROBABILITY_MASS_PER_BIN,ENERGY_FLUENCE_MASS_PER_BIN,energy_fluence_mass_i = energy_center_MeV_i * probability_mass_bin_i,PROJECT_16MV_40x40,16MV_40x40_interpolated,linear_between_6MV_and_18MV_same_field,linear_between_6MV_and_18MV_same_field,,,,/home/a/projects/particle-accelerator-shielding-simulator/geant4sim/GUI/geant4GUI/photon_neutron_bpe_app/photon_wall_simulation_core.py,9f2f53dab99971884f4a97bea897d6a0ebb61dd1d6a65daf7b634f589941222e,/home/a/projects/Radiation_Research/radiation_shielding/Radiation-Shielding-Research/results/phase1/source_models/source_library_snapshot/photon_wall_simulation_core__9f2f53dab9997188.py,9f2f53dab99971884f4a97bea897d6a0ebb61dd1d6a65daf7b634f589941222e,True
1.05,1.15,1.1,0.024187550143120524,0.024187550143120524,0.024187550143120524,PHOTON_NUMBER_PROBABILITY_MASS_PER_BIN,ENERGY_FLUENCE_MASS_PER_BIN,energy_fluence_mass_i = energy_center_MeV_i * probability_mass_bin_i,PROJECT_16MV_40x40,16MV_40x40_interpolated,linear_between_6MV_and_18MV_same_field,linear_between_6MV_and_18MV_same_field,,,,/home/a/projects/particle-accelerator-shielding-simulator/geant4sim/GUI/geant4GUI/photon_neutron_bpe_app/photon_wall_simulation_core.py,9f2f53dab99971884f4a97bea897d6a0ebb61dd1d6a65daf7b634f589941222e,/home/a/projects/Radiation_Research/radiation_shielding/Radiation-Shielding-Research/results/phase1/source_models/source_library_snapshot/photon_wall_simulation_core__9f2f53dab9997188.py,9f2f53dab99971884f4a97bea897d6a0ebb61dd1d6a65daf7b634f589941222e,True
1.15,1.25,1.2,0.02220918011616474,0.02220918011616474,0.02220918011616474,PHOTON_NUMBER_PROBABILITY_MASS_PER_BIN,ENERGY_FLUENCE_MASS_PER_BIN,energy_fluence_mass_i = energy_center_MeV_i * probability_mass_bin_i,PROJECT_16MV_40x40,16MV_40x40_interpolated,linear_between_6MV_and_18MV_same_field,linear_between_6MV_and_18MV_same_field,,,,/home/a/projects/particle-accelerator-shielding-simulator/geant4sim/GUI/geant4GUI/photon_neutron_bpe_app/photon_wall_simulation_core.py,9f2f53dab99971884f4a97bea897d6a0ebb61dd1d6a65daf7b634f589941222e,/home/a/projects/Radiation_Research/radiation_shielding/Radiation-Shielding-Research/results/phase1/source_models/source_library_snapshot/photon_wall_simulation_core__9f2f53dab9997188.py,9f2f53dab99971884f4a97bea897d6a0ebb61dd1d6a65daf7b634f589941222e,True
1.25,1.35,1.3,0.019876369429997074,0.019876369429997074,0.019876369429997074,PHOTON_NUMBER_PROBABILITY_MASS_PER_BIN,ENERGY_FLUENCE_MASS_PER_BIN,energy_fluence_mass_i = energy_center_MeV_i * probability_mass_bin_i,PROJECT_16MV_40x40,16MV_40x40_interpolated,linear_between_6MV_and_18MV_same_field,linear_between_6MV_and_18MV_same_field,,,,/home/a/projects/particle-accelerator-shielding-simulator/geant4sim/GUI/geant4GUI/photon_neutron_bpe_app/photon_wall_simulation_core.py,9f2f53dab99971884f4a97bea897d6a0ebb61dd1d6a65daf7b634f589941222e,/home/a/projects/Radiation_Research/radiation_shielding/Radiation-Shielding-Research/results/phase1/source_models/source_library_snapshot/photon_wall_simulation_core__9f2f53dab9997188.py,9f2f53dab99971884f4a97bea897d6a0ebb61dd1d6a65daf7b634f589941222e,True
1.35,1.45,1.4,0.017672544465978202,0.017672544465978202,0.017672544465978202,PHOTON_NUMBER_PROBABILITY_MASS_PER_BIN,ENERGY_FLUENCE_MASS_PER_BIN,energy_fluence_mass_i = energy_center_MeV_i * probability_mass_bin_i,PROJECT_16MV_40x40,16MV_40x40_interpolated,linear_between_6MV_and_18MV_same_field,linear_between_6MV_and_18MV_same_field,,,,/home/a/projects/particle-accelerator-shielding-simulator/geant4sim/GUI/geant4GUI/photon_neutron_bpe_app/photon_wall_simulation_core.py,9f2f53dab99971884f4a97bea897d6a0ebb61dd1d6a65daf7b634f589941222e,/home/a/projects/Radiation_Research/radiation_shielding/Radiation-Shielding-Research/results/phase1/source_models/source_library_snapshot/photon_wall_simulation_core__9f2f53dab9997188.py,9f2f53dab99971884f4a97bea897d6a0ebb61dd1d6a65daf7b634f589941222e,True
1.45,1.55,1.5,0.016316978568481983,0.016316978568481983,0.016316978568481983,PHOTON_NUMBER_PROBABILITY_MASS_PER_BIN,ENERGY_FLUENCE_MASS_PER_BIN,energy_fluence_mass_i = energy_center_MeV_i * probability_mass_bin_i,PROJECT_16MV_40x40,16MV_40x40_interpolated,linear_between_6MV_and_18MV_same_field,linear_between_6MV_and_18MV_same_field,,,,/home/a/projects/particle-accelerator-shielding-simulator/geant4sim/GUI/geant4GUI/photon_neutron_bpe_app/photon_wall_simulation_core.py,9f2f53dab99971884f4a97bea897d6a0ebb61dd1d6a65daf7b634f589941222e,/home/a/projects/Radiation_Research/radiation_shielding/Radiation-Shielding-Research/results/phase1/source_models/source_library_snapshot/photon_wall_simulation_core__9f2f53dab9997188.py,9f2f53dab99971884f4a97bea897d6a0ebb61dd1d6a65daf7b634f589941222e,True
1.55,1.65,1.6,0.01528681743947536,0.01528681743947536,0.01528681743947536,PHOTON_NUMBER_PROBABILITY_MASS_PER_BIN,ENERGY_FLUENCE_MASS_PER_BIN,energy_fluence_mass_i = energy_center_MeV_i * probability_mass_bin_i,PROJECT_16MV_40x40,16MV_40x40_interpolated,linear_between_6MV_and_18MV_same_field,linear_between_6MV_and_18MV_same_field,,,,/home/a/projects/particle-accelerator-shielding-simulator/geant4sim/GUI/geant4GUI/photon_neutron_bpe_app/photon_wall_simulation_core.py,9f2f53dab99971884f4a97bea897d6a0ebb61dd1d6a65daf7b634f589941222e,/home/a/projects/Radiation_Research/radiation_shielding/Radiation-Shielding-Research/results/phase1/source_models/source_library_snapshot/photon_wall_simulation_core__9f2f53dab9997188.py,9f2f53dab99971884f4a97bea897d6a0ebb61dd1d6a65daf7b634f589941222e,True
1.65,1.75,1.7,0.014446838474724333,0.014446838474724333,0.014446838474724333,PHOTON_NUMBER_PROBABILITY_MASS_PER_BIN,ENERGY_FLUENCE_MASS_PER_BIN,energy_fluence_mass_i = energy_center_MeV_i * probability_mass_bin_i,PROJECT_16MV_40x40,16MV_40x40_interpolated,linear_between_6MV_and_18MV_same_field,linear_between_6MV_and_18MV_same_field,,,,/home/a/projects/particle-accelerator-shielding-simulator/geant4sim/GUI/geant4GUI/photon_neutron_bpe_app/photon_wall_simulation_core.py,9f2f53dab99971884f4a97bea897d6a0ebb61dd1d6a65daf7b634f589941222e,/home/a/projects/Radiation_Research/radiation_shielding/Radiation-Shielding-Research/results/phase1/source_models/source_library_snapshot/photon_wall_simulation_core__9f2f53dab9997188.py,9f2f53dab99971884f4a97bea897d6a0ebb61dd1d6a65daf7b634f589941222e,True
1.75,1.85,1.8,0.013753356117659028,0.013753356117659028,0.013753356117659028,PHOTON_NUMBER_PROBABILITY_MASS_PER_BIN,ENERGY_FLUENCE_MASS_PER_BIN,energy_fluence_mass_i = energy_center_MeV_i * probability_mass_bin_i,PROJECT_16MV_40x40,16MV_40x40_interpolated,linear_between_6MV_and_18MV_same_field,linear_between_6MV_and_18MV_same_field,,,,/home/a/projects/particle-accelerator-shielding-simulator/geant4sim/GUI/geant4GUI/photon_neutron_bpe_app/photon_wall_simulation_core.py,9f2f53dab99971884f4a97bea897d6a0ebb61dd1d6a65daf7b634f589941222e,/home/a/projects/Radiation_Research/radiation_shielding/Radiation-Shielding-Research/results/phase1/source_models/source_library_snapshot/photon_wall_simulation_core__9f2f53dab9997188.py,9f2f53dab99971884f4a97bea897d6a0ebb61dd1d6a65daf7b634f589941222e,True
1.85,1.95,1.9,0.01309754000457283,0.01309754000457283,0.01309754000457283,PHOTON_NUMBER_PROBABILITY_MASS_PER_BIN,ENERGY_FLUENCE_MASS_PER_BIN,energy_fluence_mass_i = energy_center_MeV_i * probability_mass_bin_i,PROJECT_16MV_40x40,16MV_40x40_interpolated,linear_between_6MV_and_18MV_same_field,linear_between_6MV_and_18MV_same_field,,,,/home/a/projects/particle-accelerator-shielding-simulator/geant4sim/GUI/geant4GUI/photon_neutron_bpe_app/photon_wall_simulation_core.py,9f2f53dab99971884f4a97bea897d6a0ebb61dd1d6a65daf7b634f589941222e,/home/a/projects/Radiation_Research/radiation_shielding/Radiation-Shielding-Research/results/phase1/source_models/source_library_snapshot/photon_wall_simulation_core__9f2f53dab9997188.py,9f2f53dab99971884f4a97bea897d6a0ebb61dd1d6a65daf7b634f589941222e,True
1.95,2.05,2.0,0.012478552665158743,0.012478552665158743,0.012478552665158743,PHOTON_NUMBER_PROBABILITY_MASS_PER_BIN,ENERGY_FLUENCE_MASS_PER_BIN,energy_fluence_mass_i = energy_center_MeV_i * probability_mass_bin_i,PROJECT_16MV_40x40,16MV_40x40_interpolated,linear_between_6MV_and_18MV_same_field,linear_between_6MV_and_18MV_same_field,,,,/home/a/projects/particle-accelerator-shielding-simulator/geant4sim/GUI/geant4GUI/photon_neutron_bpe_app/photon_wall_simulation_core.py,9f2f53dab99971884f4a97bea897d6a0ebb61dd1d6a65daf7b634f589941222e,/home/a/projects/Radiation_Research/radiation_shielding/Radiation-Shielding-Research/results/phase1/source_models/source_library_snapshot/photon_wall_simulation_core__9f2f53dab9997188.py,9f2f53dab99971884f4a97bea897d6a0ebb61dd1d6a65daf7b634f589941222e,True
2.05,2.1500000000000004,2.1,0.011931116974761234,0.011931116974761234,0.011931116974761234,PHOTON_NUMBER_PROBABILITY_MASS_PER_BIN,ENERGY_FLUENCE_MASS_PER_BIN,energy_fluence_mass_i = energy_center_MeV_i * probability_mass_bin_i,PROJECT_16MV_40x40,16MV_40x40_interpolated,linear_between_6MV_and_18MV_same_field,linear_between_6MV_and_18MV_same_field,,,,/home/a/projects/particle-accelerator-shielding-simulator/geant4sim/GUI/geant4GUI/photon_neutron_bpe_app/photon_wall_simulation_core.py,9f2f53dab99971884f4a97bea897d6a0ebb61dd1d6a65daf7b634f589941222e,/home/a/projects/Radiation_Research/radiation_shielding/Radiation-Shielding-Research/results/phase1/source_models/source_library_snapshot/photon_wall_simulation_core__9f2f53dab9997188.py,9f2f53dab99971884f4a97bea897d6a0ebb61dd1d6a65daf7b634f589941222e,True
2.1500000000000004,2.25,2.2,0.011452707142444922,0.011452707142444922,0.011452707142444922,PHOTON_NUMBER_PROBABILITY_MASS_PER_BIN,ENERGY_FLUENCE_MASS_PER_BIN,energy_fluence_mass_i = energy_center_MeV_i * probability_mass_bin_i,PROJECT_16MV_40x40,16MV_40x40_interpolated,linear_between_6MV_and_18MV_same_field,linear_between_6MV_and_18MV_same_field,,,,/home/a/projects/particle-accelerator-shielding-simulator/geant4sim/GUI/geant4GUI/photon_neutron_bpe_app/photon_wall_simulation_core.py,9f2f53dab99971884f4a97bea897d6a0ebb61dd1d6a65daf7b634f589941222e,/home/a/projects/Radiation_Research/radiation_shielding/Radiation-Shielding-Research/results/phase1/source_models/source_library_snapshot/photon_wall_simulation_core__9f2f53dab9997188.py,9f2f53dab99971884f4a97bea897d6a0ebb61dd1d6a65daf7b634f589941222e,True
2.25,2.3499999999999996,2.3,0.011018941694165113,0.011018941694165113,0.011018941694165113,PHOTON_NUMBER_PROBABILITY_MASS_PER_BIN,ENERGY_FLUENCE_MASS_PER_BIN,energy_fluence_mass_i = energy_center_MeV_i * probability_mass_bin_i,PROJECT_16MV_40x40,16MV_40x40_interpolated,linear_between_6MV_and_18MV_same_field,linear_between_6MV_and_18MV_same_field,,,,/home/a/projects/particle-accelerator-shielding-simulator/geant4sim/GUI/geant4GUI/photon_neutron_bpe_app/photon_wall_simulation_core.py,9f2f53dab99971884f4a97bea897d6a0ebb61dd1d6a65daf7b634f589941222e,/home/a/projects/Radiation_Research/radiation_shielding/Radiation-Shielding-Research/results/phase1/source_models/source_library_snapshot/photon_wall_simulation_core__9f2f53dab9997188.py,9f2f53dab99971884f4a97bea897d6a0ebb61dd1d6a65daf7b634f589941222e,True
2.3499999999999996,2.45,2.4,0.010621526455669989,0.010621526455669989,0.010621526455669989,PHOTON_NUMBER_PROBABILITY_MASS_PER_BIN,ENERGY_FLUENCE_MASS_PER_BIN,energy_fluence_mass_i = energy_center_MeV_i * probability_mass_bin_i,PROJECT_16MV_40x40,16MV_40x40_interpolated,linear_between_6MV_and_18MV_same_field,linear_between_6MV_and_18MV_same_field,,,,/home/a/projects/particle-accelerator-shielding-simulator/geant4sim/GUI/geant4GUI/photon_neutron_bpe_app/photon_wall_simulation_core.py,9f2f53dab99971884f4a97bea897d6a0ebb61dd1d6a65daf7b634f589941222e,/home/a/projects/Radiation_Research/radiation_shielding/Radiation-Shielding-Research/results/phase1/source_models/source_library_snapshot/photon_wall_simulation_core__9f2f53dab9997188.py,9f2f53dab99971884f4a97bea897d6a0ebb61dd1d6a65daf7b634f589941222e,True
2.45,2.55,2.5,0.010372694973154302,0.010372694973154302,0.010372694973154302,PHOTON_NUMBER_PROBABILITY_MASS_PER_BIN,ENERGY_FLUENCE_MASS_PER_BIN,energy_fluence_mass_i = energy_center_MeV_i * probability_mass_bin_i,PROJECT_16MV_40x40,16MV_40x40_interpolated,linear_between_6MV_and_18MV_same_field,linear_between_6MV_and_18MV_same_field,,,,/home/a/projects/particle-accelerator-shielding-simulator/geant4sim/GUI/geant4GUI/photon_neutron_bpe_app/photon_wall_simulation_core.py,9f2f53dab99971884f4a97bea897d6a0ebb61dd1d6a65daf7b634f589941222e,/home/a/projects/Radiation_Research/radiation_shielding/Radiation-Shielding-Research/results/phase1/source_models/source_library_snapshot/photon_wall_simulation_core__9f2f53dab9997188.py,9f2f53dab99971884f4a97bea897d6a0ebb61dd1d6a65daf7b634f589941222e,True
2.55,2.6500000000000004,2.6,0.010300134605824381,0.010300134605824381,0.010300134605824381,PHOTON_NUMBER_PROBABILITY_MASS_PER_BIN,ENERGY_FLUENCE_MASS_PER_BIN,energy_fluence_mass_i = energy_center_MeV_i * probability_mass_bin_i,PROJECT_16MV_40x40,16MV_40x40_interpolated,linear_between_6MV_and_18MV_same_field,linear_between_6MV_and_18MV_same_field,,,,/home/a/projects/particle-accelerator-shielding-simulator/geant4sim/GUI/geant4GUI/photon_neutron_bpe_app/photon_wall_simulation_core.py,9f2f53dab99971884f4a97bea897d6a0ebb61dd1d6a65daf7b634f589941222e,/home/a/projects/Radiation_Research/radiation_shielding/Radiation-Shielding-Research/results/phase1/source_models/source_library_snapshot/photon_wall_simulation_core__9f2f53dab9997188.py,9f2f53dab99971884f4a97bea897d6a0ebb61dd1d6a65daf7b634f589941222e,True
2.6500000000000004,2.75,2.7,0.010293084410616181,0.010293084410616181,0.010293084410616181,PHOTON_NUMBER_PROBABILITY_MASS_PER_BIN,ENERGY_FLUENCE_MASS_PER_BIN,energy_fluence_mass_i = energy_center_MeV_i * probability_mass_bin_i,PROJECT_16MV_40x40,16MV_40x40_interpolated,linear_between_6MV_and_18MV_same_field,linear_between_6MV_and_18MV_same_field,,,,/home/a/projects/particle-accelerator-shielding-simulator/geant4sim/GUI/geant4GUI/photon_neutron_bpe_app/photon_wall_simulation_core.py,9f2f53dab99971884f4a97bea897d6a0ebb61dd1d6a65daf7b634f589941222e,/home/a/projects/Radiation_Research/radiation_shielding/Radiation-Shielding-Research/results/phase1/source_models/source_library_snapshot/photon_wall_simulation_core__9f2f53dab9997188.py,9f2f53dab99971884f4a97bea897d6a0ebb61dd1d6a65daf7b634f589941222e,True
2.75,2.8499999999999996,2.8,0.010279020549708633,0.010279020549708633,0.010279020549708633,PHOTON_NUMBER_PROBABILITY_MASS_PER_BIN,ENERGY_FLUENCE_MASS_PER_BIN,energy_fluence_mass_i = energy_center_MeV_i * probability_mass_bin_i,PROJECT_16MV_40x40,16MV_40x40_interpolated,linear_between_6MV_and_18MV_same_field,linear_between_6MV_and_18MV_same_field,,,,/home/a/projects/particle-accelerator-shielding-simulator/geant4sim/GUI/geant4GUI/photon_neutron_bpe_app/photon_wall_simulation_core.py,9f2f53dab99971884f4a97bea897d6a0ebb61dd1d6a65daf7b634f589941222e,/home/a/projects/Radiation_Research/radiation_shielding/Radiation-Shielding-Research/results/phase1/source_models/source_library_snapshot/photon_wall_simulation_core__9f2f53dab9997188.py,9f2f53dab99971884f4a97bea897d6a0ebb61dd1d6a65daf7b634f589941222e,True
2.8499999999999996,2.95,2.9,0.010258322929993785,0.010258322929993785,0.010258322929993785,PHOTON_NUMBER_PROBABILITY_MASS_PER_BIN,ENERGY_FLUENCE_MASS_PER_BIN,energy_fluence_mass_i = energy_center_MeV_i * probability_mass_bin_i,PROJECT_16MV_40x40,16MV_40x40_interpolated,linear_between_6MV_and_18MV_same_field,linear_between_6MV_and_18MV_same_field,,,,/home/a/projects/particle-accelerator-shielding-simulator/geant4sim/GUI/geant4GUI/photon_neutron_bpe_app/photon_wall_simulation_core.py,9f2f53dab99971884f4a97bea897d6a0ebb61dd1d6a65daf7b634f589941222e,/home/a/projects/Radiation_Research/radiation_shielding/Radiation-Shielding-Research/results/phase1/source_models/source_library_snapshot/photon_wall_simulation_core__9f2f53dab9997188.py,9f2f53dab99971884f4a97bea897d6a0ebb61dd1d6a65daf7b634f589941222e,True
2.95,3.05,3.0,0.010231371458363683,0.010231371458363683,0.010231371458363683,PHOTON_NUMBER_PROBABILITY_MASS_PER_BIN,ENERGY_FLUENCE_MASS_PER_BIN,energy_fluence_mass_i = energy_center_MeV_i * probability_mass_bin_i,PROJECT_16MV_40x40,16MV_40x40_interpolated,linear_between_6MV_and_18MV_same_field,linear_between_6MV_and_18MV_same_field,,,,/home/a/projects/particle-accelerator-shielding-simulator/geant4sim/GUI/geant4GUI/photon_neutron_bpe_app/photon_wall_simulation_core.py,9f2f53dab99971884f4a97bea897d6a0ebb61dd1d6a65daf7b634f589941222e,/home/a/projects/Radiation_Research/radiation_shielding/Radiation-Shielding-Research/results/phase1/source_models/source_library_snapshot/photon_wall_simulation_core__9f2f53dab9997188.py,9f2f53dab99971884f4a97bea897d6a0ebb61dd1d6a65daf7b634f589941222e,True
3.05,3.1500000000000004,3.1,0.010198546041710378,0.010198546041710378,0.010198546041710378,PHOTON_NUMBER_PROBABILITY_MASS_PER_BIN,ENERGY_FLUENCE_MASS_PER_BIN,energy_fluence_mass_i = energy_center_MeV_i * probability_mass_bin_i,PROJECT_16MV_40x40,16MV_40x40_interpolated,linear_between_6MV_and_18MV_same_field,linear_between_6MV_and_18MV_same_field,,,,/home/a/projects/particle-accelerator-shielding-simulator/geant4sim/GUI/geant4GUI/photon_neutron_bpe_app/photon_wall_simulation_core.py,9f2f53dab99971884f4a97bea897d6a0ebb61dd1d6a65daf7b634f589941222e,/home/a/projects/Radiation_Research/radiation_shielding/Radiation-Shielding-Research/results/phase1/source_models/source_library_snapshot/photon_wall_simulation_core__9f2f53dab9997188.py,9f2f53dab99971884f4a97bea897d6a0ebb61dd1d6a65daf7b634f589941222e,True
3.1500000000000004,3.25,3.2,0.010160226586925915,0.010160226586925915,0.010160226586925915,PHOTON_NUMBER_PROBABILITY_MASS_PER_BIN,ENERGY_FLUENCE_MASS_PER_BIN,energy_fluence_mass_i = energy_center_MeV_i * probability_mass_bin_i,PROJECT_16MV_40x40,16MV_40x40_interpolated,linear_between_6MV_and_18MV_same_field,linear_between_6MV_and_18MV_same_field,,,,/home/a/projects/particle-accelerator-shielding-simulator/geant4sim/GUI/geant4GUI/photon_neutron_bpe_app/photon_wall_simulation_core.py,9f2f53dab99971884f4a97bea897d6a0ebb61dd1d6a65daf7b634f589941222e,/home/a/projects/Radiation_Research/radiation_shielding/Radiation-Shielding-Research/results/phase1/source_models/source_library_snapshot/photon_wall_simulation_core__9f2f53dab9997188.py,9f2f53dab99971884f4a97bea897d6a0ebb61dd1d6a65daf7b634f589941222e,True
3.25,3.3499999999999996,3.3,0.010116793000902345,0.010116793000902345,0.010116793000902345,PHOTON_NUMBER_PROBABILITY_MASS_PER_BIN,ENERGY_FLUENCE_MASS_PER_BIN,energy_fluence_mass_i = energy_center_MeV_i * probability_mass_bin_i,PROJECT_16MV_40x40,16MV_40x40_interpolated,linear_between_6MV_and_18MV_same_field,linear_between_6MV_and_18MV_same_field,,,,/home/a/projects/particle-accelerator-shielding-simulator/geant4sim/GUI/geant4GUI/photon_neutron_bpe_app/photon_wall_simulation_core.py,9f2f53dab99971884f4a97bea897d6a0ebb61dd1d6a65daf7b634f589941222e,/home/a/projects/Radiation_Research/radiation_shielding/Radiation-Shielding-Research/results/phase1/source_models/source_library_snapshot/photon_wall_simulation_core__9f2f53dab9997188.py,9f2f53dab99971884f4a97bea897d6a0ebb61dd1d6a65daf7b634f589941222e,True
3.3499999999999996,3.45,3.4,0.01006831834265737,0.01006831834265737,0.01006831834265737,PHOTON_NUMBER_PROBABILITY_MASS_PER_BIN,ENERGY_FLUENCE_MASS_PER_BIN,energy_fluence_mass_i = energy_center_MeV_i * probability_mass_bin_i,PROJECT_16MV_40x40,16MV_40x40_interpolated,linear_between_6MV_and_18MV_same_field,linear_between_6MV_and_18MV_same_field,,,,/home/a/projects/particle-accelerator-shielding-simulator/geant4sim/GUI/geant4GUI/photon_neutron_bpe_app/photon_wall_simulation_core.py,9f2f53dab99971884f4a97bea897d6a0ebb61dd1d6a65daf7b634f589941222e,/home/a/projects/Radiation_Research/radiation_shielding/Radiation-Shielding-Research/results/phase1/source_models/source_library_snapshot/photon_wall_simulation_core__9f2f53dab9997188.py,9f2f53dab99971884f4a97bea897d6a0ebb61dd1d6a65daf7b634f589941222e,True
3.45,3.55,3.5,0.01001554781417154,0.01001554781417154,0.01001554781417154,PHOTON_NUMBER_PROBABILITY_MASS_PER_BIN,ENERGY_FLUENCE_MASS_PER_BIN,energy_fluence_mass_i = energy_center_MeV_i * probability_mass_bin_i,PROJECT_16MV_40x40,16MV_40x40_interpolated,linear_between_6MV_and_18MV_same_field,linear_between_6MV_and_18MV_same_field,,,,/home/a/projects/particle-accelerator-shielding-simulator/geant4sim/GUI/geant4GUI/photon_neutron_bpe_app/photon_wall_simulation_core.py,9f2f53dab99971884f4a97bea897d6a0ebb61dd1d6a65daf7b634f589941222e,/home/a/projects/Radiation_Research/radiation_shielding/Radiation-Shielding-Research/results/phase1/source_models/source_library_snapshot/photon_wall_simulation_core__9f2f53dab9997188.py,9f2f53dab99971884f4a97bea897d6a0ebb61dd1d6a65daf7b634f589941222e,True
3.55,3.6500000000000004,3.6,0.009958861322336908,0.009958861322336908,0.009958861322336908,PHOTON_NUMBER_PROBABILITY_MASS_PER_BIN,ENERGY_FLUENCE_MASS_PER_BIN,energy_fluence_mass_i = energy_center_MeV_i * probability_mass_bin_i,PROJECT_16MV_40x40,16MV_40x40_interpolated,linear_between_6MV_and_18MV_same_field,linear_between_6MV_and_18MV_same_field,,,,/home/a/projects/particle-accelerator-shielding-simulator/geant4sim/GUI/geant4GUI/photon_neutron_bpe_app/photon_wall_simulation_core.py,9f2f53dab99971884f4a97bea897d6a0ebb61dd1d6a65daf7b634f589941222e,/home/a/projects/Radiation_Research/radiation_shielding/Radiation-Shielding-Research/results/phase1/source_models/source_library_snapshot/photon_wall_simulation_core__9f2f53dab9997188.py,9f2f53dab99971884f4a97bea897d6a0ebb61dd1d6a65daf7b634f589941222e,True
3.6500000000000004,3.75,3.7,0.009898638774045522,0.009898638774045522,0.009898638774045522,PHOTON_NUMBER_PROBABILITY_MASS_PER_BIN,ENERGY_FLUENCE_MASS_PER_BIN,energy_fluence_mass_i = energy_center_MeV_i * probability_mass_bin_i,PROJECT_16MV_40x40,16MV_40x40_interpolated,linear_between_6MV_and_18MV_same_field,linear_between_6MV_and_18MV_same_field,,,,/home/a/projects/particle-accelerator-shielding-simulator/geant4sim/GUI/geant4GUI/photon_neutron_bpe_app/photon_wall_simulation_core.py,9f2f53dab99971884f4a97bea897d6a0ebb61dd1d6a65daf7b634f589941222e,/home/a/projects/Radiation_Research/radiation_shielding/Radiation-Shielding-Research/results/phase1/source_models/source_library_snapshot/photon_wall_simulation_core__9f2f53dab9997188.py,9f2f53dab99971884f4a97bea897d6a0ebb61dd1d6a65daf7b634f589941222e,True
3.75,3.8499999999999996,3.8,0.00983526007618943,0.00983526007618943,0.00983526007618943,PHOTON_NUMBER_PROBABILITY_MASS_PER_BIN,ENERGY_FLUENCE_MASS_PER_BIN,energy_fluence_mass_i = energy_center_MeV_i * probability_mass_bin_i,PROJECT_16MV_40x40,16MV_40x40_interpolated,linear_between_6MV_and_18MV_same_field,linear_between_6MV_and_18MV_same_field,,,,/home/a/projects/particle-accelerator-shielding-simulator/geant4sim/GUI/geant4GUI/photon_neutron_bpe_app/photon_wall_simulation_core.py,9f2f53dab99971884f4a97bea897d6a0ebb61dd1d6a65daf7b634f589941222e,/home/a/projects/Radiation_Research/radiation_shielding/Radiation-Shielding-Research/results/phase1/source_models/source_library_snapshot/photon_wall_simulation_core__9f2f53dab9997188.py,9f2f53dab99971884f4a97bea897d6a0ebb61dd1d6a65daf7b634f589941222e,True
3.8499999999999996,3.95,3.9,0.009769105135660679,0.009769105135660679,0.009769105135660679,PHOTON_NUMBER_PROBABILITY_MASS_PER_BIN,ENERGY_FLUENCE_MASS_PER_BIN,energy_fluence_mass_i = energy_center_MeV_i * probability_mass_bin_i,PROJECT_16MV_40x40,16MV_40x40_interpolated,linear_between_6MV_and_18MV_same_field,linear_between_6MV_and_18MV_same_field,,,,/home/a/projects/particle-accelerator-shielding-simulator/geant4sim/GUI/geant4GUI/photon_neutron_bpe_app/photon_wall_simulation_core.py,9f2f53dab99971884f4a97bea897d6a0ebb61dd1d6a65daf7b634f589941222e,/home/a/projects/Radiation_Research/radiation_shielding/Radiation-Shielding-Research/results/phase1/source_models/source_library_snapshot/photon_wall_simulation_core__9f2f53dab9997188.py,9f2f53dab99971884f4a97bea897d6a0ebb61dd1d6a65daf7b634f589941222e,True
3.95,4.05,4.0,0.009700553859351315,0.009700553859351315,0.009700553859351315,PHOTON_NUMBER_PROBABILITY_MASS_PER_BIN,ENERGY_FLUENCE_MASS_PER_BIN,energy_fluence_mass_i = energy_center_MeV_i * probability_mass_bin_i,PROJECT_16MV_40x40,16MV_40x40_interpolated,linear_between_6MV_and_18MV_same_field,linear_between_6MV_and_18MV_same_field,,,,/home/a/projects/particle-accelerator-shielding-simulator/geant4sim/GUI/geant4GUI/photon_neutron_bpe_app/photon_wall_simulation_core.py,9f2f53dab99971884f4a97bea897d6a0ebb61dd1d6a65daf7b634f589941222e,/home/a/projects/Radiation_Research/radiation_shielding/Radiation-Shielding-Research/results/phase1/source_models/source_library_snapshot/photon_wall_simulation_core__9f2f53dab9997188.py,9f2f53dab99971884f4a97bea897d6a0ebb61dd1d6a65daf7b634f589941222e,True
4.05,4.15,4.1,0.00962998615415339,0.00962998615415339,0.00962998615415339,PHOTON_NUMBER_PROBABILITY_MASS_PER_BIN,ENERGY_FLUENCE_MASS_PER_BIN,energy_fluence_mass_i = energy_center_MeV_i * probability_mass_bin_i,PROJECT_16MV_40x40,16MV_40x40_interpolated,linear_between_6MV_and_18MV_same_field,linear_between_6MV_and_18MV_same_field,,,,/home/a/projects/particle-accelerator-shielding-simulator/geant4sim/GUI/geant4GUI/photon_neutron_bpe_app/photon_wall_simulation_core.py,9f2f53dab99971884f4a97bea897d6a0ebb61dd1d6a65daf7b634f589941222e,/home/a/projects/Radiation_Research/radiation_shielding/Radiation-Shielding-Research/results/phase1/source_models/source_library_snapshot/photon_wall_simulation_core__9f2f53dab9997188.py,9f2f53dab99971884f4a97bea897d6a0ebb61dd1d6a65daf7b634f589941222e,True
4.15,4.25,4.2,0.009557781926958948,0.009557781926958948,0.009557781926958948,PHOTON_NUMBER_PROBABILITY_MASS_PER_BIN,ENERGY_FLUENCE_MASS_PER_BIN,energy_fluence_mass_i = energy_center_MeV_i * probability_mass_bin_i,PROJECT_16MV_40x40,16MV_40x40_interpolated,linear_between_6MV_and_18MV_same_field,linear_between_6MV_and_18MV_same_field,,,,/home/a/projects/particle-accelerator-shielding-simulator/geant4sim/GUI/geant4GUI/photon_neutron_bpe_app/photon_wall_simulation_core.py,9f2f53dab99971884f4a97bea897d6a0ebb61dd1d6a65daf7b634f589941222e,/home/a/projects/Radiation_Research/radiation_shielding/Radiation-Shielding-Research/results/phase1/source_models/source_library_snapshot/photon_wall_simulation_core__9f2f53dab9997188.py,9f2f53dab99971884f4a97bea897d6a0ebb61dd1d6a65daf7b634f589941222e,True
4.25,4.35,4.3,0.009484321084660042,0.009484321084660042,0.009484321084660042,PHOTON_NUMBER_PROBABILITY_MASS_PER_BIN,ENERGY_FLUENCE_MASS_PER_BIN,energy_fluence_mass_i = energy_center_MeV_i * probability_mass_bin_i,PROJECT_16MV_40x40,16MV_40x40_interpolated,linear_between_6MV_and_18MV_same_field,linear_between_6MV_and_18MV_same_field,,,,/home/a/projects/particle-accelerator-shielding-simulator/geant4sim/GUI/geant4GUI/photon_neutron_bpe_app/photon_wall_simulation_core.py,9f2f53dab99971884f4a97bea897d6a0ebb61dd1d6a65daf7b634f589941222e,/home/a/projects/Radiation_Research/radiation_shielding/Radiation-Shielding-Research/results/phase1/source_models/source_library_snapshot/photon_wall_simulation_core__9f2f53dab9997188.py,9f2f53dab99971884f4a97bea897d6a0ebb61dd1d6a65daf7b634f589941222e,True
4.35,4.45,4.4,0.009409983534148717,0.009409983534148717,0.009409983534148717,PHOTON_NUMBER_PROBABILITY_MASS_PER_BIN,ENERGY_FLUENCE_MASS_PER_BIN,energy_fluence_mass_i = energy_center_MeV_i * probability_mass_bin_i,PROJECT_16MV_40x40,16MV_40x40_interpolated,linear_between_6MV_and_18MV_same_field,linear_between_6MV_and_18MV_same_field,,,,/home/a/projects/particle-accelerator-shielding-simulator/geant4sim/GUI/geant4GUI/photon_neutron_bpe_app/photon_wall_simulation_core.py,9f2f53dab99971884f4a97bea897d6a0ebb61dd1d6a65daf7b634f589941222e,/home/a/projects/Radiation_Research/radiation_shielding/Radiation-Shielding-Research/results/phase1/source_models/source_library_snapshot/photon_wall_simulation_core__9f2f53dab9997188.py,9f2f53dab99971884f4a97bea897d6a0ebb61dd1d6a65daf7b634f589941222e,True
4.45,4.55,4.5,0.009335149182317022,0.009335149182317022,0.009335149182317022,PHOTON_NUMBER_PROBABILITY_MASS_PER_BIN,ENERGY_FLUENCE_MASS_PER_BIN,energy_fluence_mass_i = energy_center_MeV_i * probability_mass_bin_i,PROJECT_16MV_40x40,16MV_40x40_interpolated,linear_between_6MV_and_18MV_same_field,linear_between_6MV_and_18MV_same_field,,,,/home/a/projects/particle-accelerator-shielding-simulator/geant4sim/GUI/geant4GUI/photon_neutron_bpe_app/photon_wall_simulation_core.py,9f2f53dab99971884f4a97bea897d6a0ebb61dd1d6a65daf7b634f589941222e,/home/a/projects/Radiation_Research/radiation_shielding/Radiation-Shielding-Research/results/phase1/source_models/source_library_snapshot/photon_wall_simulation_core__9f2f53dab9997188.py,9f2f53dab99971884f4a97bea897d6a0ebb61dd1d6a65daf7b634f589941222e,True
4.55,4.65,4.6,0.009260197936057004,0.009260197936057004,0.009260197936057004,PHOTON_NUMBER_PROBABILITY_MASS_PER_BIN,ENERGY_FLUENCE_MASS_PER_BIN,energy_fluence_mass_i = energy_center_MeV_i * probability_mass_bin_i,PROJECT_16MV_40x40,16MV_40x40_interpolated,linear_between_6MV_and_18MV_same_field,linear_between_6MV_and_18MV_same_field,,,,/home/a/projects/particle-accelerator-shielding-simulator/geant4sim/GUI/geant4GUI/photon_neutron_bpe_app/photon_wall_simulation_core.py,9f2f53dab99971884f4a97bea897d6a0ebb61dd1d6a65daf7b634f589941222e,/home/a/projects/Radiation_Research/radiation_shielding/Radiation-Shielding-Research/results/phase1/source_models/source_library_snapshot/photon_wall_simulation_core__9f2f53dab9997188.py,9f2f53dab99971884f4a97bea897d6a0ebb61dd1d6a65daf7b634f589941222e,True
4.65,4.75,4.7,0.009185509702260711,0.009185509702260711,0.009185509702260711,PHOTON_NUMBER_PROBABILITY_MASS_PER_BIN,ENERGY_FLUENCE_MASS_PER_BIN,energy_fluence_mass_i = energy_center_MeV_i * probability_mass_bin_i,PROJECT_16MV_40x40,16MV_40x40_interpolated,linear_between_6MV_and_18MV_same_field,linear_between_6MV_and_18MV_same_field,,,,/home/a/projects/particle-accelerator-shielding-simulator/geant4sim/GUI/geant4GUI/photon_neutron_bpe_app/photon_wall_simulation_core.py,9f2f53dab99971884f4a97bea897d6a0ebb61dd1d6a65daf7b634f589941222e,/home/a/projects/Radiation_Research/radiation_shielding/Radiation-Shielding-Research/results/phase1/source_models/source_library_snapshot/photon_wall_simulation_core__9f2f53dab9997188.py,9f2f53dab99971884f4a97bea897d6a0ebb61dd1d6a65daf7b634f589941222e,True
4.75,4.85,4.8,0.009111464387820192,0.009111464387820192,0.009111464387820192,PHOTON_NUMBER_PROBABILITY_MASS_PER_BIN,ENERGY_FLUENCE_MASS_PER_BIN,energy_fluence_mass_i = energy_center_MeV_i * probability_mass_bin_i,PROJECT_16MV_40x40,16MV_40x40_interpolated,linear_between_6MV_and_18MV_same_field,linear_between_6MV_and_18MV_same_field,,,,/home/a/projects/particle-accelerator-shielding-simulator/geant4sim/GUI/geant4GUI/photon_neutron_bpe_app/photon_wall_simulation_core.py,9f2f53dab99971884f4a97bea897d6a0ebb61dd1d6a65daf7b634f589941222e,/home/a/projects/Radiation_Research/radiation_shielding/Radiation-Shielding-Research/results/phase1/source_models/source_library_snapshot/photon_wall_simulation_core__9f2f53dab9997188.py,9f2f53dab99971884f4a97bea897d6a0ebb61dd1d6a65daf7b634f589941222e,True
4.85,4.95,4.9,0.009038441899627494,0.009038441899627494,0.009038441899627494,PHOTON_NUMBER_PROBABILITY_MASS_PER_BIN,ENERGY_FLUENCE_MASS_PER_BIN,energy_fluence_mass_i = energy_center_MeV_i * probability_mass_bin_i,PROJECT_16MV_40x40,16MV_40x40_interpolated,linear_between_6MV_and_18MV_same_field,linear_between_6MV_and_18MV_same_field,,,,/home/a/projects/particle-accelerator-shielding-simulator/geant4sim/GUI/geant4GUI/photon_neutron_bpe_app/photon_wall_simulation_core.py,9f2f53dab99971884f4a97bea897d6a0ebb61dd1d6a65daf7b634f589941222e,/home/a/projects/Radiation_Research/radiation_shielding/Radiation-Shielding-Research/results/phase1/source_models/source_library_snapshot/photon_wall_simulation_core__9f2f53dab9997188.py,9f2f53dab99971884f4a97bea897d6a0ebb61dd1d6a65daf7b634f589941222e,True
4.95,5.05,5.0,0.00896695365080653,0.00896695365080653,0.00896695365080653,PHOTON_NUMBER_PROBABILITY_MASS_PER_BIN,ENERGY_FLUENCE_MASS_PER_BIN,energy_fluence_mass_i = energy_center_MeV_i * probability_mass_bin_i,PROJECT_16MV_40x40,16MV_40x40_interpolated,linear_between_6MV_and_18MV_same_field,linear_between_6MV_and_18MV_same_field,,,,/home/a/projects/particle-accelerator-shielding-simulator/geant4sim/GUI/geant4GUI/photon_neutron_bpe_app/photon_wall_simulation_core.py,9f2f53dab99971884f4a97bea897d6a0ebb61dd1d6a65daf7b634f589941222e,/home/a/projects/Radiation_Research/radiation_shielding/Radiation-Shielding-Research/results/phase1/source_models/source_library_snapshot/photon_wall_simulation_core__9f2f53dab9997188.py,9f2f53dab99971884f4a97bea897d6a0ebb61dd1d6a65daf7b634f589941222e,True
5.05,5.15,5.1,0.008897306489231642,0.008897306489231642,0.008897306489231642,PHOTON_NUMBER_PROBABILITY_MASS_PER_BIN,ENERGY_FLUENCE_MASS_PER_BIN,energy_fluence_mass_i = energy_center_MeV_i * probability_mass_bin_i,PROJECT_16MV_40x40,16MV_40x40_interpolated,linear_between_6MV_and_18MV_same_field,linear_between_6MV_and_18MV_same_field,,,,/home/a/projects/particle-accelerator-shielding-simulator/geant4sim/GUI/geant4GUI/photon_neutron_bpe_app/photon_wall_simulation_core.py,9f2f53dab99971884f4a97bea897d6a0ebb61dd1d6a65daf7b634f589941222e,/home/a/projects/Radiation_Research/radiation_shielding/Radiation-Shielding-Research/results/phase1/source_models/source_library_snapshot/photon_wall_simulation_core__9f2f53dab9997188.py,9f2f53dab99971884f4a97bea897d6a0ebb61dd1d6a65daf7b634f589941222e,True
5.15,5.25,5.2,0.008829880321794884,0.008829880321794884,0.008829880321794884,PHOTON_NUMBER_PROBABILITY_MASS_PER_BIN,ENERGY_FLUENCE_MASS_PER_BIN,energy_fluence_mass_i = energy_center_MeV_i * probability_mass_bin_i,PROJECT_16MV_40x40,16MV_40x40_interpolated,linear_between_6MV_and_18MV_same_field,linear_between_6MV_and_18MV_same_field,,,,/home/a/projects/particle-accelerator-shielding-simulator/geant4sim/GUI/geant4GUI/photon_neutron_bpe_app/photon_wall_simulation_core.py,9f2f53dab99971884f4a97bea897d6a0ebb61dd1d6a65daf7b634f589941222e,/home/a/projects/Radiation_Research/radiation_shielding/Radiation-Shielding-Research/results/phase1/source_models/source_library_snapshot/photon_wall_simulation_core__9f2f53dab9997188.py,9f2f53dab99971884f4a97bea897d6a0ebb61dd1d6a65daf7b634f589941222e,True
5.25,5.35,5.3,0.008765055055388299,0.008765055055388299,0.008765055055388299,PHOTON_NUMBER_PROBABILITY_MASS_PER_BIN,ENERGY_FLUENCE_MASS_PER_BIN,energy_fluence_mass_i = energy_center_MeV_i * probability_mass_bin_i,PROJECT_16MV_40x40,16MV_40x40_interpolated,linear_between_6MV_and_18MV_same_field,linear_between_6MV_and_18MV_same_field,,,,/home/a/projects/particle-accelerator-shielding-simulator/geant4sim/GUI/geant4GUI/photon_neutron_bpe_app/photon_wall_simulation_core.py,9f2f53dab99971884f4a97bea897d6a0ebb61dd1d6a65daf7b634f589941222e,/home/a/projects/Radiation_Research/radiation_shielding/Radiation-Shielding-Research/results/phase1/source_models/source_library_snapshot/photon_wall_simulation_core__9f2f53dab9997188.py,9f2f53dab99971884f4a97bea897d6a0ebb61dd1d6a65daf7b634f589941222e,True
5.35,5.45,5.4,0.00870321059690394,0.00870321059690394,0.00870321059690394,PHOTON_NUMBER_PROBABILITY_MASS_PER_BIN,ENERGY_FLUENCE_MASS_PER_BIN,energy_fluence_mass_i = energy_center_MeV_i * probability_mass_bin_i,PROJECT_16MV_40x40,16MV_40x40_interpolated,linear_between_6MV_and_18MV_same_field,linear_between_6MV_and_18MV_same_field,,,,/home/a/projects/particle-accelerator-shielding-simulator/geant4sim/GUI/geant4GUI/photon_neutron_bpe_app/photon_wall_simulation_core.py,9f2f53dab99971884f4a97bea897d6a0ebb61dd1d6a65daf7b634f589941222e,/home/a/projects/Radiation_Research/radiation_shielding/Radiation-Shielding-Research/results/phase1/source_models/source_library_snapshot/photon_wall_simulation_core__9f2f53dab9997188.py,9f2f53dab99971884f4a97bea897d6a0ebb61dd1d6a65daf7b634f589941222e,True
5.45,5.55,5.5,0.008644726853233852,0.008644726853233852,0.008644726853233852,PHOTON_NUMBER_PROBABILITY_MASS_PER_BIN,ENERGY_FLUENCE_MASS_PER_BIN,energy_fluence_mass_i = energy_center_MeV_i * probability_mass_bin_i,PROJECT_16MV_40x40,16MV_40x40_interpolated,linear_between_6MV_and_18MV_same_field,linear_between_6MV_and_18MV_same_field,,,,/home/a/projects/particle-accelerator-shielding-simulator/geant4sim/GUI/geant4GUI/photon_neutron_bpe_app/photon_wall_simulation_core.py,9f2f53dab99971884f4a97bea897d6a0ebb61dd1d6a65daf7b634f589941222e,/home/a/projects/Radiation_Research/radiation_shielding/Radiation-Shielding-Research/results/phase1/source_models/source_library_snapshot/photon_wall_simulation_core__9f2f53dab9997188.py,9f2f53dab99971884f4a97bea897d6a0ebb61dd1d6a65daf7b634f589941222e,True
5.55,5.65,5.6,0.00858998373127008,0.00858998373127008,0.00858998373127008,PHOTON_NUMBER_PROBABILITY_MASS_PER_BIN,ENERGY_FLUENCE_MASS_PER_BIN,energy_fluence_mass_i = energy_center_MeV_i * probability_mass_bin_i,PROJECT_16MV_40x40,16MV_40x40_interpolated,linear_between_6MV_and_18MV_same_field,linear_between_6MV_and_18MV_same_field,,,,/home/a/projects/particle-accelerator-shielding-simulator/geant4sim/GUI/geant4GUI/photon_neutron_bpe_app/photon_wall_simulation_core.py,9f2f53dab99971884f4a97bea897d6a0ebb61dd1d6a65daf7b634f589941222e,/home/a/projects/Radiation_Research/radiation_shielding/Radiation-Shielding-Research/results/phase1/source_models/source_library_snapshot/photon_wall_simulation_core__9f2f53dab9997188.py,9f2f53dab99971884f4a97bea897d6a0ebb61dd1d6a65daf7b634f589941222e,True
5.65,5.75,5.7,0.008539361137904678,0.008539361137904678,0.008539361137904678,PHOTON_NUMBER_PROBABILITY_MASS_PER_BIN,ENERGY_FLUENCE_MASS_PER_BIN,energy_fluence_mass_i = energy_center_MeV_i * probability_mass_bin_i,PROJECT_16MV_40x40,16MV_40x40_interpolated,linear_between_6MV_and_18MV_same_field,linear_between_6MV_and_18MV_same_field,,,,/home/a/projects/particle-accelerator-shielding-simulator/geant4sim/GUI/geant4GUI/photon_neutron_bpe_app/photon_wall_simulation_core.py,9f2f53dab99971884f4a97bea897d6a0ebb61dd1d6a65daf7b634f589941222e,/home/a/projects/Radiation_Research/radiation_shielding/Radiation-Shielding-Research/results/phase1/source_models/source_library_snapshot/photon_wall_simulation_core__9f2f53dab9997188.py,9f2f53dab99971884f4a97bea897d6a0ebb61dd1d6a65daf7b634f589941222e,True
5.75,5.85,5.8,0.00849323898002969,0.00849323898002969,0.00849323898002969,PHOTON_NUMBER_PROBABILITY_MASS_PER_BIN,ENERGY_FLUENCE_MASS_PER_BIN,energy_fluence_mass_i = energy_center_MeV_i * probability_mass_bin_i,PROJECT_16MV_40x40,16MV_40x40_interpolated,linear_between_6MV_and_18MV_same_field,linear_between_6MV_and_18MV_same_field,,,,/home/a/projects/particle-accelerator-shielding-simulator/geant4sim/GUI/geant4GUI/photon_neutron_bpe_app/photon_wall_simulation_core.py,9f2f53dab99971884f4a97bea897d6a0ebb61dd1d6a65daf7b634f589941222e,/home/a/projects/Radiation_Research/radiation_shielding/Radiation-Shielding-Research/results/phase1/source_models/source_library_snapshot/photon_wall_simulation_core__9f2f53dab9997188.py,9f2f53dab99971884f4a97bea897d6a0ebb61dd1d6a65daf7b634f589941222e,True
5.85,5.95,5.9,0.008451997164537166,0.008451997164537166,0.008451997164537166,PHOTON_NUMBER_PROBABILITY_MASS_PER_BIN,ENERGY_FLUENCE_MASS_PER_BIN,energy_fluence_mass_i = energy_center_MeV_i * probability_mass_bin_i,PROJECT_16MV_40x40,16MV_40x40_interpolated,linear_between_6MV_and_18MV_same_field,linear_between_6MV_and_18MV_same_field,,,,/home/a/projects/particle-accelerator-shielding-simulator/geant4sim/GUI/geant4GUI/photon_neutron_bpe_app/photon_wall_simulation_core.py,9f2f53dab99971884f4a97bea897d6a0ebb61dd1d6a65daf7b634f589941222e,/home/a/projects/Radiation_Research/radiation_shielding/Radiation-Shielding-Research/results/phase1/source_models/source_library_snapshot/photon_wall_simulation_core__9f2f53dab9997188.py,9f2f53dab99971884f4a97bea897d6a0ebb61dd1d6a65daf7b634f589941222e,True
5.95,6.05,6.0,0.008416015598319154,0.008416015598319154,0.008416015598319154,PHOTON_NUMBER_PROBABILITY_MASS_PER_BIN,ENERGY_FLUENCE_MASS_PER_BIN,energy_fluence_mass_i = energy_center_MeV_i * probability_mass_bin_i,PROJECT_16MV_40x40,16MV_40x40_interpolated,linear_between_6MV_and_18MV_same_field,linear_between_6MV_and_18MV_same_field,,,,/home/a/projects/particle-accelerator-shielding-simulator/geant4sim/GUI/geant4GUI/photon_neutron_bpe_app/photon_wall_simulation_core.py,9f2f53dab99971884f4a97bea897d6a0ebb61dd1d6a65daf7b634f589941222e,/home/a/projects/Radiation_Research/radiation_shielding/Radiation-Shielding-Research/results/phase1/source_models/source_library_snapshot/photon_wall_simulation_core__9f2f53dab9997188.py,9f2f53dab99971884f4a97bea897d6a0ebb61dd1d6a65daf7b634f589941222e,True
6.05,6.15,6.1,0.008385674188267701,0.008385674188267701,0.008385674188267701,PHOTON_NUMBER_PROBABILITY_MASS_PER_BIN,ENERGY_FLUENCE_MASS_PER_BIN,energy_fluence_mass_i = energy_center_MeV_i * probability_mass_bin_i,PROJECT_16MV_40x40,16MV_40x40_interpolated,linear_between_6MV_and_18MV_same_field,linear_between_6MV_and_18MV_same_field,,,,/home/a/projects/particle-accelerator-shielding-simulator/geant4sim/GUI/geant4GUI/photon_neutron_bpe_app/photon_wall_simulation_core.py,9f2f53dab99971884f4a97bea897d6a0ebb61dd1d6a65daf7b634f589941222e,/home/a/projects/Radiation_Research/radiation_shielding/Radiation-Shielding-Research/results/phase1/source_models/source_library_snapshot/photon_wall_simulation_core__9f2f53dab9997188.py,9f2f53dab99971884f4a97bea897d6a0ebb61dd1d6a65daf7b634f589941222e,True
6.15,6.25,6.2,0.008361352841274854,0.008361352841274854,0.008361352841274854,PHOTON_NUMBER_PROBABILITY_MASS_PER_BIN,ENERGY_FLUENCE_MASS_PER_BIN,energy_fluence_mass_i = energy_center_MeV_i * probability_mass_bin_i,PROJECT_16MV_40x40,16MV_40x40_interpolated,linear_between_6MV_and_18MV_same_field,linear_between_6MV_and_18MV_same_field,,,,/home/a/projects/particle-accelerator-shielding-simulator/geant4sim/GUI/geant4GUI/photon_neutron_bpe_app/photon_wall_simulation_core.py,9f2f53dab99971884f4a97bea897d6a0ebb61dd1d6a65daf7b634f589941222e,/home/a/projects/Radiation_Research/radiation_shielding/Radiation-Shielding-Research/results/phase1/source_models/source_library_snapshot/photon_wall_simulation_core__9f2f53dab9997188.py,9f2f53dab99971884f4a97bea897d6a0ebb61dd1d6a65daf7b634f589941222e,True
6.25,6.35,6.3,0.008343431464232665,0.008343431464232665,0.008343431464232665,PHOTON_NUMBER_PROBABILITY_MASS_PER_BIN,ENERGY_FLUENCE_MASS_PER_BIN,energy_fluence_mass_i = energy_center_MeV_i * probability_mass_bin_i,PROJECT_16MV_40x40,16MV_40x40_interpolated,linear_between_6MV_and_18MV_same_field,linear_between_6MV_and_18MV_same_field,,,,/home/a/projects/particle-accelerator-shielding-simulator/geant4sim/GUI/geant4GUI/photon_neutron_bpe_app/photon_wall_simulation_core.py,9f2f53dab99971884f4a97bea897d6a0ebb61dd1d6a65daf7b634f589941222e,/home/a/projects/Radiation_Research/radiation_shielding/Radiation-Shielding-Research/results/phase1/source_models/source_library_snapshot/photon_wall_simulation_core__9f2f53dab9997188.py,9f2f53dab99971884f4a97bea897d6a0ebb61dd1d6a65daf7b634f589941222e,True
6.35,6.45,6.4,0.008332289964033181,0.008332289964033181,0.008332289964033181,PHOTON_NUMBER_PROBABILITY_MASS_PER_BIN,ENERGY_FLUENCE_MASS_PER_BIN,energy_fluence_mass_i = energy_center_MeV_i * probability_mass_bin_i,PROJECT_16MV_40x40,16MV_40x40_interpolated,linear_between_6MV_and_18MV_same_field,linear_between_6MV_and_18MV_same_field,,,,/home/a/projects/particle-accelerator-shielding-simulator/geant4sim/GUI/geant4GUI/photon_neutron_bpe_app/photon_wall_simulation_core.py,9f2f53dab99971884f4a97bea897d6a0ebb61dd1d6a65daf7b634f589941222e,/home/a/projects/Radiation_Research/radiation_shielding/Radiation-Shielding-Research/results/phase1/source_models/source_library_snapshot/photon_wall_simulation_core__9f2f53dab9997188.py,9f2f53dab99971884f4a97bea897d6a0ebb61dd1d6a65daf7b634f589941222e,True
6.45,6.55,6.5,0.008328308247568444,0.008328308247568444,0.008328308247568444,PHOTON_NUMBER_PROBABILITY_MASS_PER_BIN,ENERGY_FLUENCE_MASS_PER_BIN,energy_fluence_mass_i = energy_center_MeV_i * probability_mass_bin_i,PROJECT_16MV_40x40,16MV_40x40_interpolated,linear_between_6MV_and_18MV_same_field,linear_between_6MV_and_18MV_same_field,,,,/home/a/projects/particle-accelerator-shielding-simulator/geant4sim/GUI/geant4GUI/photon_neutron_bpe_app/photon_wall_simulation_core.py,9f2f53dab99971884f4a97bea897d6a0ebb61dd1d6a65daf7b634f589941222e,/home/a/projects/Radiation_Research/radiation_shielding/Radiation-Shielding-Research/results/phase1/source_models/source_library_snapshot/photon_wall_simulation_core__9f2f53dab9997188.py,9f2f53dab99971884f4a97bea897d6a0ebb61dd1d6a65daf7b634f589941222e,True
6.55,6.65,6.6,0.00809874556497716,0.00809874556497716,0.00809874556497716,PHOTON_NUMBER_PROBABILITY_MASS_PER_BIN,ENERGY_FLUENCE_MASS_PER_BIN,energy_fluence_mass_i = energy_center_MeV_i * probability_mass_bin_i,PROJECT_16MV_40x40,16MV_40x40_interpolated,linear_between_6MV_and_18MV_same_field,linear_between_6MV_and_18MV_same_field,,,,/home/a/projects/particle-accelerator-shielding-simulator/geant4sim/GUI/geant4GUI/photon_neutron_bpe_app/photon_wall_simulation_core.py,9f2f53dab99971884f4a97bea897d6a0ebb61dd1d6a65daf7b634f589941222e,/home/a/projects/Radiation_Research/radiation_shielding/Radiation-Shielding-Research/results/phase1/source_models/source_library_snapshot/photon_wall_simulation_core__9f2f53dab9997188.py,9f2f53dab99971884f4a97bea897d6a0ebb61dd1d6a65daf7b634f589941222e,True
6.65,6.75,6.7,0.007864979091078278,0.007864979091078278,0.007864979091078278,PHOTON_NUMBER_PROBABILITY_MASS_PER_BIN,ENERGY_FLUENCE_MASS_PER_BIN,energy_fluence_mass_i = energy_center_MeV_i * probability_mass_bin_i,PROJECT_16MV_40x40,16MV_40x40_interpolated,linear_between_6MV_and_18MV_same_field,linear_between_6MV_and_18MV_same_field,,,,/home/a/projects/particle-accelerator-shielding-simulator/geant4sim/GUI/geant4GUI/photon_neutron_bpe_app/photon_wall_simulation_core.py,9f2f53dab99971884f4a97bea897d6a0ebb61dd1d6a65daf7b634f589941222e,/home/a/projects/Radiation_Research/radiation_shielding/Radiation-Shielding-Research/results/phase1/source_models/source_library_snapshot/photon_wall_simulation_core__9f2f53dab9997188.py,9f2f53dab99971884f4a97bea897d6a0ebb61dd1d6a65daf7b634f589941222e,True
6.75,6.85,6.8,0.007627451426179409,0.007627451426179409,0.007627451426179409,PHOTON_NUMBER_PROBABILITY_MASS_PER_BIN,ENERGY_FLUENCE_MASS_PER_BIN,energy_fluence_mass_i = energy_center_MeV_i * probability_mass_bin_i,PROJECT_16MV_40x40,16MV_40x40_interpolated,linear_between_6MV_and_18MV_same_field,linear_between_6MV_and_18MV_same_field,,,,/home/a/projects/particle-accelerator-shielding-simulator/geant4sim/GUI/geant4GUI/photon_neutron_bpe_app/photon_wall_simulation_core.py,9f2f53dab99971884f4a97bea897d6a0ebb61dd1d6a65daf7b634f589941222e,/home/a/projects/Radiation_Research/radiation_shielding/Radiation-Shielding-Research/results/phase1/source_models/source_library_snapshot/photon_wall_simulation_core__9f2f53dab9997188.py,9f2f53dab99971884f4a97bea897d6a0ebb61dd1d6a65daf7b634f589941222e,True
6.85,6.95,6.9,0.0073883576941343445,0.0073883576941343445,0.0073883576941343445,PHOTON_NUMBER_PROBABILITY_MASS_PER_BIN,ENERGY_FLUENCE_MASS_PER_BIN,energy_fluence_mass_i = energy_center_MeV_i * probability_mass_bin_i,PROJECT_16MV_40x40,16MV_40x40_interpolated,linear_between_6MV_and_18MV_same_field,linear_between_6MV_and_18MV_same_field,,,,/home/a/projects/particle-accelerator-shielding-simulator/geant4sim/GUI/geant4GUI/photon_neutron_bpe_app/photon_wall_simulation_core.py,9f2f53dab99971884f4a97bea897d6a0ebb61dd1d6a65daf7b634f589941222e,/home/a/projects/Radiation_Research/radiation_shielding/Radiation-Shielding-Research/results/phase1/source_models/source_library_snapshot/photon_wall_simulation_core__9f2f53dab9997188.py,9f2f53dab99971884f4a97bea897d6a0ebb61dd1d6a65daf7b634f589941222e,True
6.95,7.05,7.0,0.007148633249344099,0.007148633249344099,0.007148633249344099,PHOTON_NUMBER_PROBABILITY_MASS_PER_BIN,ENERGY_FLUENCE_MASS_PER_BIN,energy_fluence_mass_i = energy_center_MeV_i * probability_mass_bin_i,PROJECT_16MV_40x40,16MV_40x40_interpolated,linear_between_6MV_and_18MV_same_field,linear_between_6MV_and_18MV_same_field,,,,/home/a/projects/particle-accelerator-shielding-simulator/geant4sim/GUI/geant4GUI/photon_neutron_bpe_app/photon_wall_simulation_core.py,9f2f53dab99971884f4a97bea897d6a0ebb61dd1d6a65daf7b634f589941222e,/home/a/projects/Radiation_Research/radiation_shielding/Radiation-Shielding-Research/results/phase1/source_models/source_library_snapshot/photon_wall_simulation_core__9f2f53dab9997188.py,9f2f53dab99971884f4a97bea897d6a0ebb61dd1d6a65daf7b634f589941222e,True
7.05,7.15,7.1,0.006910091380207868,0.006910091380207868,0.006910091380207868,PHOTON_NUMBER_PROBABILITY_MASS_PER_BIN,ENERGY_FLUENCE_MASS_PER_BIN,energy_fluence_mass_i = energy_center_MeV_i * probability_mass_bin_i,PROJECT_16MV_40x40,16MV_40x40_interpolated,linear_between_6MV_and_18MV_same_field,linear_between_6MV_and_18MV_same_field,,,,/home/a/projects/particle-accelerator-shielding-simulator/geant4sim/GUI/geant4GUI/photon_neutron_bpe_app/photon_wall_simulation_core.py,9f2f53dab99971884f4a97bea897d6a0ebb61dd1d6a65daf7b634f589941222e,/home/a/projects/Radiation_Research/radiation_shielding/Radiation-Shielding-Research/results/phase1/source_models/source_library_snapshot/photon_wall_simulation_core__9f2f53dab9997188.py,9f2f53dab99971884f4a97bea897d6a0ebb61dd1d6a65daf7b634f589941222e,True
7.15,7.25,7.2,0.006671726014961389,0.006671726014961389,0.006671726014961389,PHOTON_NUMBER_PROBABILITY_MASS_PER_BIN,ENERGY_FLUENCE_MASS_PER_BIN,energy_fluence_mass_i = energy_center_MeV_i * probability_mass_bin_i,PROJECT_16MV_40x40,16MV_40x40_interpolated,linear_between_6MV_and_18MV_same_field,linear_between_6MV_and_18MV_same_field,,,,/home/a/projects/particle-accelerator-shielding-simulator/geant4sim/GUI/geant4GUI/photon_neutron_bpe_app/photon_wall_simulation_core.py,9f2f53dab99971884f4a97bea897d6a0ebb61dd1d6a65daf7b634f589941222e,/home/a/projects/Radiation_Research/radiation_shielding/Radiation-Shielding-Research/results/phase1/source_models/source_library_snapshot/photon_wall_simulation_core__9f2f53dab9997188.py,9f2f53dab99971884f4a97bea897d6a0ebb61dd1d6a65daf7b634f589941222e,True
7.25,7.35,7.3,0.006432055379884303,0.006432055379884303,0.006432055379884303,PHOTON_NUMBER_PROBABILITY_MASS_PER_BIN,ENERGY_FLUENCE_MASS_PER_BIN,energy_fluence_mass_i = energy_center_MeV_i * probability_mass_bin_i,PROJECT_16MV_40x40,16MV_40x40_interpolated,linear_between_6MV_and_18MV_same_field,linear_between_6MV_and_18MV_same_field,,,,/home/a/projects/particle-accelerator-shielding-simulator/geant4sim/GUI/geant4GUI/photon_neutron_bpe_app/photon_wall_simulation_core.py,9f2f53dab99971884f4a97bea897d6a0ebb61dd1d6a65daf7b634f589941222e,/home/a/projects/Radiation_Research/radiation_shielding/Radiation-Shielding-Research/results/phase1/source_models/source_library_snapshot/photon_wall_simulation_core__9f2f53dab9997188.py,9f2f53dab99971884f4a97bea897d6a0ebb61dd1d6a65daf7b634f589941222e,True
7.35,7.45,7.4,0.0061977984201592486,0.0061977984201592486,0.0061977984201592486,PHOTON_NUMBER_PROBABILITY_MASS_PER_BIN,ENERGY_FLUENCE_MASS_PER_BIN,energy_fluence_mass_i = energy_center_MeV_i * probability_mass_bin_i,PROJECT_16MV_40x40,16MV_40x40_interpolated,linear_between_6MV_and_18MV_same_field,linear_between_6MV_and_18MV_same_field,,,,/home/a/projects/particle-accelerator-shielding-simulator/geant4sim/GUI/geant4GUI/photon_neutron_bpe_app/photon_wall_simulation_core.py,9f2f53dab99971884f4a97bea897d6a0ebb61dd1d6a65daf7b634f589941222e,/home/a/projects/Radiation_Research/radiation_shielding/Radiation-Shielding-Research/results/phase1/source_models/source_library_snapshot/photon_wall_simulation_core__9f2f53dab9997188.py,9f2f53dab99971884f4a97bea897d6a0ebb61dd1d6a65daf7b634f589941222e,True
7.45,7.55,7.5,0.005973375274288463,0.005973375274288463,0.005973375274288463,PHOTON_NUMBER_PROBABILITY_MASS_PER_BIN,ENERGY_FLUENCE_MASS_PER_BIN,energy_fluence_mass_i = energy_center_MeV_i * probability_mass_bin_i,PROJECT_16MV_40x40,16MV_40x40_interpolated,linear_between_6MV_and_18MV_same_field,linear_between_6MV_and_18MV_same_field,,,,/home/a/projects/particle-accelerator-shielding-simulator/geant4sim/GUI/geant4GUI/photon_neutron_bpe_app/photon_wall_simulation_core.py,9f2f53dab99971884f4a97bea897d6a0ebb61dd1d6a65daf7b634f589941222e,/home/a/projects/Radiation_Research/radiation_shielding/Radiation-Shielding-Research/results/phase1/source_models/source_library_snapshot/photon_wall_simulation_core__9f2f53dab9997188.py,9f2f53dab99971884f4a97bea897d6a0ebb61dd1d6a65daf7b634f589941222e,True
7.55,7.65,7.6,0.005748827861135955,0.005748827861135955,0.005748827861135955,PHOTON_NUMBER_PROBABILITY_MASS_PER_BIN,ENERGY_FLUENCE_MASS_PER_BIN,energy_fluence_mass_i = energy_center_MeV_i * probability_mass_bin_i,PROJECT_16MV_40x40,16MV_40x40_interpolated,linear_between_6MV_and_18MV_same_field,linear_between_6MV_and_18MV_same_field,,,,/home/a/projects/particle-accelerator-shielding-simulator/geant4sim/GUI/geant4GUI/photon_neutron_bpe_app/photon_wall_simulation_core.py,9f2f53dab99971884f4a97bea897d6a0ebb61dd1d6a65daf7b634f589941222e,/home/a/projects/Radiation_Research/radiation_shielding/Radiation-Shielding-Research/results/phase1/source_models/source_library_snapshot/photon_wall_simulation_core__9f2f53dab9997188.py,9f2f53dab99971884f4a97bea897d6a0ebb61dd1d6a65daf7b634f589941222e,True
7.65,7.75,7.7,0.005510119666511503,0.005510119666511503,0.005510119666511503,PHOTON_NUMBER_PROBABILITY_MASS_PER_BIN,ENERGY_FLUENCE_MASS_PER_BIN,energy_fluence_mass_i = energy_center_MeV_i * probability_mass_bin_i,PROJECT_16MV_40x40,16MV_40x40_interpolated,linear_between_6MV_and_18MV_same_field,linear_between_6MV_and_18MV_same_field,,,,/home/a/projects/particle-accelerator-shielding-simulator/geant4sim/GUI/geant4GUI/photon_neutron_bpe_app/photon_wall_simulation_core.py,9f2f53dab99971884f4a97bea897d6a0ebb61dd1d6a65daf7b634f589941222e,/home/a/projects/Radiation_Research/radiation_shielding/Radiation-Shielding-Research/results/phase1/source_models/source_library_snapshot/photon_wall_simulation_core__9f2f53dab9997188.py,9f2f53dab99971884f4a97bea897d6a0ebb61dd1d6a65daf7b634f589941222e,True
7.75,7.85,7.8,0.005255233474062291,0.005255233474062291,0.005255233474062291,PHOTON_NUMBER_PROBABILITY_MASS_PER_BIN,ENERGY_FLUENCE_MASS_PER_BIN,energy_fluence_mass_i = energy_center_MeV_i * probability_mass_bin_i,PROJECT_16MV_40x40,16MV_40x40_interpolated,linear_between_6MV_and_18MV_same_field,linear_between_6MV_and_18MV_same_field,,,,/home/a/projects/particle-accelerator-shielding-simulator/geant4sim/GUI/geant4GUI/photon_neutron_bpe_app/photon_wall_simulation_core.py,9f2f53dab99971884f4a97bea897d6a0ebb61dd1d6a65daf7b634f589941222e,/home/a/projects/Radiation_Research/radiation_shielding/Radiation-Shielding-Research/results/phase1/source_models/source_library_snapshot/photon_wall_simulation_core__9f2f53dab9997188.py,9f2f53dab99971884f4a97bea897d6a0ebb61dd1d6a65daf7b634f589941222e,True
7.85,7.95,7.9,0.005003776325119983,0.005003776325119983,0.005003776325119983,PHOTON_NUMBER_PROBABILITY_MASS_PER_BIN,ENERGY_FLUENCE_MASS_PER_BIN,energy_fluence_mass_i = energy_center_MeV_i * probability_mass_bin_i,PROJECT_16MV_40x40,16MV_40x40_interpolated,linear_between_6MV_and_18MV_same_field,linear_between_6MV_and_18MV_same_field,,,,/home/a/projects/particle-accelerator-shielding-simulator/geant4sim/GUI/geant4GUI/photon_neutron_bpe_app/photon_wall_simulation_core.py,9f2f53dab99971884f4a97bea897d6a0ebb61dd1d6a65daf7b634f589941222e,/home/a/projects/Radiation_Research/radiation_shielding/Radiation-Shielding-Research/results/phase1/source_models/source_library_snapshot/photon_wall_simulation_core__9f2f53dab9997188.py,9f2f53dab99971884f4a97bea897d6a0ebb61dd1d6a65daf7b634f589941222e,True
7.95,8.05,8.0,0.004774140102210241,0.004774140102210241,0.004774140102210241,PHOTON_NUMBER_PROBABILITY_MASS_PER_BIN,ENERGY_FLUENCE_MASS_PER_BIN,energy_fluence_mass_i = energy_center_MeV_i * probability_mass_bin_i,PROJECT_16MV_40x40,16MV_40x40_interpolated,linear_between_6MV_and_18MV_same_field,linear_between_6MV_and_18MV_same_field,,,,/home/a/projects/particle-accelerator-shielding-simulator/geant4sim/GUI/geant4GUI/photon_neutron_bpe_app/photon_wall_simulation_core.py,9f2f53dab99971884f4a97bea897d6a0ebb61dd1d6a65daf7b634f589941222e,/home/a/projects/Radiation_Research/radiation_shielding/Radiation-Shielding-Research/results/phase1/source_models/source_library_snapshot/photon_wall_simulation_core__9f2f53dab9997188.py,9f2f53dab99971884f4a97bea897d6a0ebb61dd1d6a65daf7b634f589941222e,True
8.05,8.149999999999999,8.1,0.0045779202829246924,0.0045779202829246924,0.0045779202829246924,PHOTON_NUMBER_PROBABILITY_MASS_PER_BIN,ENERGY_FLUENCE_MASS_PER_BIN,energy_fluence_mass_i = energy_center_MeV_i * probability_mass_bin_i,PROJECT_16MV_40x40,16MV_40x40_interpolated,linear_between_6MV_and_18MV_same_field,linear_between_6MV_and_18MV_same_field,,,,/home/a/projects/particle-accelerator-shielding-simulator/geant4sim/GUI/geant4GUI/photon_neutron_bpe_app/photon_wall_simulation_core.py,9f2f53dab99971884f4a97bea897d6a0ebb61dd1d6a65daf7b634f589941222e,/home/a/projects/Radiation_Research/radiation_shielding/Radiation-Shielding-Research/results/phase1/source_models/source_library_snapshot/photon_wall_simulation_core__9f2f53dab9997188.py,9f2f53dab99971884f4a97bea897d6a0ebb61dd1d6a65daf7b634f589941222e,True
8.149999999999999,8.25,8.2,0.004357895961932942,0.004357895961932942,0.004357895961932942,PHOTON_NUMBER_PROBABILITY_MASS_PER_BIN,ENERGY_FLUENCE_MASS_PER_BIN,energy_fluence_mass_i = energy_center_MeV_i * probability_mass_bin_i,PROJECT_16MV_40x40,16MV_40x40_interpolated,linear_between_6MV_and_18MV_same_field,linear_between_6MV_and_18MV_same_field,,,,/home/a/projects/particle-accelerator-shielding-simulator/geant4sim/GUI/geant4GUI/photon_neutron_bpe_app/photon_wall_simulation_core.py,9f2f53dab99971884f4a97bea897d6a0ebb61dd1d6a65daf7b634f589941222e,/home/a/projects/Radiation_Research/radiation_shielding/Radiation-Shielding-Research/results/phase1/source_models/source_library_snapshot/photon_wall_simulation_core__9f2f53dab9997188.py,9f2f53dab99971884f4a97bea897d6a0ebb61dd1d6a65daf7b634f589941222e,True
8.25,8.350000000000001,8.3,0.004079474929940846,0.004079474929940846,0.004079474929940846,PHOTON_NUMBER_PROBABILITY_MASS_PER_BIN,ENERGY_FLUENCE_MASS_PER_BIN,energy_fluence_mass_i = energy_center_MeV_i * probability_mass_bin_i,PROJECT_16MV_40x40,16MV_40x40_interpolated,linear_between_6MV_and_18MV_same_field,linear_between_6MV_and_18MV_same_field,,,,/home/a/projects/particle-accelerator-shielding-simulator/geant4sim/GUI/geant4GUI/photon_neutron_bpe_app/photon_wall_simulation_core.py,9f2f53dab99971884f4a97bea897d6a0ebb61dd1d6a65daf7b634f589941222e,/home/a/projects/Radiation_Research/radiation_shielding/Radiation-Shielding-Research/results/phase1/source_models/source_library_snapshot/photon_wall_simulation_core__9f2f53dab9997188.py,9f2f53dab99971884f4a97bea897d6a0ebb61dd1d6a65daf7b634f589941222e,True
8.350000000000001,8.45,8.4,0.00378702931085134,0.00378702931085134,0.00378702931085134,PHOTON_NUMBER_PROBABILITY_MASS_PER_BIN,ENERGY_FLUENCE_MASS_PER_BIN,energy_fluence_mass_i = energy_center_MeV_i * probability_mass_bin_i,PROJECT_16MV_40x40,16MV_40x40_interpolated,linear_between_6MV_and_18MV_same_field,linear_between_6MV_and_18MV_same_field,,,,/home/a/projects/particle-accelerator-shielding-simulator/geant4sim/GUI/geant4GUI/photon_neutron_bpe_app/photon_wall_simulation_core.py,9f2f53dab99971884f4a97bea897d6a0ebb61dd1d6a65daf7b634f589941222e,/home/a/projects/Radiation_Research/radiation_shielding/Radiation-Shielding-Research/results/phase1/source_models/source_library_snapshot/photon_wall_simulation_core__9f2f53dab9997188.py,9f2f53dab99971884f4a97bea897d6a0ebb61dd1d6a65daf7b634f589941222e,True
8.45,8.55,8.5,0.003528163909954875,0.003528163909954875,0.003528163909954875,PHOTON_NUMBER_PROBABILITY_MASS_PER_BIN,ENERGY_FLUENCE_MASS_PER_BIN,energy_fluence_mass_i = energy_center_MeV_i * probability_mass_bin_i,PROJECT_16MV_40x40,16MV_40x40_interpolated,linear_between_6MV_and_18MV_same_field,linear_between_6MV_and_18MV_same_field,,,,/home/a/projects/particle-accelerator-shielding-simulator/geant4sim/GUI/geant4GUI/photon_neutron_bpe_app/photon_wall_simulation_core.py,9f2f53dab99971884f4a97bea897d6a0ebb61dd1d6a65daf7b634f589941222e,/home/a/projects/Radiation_Research/radiation_shielding/Radiation-Shielding-Research/results/phase1/source_models/source_library_snapshot/photon_wall_simulation_core__9f2f53dab9997188.py,9f2f53dab99971884f4a97bea897d6a0ebb61dd1d6a65daf7b634f589941222e,True
8.55,8.649999999999999,8.6,0.003335963573376861,0.003335963573376861,0.003335963573376861,PHOTON_NUMBER_PROBABILITY_MASS_PER_BIN,ENERGY_FLUENCE_MASS_PER_BIN,energy_fluence_mass_i = energy_center_MeV_i * probability_mass_bin_i,PROJECT_16MV_40x40,16MV_40x40_interpolated,linear_between_6MV_and_18MV_same_field,linear_between_6MV_and_18MV_same_field,,,,/home/a/projects/particle-accelerator-shielding-simulator/geant4sim/GUI/geant4GUI/photon_neutron_bpe_app/photon_wall_simulation_core.py,9f2f53dab99971884f4a97bea897d6a0ebb61dd1d6a65daf7b634f589941222e,/home/a/projects/Radiation_Research/radiation_shielding/Radiation-Shielding-Research/results/phase1/source_models/source_library_snapshot/photon_wall_simulation_core__9f2f53dab9997188.py,9f2f53dab99971884f4a97bea897d6a0ebb61dd1d6a65daf7b634f589941222e,True
8.649999999999999,8.75,8.7,0.0031944713149685017,0.0031944713149685017,0.0031944713149685017,PHOTON_NUMBER_PROBABILITY_MASS_PER_BIN,ENERGY_FLUENCE_MASS_PER_BIN,energy_fluence_mass_i = energy_center_MeV_i * probability_mass_bin_i,PROJECT_16MV_40x40,16MV_40x40_interpolated,linear_between_6MV_and_18MV_same_field,linear_between_6MV_and_18MV_same_field,,,,/home/a/projects/particle-accelerator-shielding-simulator/geant4sim/GUI/geant4GUI/photon_neutron_bpe_app/photon_wall_simulation_core.py,9f2f53dab99971884f4a97bea897d6a0ebb61dd1d6a65daf7b634f589941222e,/home/a/projects/Radiation_Research/radiation_shielding/Radiation-Shielding-Research/results/phase1/source_models/source_library_snapshot/photon_wall_simulation_core__9f2f53dab9997188.py,9f2f53dab99971884f4a97bea897d6a0ebb61dd1d6a65daf7b634f589941222e,True
8.75,8.850000000000001,8.8,0.003069732624874744,0.003069732624874744,0.003069732624874744,PHOTON_NUMBER_PROBABILITY_MASS_PER_BIN,ENERGY_FLUENCE_MASS_PER_BIN,energy_fluence_mass_i = energy_center_MeV_i * probability_mass_bin_i,PROJECT_16MV_40x40,16MV_40x40_interpolated,linear_between_6MV_and_18MV_same_field,linear_between_6MV_and_18MV_same_field,,,,/home/a/projects/particle-accelerator-shielding-simulator/geant4sim/GUI/geant4GUI/photon_neutron_bpe_app/photon_wall_simulation_core.py,9f2f53dab99971884f4a97bea897d6a0ebb61dd1d6a65daf7b634f589941222e,/home/a/projects/Radiation_Research/radiation_shielding/Radiation-Shielding-Research/results/phase1/source_models/source_library_snapshot/photon_wall_simulation_core__9f2f53dab9997188.py,9f2f53dab99971884f4a97bea897d6a0ebb61dd1d6a65daf7b634f589941222e,True
8.850000000000001,8.95,8.9,0.002948144000261233,0.002948144000261233,0.002948144000261233,PHOTON_NUMBER_PROBABILITY_MASS_PER_BIN,ENERGY_FLUENCE_MASS_PER_BIN,energy_fluence_mass_i = energy_center_MeV_i * probability_mass_bin_i,PROJECT_16MV_40x40,16MV_40x40_interpolated,linear_between_6MV_and_18MV_same_field,linear_between_6MV_and_18MV_same_field,,,,/home/a/projects/particle-accelerator-shielding-simulator/geant4sim/GUI/geant4GUI/photon_neutron_bpe_app/photon_wall_simulation_core.py,9f2f53dab99971884f4a97bea897d6a0ebb61dd1d6a65daf7b634f589941222e,/home/a/projects/Radiation_Research/radiation_shielding/Radiation-Shielding-Research/results/phase1/source_models/source_library_snapshot/photon_wall_simulation_core__9f2f53dab9997188.py,9f2f53dab99971884f4a97bea897d6a0ebb61dd1d6a65daf7b634f589941222e,True
8.95,9.05,9.0,0.002830004085203913,0.002830004085203913,0.002830004085203913,PHOTON_NUMBER_PROBABILITY_MASS_PER_BIN,ENERGY_FLUENCE_MASS_PER_BIN,energy_fluence_mass_i = energy_center_MeV_i * probability_mass_bin_i,PROJECT_16MV_40x40,16MV_40x40_interpolated,linear_between_6MV_and_18MV_same_field,linear_between_6MV_and_18MV_same_field,,,,/home/a/projects/particle-accelerator-shielding-simulator/geant4sim/GUI/geant4GUI/photon_neutron_bpe_app/photon_wall_simulation_core.py,9f2f53dab99971884f4a97bea897d6a0ebb61dd1d6a65daf7b634f589941222e,/home/a/projects/Radiation_Research/radiation_shielding/Radiation-Shielding-Research/results/phase1/source_models/source_library_snapshot/photon_wall_simulation_core__9f2f53dab9997188.py,9f2f53dab99971884f4a97bea897d6a0ebb61dd1d6a65daf7b634f589941222e,True
9.05,9.149999999999999,9.1,0.002715348635781276,0.002715348635781276,0.002715348635781276,PHOTON_NUMBER_PROBABILITY_MASS_PER_BIN,ENERGY_FLUENCE_MASS_PER_BIN,energy_fluence_mass_i = energy_center_MeV_i * probability_mass_bin_i,PROJECT_16MV_40x40,16MV_40x40_interpolated,linear_between_6MV_and_18MV_same_field,linear_between_6MV_and_18MV_same_field,,,,/home/a/projects/particle-accelerator-shielding-simulator/geant4sim/GUI/geant4GUI/photon_neutron_bpe_app/photon_wall_simulation_core.py,9f2f53dab99971884f4a97bea897d6a0ebb61dd1d6a65daf7b634f589941222e,/home/a/projects/Radiation_Research/radiation_shielding/Radiation-Shielding-Research/results/phase1/source_models/source_library_snapshot/photon_wall_simulation_core__9f2f53dab9997188.py,9f2f53dab99971884f4a97bea897d6a0ebb61dd1d6a65daf7b634f589941222e,True
9.149999999999999,9.25,9.2,0.0026037662521283195,0.0026037662521283195,0.0026037662521283195,PHOTON_NUMBER_PROBABILITY_MASS_PER_BIN,ENERGY_FLUENCE_MASS_PER_BIN,energy_fluence_mass_i = energy_center_MeV_i * probability_mass_bin_i,PROJECT_16MV_40x40,16MV_40x40_interpolated,linear_between_6MV_and_18MV_same_field,linear_between_6MV_and_18MV_same_field,,,,/home/a/projects/particle-accelerator-shielding-simulator/geant4sim/GUI/geant4GUI/photon_neutron_bpe_app/photon_wall_simulation_core.py,9f2f53dab99971884f4a97bea897d6a0ebb61dd1d6a65daf7b634f589941222e,/home/a/projects/Radiation_Research/radiation_shielding/Radiation-Shielding-Research/results/phase1/source_models/source_library_snapshot/photon_wall_simulation_core__9f2f53dab9997188.py,9f2f53dab99971884f4a97bea897d6a0ebb61dd1d6a65daf7b634f589941222e,True
9.25,9.350000000000001,9.3,0.0024940729248349386,0.0024940729248349386,0.0024940729248349386,PHOTON_NUMBER_PROBABILITY_MASS_PER_BIN,ENERGY_FLUENCE_MASS_PER_BIN,energy_fluence_mass_i = energy_center_MeV_i * probability_mass_bin_i,PROJECT_16MV_40x40,16MV_40x40_interpolated,linear_between_6MV_and_18MV_same_field,linear_between_6MV_and_18MV_same_field,,,,/home/a/projects/particle-accelerator-shielding-simulator/geant4sim/GUI/geant4GUI/photon_neutron_bpe_app/photon_wall_simulation_core.py,9f2f53dab99971884f4a97bea897d6a0ebb61dd1d6a65daf7b634f589941222e,/home/a/projects/Radiation_Research/radiation_shielding/Radiation-Shielding-Research/results/phase1/source_models/source_library_snapshot/photon_wall_simulation_core__9f2f53dab9997188.py,9f2f53dab99971884f4a97bea897d6a0ebb61dd1d6a65daf7b634f589941222e,True
9.350000000000001,9.45,9.4,0.002383947452945158,0.002383947452945158,0.002383947452945158,PHOTON_NUMBER_PROBABILITY_MASS_PER_BIN,ENERGY_FLUENCE_MASS_PER_BIN,energy_fluence_mass_i = energy_center_MeV_i * probability_mass_bin_i,PROJECT_16MV_40x40,16MV_40x40_interpolated,linear_between_6MV_and_18MV_same_field,linear_between_6MV_and_18MV_same_field,,,,/home/a/projects/particle-accelerator-shielding-simulator/geant4sim/GUI/geant4GUI/photon_neutron_bpe_app/photon_wall_simulation_core.py,9f2f53dab99971884f4a97bea897d6a0ebb61dd1d6a65daf7b634f589941222e,/home/a/projects/Radiation_Research/radiation_shielding/Radiation-Shielding-Research/results/phase1/source_models/source_library_snapshot/photon_wall_simulation_core__9f2f53dab9997188.py,9f2f53dab99971884f4a97bea897d6a0ebb61dd1d6a65daf7b634f589941222e,True
9.45,9.55,9.5,0.002272130999706297,0.002272130999706297,0.002272130999706297,PHOTON_NUMBER_PROBABILITY_MASS_PER_BIN,ENERGY_FLUENCE_MASS_PER_BIN,energy_fluence_mass_i = energy_center_MeV_i * probability_mass_bin_i,PROJECT_16MV_40x40,16MV_40x40_interpolated,linear_between_6MV_and_18MV_same_field,linear_between_6MV_and_18MV_same_field,,,,/home/a/projects/particle-accelerator-shielding-simulator/geant4sim/GUI/geant4GUI/photon_neutron_bpe_app/photon_wall_simulation_core.py,9f2f53dab99971884f4a97bea897d6a0ebb61dd1d6a65daf7b634f589941222e,/home/a/projects/Radiation_Research/radiation_shielding/Radiation-Shielding-Research/results/phase1/source_models/source_library_snapshot/photon_wall_simulation_core__9f2f53dab9997188.py,9f2f53dab99971884f4a97bea897d6a0ebb61dd1d6a65daf7b634f589941222e,True
9.55,9.649999999999999,9.6,0.0021579512306832793,0.0021579512306832793,0.0021579512306832793,PHOTON_NUMBER_PROBABILITY_MASS_PER_BIN,ENERGY_FLUENCE_MASS_PER_BIN,energy_fluence_mass_i = energy_center_MeV_i * probability_mass_bin_i,PROJECT_16MV_40x40,16MV_40x40_interpolated,linear_between_6MV_and_18MV_same_field,linear_between_6MV_and_18MV_same_field,,,,/home/a/projects/particle-accelerator-shielding-simulator/geant4sim/GUI/geant4GUI/photon_neutron_bpe_app/photon_wall_simulation_core.py,9f2f53dab99971884f4a97bea897d6a0ebb61dd1d6a65daf7b634f589941222e,/home/a/projects/Radiation_Research/radiation_shielding/Radiation-Shielding-Research/results/phase1/source_models/source_library_snapshot/photon_wall_simulation_core__9f2f53dab9997188.py,9f2f53dab99971884f4a97bea897d6a0ebb61dd1d6a65daf7b634f589941222e,True
9.649999999999999,9.75,9.7,0.0020352637900332695,0.0020352637900332695,0.0020352637900332695,PHOTON_NUMBER_PROBABILITY_MASS_PER_BIN,ENERGY_FLUENCE_MASS_PER_BIN,energy_fluence_mass_i = energy_center_MeV_i * probability_mass_bin_i,PROJECT_16MV_40x40,16MV_40x40_interpolated,linear_between_6MV_and_18MV_same_field,linear_between_6MV_and_18MV_same_field,,,,/home/a/projects/particle-accelerator-shielding-simulator/geant4sim/GUI/geant4GUI/photon_neutron_bpe_app/photon_wall_simulation_core.py,9f2f53dab99971884f4a97bea897d6a0ebb61dd1d6a65daf7b634f589941222e,/home/a/projects/Radiation_Research/radiation_shielding/Radiation-Shielding-Research/results/phase1/source_models/source_library_snapshot/photon_wall_simulation_core__9f2f53dab9997188.py,9f2f53dab99971884f4a97bea897d6a0ebb61dd1d6a65daf7b634f589941222e,True
9.75,9.850000000000001,9.8,0.001903537502262739,0.001903537502262739,0.001903537502262739,PHOTON_NUMBER_PROBABILITY_MASS_PER_BIN,ENERGY_FLUENCE_MASS_PER_BIN,energy_fluence_mass_i = energy_center_MeV_i * probability_mass_bin_i,PROJECT_16MV_40x40,16MV_40x40_interpolated,linear_between_6MV_and_18MV_same_field,linear_between_6MV_and_18MV_same_field,,,,/home/a/projects/particle-accelerator-shielding-simulator/geant4sim/GUI/geant4GUI/photon_neutron_bpe_app/photon_wall_simulation_core.py,9f2f53dab99971884f4a97bea897d6a0ebb61dd1d6a65daf7b634f589941222e,/home/a/projects/Radiation_Research/radiation_shielding/Radiation-Shielding-Research/results/phase1/source_models/source_library_snapshot/photon_wall_simulation_core__9f2f53dab9997188.py,9f2f53dab99971884f4a97bea897d6a0ebb61dd1d6a65daf7b634f589941222e,True
9.850000000000001,9.95,9.9,0.0017685121892067432,0.0017685121892067432,0.0017685121892067432,PHOTON_NUMBER_PROBABILITY_MASS_PER_BIN,ENERGY_FLUENCE_MASS_PER_BIN,energy_fluence_mass_i = energy_center_MeV_i * probability_mass_bin_i,PROJECT_16MV_40x40,16MV_40x40_interpolated,linear_between_6MV_and_18MV_same_field,linear_between_6MV_and_18MV_same_field,,,,/home/a/projects/particle-accelerator-shielding-simulator/geant4sim/GUI/geant4GUI/photon_neutron_bpe_app/photon_wall_simulation_core.py,9f2f53dab99971884f4a97bea897d6a0ebb61dd1d6a65daf7b634f589941222e,/home/a/projects/Radiation_Research/radiation_shielding/Radiation-Shielding-Research/results/phase1/source_models/source_library_snapshot/photon_wall_simulation_core__9f2f53dab9997188.py,9f2f53dab99971884f4a97bea897d6a0ebb61dd1d6a65daf7b634f589941222e,True
9.95,10.05,10.0,0.0016289896916963727,0.0016289896916963727,0.0016289896916963727,PHOTON_NUMBER_PROBABILITY_MASS_PER_BIN,ENERGY_FLUENCE_MASS_PER_BIN,energy_fluence_mass_i = energy_center_MeV_i * probability_mass_bin_i,PROJECT_16MV_40x40,16MV_40x40_interpolated,linear_between_6MV_and_18MV_same_field,linear_between_6MV_and_18MV_same_field,,,,/home/a/projects/particle-accelerator-shielding-simulator/geant4sim/GUI/geant4GUI/photon_neutron_bpe_app/photon_wall_simulation_core.py,9f2f53dab99971884f4a97bea897d6a0ebb61dd1d6a65daf7b634f589941222e,/home/a/projects/Radiation_Research/radiation_shielding/Radiation-Shielding-Research/results/phase1/source_models/source_library_snapshot/photon_wall_simulation_core__9f2f53dab9997188.py,9f2f53dab99971884f4a97bea897d6a0ebb61dd1d6a65daf7b634f589941222e,True
10.05,10.149999999999999,10.1,0.0014855383814055578,0.0014855383814055578,0.0014855383814055578,PHOTON_NUMBER_PROBABILITY_MASS_PER_BIN,ENERGY_FLUENCE_MASS_PER_BIN,energy_fluence_mass_i = energy_center_MeV_i * probability_mass_bin_i,PROJECT_16MV_40x40,16MV_40x40_interpolated,linear_between_6MV_and_18MV_same_field,linear_between_6MV_and_18MV_same_field,,,,/home/a/projects/particle-accelerator-shielding-simulator/geant4sim/GUI/geant4GUI/photon_neutron_bpe_app/photon_wall_simulation_core.py,9f2f53dab99971884f4a97bea897d6a0ebb61dd1d6a65daf7b634f589941222e,/home/a/projects/Radiation_Research/radiation_shielding/Radiation-Shielding-Research/results/phase1/source_models/source_library_snapshot/photon_wall_simulation_core__9f2f53dab9997188.py,9f2f53dab99971884f4a97bea897d6a0ebb61dd1d6a65daf7b634f589941222e,True
10.149999999999999,10.25,10.2,0.0013432797520634074,0.0013432797520634074,0.0013432797520634074,PHOTON_NUMBER_PROBABILITY_MASS_PER_BIN,ENERGY_FLUENCE_MASS_PER_BIN,energy_fluence_mass_i = energy_center_MeV_i * probability_mass_bin_i,PROJECT_16MV_40x40,16MV_40x40_interpolated,linear_between_6MV_and_18MV_same_field,linear_between_6MV_and_18MV_same_field,,,,/home/a/projects/particle-accelerator-shielding-simulator/geant4sim/GUI/geant4GUI/photon_neutron_bpe_app/photon_wall_simulation_core.py,9f2f53dab99971884f4a97bea897d6a0ebb61dd1d6a65daf7b634f589941222e,/home/a/projects/Radiation_Research/radiation_shielding/Radiation-Shielding-Research/results/phase1/source_models/source_library_snapshot/photon_wall_simulation_core__9f2f53dab9997188.py,9f2f53dab99971884f4a97bea897d6a0ebb61dd1d6a65daf7b634f589941222e,True
10.25,10.350000000000001,10.3,0.0012034983063442918,0.0012034983063442918,0.0012034983063442918,PHOTON_NUMBER_PROBABILITY_MASS_PER_BIN,ENERGY_FLUENCE_MASS_PER_BIN,energy_fluence_mass_i = energy_center_MeV_i * probability_mass_bin_i,PROJECT_16MV_40x40,16MV_40x40_interpolated,linear_between_6MV_and_18MV_same_field,linear_between_6MV_and_18MV_same_field,,,,/home/a/projects/particle-accelerator-shielding-simulator/geant4sim/GUI/geant4GUI/photon_neutron_bpe_app/photon_wall_simulation_core.py,9f2f53dab99971884f4a97bea897d6a0ebb61dd1d6a65daf7b634f589941222e,/home/a/projects/Radiation_Research/radiation_shielding/Radiation-Shielding-Research/results/phase1/source_models/source_library_snapshot/photon_wall_simulation_core__9f2f53dab9997188.py,9f2f53dab99971884f4a97bea897d6a0ebb61dd1d6a65daf7b634f589941222e,True
10.350000000000001,10.45,10.4,0.001066770960208435,0.001066770960208435,0.001066770960208435,PHOTON_NUMBER_PROBABILITY_MASS_PER_BIN,ENERGY_FLUENCE_MASS_PER_BIN,energy_fluence_mass_i = energy_center_MeV_i * probability_mass_bin_i,PROJECT_16MV_40x40,16MV_40x40_interpolated,linear_between_6MV_and_18MV_same_field,linear_between_6MV_and_18MV_same_field,,,,/home/a/projects/particle-accelerator-shielding-simulator/geant4sim/GUI/geant4GUI/photon_neutron_bpe_app/photon_wall_simulation_core.py,9f2f53dab99971884f4a97bea897d6a0ebb61dd1d6a65daf7b634f589941222e,/home/a/projects/Radiation_Research/radiation_shielding/Radiation-Shielding-Research/results/phase1/source_models/source_library_snapshot/photon_wall_simulation_core__9f2f53dab9997188.py,9f2f53dab99971884f4a97bea897d6a0ebb61dd1d6a65daf7b634f589941222e,True
10.45,10.55,10.5,0.0009369107327061132,0.0009369107327061132,0.0009369107327061132,PHOTON_NUMBER_PROBABILITY_MASS_PER_BIN,ENERGY_FLUENCE_MASS_PER_BIN,energy_fluence_mass_i = energy_center_MeV_i * probability_mass_bin_i,PROJECT_16MV_40x40,16MV_40x40_interpolated,linear_between_6MV_and_18MV_same_field,linear_between_6MV_and_18MV_same_field,,,,/home/a/projects/particle-accelerator-shielding-simulator/geant4sim/GUI/geant4GUI/photon_neutron_bpe_app/photon_wall_simulation_core.py,9f2f53dab99971884f4a97bea897d6a0ebb61dd1d6a65daf7b634f589941222e,/home/a/projects/Radiation_Research/radiation_shielding/Radiation-Shielding-Research/results/phase1/source_models/source_library_snapshot/photon_wall_simulation_core__9f2f53dab9997188.py,9f2f53dab99971884f4a97bea897d6a0ebb61dd1d6a65daf7b634f589941222e,True
10.55,10.649999999999999,10.6,0.0008185379402983827,0.0008185379402983827,0.0008185379402983827,PHOTON_NUMBER_PROBABILITY_MASS_PER_BIN,ENERGY_FLUENCE_MASS_PER_BIN,energy_fluence_mass_i = energy_center_MeV_i * probability_mass_bin_i,PROJECT_16MV_40x40,16MV_40x40_interpolated,linear_between_6MV_and_18MV_same_field,linear_between_6MV_and_18MV_same_field,,,,/home/a/projects/particle-accelerator-shielding-simulator/geant4sim/GUI/geant4GUI/photon_neutron_bpe_app/photon_wall_simulation_core.py,9f2f53dab99971884f4a97bea897d6a0ebb61dd1d6a65daf7b634f589941222e,/home/a/projects/Radiation_Research/radiation_shielding/Radiation-Shielding-Research/results/phase1/source_models/source_library_snapshot/photon_wall_simulation_core__9f2f53dab9997188.py,9f2f53dab99971884f4a97bea897d6a0ebb61dd1d6a65daf7b634f589941222e,True
10.649999999999999,10.75,10.7,0.0007143649610836115,0.0007143649610836115,0.0007143649610836115,PHOTON_NUMBER_PROBABILITY_MASS_PER_BIN,ENERGY_FLUENCE_MASS_PER_BIN,energy_fluence_mass_i = energy_center_MeV_i * probability_mass_bin_i,PROJECT_16MV_40x40,16MV_40x40_interpolated,linear_between_6MV_and_18MV_same_field,linear_between_6MV_and_18MV_same_field,,,,/home/a/projects/particle-accelerator-shielding-simulator/geant4sim/GUI/geant4GUI/photon_neutron_bpe_app/photon_wall_simulation_core.py,9f2f53dab99971884f4a97bea897d6a0ebb61dd1d6a65daf7b634f589941222e,/home/a/projects/Radiation_Research/radiation_shielding/Radiation-Shielding-Research/results/phase1/source_models/source_library_snapshot/photon_wall_simulation_core__9f2f53dab9997188.py,9f2f53dab99971884f4a97bea897d6a0ebb61dd1d6a65daf7b634f589941222e,True
10.75,10.850000000000001,10.8,0.0006239700318725799,0.0006239700318725799,0.0006239700318725799,PHOTON_NUMBER_PROBABILITY_MASS_PER_BIN,ENERGY_FLUENCE_MASS_PER_BIN,energy_fluence_mass_i = energy_center_MeV_i * probability_mass_bin_i,PROJECT_16MV_40x40,16MV_40x40_interpolated,linear_between_6MV_and_18MV_same_field,linear_between_6MV_and_18MV_same_field,,,,/home/a/projects/particle-accelerator-shielding-simulator/geant4sim/GUI/geant4GUI/photon_neutron_bpe_app/photon_wall_simulation_core.py,9f2f53dab99971884f4a97bea897d6a0ebb61dd1d6a65daf7b634f589941222e,/home/a/projects/Radiation_Research/radiation_shielding/Radiation-Shielding-Research/results/phase1/source_models/source_library_snapshot/photon_wall_simulation_core__9f2f53dab9997188.py,9f2f53dab99971884f4a97bea897d6a0ebb61dd1d6a65daf7b634f589941222e,True
10.850000000000001,10.95,10.9,0.0005441430937855703,0.0005441430937855703,0.0005441430937855703,PHOTON_NUMBER_PROBABILITY_MASS_PER_BIN,ENERGY_FLUENCE_MASS_PER_BIN,energy_fluence_mass_i = energy_center_MeV_i * probability_mass_bin_i,PROJECT_16MV_40x40,16MV_40x40_interpolated,linear_between_6MV_and_18MV_same_field,linear_between_6MV_and_18MV_same_field,,,,/home/a/projects/particle-accelerator-shielding-simulator/geant4sim/GUI/geant4GUI/photon_neutron_bpe_app/photon_wall_simulation_core.py,9f2f53dab99971884f4a97bea897d6a0ebb61dd1d6a65daf7b634f589941222e,/home/a/projects/Radiation_Research/radiation_shielding/Radiation-Shielding-Research/results/phase1/source_models/source_library_snapshot/photon_wall_simulation_core__9f2f53dab9997188.py,9f2f53dab99971884f4a97bea897d6a0ebb61dd1d6a65daf7b634f589941222e,True
10.95,11.05,11.0,0.0004730962960622788,0.0004730962960622788,0.0004730962960622788,PHOTON_NUMBER_PROBABILITY_MASS_PER_BIN,ENERGY_FLUENCE_MASS_PER_BIN,energy_fluence_mass_i = energy_center_MeV_i * probability_mass_bin_i,PROJECT_16MV_40x40,16MV_40x40_interpolated,linear_between_6MV_and_18MV_same_field,linear_between_6MV_and_18MV_same_field,,,,/home/a/projects/particle-accelerator-shielding-simulator/geant4sim/GUI/geant4GUI/photon_neutron_bpe_app/photon_wall_simulation_core.py,9f2f53dab99971884f4a97bea897d6a0ebb61dd1d6a65daf7b634f589941222e,/home/a/projects/Radiation_Research/radiation_shielding/Radiation-Shielding-Research/results/phase1/source_models/source_library_snapshot/photon_wall_simulation_core__9f2f53dab9997188.py,9f2f53dab99971884f4a97bea897d6a0ebb61dd1d6a65daf7b634f589941222e,True
11.05,11.149999999999999,11.1,0.0004113814732171668,0.0004113814732171668,0.0004113814732171668,PHOTON_NUMBER_PROBABILITY_MASS_PER_BIN,ENERGY_FLUENCE_MASS_PER_BIN,energy_fluence_mass_i = energy_center_MeV_i * probability_mass_bin_i,PROJECT_16MV_40x40,16MV_40x40_interpolated,linear_between_6MV_and_18MV_same_field,linear_between_6MV_and_18MV_same_field,,,,/home/a/projects/particle-accelerator-shielding-simulator/geant4sim/GUI/geant4GUI/photon_neutron_bpe_app/photon_wall_simulation_core.py,9f2f53dab99971884f4a97bea897d6a0ebb61dd1d6a65daf7b634f589941222e,/home/a/projects/Radiation_Research/radiation_shielding/Radiation-Shielding-Research/results/phase1/source_models/source_library_snapshot/photon_wall_simulation_core__9f2f53dab9997188.py,9f2f53dab99971884f4a97bea897d6a0ebb61dd1d6a65daf7b634f589941222e,True
11.149999999999999,11.25,11.2,0.00035890653861164274,0.00035890653861164274,0.00035890653861164274,PHOTON_NUMBER_PROBABILITY_MASS_PER_BIN,ENERGY_FLUENCE_MASS_PER_BIN,energy_fluence_mass_i = energy_center_MeV_i * probability_mass_bin_i,PROJECT_16MV_40x40,16MV_40x40_interpolated,linear_between_6MV_and_18MV_same_field,linear_between_6MV_and_18MV_same_field,,,,/home/a/projects/particle-accelerator-shielding-simulator/geant4sim/GUI/geant4GUI/photon_neutron_bpe_app/photon_wall_simulation_core.py,9f2f53dab99971884f4a97bea897d6a0ebb61dd1d6a65daf7b634f589941222e,/home/a/projects/Radiation_Research/radiation_shielding/Radiation-Shielding-Research/results/phase1/source_models/source_library_snapshot/photon_wall_simulation_core__9f2f53dab9997188.py,9f2f53dab99971884f4a97bea897d6a0ebb61dd1d6a65daf7b634f589941222e,True
11.25,11.350000000000001,11.3,0.00031517221013858634,0.00031517221013858634,0.00031517221013858634,PHOTON_NUMBER_PROBABILITY_MASS_PER_BIN,ENERGY_FLUENCE_MASS_PER_BIN,energy_fluence_mass_i = energy_center_MeV_i * probability_mass_bin_i,PROJECT_16MV_40x40,16MV_40x40_interpolated,linear_between_6MV_and_18MV_same_field,linear_between_6MV_and_18MV_same_field,,,,/home/a/projects/particle-accelerator-shielding-simulator/geant4sim/GUI/geant4GUI/photon_neutron_bpe_app/photon_wall_simulation_core.py,9f2f53dab99971884f4a97bea897d6a0ebb61dd1d6a65daf7b634f589941222e,/home/a/projects/Radiation_Research/radiation_shielding/Radiation-Shielding-Research/results/phase1/source_models/source_library_snapshot/photon_wall_simulation_core__9f2f53dab9997188.py,9f2f53dab99971884f4a97bea897d6a0ebb61dd1d6a65daf7b634f589941222e,True
11.350000000000001,11.45,11.4,0.00028048415738264577,0.00028048415738264577,0.00028048415738264577,PHOTON_NUMBER_PROBABILITY_MASS_PER_BIN,ENERGY_FLUENCE_MASS_PER_BIN,energy_fluence_mass_i = energy_center_MeV_i * probability_mass_bin_i,PROJECT_16MV_40x40,16MV_40x40_interpolated,linear_between_6MV_and_18MV_same_field,linear_between_6MV_and_18MV_same_field,,,,/home/a/projects/particle-accelerator-shielding-simulator/geant4sim/GUI/geant4GUI/photon_neutron_bpe_app/photon_wall_simulation_core.py,9f2f53dab99971884f4a97bea897d6a0ebb61dd1d6a65daf7b634f589941222e,/home/a/projects/Radiation_Research/radiation_shielding/Radiation-Shielding-Research/results/phase1/source_models/source_library_snapshot/photon_wall_simulation_core__9f2f53dab9997188.py,9f2f53dab99971884f4a97bea897d6a0ebb61dd1d6a65daf7b634f589941222e,True
11.45,11.55,11.5,0.0002517732730986722,0.0002517732730986722,0.0002517732730986722,PHOTON_NUMBER_PROBABILITY_MASS_PER_BIN,ENERGY_FLUENCE_MASS_PER_BIN,energy_fluence_mass_i = energy_center_MeV_i * probability_mass_bin_i,PROJECT_16MV_40x40,16MV_40x40_interpolated,linear_between_6MV_and_18MV_same_field,linear_between_6MV_and_18MV_same_field,,,,/home/a/projects/particle-accelerator-shielding-simulator/geant4sim/GUI/geant4GUI/photon_neutron_bpe_app/photon_wall_simulation_core.py,9f2f53dab99971884f4a97bea897d6a0ebb61dd1d6a65daf7b634f589941222e,/home/a/projects/Radiation_Research/radiation_shielding/Radiation-Shielding-Research/results/phase1/source_models/source_library_snapshot/photon_wall_simulation_core__9f2f53dab9997188.py,9f2f53dab99971884f4a97bea897d6a0ebb61dd1d6a65daf7b634f589941222e,True
11.55,11.649999999999999,11.6,0.0002262652385913859,0.0002262652385913859,0.0002262652385913859,PHOTON_NUMBER_PROBABILITY_MASS_PER_BIN,ENERGY_FLUENCE_MASS_PER_BIN,energy_fluence_mass_i = energy_center_MeV_i * probability_mass_bin_i,PROJECT_16MV_40x40,16MV_40x40_interpolated,linear_between_6MV_and_18MV_same_field,linear_between_6MV_and_18MV_same_field,,,,/home/a/projects/particle-accelerator-shielding-simulator/geant4sim/GUI/geant4GUI/photon_neutron_bpe_app/photon_wall_simulation_core.py,9f2f53dab99971884f4a97bea897d6a0ebb61dd1d6a65daf7b634f589941222e,/home/a/projects/Radiation_Research/radiation_shielding/Radiation-Shielding-Research/results/phase1/source_models/source_library_snapshot/photon_wall_simulation_core__9f2f53dab9997188.py,9f2f53dab99971884f4a97bea897d6a0ebb61dd1d6a65daf7b634f589941222e,True
11.649999999999999,11.75,11.7,0.00020205556596921393,0.00020205556596921393,0.00020205556596921393,PHOTON_NUMBER_PROBABILITY_MASS_PER_BIN,ENERGY_FLUENCE_MASS_PER_BIN,energy_fluence_mass_i = energy_center_MeV_i * probability_mass_bin_i,PROJECT_16MV_40x40,16MV_40x40_interpolated,linear_between_6MV_and_18MV_same_field,linear_between_6MV_and_18MV_same_field,,,,/home/a/projects/particle-accelerator-shielding-simulator/geant4sim/GUI/geant4GUI/photon_neutron_bpe_app/photon_wall_simulation_core.py,9f2f53dab99971884f4a97bea897d6a0ebb61dd1d6a65daf7b634f589941222e,/home/a/projects/Radiation_Research/radiation_shielding/Radiation-Shielding-Research/results/phase1/source_models/source_library_snapshot/photon_wall_simulation_core__9f2f53dab9997188.py,9f2f53dab99971884f4a97bea897d6a0ebb61dd1d6a65daf7b634f589941222e,True
11.75,11.850000000000001,11.8,0.00017795327638425975,0.00017795327638425975,0.00017795327638425975,PHOTON_NUMBER_PROBABILITY_MASS_PER_BIN,ENERGY_FLUENCE_MASS_PER_BIN,energy_fluence_mass_i = energy_center_MeV_i * probability_mass_bin_i,PROJECT_16MV_40x40,16MV_40x40_interpolated,linear_between_6MV_and_18MV_same_field,linear_between_6MV_and_18MV_same_field,,,,/home/a/projects/particle-accelerator-shielding-simulator/geant4sim/GUI/geant4GUI/photon_neutron_bpe_app/photon_wall_simulation_core.py,9f2f53dab99971884f4a97bea897d6a0ebb61dd1d6a65daf7b634f589941222e,/home/a/projects/Radiation_Research/radiation_shielding/Radiation-Shielding-Research/results/phase1/source_models/source_library_snapshot/photon_wall_simulation_core__9f2f53dab9997188.py,9f2f53dab99971884f4a97bea897d6a0ebb61dd1d6a65daf7b634f589941222e,True
11.850000000000001,11.95,11.9,0.00015375450124430716,0.00015375450124430716,0.00015375450124430716,PHOTON_NUMBER_PROBABILITY_MASS_PER_BIN,ENERGY_FLUENCE_MASS_PER_BIN,energy_fluence_mass_i = energy_center_MeV_i * probability_mass_bin_i,PROJECT_16MV_40x40,16MV_40x40_interpolated,linear_between_6MV_and_18MV_same_field,linear_between_6MV_and_18MV_same_field,,,,/home/a/projects/particle-accelerator-shielding-simulator/geant4sim/GUI/geant4GUI/photon_neutron_bpe_app/photon_wall_simulation_core.py,9f2f53dab99971884f4a97bea897d6a0ebb61dd1d6a65daf7b634f589941222e,/home/a/projects/Radiation_Research/radiation_shielding/Radiation-Shielding-Research/results/phase1/source_models/source_library_snapshot/photon_wall_simulation_core__9f2f53dab9997188.py,9f2f53dab99971884f4a97bea897d6a0ebb61dd1d6a65daf7b634f589941222e,True
11.95,12.05,12.0,0.00013022478270927876,0.00013022478270927876,0.00013022478270927876,PHOTON_NUMBER_PROBABILITY_MASS_PER_BIN,ENERGY_FLUENCE_MASS_PER_BIN,energy_fluence_mass_i = energy_center_MeV_i * probability_mass_bin_i,PROJECT_16MV_40x40,16MV_40x40_interpolated,linear_between_6MV_and_18MV_same_field,linear_between_6MV_and_18MV_same_field,,,,/home/a/projects/particle-accelerator-shielding-simulator/geant4sim/GUI/geant4GUI/photon_neutron_bpe_app/photon_wall_simulation_core.py,9f2f53dab99971884f4a97bea897d6a0ebb61dd1d6a65daf7b634f589941222e,/home/a/projects/Radiation_Research/radiation_shielding/Radiation-Shielding-Research/results/phase1/source_models/source_library_snapshot/photon_wall_simulation_core__9f2f53dab9997188.py,9f2f53dab99971884f4a97bea897d6a0ebb61dd1d6a65daf7b634f589941222e,True
12.05,12.149999999999999,12.1,0.00010824001719229824,0.00010824001719229824,0.00010824001719229824,PHOTON_NUMBER_PROBABILITY_MASS_PER_BIN,ENERGY_FLUENCE_MASS_PER_BIN,energy_fluence_mass_i = energy_center_MeV_i * probability_mass_bin_i,PROJECT_16MV_40x40,16MV_40x40_interpolated,linear_between_6MV_and_18MV_same_field,linear_between_6MV_and_18MV_same_field,,,,/home/a/projects/particle-accelerator-shielding-simulator/geant4sim/GUI/geant4GUI/photon_neutron_bpe_app/photon_wall_simulation_core.py,9f2f53dab99971884f4a97bea897d6a0ebb61dd1d6a65daf7b634f589941222e,/home/a/projects/Radiation_Research/radiation_shielding/Radiation-Shielding-Research/results/phase1/source_models/source_library_snapshot/photon_wall_simulation_core__9f2f53dab9997188.py,9f2f53dab99971884f4a97bea897d6a0ebb61dd1d6a65daf7b634f589941222e,True
12.149999999999999,12.25,12.2,8.838372687852938e-05,8.838372687852938e-05,8.838372687852938e-05,PHOTON_NUMBER_PROBABILITY_MASS_PER_BIN,ENERGY_FLUENCE_MASS_PER_BIN,energy_fluence_mass_i = energy_center_MeV_i * probability_mass_bin_i,PROJECT_16MV_40x40,16MV_40x40_interpolated,linear_between_6MV_and_18MV_same_field,linear_between_6MV_and_18MV_same_field,,,,/home/a/projects/particle-accelerator-shielding-simulator/geant4sim/GUI/geant4GUI/photon_neutron_bpe_app/photon_wall_simulation_core.py,9f2f53dab99971884f4a97bea897d6a0ebb61dd1d6a65daf7b634f589941222e,/home/a/projects/Radiation_Research/radiation_shielding/Radiation-Shielding-Research/results/phase1/source_models/source_library_snapshot/photon_wall_simulation_core__9f2f53dab9997188.py,9f2f53dab99971884f4a97bea897d6a0ebb61dd1d6a65daf7b634f589941222e,True
12.25,12.350000000000001,12.3,7.097580077417694e-05,7.097580077417694e-05,7.097580077417694e-05,PHOTON_NUMBER_PROBABILITY_MASS_PER_BIN,ENERGY_FLUENCE_MASS_PER_BIN,energy_fluence_mass_i = energy_center_MeV_i * probability_mass_bin_i,PROJECT_16MV_40x40,16MV_40x40_interpolated,linear_between_6MV_and_18MV_same_field,linear_between_6MV_and_18MV_same_field,,,,/home/a/projects/particle-accelerator-shielding-simulator/geant4sim/GUI/geant4GUI/photon_neutron_bpe_app/photon_wall_simulation_core.py,9f2f53dab99971884f4a97bea897d6a0ebb61dd1d6a65daf7b634f589941222e,/home/a/projects/Radiation_Research/radiation_shielding/Radiation-Shielding-Research/results/phase1/source_models/source_library_snapshot/photon_wall_simulation_core__9f2f53dab9997188.py,9f2f53dab99971884f4a97bea897d6a0ebb61dd1d6a65daf7b634f589941222e,True
12.350000000000001,12.45,12.4,5.529994921416917e-05,5.529994921416917e-05,5.529994921416917e-05,PHOTON_NUMBER_PROBABILITY_MASS_PER_BIN,ENERGY_FLUENCE_MASS_PER_BIN,energy_fluence_mass_i = energy_center_MeV_i * probability_mass_bin_i,PROJECT_16MV_40x40,16MV_40x40_interpolated,linear_between_6MV_and_18MV_same_field,linear_between_6MV_and_18MV_same_field,,,,/home/a/projects/particle-accelerator-shielding-simulator/geant4sim/GUI/geant4GUI/photon_neutron_bpe_app/photon_wall_simulation_core.py,9f2f53dab99971884f4a97bea897d6a0ebb61dd1d6a65daf7b634f589941222e,/home/a/projects/Radiation_Research/radiation_shielding/Radiation-Shielding-Research/results/phase1/source_models/source_library_snapshot/photon_wall_simulation_core__9f2f53dab9997188.py,9f2f53dab99971884f4a97bea897d6a0ebb61dd1d6a65daf7b634f589941222e,True
12.45,12.55,12.5,4.030891087723048e-05,4.030891087723048e-05,4.030891087723048e-05,PHOTON_NUMBER_PROBABILITY_MASS_PER_BIN,ENERGY_FLUENCE_MASS_PER_BIN,energy_fluence_mass_i = energy_center_MeV_i * probability_mass_bin_i,PROJECT_16MV_40x40,16MV_40x40_interpolated,linear_between_6MV_and_18MV_same_field,linear_between_6MV_and_18MV_same_field,,,,/home/a/projects/particle-accelerator-shielding-simulator/geant4sim/GUI/geant4GUI/photon_neutron_bpe_app/photon_wall_simulation_core.py,9f2f53dab99971884f4a97bea897d6a0ebb61dd1d6a65daf7b634f589941222e,/home/a/projects/Radiation_Research/radiation_shielding/Radiation-Shielding-Research/results/phase1/source_models/source_library_snapshot/photon_wall_simulation_core__9f2f53dab9997188.py,9f2f53dab99971884f4a97bea897d6a0ebb61dd1d6a65daf7b634f589941222e,True
12.55,12.649999999999999,12.6,2.7591420265171128e-05,2.7591420265171128e-05,2.7591420265171128e-05,PHOTON_NUMBER_PROBABILITY_MASS_PER_BIN,ENERGY_FLUENCE_MASS_PER_BIN,energy_fluence_mass_i = energy_center_MeV_i * probability_mass_bin_i,PROJECT_16MV_40x40,16MV_40x40_interpolated,linear_between_6MV_and_18MV_same_field,linear_between_6MV_and_18MV_same_field,,,,/home/a/projects/particle-accelerator-shielding-simulator/geant4sim/GUI/geant4GUI/photon_neutron_bpe_app/photon_wall_simulation_core.py,9f2f53dab99971884f4a97bea897d6a0ebb61dd1d6a65daf7b634f589941222e,/home/a/projects/Radiation_Research/radiation_shielding/Radiation-Shielding-Research/results/phase1/source_models/source_library_snapshot/photon_wall_simulation_core__9f2f53dab9997188.py,9f2f53dab99971884f4a97bea897d6a0ebb61dd1d6a65daf7b634f589941222e,True
12.649999999999999,12.75,12.7,1.88488762491177e-05,1.88488762491177e-05,1.88488762491177e-05,PHOTON_NUMBER_PROBABILITY_MASS_PER_BIN,ENERGY_FLUENCE_MASS_PER_BIN,energy_fluence_mass_i = energy_center_MeV_i * probability_mass_bin_i,PROJECT_16MV_40x40,16MV_40x40_interpolated,linear_between_6MV_and_18MV_same_field,linear_between_6MV_and_18MV_same_field,,,,/home/a/projects/particle-accelerator-shielding-simulator/geant4sim/GUI/geant4GUI/photon_neutron_bpe_app/photon_wall_simulation_core.py,9f2f53dab99971884f4a97bea897d6a0ebb61dd1d6a65daf7b634f589941222e,/home/a/projects/Radiation_Research/radiation_shielding/Radiation-Shielding-Research/results/phase1/source_models/source_library_snapshot/photon_wall_simulation_core__9f2f53dab9997188.py,9f2f53dab99971884f4a97bea897d6a0ebb61dd1d6a65daf7b634f589941222e,True
12.75,12.850000000000001,12.8,1.3407935175417989e-05,1.3407935175417989e-05,1.3407935175417989e-05,PHOTON_NUMBER_PROBABILITY_MASS_PER_BIN,ENERGY_FLUENCE_MASS_PER_BIN,energy_fluence_mass_i = energy_center_MeV_i * probability_mass_bin_i,PROJECT_16MV_40x40,16MV_40x40_interpolated,linear_between_6MV_and_18MV_same_field,linear_between_6MV_and_18MV_same_field,,,,/home/a/projects/particle-accelerator-shielding-simulator/geant4sim/GUI/geant4GUI/photon_neutron_bpe_app/photon_wall_simulation_core.py,9f2f53dab99971884f4a97bea897d6a0ebb61dd1d6a65daf7b634f589941222e,/home/a/projects/Radiation_Research/radiation_shielding/Radiation-Shielding-Research/results/phase1/source_models/source_library_snapshot/photon_wall_simulation_core__9f2f53dab9997188.py,9f2f53dab99971884f4a97bea897d6a0ebb61dd1d6a65daf7b634f589941222e,True
12.850000000000001,12.95,12.9,1.0983717762230456e-05,1.0983717762230456e-05,1.0983717762230456e-05,PHOTON_NUMBER_PROBABILITY_MASS_PER_BIN,ENERGY_FLUENCE_MASS_PER_BIN,energy_fluence_mass_i = energy_center_MeV_i * probability_mass_bin_i,PROJECT_16MV_40x40,16MV_40x40_interpolated,linear_between_6MV_and_18MV_same_field,linear_between_6MV_and_18MV_same_field,,,,/home/a/projects/particle-accelerator-shielding-simulator/geant4sim/GUI/geant4GUI/photon_neutron_bpe_app/photon_wall_simulation_core.py,9f2f53dab99971884f4a97bea897d6a0ebb61dd1d6a65daf7b634f589941222e,/home/a/projects/Radiation_Research/radiation_shielding/Radiation-Shielding-Research/results/phase1/source_models/source_library_snapshot/photon_wall_simulation_core__9f2f53dab9997188.py,9f2f53dab99971884f4a97bea897d6a0ebb61dd1d6a65daf7b634f589941222e,True
12.95,13.05,13.0,9.976657822475478e-06,9.976657822475478e-06,9.976657822475478e-06,PHOTON_NUMBER_PROBABILITY_MASS_PER_BIN,ENERGY_FLUENCE_MASS_PER_BIN,energy_fluence_mass_i = energy_center_MeV_i * probability_mass_bin_i,PROJECT_16MV_40x40,16MV_40x40_interpolated,linear_between_6MV_and_18MV_same_field,linear_between_6MV_and_18MV_same_field,,,,/home/a/projects/particle-accelerator-shielding-simulator/geant4sim/GUI/geant4GUI/photon_neutron_bpe_app/photon_wall_simulation_core.py,9f2f53dab99971884f4a97bea897d6a0ebb61dd1d6a65daf7b634f589941222e,/home/a/projects/Radiation_Research/radiation_shielding/Radiation-Shielding-Research/results/phase1/source_models/source_library_snapshot/photon_wall_simulation_core__9f2f53dab9997188.py,9f2f53dab99971884f4a97bea897d6a0ebb61dd1d6a65daf7b634f589941222e,True
13.05,13.149999999999999,13.1,9.19590017085523e-06,9.19590017085523e-06,9.19590017085523e-06,PHOTON_NUMBER_PROBABILITY_MASS_PER_BIN,ENERGY_FLUENCE_MASS_PER_BIN,energy_fluence_mass_i = energy_center_MeV_i * probability_mass_bin_i,PROJECT_16MV_40x40,16MV_40x40_interpolated,linear_between_6MV_and_18MV_same_field,linear_between_6MV_and_18MV_same_field,,,,/home/a/projects/particle-accelerator-shielding-simulator/geant4sim/GUI/geant4GUI/photon_neutron_bpe_app/photon_wall_simulation_core.py,9f2f53dab99971884f4a97bea897d6a0ebb61dd1d6a65daf7b634f589941222e,/home/a/projects/Radiation_Research/radiation_shielding/Radiation-Shielding-Research/results/phase1/source_models/source_library_snapshot/photon_wall_simulation_core__9f2f53dab9997188.py,9f2f53dab99971884f4a97bea897d6a0ebb61dd1d6a65daf7b634f589941222e,True
13.149999999999999,13.25,13.2,8.530526081876385e-06,8.530526081876385e-06,8.530526081876385e-06,PHOTON_NUMBER_PROBABILITY_MASS_PER_BIN,ENERGY_FLUENCE_MASS_PER_BIN,energy_fluence_mass_i = energy_center_MeV_i * probability_mass_bin_i,PROJECT_16MV_40x40,16MV_40x40_interpolated,linear_between_6MV_and_18MV_same_field,linear_between_6MV_and_18MV_same_field,,,,/home/a/projects/particle-accelerator-shielding-simulator/geant4sim/GUI/geant4GUI/photon_neutron_bpe_app/photon_wall_simulation_core.py,9f2f53dab99971884f4a97bea897d6a0ebb61dd1d6a65daf7b634f589941222e,/home/a/projects/Radiation_Research/radiation_shielding/Radiation-Shielding-Research/results/phase1/source_models/source_library_snapshot/photon_wall_simulation_core__9f2f53dab9997188.py,9f2f53dab99971884f4a97bea897d6a0ebb61dd1d6a65daf7b634f589941222e,True
13.25,13.350000000000001,13.3,7.89744135840053e-06,7.89744135840053e-06,7.89744135840053e-06,PHOTON_NUMBER_PROBABILITY_MASS_PER_BIN,ENERGY_FLUENCE_MASS_PER_BIN,energy_fluence_mass_i = energy_center_MeV_i * probability_mass_bin_i,PROJECT_16MV_40x40,16MV_40x40_interpolated,linear_between_6MV_and_18MV_same_field,linear_between_6MV_and_18MV_same_field,,,,/home/a/projects/particle-accelerator-shielding-simulator/geant4sim/GUI/geant4GUI/photon_neutron_bpe_app/photon_wall_simulation_core.py,9f2f53dab99971884f4a97bea897d6a0ebb61dd1d6a65daf7b634f589941222e,/home/a/projects/Radiation_Research/radiation_shielding/Radiation-Shielding-Research/results/phase1/source_models/source_library_snapshot/photon_wall_simulation_core__9f2f53dab9997188.py,9f2f53dab99971884f4a97bea897d6a0ebb61dd1d6a65daf7b634f589941222e,True
13.350000000000001,13.45,13.4,7.235706923548875e-06,7.235706923548875e-06,7.235706923548875e-06,PHOTON_NUMBER_PROBABILITY_MASS_PER_BIN,ENERGY_FLUENCE_MASS_PER_BIN,energy_fluence_mass_i = energy_center_MeV_i * probability_mass_bin_i,PROJECT_16MV_40x40,16MV_40x40_interpolated,linear_between_6MV_and_18MV_same_field,linear_between_6MV_and_18MV_same_field,,,,/home/a/projects/particle-accelerator-shielding-simulator/geant4sim/GUI/geant4GUI/photon_neutron_bpe_app/photon_wall_simulation_core.py,9f2f53dab99971884f4a97bea897d6a0ebb61dd1d6a65daf7b634f589941222e,/home/a/projects/Radiation_Research/radiation_shielding/Radiation-Shielding-Research/results/phase1/source_models/source_library_snapshot/photon_wall_simulation_core__9f2f53dab9997188.py,9f2f53dab99971884f4a97bea897d6a0ebb61dd1d6a65daf7b634f589941222e,True
13.45,13.55,13.5,6.519549482710712e-06,6.519549482710712e-06,6.519549482710712e-06,PHOTON_NUMBER_PROBABILITY_MASS_PER_BIN,ENERGY_FLUENCE_MASS_PER_BIN,energy_fluence_mass_i = energy_center_MeV_i * probability_mass_bin_i,PROJECT_16MV_40x40,16MV_40x40_interpolated,linear_between_6MV_and_18MV_same_field,linear_between_6MV_and_18MV_same_field,,,,/home/a/projects/particle-accelerator-shielding-simulator/geant4sim/GUI/geant4GUI/photon_neutron_bpe_app/photon_wall_simulation_core.py,9f2f53dab99971884f4a97bea897d6a0ebb61dd1d6a65daf7b634f589941222e,/home/a/projects/Radiation_Research/radiation_shielding/Radiation-Shielding-Research/results/phase1/source_models/source_library_snapshot/photon_wall_simulation_core__9f2f53dab9997188.py,9f2f53dab99971884f4a97bea897d6a0ebb61dd1d6a65daf7b634f589941222e,True
13.55,13.649999999999999,13.6,5.778414396828862e-06,5.778414396828862e-06,5.778414396828862e-06,PHOTON_NUMBER_PROBABILITY_MASS_PER_BIN,ENERGY_FLUENCE_MASS_PER_BIN,energy_fluence_mass_i = energy_center_MeV_i * probability_mass_bin_i,PROJECT_16MV_40x40,16MV_40x40_interpolated,linear_between_6MV_and_18MV_same_field,linear_between_6MV_and_18MV_same_field,,,,/home/a/projects/particle-accelerator-shielding-simulator/geant4sim/GUI/geant4GUI/photon_neutron_bpe_app/photon_wall_simulation_core.py,9f2f53dab99971884f4a97bea897d6a0ebb61dd1d6a65daf7b634f589941222e,/home/a/projects/Radiation_Research/radiation_shielding/Radiation-Shielding-Research/results/phase1/source_models/source_library_snapshot/photon_wall_simulation_core__9f2f53dab9997188.py,9f2f53dab99971884f4a97bea897d6a0ebb61dd1d6a65daf7b634f589941222e,True
13.649999999999999,13.75,13.7,5.0592340852855895e-06,5.0592340852855895e-06,5.0592340852855895e-06,PHOTON_NUMBER_PROBABILITY_MASS_PER_BIN,ENERGY_FLUENCE_MASS_PER_BIN,energy_fluence_mass_i = energy_center_MeV_i * probability_mass_bin_i,PROJECT_16MV_40x40,16MV_40x40_interpolated,linear_between_6MV_and_18MV_same_field,linear_between_6MV_and_18MV_same_field,,,,/home/a/projects/particle-accelerator-shielding-simulator/geant4sim/GUI/geant4GUI/photon_neutron_bpe_app/photon_wall_simulation_core.py,9f2f53dab99971884f4a97bea897d6a0ebb61dd1d6a65daf7b634f589941222e,/home/a/projects/Radiation_Research/radiation_shielding/Radiation-Shielding-Research/results/phase1/source_models/source_library_snapshot/photon_wall_simulation_core__9f2f53dab9997188.py,9f2f53dab99971884f4a97bea897d6a0ebb61dd1d6a65daf7b634f589941222e,True
13.75,13.850000000000001,13.8,4.397569988525741e-06,4.397569988525741e-06,4.397569988525741e-06,PHOTON_NUMBER_PROBABILITY_MASS_PER_BIN,ENERGY_FLUENCE_MASS_PER_BIN,energy_fluence_mass_i = energy_center_MeV_i * probability_mass_bin_i,PROJECT_16MV_40x40,16MV_40x40_interpolated,linear_between_6MV_and_18MV_same_field,linear_between_6MV_and_18MV_same_field,,,,/home/a/projects/particle-accelerator-shielding-simulator/geant4sim/GUI/geant4GUI/photon_neutron_bpe_app/photon_wall_simulation_core.py,9f2f53dab99971884f4a97bea897d6a0ebb61dd1d6a65daf7b634f589941222e,/home/a/projects/Radiation_Research/radiation_shielding/Radiation-Shielding-Research/results/phase1/source_models/source_library_snapshot/photon_wall_simulation_core__9f2f53dab9997188.py,9f2f53dab99971884f4a97bea897d6a0ebb61dd1d6a65daf7b634f589941222e,True
13.850000000000001,13.95,13.9,3.842265736668731e-06,3.842265736668731e-06,3.842265736668731e-06,PHOTON_NUMBER_PROBABILITY_MASS_PER_BIN,ENERGY_FLUENCE_MASS_PER_BIN,energy_fluence_mass_i = energy_center_MeV_i * probability_mass_bin_i,PROJECT_16MV_40x40,16MV_40x40_interpolated,linear_between_6MV_and_18MV_same_field,linear_between_6MV_and_18MV_same_field,,,,/home/a/projects/particle-accelerator-shielding-simulator/geant4sim/GUI/geant4GUI/photon_neutron_bpe_app/photon_wall_simulation_core.py,9f2f53dab99971884f4a97bea897d6a0ebb61dd1d6a65daf7b634f589941222e,/home/a/projects/Radiation_Research/radiation_shielding/Radiation-Shielding-Research/results/phase1/source_models/source_library_snapshot/photon_wall_simulation_core__9f2f53dab9997188.py,9f2f53dab99971884f4a97bea897d6a0ebb61dd1d6a65daf7b634f589941222e,True
13.95,14.05,14.0,3.403781500952776e-06,3.403781500952776e-06,3.403781500952776e-06,PHOTON_NUMBER_PROBABILITY_MASS_PER_BIN,ENERGY_FLUENCE_MASS_PER_BIN,energy_fluence_mass_i = energy_center_MeV_i * probability_mass_bin_i,PROJECT_16MV_40x40,16MV_40x40_interpolated,linear_between_6MV_and_18MV_same_field,linear_between_6MV_and_18MV_same_field,,,,/home/a/projects/particle-accelerator-shielding-simulator/geant4sim/GUI/geant4GUI/photon_neutron_bpe_app/photon_wall_simulation_core.py,9f2f53dab99971884f4a97bea897d6a0ebb61dd1d6a65daf7b634f589941222e,/home/a/projects/Radiation_Research/radiation_shielding/Radiation-Shielding-Research/results/phase1/source_models/source_library_snapshot/photon_wall_simulation_core__9f2f53dab9997188.py,9f2f53dab99971884f4a97bea897d6a0ebb61dd1d6a65daf7b634f589941222e,True
14.05,14.149999999999999,14.1,3.0143500241547854e-06,3.0143500241547854e-06,3.0143500241547854e-06,PHOTON_NUMBER_PROBABILITY_MASS_PER_BIN,ENERGY_FLUENCE_MASS_PER_BIN,energy_fluence_mass_i = energy_center_MeV_i * probability_mass_bin_i,PROJECT_16MV_40x40,16MV_40x40_interpolated,linear_between_6MV_and_18MV_same_field,linear_between_6MV_and_18MV_same_field,,,,/home/a/projects/particle-accelerator-shielding-simulator/geant4sim/GUI/geant4GUI/photon_neutron_bpe_app/photon_wall_simulation_core.py,9f2f53dab99971884f4a97bea897d6a0ebb61dd1d6a65daf7b634f589941222e,/home/a/projects/Radiation_Research/radiation_shielding/Radiation-Shielding-Research/results/phase1/source_models/source_library_snapshot/photon_wall_simulation_core__9f2f53dab9997188.py,9f2f53dab99971884f4a97bea897d6a0ebb61dd1d6a65daf7b634f589941222e,True
14.149999999999999,14.25,14.2,2.6625957491039024e-06,2.6625957491039024e-06,2.6625957491039024e-06,PHOTON_NUMBER_PROBABILITY_MASS_PER_BIN,ENERGY_FLUENCE_MASS_PER_BIN,energy_fluence_mass_i = energy_center_MeV_i * probability_mass_bin_i,PROJECT_16MV_40x40,16MV_40x40_interpolated,linear_between_6MV_and_18MV_same_field,linear_between_6MV_and_18MV_same_field,,,,/home/a/projects/particle-accelerator-shielding-simulator/geant4sim/GUI/geant4GUI/photon_neutron_bpe_app/photon_wall_simulation_core.py,9f2f53dab99971884f4a97bea897d6a0ebb61dd1d6a65daf7b634f589941222e,/home/a/projects/Radiation_Research/radiation_shielding/Radiation-Shielding-Research/results/phase1/source_models/source_library_snapshot/photon_wall_simulation_core__9f2f53dab9997188.py,9f2f53dab99971884f4a97bea897d6a0ebb61dd1d6a65daf7b634f589941222e,True
14.25,14.350000000000001,14.3,2.3498544537795032e-06,2.3498544537795032e-06,2.3498544537795032e-06,PHOTON_NUMBER_PROBABILITY_MASS_PER_BIN,ENERGY_FLUENCE_MASS_PER_BIN,energy_fluence_mass_i = energy_center_MeV_i * probability_mass_bin_i,PROJECT_16MV_40x40,16MV_40x40_interpolated,linear_between_6MV_and_18MV_same_field,linear_between_6MV_and_18MV_same_field,,,,/home/a/projects/particle-accelerator-shielding-simulator/geant4sim/GUI/geant4GUI/photon_neutron_bpe_app/photon_wall_simulation_core.py,9f2f53dab99971884f4a97bea897d6a0ebb61dd1d6a65daf7b634f589941222e,/home/a/projects/Radiation_Research/radiation_shielding/Radiation-Shielding-Research/results/phase1/source_models/source_library_snapshot/photon_wall_simulation_core__9f2f53dab9997188.py,9f2f53dab99971884f4a97bea897d6a0ebb61dd1d6a65daf7b634f589941222e,True
14.350000000000001,14.45,14.4,2.075636042503459e-06,2.075636042503459e-06,2.075636042503459e-06,PHOTON_NUMBER_PROBABILITY_MASS_PER_BIN,ENERGY_FLUENCE_MASS_PER_BIN,energy_fluence_mass_i = energy_center_MeV_i * probability_mass_bin_i,PROJECT_16MV_40x40,16MV_40x40_interpolated,linear_between_6MV_and_18MV_same_field,linear_between_6MV_and_18MV_same_field,,,,/home/a/projects/particle-accelerator-shielding-simulator/geant4sim/GUI/geant4GUI/photon_neutron_bpe_app/photon_wall_simulation_core.py,9f2f53dab99971884f4a97bea897d6a0ebb61dd1d6a65daf7b634f589941222e,/home/a/projects/Radiation_Research/radiation_shielding/Radiation-Shielding-Research/results/phase1/source_models/source_library_snapshot/photon_wall_simulation_core__9f2f53dab9997188.py,9f2f53dab99971884f4a97bea897d6a0ebb61dd1d6a65daf7b634f589941222e,True
14.45,14.55,14.5,1.838190483300895e-06,1.838190483300895e-06,1.838190483300895e-06,PHOTON_NUMBER_PROBABILITY_MASS_PER_BIN,ENERGY_FLUENCE_MASS_PER_BIN,energy_fluence_mass_i = energy_center_MeV_i * probability_mass_bin_i,PROJECT_16MV_40x40,16MV_40x40_interpolated,linear_between_6MV_and_18MV_same_field,linear_between_6MV_and_18MV_same_field,,,,/home/a/projects/particle-accelerator-shielding-simulator/geant4sim/GUI/geant4GUI/photon_neutron_bpe_app/photon_wall_simulation_core.py,9f2f53dab99971884f4a97bea897d6a0ebb61dd1d6a65daf7b634f589941222e,/home/a/projects/Radiation_Research/radiation_shielding/Radiation-Shielding-Research/results/phase1/source_models/source_library_snapshot/photon_wall_simulation_core__9f2f53dab9997188.py,9f2f53dab99971884f4a97bea897d6a0ebb61dd1d6a65daf7b634f589941222e,True
14.55,14.649999999999999,14.6,1.635616027994549e-06,1.635616027994549e-06,1.635616027994549e-06,PHOTON_NUMBER_PROBABILITY_MASS_PER_BIN,ENERGY_FLUENCE_MASS_PER_BIN,energy_fluence_mass_i = energy_center_MeV_i * probability_mass_bin_i,PROJECT_16MV_40x40,16MV_40x40_interpolated,linear_between_6MV_and_18MV_same_field,linear_between_6MV_and_18MV_same_field,,,,/home/a/projects/particle-accelerator-shielding-simulator/geant4sim/GUI/geant4GUI/photon_neutron_bpe_app/photon_wall_simulation_core.py,9f2f53dab99971884f4a97bea897d6a0ebb61dd1d6a65daf7b634f589941222e,/home/a/projects/Radiation_Research/radiation_shielding/Radiation-Shielding-Research/results/phase1/source_models/source_library_snapshot/photon_wall_simulation_core__9f2f53dab9997188.py,9f2f53dab99971884f4a97bea897d6a0ebb61dd1d6a65daf7b634f589941222e,True
14.649999999999999,14.75,14.7,1.4589732279403685e-06,1.4589732279403685e-06,1.4589732279403685e-06,PHOTON_NUMBER_PROBABILITY_MASS_PER_BIN,ENERGY_FLUENCE_MASS_PER_BIN,energy_fluence_mass_i = energy_center_MeV_i * probability_mass_bin_i,PROJECT_16MV_40x40,16MV_40x40_interpolated,linear_between_6MV_and_18MV_same_field,linear_between_6MV_and_18MV_same_field,,,,/home/a/projects/particle-accelerator-shielding-simulator/geant4sim/GUI/geant4GUI/photon_neutron_bpe_app/photon_wall_simulation_core.py,9f2f53dab99971884f4a97bea897d6a0ebb61dd1d6a65daf7b634f589941222e,/home/a/projects/Radiation_Research/radiation_shielding/Radiation-Shielding-Research/results/phase1/source_models/source_library_snapshot/photon_wall_simulation_core__9f2f53dab9997188.py,9f2f53dab99971884f4a97bea897d6a0ebb61dd1d6a65daf7b634f589941222e,True
14.75,14.850000000000001,14.8,1.3035187487500758e-06,1.3035187487500758e-06,1.3035187487500758e-06,PHOTON_NUMBER_PROBABILITY_MASS_PER_BIN,ENERGY_FLUENCE_MASS_PER_BIN,energy_fluence_mass_i = energy_center_MeV_i * probability_mass_bin_i,PROJECT_16MV_40x40,16MV_40x40_interpolated,linear_between_6MV_and_18MV_same_field,linear_between_6MV_and_18MV_same_field,,,,/home/a/projects/particle-accelerator-shielding-simulator/geant4sim/GUI/geant4GUI/photon_neutron_bpe_app/photon_wall_simulation_core.py,9f2f53dab99971884f4a97bea897d6a0ebb61dd1d6a65daf7b634f589941222e,/home/a/projects/Radiation_Research/radiation_shielding/Radiation-Shielding-Research/results/phase1/source_models/source_library_snapshot/photon_wall_simulation_core__9f2f53dab9997188.py,9f2f53dab99971884f4a97bea897d6a0ebb61dd1d6a65daf7b634f589941222e,True
14.850000000000001,14.95,14.9,1.1655104975313922e-06,1.1655104975313922e-06,1.1655104975313922e-06,PHOTON_NUMBER_PROBABILITY_MASS_PER_BIN,ENERGY_FLUENCE_MASS_PER_BIN,energy_fluence_mass_i = energy_center_MeV_i * probability_mass_bin_i,PROJECT_16MV_40x40,16MV_40x40_interpolated,linear_between_6MV_and_18MV_same_field,linear_between_6MV_and_18MV_same_field,,,,/home/a/projects/particle-accelerator-shielding-simulator/geant4sim/GUI/geant4GUI/photon_neutron_bpe_app/photon_wall_simulation_core.py,9f2f53dab99971884f4a97bea897d6a0ebb61dd1d6a65daf7b634f589941222e,/home/a/projects/Radiation_Research/radiation_shielding/Radiation-Shielding-Research/results/phase1/source_models/source_library_snapshot/photon_wall_simulation_core__9f2f53dab9997188.py,9f2f53dab99971884f4a97bea897d6a0ebb61dd1d6a65daf7b634f589941222e,True
14.95,15.05,15.0,9.987360968505904e-07,9.987360968505904e-07,9.987360968505904e-07,PHOTON_NUMBER_PROBABILITY_MASS_PER_BIN,ENERGY_FLUENCE_MASS_PER_BIN,energy_fluence_mass_i = energy_center_MeV_i * probability_mass_bin_i,PROJECT_16MV_40x40,16MV_40x40_interpolated,linear_between_6MV_and_18MV_same_field,linear_between_6MV_and_18MV_same_field,,,,/home/a/projects/particle-accelerator-shielding-simulator/geant4sim/GUI/geant4GUI/photon_neutron_bpe_app/photon_wall_simulation_core.py,9f2f53dab99971884f4a97bea897d6a0ebb61dd1d6a65daf7b634f589941222e,/home/a/projects/Radiation_Research/radiation_shielding/Radiation-Shielding-Research/results/phase1/source_models/source_library_snapshot/photon_wall_simulation_core__9f2f53dab9997188.py,9f2f53dab99971884f4a97bea897d6a0ebb61dd1d6a65daf7b634f589941222e,True
15.05,15.149999999999999,15.1,8.470714530927316e-07,8.470714530927316e-07,8.470714530927316e-07,PHOTON_NUMBER_PROBABILITY_MASS_PER_BIN,ENERGY_FLUENCE_MASS_PER_BIN,energy_fluence_mass_i = energy_center_MeV_i * probability_mass_bin_i,PROJECT_16MV_40x40,16MV_40x40_interpolated,linear_between_6MV_and_18MV_same_field,linear_between_6MV_and_18MV_same_field,,,,/home/a/projects/particle-accelerator-shielding-simulator/geant4sim/GUI/geant4GUI/photon_neutron_bpe_app/photon_wall_simulation_core.py,9f2f53dab99971884f4a97bea897d6a0ebb61dd1d6a65daf7b634f589941222e,/home/a/projects/Radiation_Research/radiation_shielding/Radiation-Shielding-Research/results/phase1/source_models/source_library_snapshot/photon_wall_simulation_core__9f2f53dab9997188.py,9f2f53dab99971884f4a97bea897d6a0ebb61dd1d6a65daf7b634f589941222e,True
15.149999999999999,15.25,15.2,7.219662994560471e-07,7.219662994560471e-07,7.219662994560471e-07,PHOTON_NUMBER_PROBABILITY_MASS_PER_BIN,ENERGY_FLUENCE_MASS_PER_BIN,energy_fluence_mass_i = energy_center_MeV_i * probability_mass_bin_i,PROJECT_16MV_40x40,16MV_40x40_interpolated,linear_between_6MV_and_18MV_same_field,linear_between_6MV_and_18MV_same_field,,,,/home/a/projects/particle-accelerator-shielding-simulator/geant4sim/GUI/geant4GUI/photon_neutron_bpe_app/photon_wall_simulation_core.py,9f2f53dab99971884f4a97bea897d6a0ebb61dd1d6a65daf7b634f589941222e,/home/a/projects/Radiation_Research/radiation_shielding/Radiation-Shielding-Research/results/phase1/source_models/source_library_snapshot/photon_wall_simulation_core__9f2f53dab9997188.py,9f2f53dab99971884f4a97bea897d6a0ebb61dd1d6a65daf7b634f589941222e,True
15.25,15.350000000000001,15.3,6.13756875342959e-07,6.13756875342959e-07,6.13756875342959e-07,PHOTON_NUMBER_PROBABILITY_MASS_PER_BIN,ENERGY_FLUENCE_MASS_PER_BIN,energy_fluence_mass_i = energy_center_MeV_i * probability_mass_bin_i,PROJECT_16MV_40x40,16MV_40x40_interpolated,linear_between_6MV_and_18MV_same_field,linear_between_6MV_and_18MV_same_field,,,,/home/a/projects/particle-accelerator-shielding-simulator/geant4sim/GUI/geant4GUI/photon_neutron_bpe_app/photon_wall_simulation_core.py,9f2f53dab99971884f4a97bea897d6a0ebb61dd1d6a65daf7b634f589941222e,/home/a/projects/Radiation_Research/radiation_shielding/Radiation-Shielding-Research/results/phase1/source_models/source_library_snapshot/photon_wall_simulation_core__9f2f53dab9997188.py,9f2f53dab99971884f4a97bea897d6a0ebb61dd1d6a65daf7b634f589941222e,True
15.350000000000001,15.45,15.4,5.179354750183149e-07,5.179354750183149e-07,5.179354750183149e-07,PHOTON_NUMBER_PROBABILITY_MASS_PER_BIN,ENERGY_FLUENCE_MASS_PER_BIN,energy_fluence_mass_i = energy_center_MeV_i * probability_mass_bin_i,PROJECT_16MV_40x40,16MV_40x40_interpolated,linear_between_6MV_and_18MV_same_field,linear_between_6MV_and_18MV_same_field,,,,/home/a/projects/particle-accelerator-shielding-simulator/geant4sim/GUI/geant4GUI/photon_neutron_bpe_app/photon_wall_simulation_core.py,9f2f53dab99971884f4a97bea897d6a0ebb61dd1d6a65daf7b634f589941222e,/home/a/projects/Radiation_Research/radiation_shielding/Radiation-Shielding-Research/results/phase1/source_models/source_library_snapshot/photon_wall_simulation_core__9f2f53dab9997188.py,9f2f53dab99971884f4a97bea897d6a0ebb61dd1d6a65daf7b634f589941222e,True
15.45,15.55,15.5,4.3175228835555105e-07,4.3175228835555105e-07,4.3175228835555105e-07,PHOTON_NUMBER_PROBABILITY_MASS_PER_BIN,ENERGY_FLUENCE_MASS_PER_BIN,energy_fluence_mass_i = energy_center_MeV_i * probability_mass_bin_i,PROJECT_16MV_40x40,16MV_40x40_interpolated,linear_between_6MV_and_18MV_same_field,linear_between_6MV_and_18MV_same_field,,,,/home/a/projects/particle-accelerator-shielding-simulator/geant4sim/GUI/geant4GUI/photon_neutron_bpe_app/photon_wall_simulation_core.py,9f2f53dab99971884f4a97bea897d6a0ebb61dd1d6a65daf7b634f589941222e,/home/a/projects/Radiation_Research/radiation_shielding/Radiation-Shielding-Research/results/phase1/source_models/source_library_snapshot/photon_wall_simulation_core__9f2f53dab9997188.py,9f2f53dab99971884f4a97bea897d6a0ebb61dd1d6a65daf7b634f589941222e,True
15.55,15.649999999999999,15.6,3.536528859079045e-07,3.536528859079045e-07,3.536528859079045e-07,PHOTON_NUMBER_PROBABILITY_MASS_PER_BIN,ENERGY_FLUENCE_MASS_PER_BIN,energy_fluence_mass_i = energy_center_MeV_i * probability_mass_bin_i,PROJECT_16MV_40x40,16MV_40x40_interpolated,linear_between_6MV_and_18MV_same_field,linear_between_6MV_and_18MV_same_field,,,,/home/a/projects/particle-accelerator-shielding-simulator/geant4sim/GUI/geant4GUI/photon_neutron_bpe_app/photon_wall_simulation_core.py,9f2f53dab99971884f4a97bea897d6a0ebb61dd1d6a65daf7b634f589941222e,/home/a/projects/Radiation_Research/radiation_shielding/Radiation-Shielding-Research/results/phase1/source_models/source_library_snapshot/photon_wall_simulation_core__9f2f53dab9997188.py,9f2f53dab99971884f4a97bea897d6a0ebb61dd1d6a65daf7b634f589941222e,True
15.649999999999999,15.75,15.7,2.832894518382147e-07,2.832894518382147e-07,2.832894518382147e-07,PHOTON_NUMBER_PROBABILITY_MASS_PER_BIN,ENERGY_FLUENCE_MASS_PER_BIN,energy_fluence_mass_i = energy_center_MeV_i * probability_mass_bin_i,PROJECT_16MV_40x40,16MV_40x40_interpolated,linear_between_6MV_and_18MV_same_field,linear_between_6MV_and_18MV_same_field,,,,/home/a/projects/particle-accelerator-shielding-simulator/geant4sim/GUI/geant4GUI/photon_neutron_bpe_app/photon_wall_simulation_core.py,9f2f53dab99971884f4a97bea897d6a0ebb61dd1d6a65daf7b634f589941222e,/home/a/projects/Radiation_Research/radiation_shielding/Radiation-Shielding-Research/results/phase1/source_models/source_library_snapshot/photon_wall_simulation_core__9f2f53dab9997188.py,9f2f53dab99971884f4a97bea897d6a0ebb61dd1d6a65daf7b634f589941222e,True
15.75,15.850000000000001,15.8,2.2180440070810002e-07,2.2180440070810002e-07,2.2180440070810002e-07,PHOTON_NUMBER_PROBABILITY_MASS_PER_BIN,ENERGY_FLUENCE_MASS_PER_BIN,energy_fluence_mass_i = energy_center_MeV_i * probability_mass_bin_i,PROJECT_16MV_40x40,16MV_40x40_interpolated,linear_between_6MV_and_18MV_same_field,linear_between_6MV_and_18MV_same_field,,,,/home/a/projects/particle-accelerator-shielding-simulator/geant4sim/GUI/geant4GUI/photon_neutron_bpe_app/photon_wall_simulation_core.py,9f2f53dab99971884f4a97bea897d6a0ebb61dd1d6a65daf7b634f589941222e,/home/a/projects/Radiation_Research/radiation_shielding/Radiation-Shielding-Research/results/phase1/source_models/source_library_snapshot/photon_wall_simulation_core__9f2f53dab9997188.py,9f2f53dab99971884f4a97bea897d6a0ebb61dd1d6a65daf7b634f589941222e,True
15.850000000000001,15.95,15.9,1.7011770865781263e-07,1.7011770865781263e-07,1.7011770865781263e-07,PHOTON_NUMBER_PROBABILITY_MASS_PER_BIN,ENERGY_FLUENCE_MASS_PER_BIN,energy_fluence_mass_i = energy_center_MeV_i * probability_mass_bin_i,PROJECT_16MV_40x40,16MV_40x40_interpolated,linear_between_6MV_and_18MV_same_field,linear_between_6MV_and_18MV_same_field,,,,/home/a/projects/particle-accelerator-shielding-simulator/geant4sim/GUI/geant4GUI/photon_neutron_bpe_app/photon_wall_simulation_core.py,9f2f53dab99971884f4a97bea897d6a0ebb61dd1d6a65daf7b634f589941222e,/home/a/projects/Radiation_Research/radiation_shielding/Radiation-Shielding-Research/results/phase1/source_models/source_library_snapshot/photon_wall_simulation_core__9f2f53dab9997188.py,9f2f53dab99971884f4a97bea897d6a0ebb61dd1d6a65daf7b634f589941222e,True
15.95,16.05,16.0,1.2870856535191858e-07,1.2870856535191858e-07,1.2870856535191858e-07,PHOTON_NUMBER_PROBABILITY_MASS_PER_BIN,ENERGY_FLUENCE_MASS_PER_BIN,energy_fluence_mass_i = energy_center_MeV_i * probability_mass_bin_i,PROJECT_16MV_40x40,16MV_40x40_interpolated,linear_between_6MV_and_18MV_same_field,linear_between_6MV_and_18MV_same_field,,,,/home/a/projects/particle-accelerator-shielding-simulator/geant4sim/GUI/geant4GUI/photon_neutron_bpe_app/photon_wall_simulation_core.py,9f2f53dab99971884f4a97bea897d6a0ebb61dd1d6a65daf7b634f589941222e,/home/a/projects/Radiation_Research/radiation_shielding/Radiation-Shielding-Research/results/phase1/source_models/source_library_snapshot/photon_wall_simulation_core__9f2f53dab9997188.py,9f2f53dab99971884f4a97bea897d6a0ebb61dd1d6a65daf7b634f589941222e,True
16.05,16.15,16.1,1.0501595643045595e-07,1.0501595643045595e-07,1.0501595643045595e-07,PHOTON_NUMBER_PROBABILITY_MASS_PER_BIN,ENERGY_FLUENCE_MASS_PER_BIN,energy_fluence_mass_i = energy_center_MeV_i * probability_mass_bin_i,PROJECT_16MV_40x40,16MV_40x40_interpolated,linear_between_6MV_and_18MV_same_field,linear_between_6MV_and_18MV_same_field,,,,/home/a/projects/particle-accelerator-shielding-simulator/geant4sim/GUI/geant4GUI/photon_neutron_bpe_app/photon_wall_simulation_core.py,9f2f53dab99971884f4a97bea897d6a0ebb61dd1d6a65daf7b634f589941222e,/home/a/projects/Radiation_Research/radiation_shielding/Radiation-Shielding-Research/results/phase1/source_models/source_library_snapshot/photon_wall_simulation_core__9f2f53dab9997188.py,9f2f53dab99971884f4a97bea897d6a0ebb61dd1d6a65daf7b634f589941222e,True
16.15,16.25,16.2,8.458586370203771e-08,8.458586370203771e-08,8.458586370203771e-08,PHOTON_NUMBER_PROBABILITY_MASS_PER_BIN,ENERGY_FLUENCE_MASS_PER_BIN,energy_fluence_mass_i = energy_center_MeV_i * probability_mass_bin_i,PROJECT_16MV_40x40,16MV_40x40_interpolated,linear_between_6MV_and_18MV_same_field,linear_between_6MV_and_18MV_same_field,,,,/home/a/projects/particle-accelerator-shielding-simulator/geant4sim/GUI/geant4GUI/photon_neutron_bpe_app/photon_wall_simulation_core.py,9f2f53dab99971884f4a97bea897d6a0ebb61dd1d6a65daf7b634f589941222e,/home/a/projects/Radiation_Research/radiation_shielding/Radiation-Shielding-Research/results/phase1/source_models/source_library_snapshot/photon_wall_simulation_core__9f2f53dab9997188.py,9f2f53dab99971884f4a97bea897d6a0ebb61dd1d6a65daf7b634f589941222e,True
16.25,16.35,16.3,6.685393110417784e-08,6.685393110417784e-08,6.685393110417784e-08,PHOTON_NUMBER_PROBABILITY_MASS_PER_BIN,ENERGY_FLUENCE_MASS_PER_BIN,energy_fluence_mass_i = energy_center_MeV_i * probability_mass_bin_i,PROJECT_16MV_40x40,16MV_40x40_interpolated,linear_between_6MV_and_18MV_same_field,linear_between_6MV_and_18MV_same_field,,,,/home/a/projects/particle-accelerator-shielding-simulator/geant4sim/GUI/geant4GUI/photon_neutron_bpe_app/photon_wall_simulation_core.py,9f2f53dab99971884f4a97bea897d6a0ebb61dd1d6a65daf7b634f589941222e,/home/a/projects/Radiation_Research/radiation_shielding/Radiation-Shielding-Research/results/phase1/source_models/source_library_snapshot/photon_wall_simulation_core__9f2f53dab9997188.py,9f2f53dab99971884f4a97bea897d6a0ebb61dd1d6a65daf7b634f589941222e,True
16.35,16.45,16.4,5.218164781003661e-08,5.218164781003661e-08,5.218164781003661e-08,PHOTON_NUMBER_PROBABILITY_MASS_PER_BIN,ENERGY_FLUENCE_MASS_PER_BIN,energy_fluence_mass_i = energy_center_MeV_i * probability_mass_bin_i,PROJECT_16MV_40x40,16MV_40x40_interpolated,linear_between_6MV_and_18MV_same_field,linear_between_6MV_and_18MV_same_field,,,,/home/a/projects/particle-accelerator-shielding-simulator/geant4sim/GUI/geant4GUI/photon_neutron_bpe_app/photon_wall_simulation_core.py,9f2f53dab99971884f4a97bea897d6a0ebb61dd1d6a65daf7b634f589941222e,/home/a/projects/Radiation_Research/radiation_shielding/Radiation-Shielding-Research/results/phase1/source_models/source_library_snapshot/photon_wall_simulation_core__9f2f53dab9997188.py,9f2f53dab99971884f4a97bea897d6a0ebb61dd1d6a65daf7b634f589941222e,True
16.45,16.55,16.5,4.048220087756176e-08,4.048220087756176e-08,4.048220087756176e-08,PHOTON_NUMBER_PROBABILITY_MASS_PER_BIN,ENERGY_FLUENCE_MASS_PER_BIN,energy_fluence_mass_i = energy_center_MeV_i * probability_mass_bin_i,PROJECT_16MV_40x40,16MV_40x40_interpolated,linear_between_6MV_and_18MV_same_field,linear_between_6MV_and_18MV_same_field,,,,/home/a/projects/particle-accelerator-shielding-simulator/geant4sim/GUI/geant4GUI/photon_neutron_bpe_app/photon_wall_simulation_core.py,9f2f53dab99971884f4a97bea897d6a0ebb61dd1d6a65daf7b634f589941222e,/home/a/projects/Radiation_Research/radiation_shielding/Radiation-Shielding-Research/results/phase1/source_models/source_library_snapshot/photon_wall_simulation_core__9f2f53dab9997188.py,9f2f53dab99971884f4a97bea897d6a0ebb61dd1d6a65daf7b634f589941222e,True
16.55,16.65,16.6,3.14205865754763e-08,3.14205865754763e-08,3.14205865754763e-08,PHOTON_NUMBER_PROBABILITY_MASS_PER_BIN,ENERGY_FLUENCE_MASS_PER_BIN,energy_fluence_mass_i = energy_center_MeV_i * probability_mass_bin_i,PROJECT_16MV_40x40,16MV_40x40_interpolated,linear_between_6MV_and_18MV_same_field,linear_between_6MV_and_18MV_same_field,,,,/home/a/projects/particle-accelerator-shielding-simulator/geant4sim/GUI/geant4GUI/photon_neutron_bpe_app/photon_wall_simulation_core.py,9f2f53dab99971884f4a97bea897d6a0ebb61dd1d6a65daf7b634f589941222e,/home/a/projects/Radiation_Research/radiation_shielding/Radiation-Shielding-Research/results/phase1/source_models/source_library_snapshot/photon_wall_simulation_core__9f2f53dab9997188.py,9f2f53dab99971884f4a97bea897d6a0ebb61dd1d6a65daf7b634f589941222e,True
16.65,16.75,16.7,2.454291665765471e-08,2.454291665765471e-08,2.454291665765471e-08,PHOTON_NUMBER_PROBABILITY_MASS_PER_BIN,ENERGY_FLUENCE_MASS_PER_BIN,energy_fluence_mass_i = energy_center_MeV_i * probability_mass_bin_i,PROJECT_16MV_40x40,16MV_40x40_interpolated,linear_between_6MV_and_18MV_same_field,linear_between_6MV_and_18MV_same_field,,,,/home/a/projects/particle-accelerator-shielding-simulator/geant4sim/GUI/geant4GUI/photon_neutron_bpe_app/photon_wall_simulation_core.py,9f2f53dab99971884f4a97bea897d6a0ebb61dd1d6a65daf7b634f589941222e,/home/a/projects/Radiation_Research/radiation_shielding/Radiation-Shielding-Research/results/phase1/source_models/source_library_snapshot/photon_wall_simulation_core__9f2f53dab9997188.py,9f2f53dab99971884f4a97bea897d6a0ebb61dd1d6a65daf7b634f589941222e,True
16.75,16.85,16.8,1.927883831809837e-08,1.927883831809837e-08,1.927883831809837e-08,PHOTON_NUMBER_PROBABILITY_MASS_PER_BIN,ENERGY_FLUENCE_MASS_PER_BIN,energy_fluence_mass_i = energy_center_MeV_i * probability_mass_bin_i,PROJECT_16MV_40x40,16MV_40x40_interpolated,linear_between_6MV_and_18MV_same_field,linear_between_6MV_and_18MV_same_field,,,,/home/a/projects/particle-accelerator-shielding-simulator/geant4sim/GUI/geant4GUI/photon_neutron_bpe_app/photon_wall_simulation_core.py,9f2f53dab99971884f4a97bea897d6a0ebb61dd1d6a65daf7b634f589941222e,/home/a/projects/Radiation_Research/radiation_shielding/Radiation-Shielding-Research/results/phase1/source_models/source_library_snapshot/photon_wall_simulation_core__9f2f53dab9997188.py,9f2f53dab99971884f4a97bea897d6a0ebb61dd1d6a65daf7b634f589941222e,True
16.85,16.95,16.9,1.5125061732584103e-08,1.5125061732584103e-08,1.5125061732584103e-08,PHOTON_NUMBER_PROBABILITY_MASS_PER_BIN,ENERGY_FLUENCE_MASS_PER_BIN,energy_fluence_mass_i = energy_center_MeV_i * probability_mass_bin_i,PROJECT_16MV_40x40,16MV_40x40_interpolated,linear_between_6MV_and_18MV_same_field,linear_between_6MV_and_18MV_same_field,,,,/home/a/projects/particle-accelerator-shielding-simulator/geant4sim/GUI/geant4GUI/photon_neutron_bpe_app/photon_wall_simulation_core.py,9f2f53dab99971884f4a97bea897d6a0ebb61dd1d6a65daf7b634f589941222e,/home/a/projects/Radiation_Research/radiation_shielding/Radiation-Shielding-Research/results/phase1/source_models/source_library_snapshot/photon_wall_simulation_core__9f2f53dab9997188.py,9f2f53dab99971884f4a97bea897d6a0ebb61dd1d6a65daf7b634f589941222e,True
16.95,17.05,17.0,1.1748209505271605e-08,1.1748209505271605e-08,1.1748209505271605e-08,PHOTON_NUMBER_PROBABILITY_MASS_PER_BIN,ENERGY_FLUENCE_MASS_PER_BIN,energy_fluence_mass_i = energy_center_MeV_i * probability_mass_bin_i,PROJECT_16MV_40x40,16MV_40x40_interpolated,linear_between_6MV_and_18MV_same_field,linear_between_6MV_and_18MV_same_field,,,,/home/a/projects/particle-accelerator-shielding-simulator/geant4sim/GUI/geant4GUI/photon_neutron_bpe_app/photon_wall_simulation_core.py,9f2f53dab99971884f4a97bea897d6a0ebb61dd1d6a65daf7b634f589941222e,/home/a/projects/Radiation_Research/radiation_shielding/Radiation-Shielding-Research/results/phase1/source_models/source_library_snapshot/photon_wall_simulation_core__9f2f53dab9997188.py,9f2f53dab99971884f4a97bea897d6a0ebb61dd1d6a65daf7b634f589941222e,True
17.05,17.15,17.1,8.955805023037954e-09,8.955805023037954e-09,8.955805023037954e-09,PHOTON_NUMBER_PROBABILITY_MASS_PER_BIN,ENERGY_FLUENCE_MASS_PER_BIN,energy_fluence_mass_i = energy_center_MeV_i * probability_mass_bin_i,PROJECT_16MV_40x40,16MV_40x40_interpolated,linear_between_6MV_and_18MV_same_field,linear_between_6MV_and_18MV_same_field,,,,/home/a/projects/particle-accelerator-shielding-simulator/geant4sim/GUI/geant4GUI/photon_neutron_bpe_app/photon_wall_simulation_core.py,9f2f53dab99971884f4a97bea897d6a0ebb61dd1d6a65daf7b634f589941222e,/home/a/projects/Radiation_Research/radiation_shielding/Radiation-Shielding-Research/results/phase1/source_models/source_library_snapshot/photon_wall_simulation_core__9f2f53dab9997188.py,9f2f53dab99971884f4a97bea897d6a0ebb61dd1d6a65daf7b634f589941222e,True
17.15,17.25,17.2,6.58639388757637e-09,6.58639388757637e-09,6.58639388757637e-09,PHOTON_NUMBER_PROBABILITY_MASS_PER_BIN,ENERGY_FLUENCE_MASS_PER_BIN,energy_fluence_mass_i = energy_center_MeV_i * probability_mass_bin_i,PROJECT_16MV_40x40,16MV_40x40_interpolated,linear_between_6MV_and_18MV_same_field,linear_between_6MV_and_18MV_same_field,,,,/home/a/projects/particle-accelerator-shielding-simulator/geant4sim/GUI/geant4GUI/photon_neutron_bpe_app/photon_wall_simulation_core.py,9f2f53dab99971884f4a97bea897d6a0ebb61dd1d6a65daf7b634f589941222e,/home/a/projects/Radiation_Research/radiation_shielding/Radiation-Shielding-Research/results/phase1/source_models/source_library_snapshot/photon_wall_simulation_core__9f2f53dab9997188.py,9f2f53dab99971884f4a97bea897d6a0ebb61dd1d6a65daf7b634f589941222e,True
17.25,17.35,17.3,4.539603073591445e-09,4.539603073591445e-09,4.539603073591445e-09,PHOTON_NUMBER_PROBABILITY_MASS_PER_BIN,ENERGY_FLUENCE_MASS_PER_BIN,energy_fluence_mass_i = energy_center_MeV_i * probability_mass_bin_i,PROJECT_16MV_40x40,16MV_40x40_interpolated,linear_between_6MV_and_18MV_same_field,linear_between_6MV_and_18MV_same_field,,,,/home/a/projects/particle-accelerator-shielding-simulator/geant4sim/GUI/geant4GUI/photon_neutron_bpe_app/photon_wall_simulation_core.py,9f2f53dab99971884f4a97bea897d6a0ebb61dd1d6a65daf7b634f589941222e,/home/a/projects/Radiation_Research/radiation_shielding/Radiation-Shielding-Research/results/phase1/source_models/source_library_snapshot/photon_wall_simulation_core__9f2f53dab9997188.py,9f2f53dab99971884f4a97bea897d6a0ebb61dd1d6a65daf7b634f589941222e,True
17.35,17.45,17.4,2.9563800180401103e-09,2.9563800180401103e-09,2.9563800180401103e-09,PHOTON_NUMBER_PROBABILITY_MASS_PER_BIN,ENERGY_FLUENCE_MASS_PER_BIN,energy_fluence_mass_i = energy_center_MeV_i * probability_mass_bin_i,PROJECT_16MV_40x40,16MV_40x40_interpolated,linear_between_6MV_and_18MV_same_field,linear_between_6MV_and_18MV_same_field,,,,/home/a/projects/particle-accelerator-shielding-simulator/geant4sim/GUI/geant4GUI/photon_neutron_bpe_app/photon_wall_simulation_core.py,9f2f53dab99971884f4a97bea897d6a0ebb61dd1d6a65daf7b634f589941222e,/home/a/projects/Radiation_Research/radiation_shielding/Radiation-Shielding-Research/results/phase1/source_models/source_library_snapshot/photon_wall_simulation_core__9f2f53dab9997188.py,9f2f53dab99971884f4a97bea897d6a0ebb61dd1d6a65daf7b634f589941222e,True
17.45,17.55,17.5,1.916772674789013e-09,1.916772674789013e-09,1.916772674789013e-09,PHOTON_NUMBER_PROBABILITY_MASS_PER_BIN,ENERGY_FLUENCE_MASS_PER_BIN,energy_fluence_mass_i = energy_center_MeV_i * probability_mass_bin_i,PROJECT_16MV_40x40,16MV_40x40_interpolated,linear_between_6MV_and_18MV_same_field,linear_between_6MV_and_18MV_same_field,,,,/home/a/projects/particle-accelerator-shielding-simulator/geant4sim/GUI/geant4GUI/photon_neutron_bpe_app/photon_wall_simulation_core.py,9f2f53dab99971884f4a97bea897d6a0ebb61dd1d6a65daf7b634f589941222e,/home/a/projects/Radiation_Research/radiation_shielding/Radiation-Shielding-Research/results/phase1/source_models/source_library_snapshot/photon_wall_simulation_core__9f2f53dab9997188.py,9f2f53dab99971884f4a97bea897d6a0ebb61dd1d6a65daf7b634f589941222e,True
17.55,17.65,17.6,1.3055713257102742e-09,1.3055713257102742e-09,1.3055713257102742e-09,PHOTON_NUMBER_PROBABILITY_MASS_PER_BIN,ENERGY_FLUENCE_MASS_PER_BIN,energy_fluence_mass_i = energy_center_MeV_i * probability_mass_bin_i,PROJECT_16MV_40x40,16MV_40x40_interpolated,linear_between_6MV_and_18MV_same_field,linear_between_6MV_and_18MV_same_field,,,,/home/a/projects/particle-accelerator-shielding-simulator/geant4sim/GUI/geant4GUI/photon_neutron_bpe_app/photon_wall_simulation_core.py,9f2f53dab99971884f4a97bea897d6a0ebb61dd1d6a65daf7b634f589941222e,/home/a/projects/Radiation_Research/radiation_shielding/Radiation-Shielding-Research/results/phase1/source_models/source_library_snapshot/photon_wall_simulation_core__9f2f53dab9997188.py,9f2f53dab99971884f4a97bea897d6a0ebb61dd1d6a65daf7b634f589941222e,True
17.65,17.75,17.7,9.849877840093793e-10,9.849877840093793e-10,9.849877840093793e-10,PHOTON_NUMBER_PROBABILITY_MASS_PER_BIN,ENERGY_FLUENCE_MASS_PER_BIN,energy_fluence_mass_i = energy_center_MeV_i * probability_mass_bin_i,PROJECT_16MV_40x40,16MV_40x40_interpolated,linear_between_6MV_and_18MV_same_field,linear_between_6MV_and_18MV_same_field,,,,/home/a/projects/particle-accelerator-shielding-simulator/geant4sim/GUI/geant4GUI/photon_neutron_bpe_app/photon_wall_simulation_core.py,9f2f53dab99971884f4a97bea897d6a0ebb61dd1d6a65daf7b634f589941222e,/home/a/projects/Radiation_Research/radiation_shielding/Radiation-Shielding-Research/results/phase1/source_models/source_library_snapshot/photon_wall_simulation_core__9f2f53dab9997188.py,9f2f53dab99971884f4a97bea897d6a0ebb61dd1d6a65daf7b634f589941222e,True
17.75,17.85,17.8,8.217666337494715e-10,8.217666337494715e-10,8.217666337494715e-10,PHOTON_NUMBER_PROBABILITY_MASS_PER_BIN,ENERGY_FLUENCE_MASS_PER_BIN,energy_fluence_mass_i = energy_center_MeV_i * probability_mass_bin_i,PROJECT_16MV_40x40,16MV_40x40_interpolated,linear_between_6MV_and_18MV_same_field,linear_between_6MV_and_18MV_same_field,,,,/home/a/projects/particle-accelerator-shielding-simulator/geant4sim/GUI/geant4GUI/photon_neutron_bpe_app/photon_wall_simulation_core.py,9f2f53dab99971884f4a97bea897d6a0ebb61dd1d6a65daf7b634f589941222e,/home/a/projects/Radiation_Research/radiation_shielding/Radiation-Shielding-Research/results/phase1/source_models/source_library_snapshot/photon_wall_simulation_core__9f2f53dab9997188.py,9f2f53dab99971884f4a97bea897d6a0ebb61dd1d6a65daf7b634f589941222e,True
17.85,17.95,17.9,7.083041514256764e-10,7.083041514256764e-10,7.083041514256764e-10,PHOTON_NUMBER_PROBABILITY_MASS_PER_BIN,ENERGY_FLUENCE_MASS_PER_BIN,energy_fluence_mass_i = energy_center_MeV_i * probability_mass_bin_i,PROJECT_16MV_40x40,16MV_40x40_interpolated,linear_between_6MV_and_18MV_same_field,linear_between_6MV_and_18MV_same_field,,,,/home/a/projects/particle-accelerator-shielding-simulator/geant4sim/GUI/geant4GUI/photon_neutron_bpe_app/photon_wall_simulation_core.py,9f2f53dab99971884f4a97bea897d6a0ebb61dd1d6a65daf7b634f589941222e,/home/a/projects/Radiation_Research/radiation_shielding/Radiation-Shielding-Research/results/phase1/source_models/source_library_snapshot/photon_wall_simulation_core__9f2f53dab9997188.py,9f2f53dab99971884f4a97bea897d6a0ebb61dd1d6a65daf7b634f589941222e,True
17.95,18.05,18.0,6.198789529342439e-10,6.198789529342439e-10,6.198789529342439e-10,PHOTON_NUMBER_PROBABILITY_MASS_PER_BIN,ENERGY_FLUENCE_MASS_PER_BIN,energy_fluence_mass_i = energy_center_MeV_i * probability_mass_bin_i,PROJECT_16MV_40x40,16MV_40x40_interpolated,linear_between_6MV_and_18MV_same_field,linear_between_6MV_and_18MV_same_field,,,,/home/a/projects/particle-accelerator-shielding-simulator/geant4sim/GUI/geant4GUI/photon_neutron_bpe_app/photon_wall_simulation_core.py,9f2f53dab99971884f4a97bea897d6a0ebb61dd1d6a65daf7b634f589941222e,/home/a/projects/Radiation_Research/radiation_shielding/Radiation-Shielding-Research/results/phase1/source_models/source_library_snapshot/photon_wall_simulation_core__9f2f53dab9997188.py,9f2f53dab99971884f4a97bea897d6a0ebb61dd1d6a65daf7b634f589941222e,True
18.05,18.15,18.1,5.410851158847207e-10,5.410851158847207e-10,5.410851158847207e-10,PHOTON_NUMBER_PROBABILITY_MASS_PER_BIN,ENERGY_FLUENCE_MASS_PER_BIN,energy_fluence_mass_i = energy_center_MeV_i * probability_mass_bin_i,PROJECT_16MV_40x40,16MV_40x40_interpolated,linear_between_6MV_and_18MV_same_field,linear_between_6MV_and_18MV_same_field,,,,/home/a/projects/particle-accelerator-shielding-simulator/geant4sim/GUI/geant4GUI/photon_neutron_bpe_app/photon_wall_simulation_core.py,9f2f53dab99971884f4a97bea897d6a0ebb61dd1d6a65daf7b634f589941222e,/home/a/projects/Radiation_Research/radiation_shielding/Radiation-Shielding-Research/results/phase1/source_models/source_library_snapshot/photon_wall_simulation_core__9f2f53dab9997188.py,9f2f53dab99971884f4a97bea897d6a0ebb61dd1d6a65daf7b634f589941222e,True
18.15,18.25,18.2,4.627534267368859e-10,4.627534267368859e-10,4.627534267368859e-10,PHOTON_NUMBER_PROBABILITY_MASS_PER_BIN,ENERGY_FLUENCE_MASS_PER_BIN,energy_fluence_mass_i = energy_center_MeV_i * probability_mass_bin_i,PROJECT_16MV_40x40,16MV_40x40_interpolated,linear_between_6MV_and_18MV_same_field,linear_between_6MV_and_18MV_same_field,,,,/home/a/projects/particle-accelerator-shielding-simulator/geant4sim/GUI/geant4GUI/photon_neutron_bpe_app/photon_wall_simulation_core.py,9f2f53dab99971884f4a97bea897d6a0ebb61dd1d6a65daf7b634f589941222e,/home/a/projects/Radiation_Research/radiation_shielding/Radiation-Shielding-Research/results/phase1/source_models/source_library_snapshot/photon_wall_simulation_core__9f2f53dab9997188.py,9f2f53dab99971884f4a97bea897d6a0ebb61dd1d6a65daf7b634f589941222e,True
18.25,18.35,18.3,3.8520074384727867e-10,3.8520074384727867e-10,3.8520074384727867e-10,PHOTON_NUMBER_PROBABILITY_MASS_PER_BIN,ENERGY_FLUENCE_MASS_PER_BIN,energy_fluence_mass_i = energy_center_MeV_i * probability_mass_bin_i,PROJECT_16MV_40x40,16MV_40x40_interpolated,linear_between_6MV_and_18MV_same_field,linear_between_6MV_and_18MV_same_field,,,,/home/a/projects/particle-accelerator-shielding-simulator/geant4sim/GUI/geant4GUI/photon_neutron_bpe_app/photon_wall_simulation_core.py,9f2f53dab99971884f4a97bea897d6a0ebb61dd1d6a65daf7b634f589941222e,/home/a/projects/Radiation_Research/radiation_shielding/Radiation-Shielding-Research/results/phase1/source_models/source_library_snapshot/photon_wall_simulation_core__9f2f53dab9997188.py,9f2f53dab99971884f4a97bea897d6a0ebb61dd1d6a65daf7b634f589941222e,True
18.35,18.45,18.4,3.1188263768712803e-10,3.1188263768712803e-10,3.1188263768712803e-10,PHOTON_NUMBER_PROBABILITY_MASS_PER_BIN,ENERGY_FLUENCE_MASS_PER_BIN,energy_fluence_mass_i = energy_center_MeV_i * probability_mass_bin_i,PROJECT_16MV_40x40,16MV_40x40_interpolated,linear_between_6MV_and_18MV_same_field,linear_between_6MV_and_18MV_same_field,,,,/home/a/projects/particle-accelerator-shielding-simulator/geant4sim/GUI/geant4GUI/photon_neutron_bpe_app/photon_wall_simulation_core.py,9f2f53dab99971884f4a97bea897d6a0ebb61dd1d6a65daf7b634f589941222e,/home/a/projects/Radiation_Research/radiation_shielding/Radiation-Shielding-Research/results/phase1/source_models/source_library_snapshot/photon_wall_simulation_core__9f2f53dab9997188.py,9f2f53dab99971884f4a97bea897d6a0ebb61dd1d6a65daf7b634f589941222e,True
18.45,18.55,18.5,2.439043190244444e-10,2.439043190244444e-10,2.439043190244444e-10,PHOTON_NUMBER_PROBABILITY_MASS_PER_BIN,ENERGY_FLUENCE_MASS_PER_BIN,energy_fluence_mass_i = energy_center_MeV_i * probability_mass_bin_i,PROJECT_16MV_40x40,16MV_40x40_interpolated,linear_between_6MV_and_18MV_same_field,linear_between_6MV_and_18MV_same_field,,,,/home/a/projects/particle-accelerator-shielding-simulator/geant4sim/GUI/geant4GUI/photon_neutron_bpe_app/photon_wall_simulation_core.py,9f2f53dab99971884f4a97bea897d6a0ebb61dd1d6a65daf7b634f589941222e,/home/a/projects/Radiation_Research/radiation_shielding/Radiation-Shielding-Research/results/phase1/source_models/source_library_snapshot/photon_wall_simulation_core__9f2f53dab9997188.py,9f2f53dab99971884f4a97bea897d6a0ebb61dd1d6a65daf7b634f589941222e,True
18.55,18.65,18.6,1.8032709007675647e-10,1.8032709007675647e-10,1.8032709007675647e-10,PHOTON_NUMBER_PROBABILITY_MASS_PER_BIN,ENERGY_FLUENCE_MASS_PER_BIN,energy_fluence_mass_i = energy_center_MeV_i * probability_mass_bin_i,PROJECT_16MV_40x40,16MV_40x40_interpolated,linear_between_6MV_and_18MV_same_field,linear_between_6MV_and_18MV_same_field,,,,/home/a/projects/particle-accelerator-shielding-simulator/geant4sim/GUI/geant4GUI/photon_neutron_bpe_app/photon_wall_simulation_core.py,9f2f53dab99971884f4a97bea897d6a0ebb61dd1d6a65daf7b634f589941222e,/home/a/projects/Radiation_Research/radiation_shielding/Radiation-Shielding-Research/results/phase1/source_models/source_library_snapshot/photon_wall_simulation_core__9f2f53dab9997188.py,9f2f53dab99971884f4a97bea897d6a0ebb61dd1d6a65daf7b634f589941222e,True
18.65,18.75,18.7,1.2306379341889747e-10,1.2306379341889747e-10,1.2306379341889747e-10,PHOTON_NUMBER_PROBABILITY_MASS_PER_BIN,ENERGY_FLUENCE_MASS_PER_BIN,energy_fluence_mass_i = energy_center_MeV_i * probability_mass_bin_i,PROJECT_16MV_40x40,16MV_40x40_interpolated,linear_between_6MV_and_18MV_same_field,linear_between_6MV_and_18MV_same_field,,,,/home/a/projects/particle-accelerator-shielding-simulator/geant4sim/GUI/geant4GUI/photon_neutron_bpe_app/photon_wall_simulation_core.py,9f2f53dab99971884f4a97bea897d6a0ebb61dd1d6a65daf7b634f589941222e,/home/a/projects/Radiation_Research/radiation_shielding/Radiation-Shielding-Research/results/phase1/source_models/source_library_snapshot/photon_wall_simulation_core__9f2f53dab9997188.py,9f2f53dab99971884f4a97bea897d6a0ebb61dd1d6a65daf7b634f589941222e,True
18.75,18.85,18.8,7.730000345462443e-11,7.730000345462443e-11,7.730000345462443e-11,PHOTON_NUMBER_PROBABILITY_MASS_PER_BIN,ENERGY_FLUENCE_MASS_PER_BIN,energy_fluence_mass_i = energy_center_MeV_i * probability_mass_bin_i,PROJECT_16MV_40x40,16MV_40x40_interpolated,linear_between_6MV_and_18MV_same_field,linear_between_6MV_and_18MV_same_field,,,,/home/a/projects/particle-accelerator-shielding-simulator/geant4sim/GUI/geant4GUI/photon_neutron_bpe_app/photon_wall_simulation_core.py,9f2f53dab99971884f4a97bea897d6a0ebb61dd1d6a65daf7b634f589941222e,/home/a/projects/Radiation_Research/radiation_shielding/Radiation-Shielding-Research/results/phase1/source_models/source_library_snapshot/photon_wall_simulation_core__9f2f53dab9997188.py,9f2f53dab99971884f4a97bea897d6a0ebb61dd1d6a65daf7b634f589941222e,True
18.85,18.95,18.9,3.8530632605002606e-11,3.8530632605002606e-11,3.8530632605002606e-11,PHOTON_NUMBER_PROBABILITY_MASS_PER_BIN,ENERGY_FLUENCE_MASS_PER_BIN,energy_fluence_mass_i = energy_center_MeV_i * probability_mass_bin_i,PROJECT_16MV_40x40,16MV_40x40_interpolated,linear_between_6MV_and_18MV_same_field,linear_between_6MV_and_18MV_same_field,,,,/home/a/projects/particle-accelerator-shielding-simulator/geant4sim/GUI/geant4GUI/photon_neutron_bpe_app/photon_wall_simulation_core.py,9f2f53dab99971884f4a97bea897d6a0ebb61dd1d6a65daf7b634f589941222e,/home/a/projects/Radiation_Research/radiation_shielding/Radiation-Shielding-Research/results/phase1/source_models/source_library_snapshot/photon_wall_simulation_core__9f2f53dab9997188.py,9f2f53dab99971884f4a97bea897d6a0ebb61dd1d6a65daf7b634f589941222e,True
18.95,19.05,19.0,0.0,0.0,0.0,PHOTON_NUMBER_PROBABILITY_MASS_PER_BIN,ENERGY_FLUENCE_MASS_PER_BIN,energy_fluence_mass_i = energy_center_MeV_i * probability_mass_bin_i,PROJECT_16MV_40x40,16MV_40x40_interpolated,linear_between_6MV_and_18MV_same_field,linear_between_6MV_and_18MV_same_field,,,,/home/a/projects/particle-accelerator-shielding-simulator/geant4sim/GUI/geant4GUI/photon_neutron_bpe_app/photon_wall_simulation_core.py,9f2f53dab99971884f4a97bea897d6a0ebb61dd1d6a65daf7b634f589941222e,/home/a/projects/Radiation_Research/radiation_shielding/Radiation-Shielding-Research/results/phase1/source_models/source_library_snapshot/photon_wall_simulation_core__9f2f53dab9997188.py,9f2f53dab99971884f4a97bea897d6a0ebb61dd1d6a65daf7b634f589941222e,True
