energy_low_MeV,energy_high_MeV,energy_center_MeV,probability_mass_bin,sampling_probability,relative_bin_integral,probability_physical_quantity,spectral_validation_comparison_quantity,spectral_validation_transform,source_model_id,production_case_name,production_origin,production_interpolation_method,source_base_case,source_validation_class,transformation_contract,source_origin_file,source_origin_sha256,source_snapshot_file,source_snapshot_sha256,exact_production_energy_grid
0.05,0.15000000000000002,0.1,0.007774411057532829,0.007774411057532829,0.007774411057532829,PHOTON_NUMBER_PROBABILITY_MASS_PER_BIN,ENERGY_FLUENCE_MASS_PER_BIN,energy_fluence_mass_i = energy_center_MeV_i * probability_mass_bin_i,PROJECT_15MV_40x40,15MV_40x40_interpolated,linear_between_6MV_and_18MV_same_field,linear_between_6MV_and_18MV_same_field,,,,/home/a/projects/particle-accelerator-shielding-simulator/geant4sim/GUI/geant4GUI/photon_neutron_bpe_app/photon_wall_simulation_core.py,9f2f53dab99971884f4a97bea897d6a0ebb61dd1d6a65daf7b634f589941222e,/home/a/projects/Radiation_Research/radiation_shielding/Radiation-Shielding-Research/results/phase1/source_models/source_library_snapshot/photon_wall_simulation_core__9f2f53dab9997188.py,9f2f53dab99971884f4a97bea897d6a0ebb61dd1d6a65daf7b634f589941222e,True
0.15000000000000002,0.25,0.2,0.013655704640331558,0.013655704640331558,0.013655704640331558,PHOTON_NUMBER_PROBABILITY_MASS_PER_BIN,ENERGY_FLUENCE_MASS_PER_BIN,energy_fluence_mass_i = energy_center_MeV_i * probability_mass_bin_i,PROJECT_15MV_40x40,15MV_40x40_interpolated,linear_between_6MV_and_18MV_same_field,linear_between_6MV_and_18MV_same_field,,,,/home/a/projects/particle-accelerator-shielding-simulator/geant4sim/GUI/geant4GUI/photon_neutron_bpe_app/photon_wall_simulation_core.py,9f2f53dab99971884f4a97bea897d6a0ebb61dd1d6a65daf7b634f589941222e,/home/a/projects/Radiation_Research/radiation_shielding/Radiation-Shielding-Research/results/phase1/source_models/source_library_snapshot/photon_wall_simulation_core__9f2f53dab9997188.py,9f2f53dab99971884f4a97bea897d6a0ebb61dd1d6a65daf7b634f589941222e,True
0.25,0.35,0.3,0.018772072604648204,0.018772072604648204,0.018772072604648204,PHOTON_NUMBER_PROBABILITY_MASS_PER_BIN,ENERGY_FLUENCE_MASS_PER_BIN,energy_fluence_mass_i = energy_center_MeV_i * probability_mass_bin_i,PROJECT_15MV_40x40,15MV_40x40_interpolated,linear_between_6MV_and_18MV_same_field,linear_between_6MV_and_18MV_same_field,,,,/home/a/projects/particle-accelerator-shielding-simulator/geant4sim/GUI/geant4GUI/photon_neutron_bpe_app/photon_wall_simulation_core.py,9f2f53dab99971884f4a97bea897d6a0ebb61dd1d6a65daf7b634f589941222e,/home/a/projects/Radiation_Research/radiation_shielding/Radiation-Shielding-Research/results/phase1/source_models/source_library_snapshot/photon_wall_simulation_core__9f2f53dab9997188.py,9f2f53dab99971884f4a97bea897d6a0ebb61dd1d6a65daf7b634f589941222e,True
0.35,0.45,0.4,0.02306723279795231,0.02306723279795231,0.02306723279795231,PHOTON_NUMBER_PROBABILITY_MASS_PER_BIN,ENERGY_FLUENCE_MASS_PER_BIN,energy_fluence_mass_i = energy_center_MeV_i * probability_mass_bin_i,PROJECT_15MV_40x40,15MV_40x40_interpolated,linear_between_6MV_and_18MV_same_field,linear_between_6MV_and_18MV_same_field,,,,/home/a/projects/particle-accelerator-shielding-simulator/geant4sim/GUI/geant4GUI/photon_neutron_bpe_app/photon_wall_simulation_core.py,9f2f53dab99971884f4a97bea897d6a0ebb61dd1d6a65daf7b634f589941222e,/home/a/projects/Radiation_Research/radiation_shielding/Radiation-Shielding-Research/results/phase1/source_models/source_library_snapshot/photon_wall_simulation_core__9f2f53dab9997188.py,9f2f53dab99971884f4a97bea897d6a0ebb61dd1d6a65daf7b634f589941222e,True
0.45,0.55,0.5,0.024599450957943178,0.024599450957943178,0.024599450957943178,PHOTON_NUMBER_PROBABILITY_MASS_PER_BIN,ENERGY_FLUENCE_MASS_PER_BIN,energy_fluence_mass_i = energy_center_MeV_i * probability_mass_bin_i,PROJECT_15MV_40x40,15MV_40x40_interpolated,linear_between_6MV_and_18MV_same_field,linear_between_6MV_and_18MV_same_field,,,,/home/a/projects/particle-accelerator-shielding-simulator/geant4sim/GUI/geant4GUI/photon_neutron_bpe_app/photon_wall_simulation_core.py,9f2f53dab99971884f4a97bea897d6a0ebb61dd1d6a65daf7b634f589941222e,/home/a/projects/Radiation_Research/radiation_shielding/Radiation-Shielding-Research/results/phase1/source_models/source_library_snapshot/photon_wall_simulation_core__9f2f53dab9997188.py,9f2f53dab99971884f4a97bea897d6a0ebb61dd1d6a65daf7b634f589941222e,True
0.55,0.6499999999999999,0.6,0.025132529290374215,0.025132529290374215,0.025132529290374215,PHOTON_NUMBER_PROBABILITY_MASS_PER_BIN,ENERGY_FLUENCE_MASS_PER_BIN,energy_fluence_mass_i = energy_center_MeV_i * probability_mass_bin_i,PROJECT_15MV_40x40,15MV_40x40_interpolated,linear_between_6MV_and_18MV_same_field,linear_between_6MV_and_18MV_same_field,,,,/home/a/projects/particle-accelerator-shielding-simulator/geant4sim/GUI/geant4GUI/photon_neutron_bpe_app/photon_wall_simulation_core.py,9f2f53dab99971884f4a97bea897d6a0ebb61dd1d6a65daf7b634f589941222e,/home/a/projects/Radiation_Research/radiation_shielding/Radiation-Shielding-Research/results/phase1/source_models/source_library_snapshot/photon_wall_simulation_core__9f2f53dab9997188.py,9f2f53dab99971884f4a97bea897d6a0ebb61dd1d6a65daf7b634f589941222e,True
0.6499999999999999,0.75,0.7,0.02481199276048523,0.02481199276048523,0.02481199276048523,PHOTON_NUMBER_PROBABILITY_MASS_PER_BIN,ENERGY_FLUENCE_MASS_PER_BIN,energy_fluence_mass_i = energy_center_MeV_i * probability_mass_bin_i,PROJECT_15MV_40x40,15MV_40x40_interpolated,linear_between_6MV_and_18MV_same_field,linear_between_6MV_and_18MV_same_field,,,,/home/a/projects/particle-accelerator-shielding-simulator/geant4sim/GUI/geant4GUI/photon_neutron_bpe_app/photon_wall_simulation_core.py,9f2f53dab99971884f4a97bea897d6a0ebb61dd1d6a65daf7b634f589941222e,/home/a/projects/Radiation_Research/radiation_shielding/Radiation-Shielding-Research/results/phase1/source_models/source_library_snapshot/photon_wall_simulation_core__9f2f53dab9997188.py,9f2f53dab99971884f4a97bea897d6a0ebb61dd1d6a65daf7b634f589941222e,True
0.75,0.8500000000000001,0.8,0.023702827327224594,0.023702827327224594,0.023702827327224594,PHOTON_NUMBER_PROBABILITY_MASS_PER_BIN,ENERGY_FLUENCE_MASS_PER_BIN,energy_fluence_mass_i = energy_center_MeV_i * probability_mass_bin_i,PROJECT_15MV_40x40,15MV_40x40_interpolated,linear_between_6MV_and_18MV_same_field,linear_between_6MV_and_18MV_same_field,,,,/home/a/projects/particle-accelerator-shielding-simulator/geant4sim/GUI/geant4GUI/photon_neutron_bpe_app/photon_wall_simulation_core.py,9f2f53dab99971884f4a97bea897d6a0ebb61dd1d6a65daf7b634f589941222e,/home/a/projects/Radiation_Research/radiation_shielding/Radiation-Shielding-Research/results/phase1/source_models/source_library_snapshot/photon_wall_simulation_core__9f2f53dab9997188.py,9f2f53dab99971884f4a97bea897d6a0ebb61dd1d6a65daf7b634f589941222e,True
0.8500000000000001,0.95,0.9,0.022436774077923608,0.022436774077923608,0.022436774077923608,PHOTON_NUMBER_PROBABILITY_MASS_PER_BIN,ENERGY_FLUENCE_MASS_PER_BIN,energy_fluence_mass_i = energy_center_MeV_i * probability_mass_bin_i,PROJECT_15MV_40x40,15MV_40x40_interpolated,linear_between_6MV_and_18MV_same_field,linear_between_6MV_and_18MV_same_field,,,,/home/a/projects/particle-accelerator-shielding-simulator/geant4sim/GUI/geant4GUI/photon_neutron_bpe_app/photon_wall_simulation_core.py,9f2f53dab99971884f4a97bea897d6a0ebb61dd1d6a65daf7b634f589941222e,/home/a/projects/Radiation_Research/radiation_shielding/Radiation-Shielding-Research/results/phase1/source_models/source_library_snapshot/photon_wall_simulation_core__9f2f53dab9997188.py,9f2f53dab99971884f4a97bea897d6a0ebb61dd1d6a65daf7b634f589941222e,True
0.95,1.05,1.0,0.021023511246762515,0.021023511246762515,0.021023511246762515,PHOTON_NUMBER_PROBABILITY_MASS_PER_BIN,ENERGY_FLUENCE_MASS_PER_BIN,energy_fluence_mass_i = energy_center_MeV_i * probability_mass_bin_i,PROJECT_15MV_40x40,15MV_40x40_interpolated,linear_between_6MV_and_18MV_same_field,linear_between_6MV_and_18MV_same_field,,,,/home/a/projects/particle-accelerator-shielding-simulator/geant4sim/GUI/geant4GUI/photon_neutron_bpe_app/photon_wall_simulation_core.py,9f2f53dab99971884f4a97bea897d6a0ebb61dd1d6a65daf7b634f589941222e,/home/a/projects/Radiation_Research/radiation_shielding/Radiation-Shielding-Research/results/phase1/source_models/source_library_snapshot/photon_wall_simulation_core__9f2f53dab9997188.py,9f2f53dab99971884f4a97bea897d6a0ebb61dd1d6a65daf7b634f589941222e,True
1.05,1.15,1.1,0.019297718582602305,0.019297718582602305,0.019297718582602305,PHOTON_NUMBER_PROBABILITY_MASS_PER_BIN,ENERGY_FLUENCE_MASS_PER_BIN,energy_fluence_mass_i = energy_center_MeV_i * probability_mass_bin_i,PROJECT_15MV_40x40,15MV_40x40_interpolated,linear_between_6MV_and_18MV_same_field,linear_between_6MV_and_18MV_same_field,,,,/home/a/projects/particle-accelerator-shielding-simulator/geant4sim/GUI/geant4GUI/photon_neutron_bpe_app/photon_wall_simulation_core.py,9f2f53dab99971884f4a97bea897d6a0ebb61dd1d6a65daf7b634f589941222e,/home/a/projects/Radiation_Research/radiation_shielding/Radiation-Shielding-Research/results/phase1/source_models/source_library_snapshot/photon_wall_simulation_core__9f2f53dab9997188.py,9f2f53dab99971884f4a97bea897d6a0ebb61dd1d6a65daf7b634f589941222e,True
1.15,1.25,1.2,0.017155219474443272,0.017155219474443272,0.017155219474443272,PHOTON_NUMBER_PROBABILITY_MASS_PER_BIN,ENERGY_FLUENCE_MASS_PER_BIN,energy_fluence_mass_i = energy_center_MeV_i * probability_mass_bin_i,PROJECT_15MV_40x40,15MV_40x40_interpolated,linear_between_6MV_and_18MV_same_field,linear_between_6MV_and_18MV_same_field,,,,/home/a/projects/particle-accelerator-shielding-simulator/geant4sim/GUI/geant4GUI/photon_neutron_bpe_app/photon_wall_simulation_core.py,9f2f53dab99971884f4a97bea897d6a0ebb61dd1d6a65daf7b634f589941222e,/home/a/projects/Radiation_Research/radiation_shielding/Radiation-Shielding-Research/results/phase1/source_models/source_library_snapshot/photon_wall_simulation_core__9f2f53dab9997188.py,9f2f53dab99971884f4a97bea897d6a0ebb61dd1d6a65daf7b634f589941222e,True
1.25,1.35,1.3,0.014951362013289796,0.014951362013289796,0.014951362013289796,PHOTON_NUMBER_PROBABILITY_MASS_PER_BIN,ENERGY_FLUENCE_MASS_PER_BIN,energy_fluence_mass_i = energy_center_MeV_i * probability_mass_bin_i,PROJECT_15MV_40x40,15MV_40x40_interpolated,linear_between_6MV_and_18MV_same_field,linear_between_6MV_and_18MV_same_field,,,,/home/a/projects/particle-accelerator-shielding-simulator/geant4sim/GUI/geant4GUI/photon_neutron_bpe_app/photon_wall_simulation_core.py,9f2f53dab99971884f4a97bea897d6a0ebb61dd1d6a65daf7b634f589941222e,/home/a/projects/Radiation_Research/radiation_shielding/Radiation-Shielding-Research/results/phase1/source_models/source_library_snapshot/photon_wall_simulation_core__9f2f53dab9997188.py,9f2f53dab99971884f4a97bea897d6a0ebb61dd1d6a65daf7b634f589941222e,True
1.35,1.45,1.4,0.013655959416349516,0.013655959416349516,0.013655959416349516,PHOTON_NUMBER_PROBABILITY_MASS_PER_BIN,ENERGY_FLUENCE_MASS_PER_BIN,energy_fluence_mass_i = energy_center_MeV_i * probability_mass_bin_i,PROJECT_15MV_40x40,15MV_40x40_interpolated,linear_between_6MV_and_18MV_same_field,linear_between_6MV_and_18MV_same_field,,,,/home/a/projects/particle-accelerator-shielding-simulator/geant4sim/GUI/geant4GUI/photon_neutron_bpe_app/photon_wall_simulation_core.py,9f2f53dab99971884f4a97bea897d6a0ebb61dd1d6a65daf7b634f589941222e,/home/a/projects/Radiation_Research/radiation_shielding/Radiation-Shielding-Research/results/phase1/source_models/source_library_snapshot/photon_wall_simulation_core__9f2f53dab9997188.py,9f2f53dab99971884f4a97bea897d6a0ebb61dd1d6a65daf7b634f589941222e,True
1.45,1.55,1.5,0.01269288384843645,0.01269288384843645,0.01269288384843645,PHOTON_NUMBER_PROBABILITY_MASS_PER_BIN,ENERGY_FLUENCE_MASS_PER_BIN,energy_fluence_mass_i = energy_center_MeV_i * probability_mass_bin_i,PROJECT_15MV_40x40,15MV_40x40_interpolated,linear_between_6MV_and_18MV_same_field,linear_between_6MV_and_18MV_same_field,,,,/home/a/projects/particle-accelerator-shielding-simulator/geant4sim/GUI/geant4GUI/photon_neutron_bpe_app/photon_wall_simulation_core.py,9f2f53dab99971884f4a97bea897d6a0ebb61dd1d6a65daf7b634f589941222e,/home/a/projects/Radiation_Research/radiation_shielding/Radiation-Shielding-Research/results/phase1/source_models/source_library_snapshot/photon_wall_simulation_core__9f2f53dab9997188.py,9f2f53dab99971884f4a97bea897d6a0ebb61dd1d6a65daf7b634f589941222e,True
1.55,1.65,1.6,0.011920809222606094,0.011920809222606094,0.011920809222606094,PHOTON_NUMBER_PROBABILITY_MASS_PER_BIN,ENERGY_FLUENCE_MASS_PER_BIN,energy_fluence_mass_i = energy_center_MeV_i * probability_mass_bin_i,PROJECT_15MV_40x40,15MV_40x40_interpolated,linear_between_6MV_and_18MV_same_field,linear_between_6MV_and_18MV_same_field,,,,/home/a/projects/particle-accelerator-shielding-simulator/geant4sim/GUI/geant4GUI/photon_neutron_bpe_app/photon_wall_simulation_core.py,9f2f53dab99971884f4a97bea897d6a0ebb61dd1d6a65daf7b634f589941222e,/home/a/projects/Radiation_Research/radiation_shielding/Radiation-Shielding-Research/results/phase1/source_models/source_library_snapshot/photon_wall_simulation_core__9f2f53dab9997188.py,9f2f53dab99971884f4a97bea897d6a0ebb61dd1d6a65daf7b634f589941222e,True
1.65,1.75,1.7,0.011287181604584796,0.011287181604584796,0.011287181604584796,PHOTON_NUMBER_PROBABILITY_MASS_PER_BIN,ENERGY_FLUENCE_MASS_PER_BIN,energy_fluence_mass_i = energy_center_MeV_i * probability_mass_bin_i,PROJECT_15MV_40x40,15MV_40x40_interpolated,linear_between_6MV_and_18MV_same_field,linear_between_6MV_and_18MV_same_field,,,,/home/a/projects/particle-accelerator-shielding-simulator/geant4sim/GUI/geant4GUI/photon_neutron_bpe_app/photon_wall_simulation_core.py,9f2f53dab99971884f4a97bea897d6a0ebb61dd1d6a65daf7b634f589941222e,/home/a/projects/Radiation_Research/radiation_shielding/Radiation-Shielding-Research/results/phase1/source_models/source_library_snapshot/photon_wall_simulation_core__9f2f53dab9997188.py,9f2f53dab99971884f4a97bea897d6a0ebb61dd1d6a65daf7b634f589941222e,True
1.75,1.85,1.8,0.01069740637870854,0.01069740637870854,0.01069740637870854,PHOTON_NUMBER_PROBABILITY_MASS_PER_BIN,ENERGY_FLUENCE_MASS_PER_BIN,energy_fluence_mass_i = energy_center_MeV_i * probability_mass_bin_i,PROJECT_15MV_40x40,15MV_40x40_interpolated,linear_between_6MV_and_18MV_same_field,linear_between_6MV_and_18MV_same_field,,,,/home/a/projects/particle-accelerator-shielding-simulator/geant4sim/GUI/geant4GUI/photon_neutron_bpe_app/photon_wall_simulation_core.py,9f2f53dab99971884f4a97bea897d6a0ebb61dd1d6a65daf7b634f589941222e,/home/a/projects/Radiation_Research/radiation_shielding/Radiation-Shielding-Research/results/phase1/source_models/source_library_snapshot/photon_wall_simulation_core__9f2f53dab9997188.py,9f2f53dab99971884f4a97bea897d6a0ebb61dd1d6a65daf7b634f589941222e,True
1.85,1.95,1.9,0.010149772633896033,0.010149772633896033,0.010149772633896033,PHOTON_NUMBER_PROBABILITY_MASS_PER_BIN,ENERGY_FLUENCE_MASS_PER_BIN,energy_fluence_mass_i = energy_center_MeV_i * probability_mass_bin_i,PROJECT_15MV_40x40,15MV_40x40_interpolated,linear_between_6MV_and_18MV_same_field,linear_between_6MV_and_18MV_same_field,,,,/home/a/projects/particle-accelerator-shielding-simulator/geant4sim/GUI/geant4GUI/photon_neutron_bpe_app/photon_wall_simulation_core.py,9f2f53dab99971884f4a97bea897d6a0ebb61dd1d6a65daf7b634f589941222e,/home/a/projects/Radiation_Research/radiation_shielding/Radiation-Shielding-Research/results/phase1/source_models/source_library_snapshot/photon_wall_simulation_core__9f2f53dab9997188.py,9f2f53dab99971884f4a97bea897d6a0ebb61dd1d6a65daf7b634f589941222e,True
1.95,2.05,2.0,0.009681583503606782,0.009681583503606782,0.009681583503606782,PHOTON_NUMBER_PROBABILITY_MASS_PER_BIN,ENERGY_FLUENCE_MASS_PER_BIN,energy_fluence_mass_i = energy_center_MeV_i * probability_mass_bin_i,PROJECT_15MV_40x40,15MV_40x40_interpolated,linear_between_6MV_and_18MV_same_field,linear_between_6MV_and_18MV_same_field,,,,/home/a/projects/particle-accelerator-shielding-simulator/geant4sim/GUI/geant4GUI/photon_neutron_bpe_app/photon_wall_simulation_core.py,9f2f53dab99971884f4a97bea897d6a0ebb61dd1d6a65daf7b634f589941222e,/home/a/projects/Radiation_Research/radiation_shielding/Radiation-Shielding-Research/results/phase1/source_models/source_library_snapshot/photon_wall_simulation_core__9f2f53dab9997188.py,9f2f53dab99971884f4a97bea897d6a0ebb61dd1d6a65daf7b634f589941222e,True
2.05,2.1500000000000004,2.1,0.009279871679077767,0.009279871679077767,0.009279871679077767,PHOTON_NUMBER_PROBABILITY_MASS_PER_BIN,ENERGY_FLUENCE_MASS_PER_BIN,energy_fluence_mass_i = energy_center_MeV_i * probability_mass_bin_i,PROJECT_15MV_40x40,15MV_40x40_interpolated,linear_between_6MV_and_18MV_same_field,linear_between_6MV_and_18MV_same_field,,,,/home/a/projects/particle-accelerator-shielding-simulator/geant4sim/GUI/geant4GUI/photon_neutron_bpe_app/photon_wall_simulation_core.py,9f2f53dab99971884f4a97bea897d6a0ebb61dd1d6a65daf7b634f589941222e,/home/a/projects/Radiation_Research/radiation_shielding/Radiation-Shielding-Research/results/phase1/source_models/source_library_snapshot/photon_wall_simulation_core__9f2f53dab9997188.py,9f2f53dab99971884f4a97bea897d6a0ebb61dd1d6a65daf7b634f589941222e,True
2.1500000000000004,2.25,2.2,0.008912926080031462,0.008912926080031462,0.008912926080031462,PHOTON_NUMBER_PROBABILITY_MASS_PER_BIN,ENERGY_FLUENCE_MASS_PER_BIN,energy_fluence_mass_i = energy_center_MeV_i * probability_mass_bin_i,PROJECT_15MV_40x40,15MV_40x40_interpolated,linear_between_6MV_and_18MV_same_field,linear_between_6MV_and_18MV_same_field,,,,/home/a/projects/particle-accelerator-shielding-simulator/geant4sim/GUI/geant4GUI/photon_neutron_bpe_app/photon_wall_simulation_core.py,9f2f53dab99971884f4a97bea897d6a0ebb61dd1d6a65daf7b634f589941222e,/home/a/projects/Radiation_Research/radiation_shielding/Radiation-Shielding-Research/results/phase1/source_models/source_library_snapshot/photon_wall_simulation_core__9f2f53dab9997188.py,9f2f53dab99971884f4a97bea897d6a0ebb61dd1d6a65daf7b634f589941222e,True
2.25,2.3499999999999996,2.3,0.008581397774917357,0.008581397774917357,0.008581397774917357,PHOTON_NUMBER_PROBABILITY_MASS_PER_BIN,ENERGY_FLUENCE_MASS_PER_BIN,energy_fluence_mass_i = energy_center_MeV_i * probability_mass_bin_i,PROJECT_15MV_40x40,15MV_40x40_interpolated,linear_between_6MV_and_18MV_same_field,linear_between_6MV_and_18MV_same_field,,,,/home/a/projects/particle-accelerator-shielding-simulator/geant4sim/GUI/geant4GUI/photon_neutron_bpe_app/photon_wall_simulation_core.py,9f2f53dab99971884f4a97bea897d6a0ebb61dd1d6a65daf7b634f589941222e,/home/a/projects/Radiation_Research/radiation_shielding/Radiation-Shielding-Research/results/phase1/source_models/source_library_snapshot/photon_wall_simulation_core__9f2f53dab9997188.py,9f2f53dab99971884f4a97bea897d6a0ebb61dd1d6a65daf7b634f589941222e,True
2.3499999999999996,2.45,2.4,0.00846919620677255,0.00846919620677255,0.00846919620677255,PHOTON_NUMBER_PROBABILITY_MASS_PER_BIN,ENERGY_FLUENCE_MASS_PER_BIN,energy_fluence_mass_i = energy_center_MeV_i * probability_mass_bin_i,PROJECT_15MV_40x40,15MV_40x40_interpolated,linear_between_6MV_and_18MV_same_field,linear_between_6MV_and_18MV_same_field,,,,/home/a/projects/particle-accelerator-shielding-simulator/geant4sim/GUI/geant4GUI/photon_neutron_bpe_app/photon_wall_simulation_core.py,9f2f53dab99971884f4a97bea897d6a0ebb61dd1d6a65daf7b634f589941222e,/home/a/projects/Radiation_Research/radiation_shielding/Radiation-Shielding-Research/results/phase1/source_models/source_library_snapshot/photon_wall_simulation_core__9f2f53dab9997188.py,9f2f53dab99971884f4a97bea897d6a0ebb61dd1d6a65daf7b634f589941222e,True
2.45,2.55,2.5,0.008420830011780159,0.008420830011780159,0.008420830011780159,PHOTON_NUMBER_PROBABILITY_MASS_PER_BIN,ENERGY_FLUENCE_MASS_PER_BIN,energy_fluence_mass_i = energy_center_MeV_i * probability_mass_bin_i,PROJECT_15MV_40x40,15MV_40x40_interpolated,linear_between_6MV_and_18MV_same_field,linear_between_6MV_and_18MV_same_field,,,,/home/a/projects/particle-accelerator-shielding-simulator/geant4sim/GUI/geant4GUI/photon_neutron_bpe_app/photon_wall_simulation_core.py,9f2f53dab99971884f4a97bea897d6a0ebb61dd1d6a65daf7b634f589941222e,/home/a/projects/Radiation_Research/radiation_shielding/Radiation-Shielding-Research/results/phase1/source_models/source_library_snapshot/photon_wall_simulation_core__9f2f53dab9997188.py,9f2f53dab99971884f4a97bea897d6a0ebb61dd1d6a65daf7b634f589941222e,True
2.55,2.6500000000000004,2.6,0.008391596655721706,0.008391596655721706,0.008391596655721706,PHOTON_NUMBER_PROBABILITY_MASS_PER_BIN,ENERGY_FLUENCE_MASS_PER_BIN,energy_fluence_mass_i = energy_center_MeV_i * probability_mass_bin_i,PROJECT_15MV_40x40,15MV_40x40_interpolated,linear_between_6MV_and_18MV_same_field,linear_between_6MV_and_18MV_same_field,,,,/home/a/projects/particle-accelerator-shielding-simulator/geant4sim/GUI/geant4GUI/photon_neutron_bpe_app/photon_wall_simulation_core.py,9f2f53dab99971884f4a97bea897d6a0ebb61dd1d6a65daf7b634f589941222e,/home/a/projects/Radiation_Research/radiation_shielding/Radiation-Shielding-Research/results/phase1/source_models/source_library_snapshot/photon_wall_simulation_core__9f2f53dab9997188.py,9f2f53dab99971884f4a97bea897d6a0ebb61dd1d6a65daf7b634f589941222e,True
2.6500000000000004,2.75,2.7,0.008431614981662805,0.008431614981662805,0.008431614981662805,PHOTON_NUMBER_PROBABILITY_MASS_PER_BIN,ENERGY_FLUENCE_MASS_PER_BIN,energy_fluence_mass_i = energy_center_MeV_i * probability_mass_bin_i,PROJECT_15MV_40x40,15MV_40x40_interpolated,linear_between_6MV_and_18MV_same_field,linear_between_6MV_and_18MV_same_field,,,,/home/a/projects/particle-accelerator-shielding-simulator/geant4sim/GUI/geant4GUI/photon_neutron_bpe_app/photon_wall_simulation_core.py,9f2f53dab99971884f4a97bea897d6a0ebb61dd1d6a65daf7b634f589941222e,/home/a/projects/Radiation_Research/radiation_shielding/Radiation-Shielding-Research/results/phase1/source_models/source_library_snapshot/photon_wall_simulation_core__9f2f53dab9997188.py,9f2f53dab99971884f4a97bea897d6a0ebb61dd1d6a65daf7b634f589941222e,True
2.75,2.8499999999999996,2.8,0.008538249365255076,0.008538249365255076,0.008538249365255076,PHOTON_NUMBER_PROBABILITY_MASS_PER_BIN,ENERGY_FLUENCE_MASS_PER_BIN,energy_fluence_mass_i = energy_center_MeV_i * probability_mass_bin_i,PROJECT_15MV_40x40,15MV_40x40_interpolated,linear_between_6MV_and_18MV_same_field,linear_between_6MV_and_18MV_same_field,,,,/home/a/projects/particle-accelerator-shielding-simulator/geant4sim/GUI/geant4GUI/photon_neutron_bpe_app/photon_wall_simulation_core.py,9f2f53dab99971884f4a97bea897d6a0ebb61dd1d6a65daf7b634f589941222e,/home/a/projects/Radiation_Research/radiation_shielding/Radiation-Shielding-Research/results/phase1/source_models/source_library_snapshot/photon_wall_simulation_core__9f2f53dab9997188.py,9f2f53dab99971884f4a97bea897d6a0ebb61dd1d6a65daf7b634f589941222e,True
2.8499999999999996,2.95,2.9,0.00868039395372307,0.00868039395372307,0.00868039395372307,PHOTON_NUMBER_PROBABILITY_MASS_PER_BIN,ENERGY_FLUENCE_MASS_PER_BIN,energy_fluence_mass_i = energy_center_MeV_i * probability_mass_bin_i,PROJECT_15MV_40x40,15MV_40x40_interpolated,linear_between_6MV_and_18MV_same_field,linear_between_6MV_and_18MV_same_field,,,,/home/a/projects/particle-accelerator-shielding-simulator/geant4sim/GUI/geant4GUI/photon_neutron_bpe_app/photon_wall_simulation_core.py,9f2f53dab99971884f4a97bea897d6a0ebb61dd1d6a65daf7b634f589941222e,/home/a/projects/Radiation_Research/radiation_shielding/Radiation-Shielding-Research/results/phase1/source_models/source_library_snapshot/photon_wall_simulation_core__9f2f53dab9997188.py,9f2f53dab99971884f4a97bea897d6a0ebb61dd1d6a65daf7b634f589941222e,True
2.95,3.05,3.0,0.008834724025440197,0.008834724025440197,0.008834724025440197,PHOTON_NUMBER_PROBABILITY_MASS_PER_BIN,ENERGY_FLUENCE_MASS_PER_BIN,energy_fluence_mass_i = energy_center_MeV_i * probability_mass_bin_i,PROJECT_15MV_40x40,15MV_40x40_interpolated,linear_between_6MV_and_18MV_same_field,linear_between_6MV_and_18MV_same_field,,,,/home/a/projects/particle-accelerator-shielding-simulator/geant4sim/GUI/geant4GUI/photon_neutron_bpe_app/photon_wall_simulation_core.py,9f2f53dab99971884f4a97bea897d6a0ebb61dd1d6a65daf7b634f589941222e,/home/a/projects/Radiation_Research/radiation_shielding/Radiation-Shielding-Research/results/phase1/source_models/source_library_snapshot/photon_wall_simulation_core__9f2f53dab9997188.py,9f2f53dab99971884f4a97bea897d6a0ebb61dd1d6a65daf7b634f589941222e,True
3.05,3.1500000000000004,3.1,0.009013748274527698,0.009013748274527698,0.009013748274527698,PHOTON_NUMBER_PROBABILITY_MASS_PER_BIN,ENERGY_FLUENCE_MASS_PER_BIN,energy_fluence_mass_i = energy_center_MeV_i * probability_mass_bin_i,PROJECT_15MV_40x40,15MV_40x40_interpolated,linear_between_6MV_and_18MV_same_field,linear_between_6MV_and_18MV_same_field,,,,/home/a/projects/particle-accelerator-shielding-simulator/geant4sim/GUI/geant4GUI/photon_neutron_bpe_app/photon_wall_simulation_core.py,9f2f53dab99971884f4a97bea897d6a0ebb61dd1d6a65daf7b634f589941222e,/home/a/projects/Radiation_Research/radiation_shielding/Radiation-Shielding-Research/results/phase1/source_models/source_library_snapshot/photon_wall_simulation_core__9f2f53dab9997188.py,9f2f53dab99971884f4a97bea897d6a0ebb61dd1d6a65daf7b634f589941222e,True
3.1500000000000004,3.25,3.2,0.009267307614089271,0.009267307614089271,0.009267307614089271,PHOTON_NUMBER_PROBABILITY_MASS_PER_BIN,ENERGY_FLUENCE_MASS_PER_BIN,energy_fluence_mass_i = energy_center_MeV_i * probability_mass_bin_i,PROJECT_15MV_40x40,15MV_40x40_interpolated,linear_between_6MV_and_18MV_same_field,linear_between_6MV_and_18MV_same_field,,,,/home/a/projects/particle-accelerator-shielding-simulator/geant4sim/GUI/geant4GUI/photon_neutron_bpe_app/photon_wall_simulation_core.py,9f2f53dab99971884f4a97bea897d6a0ebb61dd1d6a65daf7b634f589941222e,/home/a/projects/Radiation_Research/radiation_shielding/Radiation-Shielding-Research/results/phase1/source_models/source_library_snapshot/photon_wall_simulation_core__9f2f53dab9997188.py,9f2f53dab99971884f4a97bea897d6a0ebb61dd1d6a65daf7b634f589941222e,True
3.25,3.3499999999999996,3.3,0.00949392814592219,0.00949392814592219,0.00949392814592219,PHOTON_NUMBER_PROBABILITY_MASS_PER_BIN,ENERGY_FLUENCE_MASS_PER_BIN,energy_fluence_mass_i = energy_center_MeV_i * probability_mass_bin_i,PROJECT_15MV_40x40,15MV_40x40_interpolated,linear_between_6MV_and_18MV_same_field,linear_between_6MV_and_18MV_same_field,,,,/home/a/projects/particle-accelerator-shielding-simulator/geant4sim/GUI/geant4GUI/photon_neutron_bpe_app/photon_wall_simulation_core.py,9f2f53dab99971884f4a97bea897d6a0ebb61dd1d6a65daf7b634f589941222e,/home/a/projects/Radiation_Research/radiation_shielding/Radiation-Shielding-Research/results/phase1/source_models/source_library_snapshot/photon_wall_simulation_core__9f2f53dab9997188.py,9f2f53dab99971884f4a97bea897d6a0ebb61dd1d6a65daf7b634f589941222e,True
3.3499999999999996,3.45,3.4,0.00969861096855166,0.00969861096855166,0.00969861096855166,PHOTON_NUMBER_PROBABILITY_MASS_PER_BIN,ENERGY_FLUENCE_MASS_PER_BIN,energy_fluence_mass_i = energy_center_MeV_i * probability_mass_bin_i,PROJECT_15MV_40x40,15MV_40x40_interpolated,linear_between_6MV_and_18MV_same_field,linear_between_6MV_and_18MV_same_field,,,,/home/a/projects/particle-accelerator-shielding-simulator/geant4sim/GUI/geant4GUI/photon_neutron_bpe_app/photon_wall_simulation_core.py,9f2f53dab99971884f4a97bea897d6a0ebb61dd1d6a65daf7b634f589941222e,/home/a/projects/Radiation_Research/radiation_shielding/Radiation-Shielding-Research/results/phase1/source_models/source_library_snapshot/photon_wall_simulation_core__9f2f53dab9997188.py,9f2f53dab99971884f4a97bea897d6a0ebb61dd1d6a65daf7b634f589941222e,True
3.45,3.55,3.5,0.009878354440402045,0.009878354440402045,0.009878354440402045,PHOTON_NUMBER_PROBABILITY_MASS_PER_BIN,ENERGY_FLUENCE_MASS_PER_BIN,energy_fluence_mass_i = energy_center_MeV_i * probability_mass_bin_i,PROJECT_15MV_40x40,15MV_40x40_interpolated,linear_between_6MV_and_18MV_same_field,linear_between_6MV_and_18MV_same_field,,,,/home/a/projects/particle-accelerator-shielding-simulator/geant4sim/GUI/geant4GUI/photon_neutron_bpe_app/photon_wall_simulation_core.py,9f2f53dab99971884f4a97bea897d6a0ebb61dd1d6a65daf7b634f589941222e,/home/a/projects/Radiation_Research/radiation_shielding/Radiation-Shielding-Research/results/phase1/source_models/source_library_snapshot/photon_wall_simulation_core__9f2f53dab9997188.py,9f2f53dab99971884f4a97bea897d6a0ebb61dd1d6a65daf7b634f589941222e,True
3.55,3.6500000000000004,3.6,0.009957373196440595,0.009957373196440595,0.009957373196440595,PHOTON_NUMBER_PROBABILITY_MASS_PER_BIN,ENERGY_FLUENCE_MASS_PER_BIN,energy_fluence_mass_i = energy_center_MeV_i * probability_mass_bin_i,PROJECT_15MV_40x40,15MV_40x40_interpolated,linear_between_6MV_and_18MV_same_field,linear_between_6MV_and_18MV_same_field,,,,/home/a/projects/particle-accelerator-shielding-simulator/geant4sim/GUI/geant4GUI/photon_neutron_bpe_app/photon_wall_simulation_core.py,9f2f53dab99971884f4a97bea897d6a0ebb61dd1d6a65daf7b634f589941222e,/home/a/projects/Radiation_Research/radiation_shielding/Radiation-Shielding-Research/results/phase1/source_models/source_library_snapshot/photon_wall_simulation_core__9f2f53dab9997188.py,9f2f53dab99971884f4a97bea897d6a0ebb61dd1d6a65daf7b634f589941222e,True
3.6500000000000004,3.75,3.7,0.01001393486227545,0.01001393486227545,0.01001393486227545,PHOTON_NUMBER_PROBABILITY_MASS_PER_BIN,ENERGY_FLUENCE_MASS_PER_BIN,energy_fluence_mass_i = energy_center_MeV_i * probability_mass_bin_i,PROJECT_15MV_40x40,15MV_40x40_interpolated,linear_between_6MV_and_18MV_same_field,linear_between_6MV_and_18MV_same_field,,,,/home/a/projects/particle-accelerator-shielding-simulator/geant4sim/GUI/geant4GUI/photon_neutron_bpe_app/photon_wall_simulation_core.py,9f2f53dab99971884f4a97bea897d6a0ebb61dd1d6a65daf7b634f589941222e,/home/a/projects/Radiation_Research/radiation_shielding/Radiation-Shielding-Research/results/phase1/source_models/source_library_snapshot/photon_wall_simulation_core__9f2f53dab9997188.py,9f2f53dab99971884f4a97bea897d6a0ebb61dd1d6a65daf7b634f589941222e,True
3.75,3.8499999999999996,3.8,0.010050714615478365,0.010050714615478365,0.010050714615478365,PHOTON_NUMBER_PROBABILITY_MASS_PER_BIN,ENERGY_FLUENCE_MASS_PER_BIN,energy_fluence_mass_i = energy_center_MeV_i * probability_mass_bin_i,PROJECT_15MV_40x40,15MV_40x40_interpolated,linear_between_6MV_and_18MV_same_field,linear_between_6MV_and_18MV_same_field,,,,/home/a/projects/particle-accelerator-shielding-simulator/geant4sim/GUI/geant4GUI/photon_neutron_bpe_app/photon_wall_simulation_core.py,9f2f53dab99971884f4a97bea897d6a0ebb61dd1d6a65daf7b634f589941222e,/home/a/projects/Radiation_Research/radiation_shielding/Radiation-Shielding-Research/results/phase1/source_models/source_library_snapshot/photon_wall_simulation_core__9f2f53dab9997188.py,9f2f53dab99971884f4a97bea897d6a0ebb61dd1d6a65daf7b634f589941222e,True
3.8499999999999996,3.95,3.9,0.010085317897082115,0.010085317897082115,0.010085317897082115,PHOTON_NUMBER_PROBABILITY_MASS_PER_BIN,ENERGY_FLUENCE_MASS_PER_BIN,energy_fluence_mass_i = energy_center_MeV_i * probability_mass_bin_i,PROJECT_15MV_40x40,15MV_40x40_interpolated,linear_between_6MV_and_18MV_same_field,linear_between_6MV_and_18MV_same_field,,,,/home/a/projects/particle-accelerator-shielding-simulator/geant4sim/GUI/geant4GUI/photon_neutron_bpe_app/photon_wall_simulation_core.py,9f2f53dab99971884f4a97bea897d6a0ebb61dd1d6a65daf7b634f589941222e,/home/a/projects/Radiation_Research/radiation_shielding/Radiation-Shielding-Research/results/phase1/source_models/source_library_snapshot/photon_wall_simulation_core__9f2f53dab9997188.py,9f2f53dab99971884f4a97bea897d6a0ebb61dd1d6a65daf7b634f589941222e,True
3.95,4.05,4.0,0.010114364108635027,0.010114364108635027,0.010114364108635027,PHOTON_NUMBER_PROBABILITY_MASS_PER_BIN,ENERGY_FLUENCE_MASS_PER_BIN,energy_fluence_mass_i = energy_center_MeV_i * probability_mass_bin_i,PROJECT_15MV_40x40,15MV_40x40_interpolated,linear_between_6MV_and_18MV_same_field,linear_between_6MV_and_18MV_same_field,,,,/home/a/projects/particle-accelerator-shielding-simulator/geant4sim/GUI/geant4GUI/photon_neutron_bpe_app/photon_wall_simulation_core.py,9f2f53dab99971884f4a97bea897d6a0ebb61dd1d6a65daf7b634f589941222e,/home/a/projects/Radiation_Research/radiation_shielding/Radiation-Shielding-Research/results/phase1/source_models/source_library_snapshot/photon_wall_simulation_core__9f2f53dab9997188.py,9f2f53dab99971884f4a97bea897d6a0ebb61dd1d6a65daf7b634f589941222e,True
4.05,4.15,4.1,0.010137672363836446,0.010137672363836446,0.010137672363836446,PHOTON_NUMBER_PROBABILITY_MASS_PER_BIN,ENERGY_FLUENCE_MASS_PER_BIN,energy_fluence_mass_i = energy_center_MeV_i * probability_mass_bin_i,PROJECT_15MV_40x40,15MV_40x40_interpolated,linear_between_6MV_and_18MV_same_field,linear_between_6MV_and_18MV_same_field,,,,/home/a/projects/particle-accelerator-shielding-simulator/geant4sim/GUI/geant4GUI/photon_neutron_bpe_app/photon_wall_simulation_core.py,9f2f53dab99971884f4a97bea897d6a0ebb61dd1d6a65daf7b634f589941222e,/home/a/projects/Radiation_Research/radiation_shielding/Radiation-Shielding-Research/results/phase1/source_models/source_library_snapshot/photon_wall_simulation_core__9f2f53dab9997188.py,9f2f53dab99971884f4a97bea897d6a0ebb61dd1d6a65daf7b634f589941222e,True
4.15,4.25,4.2,0.010146380141574367,0.010146380141574367,0.010146380141574367,PHOTON_NUMBER_PROBABILITY_MASS_PER_BIN,ENERGY_FLUENCE_MASS_PER_BIN,energy_fluence_mass_i = energy_center_MeV_i * probability_mass_bin_i,PROJECT_15MV_40x40,15MV_40x40_interpolated,linear_between_6MV_and_18MV_same_field,linear_between_6MV_and_18MV_same_field,,,,/home/a/projects/particle-accelerator-shielding-simulator/geant4sim/GUI/geant4GUI/photon_neutron_bpe_app/photon_wall_simulation_core.py,9f2f53dab99971884f4a97bea897d6a0ebb61dd1d6a65daf7b634f589941222e,/home/a/projects/Radiation_Research/radiation_shielding/Radiation-Shielding-Research/results/phase1/source_models/source_library_snapshot/photon_wall_simulation_core__9f2f53dab9997188.py,9f2f53dab99971884f4a97bea897d6a0ebb61dd1d6a65daf7b634f589941222e,True
4.25,4.35,4.3,0.010166309207991185,0.010166309207991185,0.010166309207991185,PHOTON_NUMBER_PROBABILITY_MASS_PER_BIN,ENERGY_FLUENCE_MASS_PER_BIN,energy_fluence_mass_i = energy_center_MeV_i * probability_mass_bin_i,PROJECT_15MV_40x40,15MV_40x40_interpolated,linear_between_6MV_and_18MV_same_field,linear_between_6MV_and_18MV_same_field,,,,/home/a/projects/particle-accelerator-shielding-simulator/geant4sim/GUI/geant4GUI/photon_neutron_bpe_app/photon_wall_simulation_core.py,9f2f53dab99971884f4a97bea897d6a0ebb61dd1d6a65daf7b634f589941222e,/home/a/projects/Radiation_Research/radiation_shielding/Radiation-Shielding-Research/results/phase1/source_models/source_library_snapshot/photon_wall_simulation_core__9f2f53dab9997188.py,9f2f53dab99971884f4a97bea897d6a0ebb61dd1d6a65daf7b634f589941222e,True
4.35,4.45,4.4,0.010195449211099931,0.010195449211099931,0.010195449211099931,PHOTON_NUMBER_PROBABILITY_MASS_PER_BIN,ENERGY_FLUENCE_MASS_PER_BIN,energy_fluence_mass_i = energy_center_MeV_i * probability_mass_bin_i,PROJECT_15MV_40x40,15MV_40x40_interpolated,linear_between_6MV_and_18MV_same_field,linear_between_6MV_and_18MV_same_field,,,,/home/a/projects/particle-accelerator-shielding-simulator/geant4sim/GUI/geant4GUI/photon_neutron_bpe_app/photon_wall_simulation_core.py,9f2f53dab99971884f4a97bea897d6a0ebb61dd1d6a65daf7b634f589941222e,/home/a/projects/Radiation_Research/radiation_shielding/Radiation-Shielding-Research/results/phase1/source_models/source_library_snapshot/photon_wall_simulation_core__9f2f53dab9997188.py,9f2f53dab99971884f4a97bea897d6a0ebb61dd1d6a65daf7b634f589941222e,True
4.45,4.55,4.5,0.010229122627745767,0.010229122627745767,0.010229122627745767,PHOTON_NUMBER_PROBABILITY_MASS_PER_BIN,ENERGY_FLUENCE_MASS_PER_BIN,energy_fluence_mass_i = energy_center_MeV_i * probability_mass_bin_i,PROJECT_15MV_40x40,15MV_40x40_interpolated,linear_between_6MV_and_18MV_same_field,linear_between_6MV_and_18MV_same_field,,,,/home/a/projects/particle-accelerator-shielding-simulator/geant4sim/GUI/geant4GUI/photon_neutron_bpe_app/photon_wall_simulation_core.py,9f2f53dab99971884f4a97bea897d6a0ebb61dd1d6a65daf7b634f589941222e,/home/a/projects/Radiation_Research/radiation_shielding/Radiation-Shielding-Research/results/phase1/source_models/source_library_snapshot/photon_wall_simulation_core__9f2f53dab9997188.py,9f2f53dab99971884f4a97bea897d6a0ebb61dd1d6a65daf7b634f589941222e,True
4.55,4.65,4.6,0.010253039343827331,0.010253039343827331,0.010253039343827331,PHOTON_NUMBER_PROBABILITY_MASS_PER_BIN,ENERGY_FLUENCE_MASS_PER_BIN,energy_fluence_mass_i = energy_center_MeV_i * probability_mass_bin_i,PROJECT_15MV_40x40,15MV_40x40_interpolated,linear_between_6MV_and_18MV_same_field,linear_between_6MV_and_18MV_same_field,,,,/home/a/projects/particle-accelerator-shielding-simulator/geant4sim/GUI/geant4GUI/photon_neutron_bpe_app/photon_wall_simulation_core.py,9f2f53dab99971884f4a97bea897d6a0ebb61dd1d6a65daf7b634f589941222e,/home/a/projects/Radiation_Research/radiation_shielding/Radiation-Shielding-Research/results/phase1/source_models/source_library_snapshot/photon_wall_simulation_core__9f2f53dab9997188.py,9f2f53dab99971884f4a97bea897d6a0ebb61dd1d6a65daf7b634f589941222e,True
4.65,4.75,4.7,0.010269456435487037,0.010269456435487037,0.010269456435487037,PHOTON_NUMBER_PROBABILITY_MASS_PER_BIN,ENERGY_FLUENCE_MASS_PER_BIN,energy_fluence_mass_i = energy_center_MeV_i * probability_mass_bin_i,PROJECT_15MV_40x40,15MV_40x40_interpolated,linear_between_6MV_and_18MV_same_field,linear_between_6MV_and_18MV_same_field,,,,/home/a/projects/particle-accelerator-shielding-simulator/geant4sim/GUI/geant4GUI/photon_neutron_bpe_app/photon_wall_simulation_core.py,9f2f53dab99971884f4a97bea897d6a0ebb61dd1d6a65daf7b634f589941222e,/home/a/projects/Radiation_Research/radiation_shielding/Radiation-Shielding-Research/results/phase1/source_models/source_library_snapshot/photon_wall_simulation_core__9f2f53dab9997188.py,9f2f53dab99971884f4a97bea897d6a0ebb61dd1d6a65daf7b634f589941222e,True
4.75,4.85,4.8,0.010278575706367307,0.010278575706367307,0.010278575706367307,PHOTON_NUMBER_PROBABILITY_MASS_PER_BIN,ENERGY_FLUENCE_MASS_PER_BIN,energy_fluence_mass_i = energy_center_MeV_i * probability_mass_bin_i,PROJECT_15MV_40x40,15MV_40x40_interpolated,linear_between_6MV_and_18MV_same_field,linear_between_6MV_and_18MV_same_field,,,,/home/a/projects/particle-accelerator-shielding-simulator/geant4sim/GUI/geant4GUI/photon_neutron_bpe_app/photon_wall_simulation_core.py,9f2f53dab99971884f4a97bea897d6a0ebb61dd1d6a65daf7b634f589941222e,/home/a/projects/Radiation_Research/radiation_shielding/Radiation-Shielding-Research/results/phase1/source_models/source_library_snapshot/photon_wall_simulation_core__9f2f53dab9997188.py,9f2f53dab99971884f4a97bea897d6a0ebb61dd1d6a65daf7b634f589941222e,True
4.85,4.95,4.9,0.010280626152340664,0.010280626152340664,0.010280626152340664,PHOTON_NUMBER_PROBABILITY_MASS_PER_BIN,ENERGY_FLUENCE_MASS_PER_BIN,energy_fluence_mass_i = energy_center_MeV_i * probability_mass_bin_i,PROJECT_15MV_40x40,15MV_40x40_interpolated,linear_between_6MV_and_18MV_same_field,linear_between_6MV_and_18MV_same_field,,,,/home/a/projects/particle-accelerator-shielding-simulator/geant4sim/GUI/geant4GUI/photon_neutron_bpe_app/photon_wall_simulation_core.py,9f2f53dab99971884f4a97bea897d6a0ebb61dd1d6a65daf7b634f589941222e,/home/a/projects/Radiation_Research/radiation_shielding/Radiation-Shielding-Research/results/phase1/source_models/source_library_snapshot/photon_wall_simulation_core__9f2f53dab9997188.py,9f2f53dab99971884f4a97bea897d6a0ebb61dd1d6a65daf7b634f589941222e,True
4.95,5.05,5.0,0.010276307597557608,0.010276307597557608,0.010276307597557608,PHOTON_NUMBER_PROBABILITY_MASS_PER_BIN,ENERGY_FLUENCE_MASS_PER_BIN,energy_fluence_mass_i = energy_center_MeV_i * probability_mass_bin_i,PROJECT_15MV_40x40,15MV_40x40_interpolated,linear_between_6MV_and_18MV_same_field,linear_between_6MV_and_18MV_same_field,,,,/home/a/projects/particle-accelerator-shielding-simulator/geant4sim/GUI/geant4GUI/photon_neutron_bpe_app/photon_wall_simulation_core.py,9f2f53dab99971884f4a97bea897d6a0ebb61dd1d6a65daf7b634f589941222e,/home/a/projects/Radiation_Research/radiation_shielding/Radiation-Shielding-Research/results/phase1/source_models/source_library_snapshot/photon_wall_simulation_core__9f2f53dab9997188.py,9f2f53dab99971884f4a97bea897d6a0ebb61dd1d6a65daf7b634f589941222e,True
5.05,5.15,5.1,0.010259426912356625,0.010259426912356625,0.010259426912356625,PHOTON_NUMBER_PROBABILITY_MASS_PER_BIN,ENERGY_FLUENCE_MASS_PER_BIN,energy_fluence_mass_i = energy_center_MeV_i * probability_mass_bin_i,PROJECT_15MV_40x40,15MV_40x40_interpolated,linear_between_6MV_and_18MV_same_field,linear_between_6MV_and_18MV_same_field,,,,/home/a/projects/particle-accelerator-shielding-simulator/geant4sim/GUI/geant4GUI/photon_neutron_bpe_app/photon_wall_simulation_core.py,9f2f53dab99971884f4a97bea897d6a0ebb61dd1d6a65daf7b634f589941222e,/home/a/projects/Radiation_Research/radiation_shielding/Radiation-Shielding-Research/results/phase1/source_models/source_library_snapshot/photon_wall_simulation_core__9f2f53dab9997188.py,9f2f53dab99971884f4a97bea897d6a0ebb61dd1d6a65daf7b634f589941222e,True
5.15,5.25,5.2,0.010237948808623318,0.010237948808623318,0.010237948808623318,PHOTON_NUMBER_PROBABILITY_MASS_PER_BIN,ENERGY_FLUENCE_MASS_PER_BIN,energy_fluence_mass_i = energy_center_MeV_i * probability_mass_bin_i,PROJECT_15MV_40x40,15MV_40x40_interpolated,linear_between_6MV_and_18MV_same_field,linear_between_6MV_and_18MV_same_field,,,,/home/a/projects/particle-accelerator-shielding-simulator/geant4sim/GUI/geant4GUI/photon_neutron_bpe_app/photon_wall_simulation_core.py,9f2f53dab99971884f4a97bea897d6a0ebb61dd1d6a65daf7b634f589941222e,/home/a/projects/Radiation_Research/radiation_shielding/Radiation-Shielding-Research/results/phase1/source_models/source_library_snapshot/photon_wall_simulation_core__9f2f53dab9997188.py,9f2f53dab99971884f4a97bea897d6a0ebb61dd1d6a65daf7b634f589941222e,True
5.25,5.35,5.3,0.010206304000772371,0.010206304000772371,0.010206304000772371,PHOTON_NUMBER_PROBABILITY_MASS_PER_BIN,ENERGY_FLUENCE_MASS_PER_BIN,energy_fluence_mass_i = energy_center_MeV_i * probability_mass_bin_i,PROJECT_15MV_40x40,15MV_40x40_interpolated,linear_between_6MV_and_18MV_same_field,linear_between_6MV_and_18MV_same_field,,,,/home/a/projects/particle-accelerator-shielding-simulator/geant4sim/GUI/geant4GUI/photon_neutron_bpe_app/photon_wall_simulation_core.py,9f2f53dab99971884f4a97bea897d6a0ebb61dd1d6a65daf7b634f589941222e,/home/a/projects/Radiation_Research/radiation_shielding/Radiation-Shielding-Research/results/phase1/source_models/source_library_snapshot/photon_wall_simulation_core__9f2f53dab9997188.py,9f2f53dab99971884f4a97bea897d6a0ebb61dd1d6a65daf7b634f589941222e,True
5.35,5.45,5.4,0.010142646340747002,0.010142646340747002,0.010142646340747002,PHOTON_NUMBER_PROBABILITY_MASS_PER_BIN,ENERGY_FLUENCE_MASS_PER_BIN,energy_fluence_mass_i = energy_center_MeV_i * probability_mass_bin_i,PROJECT_15MV_40x40,15MV_40x40_interpolated,linear_between_6MV_and_18MV_same_field,linear_between_6MV_and_18MV_same_field,,,,/home/a/projects/particle-accelerator-shielding-simulator/geant4sim/GUI/geant4GUI/photon_neutron_bpe_app/photon_wall_simulation_core.py,9f2f53dab99971884f4a97bea897d6a0ebb61dd1d6a65daf7b634f589941222e,/home/a/projects/Radiation_Research/radiation_shielding/Radiation-Shielding-Research/results/phase1/source_models/source_library_snapshot/photon_wall_simulation_core__9f2f53dab9997188.py,9f2f53dab99971884f4a97bea897d6a0ebb61dd1d6a65daf7b634f589941222e,True
5.45,5.55,5.5,0.010089900082685798,0.010089900082685798,0.010089900082685798,PHOTON_NUMBER_PROBABILITY_MASS_PER_BIN,ENERGY_FLUENCE_MASS_PER_BIN,energy_fluence_mass_i = energy_center_MeV_i * probability_mass_bin_i,PROJECT_15MV_40x40,15MV_40x40_interpolated,linear_between_6MV_and_18MV_same_field,linear_between_6MV_and_18MV_same_field,,,,/home/a/projects/particle-accelerator-shielding-simulator/geant4sim/GUI/geant4GUI/photon_neutron_bpe_app/photon_wall_simulation_core.py,9f2f53dab99971884f4a97bea897d6a0ebb61dd1d6a65daf7b634f589941222e,/home/a/projects/Radiation_Research/radiation_shielding/Radiation-Shielding-Research/results/phase1/source_models/source_library_snapshot/photon_wall_simulation_core__9f2f53dab9997188.py,9f2f53dab99971884f4a97bea897d6a0ebb61dd1d6a65daf7b634f589941222e,True
5.55,5.65,5.6,0.01003901356906138,0.01003901356906138,0.01003901356906138,PHOTON_NUMBER_PROBABILITY_MASS_PER_BIN,ENERGY_FLUENCE_MASS_PER_BIN,energy_fluence_mass_i = energy_center_MeV_i * probability_mass_bin_i,PROJECT_15MV_40x40,15MV_40x40_interpolated,linear_between_6MV_and_18MV_same_field,linear_between_6MV_and_18MV_same_field,,,,/home/a/projects/particle-accelerator-shielding-simulator/geant4sim/GUI/geant4GUI/photon_neutron_bpe_app/photon_wall_simulation_core.py,9f2f53dab99971884f4a97bea897d6a0ebb61dd1d6a65daf7b634f589941222e,/home/a/projects/Radiation_Research/radiation_shielding/Radiation-Shielding-Research/results/phase1/source_models/source_library_snapshot/photon_wall_simulation_core__9f2f53dab9997188.py,9f2f53dab99971884f4a97bea897d6a0ebb61dd1d6a65daf7b634f589941222e,True
5.65,5.75,5.7,0.009980579056697586,0.009980579056697586,0.009980579056697586,PHOTON_NUMBER_PROBABILITY_MASS_PER_BIN,ENERGY_FLUENCE_MASS_PER_BIN,energy_fluence_mass_i = energy_center_MeV_i * probability_mass_bin_i,PROJECT_15MV_40x40,15MV_40x40_interpolated,linear_between_6MV_and_18MV_same_field,linear_between_6MV_and_18MV_same_field,,,,/home/a/projects/particle-accelerator-shielding-simulator/geant4sim/GUI/geant4GUI/photon_neutron_bpe_app/photon_wall_simulation_core.py,9f2f53dab99971884f4a97bea897d6a0ebb61dd1d6a65daf7b634f589941222e,/home/a/projects/Radiation_Research/radiation_shielding/Radiation-Shielding-Research/results/phase1/source_models/source_library_snapshot/photon_wall_simulation_core__9f2f53dab9997188.py,9f2f53dab99971884f4a97bea897d6a0ebb61dd1d6a65daf7b634f589941222e,True
5.75,5.85,5.8,0.009912994828671053,0.009912994828671053,0.009912994828671053,PHOTON_NUMBER_PROBABILITY_MASS_PER_BIN,ENERGY_FLUENCE_MASS_PER_BIN,energy_fluence_mass_i = energy_center_MeV_i * probability_mass_bin_i,PROJECT_15MV_40x40,15MV_40x40_interpolated,linear_between_6MV_and_18MV_same_field,linear_between_6MV_and_18MV_same_field,,,,/home/a/projects/particle-accelerator-shielding-simulator/geant4sim/GUI/geant4GUI/photon_neutron_bpe_app/photon_wall_simulation_core.py,9f2f53dab99971884f4a97bea897d6a0ebb61dd1d6a65daf7b634f589941222e,/home/a/projects/Radiation_Research/radiation_shielding/Radiation-Shielding-Research/results/phase1/source_models/source_library_snapshot/photon_wall_simulation_core__9f2f53dab9997188.py,9f2f53dab99971884f4a97bea897d6a0ebb61dd1d6a65daf7b634f589941222e,True
5.85,5.95,5.9,0.009841110923647655,0.009841110923647655,0.009841110923647655,PHOTON_NUMBER_PROBABILITY_MASS_PER_BIN,ENERGY_FLUENCE_MASS_PER_BIN,energy_fluence_mass_i = energy_center_MeV_i * probability_mass_bin_i,PROJECT_15MV_40x40,15MV_40x40_interpolated,linear_between_6MV_and_18MV_same_field,linear_between_6MV_and_18MV_same_field,,,,/home/a/projects/particle-accelerator-shielding-simulator/geant4sim/GUI/geant4GUI/photon_neutron_bpe_app/photon_wall_simulation_core.py,9f2f53dab99971884f4a97bea897d6a0ebb61dd1d6a65daf7b634f589941222e,/home/a/projects/Radiation_Research/radiation_shielding/Radiation-Shielding-Research/results/phase1/source_models/source_library_snapshot/photon_wall_simulation_core__9f2f53dab9997188.py,9f2f53dab99971884f4a97bea897d6a0ebb61dd1d6a65daf7b634f589941222e,True
5.95,6.05,6.0,0.009765600550644184,0.009765600550644184,0.009765600550644184,PHOTON_NUMBER_PROBABILITY_MASS_PER_BIN,ENERGY_FLUENCE_MASS_PER_BIN,energy_fluence_mass_i = energy_center_MeV_i * probability_mass_bin_i,PROJECT_15MV_40x40,15MV_40x40_interpolated,linear_between_6MV_and_18MV_same_field,linear_between_6MV_and_18MV_same_field,,,,/home/a/projects/particle-accelerator-shielding-simulator/geant4sim/GUI/geant4GUI/photon_neutron_bpe_app/photon_wall_simulation_core.py,9f2f53dab99971884f4a97bea897d6a0ebb61dd1d6a65daf7b634f589941222e,/home/a/projects/Radiation_Research/radiation_shielding/Radiation-Shielding-Research/results/phase1/source_models/source_library_snapshot/photon_wall_simulation_core__9f2f53dab9997188.py,9f2f53dab99971884f4a97bea897d6a0ebb61dd1d6a65daf7b634f589941222e,True
6.05,6.15,6.1,0.009681135232360546,0.009681135232360546,0.009681135232360546,PHOTON_NUMBER_PROBABILITY_MASS_PER_BIN,ENERGY_FLUENCE_MASS_PER_BIN,energy_fluence_mass_i = energy_center_MeV_i * probability_mass_bin_i,PROJECT_15MV_40x40,15MV_40x40_interpolated,linear_between_6MV_and_18MV_same_field,linear_between_6MV_and_18MV_same_field,,,,/home/a/projects/particle-accelerator-shielding-simulator/geant4sim/GUI/geant4GUI/photon_neutron_bpe_app/photon_wall_simulation_core.py,9f2f53dab99971884f4a97bea897d6a0ebb61dd1d6a65daf7b634f589941222e,/home/a/projects/Radiation_Research/radiation_shielding/Radiation-Shielding-Research/results/phase1/source_models/source_library_snapshot/photon_wall_simulation_core__9f2f53dab9997188.py,9f2f53dab99971884f4a97bea897d6a0ebb61dd1d6a65daf7b634f589941222e,True
6.15,6.25,6.2,0.009592963002517657,0.009592963002517657,0.009592963002517657,PHOTON_NUMBER_PROBABILITY_MASS_PER_BIN,ENERGY_FLUENCE_MASS_PER_BIN,energy_fluence_mass_i = energy_center_MeV_i * probability_mass_bin_i,PROJECT_15MV_40x40,15MV_40x40_interpolated,linear_between_6MV_and_18MV_same_field,linear_between_6MV_and_18MV_same_field,,,,/home/a/projects/particle-accelerator-shielding-simulator/geant4sim/GUI/geant4GUI/photon_neutron_bpe_app/photon_wall_simulation_core.py,9f2f53dab99971884f4a97bea897d6a0ebb61dd1d6a65daf7b634f589941222e,/home/a/projects/Radiation_Research/radiation_shielding/Radiation-Shielding-Research/results/phase1/source_models/source_library_snapshot/photon_wall_simulation_core__9f2f53dab9997188.py,9f2f53dab99971884f4a97bea897d6a0ebb61dd1d6a65daf7b634f589941222e,True
6.25,6.35,6.3,0.009501670900291444,0.009501670900291444,0.009501670900291444,PHOTON_NUMBER_PROBABILITY_MASS_PER_BIN,ENERGY_FLUENCE_MASS_PER_BIN,energy_fluence_mass_i = energy_center_MeV_i * probability_mass_bin_i,PROJECT_15MV_40x40,15MV_40x40_interpolated,linear_between_6MV_and_18MV_same_field,linear_between_6MV_and_18MV_same_field,,,,/home/a/projects/particle-accelerator-shielding-simulator/geant4sim/GUI/geant4GUI/photon_neutron_bpe_app/photon_wall_simulation_core.py,9f2f53dab99971884f4a97bea897d6a0ebb61dd1d6a65daf7b634f589941222e,/home/a/projects/Radiation_Research/radiation_shielding/Radiation-Shielding-Research/results/phase1/source_models/source_library_snapshot/photon_wall_simulation_core__9f2f53dab9997188.py,9f2f53dab99971884f4a97bea897d6a0ebb61dd1d6a65daf7b634f589941222e,True
6.35,6.45,6.4,0.00940584063945148,0.00940584063945148,0.00940584063945148,PHOTON_NUMBER_PROBABILITY_MASS_PER_BIN,ENERGY_FLUENCE_MASS_PER_BIN,energy_fluence_mass_i = energy_center_MeV_i * probability_mass_bin_i,PROJECT_15MV_40x40,15MV_40x40_interpolated,linear_between_6MV_and_18MV_same_field,linear_between_6MV_and_18MV_same_field,,,,/home/a/projects/particle-accelerator-shielding-simulator/geant4sim/GUI/geant4GUI/photon_neutron_bpe_app/photon_wall_simulation_core.py,9f2f53dab99971884f4a97bea897d6a0ebb61dd1d6a65daf7b634f589941222e,/home/a/projects/Radiation_Research/radiation_shielding/Radiation-Shielding-Research/results/phase1/source_models/source_library_snapshot/photon_wall_simulation_core__9f2f53dab9997188.py,9f2f53dab99971884f4a97bea897d6a0ebb61dd1d6a65daf7b634f589941222e,True
6.45,6.55,6.5,0.009307042647106762,0.009307042647106762,0.009307042647106762,PHOTON_NUMBER_PROBABILITY_MASS_PER_BIN,ENERGY_FLUENCE_MASS_PER_BIN,energy_fluence_mass_i = energy_center_MeV_i * probability_mass_bin_i,PROJECT_15MV_40x40,15MV_40x40_interpolated,linear_between_6MV_and_18MV_same_field,linear_between_6MV_and_18MV_same_field,,,,/home/a/projects/particle-accelerator-shielding-simulator/geant4sim/GUI/geant4GUI/photon_neutron_bpe_app/photon_wall_simulation_core.py,9f2f53dab99971884f4a97bea897d6a0ebb61dd1d6a65daf7b634f589941222e,/home/a/projects/Radiation_Research/radiation_shielding/Radiation-Shielding-Research/results/phase1/source_models/source_library_snapshot/photon_wall_simulation_core__9f2f53dab9997188.py,9f2f53dab99971884f4a97bea897d6a0ebb61dd1d6a65daf7b634f589941222e,True
6.55,6.65,6.6,0.00920450541860164,0.00920450541860164,0.00920450541860164,PHOTON_NUMBER_PROBABILITY_MASS_PER_BIN,ENERGY_FLUENCE_MASS_PER_BIN,energy_fluence_mass_i = energy_center_MeV_i * probability_mass_bin_i,PROJECT_15MV_40x40,15MV_40x40_interpolated,linear_between_6MV_and_18MV_same_field,linear_between_6MV_and_18MV_same_field,,,,/home/a/projects/particle-accelerator-shielding-simulator/geant4sim/GUI/geant4GUI/photon_neutron_bpe_app/photon_wall_simulation_core.py,9f2f53dab99971884f4a97bea897d6a0ebb61dd1d6a65daf7b634f589941222e,/home/a/projects/Radiation_Research/radiation_shielding/Radiation-Shielding-Research/results/phase1/source_models/source_library_snapshot/photon_wall_simulation_core__9f2f53dab9997188.py,9f2f53dab99971884f4a97bea897d6a0ebb61dd1d6a65daf7b634f589941222e,True
6.65,6.75,6.7,0.009099976659158519,0.009099976659158519,0.009099976659158519,PHOTON_NUMBER_PROBABILITY_MASS_PER_BIN,ENERGY_FLUENCE_MASS_PER_BIN,energy_fluence_mass_i = energy_center_MeV_i * probability_mass_bin_i,PROJECT_15MV_40x40,15MV_40x40_interpolated,linear_between_6MV_and_18MV_same_field,linear_between_6MV_and_18MV_same_field,,,,/home/a/projects/particle-accelerator-shielding-simulator/geant4sim/GUI/geant4GUI/photon_neutron_bpe_app/photon_wall_simulation_core.py,9f2f53dab99971884f4a97bea897d6a0ebb61dd1d6a65daf7b634f589941222e,/home/a/projects/Radiation_Research/radiation_shielding/Radiation-Shielding-Research/results/phase1/source_models/source_library_snapshot/photon_wall_simulation_core__9f2f53dab9997188.py,9f2f53dab99971884f4a97bea897d6a0ebb61dd1d6a65daf7b634f589941222e,True
6.75,6.85,6.8,0.008987872517459567,0.008987872517459567,0.008987872517459567,PHOTON_NUMBER_PROBABILITY_MASS_PER_BIN,ENERGY_FLUENCE_MASS_PER_BIN,energy_fluence_mass_i = energy_center_MeV_i * probability_mass_bin_i,PROJECT_15MV_40x40,15MV_40x40_interpolated,linear_between_6MV_and_18MV_same_field,linear_between_6MV_and_18MV_same_field,,,,/home/a/projects/particle-accelerator-shielding-simulator/geant4sim/GUI/geant4GUI/photon_neutron_bpe_app/photon_wall_simulation_core.py,9f2f53dab99971884f4a97bea897d6a0ebb61dd1d6a65daf7b634f589941222e,/home/a/projects/Radiation_Research/radiation_shielding/Radiation-Shielding-Research/results/phase1/source_models/source_library_snapshot/photon_wall_simulation_core__9f2f53dab9997188.py,9f2f53dab99971884f4a97bea897d6a0ebb61dd1d6a65daf7b634f589941222e,True
6.85,6.95,6.9,0.008864812660977817,0.008864812660977817,0.008864812660977817,PHOTON_NUMBER_PROBABILITY_MASS_PER_BIN,ENERGY_FLUENCE_MASS_PER_BIN,energy_fluence_mass_i = energy_center_MeV_i * probability_mass_bin_i,PROJECT_15MV_40x40,15MV_40x40_interpolated,linear_between_6MV_and_18MV_same_field,linear_between_6MV_and_18MV_same_field,,,,/home/a/projects/particle-accelerator-shielding-simulator/geant4sim/GUI/geant4GUI/photon_neutron_bpe_app/photon_wall_simulation_core.py,9f2f53dab99971884f4a97bea897d6a0ebb61dd1d6a65daf7b634f589941222e,/home/a/projects/Radiation_Research/radiation_shielding/Radiation-Shielding-Research/results/phase1/source_models/source_library_snapshot/photon_wall_simulation_core__9f2f53dab9997188.py,9f2f53dab99971884f4a97bea897d6a0ebb61dd1d6a65daf7b634f589941222e,True
6.95,7.05,7.0,0.00875239993746374,0.00875239993746374,0.00875239993746374,PHOTON_NUMBER_PROBABILITY_MASS_PER_BIN,ENERGY_FLUENCE_MASS_PER_BIN,energy_fluence_mass_i = energy_center_MeV_i * probability_mass_bin_i,PROJECT_15MV_40x40,15MV_40x40_interpolated,linear_between_6MV_and_18MV_same_field,linear_between_6MV_and_18MV_same_field,,,,/home/a/projects/particle-accelerator-shielding-simulator/geant4sim/GUI/geant4GUI/photon_neutron_bpe_app/photon_wall_simulation_core.py,9f2f53dab99971884f4a97bea897d6a0ebb61dd1d6a65daf7b634f589941222e,/home/a/projects/Radiation_Research/radiation_shielding/Radiation-Shielding-Research/results/phase1/source_models/source_library_snapshot/photon_wall_simulation_core__9f2f53dab9997188.py,9f2f53dab99971884f4a97bea897d6a0ebb61dd1d6a65daf7b634f589941222e,True
7.05,7.15,7.1,0.008639858660545395,0.008639858660545395,0.008639858660545395,PHOTON_NUMBER_PROBABILITY_MASS_PER_BIN,ENERGY_FLUENCE_MASS_PER_BIN,energy_fluence_mass_i = energy_center_MeV_i * probability_mass_bin_i,PROJECT_15MV_40x40,15MV_40x40_interpolated,linear_between_6MV_and_18MV_same_field,linear_between_6MV_and_18MV_same_field,,,,/home/a/projects/particle-accelerator-shielding-simulator/geant4sim/GUI/geant4GUI/photon_neutron_bpe_app/photon_wall_simulation_core.py,9f2f53dab99971884f4a97bea897d6a0ebb61dd1d6a65daf7b634f589941222e,/home/a/projects/Radiation_Research/radiation_shielding/Radiation-Shielding-Research/results/phase1/source_models/source_library_snapshot/photon_wall_simulation_core__9f2f53dab9997188.py,9f2f53dab99971884f4a97bea897d6a0ebb61dd1d6a65daf7b634f589941222e,True
7.15,7.25,7.2,0.008495513950906388,0.008495513950906388,0.008495513950906388,PHOTON_NUMBER_PROBABILITY_MASS_PER_BIN,ENERGY_FLUENCE_MASS_PER_BIN,energy_fluence_mass_i = energy_center_MeV_i * probability_mass_bin_i,PROJECT_15MV_40x40,15MV_40x40_interpolated,linear_between_6MV_and_18MV_same_field,linear_between_6MV_and_18MV_same_field,,,,/home/a/projects/particle-accelerator-shielding-simulator/geant4sim/GUI/geant4GUI/photon_neutron_bpe_app/photon_wall_simulation_core.py,9f2f53dab99971884f4a97bea897d6a0ebb61dd1d6a65daf7b634f589941222e,/home/a/projects/Radiation_Research/radiation_shielding/Radiation-Shielding-Research/results/phase1/source_models/source_library_snapshot/photon_wall_simulation_core__9f2f53dab9997188.py,9f2f53dab99971884f4a97bea897d6a0ebb61dd1d6a65daf7b634f589941222e,True
7.25,7.35,7.3,0.00829971034217069,0.00829971034217069,0.00829971034217069,PHOTON_NUMBER_PROBABILITY_MASS_PER_BIN,ENERGY_FLUENCE_MASS_PER_BIN,energy_fluence_mass_i = energy_center_MeV_i * probability_mass_bin_i,PROJECT_15MV_40x40,15MV_40x40_interpolated,linear_between_6MV_and_18MV_same_field,linear_between_6MV_and_18MV_same_field,,,,/home/a/projects/particle-accelerator-shielding-simulator/geant4sim/GUI/geant4GUI/photon_neutron_bpe_app/photon_wall_simulation_core.py,9f2f53dab99971884f4a97bea897d6a0ebb61dd1d6a65daf7b634f589941222e,/home/a/projects/Radiation_Research/radiation_shielding/Radiation-Shielding-Research/results/phase1/source_models/source_library_snapshot/photon_wall_simulation_core__9f2f53dab9997188.py,9f2f53dab99971884f4a97bea897d6a0ebb61dd1d6a65daf7b634f589941222e,True
7.35,7.45,7.4,0.008086871752371725,0.008086871752371725,0.008086871752371725,PHOTON_NUMBER_PROBABILITY_MASS_PER_BIN,ENERGY_FLUENCE_MASS_PER_BIN,energy_fluence_mass_i = energy_center_MeV_i * probability_mass_bin_i,PROJECT_15MV_40x40,15MV_40x40_interpolated,linear_between_6MV_and_18MV_same_field,linear_between_6MV_and_18MV_same_field,,,,/home/a/projects/particle-accelerator-shielding-simulator/geant4sim/GUI/geant4GUI/photon_neutron_bpe_app/photon_wall_simulation_core.py,9f2f53dab99971884f4a97bea897d6a0ebb61dd1d6a65daf7b634f589941222e,/home/a/projects/Radiation_Research/radiation_shielding/Radiation-Shielding-Research/results/phase1/source_models/source_library_snapshot/photon_wall_simulation_core__9f2f53dab9997188.py,9f2f53dab99971884f4a97bea897d6a0ebb61dd1d6a65daf7b634f589941222e,True
7.45,7.55,7.5,0.007893982893882743,0.007893982893882743,0.007893982893882743,PHOTON_NUMBER_PROBABILITY_MASS_PER_BIN,ENERGY_FLUENCE_MASS_PER_BIN,energy_fluence_mass_i = energy_center_MeV_i * probability_mass_bin_i,PROJECT_15MV_40x40,15MV_40x40_interpolated,linear_between_6MV_and_18MV_same_field,linear_between_6MV_and_18MV_same_field,,,,/home/a/projects/particle-accelerator-shielding-simulator/geant4sim/GUI/geant4GUI/photon_neutron_bpe_app/photon_wall_simulation_core.py,9f2f53dab99971884f4a97bea897d6a0ebb61dd1d6a65daf7b634f589941222e,/home/a/projects/Radiation_Research/radiation_shielding/Radiation-Shielding-Research/results/phase1/source_models/source_library_snapshot/photon_wall_simulation_core__9f2f53dab9997188.py,9f2f53dab99971884f4a97bea897d6a0ebb61dd1d6a65daf7b634f589941222e,True
7.55,7.65,7.6,0.0077468358040212165,0.0077468358040212165,0.0077468358040212165,PHOTON_NUMBER_PROBABILITY_MASS_PER_BIN,ENERGY_FLUENCE_MASS_PER_BIN,energy_fluence_mass_i = energy_center_MeV_i * probability_mass_bin_i,PROJECT_15MV_40x40,15MV_40x40_interpolated,linear_between_6MV_and_18MV_same_field,linear_between_6MV_and_18MV_same_field,,,,/home/a/projects/particle-accelerator-shielding-simulator/geant4sim/GUI/geant4GUI/photon_neutron_bpe_app/photon_wall_simulation_core.py,9f2f53dab99971884f4a97bea897d6a0ebb61dd1d6a65daf7b634f589941222e,/home/a/projects/Radiation_Research/radiation_shielding/Radiation-Shielding-Research/results/phase1/source_models/source_library_snapshot/photon_wall_simulation_core__9f2f53dab9997188.py,9f2f53dab99971884f4a97bea897d6a0ebb61dd1d6a65daf7b634f589941222e,True
7.65,7.75,7.7,0.007538742464782518,0.007538742464782518,0.007538742464782518,PHOTON_NUMBER_PROBABILITY_MASS_PER_BIN,ENERGY_FLUENCE_MASS_PER_BIN,energy_fluence_mass_i = energy_center_MeV_i * probability_mass_bin_i,PROJECT_15MV_40x40,15MV_40x40_interpolated,linear_between_6MV_and_18MV_same_field,linear_between_6MV_and_18MV_same_field,,,,/home/a/projects/particle-accelerator-shielding-simulator/geant4sim/GUI/geant4GUI/photon_neutron_bpe_app/photon_wall_simulation_core.py,9f2f53dab99971884f4a97bea897d6a0ebb61dd1d6a65daf7b634f589941222e,/home/a/projects/Radiation_Research/radiation_shielding/Radiation-Shielding-Research/results/phase1/source_models/source_library_snapshot/photon_wall_simulation_core__9f2f53dab9997188.py,9f2f53dab99971884f4a97bea897d6a0ebb61dd1d6a65daf7b634f589941222e,True
7.75,7.85,7.8,0.00719163577078424,0.00719163577078424,0.00719163577078424,PHOTON_NUMBER_PROBABILITY_MASS_PER_BIN,ENERGY_FLUENCE_MASS_PER_BIN,energy_fluence_mass_i = energy_center_MeV_i * probability_mass_bin_i,PROJECT_15MV_40x40,15MV_40x40_interpolated,linear_between_6MV_and_18MV_same_field,linear_between_6MV_and_18MV_same_field,,,,/home/a/projects/particle-accelerator-shielding-simulator/geant4sim/GUI/geant4GUI/photon_neutron_bpe_app/photon_wall_simulation_core.py,9f2f53dab99971884f4a97bea897d6a0ebb61dd1d6a65daf7b634f589941222e,/home/a/projects/Radiation_Research/radiation_shielding/Radiation-Shielding-Research/results/phase1/source_models/source_library_snapshot/photon_wall_simulation_core__9f2f53dab9997188.py,9f2f53dab99971884f4a97bea897d6a0ebb61dd1d6a65daf7b634f589941222e,True
7.85,7.95,7.9,0.006795331844690602,0.006795331844690602,0.006795331844690602,PHOTON_NUMBER_PROBABILITY_MASS_PER_BIN,ENERGY_FLUENCE_MASS_PER_BIN,energy_fluence_mass_i = energy_center_MeV_i * probability_mass_bin_i,PROJECT_15MV_40x40,15MV_40x40_interpolated,linear_between_6MV_and_18MV_same_field,linear_between_6MV_and_18MV_same_field,,,,/home/a/projects/particle-accelerator-shielding-simulator/geant4sim/GUI/geant4GUI/photon_neutron_bpe_app/photon_wall_simulation_core.py,9f2f53dab99971884f4a97bea897d6a0ebb61dd1d6a65daf7b634f589941222e,/home/a/projects/Radiation_Research/radiation_shielding/Radiation-Shielding-Research/results/phase1/source_models/source_library_snapshot/photon_wall_simulation_core__9f2f53dab9997188.py,9f2f53dab99971884f4a97bea897d6a0ebb61dd1d6a65daf7b634f589941222e,True
7.95,8.05,8.0,0.006457417943216904,0.006457417943216904,0.006457417943216904,PHOTON_NUMBER_PROBABILITY_MASS_PER_BIN,ENERGY_FLUENCE_MASS_PER_BIN,energy_fluence_mass_i = energy_center_MeV_i * probability_mass_bin_i,PROJECT_15MV_40x40,15MV_40x40_interpolated,linear_between_6MV_and_18MV_same_field,linear_between_6MV_and_18MV_same_field,,,,/home/a/projects/particle-accelerator-shielding-simulator/geant4sim/GUI/geant4GUI/photon_neutron_bpe_app/photon_wall_simulation_core.py,9f2f53dab99971884f4a97bea897d6a0ebb61dd1d6a65daf7b634f589941222e,/home/a/projects/Radiation_Research/radiation_shielding/Radiation-Shielding-Research/results/phase1/source_models/source_library_snapshot/photon_wall_simulation_core__9f2f53dab9997188.py,9f2f53dab99971884f4a97bea897d6a0ebb61dd1d6a65daf7b634f589941222e,True
8.05,8.149999999999999,8.1,0.0062569551959271805,0.0062569551959271805,0.0062569551959271805,PHOTON_NUMBER_PROBABILITY_MASS_PER_BIN,ENERGY_FLUENCE_MASS_PER_BIN,energy_fluence_mass_i = energy_center_MeV_i * probability_mass_bin_i,PROJECT_15MV_40x40,15MV_40x40_interpolated,linear_between_6MV_and_18MV_same_field,linear_between_6MV_and_18MV_same_field,,,,/home/a/projects/particle-accelerator-shielding-simulator/geant4sim/GUI/geant4GUI/photon_neutron_bpe_app/photon_wall_simulation_core.py,9f2f53dab99971884f4a97bea897d6a0ebb61dd1d6a65daf7b634f589941222e,/home/a/projects/Radiation_Research/radiation_shielding/Radiation-Shielding-Research/results/phase1/source_models/source_library_snapshot/photon_wall_simulation_core__9f2f53dab9997188.py,9f2f53dab99971884f4a97bea897d6a0ebb61dd1d6a65daf7b634f589941222e,True
8.149999999999999,8.25,8.2,0.006134985473642297,0.006134985473642297,0.006134985473642297,PHOTON_NUMBER_PROBABILITY_MASS_PER_BIN,ENERGY_FLUENCE_MASS_PER_BIN,energy_fluence_mass_i = energy_center_MeV_i * probability_mass_bin_i,PROJECT_15MV_40x40,15MV_40x40_interpolated,linear_between_6MV_and_18MV_same_field,linear_between_6MV_and_18MV_same_field,,,,/home/a/projects/particle-accelerator-shielding-simulator/geant4sim/GUI/geant4GUI/photon_neutron_bpe_app/photon_wall_simulation_core.py,9f2f53dab99971884f4a97bea897d6a0ebb61dd1d6a65daf7b634f589941222e,/home/a/projects/Radiation_Research/radiation_shielding/Radiation-Shielding-Research/results/phase1/source_models/source_library_snapshot/photon_wall_simulation_core__9f2f53dab9997188.py,9f2f53dab99971884f4a97bea897d6a0ebb61dd1d6a65daf7b634f589941222e,True
8.25,8.350000000000001,8.3,0.0060096882438146525,0.0060096882438146525,0.0060096882438146525,PHOTON_NUMBER_PROBABILITY_MASS_PER_BIN,ENERGY_FLUENCE_MASS_PER_BIN,energy_fluence_mass_i = energy_center_MeV_i * probability_mass_bin_i,PROJECT_15MV_40x40,15MV_40x40_interpolated,linear_between_6MV_and_18MV_same_field,linear_between_6MV_and_18MV_same_field,,,,/home/a/projects/particle-accelerator-shielding-simulator/geant4sim/GUI/geant4GUI/photon_neutron_bpe_app/photon_wall_simulation_core.py,9f2f53dab99971884f4a97bea897d6a0ebb61dd1d6a65daf7b634f589941222e,/home/a/projects/Radiation_Research/radiation_shielding/Radiation-Shielding-Research/results/phase1/source_models/source_library_snapshot/photon_wall_simulation_core__9f2f53dab9997188.py,9f2f53dab99971884f4a97bea897d6a0ebb61dd1d6a65daf7b634f589941222e,True
8.350000000000001,8.45,8.4,0.0058820173111596265,0.0058820173111596265,0.0058820173111596265,PHOTON_NUMBER_PROBABILITY_MASS_PER_BIN,ENERGY_FLUENCE_MASS_PER_BIN,energy_fluence_mass_i = energy_center_MeV_i * probability_mass_bin_i,PROJECT_15MV_40x40,15MV_40x40_interpolated,linear_between_6MV_and_18MV_same_field,linear_between_6MV_and_18MV_same_field,,,,/home/a/projects/particle-accelerator-shielding-simulator/geant4sim/GUI/geant4GUI/photon_neutron_bpe_app/photon_wall_simulation_core.py,9f2f53dab99971884f4a97bea897d6a0ebb61dd1d6a65daf7b634f589941222e,/home/a/projects/Radiation_Research/radiation_shielding/Radiation-Shielding-Research/results/phase1/source_models/source_library_snapshot/photon_wall_simulation_core__9f2f53dab9997188.py,9f2f53dab99971884f4a97bea897d6a0ebb61dd1d6a65daf7b634f589941222e,True
8.45,8.55,8.5,0.005753207039090589,0.005753207039090589,0.005753207039090589,PHOTON_NUMBER_PROBABILITY_MASS_PER_BIN,ENERGY_FLUENCE_MASS_PER_BIN,energy_fluence_mass_i = energy_center_MeV_i * probability_mass_bin_i,PROJECT_15MV_40x40,15MV_40x40_interpolated,linear_between_6MV_and_18MV_same_field,linear_between_6MV_and_18MV_same_field,,,,/home/a/projects/particle-accelerator-shielding-simulator/geant4sim/GUI/geant4GUI/photon_neutron_bpe_app/photon_wall_simulation_core.py,9f2f53dab99971884f4a97bea897d6a0ebb61dd1d6a65daf7b634f589941222e,/home/a/projects/Radiation_Research/radiation_shielding/Radiation-Shielding-Research/results/phase1/source_models/source_library_snapshot/photon_wall_simulation_core__9f2f53dab9997188.py,9f2f53dab99971884f4a97bea897d6a0ebb61dd1d6a65daf7b634f589941222e,True
8.55,8.649999999999999,8.6,0.005622855083947427,0.005622855083947427,0.005622855083947427,PHOTON_NUMBER_PROBABILITY_MASS_PER_BIN,ENERGY_FLUENCE_MASS_PER_BIN,energy_fluence_mass_i = energy_center_MeV_i * probability_mass_bin_i,PROJECT_15MV_40x40,15MV_40x40_interpolated,linear_between_6MV_and_18MV_same_field,linear_between_6MV_and_18MV_same_field,,,,/home/a/projects/particle-accelerator-shielding-simulator/geant4sim/GUI/geant4GUI/photon_neutron_bpe_app/photon_wall_simulation_core.py,9f2f53dab99971884f4a97bea897d6a0ebb61dd1d6a65daf7b634f589941222e,/home/a/projects/Radiation_Research/radiation_shielding/Radiation-Shielding-Research/results/phase1/source_models/source_library_snapshot/photon_wall_simulation_core__9f2f53dab9997188.py,9f2f53dab99971884f4a97bea897d6a0ebb61dd1d6a65daf7b634f589941222e,True
8.649999999999999,8.75,8.7,0.005489837841936151,0.005489837841936151,0.005489837841936151,PHOTON_NUMBER_PROBABILITY_MASS_PER_BIN,ENERGY_FLUENCE_MASS_PER_BIN,energy_fluence_mass_i = energy_center_MeV_i * probability_mass_bin_i,PROJECT_15MV_40x40,15MV_40x40_interpolated,linear_between_6MV_and_18MV_same_field,linear_between_6MV_and_18MV_same_field,,,,/home/a/projects/particle-accelerator-shielding-simulator/geant4sim/GUI/geant4GUI/photon_neutron_bpe_app/photon_wall_simulation_core.py,9f2f53dab99971884f4a97bea897d6a0ebb61dd1d6a65daf7b634f589941222e,/home/a/projects/Radiation_Research/radiation_shielding/Radiation-Shielding-Research/results/phase1/source_models/source_library_snapshot/photon_wall_simulation_core__9f2f53dab9997188.py,9f2f53dab99971884f4a97bea897d6a0ebb61dd1d6a65daf7b634f589941222e,True
8.75,8.850000000000001,8.8,0.0053473806266955805,0.0053473806266955805,0.0053473806266955805,PHOTON_NUMBER_PROBABILITY_MASS_PER_BIN,ENERGY_FLUENCE_MASS_PER_BIN,energy_fluence_mass_i = energy_center_MeV_i * probability_mass_bin_i,PROJECT_15MV_40x40,15MV_40x40_interpolated,linear_between_6MV_and_18MV_same_field,linear_between_6MV_and_18MV_same_field,,,,/home/a/projects/particle-accelerator-shielding-simulator/geant4sim/GUI/geant4GUI/photon_neutron_bpe_app/photon_wall_simulation_core.py,9f2f53dab99971884f4a97bea897d6a0ebb61dd1d6a65daf7b634f589941222e,/home/a/projects/Radiation_Research/radiation_shielding/Radiation-Shielding-Research/results/phase1/source_models/source_library_snapshot/photon_wall_simulation_core__9f2f53dab9997188.py,9f2f53dab99971884f4a97bea897d6a0ebb61dd1d6a65daf7b634f589941222e,True
8.850000000000001,8.95,8.9,0.00519127852031993,0.00519127852031993,0.00519127852031993,PHOTON_NUMBER_PROBABILITY_MASS_PER_BIN,ENERGY_FLUENCE_MASS_PER_BIN,energy_fluence_mass_i = energy_center_MeV_i * probability_mass_bin_i,PROJECT_15MV_40x40,15MV_40x40_interpolated,linear_between_6MV_and_18MV_same_field,linear_between_6MV_and_18MV_same_field,,,,/home/a/projects/particle-accelerator-shielding-simulator/geant4sim/GUI/geant4GUI/photon_neutron_bpe_app/photon_wall_simulation_core.py,9f2f53dab99971884f4a97bea897d6a0ebb61dd1d6a65daf7b634f589941222e,/home/a/projects/Radiation_Research/radiation_shielding/Radiation-Shielding-Research/results/phase1/source_models/source_library_snapshot/photon_wall_simulation_core__9f2f53dab9997188.py,9f2f53dab99971884f4a97bea897d6a0ebb61dd1d6a65daf7b634f589941222e,True
8.95,9.05,9.0,0.005020486464147904,0.005020486464147904,0.005020486464147904,PHOTON_NUMBER_PROBABILITY_MASS_PER_BIN,ENERGY_FLUENCE_MASS_PER_BIN,energy_fluence_mass_i = energy_center_MeV_i * probability_mass_bin_i,PROJECT_15MV_40x40,15MV_40x40_interpolated,linear_between_6MV_and_18MV_same_field,linear_between_6MV_and_18MV_same_field,,,,/home/a/projects/particle-accelerator-shielding-simulator/geant4sim/GUI/geant4GUI/photon_neutron_bpe_app/photon_wall_simulation_core.py,9f2f53dab99971884f4a97bea897d6a0ebb61dd1d6a65daf7b634f589941222e,/home/a/projects/Radiation_Research/radiation_shielding/Radiation-Shielding-Research/results/phase1/source_models/source_library_snapshot/photon_wall_simulation_core__9f2f53dab9997188.py,9f2f53dab99971884f4a97bea897d6a0ebb61dd1d6a65daf7b634f589941222e,True
9.05,9.149999999999999,9.1,0.004816619109750539,0.004816619109750539,0.004816619109750539,PHOTON_NUMBER_PROBABILITY_MASS_PER_BIN,ENERGY_FLUENCE_MASS_PER_BIN,energy_fluence_mass_i = energy_center_MeV_i * probability_mass_bin_i,PROJECT_15MV_40x40,15MV_40x40_interpolated,linear_between_6MV_and_18MV_same_field,linear_between_6MV_and_18MV_same_field,,,,/home/a/projects/particle-accelerator-shielding-simulator/geant4sim/GUI/geant4GUI/photon_neutron_bpe_app/photon_wall_simulation_core.py,9f2f53dab99971884f4a97bea897d6a0ebb61dd1d6a65daf7b634f589941222e,/home/a/projects/Radiation_Research/radiation_shielding/Radiation-Shielding-Research/results/phase1/source_models/source_library_snapshot/photon_wall_simulation_core__9f2f53dab9997188.py,9f2f53dab99971884f4a97bea897d6a0ebb61dd1d6a65daf7b634f589941222e,True
9.149999999999999,9.25,9.2,0.004578232594144454,0.004578232594144454,0.004578232594144454,PHOTON_NUMBER_PROBABILITY_MASS_PER_BIN,ENERGY_FLUENCE_MASS_PER_BIN,energy_fluence_mass_i = energy_center_MeV_i * probability_mass_bin_i,PROJECT_15MV_40x40,15MV_40x40_interpolated,linear_between_6MV_and_18MV_same_field,linear_between_6MV_and_18MV_same_field,,,,/home/a/projects/particle-accelerator-shielding-simulator/geant4sim/GUI/geant4GUI/photon_neutron_bpe_app/photon_wall_simulation_core.py,9f2f53dab99971884f4a97bea897d6a0ebb61dd1d6a65daf7b634f589941222e,/home/a/projects/Radiation_Research/radiation_shielding/Radiation-Shielding-Research/results/phase1/source_models/source_library_snapshot/photon_wall_simulation_core__9f2f53dab9997188.py,9f2f53dab99971884f4a97bea897d6a0ebb61dd1d6a65daf7b634f589941222e,True
9.25,9.350000000000001,9.3,0.0043181136050864325,0.0043181136050864325,0.0043181136050864325,PHOTON_NUMBER_PROBABILITY_MASS_PER_BIN,ENERGY_FLUENCE_MASS_PER_BIN,energy_fluence_mass_i = energy_center_MeV_i * probability_mass_bin_i,PROJECT_15MV_40x40,15MV_40x40_interpolated,linear_between_6MV_and_18MV_same_field,linear_between_6MV_and_18MV_same_field,,,,/home/a/projects/particle-accelerator-shielding-simulator/geant4sim/GUI/geant4GUI/photon_neutron_bpe_app/photon_wall_simulation_core.py,9f2f53dab99971884f4a97bea897d6a0ebb61dd1d6a65daf7b634f589941222e,/home/a/projects/Radiation_Research/radiation_shielding/Radiation-Shielding-Research/results/phase1/source_models/source_library_snapshot/photon_wall_simulation_core__9f2f53dab9997188.py,9f2f53dab99971884f4a97bea897d6a0ebb61dd1d6a65daf7b634f589941222e,True
9.350000000000001,9.45,9.4,0.004031684824548783,0.004031684824548783,0.004031684824548783,PHOTON_NUMBER_PROBABILITY_MASS_PER_BIN,ENERGY_FLUENCE_MASS_PER_BIN,energy_fluence_mass_i = energy_center_MeV_i * probability_mass_bin_i,PROJECT_15MV_40x40,15MV_40x40_interpolated,linear_between_6MV_and_18MV_same_field,linear_between_6MV_and_18MV_same_field,,,,/home/a/projects/particle-accelerator-shielding-simulator/geant4sim/GUI/geant4GUI/photon_neutron_bpe_app/photon_wall_simulation_core.py,9f2f53dab99971884f4a97bea897d6a0ebb61dd1d6a65daf7b634f589941222e,/home/a/projects/Radiation_Research/radiation_shielding/Radiation-Shielding-Research/results/phase1/source_models/source_library_snapshot/photon_wall_simulation_core__9f2f53dab9997188.py,9f2f53dab99971884f4a97bea897d6a0ebb61dd1d6a65daf7b634f589941222e,True
9.45,9.55,9.5,0.0037200675751189547,0.0037200675751189547,0.0037200675751189547,PHOTON_NUMBER_PROBABILITY_MASS_PER_BIN,ENERGY_FLUENCE_MASS_PER_BIN,energy_fluence_mass_i = energy_center_MeV_i * probability_mass_bin_i,PROJECT_15MV_40x40,15MV_40x40_interpolated,linear_between_6MV_and_18MV_same_field,linear_between_6MV_and_18MV_same_field,,,,/home/a/projects/particle-accelerator-shielding-simulator/geant4sim/GUI/geant4GUI/photon_neutron_bpe_app/photon_wall_simulation_core.py,9f2f53dab99971884f4a97bea897d6a0ebb61dd1d6a65daf7b634f589941222e,/home/a/projects/Radiation_Research/radiation_shielding/Radiation-Shielding-Research/results/phase1/source_models/source_library_snapshot/photon_wall_simulation_core__9f2f53dab9997188.py,9f2f53dab99971884f4a97bea897d6a0ebb61dd1d6a65daf7b634f589941222e,True
9.55,9.649999999999999,9.6,0.0034013287559033836,0.0034013287559033836,0.0034013287559033836,PHOTON_NUMBER_PROBABILITY_MASS_PER_BIN,ENERGY_FLUENCE_MASS_PER_BIN,energy_fluence_mass_i = energy_center_MeV_i * probability_mass_bin_i,PROJECT_15MV_40x40,15MV_40x40_interpolated,linear_between_6MV_and_18MV_same_field,linear_between_6MV_and_18MV_same_field,,,,/home/a/projects/particle-accelerator-shielding-simulator/geant4sim/GUI/geant4GUI/photon_neutron_bpe_app/photon_wall_simulation_core.py,9f2f53dab99971884f4a97bea897d6a0ebb61dd1d6a65daf7b634f589941222e,/home/a/projects/Radiation_Research/radiation_shielding/Radiation-Shielding-Research/results/phase1/source_models/source_library_snapshot/photon_wall_simulation_core__9f2f53dab9997188.py,9f2f53dab99971884f4a97bea897d6a0ebb61dd1d6a65daf7b634f589941222e,True
9.649999999999999,9.75,9.7,0.003075187078213691,0.003075187078213691,0.003075187078213691,PHOTON_NUMBER_PROBABILITY_MASS_PER_BIN,ENERGY_FLUENCE_MASS_PER_BIN,energy_fluence_mass_i = energy_center_MeV_i * probability_mass_bin_i,PROJECT_15MV_40x40,15MV_40x40_interpolated,linear_between_6MV_and_18MV_same_field,linear_between_6MV_and_18MV_same_field,,,,/home/a/projects/particle-accelerator-shielding-simulator/geant4sim/GUI/geant4GUI/photon_neutron_bpe_app/photon_wall_simulation_core.py,9f2f53dab99971884f4a97bea897d6a0ebb61dd1d6a65daf7b634f589941222e,/home/a/projects/Radiation_Research/radiation_shielding/Radiation-Shielding-Research/results/phase1/source_models/source_library_snapshot/photon_wall_simulation_core__9f2f53dab9997188.py,9f2f53dab99971884f4a97bea897d6a0ebb61dd1d6a65daf7b634f589941222e,True
9.75,9.850000000000001,9.8,0.0027446413371740334,0.0027446413371740334,0.0027446413371740334,PHOTON_NUMBER_PROBABILITY_MASS_PER_BIN,ENERGY_FLUENCE_MASS_PER_BIN,energy_fluence_mass_i = energy_center_MeV_i * probability_mass_bin_i,PROJECT_15MV_40x40,15MV_40x40_interpolated,linear_between_6MV_and_18MV_same_field,linear_between_6MV_and_18MV_same_field,,,,/home/a/projects/particle-accelerator-shielding-simulator/geant4sim/GUI/geant4GUI/photon_neutron_bpe_app/photon_wall_simulation_core.py,9f2f53dab99971884f4a97bea897d6a0ebb61dd1d6a65daf7b634f589941222e,/home/a/projects/Radiation_Research/radiation_shielding/Radiation-Shielding-Research/results/phase1/source_models/source_library_snapshot/photon_wall_simulation_core__9f2f53dab9997188.py,9f2f53dab99971884f4a97bea897d6a0ebb61dd1d6a65daf7b634f589941222e,True
9.850000000000001,9.95,9.9,0.002429292378593639,0.002429292378593639,0.002429292378593639,PHOTON_NUMBER_PROBABILITY_MASS_PER_BIN,ENERGY_FLUENCE_MASS_PER_BIN,energy_fluence_mass_i = energy_center_MeV_i * probability_mass_bin_i,PROJECT_15MV_40x40,15MV_40x40_interpolated,linear_between_6MV_and_18MV_same_field,linear_between_6MV_and_18MV_same_field,,,,/home/a/projects/particle-accelerator-shielding-simulator/geant4sim/GUI/geant4GUI/photon_neutron_bpe_app/photon_wall_simulation_core.py,9f2f53dab99971884f4a97bea897d6a0ebb61dd1d6a65daf7b634f589941222e,/home/a/projects/Radiation_Research/radiation_shielding/Radiation-Shielding-Research/results/phase1/source_models/source_library_snapshot/photon_wall_simulation_core__9f2f53dab9997188.py,9f2f53dab99971884f4a97bea897d6a0ebb61dd1d6a65daf7b634f589941222e,True
9.95,10.05,10.0,0.0021436747192247582,0.0021436747192247582,0.0021436747192247582,PHOTON_NUMBER_PROBABILITY_MASS_PER_BIN,ENERGY_FLUENCE_MASS_PER_BIN,energy_fluence_mass_i = energy_center_MeV_i * probability_mass_bin_i,PROJECT_15MV_40x40,15MV_40x40_interpolated,linear_between_6MV_and_18MV_same_field,linear_between_6MV_and_18MV_same_field,,,,/home/a/projects/particle-accelerator-shielding-simulator/geant4sim/GUI/geant4GUI/photon_neutron_bpe_app/photon_wall_simulation_core.py,9f2f53dab99971884f4a97bea897d6a0ebb61dd1d6a65daf7b634f589941222e,/home/a/projects/Radiation_Research/radiation_shielding/Radiation-Shielding-Research/results/phase1/source_models/source_library_snapshot/photon_wall_simulation_core__9f2f53dab9997188.py,9f2f53dab99971884f4a97bea897d6a0ebb61dd1d6a65daf7b634f589941222e,True
10.05,10.149999999999999,10.1,0.001895726080562042,0.001895726080562042,0.001895726080562042,PHOTON_NUMBER_PROBABILITY_MASS_PER_BIN,ENERGY_FLUENCE_MASS_PER_BIN,energy_fluence_mass_i = energy_center_MeV_i * probability_mass_bin_i,PROJECT_15MV_40x40,15MV_40x40_interpolated,linear_between_6MV_and_18MV_same_field,linear_between_6MV_and_18MV_same_field,,,,/home/a/projects/particle-accelerator-shielding-simulator/geant4sim/GUI/geant4GUI/photon_neutron_bpe_app/photon_wall_simulation_core.py,9f2f53dab99971884f4a97bea897d6a0ebb61dd1d6a65daf7b634f589941222e,/home/a/projects/Radiation_Research/radiation_shielding/Radiation-Shielding-Research/results/phase1/source_models/source_library_snapshot/photon_wall_simulation_core__9f2f53dab9997188.py,9f2f53dab99971884f4a97bea897d6a0ebb61dd1d6a65daf7b634f589941222e,True
10.149999999999999,10.25,10.2,0.0016732264058035681,0.0016732264058035681,0.0016732264058035681,PHOTON_NUMBER_PROBABILITY_MASS_PER_BIN,ENERGY_FLUENCE_MASS_PER_BIN,energy_fluence_mass_i = energy_center_MeV_i * probability_mass_bin_i,PROJECT_15MV_40x40,15MV_40x40_interpolated,linear_between_6MV_and_18MV_same_field,linear_between_6MV_and_18MV_same_field,,,,/home/a/projects/particle-accelerator-shielding-simulator/geant4sim/GUI/geant4GUI/photon_neutron_bpe_app/photon_wall_simulation_core.py,9f2f53dab99971884f4a97bea897d6a0ebb61dd1d6a65daf7b634f589941222e,/home/a/projects/Radiation_Research/radiation_shielding/Radiation-Shielding-Research/results/phase1/source_models/source_library_snapshot/photon_wall_simulation_core__9f2f53dab9997188.py,9f2f53dab99971884f4a97bea897d6a0ebb61dd1d6a65daf7b634f589941222e,True
10.25,10.350000000000001,10.3,0.0014702209265755172,0.0014702209265755172,0.0014702209265755172,PHOTON_NUMBER_PROBABILITY_MASS_PER_BIN,ENERGY_FLUENCE_MASS_PER_BIN,energy_fluence_mass_i = energy_center_MeV_i * probability_mass_bin_i,PROJECT_15MV_40x40,15MV_40x40_interpolated,linear_between_6MV_and_18MV_same_field,linear_between_6MV_and_18MV_same_field,,,,/home/a/projects/particle-accelerator-shielding-simulator/geant4sim/GUI/geant4GUI/photon_neutron_bpe_app/photon_wall_simulation_core.py,9f2f53dab99971884f4a97bea897d6a0ebb61dd1d6a65daf7b634f589941222e,/home/a/projects/Radiation_Research/radiation_shielding/Radiation-Shielding-Research/results/phase1/source_models/source_library_snapshot/photon_wall_simulation_core__9f2f53dab9997188.py,9f2f53dab99971884f4a97bea897d6a0ebb61dd1d6a65daf7b634f589941222e,True
10.350000000000001,10.45,10.4,0.0012910805158056146,0.0012910805158056146,0.0012910805158056146,PHOTON_NUMBER_PROBABILITY_MASS_PER_BIN,ENERGY_FLUENCE_MASS_PER_BIN,energy_fluence_mass_i = energy_center_MeV_i * probability_mass_bin_i,PROJECT_15MV_40x40,15MV_40x40_interpolated,linear_between_6MV_and_18MV_same_field,linear_between_6MV_and_18MV_same_field,,,,/home/a/projects/particle-accelerator-shielding-simulator/geant4sim/GUI/geant4GUI/photon_neutron_bpe_app/photon_wall_simulation_core.py,9f2f53dab99971884f4a97bea897d6a0ebb61dd1d6a65daf7b634f589941222e,/home/a/projects/Radiation_Research/radiation_shielding/Radiation-Shielding-Research/results/phase1/source_models/source_library_snapshot/photon_wall_simulation_core__9f2f53dab9997188.py,9f2f53dab99971884f4a97bea897d6a0ebb61dd1d6a65daf7b634f589941222e,True
10.45,10.55,10.5,0.0011375250309048723,0.0011375250309048723,0.0011375250309048723,PHOTON_NUMBER_PROBABILITY_MASS_PER_BIN,ENERGY_FLUENCE_MASS_PER_BIN,energy_fluence_mass_i = energy_center_MeV_i * probability_mass_bin_i,PROJECT_15MV_40x40,15MV_40x40_interpolated,linear_between_6MV_and_18MV_same_field,linear_between_6MV_and_18MV_same_field,,,,/home/a/projects/particle-accelerator-shielding-simulator/geant4sim/GUI/geant4GUI/photon_neutron_bpe_app/photon_wall_simulation_core.py,9f2f53dab99971884f4a97bea897d6a0ebb61dd1d6a65daf7b634f589941222e,/home/a/projects/Radiation_Research/radiation_shielding/Radiation-Shielding-Research/results/phase1/source_models/source_library_snapshot/photon_wall_simulation_core__9f2f53dab9997188.py,9f2f53dab99971884f4a97bea897d6a0ebb61dd1d6a65daf7b634f589941222e,True
10.55,10.649999999999999,10.6,0.0010094843160264944,0.0010094843160264944,0.0010094843160264944,PHOTON_NUMBER_PROBABILITY_MASS_PER_BIN,ENERGY_FLUENCE_MASS_PER_BIN,energy_fluence_mass_i = energy_center_MeV_i * probability_mass_bin_i,PROJECT_15MV_40x40,15MV_40x40_interpolated,linear_between_6MV_and_18MV_same_field,linear_between_6MV_and_18MV_same_field,,,,/home/a/projects/particle-accelerator-shielding-simulator/geant4sim/GUI/geant4GUI/photon_neutron_bpe_app/photon_wall_simulation_core.py,9f2f53dab99971884f4a97bea897d6a0ebb61dd1d6a65daf7b634f589941222e,/home/a/projects/Radiation_Research/radiation_shielding/Radiation-Shielding-Research/results/phase1/source_models/source_library_snapshot/photon_wall_simulation_core__9f2f53dab9997188.py,9f2f53dab99971884f4a97bea897d6a0ebb61dd1d6a65daf7b634f589941222e,True
10.649999999999999,10.75,10.7,0.0009076237533271878,0.0009076237533271878,0.0009076237533271878,PHOTON_NUMBER_PROBABILITY_MASS_PER_BIN,ENERGY_FLUENCE_MASS_PER_BIN,energy_fluence_mass_i = energy_center_MeV_i * probability_mass_bin_i,PROJECT_15MV_40x40,15MV_40x40_interpolated,linear_between_6MV_and_18MV_same_field,linear_between_6MV_and_18MV_same_field,,,,/home/a/projects/particle-accelerator-shielding-simulator/geant4sim/GUI/geant4GUI/photon_neutron_bpe_app/photon_wall_simulation_core.py,9f2f53dab99971884f4a97bea897d6a0ebb61dd1d6a65daf7b634f589941222e,/home/a/projects/Radiation_Research/radiation_shielding/Radiation-Shielding-Research/results/phase1/source_models/source_library_snapshot/photon_wall_simulation_core__9f2f53dab9997188.py,9f2f53dab99971884f4a97bea897d6a0ebb61dd1d6a65daf7b634f589941222e,True
10.75,10.850000000000001,10.8,0.0008242951629795935,0.0008242951629795935,0.0008242951629795935,PHOTON_NUMBER_PROBABILITY_MASS_PER_BIN,ENERGY_FLUENCE_MASS_PER_BIN,energy_fluence_mass_i = energy_center_MeV_i * probability_mass_bin_i,PROJECT_15MV_40x40,15MV_40x40_interpolated,linear_between_6MV_and_18MV_same_field,linear_between_6MV_and_18MV_same_field,,,,/home/a/projects/particle-accelerator-shielding-simulator/geant4sim/GUI/geant4GUI/photon_neutron_bpe_app/photon_wall_simulation_core.py,9f2f53dab99971884f4a97bea897d6a0ebb61dd1d6a65daf7b634f589941222e,/home/a/projects/Radiation_Research/radiation_shielding/Radiation-Shielding-Research/results/phase1/source_models/source_library_snapshot/photon_wall_simulation_core__9f2f53dab9997188.py,9f2f53dab99971884f4a97bea897d6a0ebb61dd1d6a65daf7b634f589941222e,True
10.850000000000001,10.95,10.9,0.0007491585678282832,0.0007491585678282832,0.0007491585678282832,PHOTON_NUMBER_PROBABILITY_MASS_PER_BIN,ENERGY_FLUENCE_MASS_PER_BIN,energy_fluence_mass_i = energy_center_MeV_i * probability_mass_bin_i,PROJECT_15MV_40x40,15MV_40x40_interpolated,linear_between_6MV_and_18MV_same_field,linear_between_6MV_and_18MV_same_field,,,,/home/a/projects/particle-accelerator-shielding-simulator/geant4sim/GUI/geant4GUI/photon_neutron_bpe_app/photon_wall_simulation_core.py,9f2f53dab99971884f4a97bea897d6a0ebb61dd1d6a65daf7b634f589941222e,/home/a/projects/Radiation_Research/radiation_shielding/Radiation-Shielding-Research/results/phase1/source_models/source_library_snapshot/photon_wall_simulation_core__9f2f53dab9997188.py,9f2f53dab99971884f4a97bea897d6a0ebb61dd1d6a65daf7b634f589941222e,True
10.95,11.05,11.0,0.0006750288457079305,0.0006750288457079305,0.0006750288457079305,PHOTON_NUMBER_PROBABILITY_MASS_PER_BIN,ENERGY_FLUENCE_MASS_PER_BIN,energy_fluence_mass_i = energy_center_MeV_i * probability_mass_bin_i,PROJECT_15MV_40x40,15MV_40x40_interpolated,linear_between_6MV_and_18MV_same_field,linear_between_6MV_and_18MV_same_field,,,,/home/a/projects/particle-accelerator-shielding-simulator/geant4sim/GUI/geant4GUI/photon_neutron_bpe_app/photon_wall_simulation_core.py,9f2f53dab99971884f4a97bea897d6a0ebb61dd1d6a65daf7b634f589941222e,/home/a/projects/Radiation_Research/radiation_shielding/Radiation-Shielding-Research/results/phase1/source_models/source_library_snapshot/photon_wall_simulation_core__9f2f53dab9997188.py,9f2f53dab99971884f4a97bea897d6a0ebb61dd1d6a65daf7b634f589941222e,True
11.05,11.149999999999999,11.1,0.0005974092941664708,0.0005974092941664708,0.0005974092941664708,PHOTON_NUMBER_PROBABILITY_MASS_PER_BIN,ENERGY_FLUENCE_MASS_PER_BIN,energy_fluence_mass_i = energy_center_MeV_i * probability_mass_bin_i,PROJECT_15MV_40x40,15MV_40x40_interpolated,linear_between_6MV_and_18MV_same_field,linear_between_6MV_and_18MV_same_field,,,,/home/a/projects/particle-accelerator-shielding-simulator/geant4sim/GUI/geant4GUI/photon_neutron_bpe_app/photon_wall_simulation_core.py,9f2f53dab99971884f4a97bea897d6a0ebb61dd1d6a65daf7b634f589941222e,/home/a/projects/Radiation_Research/radiation_shielding/Radiation-Shielding-Research/results/phase1/source_models/source_library_snapshot/photon_wall_simulation_core__9f2f53dab9997188.py,9f2f53dab99971884f4a97bea897d6a0ebb61dd1d6a65daf7b634f589941222e,True
11.149999999999999,11.25,11.2,0.0005164163261780376,0.0005164163261780376,0.0005164163261780376,PHOTON_NUMBER_PROBABILITY_MASS_PER_BIN,ENERGY_FLUENCE_MASS_PER_BIN,energy_fluence_mass_i = energy_center_MeV_i * probability_mass_bin_i,PROJECT_15MV_40x40,15MV_40x40_interpolated,linear_between_6MV_and_18MV_same_field,linear_between_6MV_and_18MV_same_field,,,,/home/a/projects/particle-accelerator-shielding-simulator/geant4sim/GUI/geant4GUI/photon_neutron_bpe_app/photon_wall_simulation_core.py,9f2f53dab99971884f4a97bea897d6a0ebb61dd1d6a65daf7b634f589941222e,/home/a/projects/Radiation_Research/radiation_shielding/Radiation-Shielding-Research/results/phase1/source_models/source_library_snapshot/photon_wall_simulation_core__9f2f53dab9997188.py,9f2f53dab99971884f4a97bea897d6a0ebb61dd1d6a65daf7b634f589941222e,True
11.25,11.350000000000001,11.3,0.0004367512211262599,0.0004367512211262599,0.0004367512211262599,PHOTON_NUMBER_PROBABILITY_MASS_PER_BIN,ENERGY_FLUENCE_MASS_PER_BIN,energy_fluence_mass_i = energy_center_MeV_i * probability_mass_bin_i,PROJECT_15MV_40x40,15MV_40x40_interpolated,linear_between_6MV_and_18MV_same_field,linear_between_6MV_and_18MV_same_field,,,,/home/a/projects/particle-accelerator-shielding-simulator/geant4sim/GUI/geant4GUI/photon_neutron_bpe_app/photon_wall_simulation_core.py,9f2f53dab99971884f4a97bea897d6a0ebb61dd1d6a65daf7b634f589941222e,/home/a/projects/Radiation_Research/radiation_shielding/Radiation-Shielding-Research/results/phase1/source_models/source_library_snapshot/photon_wall_simulation_core__9f2f53dab9997188.py,9f2f53dab99971884f4a97bea897d6a0ebb61dd1d6a65daf7b634f589941222e,True
11.350000000000001,11.45,11.4,0.00036194598733528955,0.00036194598733528955,0.00036194598733528955,PHOTON_NUMBER_PROBABILITY_MASS_PER_BIN,ENERGY_FLUENCE_MASS_PER_BIN,energy_fluence_mass_i = energy_center_MeV_i * probability_mass_bin_i,PROJECT_15MV_40x40,15MV_40x40_interpolated,linear_between_6MV_and_18MV_same_field,linear_between_6MV_and_18MV_same_field,,,,/home/a/projects/particle-accelerator-shielding-simulator/geant4sim/GUI/geant4GUI/photon_neutron_bpe_app/photon_wall_simulation_core.py,9f2f53dab99971884f4a97bea897d6a0ebb61dd1d6a65daf7b634f589941222e,/home/a/projects/Radiation_Research/radiation_shielding/Radiation-Shielding-Research/results/phase1/source_models/source_library_snapshot/photon_wall_simulation_core__9f2f53dab9997188.py,9f2f53dab99971884f4a97bea897d6a0ebb61dd1d6a65daf7b634f589941222e,True
11.45,11.55,11.5,0.0002943731381745821,0.0002943731381745821,0.0002943731381745821,PHOTON_NUMBER_PROBABILITY_MASS_PER_BIN,ENERGY_FLUENCE_MASS_PER_BIN,energy_fluence_mass_i = energy_center_MeV_i * probability_mass_bin_i,PROJECT_15MV_40x40,15MV_40x40_interpolated,linear_between_6MV_and_18MV_same_field,linear_between_6MV_and_18MV_same_field,,,,/home/a/projects/particle-accelerator-shielding-simulator/geant4sim/GUI/geant4GUI/photon_neutron_bpe_app/photon_wall_simulation_core.py,9f2f53dab99971884f4a97bea897d6a0ebb61dd1d6a65daf7b634f589941222e,/home/a/projects/Radiation_Research/radiation_shielding/Radiation-Shielding-Research/results/phase1/source_models/source_library_snapshot/photon_wall_simulation_core__9f2f53dab9997188.py,9f2f53dab99971884f4a97bea897d6a0ebb61dd1d6a65daf7b634f589941222e,True
11.55,11.649999999999999,11.6,0.0002353242380677849,0.0002353242380677849,0.0002353242380677849,PHOTON_NUMBER_PROBABILITY_MASS_PER_BIN,ENERGY_FLUENCE_MASS_PER_BIN,energy_fluence_mass_i = energy_center_MeV_i * probability_mass_bin_i,PROJECT_15MV_40x40,15MV_40x40_interpolated,linear_between_6MV_and_18MV_same_field,linear_between_6MV_and_18MV_same_field,,,,/home/a/projects/particle-accelerator-shielding-simulator/geant4sim/GUI/geant4GUI/photon_neutron_bpe_app/photon_wall_simulation_core.py,9f2f53dab99971884f4a97bea897d6a0ebb61dd1d6a65daf7b634f589941222e,/home/a/projects/Radiation_Research/radiation_shielding/Radiation-Shielding-Research/results/phase1/source_models/source_library_snapshot/photon_wall_simulation_core__9f2f53dab9997188.py,9f2f53dab99971884f4a97bea897d6a0ebb61dd1d6a65daf7b634f589941222e,True
11.649999999999999,11.75,11.7,0.00017482678312777223,0.00017482678312777223,0.00017482678312777223,PHOTON_NUMBER_PROBABILITY_MASS_PER_BIN,ENERGY_FLUENCE_MASS_PER_BIN,energy_fluence_mass_i = energy_center_MeV_i * probability_mass_bin_i,PROJECT_15MV_40x40,15MV_40x40_interpolated,linear_between_6MV_and_18MV_same_field,linear_between_6MV_and_18MV_same_field,,,,/home/a/projects/particle-accelerator-shielding-simulator/geant4sim/GUI/geant4GUI/photon_neutron_bpe_app/photon_wall_simulation_core.py,9f2f53dab99971884f4a97bea897d6a0ebb61dd1d6a65daf7b634f589941222e,/home/a/projects/Radiation_Research/radiation_shielding/Radiation-Shielding-Research/results/phase1/source_models/source_library_snapshot/photon_wall_simulation_core__9f2f53dab9997188.py,9f2f53dab99971884f4a97bea897d6a0ebb61dd1d6a65daf7b634f589941222e,True
11.75,11.850000000000001,11.8,0.00011986740174983954,0.00011986740174983954,0.00011986740174983954,PHOTON_NUMBER_PROBABILITY_MASS_PER_BIN,ENERGY_FLUENCE_MASS_PER_BIN,energy_fluence_mass_i = energy_center_MeV_i * probability_mass_bin_i,PROJECT_15MV_40x40,15MV_40x40_interpolated,linear_between_6MV_and_18MV_same_field,linear_between_6MV_and_18MV_same_field,,,,/home/a/projects/particle-accelerator-shielding-simulator/geant4sim/GUI/geant4GUI/photon_neutron_bpe_app/photon_wall_simulation_core.py,9f2f53dab99971884f4a97bea897d6a0ebb61dd1d6a65daf7b634f589941222e,/home/a/projects/Radiation_Research/radiation_shielding/Radiation-Shielding-Research/results/phase1/source_models/source_library_snapshot/photon_wall_simulation_core__9f2f53dab9997188.py,9f2f53dab99971884f4a97bea897d6a0ebb61dd1d6a65daf7b634f589941222e,True
11.850000000000001,11.95,11.9,8.177032206976857e-05,8.177032206976857e-05,8.177032206976857e-05,PHOTON_NUMBER_PROBABILITY_MASS_PER_BIN,ENERGY_FLUENCE_MASS_PER_BIN,energy_fluence_mass_i = energy_center_MeV_i * probability_mass_bin_i,PROJECT_15MV_40x40,15MV_40x40_interpolated,linear_between_6MV_and_18MV_same_field,linear_between_6MV_and_18MV_same_field,,,,/home/a/projects/particle-accelerator-shielding-simulator/geant4sim/GUI/geant4GUI/photon_neutron_bpe_app/photon_wall_simulation_core.py,9f2f53dab99971884f4a97bea897d6a0ebb61dd1d6a65daf7b634f589941222e,/home/a/projects/Radiation_Research/radiation_shielding/Radiation-Shielding-Research/results/phase1/source_models/source_library_snapshot/photon_wall_simulation_core__9f2f53dab9997188.py,9f2f53dab99971884f4a97bea897d6a0ebb61dd1d6a65daf7b634f589941222e,True
11.95,12.05,12.0,5.9833097729563674e-05,5.9833097729563674e-05,5.9833097729563674e-05,PHOTON_NUMBER_PROBABILITY_MASS_PER_BIN,ENERGY_FLUENCE_MASS_PER_BIN,energy_fluence_mass_i = energy_center_MeV_i * probability_mass_bin_i,PROJECT_15MV_40x40,15MV_40x40_interpolated,linear_between_6MV_and_18MV_same_field,linear_between_6MV_and_18MV_same_field,,,,/home/a/projects/particle-accelerator-shielding-simulator/geant4sim/GUI/geant4GUI/photon_neutron_bpe_app/photon_wall_simulation_core.py,9f2f53dab99971884f4a97bea897d6a0ebb61dd1d6a65daf7b634f589941222e,/home/a/projects/Radiation_Research/radiation_shielding/Radiation-Shielding-Research/results/phase1/source_models/source_library_snapshot/photon_wall_simulation_core__9f2f53dab9997188.py,9f2f53dab99971884f4a97bea897d6a0ebb61dd1d6a65daf7b634f589941222e,True
12.05,12.149999999999999,12.1,5.0627688875582556e-05,5.0627688875582556e-05,5.0627688875582556e-05,PHOTON_NUMBER_PROBABILITY_MASS_PER_BIN,ENERGY_FLUENCE_MASS_PER_BIN,energy_fluence_mass_i = energy_center_MeV_i * probability_mass_bin_i,PROJECT_15MV_40x40,15MV_40x40_interpolated,linear_between_6MV_and_18MV_same_field,linear_between_6MV_and_18MV_same_field,,,,/home/a/projects/particle-accelerator-shielding-simulator/geant4sim/GUI/geant4GUI/photon_neutron_bpe_app/photon_wall_simulation_core.py,9f2f53dab99971884f4a97bea897d6a0ebb61dd1d6a65daf7b634f589941222e,/home/a/projects/Radiation_Research/radiation_shielding/Radiation-Shielding-Research/results/phase1/source_models/source_library_snapshot/photon_wall_simulation_core__9f2f53dab9997188.py,9f2f53dab99971884f4a97bea897d6a0ebb61dd1d6a65daf7b634f589941222e,True
12.149999999999999,12.25,12.2,4.786096997205795e-05,4.786096997205795e-05,4.786096997205795e-05,PHOTON_NUMBER_PROBABILITY_MASS_PER_BIN,ENERGY_FLUENCE_MASS_PER_BIN,energy_fluence_mass_i = energy_center_MeV_i * probability_mass_bin_i,PROJECT_15MV_40x40,15MV_40x40_interpolated,linear_between_6MV_and_18MV_same_field,linear_between_6MV_and_18MV_same_field,,,,/home/a/projects/particle-accelerator-shielding-simulator/geant4sim/GUI/geant4GUI/photon_neutron_bpe_app/photon_wall_simulation_core.py,9f2f53dab99971884f4a97bea897d6a0ebb61dd1d6a65daf7b634f589941222e,/home/a/projects/Radiation_Research/radiation_shielding/Radiation-Shielding-Research/results/phase1/source_models/source_library_snapshot/photon_wall_simulation_core__9f2f53dab9997188.py,9f2f53dab99971884f4a97bea897d6a0ebb61dd1d6a65daf7b634f589941222e,True
12.25,12.350000000000001,12.3,4.6122929148994326e-05,4.6122929148994326e-05,4.6122929148994326e-05,PHOTON_NUMBER_PROBABILITY_MASS_PER_BIN,ENERGY_FLUENCE_MASS_PER_BIN,energy_fluence_mass_i = energy_center_MeV_i * probability_mass_bin_i,PROJECT_15MV_40x40,15MV_40x40_interpolated,linear_between_6MV_and_18MV_same_field,linear_between_6MV_and_18MV_same_field,,,,/home/a/projects/particle-accelerator-shielding-simulator/geant4sim/GUI/geant4GUI/photon_neutron_bpe_app/photon_wall_simulation_core.py,9f2f53dab99971884f4a97bea897d6a0ebb61dd1d6a65daf7b634f589941222e,/home/a/projects/Radiation_Research/radiation_shielding/Radiation-Shielding-Research/results/phase1/source_models/source_library_snapshot/photon_wall_simulation_core__9f2f53dab9997188.py,9f2f53dab99971884f4a97bea897d6a0ebb61dd1d6a65daf7b634f589941222e,True
12.350000000000001,12.45,12.4,4.4829906102037945e-05,4.4829906102037945e-05,4.4829906102037945e-05,PHOTON_NUMBER_PROBABILITY_MASS_PER_BIN,ENERGY_FLUENCE_MASS_PER_BIN,energy_fluence_mass_i = energy_center_MeV_i * probability_mass_bin_i,PROJECT_15MV_40x40,15MV_40x40_interpolated,linear_between_6MV_and_18MV_same_field,linear_between_6MV_and_18MV_same_field,,,,/home/a/projects/particle-accelerator-shielding-simulator/geant4sim/GUI/geant4GUI/photon_neutron_bpe_app/photon_wall_simulation_core.py,9f2f53dab99971884f4a97bea897d6a0ebb61dd1d6a65daf7b634f589941222e,/home/a/projects/Radiation_Research/radiation_shielding/Radiation-Shielding-Research/results/phase1/source_models/source_library_snapshot/photon_wall_simulation_core__9f2f53dab9997188.py,9f2f53dab99971884f4a97bea897d6a0ebb61dd1d6a65daf7b634f589941222e,True
12.45,12.55,12.5,4.348184020341764e-05,4.348184020341764e-05,4.348184020341764e-05,PHOTON_NUMBER_PROBABILITY_MASS_PER_BIN,ENERGY_FLUENCE_MASS_PER_BIN,energy_fluence_mass_i = energy_center_MeV_i * probability_mass_bin_i,PROJECT_15MV_40x40,15MV_40x40_interpolated,linear_between_6MV_and_18MV_same_field,linear_between_6MV_and_18MV_same_field,,,,/home/a/projects/particle-accelerator-shielding-simulator/geant4sim/GUI/geant4GUI/photon_neutron_bpe_app/photon_wall_simulation_core.py,9f2f53dab99971884f4a97bea897d6a0ebb61dd1d6a65daf7b634f589941222e,/home/a/projects/Radiation_Research/radiation_shielding/Radiation-Shielding-Research/results/phase1/source_models/source_library_snapshot/photon_wall_simulation_core__9f2f53dab9997188.py,9f2f53dab99971884f4a97bea897d6a0ebb61dd1d6a65daf7b634f589941222e,True
12.55,12.649999999999999,12.6,4.163999925537395e-05,4.163999925537395e-05,4.163999925537395e-05,PHOTON_NUMBER_PROBABILITY_MASS_PER_BIN,ENERGY_FLUENCE_MASS_PER_BIN,energy_fluence_mass_i = energy_center_MeV_i * probability_mass_bin_i,PROJECT_15MV_40x40,15MV_40x40_interpolated,linear_between_6MV_and_18MV_same_field,linear_between_6MV_and_18MV_same_field,,,,/home/a/projects/particle-accelerator-shielding-simulator/geant4sim/GUI/geant4GUI/photon_neutron_bpe_app/photon_wall_simulation_core.py,9f2f53dab99971884f4a97bea897d6a0ebb61dd1d6a65daf7b634f589941222e,/home/a/projects/Radiation_Research/radiation_shielding/Radiation-Shielding-Research/results/phase1/source_models/source_library_snapshot/photon_wall_simulation_core__9f2f53dab9997188.py,9f2f53dab99971884f4a97bea897d6a0ebb61dd1d6a65daf7b634f589941222e,True
12.649999999999999,12.75,12.7,3.9086967202133235e-05,3.9086967202133235e-05,3.9086967202133235e-05,PHOTON_NUMBER_PROBABILITY_MASS_PER_BIN,ENERGY_FLUENCE_MASS_PER_BIN,energy_fluence_mass_i = energy_center_MeV_i * probability_mass_bin_i,PROJECT_15MV_40x40,15MV_40x40_interpolated,linear_between_6MV_and_18MV_same_field,linear_between_6MV_and_18MV_same_field,,,,/home/a/projects/particle-accelerator-shielding-simulator/geant4sim/GUI/geant4GUI/photon_neutron_bpe_app/photon_wall_simulation_core.py,9f2f53dab99971884f4a97bea897d6a0ebb61dd1d6a65daf7b634f589941222e,/home/a/projects/Radiation_Research/radiation_shielding/Radiation-Shielding-Research/results/phase1/source_models/source_library_snapshot/photon_wall_simulation_core__9f2f53dab9997188.py,9f2f53dab99971884f4a97bea897d6a0ebb61dd1d6a65daf7b634f589941222e,True
12.75,12.850000000000001,12.8,3.610510612266032e-05,3.610510612266032e-05,3.610510612266032e-05,PHOTON_NUMBER_PROBABILITY_MASS_PER_BIN,ENERGY_FLUENCE_MASS_PER_BIN,energy_fluence_mass_i = energy_center_MeV_i * probability_mass_bin_i,PROJECT_15MV_40x40,15MV_40x40_interpolated,linear_between_6MV_and_18MV_same_field,linear_between_6MV_and_18MV_same_field,,,,/home/a/projects/particle-accelerator-shielding-simulator/geant4sim/GUI/geant4GUI/photon_neutron_bpe_app/photon_wall_simulation_core.py,9f2f53dab99971884f4a97bea897d6a0ebb61dd1d6a65daf7b634f589941222e,/home/a/projects/Radiation_Research/radiation_shielding/Radiation-Shielding-Research/results/phase1/source_models/source_library_snapshot/photon_wall_simulation_core__9f2f53dab9997188.py,9f2f53dab99971884f4a97bea897d6a0ebb61dd1d6a65daf7b634f589941222e,True
12.850000000000001,12.95,12.9,3.3018398192671566e-05,3.3018398192671566e-05,3.3018398192671566e-05,PHOTON_NUMBER_PROBABILITY_MASS_PER_BIN,ENERGY_FLUENCE_MASS_PER_BIN,energy_fluence_mass_i = energy_center_MeV_i * probability_mass_bin_i,PROJECT_15MV_40x40,15MV_40x40_interpolated,linear_between_6MV_and_18MV_same_field,linear_between_6MV_and_18MV_same_field,,,,/home/a/projects/particle-accelerator-shielding-simulator/geant4sim/GUI/geant4GUI/photon_neutron_bpe_app/photon_wall_simulation_core.py,9f2f53dab99971884f4a97bea897d6a0ebb61dd1d6a65daf7b634f589941222e,/home/a/projects/Radiation_Research/radiation_shielding/Radiation-Shielding-Research/results/phase1/source_models/source_library_snapshot/photon_wall_simulation_core__9f2f53dab9997188.py,9f2f53dab99971884f4a97bea897d6a0ebb61dd1d6a65daf7b634f589941222e,True
12.95,13.05,13.0,3.0076647937550518e-05,3.0076647937550518e-05,3.0076647937550518e-05,PHOTON_NUMBER_PROBABILITY_MASS_PER_BIN,ENERGY_FLUENCE_MASS_PER_BIN,energy_fluence_mass_i = energy_center_MeV_i * probability_mass_bin_i,PROJECT_15MV_40x40,15MV_40x40_interpolated,linear_between_6MV_and_18MV_same_field,linear_between_6MV_and_18MV_same_field,,,,/home/a/projects/particle-accelerator-shielding-simulator/geant4sim/GUI/geant4GUI/photon_neutron_bpe_app/photon_wall_simulation_core.py,9f2f53dab99971884f4a97bea897d6a0ebb61dd1d6a65daf7b634f589941222e,/home/a/projects/Radiation_Research/radiation_shielding/Radiation-Shielding-Research/results/phase1/source_models/source_library_snapshot/photon_wall_simulation_core__9f2f53dab9997188.py,9f2f53dab99971884f4a97bea897d6a0ebb61dd1d6a65daf7b634f589941222e,True
13.05,13.149999999999999,13.1,2.745517736250689e-05,2.745517736250689e-05,2.745517736250689e-05,PHOTON_NUMBER_PROBABILITY_MASS_PER_BIN,ENERGY_FLUENCE_MASS_PER_BIN,energy_fluence_mass_i = energy_center_MeV_i * probability_mass_bin_i,PROJECT_15MV_40x40,15MV_40x40_interpolated,linear_between_6MV_and_18MV_same_field,linear_between_6MV_and_18MV_same_field,,,,/home/a/projects/particle-accelerator-shielding-simulator/geant4sim/GUI/geant4GUI/photon_neutron_bpe_app/photon_wall_simulation_core.py,9f2f53dab99971884f4a97bea897d6a0ebb61dd1d6a65daf7b634f589941222e,/home/a/projects/Radiation_Research/radiation_shielding/Radiation-Shielding-Research/results/phase1/source_models/source_library_snapshot/photon_wall_simulation_core__9f2f53dab9997188.py,9f2f53dab99971884f4a97bea897d6a0ebb61dd1d6a65daf7b634f589941222e,True
13.149999999999999,13.25,13.2,2.5081040563911902e-05,2.5081040563911902e-05,2.5081040563911902e-05,PHOTON_NUMBER_PROBABILITY_MASS_PER_BIN,ENERGY_FLUENCE_MASS_PER_BIN,energy_fluence_mass_i = energy_center_MeV_i * probability_mass_bin_i,PROJECT_15MV_40x40,15MV_40x40_interpolated,linear_between_6MV_and_18MV_same_field,linear_between_6MV_and_18MV_same_field,,,,/home/a/projects/particle-accelerator-shielding-simulator/geant4sim/GUI/geant4GUI/photon_neutron_bpe_app/photon_wall_simulation_core.py,9f2f53dab99971884f4a97bea897d6a0ebb61dd1d6a65daf7b634f589941222e,/home/a/projects/Radiation_Research/radiation_shielding/Radiation-Shielding-Research/results/phase1/source_models/source_library_snapshot/photon_wall_simulation_core__9f2f53dab9997188.py,9f2f53dab99971884f4a97bea897d6a0ebb61dd1d6a65daf7b634f589941222e,True
13.25,13.350000000000001,13.3,2.2834170507170762e-05,2.2834170507170762e-05,2.2834170507170762e-05,PHOTON_NUMBER_PROBABILITY_MASS_PER_BIN,ENERGY_FLUENCE_MASS_PER_BIN,energy_fluence_mass_i = energy_center_MeV_i * probability_mass_bin_i,PROJECT_15MV_40x40,15MV_40x40_interpolated,linear_between_6MV_and_18MV_same_field,linear_between_6MV_and_18MV_same_field,,,,/home/a/projects/particle-accelerator-shielding-simulator/geant4sim/GUI/geant4GUI/photon_neutron_bpe_app/photon_wall_simulation_core.py,9f2f53dab99971884f4a97bea897d6a0ebb61dd1d6a65daf7b634f589941222e,/home/a/projects/Radiation_Research/radiation_shielding/Radiation-Shielding-Research/results/phase1/source_models/source_library_snapshot/photon_wall_simulation_core__9f2f53dab9997188.py,9f2f53dab99971884f4a97bea897d6a0ebb61dd1d6a65daf7b634f589941222e,True
13.350000000000001,13.45,13.4,2.075672831237563e-05,2.075672831237563e-05,2.075672831237563e-05,PHOTON_NUMBER_PROBABILITY_MASS_PER_BIN,ENERGY_FLUENCE_MASS_PER_BIN,energy_fluence_mass_i = energy_center_MeV_i * probability_mass_bin_i,PROJECT_15MV_40x40,15MV_40x40_interpolated,linear_between_6MV_and_18MV_same_field,linear_between_6MV_and_18MV_same_field,,,,/home/a/projects/particle-accelerator-shielding-simulator/geant4sim/GUI/geant4GUI/photon_neutron_bpe_app/photon_wall_simulation_core.py,9f2f53dab99971884f4a97bea897d6a0ebb61dd1d6a65daf7b634f589941222e,/home/a/projects/Radiation_Research/radiation_shielding/Radiation-Shielding-Research/results/phase1/source_models/source_library_snapshot/photon_wall_simulation_core__9f2f53dab9997188.py,9f2f53dab99971884f4a97bea897d6a0ebb61dd1d6a65daf7b634f589941222e,True
13.45,13.55,13.5,1.8874789365580224e-05,1.8874789365580224e-05,1.8874789365580224e-05,PHOTON_NUMBER_PROBABILITY_MASS_PER_BIN,ENERGY_FLUENCE_MASS_PER_BIN,energy_fluence_mass_i = energy_center_MeV_i * probability_mass_bin_i,PROJECT_15MV_40x40,15MV_40x40_interpolated,linear_between_6MV_and_18MV_same_field,linear_between_6MV_and_18MV_same_field,,,,/home/a/projects/particle-accelerator-shielding-simulator/geant4sim/GUI/geant4GUI/photon_neutron_bpe_app/photon_wall_simulation_core.py,9f2f53dab99971884f4a97bea897d6a0ebb61dd1d6a65daf7b634f589941222e,/home/a/projects/Radiation_Research/radiation_shielding/Radiation-Shielding-Research/results/phase1/source_models/source_library_snapshot/photon_wall_simulation_core__9f2f53dab9997188.py,9f2f53dab99971884f4a97bea897d6a0ebb61dd1d6a65daf7b634f589941222e,True
13.55,13.649999999999999,13.6,1.720166392440475e-05,1.720166392440475e-05,1.720166392440475e-05,PHOTON_NUMBER_PROBABILITY_MASS_PER_BIN,ENERGY_FLUENCE_MASS_PER_BIN,energy_fluence_mass_i = energy_center_MeV_i * probability_mass_bin_i,PROJECT_15MV_40x40,15MV_40x40_interpolated,linear_between_6MV_and_18MV_same_field,linear_between_6MV_and_18MV_same_field,,,,/home/a/projects/particle-accelerator-shielding-simulator/geant4sim/GUI/geant4GUI/photon_neutron_bpe_app/photon_wall_simulation_core.py,9f2f53dab99971884f4a97bea897d6a0ebb61dd1d6a65daf7b634f589941222e,/home/a/projects/Radiation_Research/radiation_shielding/Radiation-Shielding-Research/results/phase1/source_models/source_library_snapshot/photon_wall_simulation_core__9f2f53dab9997188.py,9f2f53dab99971884f4a97bea897d6a0ebb61dd1d6a65daf7b634f589941222e,True
13.649999999999999,13.75,13.7,1.5724897955594447e-05,1.5724897955594447e-05,1.5724897955594447e-05,PHOTON_NUMBER_PROBABILITY_MASS_PER_BIN,ENERGY_FLUENCE_MASS_PER_BIN,energy_fluence_mass_i = energy_center_MeV_i * probability_mass_bin_i,PROJECT_15MV_40x40,15MV_40x40_interpolated,linear_between_6MV_and_18MV_same_field,linear_between_6MV_and_18MV_same_field,,,,/home/a/projects/particle-accelerator-shielding-simulator/geant4sim/GUI/geant4GUI/photon_neutron_bpe_app/photon_wall_simulation_core.py,9f2f53dab99971884f4a97bea897d6a0ebb61dd1d6a65daf7b634f589941222e,/home/a/projects/Radiation_Research/radiation_shielding/Radiation-Shielding-Research/results/phase1/source_models/source_library_snapshot/photon_wall_simulation_core__9f2f53dab9997188.py,9f2f53dab99971884f4a97bea897d6a0ebb61dd1d6a65daf7b634f589941222e,True
13.75,13.850000000000001,13.8,1.4400576222352823e-05,1.4400576222352823e-05,1.4400576222352823e-05,PHOTON_NUMBER_PROBABILITY_MASS_PER_BIN,ENERGY_FLUENCE_MASS_PER_BIN,energy_fluence_mass_i = energy_center_MeV_i * probability_mass_bin_i,PROJECT_15MV_40x40,15MV_40x40_interpolated,linear_between_6MV_and_18MV_same_field,linear_between_6MV_and_18MV_same_field,,,,/home/a/projects/particle-accelerator-shielding-simulator/geant4sim/GUI/geant4GUI/photon_neutron_bpe_app/photon_wall_simulation_core.py,9f2f53dab99971884f4a97bea897d6a0ebb61dd1d6a65daf7b634f589941222e,/home/a/projects/Radiation_Research/radiation_shielding/Radiation-Shielding-Research/results/phase1/source_models/source_library_snapshot/photon_wall_simulation_core__9f2f53dab9997188.py,9f2f53dab99971884f4a97bea897d6a0ebb61dd1d6a65daf7b634f589941222e,True
13.850000000000001,13.95,13.9,1.3194250531142792e-05,1.3194250531142792e-05,1.3194250531142792e-05,PHOTON_NUMBER_PROBABILITY_MASS_PER_BIN,ENERGY_FLUENCE_MASS_PER_BIN,energy_fluence_mass_i = energy_center_MeV_i * probability_mass_bin_i,PROJECT_15MV_40x40,15MV_40x40_interpolated,linear_between_6MV_and_18MV_same_field,linear_between_6MV_and_18MV_same_field,,,,/home/a/projects/particle-accelerator-shielding-simulator/geant4sim/GUI/geant4GUI/photon_neutron_bpe_app/photon_wall_simulation_core.py,9f2f53dab99971884f4a97bea897d6a0ebb61dd1d6a65daf7b634f589941222e,/home/a/projects/Radiation_Research/radiation_shielding/Radiation-Shielding-Research/results/phase1/source_models/source_library_snapshot/photon_wall_simulation_core__9f2f53dab9997188.py,9f2f53dab99971884f4a97bea897d6a0ebb61dd1d6a65daf7b634f589941222e,True
13.95,14.05,14.0,1.2079266642815172e-05,1.2079266642815172e-05,1.2079266642815172e-05,PHOTON_NUMBER_PROBABILITY_MASS_PER_BIN,ENERGY_FLUENCE_MASS_PER_BIN,energy_fluence_mass_i = energy_center_MeV_i * probability_mass_bin_i,PROJECT_15MV_40x40,15MV_40x40_interpolated,linear_between_6MV_and_18MV_same_field,linear_between_6MV_and_18MV_same_field,,,,/home/a/projects/particle-accelerator-shielding-simulator/geant4sim/GUI/geant4GUI/photon_neutron_bpe_app/photon_wall_simulation_core.py,9f2f53dab99971884f4a97bea897d6a0ebb61dd1d6a65daf7b634f589941222e,/home/a/projects/Radiation_Research/radiation_shielding/Radiation-Shielding-Research/results/phase1/source_models/source_library_snapshot/photon_wall_simulation_core__9f2f53dab9997188.py,9f2f53dab99971884f4a97bea897d6a0ebb61dd1d6a65daf7b634f589941222e,True
14.05,14.149999999999999,14.1,1.1035335996323404e-05,1.1035335996323404e-05,1.1035335996323404e-05,PHOTON_NUMBER_PROBABILITY_MASS_PER_BIN,ENERGY_FLUENCE_MASS_PER_BIN,energy_fluence_mass_i = energy_center_MeV_i * probability_mass_bin_i,PROJECT_15MV_40x40,15MV_40x40_interpolated,linear_between_6MV_and_18MV_same_field,linear_between_6MV_and_18MV_same_field,,,,/home/a/projects/particle-accelerator-shielding-simulator/geant4sim/GUI/geant4GUI/photon_neutron_bpe_app/photon_wall_simulation_core.py,9f2f53dab99971884f4a97bea897d6a0ebb61dd1d6a65daf7b634f589941222e,/home/a/projects/Radiation_Research/radiation_shielding/Radiation-Shielding-Research/results/phase1/source_models/source_library_snapshot/photon_wall_simulation_core__9f2f53dab9997188.py,9f2f53dab99971884f4a97bea897d6a0ebb61dd1d6a65daf7b634f589941222e,True
14.149999999999999,14.25,14.2,1.009620786734164e-05,1.009620786734164e-05,1.009620786734164e-05,PHOTON_NUMBER_PROBABILITY_MASS_PER_BIN,ENERGY_FLUENCE_MASS_PER_BIN,energy_fluence_mass_i = energy_center_MeV_i * probability_mass_bin_i,PROJECT_15MV_40x40,15MV_40x40_interpolated,linear_between_6MV_and_18MV_same_field,linear_between_6MV_and_18MV_same_field,,,,/home/a/projects/particle-accelerator-shielding-simulator/geant4sim/GUI/geant4GUI/photon_neutron_bpe_app/photon_wall_simulation_core.py,9f2f53dab99971884f4a97bea897d6a0ebb61dd1d6a65daf7b634f589941222e,/home/a/projects/Radiation_Research/radiation_shielding/Radiation-Shielding-Research/results/phase1/source_models/source_library_snapshot/photon_wall_simulation_core__9f2f53dab9997188.py,9f2f53dab99971884f4a97bea897d6a0ebb61dd1d6a65daf7b634f589941222e,True
14.25,14.350000000000001,14.3,9.257931715190266e-06,9.257931715190266e-06,9.257931715190266e-06,PHOTON_NUMBER_PROBABILITY_MASS_PER_BIN,ENERGY_FLUENCE_MASS_PER_BIN,energy_fluence_mass_i = energy_center_MeV_i * probability_mass_bin_i,PROJECT_15MV_40x40,15MV_40x40_interpolated,linear_between_6MV_and_18MV_same_field,linear_between_6MV_and_18MV_same_field,,,,/home/a/projects/particle-accelerator-shielding-simulator/geant4sim/GUI/geant4GUI/photon_neutron_bpe_app/photon_wall_simulation_core.py,9f2f53dab99971884f4a97bea897d6a0ebb61dd1d6a65daf7b634f589941222e,/home/a/projects/Radiation_Research/radiation_shielding/Radiation-Shielding-Research/results/phase1/source_models/source_library_snapshot/photon_wall_simulation_core__9f2f53dab9997188.py,9f2f53dab99971884f4a97bea897d6a0ebb61dd1d6a65daf7b634f589941222e,True
14.350000000000001,14.45,14.4,8.462833183237443e-06,8.462833183237443e-06,8.462833183237443e-06,PHOTON_NUMBER_PROBABILITY_MASS_PER_BIN,ENERGY_FLUENCE_MASS_PER_BIN,energy_fluence_mass_i = energy_center_MeV_i * probability_mass_bin_i,PROJECT_15MV_40x40,15MV_40x40_interpolated,linear_between_6MV_and_18MV_same_field,linear_between_6MV_and_18MV_same_field,,,,/home/a/projects/particle-accelerator-shielding-simulator/geant4sim/GUI/geant4GUI/photon_neutron_bpe_app/photon_wall_simulation_core.py,9f2f53dab99971884f4a97bea897d6a0ebb61dd1d6a65daf7b634f589941222e,/home/a/projects/Radiation_Research/radiation_shielding/Radiation-Shielding-Research/results/phase1/source_models/source_library_snapshot/photon_wall_simulation_core__9f2f53dab9997188.py,9f2f53dab99971884f4a97bea897d6a0ebb61dd1d6a65daf7b634f589941222e,True
14.45,14.55,14.5,7.670556184475198e-06,7.670556184475198e-06,7.670556184475198e-06,PHOTON_NUMBER_PROBABILITY_MASS_PER_BIN,ENERGY_FLUENCE_MASS_PER_BIN,energy_fluence_mass_i = energy_center_MeV_i * probability_mass_bin_i,PROJECT_15MV_40x40,15MV_40x40_interpolated,linear_between_6MV_and_18MV_same_field,linear_between_6MV_and_18MV_same_field,,,,/home/a/projects/particle-accelerator-shielding-simulator/geant4sim/GUI/geant4GUI/photon_neutron_bpe_app/photon_wall_simulation_core.py,9f2f53dab99971884f4a97bea897d6a0ebb61dd1d6a65daf7b634f589941222e,/home/a/projects/Radiation_Research/radiation_shielding/Radiation-Shielding-Research/results/phase1/source_models/source_library_snapshot/photon_wall_simulation_core__9f2f53dab9997188.py,9f2f53dab99971884f4a97bea897d6a0ebb61dd1d6a65daf7b634f589941222e,True
14.55,14.649999999999999,14.6,6.856624227921599e-06,6.856624227921599e-06,6.856624227921599e-06,PHOTON_NUMBER_PROBABILITY_MASS_PER_BIN,ENERGY_FLUENCE_MASS_PER_BIN,energy_fluence_mass_i = energy_center_MeV_i * probability_mass_bin_i,PROJECT_15MV_40x40,15MV_40x40_interpolated,linear_between_6MV_and_18MV_same_field,linear_between_6MV_and_18MV_same_field,,,,/home/a/projects/particle-accelerator-shielding-simulator/geant4sim/GUI/geant4GUI/photon_neutron_bpe_app/photon_wall_simulation_core.py,9f2f53dab99971884f4a97bea897d6a0ebb61dd1d6a65daf7b634f589941222e,/home/a/projects/Radiation_Research/radiation_shielding/Radiation-Shielding-Research/results/phase1/source_models/source_library_snapshot/photon_wall_simulation_core__9f2f53dab9997188.py,9f2f53dab99971884f4a97bea897d6a0ebb61dd1d6a65daf7b634f589941222e,True
14.649999999999999,14.75,14.7,6.005643250411341e-06,6.005643250411341e-06,6.005643250411341e-06,PHOTON_NUMBER_PROBABILITY_MASS_PER_BIN,ENERGY_FLUENCE_MASS_PER_BIN,energy_fluence_mass_i = energy_center_MeV_i * probability_mass_bin_i,PROJECT_15MV_40x40,15MV_40x40_interpolated,linear_between_6MV_and_18MV_same_field,linear_between_6MV_and_18MV_same_field,,,,/home/a/projects/particle-accelerator-shielding-simulator/geant4sim/GUI/geant4GUI/photon_neutron_bpe_app/photon_wall_simulation_core.py,9f2f53dab99971884f4a97bea897d6a0ebb61dd1d6a65daf7b634f589941222e,/home/a/projects/Radiation_Research/radiation_shielding/Radiation-Shielding-Research/results/phase1/source_models/source_library_snapshot/photon_wall_simulation_core__9f2f53dab9997188.py,9f2f53dab99971884f4a97bea897d6a0ebb61dd1d6a65daf7b634f589941222e,True
14.75,14.850000000000001,14.8,5.153192187686709e-06,5.153192187686709e-06,5.153192187686709e-06,PHOTON_NUMBER_PROBABILITY_MASS_PER_BIN,ENERGY_FLUENCE_MASS_PER_BIN,energy_fluence_mass_i = energy_center_MeV_i * probability_mass_bin_i,PROJECT_15MV_40x40,15MV_40x40_interpolated,linear_between_6MV_and_18MV_same_field,linear_between_6MV_and_18MV_same_field,,,,/home/a/projects/particle-accelerator-shielding-simulator/geant4sim/GUI/geant4GUI/photon_neutron_bpe_app/photon_wall_simulation_core.py,9f2f53dab99971884f4a97bea897d6a0ebb61dd1d6a65daf7b634f589941222e,/home/a/projects/Radiation_Research/radiation_shielding/Radiation-Shielding-Research/results/phase1/source_models/source_library_snapshot/photon_wall_simulation_core__9f2f53dab9997188.py,9f2f53dab99971884f4a97bea897d6a0ebb61dd1d6a65daf7b634f589941222e,True
14.850000000000001,14.95,14.9,4.3489752137537416e-06,4.3489752137537416e-06,4.3489752137537416e-06,PHOTON_NUMBER_PROBABILITY_MASS_PER_BIN,ENERGY_FLUENCE_MASS_PER_BIN,energy_fluence_mass_i = energy_center_MeV_i * probability_mass_bin_i,PROJECT_15MV_40x40,15MV_40x40_interpolated,linear_between_6MV_and_18MV_same_field,linear_between_6MV_and_18MV_same_field,,,,/home/a/projects/particle-accelerator-shielding-simulator/geant4sim/GUI/geant4GUI/photon_neutron_bpe_app/photon_wall_simulation_core.py,9f2f53dab99971884f4a97bea897d6a0ebb61dd1d6a65daf7b634f589941222e,/home/a/projects/Radiation_Research/radiation_shielding/Radiation-Shielding-Research/results/phase1/source_models/source_library_snapshot/photon_wall_simulation_core__9f2f53dab9997188.py,9f2f53dab99971884f4a97bea897d6a0ebb61dd1d6a65daf7b634f589941222e,True
14.95,15.05,15.0,3.6242443008159237e-06,3.6242443008159237e-06,3.6242443008159237e-06,PHOTON_NUMBER_PROBABILITY_MASS_PER_BIN,ENERGY_FLUENCE_MASS_PER_BIN,energy_fluence_mass_i = energy_center_MeV_i * probability_mass_bin_i,PROJECT_15MV_40x40,15MV_40x40_interpolated,linear_between_6MV_and_18MV_same_field,linear_between_6MV_and_18MV_same_field,,,,/home/a/projects/particle-accelerator-shielding-simulator/geant4sim/GUI/geant4GUI/photon_neutron_bpe_app/photon_wall_simulation_core.py,9f2f53dab99971884f4a97bea897d6a0ebb61dd1d6a65daf7b634f589941222e,/home/a/projects/Radiation_Research/radiation_shielding/Radiation-Shielding-Research/results/phase1/source_models/source_library_snapshot/photon_wall_simulation_core__9f2f53dab9997188.py,9f2f53dab99971884f4a97bea897d6a0ebb61dd1d6a65daf7b634f589941222e,True
15.05,15.149999999999999,15.1,2.994291600713726e-06,2.994291600713726e-06,2.994291600713726e-06,PHOTON_NUMBER_PROBABILITY_MASS_PER_BIN,ENERGY_FLUENCE_MASS_PER_BIN,energy_fluence_mass_i = energy_center_MeV_i * probability_mass_bin_i,PROJECT_15MV_40x40,15MV_40x40_interpolated,linear_between_6MV_and_18MV_same_field,linear_between_6MV_and_18MV_same_field,,,,/home/a/projects/particle-accelerator-shielding-simulator/geant4sim/GUI/geant4GUI/photon_neutron_bpe_app/photon_wall_simulation_core.py,9f2f53dab99971884f4a97bea897d6a0ebb61dd1d6a65daf7b634f589941222e,/home/a/projects/Radiation_Research/radiation_shielding/Radiation-Shielding-Research/results/phase1/source_models/source_library_snapshot/photon_wall_simulation_core__9f2f53dab9997188.py,9f2f53dab99971884f4a97bea897d6a0ebb61dd1d6a65daf7b634f589941222e,True
15.149999999999999,15.25,15.2,2.432935394548728e-06,2.432935394548728e-06,2.432935394548728e-06,PHOTON_NUMBER_PROBABILITY_MASS_PER_BIN,ENERGY_FLUENCE_MASS_PER_BIN,energy_fluence_mass_i = energy_center_MeV_i * probability_mass_bin_i,PROJECT_15MV_40x40,15MV_40x40_interpolated,linear_between_6MV_and_18MV_same_field,linear_between_6MV_and_18MV_same_field,,,,/home/a/projects/particle-accelerator-shielding-simulator/geant4sim/GUI/geant4GUI/photon_neutron_bpe_app/photon_wall_simulation_core.py,9f2f53dab99971884f4a97bea897d6a0ebb61dd1d6a65daf7b634f589941222e,/home/a/projects/Radiation_Research/radiation_shielding/Radiation-Shielding-Research/results/phase1/source_models/source_library_snapshot/photon_wall_simulation_core__9f2f53dab9997188.py,9f2f53dab99971884f4a97bea897d6a0ebb61dd1d6a65daf7b634f589941222e,True
15.25,15.350000000000001,15.3,1.934500340712468e-06,1.934500340712468e-06,1.934500340712468e-06,PHOTON_NUMBER_PROBABILITY_MASS_PER_BIN,ENERGY_FLUENCE_MASS_PER_BIN,energy_fluence_mass_i = energy_center_MeV_i * probability_mass_bin_i,PROJECT_15MV_40x40,15MV_40x40_interpolated,linear_between_6MV_and_18MV_same_field,linear_between_6MV_and_18MV_same_field,,,,/home/a/projects/particle-accelerator-shielding-simulator/geant4sim/GUI/geant4GUI/photon_neutron_bpe_app/photon_wall_simulation_core.py,9f2f53dab99971884f4a97bea897d6a0ebb61dd1d6a65daf7b634f589941222e,/home/a/projects/Radiation_Research/radiation_shielding/Radiation-Shielding-Research/results/phase1/source_models/source_library_snapshot/photon_wall_simulation_core__9f2f53dab9997188.py,9f2f53dab99971884f4a97bea897d6a0ebb61dd1d6a65daf7b634f589941222e,True
15.350000000000001,15.45,15.4,1.5181935622111912e-06,1.5181935622111912e-06,1.5181935622111912e-06,PHOTON_NUMBER_PROBABILITY_MASS_PER_BIN,ENERGY_FLUENCE_MASS_PER_BIN,energy_fluence_mass_i = energy_center_MeV_i * probability_mass_bin_i,PROJECT_15MV_40x40,15MV_40x40_interpolated,linear_between_6MV_and_18MV_same_field,linear_between_6MV_and_18MV_same_field,,,,/home/a/projects/particle-accelerator-shielding-simulator/geant4sim/GUI/geant4GUI/photon_neutron_bpe_app/photon_wall_simulation_core.py,9f2f53dab99971884f4a97bea897d6a0ebb61dd1d6a65daf7b634f589941222e,/home/a/projects/Radiation_Research/radiation_shielding/Radiation-Shielding-Research/results/phase1/source_models/source_library_snapshot/photon_wall_simulation_core__9f2f53dab9997188.py,9f2f53dab99971884f4a97bea897d6a0ebb61dd1d6a65daf7b634f589941222e,True
15.45,15.55,15.5,1.1861071749798851e-06,1.1861071749798851e-06,1.1861071749798851e-06,PHOTON_NUMBER_PROBABILITY_MASS_PER_BIN,ENERGY_FLUENCE_MASS_PER_BIN,energy_fluence_mass_i = energy_center_MeV_i * probability_mass_bin_i,PROJECT_15MV_40x40,15MV_40x40_interpolated,linear_between_6MV_and_18MV_same_field,linear_between_6MV_and_18MV_same_field,,,,/home/a/projects/particle-accelerator-shielding-simulator/geant4sim/GUI/geant4GUI/photon_neutron_bpe_app/photon_wall_simulation_core.py,9f2f53dab99971884f4a97bea897d6a0ebb61dd1d6a65daf7b634f589941222e,/home/a/projects/Radiation_Research/radiation_shielding/Radiation-Shielding-Research/results/phase1/source_models/source_library_snapshot/photon_wall_simulation_core__9f2f53dab9997188.py,9f2f53dab99971884f4a97bea897d6a0ebb61dd1d6a65daf7b634f589941222e,True
15.55,15.649999999999999,15.6,9.304167596380468e-07,9.304167596380468e-07,9.304167596380468e-07,PHOTON_NUMBER_PROBABILITY_MASS_PER_BIN,ENERGY_FLUENCE_MASS_PER_BIN,energy_fluence_mass_i = energy_center_MeV_i * probability_mass_bin_i,PROJECT_15MV_40x40,15MV_40x40_interpolated,linear_between_6MV_and_18MV_same_field,linear_between_6MV_and_18MV_same_field,,,,/home/a/projects/particle-accelerator-shielding-simulator/geant4sim/GUI/geant4GUI/photon_neutron_bpe_app/photon_wall_simulation_core.py,9f2f53dab99971884f4a97bea897d6a0ebb61dd1d6a65daf7b634f589941222e,/home/a/projects/Radiation_Research/radiation_shielding/Radiation-Shielding-Research/results/phase1/source_models/source_library_snapshot/photon_wall_simulation_core__9f2f53dab9997188.py,9f2f53dab99971884f4a97bea897d6a0ebb61dd1d6a65daf7b634f589941222e,True
15.649999999999999,15.75,15.7,7.38008664275989e-07,7.38008664275989e-07,7.38008664275989e-07,PHOTON_NUMBER_PROBABILITY_MASS_PER_BIN,ENERGY_FLUENCE_MASS_PER_BIN,energy_fluence_mass_i = energy_center_MeV_i * probability_mass_bin_i,PROJECT_15MV_40x40,15MV_40x40_interpolated,linear_between_6MV_and_18MV_same_field,linear_between_6MV_and_18MV_same_field,,,,/home/a/projects/particle-accelerator-shielding-simulator/geant4sim/GUI/geant4GUI/photon_neutron_bpe_app/photon_wall_simulation_core.py,9f2f53dab99971884f4a97bea897d6a0ebb61dd1d6a65daf7b634f589941222e,/home/a/projects/Radiation_Research/radiation_shielding/Radiation-Shielding-Research/results/phase1/source_models/source_library_snapshot/photon_wall_simulation_core__9f2f53dab9997188.py,9f2f53dab99971884f4a97bea897d6a0ebb61dd1d6a65daf7b634f589941222e,True
15.75,15.850000000000001,15.8,5.88550545774973e-07,5.88550545774973e-07,5.88550545774973e-07,PHOTON_NUMBER_PROBABILITY_MASS_PER_BIN,ENERGY_FLUENCE_MASS_PER_BIN,energy_fluence_mass_i = energy_center_MeV_i * probability_mass_bin_i,PROJECT_15MV_40x40,15MV_40x40_interpolated,linear_between_6MV_and_18MV_same_field,linear_between_6MV_and_18MV_same_field,,,,/home/a/projects/particle-accelerator-shielding-simulator/geant4sim/GUI/geant4GUI/photon_neutron_bpe_app/photon_wall_simulation_core.py,9f2f53dab99971884f4a97bea897d6a0ebb61dd1d6a65daf7b634f589941222e,/home/a/projects/Radiation_Research/radiation_shielding/Radiation-Shielding-Research/results/phase1/source_models/source_library_snapshot/photon_wall_simulation_core__9f2f53dab9997188.py,9f2f53dab99971884f4a97bea897d6a0ebb61dd1d6a65daf7b634f589941222e,True
15.850000000000001,15.95,15.9,4.6688994938800593e-07,4.6688994938800593e-07,4.6688994938800593e-07,PHOTON_NUMBER_PROBABILITY_MASS_PER_BIN,ENERGY_FLUENCE_MASS_PER_BIN,energy_fluence_mass_i = energy_center_MeV_i * probability_mass_bin_i,PROJECT_15MV_40x40,15MV_40x40_interpolated,linear_between_6MV_and_18MV_same_field,linear_between_6MV_and_18MV_same_field,,,,/home/a/projects/particle-accelerator-shielding-simulator/geant4sim/GUI/geant4GUI/photon_neutron_bpe_app/photon_wall_simulation_core.py,9f2f53dab99971884f4a97bea897d6a0ebb61dd1d6a65daf7b634f589941222e,/home/a/projects/Radiation_Research/radiation_shielding/Radiation-Shielding-Research/results/phase1/source_models/source_library_snapshot/photon_wall_simulation_core__9f2f53dab9997188.py,9f2f53dab99971884f4a97bea897d6a0ebb61dd1d6a65daf7b634f589941222e,True
15.95,16.05,16.0,3.645220609243316e-07,3.645220609243316e-07,3.645220609243316e-07,PHOTON_NUMBER_PROBABILITY_MASS_PER_BIN,ENERGY_FLUENCE_MASS_PER_BIN,energy_fluence_mass_i = energy_center_MeV_i * probability_mass_bin_i,PROJECT_15MV_40x40,15MV_40x40_interpolated,linear_between_6MV_and_18MV_same_field,linear_between_6MV_and_18MV_same_field,,,,/home/a/projects/particle-accelerator-shielding-simulator/geant4sim/GUI/geant4GUI/photon_neutron_bpe_app/photon_wall_simulation_core.py,9f2f53dab99971884f4a97bea897d6a0ebb61dd1d6a65daf7b634f589941222e,/home/a/projects/Radiation_Research/radiation_shielding/Radiation-Shielding-Research/results/phase1/source_models/source_library_snapshot/photon_wall_simulation_core__9f2f53dab9997188.py,9f2f53dab99971884f4a97bea897d6a0ebb61dd1d6a65daf7b634f589941222e,True
16.05,16.15,16.1,2.7712884009310414e-07,2.7712884009310414e-07,2.7712884009310414e-07,PHOTON_NUMBER_PROBABILITY_MASS_PER_BIN,ENERGY_FLUENCE_MASS_PER_BIN,energy_fluence_mass_i = energy_center_MeV_i * probability_mass_bin_i,PROJECT_15MV_40x40,15MV_40x40_interpolated,linear_between_6MV_and_18MV_same_field,linear_between_6MV_and_18MV_same_field,,,,/home/a/projects/particle-accelerator-shielding-simulator/geant4sim/GUI/geant4GUI/photon_neutron_bpe_app/photon_wall_simulation_core.py,9f2f53dab99971884f4a97bea897d6a0ebb61dd1d6a65daf7b634f589941222e,/home/a/projects/Radiation_Research/radiation_shielding/Radiation-Shielding-Research/results/phase1/source_models/source_library_snapshot/photon_wall_simulation_core__9f2f53dab9997188.py,9f2f53dab99971884f4a97bea897d6a0ebb61dd1d6a65daf7b634f589941222e,True
16.15,16.25,16.2,1.9597627990582036e-07,1.9597627990582036e-07,1.9597627990582036e-07,PHOTON_NUMBER_PROBABILITY_MASS_PER_BIN,ENERGY_FLUENCE_MASS_PER_BIN,energy_fluence_mass_i = energy_center_MeV_i * probability_mass_bin_i,PROJECT_15MV_40x40,15MV_40x40_interpolated,linear_between_6MV_and_18MV_same_field,linear_between_6MV_and_18MV_same_field,,,,/home/a/projects/particle-accelerator-shielding-simulator/geant4sim/GUI/geant4GUI/photon_neutron_bpe_app/photon_wall_simulation_core.py,9f2f53dab99971884f4a97bea897d6a0ebb61dd1d6a65daf7b634f589941222e,/home/a/projects/Radiation_Research/radiation_shielding/Radiation-Shielding-Research/results/phase1/source_models/source_library_snapshot/photon_wall_simulation_core__9f2f53dab9997188.py,9f2f53dab99971884f4a97bea897d6a0ebb61dd1d6a65daf7b634f589941222e,True
16.25,16.35,16.3,1.2919455760211908e-07,1.2919455760211908e-07,1.2919455760211908e-07,PHOTON_NUMBER_PROBABILITY_MASS_PER_BIN,ENERGY_FLUENCE_MASS_PER_BIN,energy_fluence_mass_i = energy_center_MeV_i * probability_mass_bin_i,PROJECT_15MV_40x40,15MV_40x40_interpolated,linear_between_6MV_and_18MV_same_field,linear_between_6MV_and_18MV_same_field,,,,/home/a/projects/particle-accelerator-shielding-simulator/geant4sim/GUI/geant4GUI/photon_neutron_bpe_app/photon_wall_simulation_core.py,9f2f53dab99971884f4a97bea897d6a0ebb61dd1d6a65daf7b634f589941222e,/home/a/projects/Radiation_Research/radiation_shielding/Radiation-Shielding-Research/results/phase1/source_models/source_library_snapshot/photon_wall_simulation_core__9f2f53dab9997188.py,9f2f53dab99971884f4a97bea897d6a0ebb61dd1d6a65daf7b634f589941222e,True
16.35,16.45,16.4,8.441771809448886e-08,8.441771809448886e-08,8.441771809448886e-08,PHOTON_NUMBER_PROBABILITY_MASS_PER_BIN,ENERGY_FLUENCE_MASS_PER_BIN,energy_fluence_mass_i = energy_center_MeV_i * probability_mass_bin_i,PROJECT_15MV_40x40,15MV_40x40_interpolated,linear_between_6MV_and_18MV_same_field,linear_between_6MV_and_18MV_same_field,,,,/home/a/projects/particle-accelerator-shielding-simulator/geant4sim/GUI/geant4GUI/photon_neutron_bpe_app/photon_wall_simulation_core.py,9f2f53dab99971884f4a97bea897d6a0ebb61dd1d6a65daf7b634f589941222e,/home/a/projects/Radiation_Research/radiation_shielding/Radiation-Shielding-Research/results/phase1/source_models/source_library_snapshot/photon_wall_simulation_core__9f2f53dab9997188.py,9f2f53dab99971884f4a97bea897d6a0ebb61dd1d6a65daf7b634f589941222e,True
16.45,16.55,16.5,5.8130148591228513e-08,5.8130148591228513e-08,5.8130148591228513e-08,PHOTON_NUMBER_PROBABILITY_MASS_PER_BIN,ENERGY_FLUENCE_MASS_PER_BIN,energy_fluence_mass_i = energy_center_MeV_i * probability_mass_bin_i,PROJECT_15MV_40x40,15MV_40x40_interpolated,linear_between_6MV_and_18MV_same_field,linear_between_6MV_and_18MV_same_field,,,,/home/a/projects/particle-accelerator-shielding-simulator/geant4sim/GUI/geant4GUI/photon_neutron_bpe_app/photon_wall_simulation_core.py,9f2f53dab99971884f4a97bea897d6a0ebb61dd1d6a65daf7b634f589941222e,/home/a/projects/Radiation_Research/radiation_shielding/Radiation-Shielding-Research/results/phase1/source_models/source_library_snapshot/photon_wall_simulation_core__9f2f53dab9997188.py,9f2f53dab99971884f4a97bea897d6a0ebb61dd1d6a65daf7b634f589941222e,True
16.55,16.65,16.6,4.485154919194618e-08,4.485154919194618e-08,4.485154919194618e-08,PHOTON_NUMBER_PROBABILITY_MASS_PER_BIN,ENERGY_FLUENCE_MASS_PER_BIN,energy_fluence_mass_i = energy_center_MeV_i * probability_mass_bin_i,PROJECT_15MV_40x40,15MV_40x40_interpolated,linear_between_6MV_and_18MV_same_field,linear_between_6MV_and_18MV_same_field,,,,/home/a/projects/particle-accelerator-shielding-simulator/geant4sim/GUI/geant4GUI/photon_neutron_bpe_app/photon_wall_simulation_core.py,9f2f53dab99971884f4a97bea897d6a0ebb61dd1d6a65daf7b634f589941222e,/home/a/projects/Radiation_Research/radiation_shielding/Radiation-Shielding-Research/results/phase1/source_models/source_library_snapshot/photon_wall_simulation_core__9f2f53dab9997188.py,9f2f53dab99971884f4a97bea897d6a0ebb61dd1d6a65daf7b634f589941222e,True
16.65,16.75,16.7,3.8416715701706146e-08,3.8416715701706146e-08,3.8416715701706146e-08,PHOTON_NUMBER_PROBABILITY_MASS_PER_BIN,ENERGY_FLUENCE_MASS_PER_BIN,energy_fluence_mass_i = energy_center_MeV_i * probability_mass_bin_i,PROJECT_15MV_40x40,15MV_40x40_interpolated,linear_between_6MV_and_18MV_same_field,linear_between_6MV_and_18MV_same_field,,,,/home/a/projects/particle-accelerator-shielding-simulator/geant4sim/GUI/geant4GUI/photon_neutron_bpe_app/photon_wall_simulation_core.py,9f2f53dab99971884f4a97bea897d6a0ebb61dd1d6a65daf7b634f589941222e,/home/a/projects/Radiation_Research/radiation_shielding/Radiation-Shielding-Research/results/phase1/source_models/source_library_snapshot/photon_wall_simulation_core__9f2f53dab9997188.py,9f2f53dab99971884f4a97bea897d6a0ebb61dd1d6a65daf7b634f589941222e,True
16.75,16.85,16.8,3.422321099809163e-08,3.422321099809163e-08,3.422321099809163e-08,PHOTON_NUMBER_PROBABILITY_MASS_PER_BIN,ENERGY_FLUENCE_MASS_PER_BIN,energy_fluence_mass_i = energy_center_MeV_i * probability_mass_bin_i,PROJECT_15MV_40x40,15MV_40x40_interpolated,linear_between_6MV_and_18MV_same_field,linear_between_6MV_and_18MV_same_field,,,,/home/a/projects/particle-accelerator-shielding-simulator/geant4sim/GUI/geant4GUI/photon_neutron_bpe_app/photon_wall_simulation_core.py,9f2f53dab99971884f4a97bea897d6a0ebb61dd1d6a65daf7b634f589941222e,/home/a/projects/Radiation_Research/radiation_shielding/Radiation-Shielding-Research/results/phase1/source_models/source_library_snapshot/photon_wall_simulation_core__9f2f53dab9997188.py,9f2f53dab99971884f4a97bea897d6a0ebb61dd1d6a65daf7b634f589941222e,True
16.85,16.95,16.9,3.1003258906576524e-08,3.1003258906576524e-08,3.1003258906576524e-08,PHOTON_NUMBER_PROBABILITY_MASS_PER_BIN,ENERGY_FLUENCE_MASS_PER_BIN,energy_fluence_mass_i = energy_center_MeV_i * probability_mass_bin_i,PROJECT_15MV_40x40,15MV_40x40_interpolated,linear_between_6MV_and_18MV_same_field,linear_between_6MV_and_18MV_same_field,,,,/home/a/projects/particle-accelerator-shielding-simulator/geant4sim/GUI/geant4GUI/photon_neutron_bpe_app/photon_wall_simulation_core.py,9f2f53dab99971884f4a97bea897d6a0ebb61dd1d6a65daf7b634f589941222e,/home/a/projects/Radiation_Research/radiation_shielding/Radiation-Shielding-Research/results/phase1/source_models/source_library_snapshot/photon_wall_simulation_core__9f2f53dab9997188.py,9f2f53dab99971884f4a97bea897d6a0ebb61dd1d6a65daf7b634f589941222e,True
16.95,17.05,17.0,2.7925975038712476e-08,2.7925975038712476e-08,2.7925975038712476e-08,PHOTON_NUMBER_PROBABILITY_MASS_PER_BIN,ENERGY_FLUENCE_MASS_PER_BIN,energy_fluence_mass_i = energy_center_MeV_i * probability_mass_bin_i,PROJECT_15MV_40x40,15MV_40x40_interpolated,linear_between_6MV_and_18MV_same_field,linear_between_6MV_and_18MV_same_field,,,,/home/a/projects/particle-accelerator-shielding-simulator/geant4sim/GUI/geant4GUI/photon_neutron_bpe_app/photon_wall_simulation_core.py,9f2f53dab99971884f4a97bea897d6a0ebb61dd1d6a65daf7b634f589941222e,/home/a/projects/Radiation_Research/radiation_shielding/Radiation-Shielding-Research/results/phase1/source_models/source_library_snapshot/photon_wall_simulation_core__9f2f53dab9997188.py,9f2f53dab99971884f4a97bea897d6a0ebb61dd1d6a65daf7b634f589941222e,True
17.05,17.15,17.1,2.445412260327608e-08,2.445412260327608e-08,2.445412260327608e-08,PHOTON_NUMBER_PROBABILITY_MASS_PER_BIN,ENERGY_FLUENCE_MASS_PER_BIN,energy_fluence_mass_i = energy_center_MeV_i * probability_mass_bin_i,PROJECT_15MV_40x40,15MV_40x40_interpolated,linear_between_6MV_and_18MV_same_field,linear_between_6MV_and_18MV_same_field,,,,/home/a/projects/particle-accelerator-shielding-simulator/geant4sim/GUI/geant4GUI/photon_neutron_bpe_app/photon_wall_simulation_core.py,9f2f53dab99971884f4a97bea897d6a0ebb61dd1d6a65daf7b634f589941222e,/home/a/projects/Radiation_Research/radiation_shielding/Radiation-Shielding-Research/results/phase1/source_models/source_library_snapshot/photon_wall_simulation_core__9f2f53dab9997188.py,9f2f53dab99971884f4a97bea897d6a0ebb61dd1d6a65daf7b634f589941222e,True
17.15,17.25,17.2,2.074937170088759e-08,2.074937170088759e-08,2.074937170088759e-08,PHOTON_NUMBER_PROBABILITY_MASS_PER_BIN,ENERGY_FLUENCE_MASS_PER_BIN,energy_fluence_mass_i = energy_center_MeV_i * probability_mass_bin_i,PROJECT_15MV_40x40,15MV_40x40_interpolated,linear_between_6MV_and_18MV_same_field,linear_between_6MV_and_18MV_same_field,,,,/home/a/projects/particle-accelerator-shielding-simulator/geant4sim/GUI/geant4GUI/photon_neutron_bpe_app/photon_wall_simulation_core.py,9f2f53dab99971884f4a97bea897d6a0ebb61dd1d6a65daf7b634f589941222e,/home/a/projects/Radiation_Research/radiation_shielding/Radiation-Shielding-Research/results/phase1/source_models/source_library_snapshot/photon_wall_simulation_core__9f2f53dab9997188.py,9f2f53dab99971884f4a97bea897d6a0ebb61dd1d6a65daf7b634f589941222e,True
17.25,17.35,17.3,1.7071177734229998e-08,1.7071177734229998e-08,1.7071177734229998e-08,PHOTON_NUMBER_PROBABILITY_MASS_PER_BIN,ENERGY_FLUENCE_MASS_PER_BIN,energy_fluence_mass_i = energy_center_MeV_i * probability_mass_bin_i,PROJECT_15MV_40x40,15MV_40x40_interpolated,linear_between_6MV_and_18MV_same_field,linear_between_6MV_and_18MV_same_field,,,,/home/a/projects/particle-accelerator-shielding-simulator/geant4sim/GUI/geant4GUI/photon_neutron_bpe_app/photon_wall_simulation_core.py,9f2f53dab99971884f4a97bea897d6a0ebb61dd1d6a65daf7b634f589941222e,/home/a/projects/Radiation_Research/radiation_shielding/Radiation-Shielding-Research/results/phase1/source_models/source_library_snapshot/photon_wall_simulation_core__9f2f53dab9997188.py,9f2f53dab99971884f4a97bea897d6a0ebb61dd1d6a65daf7b634f589941222e,True
17.35,17.45,17.4,1.3395263387725336e-08,1.3395263387725336e-08,1.3395263387725336e-08,PHOTON_NUMBER_PROBABILITY_MASS_PER_BIN,ENERGY_FLUENCE_MASS_PER_BIN,energy_fluence_mass_i = energy_center_MeV_i * probability_mass_bin_i,PROJECT_15MV_40x40,15MV_40x40_interpolated,linear_between_6MV_and_18MV_same_field,linear_between_6MV_and_18MV_same_field,,,,/home/a/projects/particle-accelerator-shielding-simulator/geant4sim/GUI/geant4GUI/photon_neutron_bpe_app/photon_wall_simulation_core.py,9f2f53dab99971884f4a97bea897d6a0ebb61dd1d6a65daf7b634f589941222e,/home/a/projects/Radiation_Research/radiation_shielding/Radiation-Shielding-Research/results/phase1/source_models/source_library_snapshot/photon_wall_simulation_core__9f2f53dab9997188.py,9f2f53dab99971884f4a97bea897d6a0ebb61dd1d6a65daf7b634f589941222e,True
17.45,17.55,17.5,9.630257949923532e-09,9.630257949923532e-09,9.630257949923532e-09,PHOTON_NUMBER_PROBABILITY_MASS_PER_BIN,ENERGY_FLUENCE_MASS_PER_BIN,energy_fluence_mass_i = energy_center_MeV_i * probability_mass_bin_i,PROJECT_15MV_40x40,15MV_40x40_interpolated,linear_between_6MV_and_18MV_same_field,linear_between_6MV_and_18MV_same_field,,,,/home/a/projects/particle-accelerator-shielding-simulator/geant4sim/GUI/geant4GUI/photon_neutron_bpe_app/photon_wall_simulation_core.py,9f2f53dab99971884f4a97bea897d6a0ebb61dd1d6a65daf7b634f589941222e,/home/a/projects/Radiation_Research/radiation_shielding/Radiation-Shielding-Research/results/phase1/source_models/source_library_snapshot/photon_wall_simulation_core__9f2f53dab9997188.py,9f2f53dab99971884f4a97bea897d6a0ebb61dd1d6a65daf7b634f589941222e,True
17.55,17.65,17.6,6.2689745968189975e-09,6.2689745968189975e-09,6.2689745968189975e-09,PHOTON_NUMBER_PROBABILITY_MASS_PER_BIN,ENERGY_FLUENCE_MASS_PER_BIN,energy_fluence_mass_i = energy_center_MeV_i * probability_mass_bin_i,PROJECT_15MV_40x40,15MV_40x40_interpolated,linear_between_6MV_and_18MV_same_field,linear_between_6MV_and_18MV_same_field,,,,/home/a/projects/particle-accelerator-shielding-simulator/geant4sim/GUI/geant4GUI/photon_neutron_bpe_app/photon_wall_simulation_core.py,9f2f53dab99971884f4a97bea897d6a0ebb61dd1d6a65daf7b634f589941222e,/home/a/projects/Radiation_Research/radiation_shielding/Radiation-Shielding-Research/results/phase1/source_models/source_library_snapshot/photon_wall_simulation_core__9f2f53dab9997188.py,9f2f53dab99971884f4a97bea897d6a0ebb61dd1d6a65daf7b634f589941222e,True
17.65,17.75,17.7,3.792326176384206e-09,3.792326176384206e-09,3.792326176384206e-09,PHOTON_NUMBER_PROBABILITY_MASS_PER_BIN,ENERGY_FLUENCE_MASS_PER_BIN,energy_fluence_mass_i = energy_center_MeV_i * probability_mass_bin_i,PROJECT_15MV_40x40,15MV_40x40_interpolated,linear_between_6MV_and_18MV_same_field,linear_between_6MV_and_18MV_same_field,,,,/home/a/projects/particle-accelerator-shielding-simulator/geant4sim/GUI/geant4GUI/photon_neutron_bpe_app/photon_wall_simulation_core.py,9f2f53dab99971884f4a97bea897d6a0ebb61dd1d6a65daf7b634f589941222e,/home/a/projects/Radiation_Research/radiation_shielding/Radiation-Shielding-Research/results/phase1/source_models/source_library_snapshot/photon_wall_simulation_core__9f2f53dab9997188.py,9f2f53dab99971884f4a97bea897d6a0ebb61dd1d6a65daf7b634f589941222e,True
17.75,17.85,17.8,0.0,0.0,0.0,PHOTON_NUMBER_PROBABILITY_MASS_PER_BIN,ENERGY_FLUENCE_MASS_PER_BIN,energy_fluence_mass_i = energy_center_MeV_i * probability_mass_bin_i,PROJECT_15MV_40x40,15MV_40x40_interpolated,linear_between_6MV_and_18MV_same_field,linear_between_6MV_and_18MV_same_field,,,,/home/a/projects/particle-accelerator-shielding-simulator/geant4sim/GUI/geant4GUI/photon_neutron_bpe_app/photon_wall_simulation_core.py,9f2f53dab99971884f4a97bea897d6a0ebb61dd1d6a65daf7b634f589941222e,/home/a/projects/Radiation_Research/radiation_shielding/Radiation-Shielding-Research/results/phase1/source_models/source_library_snapshot/photon_wall_simulation_core__9f2f53dab9997188.py,9f2f53dab99971884f4a97bea897d6a0ebb61dd1d6a65daf7b634f589941222e,True
17.85,17.95,17.9,0.0,0.0,0.0,PHOTON_NUMBER_PROBABILITY_MASS_PER_BIN,ENERGY_FLUENCE_MASS_PER_BIN,energy_fluence_mass_i = energy_center_MeV_i * probability_mass_bin_i,PROJECT_15MV_40x40,15MV_40x40_interpolated,linear_between_6MV_and_18MV_same_field,linear_between_6MV_and_18MV_same_field,,,,/home/a/projects/particle-accelerator-shielding-simulator/geant4sim/GUI/geant4GUI/photon_neutron_bpe_app/photon_wall_simulation_core.py,9f2f53dab99971884f4a97bea897d6a0ebb61dd1d6a65daf7b634f589941222e,/home/a/projects/Radiation_Research/radiation_shielding/Radiation-Shielding-Research/results/phase1/source_models/source_library_snapshot/photon_wall_simulation_core__9f2f53dab9997188.py,9f2f53dab99971884f4a97bea897d6a0ebb61dd1d6a65daf7b634f589941222e,True
17.95,18.05,18.0,0.0,0.0,0.0,PHOTON_NUMBER_PROBABILITY_MASS_PER_BIN,ENERGY_FLUENCE_MASS_PER_BIN,energy_fluence_mass_i = energy_center_MeV_i * probability_mass_bin_i,PROJECT_15MV_40x40,15MV_40x40_interpolated,linear_between_6MV_and_18MV_same_field,linear_between_6MV_and_18MV_same_field,,,,/home/a/projects/particle-accelerator-shielding-simulator/geant4sim/GUI/geant4GUI/photon_neutron_bpe_app/photon_wall_simulation_core.py,9f2f53dab99971884f4a97bea897d6a0ebb61dd1d6a65daf7b634f589941222e,/home/a/projects/Radiation_Research/radiation_shielding/Radiation-Shielding-Research/results/phase1/source_models/source_library_snapshot/photon_wall_simulation_core__9f2f53dab9997188.py,9f2f53dab99971884f4a97bea897d6a0ebb61dd1d6a65daf7b634f589941222e,True
18.05,18.15,18.1,0.0,0.0,0.0,PHOTON_NUMBER_PROBABILITY_MASS_PER_BIN,ENERGY_FLUENCE_MASS_PER_BIN,energy_fluence_mass_i = energy_center_MeV_i * probability_mass_bin_i,PROJECT_15MV_40x40,15MV_40x40_interpolated,linear_between_6MV_and_18MV_same_field,linear_between_6MV_and_18MV_same_field,,,,/home/a/projects/particle-accelerator-shielding-simulator/geant4sim/GUI/geant4GUI/photon_neutron_bpe_app/photon_wall_simulation_core.py,9f2f53dab99971884f4a97bea897d6a0ebb61dd1d6a65daf7b634f589941222e,/home/a/projects/Radiation_Research/radiation_shielding/Radiation-Shielding-Research/results/phase1/source_models/source_library_snapshot/photon_wall_simulation_core__9f2f53dab9997188.py,9f2f53dab99971884f4a97bea897d6a0ebb61dd1d6a65daf7b634f589941222e,True
18.15,18.25,18.2,0.0,0.0,0.0,PHOTON_NUMBER_PROBABILITY_MASS_PER_BIN,ENERGY_FLUENCE_MASS_PER_BIN,energy_fluence_mass_i = energy_center_MeV_i * probability_mass_bin_i,PROJECT_15MV_40x40,15MV_40x40_interpolated,linear_between_6MV_and_18MV_same_field,linear_between_6MV_and_18MV_same_field,,,,/home/a/projects/particle-accelerator-shielding-simulator/geant4sim/GUI/geant4GUI/photon_neutron_bpe_app/photon_wall_simulation_core.py,9f2f53dab99971884f4a97bea897d6a0ebb61dd1d6a65daf7b634f589941222e,/home/a/projects/Radiation_Research/radiation_shielding/Radiation-Shielding-Research/results/phase1/source_models/source_library_snapshot/photon_wall_simulation_core__9f2f53dab9997188.py,9f2f53dab99971884f4a97bea897d6a0ebb61dd1d6a65daf7b634f589941222e,True
18.25,18.35,18.3,0.0,0.0,0.0,PHOTON_NUMBER_PROBABILITY_MASS_PER_BIN,ENERGY_FLUENCE_MASS_PER_BIN,energy_fluence_mass_i = energy_center_MeV_i * probability_mass_bin_i,PROJECT_15MV_40x40,15MV_40x40_interpolated,linear_between_6MV_and_18MV_same_field,linear_between_6MV_and_18MV_same_field,,,,/home/a/projects/particle-accelerator-shielding-simulator/geant4sim/GUI/geant4GUI/photon_neutron_bpe_app/photon_wall_simulation_core.py,9f2f53dab99971884f4a97bea897d6a0ebb61dd1d6a65daf7b634f589941222e,/home/a/projects/Radiation_Research/radiation_shielding/Radiation-Shielding-Research/results/phase1/source_models/source_library_snapshot/photon_wall_simulation_core__9f2f53dab9997188.py,9f2f53dab99971884f4a97bea897d6a0ebb61dd1d6a65daf7b634f589941222e,True
18.35,18.45,18.4,0.0,0.0,0.0,PHOTON_NUMBER_PROBABILITY_MASS_PER_BIN,ENERGY_FLUENCE_MASS_PER_BIN,energy_fluence_mass_i = energy_center_MeV_i * probability_mass_bin_i,PROJECT_15MV_40x40,15MV_40x40_interpolated,linear_between_6MV_and_18MV_same_field,linear_between_6MV_and_18MV_same_field,,,,/home/a/projects/particle-accelerator-shielding-simulator/geant4sim/GUI/geant4GUI/photon_neutron_bpe_app/photon_wall_simulation_core.py,9f2f53dab99971884f4a97bea897d6a0ebb61dd1d6a65daf7b634f589941222e,/home/a/projects/Radiation_Research/radiation_shielding/Radiation-Shielding-Research/results/phase1/source_models/source_library_snapshot/photon_wall_simulation_core__9f2f53dab9997188.py,9f2f53dab99971884f4a97bea897d6a0ebb61dd1d6a65daf7b634f589941222e,True
18.45,18.55,18.5,0.0,0.0,0.0,PHOTON_NUMBER_PROBABILITY_MASS_PER_BIN,ENERGY_FLUENCE_MASS_PER_BIN,energy_fluence_mass_i = energy_center_MeV_i * probability_mass_bin_i,PROJECT_15MV_40x40,15MV_40x40_interpolated,linear_between_6MV_and_18MV_same_field,linear_between_6MV_and_18MV_same_field,,,,/home/a/projects/particle-accelerator-shielding-simulator/geant4sim/GUI/geant4GUI/photon_neutron_bpe_app/photon_wall_simulation_core.py,9f2f53dab99971884f4a97bea897d6a0ebb61dd1d6a65daf7b634f589941222e,/home/a/projects/Radiation_Research/radiation_shielding/Radiation-Shielding-Research/results/phase1/source_models/source_library_snapshot/photon_wall_simulation_core__9f2f53dab9997188.py,9f2f53dab99971884f4a97bea897d6a0ebb61dd1d6a65daf7b634f589941222e,True
18.55,18.65,18.6,0.0,0.0,0.0,PHOTON_NUMBER_PROBABILITY_MASS_PER_BIN,ENERGY_FLUENCE_MASS_PER_BIN,energy_fluence_mass_i = energy_center_MeV_i * probability_mass_bin_i,PROJECT_15MV_40x40,15MV_40x40_interpolated,linear_between_6MV_and_18MV_same_field,linear_between_6MV_and_18MV_same_field,,,,/home/a/projects/particle-accelerator-shielding-simulator/geant4sim/GUI/geant4GUI/photon_neutron_bpe_app/photon_wall_simulation_core.py,9f2f53dab99971884f4a97bea897d6a0ebb61dd1d6a65daf7b634f589941222e,/home/a/projects/Radiation_Research/radiation_shielding/Radiation-Shielding-Research/results/phase1/source_models/source_library_snapshot/photon_wall_simulation_core__9f2f53dab9997188.py,9f2f53dab99971884f4a97bea897d6a0ebb61dd1d6a65daf7b634f589941222e,True
18.65,18.75,18.7,0.0,0.0,0.0,PHOTON_NUMBER_PROBABILITY_MASS_PER_BIN,ENERGY_FLUENCE_MASS_PER_BIN,energy_fluence_mass_i = energy_center_MeV_i * probability_mass_bin_i,PROJECT_15MV_40x40,15MV_40x40_interpolated,linear_between_6MV_and_18MV_same_field,linear_between_6MV_and_18MV_same_field,,,,/home/a/projects/particle-accelerator-shielding-simulator/geant4sim/GUI/geant4GUI/photon_neutron_bpe_app/photon_wall_simulation_core.py,9f2f53dab99971884f4a97bea897d6a0ebb61dd1d6a65daf7b634f589941222e,/home/a/projects/Radiation_Research/radiation_shielding/Radiation-Shielding-Research/results/phase1/source_models/source_library_snapshot/photon_wall_simulation_core__9f2f53dab9997188.py,9f2f53dab99971884f4a97bea897d6a0ebb61dd1d6a65daf7b634f589941222e,True
18.75,18.85,18.8,0.0,0.0,0.0,PHOTON_NUMBER_PROBABILITY_MASS_PER_BIN,ENERGY_FLUENCE_MASS_PER_BIN,energy_fluence_mass_i = energy_center_MeV_i * probability_mass_bin_i,PROJECT_15MV_40x40,15MV_40x40_interpolated,linear_between_6MV_and_18MV_same_field,linear_between_6MV_and_18MV_same_field,,,,/home/a/projects/particle-accelerator-shielding-simulator/geant4sim/GUI/geant4GUI/photon_neutron_bpe_app/photon_wall_simulation_core.py,9f2f53dab99971884f4a97bea897d6a0ebb61dd1d6a65daf7b634f589941222e,/home/a/projects/Radiation_Research/radiation_shielding/Radiation-Shielding-Research/results/phase1/source_models/source_library_snapshot/photon_wall_simulation_core__9f2f53dab9997188.py,9f2f53dab99971884f4a97bea897d6a0ebb61dd1d6a65daf7b634f589941222e,True
18.85,18.95,18.9,0.0,0.0,0.0,PHOTON_NUMBER_PROBABILITY_MASS_PER_BIN,ENERGY_FLUENCE_MASS_PER_BIN,energy_fluence_mass_i = energy_center_MeV_i * probability_mass_bin_i,PROJECT_15MV_40x40,15MV_40x40_interpolated,linear_between_6MV_and_18MV_same_field,linear_between_6MV_and_18MV_same_field,,,,/home/a/projects/particle-accelerator-shielding-simulator/geant4sim/GUI/geant4GUI/photon_neutron_bpe_app/photon_wall_simulation_core.py,9f2f53dab99971884f4a97bea897d6a0ebb61dd1d6a65daf7b634f589941222e,/home/a/projects/Radiation_Research/radiation_shielding/Radiation-Shielding-Research/results/phase1/source_models/source_library_snapshot/photon_wall_simulation_core__9f2f53dab9997188.py,9f2f53dab99971884f4a97bea897d6a0ebb61dd1d6a65daf7b634f589941222e,True
18.95,19.05,19.0,0.0,0.0,0.0,PHOTON_NUMBER_PROBABILITY_MASS_PER_BIN,ENERGY_FLUENCE_MASS_PER_BIN,energy_fluence_mass_i = energy_center_MeV_i * probability_mass_bin_i,PROJECT_15MV_40x40,15MV_40x40_interpolated,linear_between_6MV_and_18MV_same_field,linear_between_6MV_and_18MV_same_field,,,,/home/a/projects/particle-accelerator-shielding-simulator/geant4sim/GUI/geant4GUI/photon_neutron_bpe_app/photon_wall_simulation_core.py,9f2f53dab99971884f4a97bea897d6a0ebb61dd1d6a65daf7b634f589941222e,/home/a/projects/Radiation_Research/radiation_shielding/Radiation-Shielding-Research/results/phase1/source_models/source_library_snapshot/photon_wall_simulation_core__9f2f53dab9997188.py,9f2f53dab99971884f4a97bea897d6a0ebb61dd1d6a65daf7b634f589941222e,True
