energy_low_MeV,energy_high_MeV,energy_center_MeV,probability_mass_bin,sampling_probability,relative_bin_integral,probability_physical_quantity,spectral_validation_comparison_quantity,spectral_validation_transform,source_model_id,production_case_name,production_origin,production_interpolation_method,source_base_case,source_validation_class,transformation_contract,source_origin_file,source_origin_sha256,source_snapshot_file,source_snapshot_sha256,exact_production_energy_grid
0.05,0.15000000000000002,0.1,0.00019968051118210864,0.00019968051118210864,0.00019968051118210864,PHOTON_NUMBER_PROBABILITY_MASS_PER_BIN,ENERGY_FLUENCE_MASS_PER_BIN,energy_fluence_mass_i = energy_center_MeV_i * probability_mass_bin_i,PROJECT_6MV_40x40,6MV_40x40,project_processed_from_Ding2002_Figure3_embedded,,,,,/home/a/projects/particle-accelerator-shielding-simulator/geant4sim/GUI/geant4GUI/photon_neutron_bpe_app/photon_wall_simulation_core.py,9f2f53dab99971884f4a97bea897d6a0ebb61dd1d6a65daf7b634f589941222e,/home/a/projects/Radiation_Research/radiation_shielding/Radiation-Shielding-Research/results/phase1/source_models/source_library_snapshot/photon_wall_simulation_core__9f2f53dab9997188.py,9f2f53dab99971884f4a97bea897d6a0ebb61dd1d6a65daf7b634f589941222e,True
0.15000000000000002,0.25,0.2,0.0003993610223642173,0.0003993610223642173,0.0003993610223642173,PHOTON_NUMBER_PROBABILITY_MASS_PER_BIN,ENERGY_FLUENCE_MASS_PER_BIN,energy_fluence_mass_i = energy_center_MeV_i * probability_mass_bin_i,PROJECT_6MV_40x40,6MV_40x40,project_processed_from_Ding2002_Figure3_embedded,,,,,/home/a/projects/particle-accelerator-shielding-simulator/geant4sim/GUI/geant4GUI/photon_neutron_bpe_app/photon_wall_simulation_core.py,9f2f53dab99971884f4a97bea897d6a0ebb61dd1d6a65daf7b634f589941222e,/home/a/projects/Radiation_Research/radiation_shielding/Radiation-Shielding-Research/results/phase1/source_models/source_library_snapshot/photon_wall_simulation_core__9f2f53dab9997188.py,9f2f53dab99971884f4a97bea897d6a0ebb61dd1d6a65daf7b634f589941222e,True
0.25,0.35,0.3,0.0009984025559105433,0.0009984025559105433,0.0009984025559105433,PHOTON_NUMBER_PROBABILITY_MASS_PER_BIN,ENERGY_FLUENCE_MASS_PER_BIN,energy_fluence_mass_i = energy_center_MeV_i * probability_mass_bin_i,PROJECT_6MV_40x40,6MV_40x40,project_processed_from_Ding2002_Figure3_embedded,,,,,/home/a/projects/particle-accelerator-shielding-simulator/geant4sim/GUI/geant4GUI/photon_neutron_bpe_app/photon_wall_simulation_core.py,9f2f53dab99971884f4a97bea897d6a0ebb61dd1d6a65daf7b634f589941222e,/home/a/projects/Radiation_Research/radiation_shielding/Radiation-Shielding-Research/results/phase1/source_models/source_library_snapshot/photon_wall_simulation_core__9f2f53dab9997188.py,9f2f53dab99971884f4a97bea897d6a0ebb61dd1d6a65daf7b634f589941222e,True
0.35,0.45,0.4,0.0019968051118210866,0.0019968051118210866,0.0019968051118210866,PHOTON_NUMBER_PROBABILITY_MASS_PER_BIN,ENERGY_FLUENCE_MASS_PER_BIN,energy_fluence_mass_i = energy_center_MeV_i * probability_mass_bin_i,PROJECT_6MV_40x40,6MV_40x40,project_processed_from_Ding2002_Figure3_embedded,,,,,/home/a/projects/particle-accelerator-shielding-simulator/geant4sim/GUI/geant4GUI/photon_neutron_bpe_app/photon_wall_simulation_core.py,9f2f53dab99971884f4a97bea897d6a0ebb61dd1d6a65daf7b634f589941222e,/home/a/projects/Radiation_Research/radiation_shielding/Radiation-Shielding-Research/results/phase1/source_models/source_library_snapshot/photon_wall_simulation_core__9f2f53dab9997188.py,9f2f53dab99971884f4a97bea897d6a0ebb61dd1d6a65daf7b634f589941222e,True
0.45,0.55,0.5,0.003993610223642173,0.003993610223642173,0.003993610223642173,PHOTON_NUMBER_PROBABILITY_MASS_PER_BIN,ENERGY_FLUENCE_MASS_PER_BIN,energy_fluence_mass_i = energy_center_MeV_i * probability_mass_bin_i,PROJECT_6MV_40x40,6MV_40x40,project_processed_from_Ding2002_Figure3_embedded,,,,,/home/a/projects/particle-accelerator-shielding-simulator/geant4sim/GUI/geant4GUI/photon_neutron_bpe_app/photon_wall_simulation_core.py,9f2f53dab99971884f4a97bea897d6a0ebb61dd1d6a65daf7b634f589941222e,/home/a/projects/Radiation_Research/radiation_shielding/Radiation-Shielding-Research/results/phase1/source_models/source_library_snapshot/photon_wall_simulation_core__9f2f53dab9997188.py,9f2f53dab99971884f4a97bea897d6a0ebb61dd1d6a65daf7b634f589941222e,True
0.55,0.6499999999999999,0.6,0.007987220447284346,0.007987220447284346,0.007987220447284346,PHOTON_NUMBER_PROBABILITY_MASS_PER_BIN,ENERGY_FLUENCE_MASS_PER_BIN,energy_fluence_mass_i = energy_center_MeV_i * probability_mass_bin_i,PROJECT_6MV_40x40,6MV_40x40,project_processed_from_Ding2002_Figure3_embedded,,,,,/home/a/projects/particle-accelerator-shielding-simulator/geant4sim/GUI/geant4GUI/photon_neutron_bpe_app/photon_wall_simulation_core.py,9f2f53dab99971884f4a97bea897d6a0ebb61dd1d6a65daf7b634f589941222e,/home/a/projects/Radiation_Research/radiation_shielding/Radiation-Shielding-Research/results/phase1/source_models/source_library_snapshot/photon_wall_simulation_core__9f2f53dab9997188.py,9f2f53dab99971884f4a97bea897d6a0ebb61dd1d6a65daf7b634f589941222e,True
0.6499999999999999,0.75,0.7,0.014976038338658147,0.014976038338658147,0.014976038338658147,PHOTON_NUMBER_PROBABILITY_MASS_PER_BIN,ENERGY_FLUENCE_MASS_PER_BIN,energy_fluence_mass_i = energy_center_MeV_i * probability_mass_bin_i,PROJECT_6MV_40x40,6MV_40x40,project_processed_from_Ding2002_Figure3_embedded,,,,,/home/a/projects/particle-accelerator-shielding-simulator/geant4sim/GUI/geant4GUI/photon_neutron_bpe_app/photon_wall_simulation_core.py,9f2f53dab99971884f4a97bea897d6a0ebb61dd1d6a65daf7b634f589941222e,/home/a/projects/Radiation_Research/radiation_shielding/Radiation-Shielding-Research/results/phase1/source_models/source_library_snapshot/photon_wall_simulation_core__9f2f53dab9997188.py,9f2f53dab99971884f4a97bea897d6a0ebb61dd1d6a65daf7b634f589941222e,True
0.75,0.8500000000000001,0.8,0.024960063897763583,0.024960063897763583,0.024960063897763583,PHOTON_NUMBER_PROBABILITY_MASS_PER_BIN,ENERGY_FLUENCE_MASS_PER_BIN,energy_fluence_mass_i = energy_center_MeV_i * probability_mass_bin_i,PROJECT_6MV_40x40,6MV_40x40,project_processed_from_Ding2002_Figure3_embedded,,,,,/home/a/projects/particle-accelerator-shielding-simulator/geant4sim/GUI/geant4GUI/photon_neutron_bpe_app/photon_wall_simulation_core.py,9f2f53dab99971884f4a97bea897d6a0ebb61dd1d6a65daf7b634f589941222e,/home/a/projects/Radiation_Research/radiation_shielding/Radiation-Shielding-Research/results/phase1/source_models/source_library_snapshot/photon_wall_simulation_core__9f2f53dab9997188.py,9f2f53dab99971884f4a97bea897d6a0ebb61dd1d6a65daf7b634f589941222e,True
0.8500000000000001,0.95,0.9,0.03394568690095848,0.03394568690095848,0.03394568690095848,PHOTON_NUMBER_PROBABILITY_MASS_PER_BIN,ENERGY_FLUENCE_MASS_PER_BIN,energy_fluence_mass_i = energy_center_MeV_i * probability_mass_bin_i,PROJECT_6MV_40x40,6MV_40x40,project_processed_from_Ding2002_Figure3_embedded,,,,,/home/a/projects/particle-accelerator-shielding-simulator/geant4sim/GUI/geant4GUI/photon_neutron_bpe_app/photon_wall_simulation_core.py,9f2f53dab99971884f4a97bea897d6a0ebb61dd1d6a65daf7b634f589941222e,/home/a/projects/Radiation_Research/radiation_shielding/Radiation-Shielding-Research/results/phase1/source_models/source_library_snapshot/photon_wall_simulation_core__9f2f53dab9997188.py,9f2f53dab99971884f4a97bea897d6a0ebb61dd1d6a65daf7b634f589941222e,True
0.95,1.05,1.0,0.031948881789137386,0.031948881789137386,0.031948881789137386,PHOTON_NUMBER_PROBABILITY_MASS_PER_BIN,ENERGY_FLUENCE_MASS_PER_BIN,energy_fluence_mass_i = energy_center_MeV_i * probability_mass_bin_i,PROJECT_6MV_40x40,6MV_40x40,project_processed_from_Ding2002_Figure3_embedded,,,,,/home/a/projects/particle-accelerator-shielding-simulator/geant4sim/GUI/geant4GUI/photon_neutron_bpe_app/photon_wall_simulation_core.py,9f2f53dab99971884f4a97bea897d6a0ebb61dd1d6a65daf7b634f589941222e,/home/a/projects/Radiation_Research/radiation_shielding/Radiation-Shielding-Research/results/phase1/source_models/source_library_snapshot/photon_wall_simulation_core__9f2f53dab9997188.py,9f2f53dab99971884f4a97bea897d6a0ebb61dd1d6a65daf7b634f589941222e,True
1.05,1.15,1.1,0.03144968051118211,0.03144968051118211,0.03144968051118211,PHOTON_NUMBER_PROBABILITY_MASS_PER_BIN,ENERGY_FLUENCE_MASS_PER_BIN,energy_fluence_mass_i = energy_center_MeV_i * probability_mass_bin_i,PROJECT_6MV_40x40,6MV_40x40,project_processed_from_Ding2002_Figure3_embedded,,,,,/home/a/projects/particle-accelerator-shielding-simulator/geant4sim/GUI/geant4GUI/photon_neutron_bpe_app/photon_wall_simulation_core.py,9f2f53dab99971884f4a97bea897d6a0ebb61dd1d6a65daf7b634f589941222e,/home/a/projects/Radiation_Research/radiation_shielding/Radiation-Shielding-Research/results/phase1/source_models/source_library_snapshot/photon_wall_simulation_core__9f2f53dab9997188.py,9f2f53dab99971884f4a97bea897d6a0ebb61dd1d6a65daf7b634f589941222e,True
1.15,1.25,1.2,0.03144968051118211,0.03144968051118211,0.03144968051118211,PHOTON_NUMBER_PROBABILITY_MASS_PER_BIN,ENERGY_FLUENCE_MASS_PER_BIN,energy_fluence_mass_i = energy_center_MeV_i * probability_mass_bin_i,PROJECT_6MV_40x40,6MV_40x40,project_processed_from_Ding2002_Figure3_embedded,,,,,/home/a/projects/particle-accelerator-shielding-simulator/geant4sim/GUI/geant4GUI/photon_neutron_bpe_app/photon_wall_simulation_core.py,9f2f53dab99971884f4a97bea897d6a0ebb61dd1d6a65daf7b634f589941222e,/home/a/projects/Radiation_Research/radiation_shielding/Radiation-Shielding-Research/results/phase1/source_models/source_library_snapshot/photon_wall_simulation_core__9f2f53dab9997188.py,9f2f53dab99971884f4a97bea897d6a0ebb61dd1d6a65daf7b634f589941222e,True
1.25,1.35,1.3,0.03144968051118211,0.03144968051118211,0.03144968051118211,PHOTON_NUMBER_PROBABILITY_MASS_PER_BIN,ENERGY_FLUENCE_MASS_PER_BIN,energy_fluence_mass_i = energy_center_MeV_i * probability_mass_bin_i,PROJECT_6MV_40x40,6MV_40x40,project_processed_from_Ding2002_Figure3_embedded,,,,,/home/a/projects/particle-accelerator-shielding-simulator/geant4sim/GUI/geant4GUI/photon_neutron_bpe_app/photon_wall_simulation_core.py,9f2f53dab99971884f4a97bea897d6a0ebb61dd1d6a65daf7b634f589941222e,/home/a/projects/Radiation_Research/radiation_shielding/Radiation-Shielding-Research/results/phase1/source_models/source_library_snapshot/photon_wall_simulation_core__9f2f53dab9997188.py,9f2f53dab99971884f4a97bea897d6a0ebb61dd1d6a65daf7b634f589941222e,True
1.35,1.45,1.4,0.03144968051118211,0.03144968051118211,0.03144968051118211,PHOTON_NUMBER_PROBABILITY_MASS_PER_BIN,ENERGY_FLUENCE_MASS_PER_BIN,energy_fluence_mass_i = energy_center_MeV_i * probability_mass_bin_i,PROJECT_6MV_40x40,6MV_40x40,project_processed_from_Ding2002_Figure3_embedded,,,,,/home/a/projects/particle-accelerator-shielding-simulator/geant4sim/GUI/geant4GUI/photon_neutron_bpe_app/photon_wall_simulation_core.py,9f2f53dab99971884f4a97bea897d6a0ebb61dd1d6a65daf7b634f589941222e,/home/a/projects/Radiation_Research/radiation_shielding/Radiation-Shielding-Research/results/phase1/source_models/source_library_snapshot/photon_wall_simulation_core__9f2f53dab9997188.py,9f2f53dab99971884f4a97bea897d6a0ebb61dd1d6a65daf7b634f589941222e,True
1.45,1.55,1.5,0.03144968051118211,0.03144968051118211,0.03144968051118211,PHOTON_NUMBER_PROBABILITY_MASS_PER_BIN,ENERGY_FLUENCE_MASS_PER_BIN,energy_fluence_mass_i = energy_center_MeV_i * probability_mass_bin_i,PROJECT_6MV_40x40,6MV_40x40,project_processed_from_Ding2002_Figure3_embedded,,,,,/home/a/projects/particle-accelerator-shielding-simulator/geant4sim/GUI/geant4GUI/photon_neutron_bpe_app/photon_wall_simulation_core.py,9f2f53dab99971884f4a97bea897d6a0ebb61dd1d6a65daf7b634f589941222e,/home/a/projects/Radiation_Research/radiation_shielding/Radiation-Shielding-Research/results/phase1/source_models/source_library_snapshot/photon_wall_simulation_core__9f2f53dab9997188.py,9f2f53dab99971884f4a97bea897d6a0ebb61dd1d6a65daf7b634f589941222e,True
1.55,1.65,1.6,0.03144968051118211,0.03144968051118211,0.03144968051118211,PHOTON_NUMBER_PROBABILITY_MASS_PER_BIN,ENERGY_FLUENCE_MASS_PER_BIN,energy_fluence_mass_i = energy_center_MeV_i * probability_mass_bin_i,PROJECT_6MV_40x40,6MV_40x40,project_processed_from_Ding2002_Figure3_embedded,,,,,/home/a/projects/particle-accelerator-shielding-simulator/geant4sim/GUI/geant4GUI/photon_neutron_bpe_app/photon_wall_simulation_core.py,9f2f53dab99971884f4a97bea897d6a0ebb61dd1d6a65daf7b634f589941222e,/home/a/projects/Radiation_Research/radiation_shielding/Radiation-Shielding-Research/results/phase1/source_models/source_library_snapshot/photon_wall_simulation_core__9f2f53dab9997188.py,9f2f53dab99971884f4a97bea897d6a0ebb61dd1d6a65daf7b634f589941222e,True
1.65,1.75,1.7,0.03144968051118211,0.03144968051118211,0.03144968051118211,PHOTON_NUMBER_PROBABILITY_MASS_PER_BIN,ENERGY_FLUENCE_MASS_PER_BIN,energy_fluence_mass_i = energy_center_MeV_i * probability_mass_bin_i,PROJECT_6MV_40x40,6MV_40x40,project_processed_from_Ding2002_Figure3_embedded,,,,,/home/a/projects/particle-accelerator-shielding-simulator/geant4sim/GUI/geant4GUI/photon_neutron_bpe_app/photon_wall_simulation_core.py,9f2f53dab99971884f4a97bea897d6a0ebb61dd1d6a65daf7b634f589941222e,/home/a/projects/Radiation_Research/radiation_shielding/Radiation-Shielding-Research/results/phase1/source_models/source_library_snapshot/photon_wall_simulation_core__9f2f53dab9997188.py,9f2f53dab99971884f4a97bea897d6a0ebb61dd1d6a65daf7b634f589941222e,True
1.75,1.85,1.8,0.03144968051118211,0.03144968051118211,0.03144968051118211,PHOTON_NUMBER_PROBABILITY_MASS_PER_BIN,ENERGY_FLUENCE_MASS_PER_BIN,energy_fluence_mass_i = energy_center_MeV_i * probability_mass_bin_i,PROJECT_6MV_40x40,6MV_40x40,project_processed_from_Ding2002_Figure3_embedded,,,,,/home/a/projects/particle-accelerator-shielding-simulator/geant4sim/GUI/geant4GUI/photon_neutron_bpe_app/photon_wall_simulation_core.py,9f2f53dab99971884f4a97bea897d6a0ebb61dd1d6a65daf7b634f589941222e,/home/a/projects/Radiation_Research/radiation_shielding/Radiation-Shielding-Research/results/phase1/source_models/source_library_snapshot/photon_wall_simulation_core__9f2f53dab9997188.py,9f2f53dab99971884f4a97bea897d6a0ebb61dd1d6a65daf7b634f589941222e,True
1.85,1.95,1.9,0.03144968051118211,0.03144968051118211,0.03144968051118211,PHOTON_NUMBER_PROBABILITY_MASS_PER_BIN,ENERGY_FLUENCE_MASS_PER_BIN,energy_fluence_mass_i = energy_center_MeV_i * probability_mass_bin_i,PROJECT_6MV_40x40,6MV_40x40,project_processed_from_Ding2002_Figure3_embedded,,,,,/home/a/projects/particle-accelerator-shielding-simulator/geant4sim/GUI/geant4GUI/photon_neutron_bpe_app/photon_wall_simulation_core.py,9f2f53dab99971884f4a97bea897d6a0ebb61dd1d6a65daf7b634f589941222e,/home/a/projects/Radiation_Research/radiation_shielding/Radiation-Shielding-Research/results/phase1/source_models/source_library_snapshot/photon_wall_simulation_core__9f2f53dab9997188.py,9f2f53dab99971884f4a97bea897d6a0ebb61dd1d6a65daf7b634f589941222e,True
1.95,2.05,2.0,0.03144968051118211,0.03144968051118211,0.03144968051118211,PHOTON_NUMBER_PROBABILITY_MASS_PER_BIN,ENERGY_FLUENCE_MASS_PER_BIN,energy_fluence_mass_i = energy_center_MeV_i * probability_mass_bin_i,PROJECT_6MV_40x40,6MV_40x40,project_processed_from_Ding2002_Figure3_embedded,,,,,/home/a/projects/particle-accelerator-shielding-simulator/geant4sim/GUI/geant4GUI/photon_neutron_bpe_app/photon_wall_simulation_core.py,9f2f53dab99971884f4a97bea897d6a0ebb61dd1d6a65daf7b634f589941222e,/home/a/projects/Radiation_Research/radiation_shielding/Radiation-Shielding-Research/results/phase1/source_models/source_library_snapshot/photon_wall_simulation_core__9f2f53dab9997188.py,9f2f53dab99971884f4a97bea897d6a0ebb61dd1d6a65daf7b634f589941222e,True
2.05,2.1500000000000004,2.1,0.03144968051118211,0.03144968051118211,0.03144968051118211,PHOTON_NUMBER_PROBABILITY_MASS_PER_BIN,ENERGY_FLUENCE_MASS_PER_BIN,energy_fluence_mass_i = energy_center_MeV_i * probability_mass_bin_i,PROJECT_6MV_40x40,6MV_40x40,project_processed_from_Ding2002_Figure3_embedded,,,,,/home/a/projects/particle-accelerator-shielding-simulator/geant4sim/GUI/geant4GUI/photon_neutron_bpe_app/photon_wall_simulation_core.py,9f2f53dab99971884f4a97bea897d6a0ebb61dd1d6a65daf7b634f589941222e,/home/a/projects/Radiation_Research/radiation_shielding/Radiation-Shielding-Research/results/phase1/source_models/source_library_snapshot/photon_wall_simulation_core__9f2f53dab9997188.py,9f2f53dab99971884f4a97bea897d6a0ebb61dd1d6a65daf7b634f589941222e,True
2.1500000000000004,2.25,2.2,0.03144968051118211,0.03144968051118211,0.03144968051118211,PHOTON_NUMBER_PROBABILITY_MASS_PER_BIN,ENERGY_FLUENCE_MASS_PER_BIN,energy_fluence_mass_i = energy_center_MeV_i * probability_mass_bin_i,PROJECT_6MV_40x40,6MV_40x40,project_processed_from_Ding2002_Figure3_embedded,,,,,/home/a/projects/particle-accelerator-shielding-simulator/geant4sim/GUI/geant4GUI/photon_neutron_bpe_app/photon_wall_simulation_core.py,9f2f53dab99971884f4a97bea897d6a0ebb61dd1d6a65daf7b634f589941222e,/home/a/projects/Radiation_Research/radiation_shielding/Radiation-Shielding-Research/results/phase1/source_models/source_library_snapshot/photon_wall_simulation_core__9f2f53dab9997188.py,9f2f53dab99971884f4a97bea897d6a0ebb61dd1d6a65daf7b634f589941222e,True
2.25,2.3499999999999996,2.3,0.03144968051118211,0.03144968051118211,0.03144968051118211,PHOTON_NUMBER_PROBABILITY_MASS_PER_BIN,ENERGY_FLUENCE_MASS_PER_BIN,energy_fluence_mass_i = energy_center_MeV_i * probability_mass_bin_i,PROJECT_6MV_40x40,6MV_40x40,project_processed_from_Ding2002_Figure3_embedded,,,,,/home/a/projects/particle-accelerator-shielding-simulator/geant4sim/GUI/geant4GUI/photon_neutron_bpe_app/photon_wall_simulation_core.py,9f2f53dab99971884f4a97bea897d6a0ebb61dd1d6a65daf7b634f589941222e,/home/a/projects/Radiation_Research/radiation_shielding/Radiation-Shielding-Research/results/phase1/source_models/source_library_snapshot/photon_wall_simulation_core__9f2f53dab9997188.py,9f2f53dab99971884f4a97bea897d6a0ebb61dd1d6a65daf7b634f589941222e,True
2.3499999999999996,2.45,2.4,0.03144968051118211,0.03144968051118211,0.03144968051118211,PHOTON_NUMBER_PROBABILITY_MASS_PER_BIN,ENERGY_FLUENCE_MASS_PER_BIN,energy_fluence_mass_i = energy_center_MeV_i * probability_mass_bin_i,PROJECT_6MV_40x40,6MV_40x40,project_processed_from_Ding2002_Figure3_embedded,,,,,/home/a/projects/particle-accelerator-shielding-simulator/geant4sim/GUI/geant4GUI/photon_neutron_bpe_app/photon_wall_simulation_core.py,9f2f53dab99971884f4a97bea897d6a0ebb61dd1d6a65daf7b634f589941222e,/home/a/projects/Radiation_Research/radiation_shielding/Radiation-Shielding-Research/results/phase1/source_models/source_library_snapshot/photon_wall_simulation_core__9f2f53dab9997188.py,9f2f53dab99971884f4a97bea897d6a0ebb61dd1d6a65daf7b634f589941222e,True
2.45,2.55,2.5,0.03144968051118211,0.03144968051118211,0.03144968051118211,PHOTON_NUMBER_PROBABILITY_MASS_PER_BIN,ENERGY_FLUENCE_MASS_PER_BIN,energy_fluence_mass_i = energy_center_MeV_i * probability_mass_bin_i,PROJECT_6MV_40x40,6MV_40x40,project_processed_from_Ding2002_Figure3_embedded,,,,,/home/a/projects/particle-accelerator-shielding-simulator/geant4sim/GUI/geant4GUI/photon_neutron_bpe_app/photon_wall_simulation_core.py,9f2f53dab99971884f4a97bea897d6a0ebb61dd1d6a65daf7b634f589941222e,/home/a/projects/Radiation_Research/radiation_shielding/Radiation-Shielding-Research/results/phase1/source_models/source_library_snapshot/photon_wall_simulation_core__9f2f53dab9997188.py,9f2f53dab99971884f4a97bea897d6a0ebb61dd1d6a65daf7b634f589941222e,True
2.55,2.6500000000000004,2.6,0.03144968051118211,0.03144968051118211,0.03144968051118211,PHOTON_NUMBER_PROBABILITY_MASS_PER_BIN,ENERGY_FLUENCE_MASS_PER_BIN,energy_fluence_mass_i = energy_center_MeV_i * probability_mass_bin_i,PROJECT_6MV_40x40,6MV_40x40,project_processed_from_Ding2002_Figure3_embedded,,,,,/home/a/projects/particle-accelerator-shielding-simulator/geant4sim/GUI/geant4GUI/photon_neutron_bpe_app/photon_wall_simulation_core.py,9f2f53dab99971884f4a97bea897d6a0ebb61dd1d6a65daf7b634f589941222e,/home/a/projects/Radiation_Research/radiation_shielding/Radiation-Shielding-Research/results/phase1/source_models/source_library_snapshot/photon_wall_simulation_core__9f2f53dab9997188.py,9f2f53dab99971884f4a97bea897d6a0ebb61dd1d6a65daf7b634f589941222e,True
2.6500000000000004,2.75,2.7,0.03144968051118211,0.03144968051118211,0.03144968051118211,PHOTON_NUMBER_PROBABILITY_MASS_PER_BIN,ENERGY_FLUENCE_MASS_PER_BIN,energy_fluence_mass_i = energy_center_MeV_i * probability_mass_bin_i,PROJECT_6MV_40x40,6MV_40x40,project_processed_from_Ding2002_Figure3_embedded,,,,,/home/a/projects/particle-accelerator-shielding-simulator/geant4sim/GUI/geant4GUI/photon_neutron_bpe_app/photon_wall_simulation_core.py,9f2f53dab99971884f4a97bea897d6a0ebb61dd1d6a65daf7b634f589941222e,/home/a/projects/Radiation_Research/radiation_shielding/Radiation-Shielding-Research/results/phase1/source_models/source_library_snapshot/photon_wall_simulation_core__9f2f53dab9997188.py,9f2f53dab99971884f4a97bea897d6a0ebb61dd1d6a65daf7b634f589941222e,True
2.75,2.8499999999999996,2.8,0.03144968051118211,0.03144968051118211,0.03144968051118211,PHOTON_NUMBER_PROBABILITY_MASS_PER_BIN,ENERGY_FLUENCE_MASS_PER_BIN,energy_fluence_mass_i = energy_center_MeV_i * probability_mass_bin_i,PROJECT_6MV_40x40,6MV_40x40,project_processed_from_Ding2002_Figure3_embedded,,,,,/home/a/projects/particle-accelerator-shielding-simulator/geant4sim/GUI/geant4GUI/photon_neutron_bpe_app/photon_wall_simulation_core.py,9f2f53dab99971884f4a97bea897d6a0ebb61dd1d6a65daf7b634f589941222e,/home/a/projects/Radiation_Research/radiation_shielding/Radiation-Shielding-Research/results/phase1/source_models/source_library_snapshot/photon_wall_simulation_core__9f2f53dab9997188.py,9f2f53dab99971884f4a97bea897d6a0ebb61dd1d6a65daf7b634f589941222e,True
2.8499999999999996,2.95,2.9,0.03144968051118211,0.03144968051118211,0.03144968051118211,PHOTON_NUMBER_PROBABILITY_MASS_PER_BIN,ENERGY_FLUENCE_MASS_PER_BIN,energy_fluence_mass_i = energy_center_MeV_i * probability_mass_bin_i,PROJECT_6MV_40x40,6MV_40x40,project_processed_from_Ding2002_Figure3_embedded,,,,,/home/a/projects/particle-accelerator-shielding-simulator/geant4sim/GUI/geant4GUI/photon_neutron_bpe_app/photon_wall_simulation_core.py,9f2f53dab99971884f4a97bea897d6a0ebb61dd1d6a65daf7b634f589941222e,/home/a/projects/Radiation_Research/radiation_shielding/Radiation-Shielding-Research/results/phase1/source_models/source_library_snapshot/photon_wall_simulation_core__9f2f53dab9997188.py,9f2f53dab99971884f4a97bea897d6a0ebb61dd1d6a65daf7b634f589941222e,True
2.95,3.05,3.0,0.03144968051118211,0.03144968051118211,0.03144968051118211,PHOTON_NUMBER_PROBABILITY_MASS_PER_BIN,ENERGY_FLUENCE_MASS_PER_BIN,energy_fluence_mass_i = energy_center_MeV_i * probability_mass_bin_i,PROJECT_6MV_40x40,6MV_40x40,project_processed_from_Ding2002_Figure3_embedded,,,,,/home/a/projects/particle-accelerator-shielding-simulator/geant4sim/GUI/geant4GUI/photon_neutron_bpe_app/photon_wall_simulation_core.py,9f2f53dab99971884f4a97bea897d6a0ebb61dd1d6a65daf7b634f589941222e,/home/a/projects/Radiation_Research/radiation_shielding/Radiation-Shielding-Research/results/phase1/source_models/source_library_snapshot/photon_wall_simulation_core__9f2f53dab9997188.py,9f2f53dab99971884f4a97bea897d6a0ebb61dd1d6a65daf7b634f589941222e,True
3.05,3.1500000000000004,3.1,0.03095047923322684,0.03095047923322684,0.03095047923322684,PHOTON_NUMBER_PROBABILITY_MASS_PER_BIN,ENERGY_FLUENCE_MASS_PER_BIN,energy_fluence_mass_i = energy_center_MeV_i * probability_mass_bin_i,PROJECT_6MV_40x40,6MV_40x40,project_processed_from_Ding2002_Figure3_embedded,,,,,/home/a/projects/particle-accelerator-shielding-simulator/geant4sim/GUI/geant4GUI/photon_neutron_bpe_app/photon_wall_simulation_core.py,9f2f53dab99971884f4a97bea897d6a0ebb61dd1d6a65daf7b634f589941222e,/home/a/projects/Radiation_Research/radiation_shielding/Radiation-Shielding-Research/results/phase1/source_models/source_library_snapshot/photon_wall_simulation_core__9f2f53dab9997188.py,9f2f53dab99971884f4a97bea897d6a0ebb61dd1d6a65daf7b634f589941222e,True
3.1500000000000004,3.25,3.2,0.029952076677316294,0.029952076677316294,0.029952076677316294,PHOTON_NUMBER_PROBABILITY_MASS_PER_BIN,ENERGY_FLUENCE_MASS_PER_BIN,energy_fluence_mass_i = energy_center_MeV_i * probability_mass_bin_i,PROJECT_6MV_40x40,6MV_40x40,project_processed_from_Ding2002_Figure3_embedded,,,,,/home/a/projects/particle-accelerator-shielding-simulator/geant4sim/GUI/geant4GUI/photon_neutron_bpe_app/photon_wall_simulation_core.py,9f2f53dab99971884f4a97bea897d6a0ebb61dd1d6a65daf7b634f589941222e,/home/a/projects/Radiation_Research/radiation_shielding/Radiation-Shielding-Research/results/phase1/source_models/source_library_snapshot/photon_wall_simulation_core__9f2f53dab9997188.py,9f2f53dab99971884f4a97bea897d6a0ebb61dd1d6a65daf7b634f589941222e,True
3.25,3.3499999999999996,3.3,0.028953674121405756,0.028953674121405756,0.028953674121405756,PHOTON_NUMBER_PROBABILITY_MASS_PER_BIN,ENERGY_FLUENCE_MASS_PER_BIN,energy_fluence_mass_i = energy_center_MeV_i * probability_mass_bin_i,PROJECT_6MV_40x40,6MV_40x40,project_processed_from_Ding2002_Figure3_embedded,,,,,/home/a/projects/particle-accelerator-shielding-simulator/geant4sim/GUI/geant4GUI/photon_neutron_bpe_app/photon_wall_simulation_core.py,9f2f53dab99971884f4a97bea897d6a0ebb61dd1d6a65daf7b634f589941222e,/home/a/projects/Radiation_Research/radiation_shielding/Radiation-Shielding-Research/results/phase1/source_models/source_library_snapshot/photon_wall_simulation_core__9f2f53dab9997188.py,9f2f53dab99971884f4a97bea897d6a0ebb61dd1d6a65daf7b634f589941222e,True
3.3499999999999996,3.45,3.4,0.02795527156549521,0.02795527156549521,0.02795527156549521,PHOTON_NUMBER_PROBABILITY_MASS_PER_BIN,ENERGY_FLUENCE_MASS_PER_BIN,energy_fluence_mass_i = energy_center_MeV_i * probability_mass_bin_i,PROJECT_6MV_40x40,6MV_40x40,project_processed_from_Ding2002_Figure3_embedded,,,,,/home/a/projects/particle-accelerator-shielding-simulator/geant4sim/GUI/geant4GUI/photon_neutron_bpe_app/photon_wall_simulation_core.py,9f2f53dab99971884f4a97bea897d6a0ebb61dd1d6a65daf7b634f589941222e,/home/a/projects/Radiation_Research/radiation_shielding/Radiation-Shielding-Research/results/phase1/source_models/source_library_snapshot/photon_wall_simulation_core__9f2f53dab9997188.py,9f2f53dab99971884f4a97bea897d6a0ebb61dd1d6a65daf7b634f589941222e,True
3.45,3.55,3.5,0.026956869009584668,0.026956869009584668,0.026956869009584668,PHOTON_NUMBER_PROBABILITY_MASS_PER_BIN,ENERGY_FLUENCE_MASS_PER_BIN,energy_fluence_mass_i = energy_center_MeV_i * probability_mass_bin_i,PROJECT_6MV_40x40,6MV_40x40,project_processed_from_Ding2002_Figure3_embedded,,,,,/home/a/projects/particle-accelerator-shielding-simulator/geant4sim/GUI/geant4GUI/photon_neutron_bpe_app/photon_wall_simulation_core.py,9f2f53dab99971884f4a97bea897d6a0ebb61dd1d6a65daf7b634f589941222e,/home/a/projects/Radiation_Research/radiation_shielding/Radiation-Shielding-Research/results/phase1/source_models/source_library_snapshot/photon_wall_simulation_core__9f2f53dab9997188.py,9f2f53dab99971884f4a97bea897d6a0ebb61dd1d6a65daf7b634f589941222e,True
3.55,3.6500000000000004,3.6,0.024960063897763583,0.024960063897763583,0.024960063897763583,PHOTON_NUMBER_PROBABILITY_MASS_PER_BIN,ENERGY_FLUENCE_MASS_PER_BIN,energy_fluence_mass_i = energy_center_MeV_i * probability_mass_bin_i,PROJECT_6MV_40x40,6MV_40x40,project_processed_from_Ding2002_Figure3_embedded,,,,,/home/a/projects/particle-accelerator-shielding-simulator/geant4sim/GUI/geant4GUI/photon_neutron_bpe_app/photon_wall_simulation_core.py,9f2f53dab99971884f4a97bea897d6a0ebb61dd1d6a65daf7b634f589941222e,/home/a/projects/Radiation_Research/radiation_shielding/Radiation-Shielding-Research/results/phase1/source_models/source_library_snapshot/photon_wall_simulation_core__9f2f53dab9997188.py,9f2f53dab99971884f4a97bea897d6a0ebb61dd1d6a65daf7b634f589941222e,True
3.6500000000000004,3.75,3.7,0.022963258785942495,0.022963258785942495,0.022963258785942495,PHOTON_NUMBER_PROBABILITY_MASS_PER_BIN,ENERGY_FLUENCE_MASS_PER_BIN,energy_fluence_mass_i = energy_center_MeV_i * probability_mass_bin_i,PROJECT_6MV_40x40,6MV_40x40,project_processed_from_Ding2002_Figure3_embedded,,,,,/home/a/projects/particle-accelerator-shielding-simulator/geant4sim/GUI/geant4GUI/photon_neutron_bpe_app/photon_wall_simulation_core.py,9f2f53dab99971884f4a97bea897d6a0ebb61dd1d6a65daf7b634f589941222e,/home/a/projects/Radiation_Research/radiation_shielding/Radiation-Shielding-Research/results/phase1/source_models/source_library_snapshot/photon_wall_simulation_core__9f2f53dab9997188.py,9f2f53dab99971884f4a97bea897d6a0ebb61dd1d6a65daf7b634f589941222e,True
3.75,3.8499999999999996,3.8,0.02096645367412141,0.02096645367412141,0.02096645367412141,PHOTON_NUMBER_PROBABILITY_MASS_PER_BIN,ENERGY_FLUENCE_MASS_PER_BIN,energy_fluence_mass_i = energy_center_MeV_i * probability_mass_bin_i,PROJECT_6MV_40x40,6MV_40x40,project_processed_from_Ding2002_Figure3_embedded,,,,,/home/a/projects/particle-accelerator-shielding-simulator/geant4sim/GUI/geant4GUI/photon_neutron_bpe_app/photon_wall_simulation_core.py,9f2f53dab99971884f4a97bea897d6a0ebb61dd1d6a65daf7b634f589941222e,/home/a/projects/Radiation_Research/radiation_shielding/Radiation-Shielding-Research/results/phase1/source_models/source_library_snapshot/photon_wall_simulation_core__9f2f53dab9997188.py,9f2f53dab99971884f4a97bea897d6a0ebb61dd1d6a65daf7b634f589941222e,True
3.8499999999999996,3.95,3.9,0.018969648562300323,0.018969648562300323,0.018969648562300323,PHOTON_NUMBER_PROBABILITY_MASS_PER_BIN,ENERGY_FLUENCE_MASS_PER_BIN,energy_fluence_mass_i = energy_center_MeV_i * probability_mass_bin_i,PROJECT_6MV_40x40,6MV_40x40,project_processed_from_Ding2002_Figure3_embedded,,,,,/home/a/projects/particle-accelerator-shielding-simulator/geant4sim/GUI/geant4GUI/photon_neutron_bpe_app/photon_wall_simulation_core.py,9f2f53dab99971884f4a97bea897d6a0ebb61dd1d6a65daf7b634f589941222e,/home/a/projects/Radiation_Research/radiation_shielding/Radiation-Shielding-Research/results/phase1/source_models/source_library_snapshot/photon_wall_simulation_core__9f2f53dab9997188.py,9f2f53dab99971884f4a97bea897d6a0ebb61dd1d6a65daf7b634f589941222e,True
3.95,4.05,4.0,0.01697284345047924,0.01697284345047924,0.01697284345047924,PHOTON_NUMBER_PROBABILITY_MASS_PER_BIN,ENERGY_FLUENCE_MASS_PER_BIN,energy_fluence_mass_i = energy_center_MeV_i * probability_mass_bin_i,PROJECT_6MV_40x40,6MV_40x40,project_processed_from_Ding2002_Figure3_embedded,,,,,/home/a/projects/particle-accelerator-shielding-simulator/geant4sim/GUI/geant4GUI/photon_neutron_bpe_app/photon_wall_simulation_core.py,9f2f53dab99971884f4a97bea897d6a0ebb61dd1d6a65daf7b634f589941222e,/home/a/projects/Radiation_Research/radiation_shielding/Radiation-Shielding-Research/results/phase1/source_models/source_library_snapshot/photon_wall_simulation_core__9f2f53dab9997188.py,9f2f53dab99971884f4a97bea897d6a0ebb61dd1d6a65daf7b634f589941222e,True
4.05,4.15,4.1,0.0,0.0,0.0,PHOTON_NUMBER_PROBABILITY_MASS_PER_BIN,ENERGY_FLUENCE_MASS_PER_BIN,energy_fluence_mass_i = energy_center_MeV_i * probability_mass_bin_i,PROJECT_6MV_40x40,6MV_40x40,project_processed_from_Ding2002_Figure3_embedded,,,,,/home/a/projects/particle-accelerator-shielding-simulator/geant4sim/GUI/geant4GUI/photon_neutron_bpe_app/photon_wall_simulation_core.py,9f2f53dab99971884f4a97bea897d6a0ebb61dd1d6a65daf7b634f589941222e,/home/a/projects/Radiation_Research/radiation_shielding/Radiation-Shielding-Research/results/phase1/source_models/source_library_snapshot/photon_wall_simulation_core__9f2f53dab9997188.py,9f2f53dab99971884f4a97bea897d6a0ebb61dd1d6a65daf7b634f589941222e,True
4.15,4.25,4.2,0.0,0.0,0.0,PHOTON_NUMBER_PROBABILITY_MASS_PER_BIN,ENERGY_FLUENCE_MASS_PER_BIN,energy_fluence_mass_i = energy_center_MeV_i * probability_mass_bin_i,PROJECT_6MV_40x40,6MV_40x40,project_processed_from_Ding2002_Figure3_embedded,,,,,/home/a/projects/particle-accelerator-shielding-simulator/geant4sim/GUI/geant4GUI/photon_neutron_bpe_app/photon_wall_simulation_core.py,9f2f53dab99971884f4a97bea897d6a0ebb61dd1d6a65daf7b634f589941222e,/home/a/projects/Radiation_Research/radiation_shielding/Radiation-Shielding-Research/results/phase1/source_models/source_library_snapshot/photon_wall_simulation_core__9f2f53dab9997188.py,9f2f53dab99971884f4a97bea897d6a0ebb61dd1d6a65daf7b634f589941222e,True
4.25,4.35,4.3,0.0,0.0,0.0,PHOTON_NUMBER_PROBABILITY_MASS_PER_BIN,ENERGY_FLUENCE_MASS_PER_BIN,energy_fluence_mass_i = energy_center_MeV_i * probability_mass_bin_i,PROJECT_6MV_40x40,6MV_40x40,project_processed_from_Ding2002_Figure3_embedded,,,,,/home/a/projects/particle-accelerator-shielding-simulator/geant4sim/GUI/geant4GUI/photon_neutron_bpe_app/photon_wall_simulation_core.py,9f2f53dab99971884f4a97bea897d6a0ebb61dd1d6a65daf7b634f589941222e,/home/a/projects/Radiation_Research/radiation_shielding/Radiation-Shielding-Research/results/phase1/source_models/source_library_snapshot/photon_wall_simulation_core__9f2f53dab9997188.py,9f2f53dab99971884f4a97bea897d6a0ebb61dd1d6a65daf7b634f589941222e,True
4.35,4.45,4.4,0.0,0.0,0.0,PHOTON_NUMBER_PROBABILITY_MASS_PER_BIN,ENERGY_FLUENCE_MASS_PER_BIN,energy_fluence_mass_i = energy_center_MeV_i * probability_mass_bin_i,PROJECT_6MV_40x40,6MV_40x40,project_processed_from_Ding2002_Figure3_embedded,,,,,/home/a/projects/particle-accelerator-shielding-simulator/geant4sim/GUI/geant4GUI/photon_neutron_bpe_app/photon_wall_simulation_core.py,9f2f53dab99971884f4a97bea897d6a0ebb61dd1d6a65daf7b634f589941222e,/home/a/projects/Radiation_Research/radiation_shielding/Radiation-Shielding-Research/results/phase1/source_models/source_library_snapshot/photon_wall_simulation_core__9f2f53dab9997188.py,9f2f53dab99971884f4a97bea897d6a0ebb61dd1d6a65daf7b634f589941222e,True
4.45,4.55,4.5,0.0,0.0,0.0,PHOTON_NUMBER_PROBABILITY_MASS_PER_BIN,ENERGY_FLUENCE_MASS_PER_BIN,energy_fluence_mass_i = energy_center_MeV_i * probability_mass_bin_i,PROJECT_6MV_40x40,6MV_40x40,project_processed_from_Ding2002_Figure3_embedded,,,,,/home/a/projects/particle-accelerator-shielding-simulator/geant4sim/GUI/geant4GUI/photon_neutron_bpe_app/photon_wall_simulation_core.py,9f2f53dab99971884f4a97bea897d6a0ebb61dd1d6a65daf7b634f589941222e,/home/a/projects/Radiation_Research/radiation_shielding/Radiation-Shielding-Research/results/phase1/source_models/source_library_snapshot/photon_wall_simulation_core__9f2f53dab9997188.py,9f2f53dab99971884f4a97bea897d6a0ebb61dd1d6a65daf7b634f589941222e,True
4.55,4.65,4.6,0.0,0.0,0.0,PHOTON_NUMBER_PROBABILITY_MASS_PER_BIN,ENERGY_FLUENCE_MASS_PER_BIN,energy_fluence_mass_i = energy_center_MeV_i * probability_mass_bin_i,PROJECT_6MV_40x40,6MV_40x40,project_processed_from_Ding2002_Figure3_embedded,,,,,/home/a/projects/particle-accelerator-shielding-simulator/geant4sim/GUI/geant4GUI/photon_neutron_bpe_app/photon_wall_simulation_core.py,9f2f53dab99971884f4a97bea897d6a0ebb61dd1d6a65daf7b634f589941222e,/home/a/projects/Radiation_Research/radiation_shielding/Radiation-Shielding-Research/results/phase1/source_models/source_library_snapshot/photon_wall_simulation_core__9f2f53dab9997188.py,9f2f53dab99971884f4a97bea897d6a0ebb61dd1d6a65daf7b634f589941222e,True
4.65,4.75,4.7,0.0,0.0,0.0,PHOTON_NUMBER_PROBABILITY_MASS_PER_BIN,ENERGY_FLUENCE_MASS_PER_BIN,energy_fluence_mass_i = energy_center_MeV_i * probability_mass_bin_i,PROJECT_6MV_40x40,6MV_40x40,project_processed_from_Ding2002_Figure3_embedded,,,,,/home/a/projects/particle-accelerator-shielding-simulator/geant4sim/GUI/geant4GUI/photon_neutron_bpe_app/photon_wall_simulation_core.py,9f2f53dab99971884f4a97bea897d6a0ebb61dd1d6a65daf7b634f589941222e,/home/a/projects/Radiation_Research/radiation_shielding/Radiation-Shielding-Research/results/phase1/source_models/source_library_snapshot/photon_wall_simulation_core__9f2f53dab9997188.py,9f2f53dab99971884f4a97bea897d6a0ebb61dd1d6a65daf7b634f589941222e,True
4.75,4.85,4.8,0.0,0.0,0.0,PHOTON_NUMBER_PROBABILITY_MASS_PER_BIN,ENERGY_FLUENCE_MASS_PER_BIN,energy_fluence_mass_i = energy_center_MeV_i * probability_mass_bin_i,PROJECT_6MV_40x40,6MV_40x40,project_processed_from_Ding2002_Figure3_embedded,,,,,/home/a/projects/particle-accelerator-shielding-simulator/geant4sim/GUI/geant4GUI/photon_neutron_bpe_app/photon_wall_simulation_core.py,9f2f53dab99971884f4a97bea897d6a0ebb61dd1d6a65daf7b634f589941222e,/home/a/projects/Radiation_Research/radiation_shielding/Radiation-Shielding-Research/results/phase1/source_models/source_library_snapshot/photon_wall_simulation_core__9f2f53dab9997188.py,9f2f53dab99971884f4a97bea897d6a0ebb61dd1d6a65daf7b634f589941222e,True
4.85,4.95,4.9,0.0,0.0,0.0,PHOTON_NUMBER_PROBABILITY_MASS_PER_BIN,ENERGY_FLUENCE_MASS_PER_BIN,energy_fluence_mass_i = energy_center_MeV_i * probability_mass_bin_i,PROJECT_6MV_40x40,6MV_40x40,project_processed_from_Ding2002_Figure3_embedded,,,,,/home/a/projects/particle-accelerator-shielding-simulator/geant4sim/GUI/geant4GUI/photon_neutron_bpe_app/photon_wall_simulation_core.py,9f2f53dab99971884f4a97bea897d6a0ebb61dd1d6a65daf7b634f589941222e,/home/a/projects/Radiation_Research/radiation_shielding/Radiation-Shielding-Research/results/phase1/source_models/source_library_snapshot/photon_wall_simulation_core__9f2f53dab9997188.py,9f2f53dab99971884f4a97bea897d6a0ebb61dd1d6a65daf7b634f589941222e,True
4.95,5.05,5.0,0.0,0.0,0.0,PHOTON_NUMBER_PROBABILITY_MASS_PER_BIN,ENERGY_FLUENCE_MASS_PER_BIN,energy_fluence_mass_i = energy_center_MeV_i * probability_mass_bin_i,PROJECT_6MV_40x40,6MV_40x40,project_processed_from_Ding2002_Figure3_embedded,,,,,/home/a/projects/particle-accelerator-shielding-simulator/geant4sim/GUI/geant4GUI/photon_neutron_bpe_app/photon_wall_simulation_core.py,9f2f53dab99971884f4a97bea897d6a0ebb61dd1d6a65daf7b634f589941222e,/home/a/projects/Radiation_Research/radiation_shielding/Radiation-Shielding-Research/results/phase1/source_models/source_library_snapshot/photon_wall_simulation_core__9f2f53dab9997188.py,9f2f53dab99971884f4a97bea897d6a0ebb61dd1d6a65daf7b634f589941222e,True
5.05,5.15,5.1,0.0,0.0,0.0,PHOTON_NUMBER_PROBABILITY_MASS_PER_BIN,ENERGY_FLUENCE_MASS_PER_BIN,energy_fluence_mass_i = energy_center_MeV_i * probability_mass_bin_i,PROJECT_6MV_40x40,6MV_40x40,project_processed_from_Ding2002_Figure3_embedded,,,,,/home/a/projects/particle-accelerator-shielding-simulator/geant4sim/GUI/geant4GUI/photon_neutron_bpe_app/photon_wall_simulation_core.py,9f2f53dab99971884f4a97bea897d6a0ebb61dd1d6a65daf7b634f589941222e,/home/a/projects/Radiation_Research/radiation_shielding/Radiation-Shielding-Research/results/phase1/source_models/source_library_snapshot/photon_wall_simulation_core__9f2f53dab9997188.py,9f2f53dab99971884f4a97bea897d6a0ebb61dd1d6a65daf7b634f589941222e,True
5.15,5.25,5.2,0.0,0.0,0.0,PHOTON_NUMBER_PROBABILITY_MASS_PER_BIN,ENERGY_FLUENCE_MASS_PER_BIN,energy_fluence_mass_i = energy_center_MeV_i * probability_mass_bin_i,PROJECT_6MV_40x40,6MV_40x40,project_processed_from_Ding2002_Figure3_embedded,,,,,/home/a/projects/particle-accelerator-shielding-simulator/geant4sim/GUI/geant4GUI/photon_neutron_bpe_app/photon_wall_simulation_core.py,9f2f53dab99971884f4a97bea897d6a0ebb61dd1d6a65daf7b634f589941222e,/home/a/projects/Radiation_Research/radiation_shielding/Radiation-Shielding-Research/results/phase1/source_models/source_library_snapshot/photon_wall_simulation_core__9f2f53dab9997188.py,9f2f53dab99971884f4a97bea897d6a0ebb61dd1d6a65daf7b634f589941222e,True
5.25,5.35,5.3,0.0,0.0,0.0,PHOTON_NUMBER_PROBABILITY_MASS_PER_BIN,ENERGY_FLUENCE_MASS_PER_BIN,energy_fluence_mass_i = energy_center_MeV_i * probability_mass_bin_i,PROJECT_6MV_40x40,6MV_40x40,project_processed_from_Ding2002_Figure3_embedded,,,,,/home/a/projects/particle-accelerator-shielding-simulator/geant4sim/GUI/geant4GUI/photon_neutron_bpe_app/photon_wall_simulation_core.py,9f2f53dab99971884f4a97bea897d6a0ebb61dd1d6a65daf7b634f589941222e,/home/a/projects/Radiation_Research/radiation_shielding/Radiation-Shielding-Research/results/phase1/source_models/source_library_snapshot/photon_wall_simulation_core__9f2f53dab9997188.py,9f2f53dab99971884f4a97bea897d6a0ebb61dd1d6a65daf7b634f589941222e,True
5.35,5.45,5.4,0.0,0.0,0.0,PHOTON_NUMBER_PROBABILITY_MASS_PER_BIN,ENERGY_FLUENCE_MASS_PER_BIN,energy_fluence_mass_i = energy_center_MeV_i * probability_mass_bin_i,PROJECT_6MV_40x40,6MV_40x40,project_processed_from_Ding2002_Figure3_embedded,,,,,/home/a/projects/particle-accelerator-shielding-simulator/geant4sim/GUI/geant4GUI/photon_neutron_bpe_app/photon_wall_simulation_core.py,9f2f53dab99971884f4a97bea897d6a0ebb61dd1d6a65daf7b634f589941222e,/home/a/projects/Radiation_Research/radiation_shielding/Radiation-Shielding-Research/results/phase1/source_models/source_library_snapshot/photon_wall_simulation_core__9f2f53dab9997188.py,9f2f53dab99971884f4a97bea897d6a0ebb61dd1d6a65daf7b634f589941222e,True
5.45,5.55,5.5,0.0,0.0,0.0,PHOTON_NUMBER_PROBABILITY_MASS_PER_BIN,ENERGY_FLUENCE_MASS_PER_BIN,energy_fluence_mass_i = energy_center_MeV_i * probability_mass_bin_i,PROJECT_6MV_40x40,6MV_40x40,project_processed_from_Ding2002_Figure3_embedded,,,,,/home/a/projects/particle-accelerator-shielding-simulator/geant4sim/GUI/geant4GUI/photon_neutron_bpe_app/photon_wall_simulation_core.py,9f2f53dab99971884f4a97bea897d6a0ebb61dd1d6a65daf7b634f589941222e,/home/a/projects/Radiation_Research/radiation_shielding/Radiation-Shielding-Research/results/phase1/source_models/source_library_snapshot/photon_wall_simulation_core__9f2f53dab9997188.py,9f2f53dab99971884f4a97bea897d6a0ebb61dd1d6a65daf7b634f589941222e,True
5.55,5.65,5.6,0.0,0.0,0.0,PHOTON_NUMBER_PROBABILITY_MASS_PER_BIN,ENERGY_FLUENCE_MASS_PER_BIN,energy_fluence_mass_i = energy_center_MeV_i * probability_mass_bin_i,PROJECT_6MV_40x40,6MV_40x40,project_processed_from_Ding2002_Figure3_embedded,,,,,/home/a/projects/particle-accelerator-shielding-simulator/geant4sim/GUI/geant4GUI/photon_neutron_bpe_app/photon_wall_simulation_core.py,9f2f53dab99971884f4a97bea897d6a0ebb61dd1d6a65daf7b634f589941222e,/home/a/projects/Radiation_Research/radiation_shielding/Radiation-Shielding-Research/results/phase1/source_models/source_library_snapshot/photon_wall_simulation_core__9f2f53dab9997188.py,9f2f53dab99971884f4a97bea897d6a0ebb61dd1d6a65daf7b634f589941222e,True
5.65,5.75,5.7,0.0,0.0,0.0,PHOTON_NUMBER_PROBABILITY_MASS_PER_BIN,ENERGY_FLUENCE_MASS_PER_BIN,energy_fluence_mass_i = energy_center_MeV_i * probability_mass_bin_i,PROJECT_6MV_40x40,6MV_40x40,project_processed_from_Ding2002_Figure3_embedded,,,,,/home/a/projects/particle-accelerator-shielding-simulator/geant4sim/GUI/geant4GUI/photon_neutron_bpe_app/photon_wall_simulation_core.py,9f2f53dab99971884f4a97bea897d6a0ebb61dd1d6a65daf7b634f589941222e,/home/a/projects/Radiation_Research/radiation_shielding/Radiation-Shielding-Research/results/phase1/source_models/source_library_snapshot/photon_wall_simulation_core__9f2f53dab9997188.py,9f2f53dab99971884f4a97bea897d6a0ebb61dd1d6a65daf7b634f589941222e,True
5.75,5.85,5.8,0.0,0.0,0.0,PHOTON_NUMBER_PROBABILITY_MASS_PER_BIN,ENERGY_FLUENCE_MASS_PER_BIN,energy_fluence_mass_i = energy_center_MeV_i * probability_mass_bin_i,PROJECT_6MV_40x40,6MV_40x40,project_processed_from_Ding2002_Figure3_embedded,,,,,/home/a/projects/particle-accelerator-shielding-simulator/geant4sim/GUI/geant4GUI/photon_neutron_bpe_app/photon_wall_simulation_core.py,9f2f53dab99971884f4a97bea897d6a0ebb61dd1d6a65daf7b634f589941222e,/home/a/projects/Radiation_Research/radiation_shielding/Radiation-Shielding-Research/results/phase1/source_models/source_library_snapshot/photon_wall_simulation_core__9f2f53dab9997188.py,9f2f53dab99971884f4a97bea897d6a0ebb61dd1d6a65daf7b634f589941222e,True
5.85,5.95,5.9,0.0,0.0,0.0,PHOTON_NUMBER_PROBABILITY_MASS_PER_BIN,ENERGY_FLUENCE_MASS_PER_BIN,energy_fluence_mass_i = energy_center_MeV_i * probability_mass_bin_i,PROJECT_6MV_40x40,6MV_40x40,project_processed_from_Ding2002_Figure3_embedded,,,,,/home/a/projects/particle-accelerator-shielding-simulator/geant4sim/GUI/geant4GUI/photon_neutron_bpe_app/photon_wall_simulation_core.py,9f2f53dab99971884f4a97bea897d6a0ebb61dd1d6a65daf7b634f589941222e,/home/a/projects/Radiation_Research/radiation_shielding/Radiation-Shielding-Research/results/phase1/source_models/source_library_snapshot/photon_wall_simulation_core__9f2f53dab9997188.py,9f2f53dab99971884f4a97bea897d6a0ebb61dd1d6a65daf7b634f589941222e,True
5.95,6.05,6.0,0.0,0.0,0.0,PHOTON_NUMBER_PROBABILITY_MASS_PER_BIN,ENERGY_FLUENCE_MASS_PER_BIN,energy_fluence_mass_i = energy_center_MeV_i * probability_mass_bin_i,PROJECT_6MV_40x40,6MV_40x40,project_processed_from_Ding2002_Figure3_embedded,,,,,/home/a/projects/particle-accelerator-shielding-simulator/geant4sim/GUI/geant4GUI/photon_neutron_bpe_app/photon_wall_simulation_core.py,9f2f53dab99971884f4a97bea897d6a0ebb61dd1d6a65daf7b634f589941222e,/home/a/projects/Radiation_Research/radiation_shielding/Radiation-Shielding-Research/results/phase1/source_models/source_library_snapshot/photon_wall_simulation_core__9f2f53dab9997188.py,9f2f53dab99971884f4a97bea897d6a0ebb61dd1d6a65daf7b634f589941222e,True
6.05,6.15,6.1,0.0,0.0,0.0,PHOTON_NUMBER_PROBABILITY_MASS_PER_BIN,ENERGY_FLUENCE_MASS_PER_BIN,energy_fluence_mass_i = energy_center_MeV_i * probability_mass_bin_i,PROJECT_6MV_40x40,6MV_40x40,project_processed_from_Ding2002_Figure3_embedded,,,,,/home/a/projects/particle-accelerator-shielding-simulator/geant4sim/GUI/geant4GUI/photon_neutron_bpe_app/photon_wall_simulation_core.py,9f2f53dab99971884f4a97bea897d6a0ebb61dd1d6a65daf7b634f589941222e,/home/a/projects/Radiation_Research/radiation_shielding/Radiation-Shielding-Research/results/phase1/source_models/source_library_snapshot/photon_wall_simulation_core__9f2f53dab9997188.py,9f2f53dab99971884f4a97bea897d6a0ebb61dd1d6a65daf7b634f589941222e,True
6.15,6.25,6.2,0.0,0.0,0.0,PHOTON_NUMBER_PROBABILITY_MASS_PER_BIN,ENERGY_FLUENCE_MASS_PER_BIN,energy_fluence_mass_i = energy_center_MeV_i * probability_mass_bin_i,PROJECT_6MV_40x40,6MV_40x40,project_processed_from_Ding2002_Figure3_embedded,,,,,/home/a/projects/particle-accelerator-shielding-simulator/geant4sim/GUI/geant4GUI/photon_neutron_bpe_app/photon_wall_simulation_core.py,9f2f53dab99971884f4a97bea897d6a0ebb61dd1d6a65daf7b634f589941222e,/home/a/projects/Radiation_Research/radiation_shielding/Radiation-Shielding-Research/results/phase1/source_models/source_library_snapshot/photon_wall_simulation_core__9f2f53dab9997188.py,9f2f53dab99971884f4a97bea897d6a0ebb61dd1d6a65daf7b634f589941222e,True
6.25,6.35,6.3,0.0,0.0,0.0,PHOTON_NUMBER_PROBABILITY_MASS_PER_BIN,ENERGY_FLUENCE_MASS_PER_BIN,energy_fluence_mass_i = energy_center_MeV_i * probability_mass_bin_i,PROJECT_6MV_40x40,6MV_40x40,project_processed_from_Ding2002_Figure3_embedded,,,,,/home/a/projects/particle-accelerator-shielding-simulator/geant4sim/GUI/geant4GUI/photon_neutron_bpe_app/photon_wall_simulation_core.py,9f2f53dab99971884f4a97bea897d6a0ebb61dd1d6a65daf7b634f589941222e,/home/a/projects/Radiation_Research/radiation_shielding/Radiation-Shielding-Research/results/phase1/source_models/source_library_snapshot/photon_wall_simulation_core__9f2f53dab9997188.py,9f2f53dab99971884f4a97bea897d6a0ebb61dd1d6a65daf7b634f589941222e,True
6.35,6.45,6.4,0.0,0.0,0.0,PHOTON_NUMBER_PROBABILITY_MASS_PER_BIN,ENERGY_FLUENCE_MASS_PER_BIN,energy_fluence_mass_i = energy_center_MeV_i * probability_mass_bin_i,PROJECT_6MV_40x40,6MV_40x40,project_processed_from_Ding2002_Figure3_embedded,,,,,/home/a/projects/particle-accelerator-shielding-simulator/geant4sim/GUI/geant4GUI/photon_neutron_bpe_app/photon_wall_simulation_core.py,9f2f53dab99971884f4a97bea897d6a0ebb61dd1d6a65daf7b634f589941222e,/home/a/projects/Radiation_Research/radiation_shielding/Radiation-Shielding-Research/results/phase1/source_models/source_library_snapshot/photon_wall_simulation_core__9f2f53dab9997188.py,9f2f53dab99971884f4a97bea897d6a0ebb61dd1d6a65daf7b634f589941222e,True
6.45,6.55,6.5,0.0,0.0,0.0,PHOTON_NUMBER_PROBABILITY_MASS_PER_BIN,ENERGY_FLUENCE_MASS_PER_BIN,energy_fluence_mass_i = energy_center_MeV_i * probability_mass_bin_i,PROJECT_6MV_40x40,6MV_40x40,project_processed_from_Ding2002_Figure3_embedded,,,,,/home/a/projects/particle-accelerator-shielding-simulator/geant4sim/GUI/geant4GUI/photon_neutron_bpe_app/photon_wall_simulation_core.py,9f2f53dab99971884f4a97bea897d6a0ebb61dd1d6a65daf7b634f589941222e,/home/a/projects/Radiation_Research/radiation_shielding/Radiation-Shielding-Research/results/phase1/source_models/source_library_snapshot/photon_wall_simulation_core__9f2f53dab9997188.py,9f2f53dab99971884f4a97bea897d6a0ebb61dd1d6a65daf7b634f589941222e,True
6.55,6.65,6.6,0.0,0.0,0.0,PHOTON_NUMBER_PROBABILITY_MASS_PER_BIN,ENERGY_FLUENCE_MASS_PER_BIN,energy_fluence_mass_i = energy_center_MeV_i * probability_mass_bin_i,PROJECT_6MV_40x40,6MV_40x40,project_processed_from_Ding2002_Figure3_embedded,,,,,/home/a/projects/particle-accelerator-shielding-simulator/geant4sim/GUI/geant4GUI/photon_neutron_bpe_app/photon_wall_simulation_core.py,9f2f53dab99971884f4a97bea897d6a0ebb61dd1d6a65daf7b634f589941222e,/home/a/projects/Radiation_Research/radiation_shielding/Radiation-Shielding-Research/results/phase1/source_models/source_library_snapshot/photon_wall_simulation_core__9f2f53dab9997188.py,9f2f53dab99971884f4a97bea897d6a0ebb61dd1d6a65daf7b634f589941222e,True
6.65,6.75,6.7,0.0,0.0,0.0,PHOTON_NUMBER_PROBABILITY_MASS_PER_BIN,ENERGY_FLUENCE_MASS_PER_BIN,energy_fluence_mass_i = energy_center_MeV_i * probability_mass_bin_i,PROJECT_6MV_40x40,6MV_40x40,project_processed_from_Ding2002_Figure3_embedded,,,,,/home/a/projects/particle-accelerator-shielding-simulator/geant4sim/GUI/geant4GUI/photon_neutron_bpe_app/photon_wall_simulation_core.py,9f2f53dab99971884f4a97bea897d6a0ebb61dd1d6a65daf7b634f589941222e,/home/a/projects/Radiation_Research/radiation_shielding/Radiation-Shielding-Research/results/phase1/source_models/source_library_snapshot/photon_wall_simulation_core__9f2f53dab9997188.py,9f2f53dab99971884f4a97bea897d6a0ebb61dd1d6a65daf7b634f589941222e,True
6.75,6.85,6.8,0.0,0.0,0.0,PHOTON_NUMBER_PROBABILITY_MASS_PER_BIN,ENERGY_FLUENCE_MASS_PER_BIN,energy_fluence_mass_i = energy_center_MeV_i * probability_mass_bin_i,PROJECT_6MV_40x40,6MV_40x40,project_processed_from_Ding2002_Figure3_embedded,,,,,/home/a/projects/particle-accelerator-shielding-simulator/geant4sim/GUI/geant4GUI/photon_neutron_bpe_app/photon_wall_simulation_core.py,9f2f53dab99971884f4a97bea897d6a0ebb61dd1d6a65daf7b634f589941222e,/home/a/projects/Radiation_Research/radiation_shielding/Radiation-Shielding-Research/results/phase1/source_models/source_library_snapshot/photon_wall_simulation_core__9f2f53dab9997188.py,9f2f53dab99971884f4a97bea897d6a0ebb61dd1d6a65daf7b634f589941222e,True
6.85,6.95,6.9,0.0,0.0,0.0,PHOTON_NUMBER_PROBABILITY_MASS_PER_BIN,ENERGY_FLUENCE_MASS_PER_BIN,energy_fluence_mass_i = energy_center_MeV_i * probability_mass_bin_i,PROJECT_6MV_40x40,6MV_40x40,project_processed_from_Ding2002_Figure3_embedded,,,,,/home/a/projects/particle-accelerator-shielding-simulator/geant4sim/GUI/geant4GUI/photon_neutron_bpe_app/photon_wall_simulation_core.py,9f2f53dab99971884f4a97bea897d6a0ebb61dd1d6a65daf7b634f589941222e,/home/a/projects/Radiation_Research/radiation_shielding/Radiation-Shielding-Research/results/phase1/source_models/source_library_snapshot/photon_wall_simulation_core__9f2f53dab9997188.py,9f2f53dab99971884f4a97bea897d6a0ebb61dd1d6a65daf7b634f589941222e,True
6.95,7.05,7.0,0.0,0.0,0.0,PHOTON_NUMBER_PROBABILITY_MASS_PER_BIN,ENERGY_FLUENCE_MASS_PER_BIN,energy_fluence_mass_i = energy_center_MeV_i * probability_mass_bin_i,PROJECT_6MV_40x40,6MV_40x40,project_processed_from_Ding2002_Figure3_embedded,,,,,/home/a/projects/particle-accelerator-shielding-simulator/geant4sim/GUI/geant4GUI/photon_neutron_bpe_app/photon_wall_simulation_core.py,9f2f53dab99971884f4a97bea897d6a0ebb61dd1d6a65daf7b634f589941222e,/home/a/projects/Radiation_Research/radiation_shielding/Radiation-Shielding-Research/results/phase1/source_models/source_library_snapshot/photon_wall_simulation_core__9f2f53dab9997188.py,9f2f53dab99971884f4a97bea897d6a0ebb61dd1d6a65daf7b634f589941222e,True
7.05,7.15,7.1,0.0,0.0,0.0,PHOTON_NUMBER_PROBABILITY_MASS_PER_BIN,ENERGY_FLUENCE_MASS_PER_BIN,energy_fluence_mass_i = energy_center_MeV_i * probability_mass_bin_i,PROJECT_6MV_40x40,6MV_40x40,project_processed_from_Ding2002_Figure3_embedded,,,,,/home/a/projects/particle-accelerator-shielding-simulator/geant4sim/GUI/geant4GUI/photon_neutron_bpe_app/photon_wall_simulation_core.py,9f2f53dab99971884f4a97bea897d6a0ebb61dd1d6a65daf7b634f589941222e,/home/a/projects/Radiation_Research/radiation_shielding/Radiation-Shielding-Research/results/phase1/source_models/source_library_snapshot/photon_wall_simulation_core__9f2f53dab9997188.py,9f2f53dab99971884f4a97bea897d6a0ebb61dd1d6a65daf7b634f589941222e,True
7.15,7.25,7.2,0.0,0.0,0.0,PHOTON_NUMBER_PROBABILITY_MASS_PER_BIN,ENERGY_FLUENCE_MASS_PER_BIN,energy_fluence_mass_i = energy_center_MeV_i * probability_mass_bin_i,PROJECT_6MV_40x40,6MV_40x40,project_processed_from_Ding2002_Figure3_embedded,,,,,/home/a/projects/particle-accelerator-shielding-simulator/geant4sim/GUI/geant4GUI/photon_neutron_bpe_app/photon_wall_simulation_core.py,9f2f53dab99971884f4a97bea897d6a0ebb61dd1d6a65daf7b634f589941222e,/home/a/projects/Radiation_Research/radiation_shielding/Radiation-Shielding-Research/results/phase1/source_models/source_library_snapshot/photon_wall_simulation_core__9f2f53dab9997188.py,9f2f53dab99971884f4a97bea897d6a0ebb61dd1d6a65daf7b634f589941222e,True
7.25,7.35,7.3,0.0,0.0,0.0,PHOTON_NUMBER_PROBABILITY_MASS_PER_BIN,ENERGY_FLUENCE_MASS_PER_BIN,energy_fluence_mass_i = energy_center_MeV_i * probability_mass_bin_i,PROJECT_6MV_40x40,6MV_40x40,project_processed_from_Ding2002_Figure3_embedded,,,,,/home/a/projects/particle-accelerator-shielding-simulator/geant4sim/GUI/geant4GUI/photon_neutron_bpe_app/photon_wall_simulation_core.py,9f2f53dab99971884f4a97bea897d6a0ebb61dd1d6a65daf7b634f589941222e,/home/a/projects/Radiation_Research/radiation_shielding/Radiation-Shielding-Research/results/phase1/source_models/source_library_snapshot/photon_wall_simulation_core__9f2f53dab9997188.py,9f2f53dab99971884f4a97bea897d6a0ebb61dd1d6a65daf7b634f589941222e,True
7.35,7.45,7.4,0.0,0.0,0.0,PHOTON_NUMBER_PROBABILITY_MASS_PER_BIN,ENERGY_FLUENCE_MASS_PER_BIN,energy_fluence_mass_i = energy_center_MeV_i * probability_mass_bin_i,PROJECT_6MV_40x40,6MV_40x40,project_processed_from_Ding2002_Figure3_embedded,,,,,/home/a/projects/particle-accelerator-shielding-simulator/geant4sim/GUI/geant4GUI/photon_neutron_bpe_app/photon_wall_simulation_core.py,9f2f53dab99971884f4a97bea897d6a0ebb61dd1d6a65daf7b634f589941222e,/home/a/projects/Radiation_Research/radiation_shielding/Radiation-Shielding-Research/results/phase1/source_models/source_library_snapshot/photon_wall_simulation_core__9f2f53dab9997188.py,9f2f53dab99971884f4a97bea897d6a0ebb61dd1d6a65daf7b634f589941222e,True
7.45,7.55,7.5,0.0,0.0,0.0,PHOTON_NUMBER_PROBABILITY_MASS_PER_BIN,ENERGY_FLUENCE_MASS_PER_BIN,energy_fluence_mass_i = energy_center_MeV_i * probability_mass_bin_i,PROJECT_6MV_40x40,6MV_40x40,project_processed_from_Ding2002_Figure3_embedded,,,,,/home/a/projects/particle-accelerator-shielding-simulator/geant4sim/GUI/geant4GUI/photon_neutron_bpe_app/photon_wall_simulation_core.py,9f2f53dab99971884f4a97bea897d6a0ebb61dd1d6a65daf7b634f589941222e,/home/a/projects/Radiation_Research/radiation_shielding/Radiation-Shielding-Research/results/phase1/source_models/source_library_snapshot/photon_wall_simulation_core__9f2f53dab9997188.py,9f2f53dab99971884f4a97bea897d6a0ebb61dd1d6a65daf7b634f589941222e,True
7.55,7.65,7.6,0.0,0.0,0.0,PHOTON_NUMBER_PROBABILITY_MASS_PER_BIN,ENERGY_FLUENCE_MASS_PER_BIN,energy_fluence_mass_i = energy_center_MeV_i * probability_mass_bin_i,PROJECT_6MV_40x40,6MV_40x40,project_processed_from_Ding2002_Figure3_embedded,,,,,/home/a/projects/particle-accelerator-shielding-simulator/geant4sim/GUI/geant4GUI/photon_neutron_bpe_app/photon_wall_simulation_core.py,9f2f53dab99971884f4a97bea897d6a0ebb61dd1d6a65daf7b634f589941222e,/home/a/projects/Radiation_Research/radiation_shielding/Radiation-Shielding-Research/results/phase1/source_models/source_library_snapshot/photon_wall_simulation_core__9f2f53dab9997188.py,9f2f53dab99971884f4a97bea897d6a0ebb61dd1d6a65daf7b634f589941222e,True
7.65,7.75,7.7,0.0,0.0,0.0,PHOTON_NUMBER_PROBABILITY_MASS_PER_BIN,ENERGY_FLUENCE_MASS_PER_BIN,energy_fluence_mass_i = energy_center_MeV_i * probability_mass_bin_i,PROJECT_6MV_40x40,6MV_40x40,project_processed_from_Ding2002_Figure3_embedded,,,,,/home/a/projects/particle-accelerator-shielding-simulator/geant4sim/GUI/geant4GUI/photon_neutron_bpe_app/photon_wall_simulation_core.py,9f2f53dab99971884f4a97bea897d6a0ebb61dd1d6a65daf7b634f589941222e,/home/a/projects/Radiation_Research/radiation_shielding/Radiation-Shielding-Research/results/phase1/source_models/source_library_snapshot/photon_wall_simulation_core__9f2f53dab9997188.py,9f2f53dab99971884f4a97bea897d6a0ebb61dd1d6a65daf7b634f589941222e,True
7.75,7.85,7.8,0.0,0.0,0.0,PHOTON_NUMBER_PROBABILITY_MASS_PER_BIN,ENERGY_FLUENCE_MASS_PER_BIN,energy_fluence_mass_i = energy_center_MeV_i * probability_mass_bin_i,PROJECT_6MV_40x40,6MV_40x40,project_processed_from_Ding2002_Figure3_embedded,,,,,/home/a/projects/particle-accelerator-shielding-simulator/geant4sim/GUI/geant4GUI/photon_neutron_bpe_app/photon_wall_simulation_core.py,9f2f53dab99971884f4a97bea897d6a0ebb61dd1d6a65daf7b634f589941222e,/home/a/projects/Radiation_Research/radiation_shielding/Radiation-Shielding-Research/results/phase1/source_models/source_library_snapshot/photon_wall_simulation_core__9f2f53dab9997188.py,9f2f53dab99971884f4a97bea897d6a0ebb61dd1d6a65daf7b634f589941222e,True
7.85,7.95,7.9,0.0,0.0,0.0,PHOTON_NUMBER_PROBABILITY_MASS_PER_BIN,ENERGY_FLUENCE_MASS_PER_BIN,energy_fluence_mass_i = energy_center_MeV_i * probability_mass_bin_i,PROJECT_6MV_40x40,6MV_40x40,project_processed_from_Ding2002_Figure3_embedded,,,,,/home/a/projects/particle-accelerator-shielding-simulator/geant4sim/GUI/geant4GUI/photon_neutron_bpe_app/photon_wall_simulation_core.py,9f2f53dab99971884f4a97bea897d6a0ebb61dd1d6a65daf7b634f589941222e,/home/a/projects/Radiation_Research/radiation_shielding/Radiation-Shielding-Research/results/phase1/source_models/source_library_snapshot/photon_wall_simulation_core__9f2f53dab9997188.py,9f2f53dab99971884f4a97bea897d6a0ebb61dd1d6a65daf7b634f589941222e,True
7.95,8.05,8.0,0.0,0.0,0.0,PHOTON_NUMBER_PROBABILITY_MASS_PER_BIN,ENERGY_FLUENCE_MASS_PER_BIN,energy_fluence_mass_i = energy_center_MeV_i * probability_mass_bin_i,PROJECT_6MV_40x40,6MV_40x40,project_processed_from_Ding2002_Figure3_embedded,,,,,/home/a/projects/particle-accelerator-shielding-simulator/geant4sim/GUI/geant4GUI/photon_neutron_bpe_app/photon_wall_simulation_core.py,9f2f53dab99971884f4a97bea897d6a0ebb61dd1d6a65daf7b634f589941222e,/home/a/projects/Radiation_Research/radiation_shielding/Radiation-Shielding-Research/results/phase1/source_models/source_library_snapshot/photon_wall_simulation_core__9f2f53dab9997188.py,9f2f53dab99971884f4a97bea897d6a0ebb61dd1d6a65daf7b634f589941222e,True
8.05,8.149999999999999,8.1,0.0,0.0,0.0,PHOTON_NUMBER_PROBABILITY_MASS_PER_BIN,ENERGY_FLUENCE_MASS_PER_BIN,energy_fluence_mass_i = energy_center_MeV_i * probability_mass_bin_i,PROJECT_6MV_40x40,6MV_40x40,project_processed_from_Ding2002_Figure3_embedded,,,,,/home/a/projects/particle-accelerator-shielding-simulator/geant4sim/GUI/geant4GUI/photon_neutron_bpe_app/photon_wall_simulation_core.py,9f2f53dab99971884f4a97bea897d6a0ebb61dd1d6a65daf7b634f589941222e,/home/a/projects/Radiation_Research/radiation_shielding/Radiation-Shielding-Research/results/phase1/source_models/source_library_snapshot/photon_wall_simulation_core__9f2f53dab9997188.py,9f2f53dab99971884f4a97bea897d6a0ebb61dd1d6a65daf7b634f589941222e,True
8.149999999999999,8.25,8.2,0.0,0.0,0.0,PHOTON_NUMBER_PROBABILITY_MASS_PER_BIN,ENERGY_FLUENCE_MASS_PER_BIN,energy_fluence_mass_i = energy_center_MeV_i * probability_mass_bin_i,PROJECT_6MV_40x40,6MV_40x40,project_processed_from_Ding2002_Figure3_embedded,,,,,/home/a/projects/particle-accelerator-shielding-simulator/geant4sim/GUI/geant4GUI/photon_neutron_bpe_app/photon_wall_simulation_core.py,9f2f53dab99971884f4a97bea897d6a0ebb61dd1d6a65daf7b634f589941222e,/home/a/projects/Radiation_Research/radiation_shielding/Radiation-Shielding-Research/results/phase1/source_models/source_library_snapshot/photon_wall_simulation_core__9f2f53dab9997188.py,9f2f53dab99971884f4a97bea897d6a0ebb61dd1d6a65daf7b634f589941222e,True
8.25,8.350000000000001,8.3,0.0,0.0,0.0,PHOTON_NUMBER_PROBABILITY_MASS_PER_BIN,ENERGY_FLUENCE_MASS_PER_BIN,energy_fluence_mass_i = energy_center_MeV_i * probability_mass_bin_i,PROJECT_6MV_40x40,6MV_40x40,project_processed_from_Ding2002_Figure3_embedded,,,,,/home/a/projects/particle-accelerator-shielding-simulator/geant4sim/GUI/geant4GUI/photon_neutron_bpe_app/photon_wall_simulation_core.py,9f2f53dab99971884f4a97bea897d6a0ebb61dd1d6a65daf7b634f589941222e,/home/a/projects/Radiation_Research/radiation_shielding/Radiation-Shielding-Research/results/phase1/source_models/source_library_snapshot/photon_wall_simulation_core__9f2f53dab9997188.py,9f2f53dab99971884f4a97bea897d6a0ebb61dd1d6a65daf7b634f589941222e,True
8.350000000000001,8.45,8.4,0.0,0.0,0.0,PHOTON_NUMBER_PROBABILITY_MASS_PER_BIN,ENERGY_FLUENCE_MASS_PER_BIN,energy_fluence_mass_i = energy_center_MeV_i * probability_mass_bin_i,PROJECT_6MV_40x40,6MV_40x40,project_processed_from_Ding2002_Figure3_embedded,,,,,/home/a/projects/particle-accelerator-shielding-simulator/geant4sim/GUI/geant4GUI/photon_neutron_bpe_app/photon_wall_simulation_core.py,9f2f53dab99971884f4a97bea897d6a0ebb61dd1d6a65daf7b634f589941222e,/home/a/projects/Radiation_Research/radiation_shielding/Radiation-Shielding-Research/results/phase1/source_models/source_library_snapshot/photon_wall_simulation_core__9f2f53dab9997188.py,9f2f53dab99971884f4a97bea897d6a0ebb61dd1d6a65daf7b634f589941222e,True
8.45,8.55,8.5,0.0,0.0,0.0,PHOTON_NUMBER_PROBABILITY_MASS_PER_BIN,ENERGY_FLUENCE_MASS_PER_BIN,energy_fluence_mass_i = energy_center_MeV_i * probability_mass_bin_i,PROJECT_6MV_40x40,6MV_40x40,project_processed_from_Ding2002_Figure3_embedded,,,,,/home/a/projects/particle-accelerator-shielding-simulator/geant4sim/GUI/geant4GUI/photon_neutron_bpe_app/photon_wall_simulation_core.py,9f2f53dab99971884f4a97bea897d6a0ebb61dd1d6a65daf7b634f589941222e,/home/a/projects/Radiation_Research/radiation_shielding/Radiation-Shielding-Research/results/phase1/source_models/source_library_snapshot/photon_wall_simulation_core__9f2f53dab9997188.py,9f2f53dab99971884f4a97bea897d6a0ebb61dd1d6a65daf7b634f589941222e,True
8.55,8.649999999999999,8.6,0.0,0.0,0.0,PHOTON_NUMBER_PROBABILITY_MASS_PER_BIN,ENERGY_FLUENCE_MASS_PER_BIN,energy_fluence_mass_i = energy_center_MeV_i * probability_mass_bin_i,PROJECT_6MV_40x40,6MV_40x40,project_processed_from_Ding2002_Figure3_embedded,,,,,/home/a/projects/particle-accelerator-shielding-simulator/geant4sim/GUI/geant4GUI/photon_neutron_bpe_app/photon_wall_simulation_core.py,9f2f53dab99971884f4a97bea897d6a0ebb61dd1d6a65daf7b634f589941222e,/home/a/projects/Radiation_Research/radiation_shielding/Radiation-Shielding-Research/results/phase1/source_models/source_library_snapshot/photon_wall_simulation_core__9f2f53dab9997188.py,9f2f53dab99971884f4a97bea897d6a0ebb61dd1d6a65daf7b634f589941222e,True
8.649999999999999,8.75,8.7,0.0,0.0,0.0,PHOTON_NUMBER_PROBABILITY_MASS_PER_BIN,ENERGY_FLUENCE_MASS_PER_BIN,energy_fluence_mass_i = energy_center_MeV_i * probability_mass_bin_i,PROJECT_6MV_40x40,6MV_40x40,project_processed_from_Ding2002_Figure3_embedded,,,,,/home/a/projects/particle-accelerator-shielding-simulator/geant4sim/GUI/geant4GUI/photon_neutron_bpe_app/photon_wall_simulation_core.py,9f2f53dab99971884f4a97bea897d6a0ebb61dd1d6a65daf7b634f589941222e,/home/a/projects/Radiation_Research/radiation_shielding/Radiation-Shielding-Research/results/phase1/source_models/source_library_snapshot/photon_wall_simulation_core__9f2f53dab9997188.py,9f2f53dab99971884f4a97bea897d6a0ebb61dd1d6a65daf7b634f589941222e,True
8.75,8.850000000000001,8.8,0.0,0.0,0.0,PHOTON_NUMBER_PROBABILITY_MASS_PER_BIN,ENERGY_FLUENCE_MASS_PER_BIN,energy_fluence_mass_i = energy_center_MeV_i * probability_mass_bin_i,PROJECT_6MV_40x40,6MV_40x40,project_processed_from_Ding2002_Figure3_embedded,,,,,/home/a/projects/particle-accelerator-shielding-simulator/geant4sim/GUI/geant4GUI/photon_neutron_bpe_app/photon_wall_simulation_core.py,9f2f53dab99971884f4a97bea897d6a0ebb61dd1d6a65daf7b634f589941222e,/home/a/projects/Radiation_Research/radiation_shielding/Radiation-Shielding-Research/results/phase1/source_models/source_library_snapshot/photon_wall_simulation_core__9f2f53dab9997188.py,9f2f53dab99971884f4a97bea897d6a0ebb61dd1d6a65daf7b634f589941222e,True
8.850000000000001,8.95,8.9,0.0,0.0,0.0,PHOTON_NUMBER_PROBABILITY_MASS_PER_BIN,ENERGY_FLUENCE_MASS_PER_BIN,energy_fluence_mass_i = energy_center_MeV_i * probability_mass_bin_i,PROJECT_6MV_40x40,6MV_40x40,project_processed_from_Ding2002_Figure3_embedded,,,,,/home/a/projects/particle-accelerator-shielding-simulator/geant4sim/GUI/geant4GUI/photon_neutron_bpe_app/photon_wall_simulation_core.py,9f2f53dab99971884f4a97bea897d6a0ebb61dd1d6a65daf7b634f589941222e,/home/a/projects/Radiation_Research/radiation_shielding/Radiation-Shielding-Research/results/phase1/source_models/source_library_snapshot/photon_wall_simulation_core__9f2f53dab9997188.py,9f2f53dab99971884f4a97bea897d6a0ebb61dd1d6a65daf7b634f589941222e,True
8.95,9.05,9.0,0.0,0.0,0.0,PHOTON_NUMBER_PROBABILITY_MASS_PER_BIN,ENERGY_FLUENCE_MASS_PER_BIN,energy_fluence_mass_i = energy_center_MeV_i * probability_mass_bin_i,PROJECT_6MV_40x40,6MV_40x40,project_processed_from_Ding2002_Figure3_embedded,,,,,/home/a/projects/particle-accelerator-shielding-simulator/geant4sim/GUI/geant4GUI/photon_neutron_bpe_app/photon_wall_simulation_core.py,9f2f53dab99971884f4a97bea897d6a0ebb61dd1d6a65daf7b634f589941222e,/home/a/projects/Radiation_Research/radiation_shielding/Radiation-Shielding-Research/results/phase1/source_models/source_library_snapshot/photon_wall_simulation_core__9f2f53dab9997188.py,9f2f53dab99971884f4a97bea897d6a0ebb61dd1d6a65daf7b634f589941222e,True
9.05,9.149999999999999,9.1,0.0,0.0,0.0,PHOTON_NUMBER_PROBABILITY_MASS_PER_BIN,ENERGY_FLUENCE_MASS_PER_BIN,energy_fluence_mass_i = energy_center_MeV_i * probability_mass_bin_i,PROJECT_6MV_40x40,6MV_40x40,project_processed_from_Ding2002_Figure3_embedded,,,,,/home/a/projects/particle-accelerator-shielding-simulator/geant4sim/GUI/geant4GUI/photon_neutron_bpe_app/photon_wall_simulation_core.py,9f2f53dab99971884f4a97bea897d6a0ebb61dd1d6a65daf7b634f589941222e,/home/a/projects/Radiation_Research/radiation_shielding/Radiation-Shielding-Research/results/phase1/source_models/source_library_snapshot/photon_wall_simulation_core__9f2f53dab9997188.py,9f2f53dab99971884f4a97bea897d6a0ebb61dd1d6a65daf7b634f589941222e,True
9.149999999999999,9.25,9.2,0.0,0.0,0.0,PHOTON_NUMBER_PROBABILITY_MASS_PER_BIN,ENERGY_FLUENCE_MASS_PER_BIN,energy_fluence_mass_i = energy_center_MeV_i * probability_mass_bin_i,PROJECT_6MV_40x40,6MV_40x40,project_processed_from_Ding2002_Figure3_embedded,,,,,/home/a/projects/particle-accelerator-shielding-simulator/geant4sim/GUI/geant4GUI/photon_neutron_bpe_app/photon_wall_simulation_core.py,9f2f53dab99971884f4a97bea897d6a0ebb61dd1d6a65daf7b634f589941222e,/home/a/projects/Radiation_Research/radiation_shielding/Radiation-Shielding-Research/results/phase1/source_models/source_library_snapshot/photon_wall_simulation_core__9f2f53dab9997188.py,9f2f53dab99971884f4a97bea897d6a0ebb61dd1d6a65daf7b634f589941222e,True
9.25,9.350000000000001,9.3,0.0,0.0,0.0,PHOTON_NUMBER_PROBABILITY_MASS_PER_BIN,ENERGY_FLUENCE_MASS_PER_BIN,energy_fluence_mass_i = energy_center_MeV_i * probability_mass_bin_i,PROJECT_6MV_40x40,6MV_40x40,project_processed_from_Ding2002_Figure3_embedded,,,,,/home/a/projects/particle-accelerator-shielding-simulator/geant4sim/GUI/geant4GUI/photon_neutron_bpe_app/photon_wall_simulation_core.py,9f2f53dab99971884f4a97bea897d6a0ebb61dd1d6a65daf7b634f589941222e,/home/a/projects/Radiation_Research/radiation_shielding/Radiation-Shielding-Research/results/phase1/source_models/source_library_snapshot/photon_wall_simulation_core__9f2f53dab9997188.py,9f2f53dab99971884f4a97bea897d6a0ebb61dd1d6a65daf7b634f589941222e,True
9.350000000000001,9.45,9.4,0.0,0.0,0.0,PHOTON_NUMBER_PROBABILITY_MASS_PER_BIN,ENERGY_FLUENCE_MASS_PER_BIN,energy_fluence_mass_i = energy_center_MeV_i * probability_mass_bin_i,PROJECT_6MV_40x40,6MV_40x40,project_processed_from_Ding2002_Figure3_embedded,,,,,/home/a/projects/particle-accelerator-shielding-simulator/geant4sim/GUI/geant4GUI/photon_neutron_bpe_app/photon_wall_simulation_core.py,9f2f53dab99971884f4a97bea897d6a0ebb61dd1d6a65daf7b634f589941222e,/home/a/projects/Radiation_Research/radiation_shielding/Radiation-Shielding-Research/results/phase1/source_models/source_library_snapshot/photon_wall_simulation_core__9f2f53dab9997188.py,9f2f53dab99971884f4a97bea897d6a0ebb61dd1d6a65daf7b634f589941222e,True
9.45,9.55,9.5,0.0,0.0,0.0,PHOTON_NUMBER_PROBABILITY_MASS_PER_BIN,ENERGY_FLUENCE_MASS_PER_BIN,energy_fluence_mass_i = energy_center_MeV_i * probability_mass_bin_i,PROJECT_6MV_40x40,6MV_40x40,project_processed_from_Ding2002_Figure3_embedded,,,,,/home/a/projects/particle-accelerator-shielding-simulator/geant4sim/GUI/geant4GUI/photon_neutron_bpe_app/photon_wall_simulation_core.py,9f2f53dab99971884f4a97bea897d6a0ebb61dd1d6a65daf7b634f589941222e,/home/a/projects/Radiation_Research/radiation_shielding/Radiation-Shielding-Research/results/phase1/source_models/source_library_snapshot/photon_wall_simulation_core__9f2f53dab9997188.py,9f2f53dab99971884f4a97bea897d6a0ebb61dd1d6a65daf7b634f589941222e,True
9.55,9.649999999999999,9.6,0.0,0.0,0.0,PHOTON_NUMBER_PROBABILITY_MASS_PER_BIN,ENERGY_FLUENCE_MASS_PER_BIN,energy_fluence_mass_i = energy_center_MeV_i * probability_mass_bin_i,PROJECT_6MV_40x40,6MV_40x40,project_processed_from_Ding2002_Figure3_embedded,,,,,/home/a/projects/particle-accelerator-shielding-simulator/geant4sim/GUI/geant4GUI/photon_neutron_bpe_app/photon_wall_simulation_core.py,9f2f53dab99971884f4a97bea897d6a0ebb61dd1d6a65daf7b634f589941222e,/home/a/projects/Radiation_Research/radiation_shielding/Radiation-Shielding-Research/results/phase1/source_models/source_library_snapshot/photon_wall_simulation_core__9f2f53dab9997188.py,9f2f53dab99971884f4a97bea897d6a0ebb61dd1d6a65daf7b634f589941222e,True
9.649999999999999,9.75,9.7,0.0,0.0,0.0,PHOTON_NUMBER_PROBABILITY_MASS_PER_BIN,ENERGY_FLUENCE_MASS_PER_BIN,energy_fluence_mass_i = energy_center_MeV_i * probability_mass_bin_i,PROJECT_6MV_40x40,6MV_40x40,project_processed_from_Ding2002_Figure3_embedded,,,,,/home/a/projects/particle-accelerator-shielding-simulator/geant4sim/GUI/geant4GUI/photon_neutron_bpe_app/photon_wall_simulation_core.py,9f2f53dab99971884f4a97bea897d6a0ebb61dd1d6a65daf7b634f589941222e,/home/a/projects/Radiation_Research/radiation_shielding/Radiation-Shielding-Research/results/phase1/source_models/source_library_snapshot/photon_wall_simulation_core__9f2f53dab9997188.py,9f2f53dab99971884f4a97bea897d6a0ebb61dd1d6a65daf7b634f589941222e,True
9.75,9.850000000000001,9.8,0.0,0.0,0.0,PHOTON_NUMBER_PROBABILITY_MASS_PER_BIN,ENERGY_FLUENCE_MASS_PER_BIN,energy_fluence_mass_i = energy_center_MeV_i * probability_mass_bin_i,PROJECT_6MV_40x40,6MV_40x40,project_processed_from_Ding2002_Figure3_embedded,,,,,/home/a/projects/particle-accelerator-shielding-simulator/geant4sim/GUI/geant4GUI/photon_neutron_bpe_app/photon_wall_simulation_core.py,9f2f53dab99971884f4a97bea897d6a0ebb61dd1d6a65daf7b634f589941222e,/home/a/projects/Radiation_Research/radiation_shielding/Radiation-Shielding-Research/results/phase1/source_models/source_library_snapshot/photon_wall_simulation_core__9f2f53dab9997188.py,9f2f53dab99971884f4a97bea897d6a0ebb61dd1d6a65daf7b634f589941222e,True
9.850000000000001,9.95,9.9,0.0,0.0,0.0,PHOTON_NUMBER_PROBABILITY_MASS_PER_BIN,ENERGY_FLUENCE_MASS_PER_BIN,energy_fluence_mass_i = energy_center_MeV_i * probability_mass_bin_i,PROJECT_6MV_40x40,6MV_40x40,project_processed_from_Ding2002_Figure3_embedded,,,,,/home/a/projects/particle-accelerator-shielding-simulator/geant4sim/GUI/geant4GUI/photon_neutron_bpe_app/photon_wall_simulation_core.py,9f2f53dab99971884f4a97bea897d6a0ebb61dd1d6a65daf7b634f589941222e,/home/a/projects/Radiation_Research/radiation_shielding/Radiation-Shielding-Research/results/phase1/source_models/source_library_snapshot/photon_wall_simulation_core__9f2f53dab9997188.py,9f2f53dab99971884f4a97bea897d6a0ebb61dd1d6a65daf7b634f589941222e,True
9.95,10.05,10.0,0.0,0.0,0.0,PHOTON_NUMBER_PROBABILITY_MASS_PER_BIN,ENERGY_FLUENCE_MASS_PER_BIN,energy_fluence_mass_i = energy_center_MeV_i * probability_mass_bin_i,PROJECT_6MV_40x40,6MV_40x40,project_processed_from_Ding2002_Figure3_embedded,,,,,/home/a/projects/particle-accelerator-shielding-simulator/geant4sim/GUI/geant4GUI/photon_neutron_bpe_app/photon_wall_simulation_core.py,9f2f53dab99971884f4a97bea897d6a0ebb61dd1d6a65daf7b634f589941222e,/home/a/projects/Radiation_Research/radiation_shielding/Radiation-Shielding-Research/results/phase1/source_models/source_library_snapshot/photon_wall_simulation_core__9f2f53dab9997188.py,9f2f53dab99971884f4a97bea897d6a0ebb61dd1d6a65daf7b634f589941222e,True
10.05,10.149999999999999,10.1,0.0,0.0,0.0,PHOTON_NUMBER_PROBABILITY_MASS_PER_BIN,ENERGY_FLUENCE_MASS_PER_BIN,energy_fluence_mass_i = energy_center_MeV_i * probability_mass_bin_i,PROJECT_6MV_40x40,6MV_40x40,project_processed_from_Ding2002_Figure3_embedded,,,,,/home/a/projects/particle-accelerator-shielding-simulator/geant4sim/GUI/geant4GUI/photon_neutron_bpe_app/photon_wall_simulation_core.py,9f2f53dab99971884f4a97bea897d6a0ebb61dd1d6a65daf7b634f589941222e,/home/a/projects/Radiation_Research/radiation_shielding/Radiation-Shielding-Research/results/phase1/source_models/source_library_snapshot/photon_wall_simulation_core__9f2f53dab9997188.py,9f2f53dab99971884f4a97bea897d6a0ebb61dd1d6a65daf7b634f589941222e,True
10.149999999999999,10.25,10.2,0.0,0.0,0.0,PHOTON_NUMBER_PROBABILITY_MASS_PER_BIN,ENERGY_FLUENCE_MASS_PER_BIN,energy_fluence_mass_i = energy_center_MeV_i * probability_mass_bin_i,PROJECT_6MV_40x40,6MV_40x40,project_processed_from_Ding2002_Figure3_embedded,,,,,/home/a/projects/particle-accelerator-shielding-simulator/geant4sim/GUI/geant4GUI/photon_neutron_bpe_app/photon_wall_simulation_core.py,9f2f53dab99971884f4a97bea897d6a0ebb61dd1d6a65daf7b634f589941222e,/home/a/projects/Radiation_Research/radiation_shielding/Radiation-Shielding-Research/results/phase1/source_models/source_library_snapshot/photon_wall_simulation_core__9f2f53dab9997188.py,9f2f53dab99971884f4a97bea897d6a0ebb61dd1d6a65daf7b634f589941222e,True
10.25,10.350000000000001,10.3,0.0,0.0,0.0,PHOTON_NUMBER_PROBABILITY_MASS_PER_BIN,ENERGY_FLUENCE_MASS_PER_BIN,energy_fluence_mass_i = energy_center_MeV_i * probability_mass_bin_i,PROJECT_6MV_40x40,6MV_40x40,project_processed_from_Ding2002_Figure3_embedded,,,,,/home/a/projects/particle-accelerator-shielding-simulator/geant4sim/GUI/geant4GUI/photon_neutron_bpe_app/photon_wall_simulation_core.py,9f2f53dab99971884f4a97bea897d6a0ebb61dd1d6a65daf7b634f589941222e,/home/a/projects/Radiation_Research/radiation_shielding/Radiation-Shielding-Research/results/phase1/source_models/source_library_snapshot/photon_wall_simulation_core__9f2f53dab9997188.py,9f2f53dab99971884f4a97bea897d6a0ebb61dd1d6a65daf7b634f589941222e,True
10.350000000000001,10.45,10.4,0.0,0.0,0.0,PHOTON_NUMBER_PROBABILITY_MASS_PER_BIN,ENERGY_FLUENCE_MASS_PER_BIN,energy_fluence_mass_i = energy_center_MeV_i * probability_mass_bin_i,PROJECT_6MV_40x40,6MV_40x40,project_processed_from_Ding2002_Figure3_embedded,,,,,/home/a/projects/particle-accelerator-shielding-simulator/geant4sim/GUI/geant4GUI/photon_neutron_bpe_app/photon_wall_simulation_core.py,9f2f53dab99971884f4a97bea897d6a0ebb61dd1d6a65daf7b634f589941222e,/home/a/projects/Radiation_Research/radiation_shielding/Radiation-Shielding-Research/results/phase1/source_models/source_library_snapshot/photon_wall_simulation_core__9f2f53dab9997188.py,9f2f53dab99971884f4a97bea897d6a0ebb61dd1d6a65daf7b634f589941222e,True
10.45,10.55,10.5,0.0,0.0,0.0,PHOTON_NUMBER_PROBABILITY_MASS_PER_BIN,ENERGY_FLUENCE_MASS_PER_BIN,energy_fluence_mass_i = energy_center_MeV_i * probability_mass_bin_i,PROJECT_6MV_40x40,6MV_40x40,project_processed_from_Ding2002_Figure3_embedded,,,,,/home/a/projects/particle-accelerator-shielding-simulator/geant4sim/GUI/geant4GUI/photon_neutron_bpe_app/photon_wall_simulation_core.py,9f2f53dab99971884f4a97bea897d6a0ebb61dd1d6a65daf7b634f589941222e,/home/a/projects/Radiation_Research/radiation_shielding/Radiation-Shielding-Research/results/phase1/source_models/source_library_snapshot/photon_wall_simulation_core__9f2f53dab9997188.py,9f2f53dab99971884f4a97bea897d6a0ebb61dd1d6a65daf7b634f589941222e,True
10.55,10.649999999999999,10.6,0.0,0.0,0.0,PHOTON_NUMBER_PROBABILITY_MASS_PER_BIN,ENERGY_FLUENCE_MASS_PER_BIN,energy_fluence_mass_i = energy_center_MeV_i * probability_mass_bin_i,PROJECT_6MV_40x40,6MV_40x40,project_processed_from_Ding2002_Figure3_embedded,,,,,/home/a/projects/particle-accelerator-shielding-simulator/geant4sim/GUI/geant4GUI/photon_neutron_bpe_app/photon_wall_simulation_core.py,9f2f53dab99971884f4a97bea897d6a0ebb61dd1d6a65daf7b634f589941222e,/home/a/projects/Radiation_Research/radiation_shielding/Radiation-Shielding-Research/results/phase1/source_models/source_library_snapshot/photon_wall_simulation_core__9f2f53dab9997188.py,9f2f53dab99971884f4a97bea897d6a0ebb61dd1d6a65daf7b634f589941222e,True
10.649999999999999,10.75,10.7,0.0,0.0,0.0,PHOTON_NUMBER_PROBABILITY_MASS_PER_BIN,ENERGY_FLUENCE_MASS_PER_BIN,energy_fluence_mass_i = energy_center_MeV_i * probability_mass_bin_i,PROJECT_6MV_40x40,6MV_40x40,project_processed_from_Ding2002_Figure3_embedded,,,,,/home/a/projects/particle-accelerator-shielding-simulator/geant4sim/GUI/geant4GUI/photon_neutron_bpe_app/photon_wall_simulation_core.py,9f2f53dab99971884f4a97bea897d6a0ebb61dd1d6a65daf7b634f589941222e,/home/a/projects/Radiation_Research/radiation_shielding/Radiation-Shielding-Research/results/phase1/source_models/source_library_snapshot/photon_wall_simulation_core__9f2f53dab9997188.py,9f2f53dab99971884f4a97bea897d6a0ebb61dd1d6a65daf7b634f589941222e,True
10.75,10.850000000000001,10.8,0.0,0.0,0.0,PHOTON_NUMBER_PROBABILITY_MASS_PER_BIN,ENERGY_FLUENCE_MASS_PER_BIN,energy_fluence_mass_i = energy_center_MeV_i * probability_mass_bin_i,PROJECT_6MV_40x40,6MV_40x40,project_processed_from_Ding2002_Figure3_embedded,,,,,/home/a/projects/particle-accelerator-shielding-simulator/geant4sim/GUI/geant4GUI/photon_neutron_bpe_app/photon_wall_simulation_core.py,9f2f53dab99971884f4a97bea897d6a0ebb61dd1d6a65daf7b634f589941222e,/home/a/projects/Radiation_Research/radiation_shielding/Radiation-Shielding-Research/results/phase1/source_models/source_library_snapshot/photon_wall_simulation_core__9f2f53dab9997188.py,9f2f53dab99971884f4a97bea897d6a0ebb61dd1d6a65daf7b634f589941222e,True
10.850000000000001,10.95,10.9,0.0,0.0,0.0,PHOTON_NUMBER_PROBABILITY_MASS_PER_BIN,ENERGY_FLUENCE_MASS_PER_BIN,energy_fluence_mass_i = energy_center_MeV_i * probability_mass_bin_i,PROJECT_6MV_40x40,6MV_40x40,project_processed_from_Ding2002_Figure3_embedded,,,,,/home/a/projects/particle-accelerator-shielding-simulator/geant4sim/GUI/geant4GUI/photon_neutron_bpe_app/photon_wall_simulation_core.py,9f2f53dab99971884f4a97bea897d6a0ebb61dd1d6a65daf7b634f589941222e,/home/a/projects/Radiation_Research/radiation_shielding/Radiation-Shielding-Research/results/phase1/source_models/source_library_snapshot/photon_wall_simulation_core__9f2f53dab9997188.py,9f2f53dab99971884f4a97bea897d6a0ebb61dd1d6a65daf7b634f589941222e,True
10.95,11.05,11.0,0.0,0.0,0.0,PHOTON_NUMBER_PROBABILITY_MASS_PER_BIN,ENERGY_FLUENCE_MASS_PER_BIN,energy_fluence_mass_i = energy_center_MeV_i * probability_mass_bin_i,PROJECT_6MV_40x40,6MV_40x40,project_processed_from_Ding2002_Figure3_embedded,,,,,/home/a/projects/particle-accelerator-shielding-simulator/geant4sim/GUI/geant4GUI/photon_neutron_bpe_app/photon_wall_simulation_core.py,9f2f53dab99971884f4a97bea897d6a0ebb61dd1d6a65daf7b634f589941222e,/home/a/projects/Radiation_Research/radiation_shielding/Radiation-Shielding-Research/results/phase1/source_models/source_library_snapshot/photon_wall_simulation_core__9f2f53dab9997188.py,9f2f53dab99971884f4a97bea897d6a0ebb61dd1d6a65daf7b634f589941222e,True
11.05,11.149999999999999,11.1,0.0,0.0,0.0,PHOTON_NUMBER_PROBABILITY_MASS_PER_BIN,ENERGY_FLUENCE_MASS_PER_BIN,energy_fluence_mass_i = energy_center_MeV_i * probability_mass_bin_i,PROJECT_6MV_40x40,6MV_40x40,project_processed_from_Ding2002_Figure3_embedded,,,,,/home/a/projects/particle-accelerator-shielding-simulator/geant4sim/GUI/geant4GUI/photon_neutron_bpe_app/photon_wall_simulation_core.py,9f2f53dab99971884f4a97bea897d6a0ebb61dd1d6a65daf7b634f589941222e,/home/a/projects/Radiation_Research/radiation_shielding/Radiation-Shielding-Research/results/phase1/source_models/source_library_snapshot/photon_wall_simulation_core__9f2f53dab9997188.py,9f2f53dab99971884f4a97bea897d6a0ebb61dd1d6a65daf7b634f589941222e,True
11.149999999999999,11.25,11.2,0.0,0.0,0.0,PHOTON_NUMBER_PROBABILITY_MASS_PER_BIN,ENERGY_FLUENCE_MASS_PER_BIN,energy_fluence_mass_i = energy_center_MeV_i * probability_mass_bin_i,PROJECT_6MV_40x40,6MV_40x40,project_processed_from_Ding2002_Figure3_embedded,,,,,/home/a/projects/particle-accelerator-shielding-simulator/geant4sim/GUI/geant4GUI/photon_neutron_bpe_app/photon_wall_simulation_core.py,9f2f53dab99971884f4a97bea897d6a0ebb61dd1d6a65daf7b634f589941222e,/home/a/projects/Radiation_Research/radiation_shielding/Radiation-Shielding-Research/results/phase1/source_models/source_library_snapshot/photon_wall_simulation_core__9f2f53dab9997188.py,9f2f53dab99971884f4a97bea897d6a0ebb61dd1d6a65daf7b634f589941222e,True
11.25,11.350000000000001,11.3,0.0,0.0,0.0,PHOTON_NUMBER_PROBABILITY_MASS_PER_BIN,ENERGY_FLUENCE_MASS_PER_BIN,energy_fluence_mass_i = energy_center_MeV_i * probability_mass_bin_i,PROJECT_6MV_40x40,6MV_40x40,project_processed_from_Ding2002_Figure3_embedded,,,,,/home/a/projects/particle-accelerator-shielding-simulator/geant4sim/GUI/geant4GUI/photon_neutron_bpe_app/photon_wall_simulation_core.py,9f2f53dab99971884f4a97bea897d6a0ebb61dd1d6a65daf7b634f589941222e,/home/a/projects/Radiation_Research/radiation_shielding/Radiation-Shielding-Research/results/phase1/source_models/source_library_snapshot/photon_wall_simulation_core__9f2f53dab9997188.py,9f2f53dab99971884f4a97bea897d6a0ebb61dd1d6a65daf7b634f589941222e,True
11.350000000000001,11.45,11.4,0.0,0.0,0.0,PHOTON_NUMBER_PROBABILITY_MASS_PER_BIN,ENERGY_FLUENCE_MASS_PER_BIN,energy_fluence_mass_i = energy_center_MeV_i * probability_mass_bin_i,PROJECT_6MV_40x40,6MV_40x40,project_processed_from_Ding2002_Figure3_embedded,,,,,/home/a/projects/particle-accelerator-shielding-simulator/geant4sim/GUI/geant4GUI/photon_neutron_bpe_app/photon_wall_simulation_core.py,9f2f53dab99971884f4a97bea897d6a0ebb61dd1d6a65daf7b634f589941222e,/home/a/projects/Radiation_Research/radiation_shielding/Radiation-Shielding-Research/results/phase1/source_models/source_library_snapshot/photon_wall_simulation_core__9f2f53dab9997188.py,9f2f53dab99971884f4a97bea897d6a0ebb61dd1d6a65daf7b634f589941222e,True
11.45,11.55,11.5,0.0,0.0,0.0,PHOTON_NUMBER_PROBABILITY_MASS_PER_BIN,ENERGY_FLUENCE_MASS_PER_BIN,energy_fluence_mass_i = energy_center_MeV_i * probability_mass_bin_i,PROJECT_6MV_40x40,6MV_40x40,project_processed_from_Ding2002_Figure3_embedded,,,,,/home/a/projects/particle-accelerator-shielding-simulator/geant4sim/GUI/geant4GUI/photon_neutron_bpe_app/photon_wall_simulation_core.py,9f2f53dab99971884f4a97bea897d6a0ebb61dd1d6a65daf7b634f589941222e,/home/a/projects/Radiation_Research/radiation_shielding/Radiation-Shielding-Research/results/phase1/source_models/source_library_snapshot/photon_wall_simulation_core__9f2f53dab9997188.py,9f2f53dab99971884f4a97bea897d6a0ebb61dd1d6a65daf7b634f589941222e,True
11.55,11.649999999999999,11.6,0.0,0.0,0.0,PHOTON_NUMBER_PROBABILITY_MASS_PER_BIN,ENERGY_FLUENCE_MASS_PER_BIN,energy_fluence_mass_i = energy_center_MeV_i * probability_mass_bin_i,PROJECT_6MV_40x40,6MV_40x40,project_processed_from_Ding2002_Figure3_embedded,,,,,/home/a/projects/particle-accelerator-shielding-simulator/geant4sim/GUI/geant4GUI/photon_neutron_bpe_app/photon_wall_simulation_core.py,9f2f53dab99971884f4a97bea897d6a0ebb61dd1d6a65daf7b634f589941222e,/home/a/projects/Radiation_Research/radiation_shielding/Radiation-Shielding-Research/results/phase1/source_models/source_library_snapshot/photon_wall_simulation_core__9f2f53dab9997188.py,9f2f53dab99971884f4a97bea897d6a0ebb61dd1d6a65daf7b634f589941222e,True
11.649999999999999,11.75,11.7,0.0,0.0,0.0,PHOTON_NUMBER_PROBABILITY_MASS_PER_BIN,ENERGY_FLUENCE_MASS_PER_BIN,energy_fluence_mass_i = energy_center_MeV_i * probability_mass_bin_i,PROJECT_6MV_40x40,6MV_40x40,project_processed_from_Ding2002_Figure3_embedded,,,,,/home/a/projects/particle-accelerator-shielding-simulator/geant4sim/GUI/geant4GUI/photon_neutron_bpe_app/photon_wall_simulation_core.py,9f2f53dab99971884f4a97bea897d6a0ebb61dd1d6a65daf7b634f589941222e,/home/a/projects/Radiation_Research/radiation_shielding/Radiation-Shielding-Research/results/phase1/source_models/source_library_snapshot/photon_wall_simulation_core__9f2f53dab9997188.py,9f2f53dab99971884f4a97bea897d6a0ebb61dd1d6a65daf7b634f589941222e,True
11.75,11.850000000000001,11.8,0.0,0.0,0.0,PHOTON_NUMBER_PROBABILITY_MASS_PER_BIN,ENERGY_FLUENCE_MASS_PER_BIN,energy_fluence_mass_i = energy_center_MeV_i * probability_mass_bin_i,PROJECT_6MV_40x40,6MV_40x40,project_processed_from_Ding2002_Figure3_embedded,,,,,/home/a/projects/particle-accelerator-shielding-simulator/geant4sim/GUI/geant4GUI/photon_neutron_bpe_app/photon_wall_simulation_core.py,9f2f53dab99971884f4a97bea897d6a0ebb61dd1d6a65daf7b634f589941222e,/home/a/projects/Radiation_Research/radiation_shielding/Radiation-Shielding-Research/results/phase1/source_models/source_library_snapshot/photon_wall_simulation_core__9f2f53dab9997188.py,9f2f53dab99971884f4a97bea897d6a0ebb61dd1d6a65daf7b634f589941222e,True
11.850000000000001,11.95,11.9,0.0,0.0,0.0,PHOTON_NUMBER_PROBABILITY_MASS_PER_BIN,ENERGY_FLUENCE_MASS_PER_BIN,energy_fluence_mass_i = energy_center_MeV_i * probability_mass_bin_i,PROJECT_6MV_40x40,6MV_40x40,project_processed_from_Ding2002_Figure3_embedded,,,,,/home/a/projects/particle-accelerator-shielding-simulator/geant4sim/GUI/geant4GUI/photon_neutron_bpe_app/photon_wall_simulation_core.py,9f2f53dab99971884f4a97bea897d6a0ebb61dd1d6a65daf7b634f589941222e,/home/a/projects/Radiation_Research/radiation_shielding/Radiation-Shielding-Research/results/phase1/source_models/source_library_snapshot/photon_wall_simulation_core__9f2f53dab9997188.py,9f2f53dab99971884f4a97bea897d6a0ebb61dd1d6a65daf7b634f589941222e,True
11.95,12.05,12.0,0.0,0.0,0.0,PHOTON_NUMBER_PROBABILITY_MASS_PER_BIN,ENERGY_FLUENCE_MASS_PER_BIN,energy_fluence_mass_i = energy_center_MeV_i * probability_mass_bin_i,PROJECT_6MV_40x40,6MV_40x40,project_processed_from_Ding2002_Figure3_embedded,,,,,/home/a/projects/particle-accelerator-shielding-simulator/geant4sim/GUI/geant4GUI/photon_neutron_bpe_app/photon_wall_simulation_core.py,9f2f53dab99971884f4a97bea897d6a0ebb61dd1d6a65daf7b634f589941222e,/home/a/projects/Radiation_Research/radiation_shielding/Radiation-Shielding-Research/results/phase1/source_models/source_library_snapshot/photon_wall_simulation_core__9f2f53dab9997188.py,9f2f53dab99971884f4a97bea897d6a0ebb61dd1d6a65daf7b634f589941222e,True
12.05,12.149999999999999,12.1,0.0,0.0,0.0,PHOTON_NUMBER_PROBABILITY_MASS_PER_BIN,ENERGY_FLUENCE_MASS_PER_BIN,energy_fluence_mass_i = energy_center_MeV_i * probability_mass_bin_i,PROJECT_6MV_40x40,6MV_40x40,project_processed_from_Ding2002_Figure3_embedded,,,,,/home/a/projects/particle-accelerator-shielding-simulator/geant4sim/GUI/geant4GUI/photon_neutron_bpe_app/photon_wall_simulation_core.py,9f2f53dab99971884f4a97bea897d6a0ebb61dd1d6a65daf7b634f589941222e,/home/a/projects/Radiation_Research/radiation_shielding/Radiation-Shielding-Research/results/phase1/source_models/source_library_snapshot/photon_wall_simulation_core__9f2f53dab9997188.py,9f2f53dab99971884f4a97bea897d6a0ebb61dd1d6a65daf7b634f589941222e,True
12.149999999999999,12.25,12.2,0.0,0.0,0.0,PHOTON_NUMBER_PROBABILITY_MASS_PER_BIN,ENERGY_FLUENCE_MASS_PER_BIN,energy_fluence_mass_i = energy_center_MeV_i * probability_mass_bin_i,PROJECT_6MV_40x40,6MV_40x40,project_processed_from_Ding2002_Figure3_embedded,,,,,/home/a/projects/particle-accelerator-shielding-simulator/geant4sim/GUI/geant4GUI/photon_neutron_bpe_app/photon_wall_simulation_core.py,9f2f53dab99971884f4a97bea897d6a0ebb61dd1d6a65daf7b634f589941222e,/home/a/projects/Radiation_Research/radiation_shielding/Radiation-Shielding-Research/results/phase1/source_models/source_library_snapshot/photon_wall_simulation_core__9f2f53dab9997188.py,9f2f53dab99971884f4a97bea897d6a0ebb61dd1d6a65daf7b634f589941222e,True
12.25,12.350000000000001,12.3,0.0,0.0,0.0,PHOTON_NUMBER_PROBABILITY_MASS_PER_BIN,ENERGY_FLUENCE_MASS_PER_BIN,energy_fluence_mass_i = energy_center_MeV_i * probability_mass_bin_i,PROJECT_6MV_40x40,6MV_40x40,project_processed_from_Ding2002_Figure3_embedded,,,,,/home/a/projects/particle-accelerator-shielding-simulator/geant4sim/GUI/geant4GUI/photon_neutron_bpe_app/photon_wall_simulation_core.py,9f2f53dab99971884f4a97bea897d6a0ebb61dd1d6a65daf7b634f589941222e,/home/a/projects/Radiation_Research/radiation_shielding/Radiation-Shielding-Research/results/phase1/source_models/source_library_snapshot/photon_wall_simulation_core__9f2f53dab9997188.py,9f2f53dab99971884f4a97bea897d6a0ebb61dd1d6a65daf7b634f589941222e,True
12.350000000000001,12.45,12.4,0.0,0.0,0.0,PHOTON_NUMBER_PROBABILITY_MASS_PER_BIN,ENERGY_FLUENCE_MASS_PER_BIN,energy_fluence_mass_i = energy_center_MeV_i * probability_mass_bin_i,PROJECT_6MV_40x40,6MV_40x40,project_processed_from_Ding2002_Figure3_embedded,,,,,/home/a/projects/particle-accelerator-shielding-simulator/geant4sim/GUI/geant4GUI/photon_neutron_bpe_app/photon_wall_simulation_core.py,9f2f53dab99971884f4a97bea897d6a0ebb61dd1d6a65daf7b634f589941222e,/home/a/projects/Radiation_Research/radiation_shielding/Radiation-Shielding-Research/results/phase1/source_models/source_library_snapshot/photon_wall_simulation_core__9f2f53dab9997188.py,9f2f53dab99971884f4a97bea897d6a0ebb61dd1d6a65daf7b634f589941222e,True
12.45,12.55,12.5,0.0,0.0,0.0,PHOTON_NUMBER_PROBABILITY_MASS_PER_BIN,ENERGY_FLUENCE_MASS_PER_BIN,energy_fluence_mass_i = energy_center_MeV_i * probability_mass_bin_i,PROJECT_6MV_40x40,6MV_40x40,project_processed_from_Ding2002_Figure3_embedded,,,,,/home/a/projects/particle-accelerator-shielding-simulator/geant4sim/GUI/geant4GUI/photon_neutron_bpe_app/photon_wall_simulation_core.py,9f2f53dab99971884f4a97bea897d6a0ebb61dd1d6a65daf7b634f589941222e,/home/a/projects/Radiation_Research/radiation_shielding/Radiation-Shielding-Research/results/phase1/source_models/source_library_snapshot/photon_wall_simulation_core__9f2f53dab9997188.py,9f2f53dab99971884f4a97bea897d6a0ebb61dd1d6a65daf7b634f589941222e,True
12.55,12.649999999999999,12.6,0.0,0.0,0.0,PHOTON_NUMBER_PROBABILITY_MASS_PER_BIN,ENERGY_FLUENCE_MASS_PER_BIN,energy_fluence_mass_i = energy_center_MeV_i * probability_mass_bin_i,PROJECT_6MV_40x40,6MV_40x40,project_processed_from_Ding2002_Figure3_embedded,,,,,/home/a/projects/particle-accelerator-shielding-simulator/geant4sim/GUI/geant4GUI/photon_neutron_bpe_app/photon_wall_simulation_core.py,9f2f53dab99971884f4a97bea897d6a0ebb61dd1d6a65daf7b634f589941222e,/home/a/projects/Radiation_Research/radiation_shielding/Radiation-Shielding-Research/results/phase1/source_models/source_library_snapshot/photon_wall_simulation_core__9f2f53dab9997188.py,9f2f53dab99971884f4a97bea897d6a0ebb61dd1d6a65daf7b634f589941222e,True
12.649999999999999,12.75,12.7,0.0,0.0,0.0,PHOTON_NUMBER_PROBABILITY_MASS_PER_BIN,ENERGY_FLUENCE_MASS_PER_BIN,energy_fluence_mass_i = energy_center_MeV_i * probability_mass_bin_i,PROJECT_6MV_40x40,6MV_40x40,project_processed_from_Ding2002_Figure3_embedded,,,,,/home/a/projects/particle-accelerator-shielding-simulator/geant4sim/GUI/geant4GUI/photon_neutron_bpe_app/photon_wall_simulation_core.py,9f2f53dab99971884f4a97bea897d6a0ebb61dd1d6a65daf7b634f589941222e,/home/a/projects/Radiation_Research/radiation_shielding/Radiation-Shielding-Research/results/phase1/source_models/source_library_snapshot/photon_wall_simulation_core__9f2f53dab9997188.py,9f2f53dab99971884f4a97bea897d6a0ebb61dd1d6a65daf7b634f589941222e,True
12.75,12.850000000000001,12.8,0.0,0.0,0.0,PHOTON_NUMBER_PROBABILITY_MASS_PER_BIN,ENERGY_FLUENCE_MASS_PER_BIN,energy_fluence_mass_i = energy_center_MeV_i * probability_mass_bin_i,PROJECT_6MV_40x40,6MV_40x40,project_processed_from_Ding2002_Figure3_embedded,,,,,/home/a/projects/particle-accelerator-shielding-simulator/geant4sim/GUI/geant4GUI/photon_neutron_bpe_app/photon_wall_simulation_core.py,9f2f53dab99971884f4a97bea897d6a0ebb61dd1d6a65daf7b634f589941222e,/home/a/projects/Radiation_Research/radiation_shielding/Radiation-Shielding-Research/results/phase1/source_models/source_library_snapshot/photon_wall_simulation_core__9f2f53dab9997188.py,9f2f53dab99971884f4a97bea897d6a0ebb61dd1d6a65daf7b634f589941222e,True
12.850000000000001,12.95,12.9,0.0,0.0,0.0,PHOTON_NUMBER_PROBABILITY_MASS_PER_BIN,ENERGY_FLUENCE_MASS_PER_BIN,energy_fluence_mass_i = energy_center_MeV_i * probability_mass_bin_i,PROJECT_6MV_40x40,6MV_40x40,project_processed_from_Ding2002_Figure3_embedded,,,,,/home/a/projects/particle-accelerator-shielding-simulator/geant4sim/GUI/geant4GUI/photon_neutron_bpe_app/photon_wall_simulation_core.py,9f2f53dab99971884f4a97bea897d6a0ebb61dd1d6a65daf7b634f589941222e,/home/a/projects/Radiation_Research/radiation_shielding/Radiation-Shielding-Research/results/phase1/source_models/source_library_snapshot/photon_wall_simulation_core__9f2f53dab9997188.py,9f2f53dab99971884f4a97bea897d6a0ebb61dd1d6a65daf7b634f589941222e,True
12.95,13.05,13.0,0.0,0.0,0.0,PHOTON_NUMBER_PROBABILITY_MASS_PER_BIN,ENERGY_FLUENCE_MASS_PER_BIN,energy_fluence_mass_i = energy_center_MeV_i * probability_mass_bin_i,PROJECT_6MV_40x40,6MV_40x40,project_processed_from_Ding2002_Figure3_embedded,,,,,/home/a/projects/particle-accelerator-shielding-simulator/geant4sim/GUI/geant4GUI/photon_neutron_bpe_app/photon_wall_simulation_core.py,9f2f53dab99971884f4a97bea897d6a0ebb61dd1d6a65daf7b634f589941222e,/home/a/projects/Radiation_Research/radiation_shielding/Radiation-Shielding-Research/results/phase1/source_models/source_library_snapshot/photon_wall_simulation_core__9f2f53dab9997188.py,9f2f53dab99971884f4a97bea897d6a0ebb61dd1d6a65daf7b634f589941222e,True
13.05,13.149999999999999,13.1,0.0,0.0,0.0,PHOTON_NUMBER_PROBABILITY_MASS_PER_BIN,ENERGY_FLUENCE_MASS_PER_BIN,energy_fluence_mass_i = energy_center_MeV_i * probability_mass_bin_i,PROJECT_6MV_40x40,6MV_40x40,project_processed_from_Ding2002_Figure3_embedded,,,,,/home/a/projects/particle-accelerator-shielding-simulator/geant4sim/GUI/geant4GUI/photon_neutron_bpe_app/photon_wall_simulation_core.py,9f2f53dab99971884f4a97bea897d6a0ebb61dd1d6a65daf7b634f589941222e,/home/a/projects/Radiation_Research/radiation_shielding/Radiation-Shielding-Research/results/phase1/source_models/source_library_snapshot/photon_wall_simulation_core__9f2f53dab9997188.py,9f2f53dab99971884f4a97bea897d6a0ebb61dd1d6a65daf7b634f589941222e,True
13.149999999999999,13.25,13.2,0.0,0.0,0.0,PHOTON_NUMBER_PROBABILITY_MASS_PER_BIN,ENERGY_FLUENCE_MASS_PER_BIN,energy_fluence_mass_i = energy_center_MeV_i * probability_mass_bin_i,PROJECT_6MV_40x40,6MV_40x40,project_processed_from_Ding2002_Figure3_embedded,,,,,/home/a/projects/particle-accelerator-shielding-simulator/geant4sim/GUI/geant4GUI/photon_neutron_bpe_app/photon_wall_simulation_core.py,9f2f53dab99971884f4a97bea897d6a0ebb61dd1d6a65daf7b634f589941222e,/home/a/projects/Radiation_Research/radiation_shielding/Radiation-Shielding-Research/results/phase1/source_models/source_library_snapshot/photon_wall_simulation_core__9f2f53dab9997188.py,9f2f53dab99971884f4a97bea897d6a0ebb61dd1d6a65daf7b634f589941222e,True
13.25,13.350000000000001,13.3,0.0,0.0,0.0,PHOTON_NUMBER_PROBABILITY_MASS_PER_BIN,ENERGY_FLUENCE_MASS_PER_BIN,energy_fluence_mass_i = energy_center_MeV_i * probability_mass_bin_i,PROJECT_6MV_40x40,6MV_40x40,project_processed_from_Ding2002_Figure3_embedded,,,,,/home/a/projects/particle-accelerator-shielding-simulator/geant4sim/GUI/geant4GUI/photon_neutron_bpe_app/photon_wall_simulation_core.py,9f2f53dab99971884f4a97bea897d6a0ebb61dd1d6a65daf7b634f589941222e,/home/a/projects/Radiation_Research/radiation_shielding/Radiation-Shielding-Research/results/phase1/source_models/source_library_snapshot/photon_wall_simulation_core__9f2f53dab9997188.py,9f2f53dab99971884f4a97bea897d6a0ebb61dd1d6a65daf7b634f589941222e,True
13.350000000000001,13.45,13.4,0.0,0.0,0.0,PHOTON_NUMBER_PROBABILITY_MASS_PER_BIN,ENERGY_FLUENCE_MASS_PER_BIN,energy_fluence_mass_i = energy_center_MeV_i * probability_mass_bin_i,PROJECT_6MV_40x40,6MV_40x40,project_processed_from_Ding2002_Figure3_embedded,,,,,/home/a/projects/particle-accelerator-shielding-simulator/geant4sim/GUI/geant4GUI/photon_neutron_bpe_app/photon_wall_simulation_core.py,9f2f53dab99971884f4a97bea897d6a0ebb61dd1d6a65daf7b634f589941222e,/home/a/projects/Radiation_Research/radiation_shielding/Radiation-Shielding-Research/results/phase1/source_models/source_library_snapshot/photon_wall_simulation_core__9f2f53dab9997188.py,9f2f53dab99971884f4a97bea897d6a0ebb61dd1d6a65daf7b634f589941222e,True
13.45,13.55,13.5,0.0,0.0,0.0,PHOTON_NUMBER_PROBABILITY_MASS_PER_BIN,ENERGY_FLUENCE_MASS_PER_BIN,energy_fluence_mass_i = energy_center_MeV_i * probability_mass_bin_i,PROJECT_6MV_40x40,6MV_40x40,project_processed_from_Ding2002_Figure3_embedded,,,,,/home/a/projects/particle-accelerator-shielding-simulator/geant4sim/GUI/geant4GUI/photon_neutron_bpe_app/photon_wall_simulation_core.py,9f2f53dab99971884f4a97bea897d6a0ebb61dd1d6a65daf7b634f589941222e,/home/a/projects/Radiation_Research/radiation_shielding/Radiation-Shielding-Research/results/phase1/source_models/source_library_snapshot/photon_wall_simulation_core__9f2f53dab9997188.py,9f2f53dab99971884f4a97bea897d6a0ebb61dd1d6a65daf7b634f589941222e,True
13.55,13.649999999999999,13.6,0.0,0.0,0.0,PHOTON_NUMBER_PROBABILITY_MASS_PER_BIN,ENERGY_FLUENCE_MASS_PER_BIN,energy_fluence_mass_i = energy_center_MeV_i * probability_mass_bin_i,PROJECT_6MV_40x40,6MV_40x40,project_processed_from_Ding2002_Figure3_embedded,,,,,/home/a/projects/particle-accelerator-shielding-simulator/geant4sim/GUI/geant4GUI/photon_neutron_bpe_app/photon_wall_simulation_core.py,9f2f53dab99971884f4a97bea897d6a0ebb61dd1d6a65daf7b634f589941222e,/home/a/projects/Radiation_Research/radiation_shielding/Radiation-Shielding-Research/results/phase1/source_models/source_library_snapshot/photon_wall_simulation_core__9f2f53dab9997188.py,9f2f53dab99971884f4a97bea897d6a0ebb61dd1d6a65daf7b634f589941222e,True
13.649999999999999,13.75,13.7,0.0,0.0,0.0,PHOTON_NUMBER_PROBABILITY_MASS_PER_BIN,ENERGY_FLUENCE_MASS_PER_BIN,energy_fluence_mass_i = energy_center_MeV_i * probability_mass_bin_i,PROJECT_6MV_40x40,6MV_40x40,project_processed_from_Ding2002_Figure3_embedded,,,,,/home/a/projects/particle-accelerator-shielding-simulator/geant4sim/GUI/geant4GUI/photon_neutron_bpe_app/photon_wall_simulation_core.py,9f2f53dab99971884f4a97bea897d6a0ebb61dd1d6a65daf7b634f589941222e,/home/a/projects/Radiation_Research/radiation_shielding/Radiation-Shielding-Research/results/phase1/source_models/source_library_snapshot/photon_wall_simulation_core__9f2f53dab9997188.py,9f2f53dab99971884f4a97bea897d6a0ebb61dd1d6a65daf7b634f589941222e,True
13.75,13.850000000000001,13.8,0.0,0.0,0.0,PHOTON_NUMBER_PROBABILITY_MASS_PER_BIN,ENERGY_FLUENCE_MASS_PER_BIN,energy_fluence_mass_i = energy_center_MeV_i * probability_mass_bin_i,PROJECT_6MV_40x40,6MV_40x40,project_processed_from_Ding2002_Figure3_embedded,,,,,/home/a/projects/particle-accelerator-shielding-simulator/geant4sim/GUI/geant4GUI/photon_neutron_bpe_app/photon_wall_simulation_core.py,9f2f53dab99971884f4a97bea897d6a0ebb61dd1d6a65daf7b634f589941222e,/home/a/projects/Radiation_Research/radiation_shielding/Radiation-Shielding-Research/results/phase1/source_models/source_library_snapshot/photon_wall_simulation_core__9f2f53dab9997188.py,9f2f53dab99971884f4a97bea897d6a0ebb61dd1d6a65daf7b634f589941222e,True
13.850000000000001,13.95,13.9,0.0,0.0,0.0,PHOTON_NUMBER_PROBABILITY_MASS_PER_BIN,ENERGY_FLUENCE_MASS_PER_BIN,energy_fluence_mass_i = energy_center_MeV_i * probability_mass_bin_i,PROJECT_6MV_40x40,6MV_40x40,project_processed_from_Ding2002_Figure3_embedded,,,,,/home/a/projects/particle-accelerator-shielding-simulator/geant4sim/GUI/geant4GUI/photon_neutron_bpe_app/photon_wall_simulation_core.py,9f2f53dab99971884f4a97bea897d6a0ebb61dd1d6a65daf7b634f589941222e,/home/a/projects/Radiation_Research/radiation_shielding/Radiation-Shielding-Research/results/phase1/source_models/source_library_snapshot/photon_wall_simulation_core__9f2f53dab9997188.py,9f2f53dab99971884f4a97bea897d6a0ebb61dd1d6a65daf7b634f589941222e,True
13.95,14.05,14.0,0.0,0.0,0.0,PHOTON_NUMBER_PROBABILITY_MASS_PER_BIN,ENERGY_FLUENCE_MASS_PER_BIN,energy_fluence_mass_i = energy_center_MeV_i * probability_mass_bin_i,PROJECT_6MV_40x40,6MV_40x40,project_processed_from_Ding2002_Figure3_embedded,,,,,/home/a/projects/particle-accelerator-shielding-simulator/geant4sim/GUI/geant4GUI/photon_neutron_bpe_app/photon_wall_simulation_core.py,9f2f53dab99971884f4a97bea897d6a0ebb61dd1d6a65daf7b634f589941222e,/home/a/projects/Radiation_Research/radiation_shielding/Radiation-Shielding-Research/results/phase1/source_models/source_library_snapshot/photon_wall_simulation_core__9f2f53dab9997188.py,9f2f53dab99971884f4a97bea897d6a0ebb61dd1d6a65daf7b634f589941222e,True
14.05,14.149999999999999,14.1,0.0,0.0,0.0,PHOTON_NUMBER_PROBABILITY_MASS_PER_BIN,ENERGY_FLUENCE_MASS_PER_BIN,energy_fluence_mass_i = energy_center_MeV_i * probability_mass_bin_i,PROJECT_6MV_40x40,6MV_40x40,project_processed_from_Ding2002_Figure3_embedded,,,,,/home/a/projects/particle-accelerator-shielding-simulator/geant4sim/GUI/geant4GUI/photon_neutron_bpe_app/photon_wall_simulation_core.py,9f2f53dab99971884f4a97bea897d6a0ebb61dd1d6a65daf7b634f589941222e,/home/a/projects/Radiation_Research/radiation_shielding/Radiation-Shielding-Research/results/phase1/source_models/source_library_snapshot/photon_wall_simulation_core__9f2f53dab9997188.py,9f2f53dab99971884f4a97bea897d6a0ebb61dd1d6a65daf7b634f589941222e,True
14.149999999999999,14.25,14.2,0.0,0.0,0.0,PHOTON_NUMBER_PROBABILITY_MASS_PER_BIN,ENERGY_FLUENCE_MASS_PER_BIN,energy_fluence_mass_i = energy_center_MeV_i * probability_mass_bin_i,PROJECT_6MV_40x40,6MV_40x40,project_processed_from_Ding2002_Figure3_embedded,,,,,/home/a/projects/particle-accelerator-shielding-simulator/geant4sim/GUI/geant4GUI/photon_neutron_bpe_app/photon_wall_simulation_core.py,9f2f53dab99971884f4a97bea897d6a0ebb61dd1d6a65daf7b634f589941222e,/home/a/projects/Radiation_Research/radiation_shielding/Radiation-Shielding-Research/results/phase1/source_models/source_library_snapshot/photon_wall_simulation_core__9f2f53dab9997188.py,9f2f53dab99971884f4a97bea897d6a0ebb61dd1d6a65daf7b634f589941222e,True
14.25,14.350000000000001,14.3,0.0,0.0,0.0,PHOTON_NUMBER_PROBABILITY_MASS_PER_BIN,ENERGY_FLUENCE_MASS_PER_BIN,energy_fluence_mass_i = energy_center_MeV_i * probability_mass_bin_i,PROJECT_6MV_40x40,6MV_40x40,project_processed_from_Ding2002_Figure3_embedded,,,,,/home/a/projects/particle-accelerator-shielding-simulator/geant4sim/GUI/geant4GUI/photon_neutron_bpe_app/photon_wall_simulation_core.py,9f2f53dab99971884f4a97bea897d6a0ebb61dd1d6a65daf7b634f589941222e,/home/a/projects/Radiation_Research/radiation_shielding/Radiation-Shielding-Research/results/phase1/source_models/source_library_snapshot/photon_wall_simulation_core__9f2f53dab9997188.py,9f2f53dab99971884f4a97bea897d6a0ebb61dd1d6a65daf7b634f589941222e,True
14.350000000000001,14.45,14.4,0.0,0.0,0.0,PHOTON_NUMBER_PROBABILITY_MASS_PER_BIN,ENERGY_FLUENCE_MASS_PER_BIN,energy_fluence_mass_i = energy_center_MeV_i * probability_mass_bin_i,PROJECT_6MV_40x40,6MV_40x40,project_processed_from_Ding2002_Figure3_embedded,,,,,/home/a/projects/particle-accelerator-shielding-simulator/geant4sim/GUI/geant4GUI/photon_neutron_bpe_app/photon_wall_simulation_core.py,9f2f53dab99971884f4a97bea897d6a0ebb61dd1d6a65daf7b634f589941222e,/home/a/projects/Radiation_Research/radiation_shielding/Radiation-Shielding-Research/results/phase1/source_models/source_library_snapshot/photon_wall_simulation_core__9f2f53dab9997188.py,9f2f53dab99971884f4a97bea897d6a0ebb61dd1d6a65daf7b634f589941222e,True
14.45,14.55,14.5,0.0,0.0,0.0,PHOTON_NUMBER_PROBABILITY_MASS_PER_BIN,ENERGY_FLUENCE_MASS_PER_BIN,energy_fluence_mass_i = energy_center_MeV_i * probability_mass_bin_i,PROJECT_6MV_40x40,6MV_40x40,project_processed_from_Ding2002_Figure3_embedded,,,,,/home/a/projects/particle-accelerator-shielding-simulator/geant4sim/GUI/geant4GUI/photon_neutron_bpe_app/photon_wall_simulation_core.py,9f2f53dab99971884f4a97bea897d6a0ebb61dd1d6a65daf7b634f589941222e,/home/a/projects/Radiation_Research/radiation_shielding/Radiation-Shielding-Research/results/phase1/source_models/source_library_snapshot/photon_wall_simulation_core__9f2f53dab9997188.py,9f2f53dab99971884f4a97bea897d6a0ebb61dd1d6a65daf7b634f589941222e,True
14.55,14.649999999999999,14.6,0.0,0.0,0.0,PHOTON_NUMBER_PROBABILITY_MASS_PER_BIN,ENERGY_FLUENCE_MASS_PER_BIN,energy_fluence_mass_i = energy_center_MeV_i * probability_mass_bin_i,PROJECT_6MV_40x40,6MV_40x40,project_processed_from_Ding2002_Figure3_embedded,,,,,/home/a/projects/particle-accelerator-shielding-simulator/geant4sim/GUI/geant4GUI/photon_neutron_bpe_app/photon_wall_simulation_core.py,9f2f53dab99971884f4a97bea897d6a0ebb61dd1d6a65daf7b634f589941222e,/home/a/projects/Radiation_Research/radiation_shielding/Radiation-Shielding-Research/results/phase1/source_models/source_library_snapshot/photon_wall_simulation_core__9f2f53dab9997188.py,9f2f53dab99971884f4a97bea897d6a0ebb61dd1d6a65daf7b634f589941222e,True
14.649999999999999,14.75,14.7,0.0,0.0,0.0,PHOTON_NUMBER_PROBABILITY_MASS_PER_BIN,ENERGY_FLUENCE_MASS_PER_BIN,energy_fluence_mass_i = energy_center_MeV_i * probability_mass_bin_i,PROJECT_6MV_40x40,6MV_40x40,project_processed_from_Ding2002_Figure3_embedded,,,,,/home/a/projects/particle-accelerator-shielding-simulator/geant4sim/GUI/geant4GUI/photon_neutron_bpe_app/photon_wall_simulation_core.py,9f2f53dab99971884f4a97bea897d6a0ebb61dd1d6a65daf7b634f589941222e,/home/a/projects/Radiation_Research/radiation_shielding/Radiation-Shielding-Research/results/phase1/source_models/source_library_snapshot/photon_wall_simulation_core__9f2f53dab9997188.py,9f2f53dab99971884f4a97bea897d6a0ebb61dd1d6a65daf7b634f589941222e,True
14.75,14.850000000000001,14.8,0.0,0.0,0.0,PHOTON_NUMBER_PROBABILITY_MASS_PER_BIN,ENERGY_FLUENCE_MASS_PER_BIN,energy_fluence_mass_i = energy_center_MeV_i * probability_mass_bin_i,PROJECT_6MV_40x40,6MV_40x40,project_processed_from_Ding2002_Figure3_embedded,,,,,/home/a/projects/particle-accelerator-shielding-simulator/geant4sim/GUI/geant4GUI/photon_neutron_bpe_app/photon_wall_simulation_core.py,9f2f53dab99971884f4a97bea897d6a0ebb61dd1d6a65daf7b634f589941222e,/home/a/projects/Radiation_Research/radiation_shielding/Radiation-Shielding-Research/results/phase1/source_models/source_library_snapshot/photon_wall_simulation_core__9f2f53dab9997188.py,9f2f53dab99971884f4a97bea897d6a0ebb61dd1d6a65daf7b634f589941222e,True
14.850000000000001,14.95,14.9,0.0,0.0,0.0,PHOTON_NUMBER_PROBABILITY_MASS_PER_BIN,ENERGY_FLUENCE_MASS_PER_BIN,energy_fluence_mass_i = energy_center_MeV_i * probability_mass_bin_i,PROJECT_6MV_40x40,6MV_40x40,project_processed_from_Ding2002_Figure3_embedded,,,,,/home/a/projects/particle-accelerator-shielding-simulator/geant4sim/GUI/geant4GUI/photon_neutron_bpe_app/photon_wall_simulation_core.py,9f2f53dab99971884f4a97bea897d6a0ebb61dd1d6a65daf7b634f589941222e,/home/a/projects/Radiation_Research/radiation_shielding/Radiation-Shielding-Research/results/phase1/source_models/source_library_snapshot/photon_wall_simulation_core__9f2f53dab9997188.py,9f2f53dab99971884f4a97bea897d6a0ebb61dd1d6a65daf7b634f589941222e,True
14.95,15.05,15.0,0.0,0.0,0.0,PHOTON_NUMBER_PROBABILITY_MASS_PER_BIN,ENERGY_FLUENCE_MASS_PER_BIN,energy_fluence_mass_i = energy_center_MeV_i * probability_mass_bin_i,PROJECT_6MV_40x40,6MV_40x40,project_processed_from_Ding2002_Figure3_embedded,,,,,/home/a/projects/particle-accelerator-shielding-simulator/geant4sim/GUI/geant4GUI/photon_neutron_bpe_app/photon_wall_simulation_core.py,9f2f53dab99971884f4a97bea897d6a0ebb61dd1d6a65daf7b634f589941222e,/home/a/projects/Radiation_Research/radiation_shielding/Radiation-Shielding-Research/results/phase1/source_models/source_library_snapshot/photon_wall_simulation_core__9f2f53dab9997188.py,9f2f53dab99971884f4a97bea897d6a0ebb61dd1d6a65daf7b634f589941222e,True
15.05,15.149999999999999,15.1,0.0,0.0,0.0,PHOTON_NUMBER_PROBABILITY_MASS_PER_BIN,ENERGY_FLUENCE_MASS_PER_BIN,energy_fluence_mass_i = energy_center_MeV_i * probability_mass_bin_i,PROJECT_6MV_40x40,6MV_40x40,project_processed_from_Ding2002_Figure3_embedded,,,,,/home/a/projects/particle-accelerator-shielding-simulator/geant4sim/GUI/geant4GUI/photon_neutron_bpe_app/photon_wall_simulation_core.py,9f2f53dab99971884f4a97bea897d6a0ebb61dd1d6a65daf7b634f589941222e,/home/a/projects/Radiation_Research/radiation_shielding/Radiation-Shielding-Research/results/phase1/source_models/source_library_snapshot/photon_wall_simulation_core__9f2f53dab9997188.py,9f2f53dab99971884f4a97bea897d6a0ebb61dd1d6a65daf7b634f589941222e,True
15.149999999999999,15.25,15.2,0.0,0.0,0.0,PHOTON_NUMBER_PROBABILITY_MASS_PER_BIN,ENERGY_FLUENCE_MASS_PER_BIN,energy_fluence_mass_i = energy_center_MeV_i * probability_mass_bin_i,PROJECT_6MV_40x40,6MV_40x40,project_processed_from_Ding2002_Figure3_embedded,,,,,/home/a/projects/particle-accelerator-shielding-simulator/geant4sim/GUI/geant4GUI/photon_neutron_bpe_app/photon_wall_simulation_core.py,9f2f53dab99971884f4a97bea897d6a0ebb61dd1d6a65daf7b634f589941222e,/home/a/projects/Radiation_Research/radiation_shielding/Radiation-Shielding-Research/results/phase1/source_models/source_library_snapshot/photon_wall_simulation_core__9f2f53dab9997188.py,9f2f53dab99971884f4a97bea897d6a0ebb61dd1d6a65daf7b634f589941222e,True
15.25,15.350000000000001,15.3,0.0,0.0,0.0,PHOTON_NUMBER_PROBABILITY_MASS_PER_BIN,ENERGY_FLUENCE_MASS_PER_BIN,energy_fluence_mass_i = energy_center_MeV_i * probability_mass_bin_i,PROJECT_6MV_40x40,6MV_40x40,project_processed_from_Ding2002_Figure3_embedded,,,,,/home/a/projects/particle-accelerator-shielding-simulator/geant4sim/GUI/geant4GUI/photon_neutron_bpe_app/photon_wall_simulation_core.py,9f2f53dab99971884f4a97bea897d6a0ebb61dd1d6a65daf7b634f589941222e,/home/a/projects/Radiation_Research/radiation_shielding/Radiation-Shielding-Research/results/phase1/source_models/source_library_snapshot/photon_wall_simulation_core__9f2f53dab9997188.py,9f2f53dab99971884f4a97bea897d6a0ebb61dd1d6a65daf7b634f589941222e,True
15.350000000000001,15.45,15.4,0.0,0.0,0.0,PHOTON_NUMBER_PROBABILITY_MASS_PER_BIN,ENERGY_FLUENCE_MASS_PER_BIN,energy_fluence_mass_i = energy_center_MeV_i * probability_mass_bin_i,PROJECT_6MV_40x40,6MV_40x40,project_processed_from_Ding2002_Figure3_embedded,,,,,/home/a/projects/particle-accelerator-shielding-simulator/geant4sim/GUI/geant4GUI/photon_neutron_bpe_app/photon_wall_simulation_core.py,9f2f53dab99971884f4a97bea897d6a0ebb61dd1d6a65daf7b634f589941222e,/home/a/projects/Radiation_Research/radiation_shielding/Radiation-Shielding-Research/results/phase1/source_models/source_library_snapshot/photon_wall_simulation_core__9f2f53dab9997188.py,9f2f53dab99971884f4a97bea897d6a0ebb61dd1d6a65daf7b634f589941222e,True
15.45,15.55,15.5,0.0,0.0,0.0,PHOTON_NUMBER_PROBABILITY_MASS_PER_BIN,ENERGY_FLUENCE_MASS_PER_BIN,energy_fluence_mass_i = energy_center_MeV_i * probability_mass_bin_i,PROJECT_6MV_40x40,6MV_40x40,project_processed_from_Ding2002_Figure3_embedded,,,,,/home/a/projects/particle-accelerator-shielding-simulator/geant4sim/GUI/geant4GUI/photon_neutron_bpe_app/photon_wall_simulation_core.py,9f2f53dab99971884f4a97bea897d6a0ebb61dd1d6a65daf7b634f589941222e,/home/a/projects/Radiation_Research/radiation_shielding/Radiation-Shielding-Research/results/phase1/source_models/source_library_snapshot/photon_wall_simulation_core__9f2f53dab9997188.py,9f2f53dab99971884f4a97bea897d6a0ebb61dd1d6a65daf7b634f589941222e,True
15.55,15.649999999999999,15.6,0.0,0.0,0.0,PHOTON_NUMBER_PROBABILITY_MASS_PER_BIN,ENERGY_FLUENCE_MASS_PER_BIN,energy_fluence_mass_i = energy_center_MeV_i * probability_mass_bin_i,PROJECT_6MV_40x40,6MV_40x40,project_processed_from_Ding2002_Figure3_embedded,,,,,/home/a/projects/particle-accelerator-shielding-simulator/geant4sim/GUI/geant4GUI/photon_neutron_bpe_app/photon_wall_simulation_core.py,9f2f53dab99971884f4a97bea897d6a0ebb61dd1d6a65daf7b634f589941222e,/home/a/projects/Radiation_Research/radiation_shielding/Radiation-Shielding-Research/results/phase1/source_models/source_library_snapshot/photon_wall_simulation_core__9f2f53dab9997188.py,9f2f53dab99971884f4a97bea897d6a0ebb61dd1d6a65daf7b634f589941222e,True
15.649999999999999,15.75,15.7,0.0,0.0,0.0,PHOTON_NUMBER_PROBABILITY_MASS_PER_BIN,ENERGY_FLUENCE_MASS_PER_BIN,energy_fluence_mass_i = energy_center_MeV_i * probability_mass_bin_i,PROJECT_6MV_40x40,6MV_40x40,project_processed_from_Ding2002_Figure3_embedded,,,,,/home/a/projects/particle-accelerator-shielding-simulator/geant4sim/GUI/geant4GUI/photon_neutron_bpe_app/photon_wall_simulation_core.py,9f2f53dab99971884f4a97bea897d6a0ebb61dd1d6a65daf7b634f589941222e,/home/a/projects/Radiation_Research/radiation_shielding/Radiation-Shielding-Research/results/phase1/source_models/source_library_snapshot/photon_wall_simulation_core__9f2f53dab9997188.py,9f2f53dab99971884f4a97bea897d6a0ebb61dd1d6a65daf7b634f589941222e,True
15.75,15.850000000000001,15.8,0.0,0.0,0.0,PHOTON_NUMBER_PROBABILITY_MASS_PER_BIN,ENERGY_FLUENCE_MASS_PER_BIN,energy_fluence_mass_i = energy_center_MeV_i * probability_mass_bin_i,PROJECT_6MV_40x40,6MV_40x40,project_processed_from_Ding2002_Figure3_embedded,,,,,/home/a/projects/particle-accelerator-shielding-simulator/geant4sim/GUI/geant4GUI/photon_neutron_bpe_app/photon_wall_simulation_core.py,9f2f53dab99971884f4a97bea897d6a0ebb61dd1d6a65daf7b634f589941222e,/home/a/projects/Radiation_Research/radiation_shielding/Radiation-Shielding-Research/results/phase1/source_models/source_library_snapshot/photon_wall_simulation_core__9f2f53dab9997188.py,9f2f53dab99971884f4a97bea897d6a0ebb61dd1d6a65daf7b634f589941222e,True
15.850000000000001,15.95,15.9,0.0,0.0,0.0,PHOTON_NUMBER_PROBABILITY_MASS_PER_BIN,ENERGY_FLUENCE_MASS_PER_BIN,energy_fluence_mass_i = energy_center_MeV_i * probability_mass_bin_i,PROJECT_6MV_40x40,6MV_40x40,project_processed_from_Ding2002_Figure3_embedded,,,,,/home/a/projects/particle-accelerator-shielding-simulator/geant4sim/GUI/geant4GUI/photon_neutron_bpe_app/photon_wall_simulation_core.py,9f2f53dab99971884f4a97bea897d6a0ebb61dd1d6a65daf7b634f589941222e,/home/a/projects/Radiation_Research/radiation_shielding/Radiation-Shielding-Research/results/phase1/source_models/source_library_snapshot/photon_wall_simulation_core__9f2f53dab9997188.py,9f2f53dab99971884f4a97bea897d6a0ebb61dd1d6a65daf7b634f589941222e,True
15.95,16.05,16.0,0.0,0.0,0.0,PHOTON_NUMBER_PROBABILITY_MASS_PER_BIN,ENERGY_FLUENCE_MASS_PER_BIN,energy_fluence_mass_i = energy_center_MeV_i * probability_mass_bin_i,PROJECT_6MV_40x40,6MV_40x40,project_processed_from_Ding2002_Figure3_embedded,,,,,/home/a/projects/particle-accelerator-shielding-simulator/geant4sim/GUI/geant4GUI/photon_neutron_bpe_app/photon_wall_simulation_core.py,9f2f53dab99971884f4a97bea897d6a0ebb61dd1d6a65daf7b634f589941222e,/home/a/projects/Radiation_Research/radiation_shielding/Radiation-Shielding-Research/results/phase1/source_models/source_library_snapshot/photon_wall_simulation_core__9f2f53dab9997188.py,9f2f53dab99971884f4a97bea897d6a0ebb61dd1d6a65daf7b634f589941222e,True
16.05,16.15,16.1,0.0,0.0,0.0,PHOTON_NUMBER_PROBABILITY_MASS_PER_BIN,ENERGY_FLUENCE_MASS_PER_BIN,energy_fluence_mass_i = energy_center_MeV_i * probability_mass_bin_i,PROJECT_6MV_40x40,6MV_40x40,project_processed_from_Ding2002_Figure3_embedded,,,,,/home/a/projects/particle-accelerator-shielding-simulator/geant4sim/GUI/geant4GUI/photon_neutron_bpe_app/photon_wall_simulation_core.py,9f2f53dab99971884f4a97bea897d6a0ebb61dd1d6a65daf7b634f589941222e,/home/a/projects/Radiation_Research/radiation_shielding/Radiation-Shielding-Research/results/phase1/source_models/source_library_snapshot/photon_wall_simulation_core__9f2f53dab9997188.py,9f2f53dab99971884f4a97bea897d6a0ebb61dd1d6a65daf7b634f589941222e,True
16.15,16.25,16.2,0.0,0.0,0.0,PHOTON_NUMBER_PROBABILITY_MASS_PER_BIN,ENERGY_FLUENCE_MASS_PER_BIN,energy_fluence_mass_i = energy_center_MeV_i * probability_mass_bin_i,PROJECT_6MV_40x40,6MV_40x40,project_processed_from_Ding2002_Figure3_embedded,,,,,/home/a/projects/particle-accelerator-shielding-simulator/geant4sim/GUI/geant4GUI/photon_neutron_bpe_app/photon_wall_simulation_core.py,9f2f53dab99971884f4a97bea897d6a0ebb61dd1d6a65daf7b634f589941222e,/home/a/projects/Radiation_Research/radiation_shielding/Radiation-Shielding-Research/results/phase1/source_models/source_library_snapshot/photon_wall_simulation_core__9f2f53dab9997188.py,9f2f53dab99971884f4a97bea897d6a0ebb61dd1d6a65daf7b634f589941222e,True
16.25,16.35,16.3,0.0,0.0,0.0,PHOTON_NUMBER_PROBABILITY_MASS_PER_BIN,ENERGY_FLUENCE_MASS_PER_BIN,energy_fluence_mass_i = energy_center_MeV_i * probability_mass_bin_i,PROJECT_6MV_40x40,6MV_40x40,project_processed_from_Ding2002_Figure3_embedded,,,,,/home/a/projects/particle-accelerator-shielding-simulator/geant4sim/GUI/geant4GUI/photon_neutron_bpe_app/photon_wall_simulation_core.py,9f2f53dab99971884f4a97bea897d6a0ebb61dd1d6a65daf7b634f589941222e,/home/a/projects/Radiation_Research/radiation_shielding/Radiation-Shielding-Research/results/phase1/source_models/source_library_snapshot/photon_wall_simulation_core__9f2f53dab9997188.py,9f2f53dab99971884f4a97bea897d6a0ebb61dd1d6a65daf7b634f589941222e,True
16.35,16.45,16.4,0.0,0.0,0.0,PHOTON_NUMBER_PROBABILITY_MASS_PER_BIN,ENERGY_FLUENCE_MASS_PER_BIN,energy_fluence_mass_i = energy_center_MeV_i * probability_mass_bin_i,PROJECT_6MV_40x40,6MV_40x40,project_processed_from_Ding2002_Figure3_embedded,,,,,/home/a/projects/particle-accelerator-shielding-simulator/geant4sim/GUI/geant4GUI/photon_neutron_bpe_app/photon_wall_simulation_core.py,9f2f53dab99971884f4a97bea897d6a0ebb61dd1d6a65daf7b634f589941222e,/home/a/projects/Radiation_Research/radiation_shielding/Radiation-Shielding-Research/results/phase1/source_models/source_library_snapshot/photon_wall_simulation_core__9f2f53dab9997188.py,9f2f53dab99971884f4a97bea897d6a0ebb61dd1d6a65daf7b634f589941222e,True
16.45,16.55,16.5,0.0,0.0,0.0,PHOTON_NUMBER_PROBABILITY_MASS_PER_BIN,ENERGY_FLUENCE_MASS_PER_BIN,energy_fluence_mass_i = energy_center_MeV_i * probability_mass_bin_i,PROJECT_6MV_40x40,6MV_40x40,project_processed_from_Ding2002_Figure3_embedded,,,,,/home/a/projects/particle-accelerator-shielding-simulator/geant4sim/GUI/geant4GUI/photon_neutron_bpe_app/photon_wall_simulation_core.py,9f2f53dab99971884f4a97bea897d6a0ebb61dd1d6a65daf7b634f589941222e,/home/a/projects/Radiation_Research/radiation_shielding/Radiation-Shielding-Research/results/phase1/source_models/source_library_snapshot/photon_wall_simulation_core__9f2f53dab9997188.py,9f2f53dab99971884f4a97bea897d6a0ebb61dd1d6a65daf7b634f589941222e,True
16.55,16.65,16.6,0.0,0.0,0.0,PHOTON_NUMBER_PROBABILITY_MASS_PER_BIN,ENERGY_FLUENCE_MASS_PER_BIN,energy_fluence_mass_i = energy_center_MeV_i * probability_mass_bin_i,PROJECT_6MV_40x40,6MV_40x40,project_processed_from_Ding2002_Figure3_embedded,,,,,/home/a/projects/particle-accelerator-shielding-simulator/geant4sim/GUI/geant4GUI/photon_neutron_bpe_app/photon_wall_simulation_core.py,9f2f53dab99971884f4a97bea897d6a0ebb61dd1d6a65daf7b634f589941222e,/home/a/projects/Radiation_Research/radiation_shielding/Radiation-Shielding-Research/results/phase1/source_models/source_library_snapshot/photon_wall_simulation_core__9f2f53dab9997188.py,9f2f53dab99971884f4a97bea897d6a0ebb61dd1d6a65daf7b634f589941222e,True
16.65,16.75,16.7,0.0,0.0,0.0,PHOTON_NUMBER_PROBABILITY_MASS_PER_BIN,ENERGY_FLUENCE_MASS_PER_BIN,energy_fluence_mass_i = energy_center_MeV_i * probability_mass_bin_i,PROJECT_6MV_40x40,6MV_40x40,project_processed_from_Ding2002_Figure3_embedded,,,,,/home/a/projects/particle-accelerator-shielding-simulator/geant4sim/GUI/geant4GUI/photon_neutron_bpe_app/photon_wall_simulation_core.py,9f2f53dab99971884f4a97bea897d6a0ebb61dd1d6a65daf7b634f589941222e,/home/a/projects/Radiation_Research/radiation_shielding/Radiation-Shielding-Research/results/phase1/source_models/source_library_snapshot/photon_wall_simulation_core__9f2f53dab9997188.py,9f2f53dab99971884f4a97bea897d6a0ebb61dd1d6a65daf7b634f589941222e,True
16.75,16.85,16.8,0.0,0.0,0.0,PHOTON_NUMBER_PROBABILITY_MASS_PER_BIN,ENERGY_FLUENCE_MASS_PER_BIN,energy_fluence_mass_i = energy_center_MeV_i * probability_mass_bin_i,PROJECT_6MV_40x40,6MV_40x40,project_processed_from_Ding2002_Figure3_embedded,,,,,/home/a/projects/particle-accelerator-shielding-simulator/geant4sim/GUI/geant4GUI/photon_neutron_bpe_app/photon_wall_simulation_core.py,9f2f53dab99971884f4a97bea897d6a0ebb61dd1d6a65daf7b634f589941222e,/home/a/projects/Radiation_Research/radiation_shielding/Radiation-Shielding-Research/results/phase1/source_models/source_library_snapshot/photon_wall_simulation_core__9f2f53dab9997188.py,9f2f53dab99971884f4a97bea897d6a0ebb61dd1d6a65daf7b634f589941222e,True
16.85,16.95,16.9,0.0,0.0,0.0,PHOTON_NUMBER_PROBABILITY_MASS_PER_BIN,ENERGY_FLUENCE_MASS_PER_BIN,energy_fluence_mass_i = energy_center_MeV_i * probability_mass_bin_i,PROJECT_6MV_40x40,6MV_40x40,project_processed_from_Ding2002_Figure3_embedded,,,,,/home/a/projects/particle-accelerator-shielding-simulator/geant4sim/GUI/geant4GUI/photon_neutron_bpe_app/photon_wall_simulation_core.py,9f2f53dab99971884f4a97bea897d6a0ebb61dd1d6a65daf7b634f589941222e,/home/a/projects/Radiation_Research/radiation_shielding/Radiation-Shielding-Research/results/phase1/source_models/source_library_snapshot/photon_wall_simulation_core__9f2f53dab9997188.py,9f2f53dab99971884f4a97bea897d6a0ebb61dd1d6a65daf7b634f589941222e,True
16.95,17.05,17.0,0.0,0.0,0.0,PHOTON_NUMBER_PROBABILITY_MASS_PER_BIN,ENERGY_FLUENCE_MASS_PER_BIN,energy_fluence_mass_i = energy_center_MeV_i * probability_mass_bin_i,PROJECT_6MV_40x40,6MV_40x40,project_processed_from_Ding2002_Figure3_embedded,,,,,/home/a/projects/particle-accelerator-shielding-simulator/geant4sim/GUI/geant4GUI/photon_neutron_bpe_app/photon_wall_simulation_core.py,9f2f53dab99971884f4a97bea897d6a0ebb61dd1d6a65daf7b634f589941222e,/home/a/projects/Radiation_Research/radiation_shielding/Radiation-Shielding-Research/results/phase1/source_models/source_library_snapshot/photon_wall_simulation_core__9f2f53dab9997188.py,9f2f53dab99971884f4a97bea897d6a0ebb61dd1d6a65daf7b634f589941222e,True
17.05,17.15,17.1,0.0,0.0,0.0,PHOTON_NUMBER_PROBABILITY_MASS_PER_BIN,ENERGY_FLUENCE_MASS_PER_BIN,energy_fluence_mass_i = energy_center_MeV_i * probability_mass_bin_i,PROJECT_6MV_40x40,6MV_40x40,project_processed_from_Ding2002_Figure3_embedded,,,,,/home/a/projects/particle-accelerator-shielding-simulator/geant4sim/GUI/geant4GUI/photon_neutron_bpe_app/photon_wall_simulation_core.py,9f2f53dab99971884f4a97bea897d6a0ebb61dd1d6a65daf7b634f589941222e,/home/a/projects/Radiation_Research/radiation_shielding/Radiation-Shielding-Research/results/phase1/source_models/source_library_snapshot/photon_wall_simulation_core__9f2f53dab9997188.py,9f2f53dab99971884f4a97bea897d6a0ebb61dd1d6a65daf7b634f589941222e,True
17.15,17.25,17.2,0.0,0.0,0.0,PHOTON_NUMBER_PROBABILITY_MASS_PER_BIN,ENERGY_FLUENCE_MASS_PER_BIN,energy_fluence_mass_i = energy_center_MeV_i * probability_mass_bin_i,PROJECT_6MV_40x40,6MV_40x40,project_processed_from_Ding2002_Figure3_embedded,,,,,/home/a/projects/particle-accelerator-shielding-simulator/geant4sim/GUI/geant4GUI/photon_neutron_bpe_app/photon_wall_simulation_core.py,9f2f53dab99971884f4a97bea897d6a0ebb61dd1d6a65daf7b634f589941222e,/home/a/projects/Radiation_Research/radiation_shielding/Radiation-Shielding-Research/results/phase1/source_models/source_library_snapshot/photon_wall_simulation_core__9f2f53dab9997188.py,9f2f53dab99971884f4a97bea897d6a0ebb61dd1d6a65daf7b634f589941222e,True
17.25,17.35,17.3,0.0,0.0,0.0,PHOTON_NUMBER_PROBABILITY_MASS_PER_BIN,ENERGY_FLUENCE_MASS_PER_BIN,energy_fluence_mass_i = energy_center_MeV_i * probability_mass_bin_i,PROJECT_6MV_40x40,6MV_40x40,project_processed_from_Ding2002_Figure3_embedded,,,,,/home/a/projects/particle-accelerator-shielding-simulator/geant4sim/GUI/geant4GUI/photon_neutron_bpe_app/photon_wall_simulation_core.py,9f2f53dab99971884f4a97bea897d6a0ebb61dd1d6a65daf7b634f589941222e,/home/a/projects/Radiation_Research/radiation_shielding/Radiation-Shielding-Research/results/phase1/source_models/source_library_snapshot/photon_wall_simulation_core__9f2f53dab9997188.py,9f2f53dab99971884f4a97bea897d6a0ebb61dd1d6a65daf7b634f589941222e,True
17.35,17.45,17.4,0.0,0.0,0.0,PHOTON_NUMBER_PROBABILITY_MASS_PER_BIN,ENERGY_FLUENCE_MASS_PER_BIN,energy_fluence_mass_i = energy_center_MeV_i * probability_mass_bin_i,PROJECT_6MV_40x40,6MV_40x40,project_processed_from_Ding2002_Figure3_embedded,,,,,/home/a/projects/particle-accelerator-shielding-simulator/geant4sim/GUI/geant4GUI/photon_neutron_bpe_app/photon_wall_simulation_core.py,9f2f53dab99971884f4a97bea897d6a0ebb61dd1d6a65daf7b634f589941222e,/home/a/projects/Radiation_Research/radiation_shielding/Radiation-Shielding-Research/results/phase1/source_models/source_library_snapshot/photon_wall_simulation_core__9f2f53dab9997188.py,9f2f53dab99971884f4a97bea897d6a0ebb61dd1d6a65daf7b634f589941222e,True
17.45,17.55,17.5,0.0,0.0,0.0,PHOTON_NUMBER_PROBABILITY_MASS_PER_BIN,ENERGY_FLUENCE_MASS_PER_BIN,energy_fluence_mass_i = energy_center_MeV_i * probability_mass_bin_i,PROJECT_6MV_40x40,6MV_40x40,project_processed_from_Ding2002_Figure3_embedded,,,,,/home/a/projects/particle-accelerator-shielding-simulator/geant4sim/GUI/geant4GUI/photon_neutron_bpe_app/photon_wall_simulation_core.py,9f2f53dab99971884f4a97bea897d6a0ebb61dd1d6a65daf7b634f589941222e,/home/a/projects/Radiation_Research/radiation_shielding/Radiation-Shielding-Research/results/phase1/source_models/source_library_snapshot/photon_wall_simulation_core__9f2f53dab9997188.py,9f2f53dab99971884f4a97bea897d6a0ebb61dd1d6a65daf7b634f589941222e,True
17.55,17.65,17.6,0.0,0.0,0.0,PHOTON_NUMBER_PROBABILITY_MASS_PER_BIN,ENERGY_FLUENCE_MASS_PER_BIN,energy_fluence_mass_i = energy_center_MeV_i * probability_mass_bin_i,PROJECT_6MV_40x40,6MV_40x40,project_processed_from_Ding2002_Figure3_embedded,,,,,/home/a/projects/particle-accelerator-shielding-simulator/geant4sim/GUI/geant4GUI/photon_neutron_bpe_app/photon_wall_simulation_core.py,9f2f53dab99971884f4a97bea897d6a0ebb61dd1d6a65daf7b634f589941222e,/home/a/projects/Radiation_Research/radiation_shielding/Radiation-Shielding-Research/results/phase1/source_models/source_library_snapshot/photon_wall_simulation_core__9f2f53dab9997188.py,9f2f53dab99971884f4a97bea897d6a0ebb61dd1d6a65daf7b634f589941222e,True
17.65,17.75,17.7,0.0,0.0,0.0,PHOTON_NUMBER_PROBABILITY_MASS_PER_BIN,ENERGY_FLUENCE_MASS_PER_BIN,energy_fluence_mass_i = energy_center_MeV_i * probability_mass_bin_i,PROJECT_6MV_40x40,6MV_40x40,project_processed_from_Ding2002_Figure3_embedded,,,,,/home/a/projects/particle-accelerator-shielding-simulator/geant4sim/GUI/geant4GUI/photon_neutron_bpe_app/photon_wall_simulation_core.py,9f2f53dab99971884f4a97bea897d6a0ebb61dd1d6a65daf7b634f589941222e,/home/a/projects/Radiation_Research/radiation_shielding/Radiation-Shielding-Research/results/phase1/source_models/source_library_snapshot/photon_wall_simulation_core__9f2f53dab9997188.py,9f2f53dab99971884f4a97bea897d6a0ebb61dd1d6a65daf7b634f589941222e,True
17.75,17.85,17.8,0.0,0.0,0.0,PHOTON_NUMBER_PROBABILITY_MASS_PER_BIN,ENERGY_FLUENCE_MASS_PER_BIN,energy_fluence_mass_i = energy_center_MeV_i * probability_mass_bin_i,PROJECT_6MV_40x40,6MV_40x40,project_processed_from_Ding2002_Figure3_embedded,,,,,/home/a/projects/particle-accelerator-shielding-simulator/geant4sim/GUI/geant4GUI/photon_neutron_bpe_app/photon_wall_simulation_core.py,9f2f53dab99971884f4a97bea897d6a0ebb61dd1d6a65daf7b634f589941222e,/home/a/projects/Radiation_Research/radiation_shielding/Radiation-Shielding-Research/results/phase1/source_models/source_library_snapshot/photon_wall_simulation_core__9f2f53dab9997188.py,9f2f53dab99971884f4a97bea897d6a0ebb61dd1d6a65daf7b634f589941222e,True
17.85,17.95,17.9,0.0,0.0,0.0,PHOTON_NUMBER_PROBABILITY_MASS_PER_BIN,ENERGY_FLUENCE_MASS_PER_BIN,energy_fluence_mass_i = energy_center_MeV_i * probability_mass_bin_i,PROJECT_6MV_40x40,6MV_40x40,project_processed_from_Ding2002_Figure3_embedded,,,,,/home/a/projects/particle-accelerator-shielding-simulator/geant4sim/GUI/geant4GUI/photon_neutron_bpe_app/photon_wall_simulation_core.py,9f2f53dab99971884f4a97bea897d6a0ebb61dd1d6a65daf7b634f589941222e,/home/a/projects/Radiation_Research/radiation_shielding/Radiation-Shielding-Research/results/phase1/source_models/source_library_snapshot/photon_wall_simulation_core__9f2f53dab9997188.py,9f2f53dab99971884f4a97bea897d6a0ebb61dd1d6a65daf7b634f589941222e,True
17.95,18.05,18.0,0.0,0.0,0.0,PHOTON_NUMBER_PROBABILITY_MASS_PER_BIN,ENERGY_FLUENCE_MASS_PER_BIN,energy_fluence_mass_i = energy_center_MeV_i * probability_mass_bin_i,PROJECT_6MV_40x40,6MV_40x40,project_processed_from_Ding2002_Figure3_embedded,,,,,/home/a/projects/particle-accelerator-shielding-simulator/geant4sim/GUI/geant4GUI/photon_neutron_bpe_app/photon_wall_simulation_core.py,9f2f53dab99971884f4a97bea897d6a0ebb61dd1d6a65daf7b634f589941222e,/home/a/projects/Radiation_Research/radiation_shielding/Radiation-Shielding-Research/results/phase1/source_models/source_library_snapshot/photon_wall_simulation_core__9f2f53dab9997188.py,9f2f53dab99971884f4a97bea897d6a0ebb61dd1d6a65daf7b634f589941222e,True
18.05,18.15,18.1,0.0,0.0,0.0,PHOTON_NUMBER_PROBABILITY_MASS_PER_BIN,ENERGY_FLUENCE_MASS_PER_BIN,energy_fluence_mass_i = energy_center_MeV_i * probability_mass_bin_i,PROJECT_6MV_40x40,6MV_40x40,project_processed_from_Ding2002_Figure3_embedded,,,,,/home/a/projects/particle-accelerator-shielding-simulator/geant4sim/GUI/geant4GUI/photon_neutron_bpe_app/photon_wall_simulation_core.py,9f2f53dab99971884f4a97bea897d6a0ebb61dd1d6a65daf7b634f589941222e,/home/a/projects/Radiation_Research/radiation_shielding/Radiation-Shielding-Research/results/phase1/source_models/source_library_snapshot/photon_wall_simulation_core__9f2f53dab9997188.py,9f2f53dab99971884f4a97bea897d6a0ebb61dd1d6a65daf7b634f589941222e,True
18.15,18.25,18.2,0.0,0.0,0.0,PHOTON_NUMBER_PROBABILITY_MASS_PER_BIN,ENERGY_FLUENCE_MASS_PER_BIN,energy_fluence_mass_i = energy_center_MeV_i * probability_mass_bin_i,PROJECT_6MV_40x40,6MV_40x40,project_processed_from_Ding2002_Figure3_embedded,,,,,/home/a/projects/particle-accelerator-shielding-simulator/geant4sim/GUI/geant4GUI/photon_neutron_bpe_app/photon_wall_simulation_core.py,9f2f53dab99971884f4a97bea897d6a0ebb61dd1d6a65daf7b634f589941222e,/home/a/projects/Radiation_Research/radiation_shielding/Radiation-Shielding-Research/results/phase1/source_models/source_library_snapshot/photon_wall_simulation_core__9f2f53dab9997188.py,9f2f53dab99971884f4a97bea897d6a0ebb61dd1d6a65daf7b634f589941222e,True
18.25,18.35,18.3,0.0,0.0,0.0,PHOTON_NUMBER_PROBABILITY_MASS_PER_BIN,ENERGY_FLUENCE_MASS_PER_BIN,energy_fluence_mass_i = energy_center_MeV_i * probability_mass_bin_i,PROJECT_6MV_40x40,6MV_40x40,project_processed_from_Ding2002_Figure3_embedded,,,,,/home/a/projects/particle-accelerator-shielding-simulator/geant4sim/GUI/geant4GUI/photon_neutron_bpe_app/photon_wall_simulation_core.py,9f2f53dab99971884f4a97bea897d6a0ebb61dd1d6a65daf7b634f589941222e,/home/a/projects/Radiation_Research/radiation_shielding/Radiation-Shielding-Research/results/phase1/source_models/source_library_snapshot/photon_wall_simulation_core__9f2f53dab9997188.py,9f2f53dab99971884f4a97bea897d6a0ebb61dd1d6a65daf7b634f589941222e,True
18.35,18.45,18.4,0.0,0.0,0.0,PHOTON_NUMBER_PROBABILITY_MASS_PER_BIN,ENERGY_FLUENCE_MASS_PER_BIN,energy_fluence_mass_i = energy_center_MeV_i * probability_mass_bin_i,PROJECT_6MV_40x40,6MV_40x40,project_processed_from_Ding2002_Figure3_embedded,,,,,/home/a/projects/particle-accelerator-shielding-simulator/geant4sim/GUI/geant4GUI/photon_neutron_bpe_app/photon_wall_simulation_core.py,9f2f53dab99971884f4a97bea897d6a0ebb61dd1d6a65daf7b634f589941222e,/home/a/projects/Radiation_Research/radiation_shielding/Radiation-Shielding-Research/results/phase1/source_models/source_library_snapshot/photon_wall_simulation_core__9f2f53dab9997188.py,9f2f53dab99971884f4a97bea897d6a0ebb61dd1d6a65daf7b634f589941222e,True
18.45,18.55,18.5,0.0,0.0,0.0,PHOTON_NUMBER_PROBABILITY_MASS_PER_BIN,ENERGY_FLUENCE_MASS_PER_BIN,energy_fluence_mass_i = energy_center_MeV_i * probability_mass_bin_i,PROJECT_6MV_40x40,6MV_40x40,project_processed_from_Ding2002_Figure3_embedded,,,,,/home/a/projects/particle-accelerator-shielding-simulator/geant4sim/GUI/geant4GUI/photon_neutron_bpe_app/photon_wall_simulation_core.py,9f2f53dab99971884f4a97bea897d6a0ebb61dd1d6a65daf7b634f589941222e,/home/a/projects/Radiation_Research/radiation_shielding/Radiation-Shielding-Research/results/phase1/source_models/source_library_snapshot/photon_wall_simulation_core__9f2f53dab9997188.py,9f2f53dab99971884f4a97bea897d6a0ebb61dd1d6a65daf7b634f589941222e,True
18.55,18.65,18.6,0.0,0.0,0.0,PHOTON_NUMBER_PROBABILITY_MASS_PER_BIN,ENERGY_FLUENCE_MASS_PER_BIN,energy_fluence_mass_i = energy_center_MeV_i * probability_mass_bin_i,PROJECT_6MV_40x40,6MV_40x40,project_processed_from_Ding2002_Figure3_embedded,,,,,/home/a/projects/particle-accelerator-shielding-simulator/geant4sim/GUI/geant4GUI/photon_neutron_bpe_app/photon_wall_simulation_core.py,9f2f53dab99971884f4a97bea897d6a0ebb61dd1d6a65daf7b634f589941222e,/home/a/projects/Radiation_Research/radiation_shielding/Radiation-Shielding-Research/results/phase1/source_models/source_library_snapshot/photon_wall_simulation_core__9f2f53dab9997188.py,9f2f53dab99971884f4a97bea897d6a0ebb61dd1d6a65daf7b634f589941222e,True
18.65,18.75,18.7,0.0,0.0,0.0,PHOTON_NUMBER_PROBABILITY_MASS_PER_BIN,ENERGY_FLUENCE_MASS_PER_BIN,energy_fluence_mass_i = energy_center_MeV_i * probability_mass_bin_i,PROJECT_6MV_40x40,6MV_40x40,project_processed_from_Ding2002_Figure3_embedded,,,,,/home/a/projects/particle-accelerator-shielding-simulator/geant4sim/GUI/geant4GUI/photon_neutron_bpe_app/photon_wall_simulation_core.py,9f2f53dab99971884f4a97bea897d6a0ebb61dd1d6a65daf7b634f589941222e,/home/a/projects/Radiation_Research/radiation_shielding/Radiation-Shielding-Research/results/phase1/source_models/source_library_snapshot/photon_wall_simulation_core__9f2f53dab9997188.py,9f2f53dab99971884f4a97bea897d6a0ebb61dd1d6a65daf7b634f589941222e,True
18.75,18.85,18.8,0.0,0.0,0.0,PHOTON_NUMBER_PROBABILITY_MASS_PER_BIN,ENERGY_FLUENCE_MASS_PER_BIN,energy_fluence_mass_i = energy_center_MeV_i * probability_mass_bin_i,PROJECT_6MV_40x40,6MV_40x40,project_processed_from_Ding2002_Figure3_embedded,,,,,/home/a/projects/particle-accelerator-shielding-simulator/geant4sim/GUI/geant4GUI/photon_neutron_bpe_app/photon_wall_simulation_core.py,9f2f53dab99971884f4a97bea897d6a0ebb61dd1d6a65daf7b634f589941222e,/home/a/projects/Radiation_Research/radiation_shielding/Radiation-Shielding-Research/results/phase1/source_models/source_library_snapshot/photon_wall_simulation_core__9f2f53dab9997188.py,9f2f53dab99971884f4a97bea897d6a0ebb61dd1d6a65daf7b634f589941222e,True
18.85,18.95,18.9,0.0,0.0,0.0,PHOTON_NUMBER_PROBABILITY_MASS_PER_BIN,ENERGY_FLUENCE_MASS_PER_BIN,energy_fluence_mass_i = energy_center_MeV_i * probability_mass_bin_i,PROJECT_6MV_40x40,6MV_40x40,project_processed_from_Ding2002_Figure3_embedded,,,,,/home/a/projects/particle-accelerator-shielding-simulator/geant4sim/GUI/geant4GUI/photon_neutron_bpe_app/photon_wall_simulation_core.py,9f2f53dab99971884f4a97bea897d6a0ebb61dd1d6a65daf7b634f589941222e,/home/a/projects/Radiation_Research/radiation_shielding/Radiation-Shielding-Research/results/phase1/source_models/source_library_snapshot/photon_wall_simulation_core__9f2f53dab9997188.py,9f2f53dab99971884f4a97bea897d6a0ebb61dd1d6a65daf7b634f589941222e,True
18.95,19.05,19.0,0.0,0.0,0.0,PHOTON_NUMBER_PROBABILITY_MASS_PER_BIN,ENERGY_FLUENCE_MASS_PER_BIN,energy_fluence_mass_i = energy_center_MeV_i * probability_mass_bin_i,PROJECT_6MV_40x40,6MV_40x40,project_processed_from_Ding2002_Figure3_embedded,,,,,/home/a/projects/particle-accelerator-shielding-simulator/geant4sim/GUI/geant4GUI/photon_neutron_bpe_app/photon_wall_simulation_core.py,9f2f53dab99971884f4a97bea897d6a0ebb61dd1d6a65daf7b634f589941222e,/home/a/projects/Radiation_Research/radiation_shielding/Radiation-Shielding-Research/results/phase1/source_models/source_library_snapshot/photon_wall_simulation_core__9f2f53dab9997188.py,9f2f53dab99971884f4a97bea897d6a0ebb61dd1d6a65daf7b634f589941222e,True
