dataset_id,object_id,analysis_family,condition,feature_name,value,unit,quality_status,model_eligible,notes
N001,N001.SEQ_SPEC,mutual_information_delay,thickness=100cm;off_axis=0cm,mi_delay_log_energy,0.2326854914172678,log_energy,descriptive,False,Each spectrum is analyzed at its own measured benchmark condition; historical configurations are not interpreted as a controlled thickness-only trajectory.
N001,N001.SEQ_SPEC,mutual_information_delay,thickness=100cm;off_axis=0cm,mi_delay_samples,4.0,samples,descriptive,False,Each spectrum is analyzed at its own measured benchmark condition; historical configurations are not interpreted as a controlled thickness-only trajectory.
N001,N001.SEQ_SPEC,mutual_information_delay,thickness=150cm;off_axis=0cm,mi_delay_log_energy,0.3265283440825604,log_energy,descriptive,False,Each spectrum is analyzed at its own measured benchmark condition; historical configurations are not interpreted as a controlled thickness-only trajectory.
N001,N001.SEQ_SPEC,mutual_information_delay,thickness=150cm;off_axis=0cm,mi_delay_samples,6.0,samples,descriptive,False,Each spectrum is analyzed at its own measured benchmark condition; historical configurations are not interpreted as a controlled thickness-only trajectory.
N001,N001.SEQ_SPEC,mutual_information_delay,thickness=25cm;off_axis=0cm,mi_delay_log_energy,0.2326854914172678,log_energy,descriptive,False,Each spectrum is analyzed at its own measured benchmark condition; historical configurations are not interpreted as a controlled thickness-only trajectory.
N001,N001.SEQ_SPEC,mutual_information_delay,thickness=25cm;off_axis=0cm,mi_delay_samples,4.0,samples,descriptive,False,Each spectrum is analyzed at its own measured benchmark condition; historical configurations are not interpreted as a controlled thickness-only trajectory.
N001,N001.SEQ_SPEC,mutual_information_delay,thickness=25cm;off_axis=20cm,mi_delay_log_energy,0.2568863190801407,log_energy,descriptive,False,Each spectrum is analyzed at its own measured benchmark condition; historical configurations are not interpreted as a controlled thickness-only trajectory.
N001,N001.SEQ_SPEC,mutual_information_delay,thickness=25cm;off_axis=20cm,mi_delay_samples,5.0,samples,descriptive,False,Each spectrum is analyzed at its own measured benchmark condition; historical configurations are not interpreted as a controlled thickness-only trajectory.
N001,N001.SEQ_SPEC,mutual_information_delay,thickness=25cm;off_axis=40cm,mi_delay_log_energy,0.5137726381602814,log_energy,descriptive,False,Each spectrum is analyzed at its own measured benchmark condition; historical configurations are not interpreted as a controlled thickness-only trajectory.
N001,N001.SEQ_SPEC,mutual_information_delay,thickness=25cm;off_axis=40cm,mi_delay_samples,10.0,samples,descriptive,False,Each spectrum is analyzed at its own measured benchmark condition; historical configurations are not interpreted as a controlled thickness-only trajectory.
N001,N001.SEQ_SPEC,mutual_information_delay,thickness=50cm;off_axis=0cm,mi_delay_log_energy,0.2326854914172678,log_energy,descriptive,False,Each spectrum is analyzed at its own measured benchmark condition; historical configurations are not interpreted as a controlled thickness-only trajectory.
N001,N001.SEQ_SPEC,mutual_information_delay,thickness=50cm;off_axis=0cm,mi_delay_samples,4.0,samples,descriptive,False,Each spectrum is analyzed at its own measured benchmark condition; historical configurations are not interpreted as a controlled thickness-only trajectory.
N001,N001.SEQ_SPEC,mutual_information_delay,thickness=50cm;off_axis=20cm,mi_delay_log_energy,0.2568863190801407,log_energy,descriptive,False,Each spectrum is analyzed at its own measured benchmark condition; historical configurations are not interpreted as a controlled thickness-only trajectory.
N001,N001.SEQ_SPEC,mutual_information_delay,thickness=50cm;off_axis=20cm,mi_delay_samples,5.0,samples,descriptive,False,Each spectrum is analyzed at its own measured benchmark condition; historical configurations are not interpreted as a controlled thickness-only trajectory.
N001,N001.SEQ_SPEC,mutual_information_delay,thickness=50cm;off_axis=40cm,mi_delay_log_energy,0.3418057061907396,log_energy,descriptive,False,Each spectrum is analyzed at its own measured benchmark condition; historical configurations are not interpreted as a controlled thickness-only trajectory.
N001,N001.SEQ_SPEC,mutual_information_delay,thickness=50cm;off_axis=40cm,mi_delay_samples,7.0,samples,descriptive,False,Each spectrum is analyzed at its own measured benchmark condition; historical configurations are not interpreted as a controlled thickness-only trajectory.
N001,N001.SEQ_SPEC,nearest_neighbor_entropy,thickness=100cm;off_axis=0cm,theiler_nn_entropy_bits_d2,0.8501782034132344,bit,descriptive,False,Each spectrum is analyzed at its own measured benchmark condition; historical configurations are not interpreted as a controlled thickness-only trajectory.
N001,N001.SEQ_SPEC,nearest_neighbor_entropy,thickness=150cm;off_axis=0cm,theiler_nn_entropy_bits_d2,1.441987256671245,bit,descriptive,False,Each spectrum is analyzed at its own measured benchmark condition; historical configurations are not interpreted as a controlled thickness-only trajectory.
N001,N001.SEQ_SPEC,nearest_neighbor_entropy,thickness=25cm;off_axis=0cm,theiler_nn_entropy_bits_d2,0.6821995113475348,bit,descriptive,False,Each spectrum is analyzed at its own measured benchmark condition; historical configurations are not interpreted as a controlled thickness-only trajectory.
N001,N001.SEQ_SPEC,nearest_neighbor_entropy,thickness=25cm;off_axis=20cm,theiler_nn_entropy_bits_d2,0.7103991510660048,bit,descriptive,False,Each spectrum is analyzed at its own measured benchmark condition; historical configurations are not interpreted as a controlled thickness-only trajectory.
N001,N001.SEQ_SPEC,nearest_neighbor_entropy,thickness=25cm;off_axis=40cm,theiler_nn_entropy_bits_d2,1.0483288961581654,bit,descriptive,False,Each spectrum is analyzed at its own measured benchmark condition; historical configurations are not interpreted as a controlled thickness-only trajectory.
N001,N001.SEQ_SPEC,nearest_neighbor_entropy,thickness=50cm;off_axis=0cm,theiler_nn_entropy_bits_d2,0.6821995113475348,bit,descriptive,False,Each spectrum is analyzed at its own measured benchmark condition; historical configurations are not interpreted as a controlled thickness-only trajectory.
N001,N001.SEQ_SPEC,nearest_neighbor_entropy,thickness=50cm;off_axis=20cm,theiler_nn_entropy_bits_d2,0.8851290413046254,bit,descriptive,False,Each spectrum is analyzed at its own measured benchmark condition; historical configurations are not interpreted as a controlled thickness-only trajectory.
N001,N001.SEQ_SPEC,nearest_neighbor_entropy,thickness=50cm;off_axis=40cm,theiler_nn_entropy_bits_d2,1.3815371525974884,bit,descriptive,False,Each spectrum is analyzed at its own measured benchmark condition; historical configurations are not interpreted as a controlled thickness-only trajectory.
N001,N001.SEQ_SPEC,spectral_shape,thickness=100cm;off_axis=0cm,effective_shape_bins,29.898631292142294,count,descriptive,False,Each spectrum is analyzed at its own measured benchmark condition; historical configurations are not interpreted as a controlled thickness-only trajectory.
N001,N001.SEQ_SPEC,spectral_shape,thickness=100cm;off_axis=0cm,n_energy,40.0,count,descriptive,False,Each spectrum is analyzed at its own measured benchmark condition; historical configurations are not interpreted as a controlled thickness-only trajectory.
N001,N001.SEQ_SPEC,spectral_shape,thickness=100cm;off_axis=0cm,normalized_shape_total_variation,0.33840017981147014,,descriptive,False,Each spectrum is analyzed at its own measured benchmark condition; historical configurations are not interpreted as a controlled thickness-only trajectory.
N001,N001.SEQ_SPEC,spectral_shape,thickness=100cm;off_axis=0cm,peak_energy_MeV,39.5,MeV,descriptive,False,Each spectrum is analyzed at its own measured benchmark condition; historical configurations are not interpreted as a controlled thickness-only trajectory.
N001,N001.SEQ_SPEC,spectral_shape,thickness=100cm;off_axis=0cm,response_weighted_energy_spread_MeV,12.61795205754615,MeV,descriptive,False,Each spectrum is analyzed at its own measured benchmark condition; historical configurations are not interpreted as a controlled thickness-only trajectory.
N001,N001.SEQ_SPEC,spectral_shape,thickness=100cm;off_axis=0cm,response_weighted_mean_energy_MeV,29.459978562474642,MeV,descriptive,False,Each spectrum is analyzed at its own measured benchmark condition; historical configurations are not interpreted as a controlled thickness-only trajectory.
N001,N001.SEQ_SPEC,spectral_shape,thickness=100cm;off_axis=0cm,shape_entropy_bits,4.902007536727613,bit,descriptive,False,Each spectrum is analyzed at its own measured benchmark condition; historical configurations are not interpreted as a controlled thickness-only trajectory.
N001,N001.SEQ_SPEC,spectral_shape,thickness=100cm;off_axis=0cm,spectral_integral,9.750516260249137,n_cm-2_uC-1,descriptive,False,Each spectrum is analyzed at its own measured benchmark condition; historical configurations are not interpreted as a controlled thickness-only trajectory.
N001,N001.SEQ_SPEC,spectral_shape,thickness=150cm;off_axis=0cm,effective_shape_bins,31.848582984994263,count,descriptive,False,Each spectrum is analyzed at its own measured benchmark condition; historical configurations are not interpreted as a controlled thickness-only trajectory.
N001,N001.SEQ_SPEC,spectral_shape,thickness=150cm;off_axis=0cm,n_energy,39.0,count,descriptive,False,Each spectrum is analyzed at its own measured benchmark condition; historical configurations are not interpreted as a controlled thickness-only trajectory.
N001,N001.SEQ_SPEC,spectral_shape,thickness=150cm;off_axis=0cm,normalized_shape_total_variation,0.28927036372213666,,descriptive,False,Each spectrum is analyzed at its own measured benchmark condition; historical configurations are not interpreted as a controlled thickness-only trajectory.
N001,N001.SEQ_SPEC,spectral_shape,thickness=150cm;off_axis=0cm,peak_energy_MeV,39.5,MeV,descriptive,False,Each spectrum is analyzed at its own measured benchmark condition; historical configurations are not interpreted as a controlled thickness-only trajectory.
N001,N001.SEQ_SPEC,spectral_shape,thickness=150cm;off_axis=0cm,response_weighted_energy_spread_MeV,12.270959285607908,MeV,descriptive,False,Each spectrum is analyzed at its own measured benchmark condition; historical configurations are not interpreted as a controlled thickness-only trajectory.
N001,N001.SEQ_SPEC,spectral_shape,thickness=150cm;off_axis=0cm,response_weighted_mean_energy_MeV,28.595881097871757,MeV,descriptive,False,Each spectrum is analyzed at its own measured benchmark condition; historical configurations are not interpreted as a controlled thickness-only trajectory.
N001,N001.SEQ_SPEC,spectral_shape,thickness=150cm;off_axis=0cm,shape_entropy_bits,4.993157280053422,bit,descriptive,False,Each spectrum is analyzed at its own measured benchmark condition; historical configurations are not interpreted as a controlled thickness-only trajectory.
N001,N001.SEQ_SPEC,spectral_shape,thickness=150cm;off_axis=0cm,spectral_integral,0.27046552521074846,n_cm-2_uC-1,descriptive,False,Each spectrum is analyzed at its own measured benchmark condition; historical configurations are not interpreted as a controlled thickness-only trajectory.
N001,N001.SEQ_SPEC,spectral_shape,thickness=25cm;off_axis=0cm,effective_shape_bins,28.957414100525632,count,descriptive,False,Each spectrum is analyzed at its own measured benchmark condition; historical configurations are not interpreted as a controlled thickness-only trajectory.
N001,N001.SEQ_SPEC,spectral_shape,thickness=25cm;off_axis=0cm,n_energy,40.0,count,descriptive,False,Each spectrum is analyzed at its own measured benchmark condition; historical configurations are not interpreted as a controlled thickness-only trajectory.
N001,N001.SEQ_SPEC,spectral_shape,thickness=25cm;off_axis=0cm,normalized_shape_total_variation,0.4149405713579265,,descriptive,False,Each spectrum is analyzed at its own measured benchmark condition; historical configurations are not interpreted as a controlled thickness-only trajectory.
N001,N001.SEQ_SPEC,spectral_shape,thickness=25cm;off_axis=0cm,peak_energy_MeV,40.5,MeV,descriptive,False,Each spectrum is analyzed at its own measured benchmark condition; historical configurations are not interpreted as a controlled thickness-only trajectory.
N001,N001.SEQ_SPEC,spectral_shape,thickness=25cm;off_axis=0cm,response_weighted_energy_spread_MeV,12.969251955582534,MeV,descriptive,False,Each spectrum is analyzed at its own measured benchmark condition; historical configurations are not interpreted as a controlled thickness-only trajectory.
N001,N001.SEQ_SPEC,spectral_shape,thickness=25cm;off_axis=0cm,response_weighted_mean_energy_MeV,29.170049817189305,MeV,descriptive,False,Each spectrum is analyzed at its own measured benchmark condition; historical configurations are not interpreted as a controlled thickness-only trajectory.
N001,N001.SEQ_SPEC,spectral_shape,thickness=25cm;off_axis=0cm,shape_entropy_bits,4.855860870274045,bit,descriptive,False,Each spectrum is analyzed at its own measured benchmark condition; historical configurations are not interpreted as a controlled thickness-only trajectory.
N001,N001.SEQ_SPEC,spectral_shape,thickness=25cm;off_axis=0cm,spectral_integral,5231.804572032953,n_cm-2_uC-1,descriptive,False,Each spectrum is analyzed at its own measured benchmark condition; historical configurations are not interpreted as a controlled thickness-only trajectory.
N001,N001.SEQ_SPEC,spectral_shape,thickness=25cm;off_axis=20cm,effective_shape_bins,35.161002790425,count,descriptive,False,Each spectrum is analyzed at its own measured benchmark condition; historical configurations are not interpreted as a controlled thickness-only trajectory.
N001,N001.SEQ_SPEC,spectral_shape,thickness=25cm;off_axis=20cm,n_energy,38.0,count,descriptive,False,Each spectrum is analyzed at its own measured benchmark condition; historical configurations are not interpreted as a controlled thickness-only trajectory.
N001,N001.SEQ_SPEC,spectral_shape,thickness=25cm;off_axis=20cm,normalized_shape_total_variation,0.20535907515514373,,descriptive,False,Each spectrum is analyzed at its own measured benchmark condition; historical configurations are not interpreted as a controlled thickness-only trajectory.
N001,N001.SEQ_SPEC,spectral_shape,thickness=25cm;off_axis=20cm,peak_energy_MeV,39.5,MeV,descriptive,False,Each spectrum is analyzed at its own measured benchmark condition; historical configurations are not interpreted as a controlled thickness-only trajectory.
N001,N001.SEQ_SPEC,spectral_shape,thickness=25cm;off_axis=20cm,response_weighted_energy_spread_MeV,12.055981718289642,MeV,descriptive,False,Each spectrum is analyzed at its own measured benchmark condition; historical configurations are not interpreted as a controlled thickness-only trajectory.
N001,N001.SEQ_SPEC,spectral_shape,thickness=25cm;off_axis=20cm,response_weighted_mean_energy_MeV,25.10424162302753,MeV,descriptive,False,Each spectrum is analyzed at its own measured benchmark condition; historical configurations are not interpreted as a controlled thickness-only trajectory.
N001,N001.SEQ_SPEC,spectral_shape,thickness=25cm;off_axis=20cm,shape_entropy_bits,5.135904311561592,bit,descriptive,False,Each spectrum is analyzed at its own measured benchmark condition; historical configurations are not interpreted as a controlled thickness-only trajectory.
N001,N001.SEQ_SPEC,spectral_shape,thickness=25cm;off_axis=20cm,spectral_integral,205.25216723828652,n_cm-2_uC-1,descriptive,False,Each spectrum is analyzed at its own measured benchmark condition; historical configurations are not interpreted as a controlled thickness-only trajectory.
N001,N001.SEQ_SPEC,spectral_shape,thickness=25cm;off_axis=40cm,effective_shape_bins,35.26512227425985,count,descriptive,False,Each spectrum is analyzed at its own measured benchmark condition; historical configurations are not interpreted as a controlled thickness-only trajectory.
N001,N001.SEQ_SPEC,spectral_shape,thickness=25cm;off_axis=40cm,n_energy,38.0,count,descriptive,False,Each spectrum is analyzed at its own measured benchmark condition; historical configurations are not interpreted as a controlled thickness-only trajectory.
N001,N001.SEQ_SPEC,spectral_shape,thickness=25cm;off_axis=40cm,normalized_shape_total_variation,0.08513279013558207,,descriptive,False,Each spectrum is analyzed at its own measured benchmark condition; historical configurations are not interpreted as a controlled thickness-only trajectory.
N001,N001.SEQ_SPEC,spectral_shape,thickness=25cm;off_axis=40cm,peak_energy_MeV,40.5,MeV,descriptive,False,Each spectrum is analyzed at its own measured benchmark condition; historical configurations are not interpreted as a controlled thickness-only trajectory.
N001,N001.SEQ_SPEC,spectral_shape,thickness=25cm;off_axis=40cm,response_weighted_energy_spread_MeV,11.734711563735775,MeV,descriptive,False,Each spectrum is analyzed at its own measured benchmark condition; historical configurations are not interpreted as a controlled thickness-only trajectory.
N001,N001.SEQ_SPEC,spectral_shape,thickness=25cm;off_axis=40cm,response_weighted_mean_energy_MeV,21.936321908334637,MeV,descriptive,False,Each spectrum is analyzed at its own measured benchmark condition; historical configurations are not interpreted as a controlled thickness-only trajectory.
N001,N001.SEQ_SPEC,spectral_shape,thickness=25cm;off_axis=40cm,shape_entropy_bits,5.140170136844242,bit,descriptive,False,Each spectrum is analyzed at its own measured benchmark condition; historical configurations are not interpreted as a controlled thickness-only trajectory.
N001,N001.SEQ_SPEC,spectral_shape,thickness=25cm;off_axis=40cm,spectral_integral,26.712317700688118,n_cm-2_uC-1,descriptive,False,Each spectrum is analyzed at its own measured benchmark condition; historical configurations are not interpreted as a controlled thickness-only trajectory.
N001,N001.SEQ_SPEC,spectral_shape,thickness=50cm;off_axis=0cm,effective_shape_bins,26.051251982258623,count,descriptive,False,Each spectrum is analyzed at its own measured benchmark condition; historical configurations are not interpreted as a controlled thickness-only trajectory.
N001,N001.SEQ_SPEC,spectral_shape,thickness=50cm;off_axis=0cm,n_energy,40.0,count,descriptive,False,Each spectrum is analyzed at its own measured benchmark condition; historical configurations are not interpreted as a controlled thickness-only trajectory.
N001,N001.SEQ_SPEC,spectral_shape,thickness=50cm;off_axis=0cm,normalized_shape_total_variation,0.4348869862682321,,descriptive,False,Each spectrum is analyzed at its own measured benchmark condition; historical configurations are not interpreted as a controlled thickness-only trajectory.
N001,N001.SEQ_SPEC,spectral_shape,thickness=50cm;off_axis=0cm,peak_energy_MeV,40.5,MeV,descriptive,False,Each spectrum is analyzed at its own measured benchmark condition; historical configurations are not interpreted as a controlled thickness-only trajectory.
N001,N001.SEQ_SPEC,spectral_shape,thickness=50cm;off_axis=0cm,response_weighted_energy_spread_MeV,12.126060479382668,MeV,descriptive,False,Each spectrum is analyzed at its own measured benchmark condition; historical configurations are not interpreted as a controlled thickness-only trajectory.
N001,N001.SEQ_SPEC,spectral_shape,thickness=50cm;off_axis=0cm,response_weighted_mean_energy_MeV,31.565785055531595,MeV,descriptive,False,Each spectrum is analyzed at its own measured benchmark condition; historical configurations are not interpreted as a controlled thickness-only trajectory.
N001,N001.SEQ_SPEC,spectral_shape,thickness=50cm;off_axis=0cm,shape_entropy_bits,4.7032808027152475,bit,descriptive,False,Each spectrum is analyzed at its own measured benchmark condition; historical configurations are not interpreted as a controlled thickness-only trajectory.
N001,N001.SEQ_SPEC,spectral_shape,thickness=50cm;off_axis=0cm,spectral_integral,503.9475486516489,n_cm-2_uC-1,descriptive,False,Each spectrum is analyzed at its own measured benchmark condition; historical configurations are not interpreted as a controlled thickness-only trajectory.
N001,N001.SEQ_SPEC,spectral_shape,thickness=50cm;off_axis=20cm,effective_shape_bins,32.095091736045994,count,descriptive,False,Each spectrum is analyzed at its own measured benchmark condition; historical configurations are not interpreted as a controlled thickness-only trajectory.
N001,N001.SEQ_SPEC,spectral_shape,thickness=50cm;off_axis=20cm,n_energy,38.0,count,descriptive,False,Each spectrum is analyzed at its own measured benchmark condition; historical configurations are not interpreted as a controlled thickness-only trajectory.
N001,N001.SEQ_SPEC,spectral_shape,thickness=50cm;off_axis=20cm,normalized_shape_total_variation,0.2823922325661313,,descriptive,False,Each spectrum is analyzed at its own measured benchmark condition; historical configurations are not interpreted as a controlled thickness-only trajectory.
N001,N001.SEQ_SPEC,spectral_shape,thickness=50cm;off_axis=20cm,peak_energy_MeV,39.5,MeV,descriptive,False,Each spectrum is analyzed at its own measured benchmark condition; historical configurations are not interpreted as a controlled thickness-only trajectory.
N001,N001.SEQ_SPEC,spectral_shape,thickness=50cm;off_axis=20cm,response_weighted_energy_spread_MeV,11.877071588830768,MeV,descriptive,False,Each spectrum is analyzed at its own measured benchmark condition; historical configurations are not interpreted as a controlled thickness-only trajectory.
N001,N001.SEQ_SPEC,spectral_shape,thickness=50cm;off_axis=20cm,response_weighted_mean_energy_MeV,28.644368623210475,MeV,descriptive,False,Each spectrum is analyzed at its own measured benchmark condition; historical configurations are not interpreted as a controlled thickness-only trajectory.
N001,N001.SEQ_SPEC,spectral_shape,thickness=50cm;off_axis=20cm,shape_entropy_bits,5.004280779478167,bit,descriptive,False,Each spectrum is analyzed at its own measured benchmark condition; historical configurations are not interpreted as a controlled thickness-only trajectory.
N001,N001.SEQ_SPEC,spectral_shape,thickness=50cm;off_axis=20cm,spectral_integral,94.01848005187959,n_cm-2_uC-1,descriptive,False,Each spectrum is analyzed at its own measured benchmark condition; historical configurations are not interpreted as a controlled thickness-only trajectory.
N001,N001.SEQ_SPEC,spectral_shape,thickness=50cm;off_axis=40cm,effective_shape_bins,34.121422841276996,count,descriptive,False,Each spectrum is analyzed at its own measured benchmark condition; historical configurations are not interpreted as a controlled thickness-only trajectory.
N001,N001.SEQ_SPEC,spectral_shape,thickness=50cm;off_axis=40cm,n_energy,37.0,count,descriptive,False,Each spectrum is analyzed at its own measured benchmark condition; historical configurations are not interpreted as a controlled thickness-only trajectory.
N001,N001.SEQ_SPEC,spectral_shape,thickness=50cm;off_axis=40cm,normalized_shape_total_variation,0.1960261280362427,,descriptive,False,Each spectrum is analyzed at its own measured benchmark condition; historical configurations are not interpreted as a controlled thickness-only trajectory.
N001,N001.SEQ_SPEC,spectral_shape,thickness=50cm;off_axis=40cm,peak_energy_MeV,39.5,MeV,descriptive,False,Each spectrum is analyzed at its own measured benchmark condition; historical configurations are not interpreted as a controlled thickness-only trajectory.
N001,N001.SEQ_SPEC,spectral_shape,thickness=50cm;off_axis=40cm,response_weighted_energy_spread_MeV,11.811950899806842,MeV,descriptive,False,Each spectrum is analyzed at its own measured benchmark condition; historical configurations are not interpreted as a controlled thickness-only trajectory.
N001,N001.SEQ_SPEC,spectral_shape,thickness=50cm;off_axis=40cm,response_weighted_mean_energy_MeV,26.69469635440265,MeV,descriptive,False,Each spectrum is analyzed at its own measured benchmark condition; historical configurations are not interpreted as a controlled thickness-only trajectory.
N001,N001.SEQ_SPEC,spectral_shape,thickness=50cm;off_axis=40cm,shape_entropy_bits,5.092605902248578,bit,descriptive,False,Each spectrum is analyzed at its own measured benchmark condition; historical configurations are not interpreted as a controlled thickness-only trajectory.
N001,N001.SEQ_SPEC,spectral_shape,thickness=50cm;off_axis=40cm,spectral_integral,16.494662241302464,n_cm-2_uC-1,descriptive,False,Each spectrum is analyzed at its own measured benchmark condition; historical configurations are not interpreted as a controlled thickness-only trajectory.
N001,N001.SEQ_SPEC,spectral_support,thickness=100cm;off_axis=0cm,covered_lethargy_width,2.3978952727983702,lethargy,descriptive,False,Each spectrum is analyzed at its own measured benchmark condition; historical configurations are not interpreted as a controlled thickness-only trajectory.
N001,N001.SEQ_SPEC,spectral_support,thickness=150cm;off_axis=0cm,covered_lethargy_width,2.17475172148416,lethargy,descriptive,False,Each spectrum is analyzed at its own measured benchmark condition; historical configurations are not interpreted as a controlled thickness-only trajectory.
N001,N001.SEQ_SPEC,spectral_support,thickness=25cm;off_axis=0cm,covered_lethargy_width,2.3978952727983702,lethargy,descriptive,False,Each spectrum is analyzed at its own measured benchmark condition; historical configurations are not interpreted as a controlled thickness-only trajectory.
N001,N001.SEQ_SPEC,spectral_support,thickness=25cm;off_axis=20cm,covered_lethargy_width,1.9924301646902058,lethargy,descriptive,False,Each spectrum is analyzed at its own measured benchmark condition; historical configurations are not interpreted as a controlled thickness-only trajectory.
N001,N001.SEQ_SPEC,spectral_support,thickness=25cm;off_axis=40cm,covered_lethargy_width,1.9924301646902058,lethargy,descriptive,False,Each spectrum is analyzed at its own measured benchmark condition; historical configurations are not interpreted as a controlled thickness-only trajectory.
N001,N001.SEQ_SPEC,spectral_support,thickness=50cm;off_axis=0cm,covered_lethargy_width,2.3978952727983702,lethargy,descriptive,False,Each spectrum is analyzed at its own measured benchmark condition; historical configurations are not interpreted as a controlled thickness-only trajectory.
N001,N001.SEQ_SPEC,spectral_support,thickness=50cm;off_axis=20cm,covered_lethargy_width,1.9924301646902058,lethargy,descriptive,False,Each spectrum is analyzed at its own measured benchmark condition; historical configurations are not interpreted as a controlled thickness-only trajectory.
N001,N001.SEQ_SPEC,spectral_support,thickness=50cm;off_axis=40cm,covered_lethargy_width,1.8382794848629476,lethargy,descriptive,False,Each spectrum is analyzed at its own measured benchmark condition; historical configurations are not interpreted as a controlled thickness-only trajectory.
N001,N001.SEQ_SPEC,statistical_support,thickness=100cm;off_axis=0cm,positive_response_bin_fraction,1.0,fraction,descriptive,False,Each spectrum is analyzed at its own measured benchmark condition; historical configurations are not interpreted as a controlled thickness-only trajectory.
N001,N001.SEQ_SPEC,statistical_support,thickness=150cm;off_axis=0cm,positive_response_bin_fraction,1.0,fraction,descriptive,False,Each spectrum is analyzed at its own measured benchmark condition; historical configurations are not interpreted as a controlled thickness-only trajectory.
N001,N001.SEQ_SPEC,statistical_support,thickness=25cm;off_axis=0cm,positive_response_bin_fraction,1.0,fraction,descriptive,False,Each spectrum is analyzed at its own measured benchmark condition; historical configurations are not interpreted as a controlled thickness-only trajectory.
N001,N001.SEQ_SPEC,statistical_support,thickness=25cm;off_axis=20cm,positive_response_bin_fraction,1.0,fraction,descriptive,False,Each spectrum is analyzed at its own measured benchmark condition; historical configurations are not interpreted as a controlled thickness-only trajectory.
N001,N001.SEQ_SPEC,statistical_support,thickness=25cm;off_axis=40cm,positive_response_bin_fraction,1.0,fraction,descriptive,False,Each spectrum is analyzed at its own measured benchmark condition; historical configurations are not interpreted as a controlled thickness-only trajectory.
N001,N001.SEQ_SPEC,statistical_support,thickness=50cm;off_axis=0cm,positive_response_bin_fraction,1.0,fraction,descriptive,False,Each spectrum is analyzed at its own measured benchmark condition; historical configurations are not interpreted as a controlled thickness-only trajectory.
N001,N001.SEQ_SPEC,statistical_support,thickness=50cm;off_axis=20cm,positive_response_bin_fraction,1.0,fraction,descriptive,False,Each spectrum is analyzed at its own measured benchmark condition; historical configurations are not interpreted as a controlled thickness-only trajectory.
N001,N001.SEQ_SPEC,statistical_support,thickness=50cm;off_axis=40cm,positive_response_bin_fraction,1.0,fraction,descriptive,False,Each spectrum is analyzed at its own measured benchmark condition; historical configurations are not interpreted as a controlled thickness-only trajectory.
N001,N001.TRAJ_DEPTH_CONTROLLED,controlled_depth_trend,all_controlled_thicknesses,effective_integrated_response_attenuation_per_cm,0.0678829783870463,per_cm,descriptive_controlled_trend,False,"Fixed geometry, source normalization, source energy and energy grid; only concrete thickness varies. Trend is retained as a descriptive controlled-field feature; model eligibility requires an explicit statistical-support criterion."
N001,N001.TRAJ_DEPTH_CONTROLLED,controlled_depth_trend,all_controlled_thicknesses,linear_slope_response_weighted_mean_energy_MeV,-0.12057507168235075,MeV_per_cm,descriptive_controlled_trend,False,"Fixed geometry, source normalization, source energy and energy grid; only concrete thickness varies. Trend is retained as a descriptive controlled-field feature; model eligibility requires an explicit statistical-support criterion."
N001,N001.TRAJ_DEPTH_CONTROLLED,controlled_depth_trend,all_controlled_thicknesses,linear_slope_shape_entropy_bits,-0.012137034917453854,bit_per_cm,descriptive_controlled_trend,False,"Fixed geometry, source normalization, source energy and energy grid; only concrete thickness varies. Trend is retained as a descriptive controlled-field feature; model eligibility requires an explicit statistical-support criterion."
N001,N001.TRAJ_DEPTH_CONTROLLED,mutual_information_delay,thickness=0cm,mi_delay_log_energy,1.9741348389863447,log_energy,valid_low_state_count,False,"Fixed geometry, source normalization, source energy and energy grid; only concrete thickness varies."
N001,N001.TRAJ_DEPTH_CONTROLLED,mutual_information_delay,thickness=0cm,mi_delay_samples,8.0,samples,valid_low_state_count,False,"Fixed geometry, source normalization, source energy and energy grid; only concrete thickness varies."
N001,N001.TRAJ_DEPTH_CONTROLLED,mutual_information_delay,thickness=100cm,mi_delay_log_energy,1.4806011292397585,log_energy,valid_low_state_count,False,"Fixed geometry, source normalization, source energy and energy grid; only concrete thickness varies."
N001,N001.TRAJ_DEPTH_CONTROLLED,mutual_information_delay,thickness=100cm,mi_delay_samples,6.0,samples,valid_low_state_count,False,"Fixed geometry, source normalization, source energy and energy grid; only concrete thickness varies."
N001,N001.TRAJ_DEPTH_CONTROLLED,mutual_information_delay,thickness=125cm,mi_delay_log_energy,1.2338342743664654,log_energy,valid_low_state_count,False,"Fixed geometry, source normalization, source energy and energy grid; only concrete thickness varies."
N001,N001.TRAJ_DEPTH_CONTROLLED,mutual_information_delay,thickness=125cm,mi_delay_samples,5.0,samples,valid_low_state_count,False,"Fixed geometry, source normalization, source energy and energy grid; only concrete thickness varies."
N001,N001.TRAJ_DEPTH_CONTROLLED,mutual_information_delay,thickness=150cm,mi_delay_log_energy,1.9741348389863447,log_energy,valid_low_state_count,False,"Fixed geometry, source normalization, source energy and energy grid; only concrete thickness varies."
N001,N001.TRAJ_DEPTH_CONTROLLED,mutual_information_delay,thickness=150cm,mi_delay_samples,8.0,samples,valid_low_state_count,False,"Fixed geometry, source normalization, source energy and energy grid; only concrete thickness varies."
N001,N001.TRAJ_DEPTH_CONTROLLED,mutual_information_delay,thickness=175cm,mi_delay_log_energy,1.9741348389863447,log_energy,valid_low_state_count,False,"Fixed geometry, source normalization, source energy and energy grid; only concrete thickness varies."
N001,N001.TRAJ_DEPTH_CONTROLLED,mutual_information_delay,thickness=175cm,mi_delay_samples,8.0,samples,valid_low_state_count,False,"Fixed geometry, source normalization, source energy and energy grid; only concrete thickness varies."
N001,N001.TRAJ_DEPTH_CONTROLLED,mutual_information_delay,thickness=200cm,mi_delay_log_energy,1.9741348389863447,log_energy,valid_low_state_count,False,"Fixed geometry, source normalization, source energy and energy grid; only concrete thickness varies."
N001,N001.TRAJ_DEPTH_CONTROLLED,mutual_information_delay,thickness=200cm,mi_delay_samples,8.0,samples,valid_low_state_count,False,"Fixed geometry, source normalization, source energy and energy grid; only concrete thickness varies."
N001,N001.TRAJ_DEPTH_CONTROLLED,mutual_information_delay,thickness=25cm,mi_delay_log_energy,1.9741348389863447,log_energy,valid_low_state_count,False,"Fixed geometry, source normalization, source energy and energy grid; only concrete thickness varies."
N001,N001.TRAJ_DEPTH_CONTROLLED,mutual_information_delay,thickness=25cm,mi_delay_samples,8.0,samples,valid_low_state_count,False,"Fixed geometry, source normalization, source energy and energy grid; only concrete thickness varies."
N001,N001.TRAJ_DEPTH_CONTROLLED,mutual_information_delay,thickness=50cm,mi_delay_log_energy,1.2338342743664654,log_energy,valid_low_state_count,False,"Fixed geometry, source normalization, source energy and energy grid; only concrete thickness varies."
N001,N001.TRAJ_DEPTH_CONTROLLED,mutual_information_delay,thickness=50cm,mi_delay_samples,5.0,samples,valid_low_state_count,False,"Fixed geometry, source normalization, source energy and energy grid; only concrete thickness varies."
N001,N001.TRAJ_DEPTH_CONTROLLED,mutual_information_delay,thickness=75cm,mi_delay_log_energy,1.4806011292397585,log_energy,valid_low_state_count,False,"Fixed geometry, source normalization, source energy and energy grid; only concrete thickness varies."
N001,N001.TRAJ_DEPTH_CONTROLLED,mutual_information_delay,thickness=75cm,mi_delay_samples,6.0,samples,valid_low_state_count,False,"Fixed geometry, source normalization, source energy and energy grid; only concrete thickness varies."
N001,N001.TRAJ_DEPTH_CONTROLLED,nearest_neighbor_entropy,thickness=0cm,theiler_nn_entropy_bits_d2,1.395244142010571,bit,valid_low_state_count,False,"Fixed geometry, source normalization, source energy and energy grid; only concrete thickness varies."
N001,N001.TRAJ_DEPTH_CONTROLLED,nearest_neighbor_entropy,thickness=100cm,theiler_nn_entropy_bits_d2,0.7785211449742371,bit,valid_low_state_count,False,"Fixed geometry, source normalization, source energy and energy grid; only concrete thickness varies."
N001,N001.TRAJ_DEPTH_CONTROLLED,nearest_neighbor_entropy,thickness=125cm,theiler_nn_entropy_bits_d2,1.5727714556769652,bit,valid_low_state_count,False,"Fixed geometry, source normalization, source energy and energy grid; only concrete thickness varies."
N001,N001.TRAJ_DEPTH_CONTROLLED,nearest_neighbor_entropy,thickness=25cm,theiler_nn_entropy_bits_d2,0.6799459483555353,bit,valid_low_state_count,False,"Fixed geometry, source normalization, source energy and energy grid; only concrete thickness varies."
N001,N001.TRAJ_DEPTH_CONTROLLED,nearest_neighbor_entropy,thickness=50cm,theiler_nn_entropy_bits_d2,0.4390403660048636,bit,valid_low_state_count,False,"Fixed geometry, source normalization, source energy and energy grid; only concrete thickness varies."
N001,N001.TRAJ_DEPTH_CONTROLLED,nearest_neighbor_entropy,thickness=75cm,theiler_nn_entropy_bits_d2,0.5379959438107361,bit,valid_low_state_count,False,"Fixed geometry, source normalization, source energy and energy grid; only concrete thickness varies."
N001,N001.TRAJ_DEPTH_CONTROLLED,spectral_shape,thickness=0cm,effective_shape_bins,8.23369018377943,count,valid_low_state_count,False,"Fixed geometry, source normalization, source energy and energy grid; only concrete thickness varies."
N001,N001.TRAJ_DEPTH_CONTROLLED,spectral_shape,thickness=0cm,n_energy,120.0,count,valid_low_state_count,False,"Fixed geometry, source normalization, source energy and energy grid; only concrete thickness varies."
N001,N001.TRAJ_DEPTH_CONTROLLED,spectral_shape,thickness=0cm,normalized_shape_total_variation,0.8870700077596005,,valid_low_state_count,False,"Fixed geometry, source normalization, source energy and energy grid; only concrete thickness varies."
N001,N001.TRAJ_DEPTH_CONTROLLED,spectral_shape,thickness=0cm,peak_energy_MeV,39.41955153069267,MeV,valid_low_state_count,False,"Fixed geometry, source normalization, source energy and energy grid; only concrete thickness varies."
N001,N001.TRAJ_DEPTH_CONTROLLED,spectral_shape,thickness=0cm,response_weighted_energy_spread_MeV,13.6199966270016,MeV,valid_low_state_count,False,"Fixed geometry, source normalization, source energy and energy grid; only concrete thickness varies."
N001,N001.TRAJ_DEPTH_CONTROLLED,spectral_shape,thickness=0cm,response_weighted_mean_energy_MeV,25.69932936413197,MeV,valid_low_state_count,False,"Fixed geometry, source normalization, source energy and energy grid; only concrete thickness varies."
N001,N001.TRAJ_DEPTH_CONTROLLED,spectral_shape,thickness=0cm,shape_entropy_bits,3.041539164139609,bit,valid_low_state_count,False,"Fixed geometry, source normalization, source energy and energy grid; only concrete thickness varies."
N001,N001.TRAJ_DEPTH_CONTROLLED,spectral_shape,thickness=0cm,spectral_integral,35681.699610680604,n_cm-2_uC-1,valid_low_state_count,False,"Fixed geometry, source normalization, source energy and energy grid; only concrete thickness varies."
N001,N001.TRAJ_DEPTH_CONTROLLED,spectral_shape,thickness=100cm,effective_shape_bins,29.110875468687105,count,valid_low_state_count,False,"Fixed geometry, source normalization, source energy and energy grid; only concrete thickness varies."
N001,N001.TRAJ_DEPTH_CONTROLLED,spectral_shape,thickness=100cm,n_energy,120.0,count,valid_low_state_count,False,"Fixed geometry, source normalization, source energy and energy grid; only concrete thickness varies."
N001,N001.TRAJ_DEPTH_CONTROLLED,spectral_shape,thickness=100cm,normalized_shape_total_variation,0.8954923405049069,,valid_low_state_count,False,"Fixed geometry, source normalization, source energy and energy grid; only concrete thickness varies."
N001,N001.TRAJ_DEPTH_CONTROLLED,spectral_shape,thickness=100cm,peak_energy_MeV,39.41955153069267,MeV,valid_low_state_count,False,"Fixed geometry, source normalization, source energy and energy grid; only concrete thickness varies."
N001,N001.TRAJ_DEPTH_CONTROLLED,spectral_shape,thickness=100cm,response_weighted_energy_spread_MeV,16.379633181736676,MeV,valid_low_state_count,False,"Fixed geometry, source normalization, source energy and energy grid; only concrete thickness varies."
N001,N001.TRAJ_DEPTH_CONTROLLED,spectral_shape,thickness=100cm,response_weighted_mean_energy_MeV,14.480747944688241,MeV,valid_low_state_count,False,"Fixed geometry, source normalization, source energy and energy grid; only concrete thickness varies."
N001,N001.TRAJ_DEPTH_CONTROLLED,spectral_shape,thickness=100cm,shape_entropy_bits,4.863486322027229,bit,valid_low_state_count,False,"Fixed geometry, source normalization, source energy and energy grid; only concrete thickness varies."
N001,N001.TRAJ_DEPTH_CONTROLLED,spectral_shape,thickness=100cm,spectral_integral,29.841289752025478,n_cm-2_uC-1,valid_low_state_count,False,"Fixed geometry, source normalization, source energy and energy grid; only concrete thickness varies."
N001,N001.TRAJ_DEPTH_CONTROLLED,spectral_shape,thickness=125cm,effective_shape_bins,30.342866346727078,count,valid_low_state_count,False,"Fixed geometry, source normalization, source energy and energy grid; only concrete thickness varies."
N001,N001.TRAJ_DEPTH_CONTROLLED,spectral_shape,thickness=125cm,n_energy,120.0,count,valid_low_state_count,False,"Fixed geometry, source normalization, source energy and energy grid; only concrete thickness varies."
N001,N001.TRAJ_DEPTH_CONTROLLED,spectral_shape,thickness=125cm,normalized_shape_total_variation,1.0862796922026259,,valid_low_state_count,False,"Fixed geometry, source normalization, source energy and energy grid; only concrete thickness varies."
N001,N001.TRAJ_DEPTH_CONTROLLED,spectral_shape,thickness=125cm,peak_energy_MeV,39.41955153069267,MeV,valid_low_state_count,False,"Fixed geometry, source normalization, source energy and energy grid; only concrete thickness varies."
N001,N001.TRAJ_DEPTH_CONTROLLED,spectral_shape,thickness=125cm,response_weighted_energy_spread_MeV,15.120876221293818,MeV,valid_low_state_count,False,"Fixed geometry, source normalization, source energy and energy grid; only concrete thickness varies."
N001,N001.TRAJ_DEPTH_CONTROLLED,spectral_shape,thickness=125cm,response_weighted_mean_energy_MeV,10.181933763313689,MeV,valid_low_state_count,False,"Fixed geometry, source normalization, source energy and energy grid; only concrete thickness varies."
N001,N001.TRAJ_DEPTH_CONTROLLED,spectral_shape,thickness=125cm,shape_entropy_bits,4.923285471470432,bit,valid_low_state_count,False,"Fixed geometry, source normalization, source energy and energy grid; only concrete thickness varies."
N001,N001.TRAJ_DEPTH_CONTROLLED,spectral_shape,thickness=125cm,spectral_integral,5.432426177938664,n_cm-2_uC-1,valid_low_state_count,False,"Fixed geometry, source normalization, source energy and energy grid; only concrete thickness varies."
N001,N001.TRAJ_DEPTH_CONTROLLED,spectral_shape,thickness=150cm,effective_shape_bins,9.343965300620505,count,valid_low_state_count,False,"Fixed geometry, source normalization, source energy and energy grid; only concrete thickness varies."
N001,N001.TRAJ_DEPTH_CONTROLLED,spectral_shape,thickness=150cm,n_energy,120.0,count,valid_low_state_count,False,"Fixed geometry, source normalization, source energy and energy grid; only concrete thickness varies."
N001,N001.TRAJ_DEPTH_CONTROLLED,spectral_shape,thickness=150cm,normalized_shape_total_variation,1.6492111710867416,,valid_low_state_count,False,"Fixed geometry, source normalization, source energy and energy grid; only concrete thickness varies."
N001,N001.TRAJ_DEPTH_CONTROLLED,spectral_shape,thickness=150cm,peak_energy_MeV,5.474643097895469,MeV,valid_low_state_count,False,"Fixed geometry, source normalization, source energy and energy grid; only concrete thickness varies."
N001,N001.TRAJ_DEPTH_CONTROLLED,spectral_shape,thickness=150cm,response_weighted_energy_spread_MeV,13.142889297511918,MeV,valid_low_state_count,False,"Fixed geometry, source normalization, source energy and energy grid; only concrete thickness varies."
N001,N001.TRAJ_DEPTH_CONTROLLED,spectral_shape,thickness=150cm,response_weighted_mean_energy_MeV,11.87722227799562,MeV,valid_low_state_count,False,"Fixed geometry, source normalization, source energy and energy grid; only concrete thickness varies."
N001,N001.TRAJ_DEPTH_CONTROLLED,spectral_shape,thickness=150cm,shape_entropy_bits,3.2240349166927085,bit,valid_low_state_count,False,"Fixed geometry, source normalization, source energy and energy grid; only concrete thickness varies."
N001,N001.TRAJ_DEPTH_CONTROLLED,spectral_shape,thickness=150cm,spectral_integral,1.0783594828579224,n_cm-2_uC-1,valid_low_state_count,False,"Fixed geometry, source normalization, source energy and energy grid; only concrete thickness varies."
N001,N001.TRAJ_DEPTH_CONTROLLED,spectral_shape,thickness=175cm,effective_shape_bins,6.881475597801908,count,valid_low_state_count,False,"Fixed geometry, source normalization, source energy and energy grid; only concrete thickness varies."
N001,N001.TRAJ_DEPTH_CONTROLLED,spectral_shape,thickness=175cm,n_energy,120.0,count,valid_low_state_count,False,"Fixed geometry, source normalization, source energy and energy grid; only concrete thickness varies."
N001,N001.TRAJ_DEPTH_CONTROLLED,spectral_shape,thickness=175cm,normalized_shape_total_variation,1.9999999999998042,,valid_low_state_count,False,"Fixed geometry, source normalization, source energy and energy grid; only concrete thickness varies."
N001,N001.TRAJ_DEPTH_CONTROLLED,spectral_shape,thickness=175cm,peak_energy_MeV,0.00013491741957144998,MeV,valid_low_state_count,False,"Fixed geometry, source normalization, source energy and energy grid; only concrete thickness varies."
N001,N001.TRAJ_DEPTH_CONTROLLED,spectral_shape,thickness=175cm,response_weighted_energy_spread_MeV,4.036505502880944,MeV,valid_low_state_count,False,"Fixed geometry, source normalization, source energy and energy grid; only concrete thickness varies."
N001,N001.TRAJ_DEPTH_CONTROLLED,spectral_shape,thickness=175cm,response_weighted_mean_energy_MeV,2.4226637572663323,MeV,valid_low_state_count,False,"Fixed geometry, source normalization, source energy and energy grid; only concrete thickness varies."
N001,N001.TRAJ_DEPTH_CONTROLLED,spectral_shape,thickness=175cm,shape_entropy_bits,2.782717955824329,bit,valid_low_state_count,False,"Fixed geometry, source normalization, source energy and energy grid; only concrete thickness varies."
N001,N001.TRAJ_DEPTH_CONTROLLED,spectral_shape,thickness=175cm,spectral_integral,0.3311405937259714,n_cm-2_uC-1,valid_low_state_count,False,"Fixed geometry, source normalization, source energy and energy grid; only concrete thickness varies."
N001,N001.TRAJ_DEPTH_CONTROLLED,spectral_shape,thickness=200cm,effective_shape_bins,1.0,count,valid_low_state_count,False,"Fixed geometry, source normalization, source energy and energy grid; only concrete thickness varies."
N001,N001.TRAJ_DEPTH_CONTROLLED,spectral_shape,thickness=200cm,n_energy,120.0,count,valid_low_state_count,False,"Fixed geometry, source normalization, source energy and energy grid; only concrete thickness varies."
N001,N001.TRAJ_DEPTH_CONTROLLED,spectral_shape,thickness=200cm,normalized_shape_total_variation,2.0,,valid_low_state_count,False,"Fixed geometry, source normalization, source energy and energy grid; only concrete thickness varies."
N001,N001.TRAJ_DEPTH_CONTROLLED,spectral_shape,thickness=200cm,peak_energy_MeV,2.398179258828085e-05,MeV,valid_low_state_count,False,"Fixed geometry, source normalization, source energy and energy grid; only concrete thickness varies."
N001,N001.TRAJ_DEPTH_CONTROLLED,spectral_shape,thickness=200cm,response_weighted_energy_spread_MeV,1.6988758489467067e-06,MeV,valid_low_state_count,False,"Fixed geometry, source normalization, source energy and energy grid; only concrete thickness varies."
N001,N001.TRAJ_DEPTH_CONTROLLED,spectral_shape,thickness=200cm,response_weighted_mean_energy_MeV,2.3860833732336816e-05,MeV,valid_low_state_count,False,"Fixed geometry, source normalization, source energy and energy grid; only concrete thickness varies."
N001,N001.TRAJ_DEPTH_CONTROLLED,spectral_shape,thickness=200cm,shape_entropy_bits,-0.0,bit,valid_low_state_count,False,"Fixed geometry, source normalization, source energy and energy grid; only concrete thickness varies."
N001,N001.TRAJ_DEPTH_CONTROLLED,spectral_shape,thickness=200cm,spectral_integral,0.05271534774159555,n_cm-2_uC-1,valid_low_state_count,False,"Fixed geometry, source normalization, source energy and energy grid; only concrete thickness varies."
N001,N001.TRAJ_DEPTH_CONTROLLED,spectral_shape,thickness=25cm,effective_shape_bins,14.904017891762168,count,valid_low_state_count,False,"Fixed geometry, source normalization, source energy and energy grid; only concrete thickness varies."
N001,N001.TRAJ_DEPTH_CONTROLLED,spectral_shape,thickness=25cm,n_energy,120.0,count,valid_low_state_count,False,"Fixed geometry, source normalization, source energy and energy grid; only concrete thickness varies."
N001,N001.TRAJ_DEPTH_CONTROLLED,spectral_shape,thickness=25cm,normalized_shape_total_variation,0.7927659826634815,,valid_low_state_count,False,"Fixed geometry, source normalization, source energy and energy grid; only concrete thickness varies."
N001,N001.TRAJ_DEPTH_CONTROLLED,spectral_shape,thickness=25cm,peak_energy_MeV,39.41955153069267,MeV,valid_low_state_count,False,"Fixed geometry, source normalization, source energy and energy grid; only concrete thickness varies."
N001,N001.TRAJ_DEPTH_CONTROLLED,spectral_shape,thickness=25cm,response_weighted_energy_spread_MeV,15.82391159291612,MeV,valid_low_state_count,False,"Fixed geometry, source normalization, source energy and energy grid; only concrete thickness varies."
N001,N001.TRAJ_DEPTH_CONTROLLED,spectral_shape,thickness=25cm,response_weighted_mean_energy_MeV,22.22683807353607,MeV,valid_low_state_count,False,"Fixed geometry, source normalization, source energy and energy grid; only concrete thickness varies."
N001,N001.TRAJ_DEPTH_CONTROLLED,spectral_shape,thickness=25cm,shape_entropy_bits,3.8976294061864922,bit,valid_low_state_count,False,"Fixed geometry, source normalization, source energy and energy grid; only concrete thickness varies."
N001,N001.TRAJ_DEPTH_CONTROLLED,spectral_shape,thickness=25cm,spectral_integral,8862.097527037748,n_cm-2_uC-1,valid_low_state_count,False,"Fixed geometry, source normalization, source energy and energy grid; only concrete thickness varies."
N001,N001.TRAJ_DEPTH_CONTROLLED,spectral_shape,thickness=50cm,effective_shape_bins,23.059219747402576,count,valid_low_state_count,False,"Fixed geometry, source normalization, source energy and energy grid; only concrete thickness varies."
N001,N001.TRAJ_DEPTH_CONTROLLED,spectral_shape,thickness=50cm,n_energy,120.0,count,valid_low_state_count,False,"Fixed geometry, source normalization, source energy and energy grid; only concrete thickness varies."
N001,N001.TRAJ_DEPTH_CONTROLLED,spectral_shape,thickness=50cm,normalized_shape_total_variation,0.730354641840983,,valid_low_state_count,False,"Fixed geometry, source normalization, source energy and energy grid; only concrete thickness varies."
N001,N001.TRAJ_DEPTH_CONTROLLED,spectral_shape,thickness=50cm,peak_energy_MeV,39.41955153069267,MeV,valid_low_state_count,False,"Fixed geometry, source normalization, source energy and energy grid; only concrete thickness varies."
N001,N001.TRAJ_DEPTH_CONTROLLED,spectral_shape,thickness=50cm,response_weighted_energy_spread_MeV,16.751758562009652,MeV,valid_low_state_count,False,"Fixed geometry, source normalization, source energy and energy grid; only concrete thickness varies."
N001,N001.TRAJ_DEPTH_CONTROLLED,spectral_shape,thickness=50cm,response_weighted_mean_energy_MeV,18.676704220376173,MeV,valid_low_state_count,False,"Fixed geometry, source normalization, source energy and energy grid; only concrete thickness varies."
N001,N001.TRAJ_DEPTH_CONTROLLED,spectral_shape,thickness=50cm,shape_entropy_bits,4.527271792369794,bit,valid_low_state_count,False,"Fixed geometry, source normalization, source energy and energy grid; only concrete thickness varies."
N001,N001.TRAJ_DEPTH_CONTROLLED,spectral_shape,thickness=50cm,spectral_integral,1216.8862375994145,n_cm-2_uC-1,valid_low_state_count,False,"Fixed geometry, source normalization, source energy and energy grid; only concrete thickness varies."
N001,N001.TRAJ_DEPTH_CONTROLLED,spectral_shape,thickness=75cm,effective_shape_bins,32.2554958233833,count,valid_low_state_count,False,"Fixed geometry, source normalization, source energy and energy grid; only concrete thickness varies."
N001,N001.TRAJ_DEPTH_CONTROLLED,spectral_shape,thickness=75cm,n_energy,120.0,count,valid_low_state_count,False,"Fixed geometry, source normalization, source energy and energy grid; only concrete thickness varies."
N001,N001.TRAJ_DEPTH_CONTROLLED,spectral_shape,thickness=75cm,normalized_shape_total_variation,0.7070301604366684,,valid_low_state_count,False,"Fixed geometry, source normalization, source energy and energy grid; only concrete thickness varies."
N001,N001.TRAJ_DEPTH_CONTROLLED,spectral_shape,thickness=75cm,peak_energy_MeV,39.41955153069267,MeV,valid_low_state_count,False,"Fixed geometry, source normalization, source energy and energy grid; only concrete thickness varies."
N001,N001.TRAJ_DEPTH_CONTROLLED,spectral_shape,thickness=75cm,response_weighted_energy_spread_MeV,16.660724638700856,MeV,valid_low_state_count,False,"Fixed geometry, source normalization, source energy and energy grid; only concrete thickness varies."
N001,N001.TRAJ_DEPTH_CONTROLLED,spectral_shape,thickness=75cm,response_weighted_mean_energy_MeV,15.235832440076607,MeV,valid_low_state_count,False,"Fixed geometry, source normalization, source energy and energy grid; only concrete thickness varies."
N001,N001.TRAJ_DEPTH_CONTROLLED,spectral_shape,thickness=75cm,shape_entropy_bits,5.011473088652149,bit,valid_low_state_count,False,"Fixed geometry, source normalization, source energy and energy grid; only concrete thickness varies."
N001,N001.TRAJ_DEPTH_CONTROLLED,spectral_shape,thickness=75cm,spectral_integral,176.69296433353685,n_cm-2_uC-1,valid_low_state_count,False,"Fixed geometry, source normalization, source energy and energy grid; only concrete thickness varies."
N001,N001.TRAJ_DEPTH_CONTROLLED,spectral_support,thickness=0cm,covered_lethargy_width,29.61202258479513,lethargy,valid_low_state_count,False,"Fixed geometry, source normalization, source energy and energy grid; only concrete thickness varies."
N001,N001.TRAJ_DEPTH_CONTROLLED,spectral_support,thickness=100cm,covered_lethargy_width,29.61202258479513,lethargy,valid_low_state_count,False,"Fixed geometry, source normalization, source energy and energy grid; only concrete thickness varies."
N001,N001.TRAJ_DEPTH_CONTROLLED,spectral_support,thickness=125cm,covered_lethargy_width,29.61202258479513,lethargy,valid_low_state_count,False,"Fixed geometry, source normalization, source energy and energy grid; only concrete thickness varies."
N001,N001.TRAJ_DEPTH_CONTROLLED,spectral_support,thickness=150cm,covered_lethargy_width,29.61202258479513,lethargy,valid_low_state_count,False,"Fixed geometry, source normalization, source energy and energy grid; only concrete thickness varies."
N001,N001.TRAJ_DEPTH_CONTROLLED,spectral_support,thickness=175cm,covered_lethargy_width,29.61202258479513,lethargy,valid_low_state_count,False,"Fixed geometry, source normalization, source energy and energy grid; only concrete thickness varies."
N001,N001.TRAJ_DEPTH_CONTROLLED,spectral_support,thickness=200cm,covered_lethargy_width,29.61202258479513,lethargy,valid_low_state_count,False,"Fixed geometry, source normalization, source energy and energy grid; only concrete thickness varies."
N001,N001.TRAJ_DEPTH_CONTROLLED,spectral_support,thickness=25cm,covered_lethargy_width,29.61202258479513,lethargy,valid_low_state_count,False,"Fixed geometry, source normalization, source energy and energy grid; only concrete thickness varies."
N001,N001.TRAJ_DEPTH_CONTROLLED,spectral_support,thickness=50cm,covered_lethargy_width,29.61202258479513,lethargy,valid_low_state_count,False,"Fixed geometry, source normalization, source energy and energy grid; only concrete thickness varies."
N001,N001.TRAJ_DEPTH_CONTROLLED,spectral_support,thickness=75cm,covered_lethargy_width,29.61202258479513,lethargy,valid_low_state_count,False,"Fixed geometry, source normalization, source energy and energy grid; only concrete thickness varies."
N001,N001.TRAJ_DEPTH_CONTROLLED,statistical_support,thickness=0cm,median_relative_bin_mc_sigma,0.06368897194260065,fraction,valid_low_state_count,False,"Fixed geometry, source normalization, source energy and energy grid; only concrete thickness varies."
N001,N001.TRAJ_DEPTH_CONTROLLED,statistical_support,thickness=0cm,p90_relative_bin_mc_sigma,0.7071064277123338,fraction,valid_low_state_count,False,"Fixed geometry, source normalization, source energy and energy grid; only concrete thickness varies."
N001,N001.TRAJ_DEPTH_CONTROLLED,statistical_support,thickness=0cm,positive_response_bin_fraction,0.45,fraction,valid_low_state_count,False,"Fixed geometry, source normalization, source energy and energy grid; only concrete thickness varies."
N001,N001.TRAJ_DEPTH_CONTROLLED,statistical_support,thickness=100cm,median_relative_bin_mc_sigma,0.7090515317747899,fraction,valid_low_state_count,False,"Fixed geometry, source normalization, source energy and energy grid; only concrete thickness varies."
N001,N001.TRAJ_DEPTH_CONTROLLED,statistical_support,thickness=100cm,p90_relative_bin_mc_sigma,1.0,fraction,valid_low_state_count,False,"Fixed geometry, source normalization, source energy and energy grid; only concrete thickness varies."
N001,N001.TRAJ_DEPTH_CONTROLLED,statistical_support,thickness=100cm,positive_response_bin_fraction,0.6333333333333333,fraction,valid_low_state_count,False,"Fixed geometry, source normalization, source energy and energy grid; only concrete thickness varies."
N001,N001.TRAJ_DEPTH_CONTROLLED,statistical_support,thickness=125cm,median_relative_bin_mc_sigma,0.7306794670787237,fraction,valid_low_state_count,False,"Fixed geometry, source normalization, source energy and energy grid; only concrete thickness varies."
N001,N001.TRAJ_DEPTH_CONTROLLED,statistical_support,thickness=125cm,p90_relative_bin_mc_sigma,1.0,fraction,valid_low_state_count,False,"Fixed geometry, source normalization, source energy and energy grid; only concrete thickness varies."
N001,N001.TRAJ_DEPTH_CONTROLLED,statistical_support,thickness=125cm,positive_response_bin_fraction,0.35833333333333334,fraction,valid_low_state_count,False,"Fixed geometry, source normalization, source energy and energy grid; only concrete thickness varies."
N001,N001.TRAJ_DEPTH_CONTROLLED,statistical_support,thickness=150cm,median_relative_bin_mc_sigma,1.0,fraction,valid_low_state_count,False,"Fixed geometry, source normalization, source energy and energy grid; only concrete thickness varies."
N001,N001.TRAJ_DEPTH_CONTROLLED,statistical_support,thickness=150cm,p90_relative_bin_mc_sigma,1.0,fraction,valid_low_state_count,False,"Fixed geometry, source normalization, source energy and energy grid; only concrete thickness varies."
N001,N001.TRAJ_DEPTH_CONTROLLED,statistical_support,thickness=150cm,positive_response_bin_fraction,0.1,fraction,valid_low_state_count,False,"Fixed geometry, source normalization, source energy and energy grid; only concrete thickness varies."
N001,N001.TRAJ_DEPTH_CONTROLLED,statistical_support,thickness=175cm,median_relative_bin_mc_sigma,1.0,fraction,valid_low_state_count,False,"Fixed geometry, source normalization, source energy and energy grid; only concrete thickness varies."
N001,N001.TRAJ_DEPTH_CONTROLLED,statistical_support,thickness=175cm,p90_relative_bin_mc_sigma,1.0000000000000002,fraction,valid_low_state_count,False,"Fixed geometry, source normalization, source energy and energy grid; only concrete thickness varies."
N001,N001.TRAJ_DEPTH_CONTROLLED,statistical_support,thickness=175cm,positive_response_bin_fraction,0.058333333333333334,fraction,valid_low_state_count,False,"Fixed geometry, source normalization, source energy and energy grid; only concrete thickness varies."
N001,N001.TRAJ_DEPTH_CONTROLLED,statistical_support,thickness=200cm,median_relative_bin_mc_sigma,1.0,fraction,valid_low_state_count,False,"Fixed geometry, source normalization, source energy and energy grid; only concrete thickness varies."
N001,N001.TRAJ_DEPTH_CONTROLLED,statistical_support,thickness=200cm,p90_relative_bin_mc_sigma,1.0,fraction,valid_low_state_count,False,"Fixed geometry, source normalization, source energy and energy grid; only concrete thickness varies."
N001,N001.TRAJ_DEPTH_CONTROLLED,statistical_support,thickness=200cm,positive_response_bin_fraction,0.008333333333333333,fraction,valid_low_state_count,False,"Fixed geometry, source normalization, source energy and energy grid; only concrete thickness varies."
N001,N001.TRAJ_DEPTH_CONTROLLED,statistical_support,thickness=25cm,median_relative_bin_mc_sigma,0.10391707228619196,fraction,valid_low_state_count,False,"Fixed geometry, source normalization, source energy and energy grid; only concrete thickness varies."
N001,N001.TRAJ_DEPTH_CONTROLLED,statistical_support,thickness=25cm,p90_relative_bin_mc_sigma,0.19349035495030356,fraction,valid_low_state_count,False,"Fixed geometry, source normalization, source energy and energy grid; only concrete thickness varies."
N001,N001.TRAJ_DEPTH_CONTROLLED,statistical_support,thickness=25cm,positive_response_bin_fraction,0.85,fraction,valid_low_state_count,False,"Fixed geometry, source normalization, source energy and energy grid; only concrete thickness varies."
N001,N001.TRAJ_DEPTH_CONTROLLED,statistical_support,thickness=50cm,median_relative_bin_mc_sigma,0.18576956596410568,fraction,valid_low_state_count,False,"Fixed geometry, source normalization, source energy and energy grid; only concrete thickness varies."
N001,N001.TRAJ_DEPTH_CONTROLLED,statistical_support,thickness=50cm,p90_relative_bin_mc_sigma,0.3350489911991707,fraction,valid_low_state_count,False,"Fixed geometry, source normalization, source energy and energy grid; only concrete thickness varies."
N001,N001.TRAJ_DEPTH_CONTROLLED,statistical_support,thickness=50cm,positive_response_bin_fraction,0.825,fraction,valid_low_state_count,False,"Fixed geometry, source normalization, source energy and energy grid; only concrete thickness varies."
N001,N001.TRAJ_DEPTH_CONTROLLED,statistical_support,thickness=75cm,median_relative_bin_mc_sigma,0.36872282198314554,fraction,valid_low_state_count,False,"Fixed geometry, source normalization, source energy and energy grid; only concrete thickness varies."
N001,N001.TRAJ_DEPTH_CONTROLLED,statistical_support,thickness=75cm,p90_relative_bin_mc_sigma,0.5339772199196688,fraction,valid_low_state_count,False,"Fixed geometry, source normalization, source energy and energy grid; only concrete thickness varies."
N001,N001.TRAJ_DEPTH_CONTROLLED,statistical_support,thickness=75cm,positive_response_bin_fraction,0.8166666666666667,fraction,valid_low_state_count,False,"Fixed geometry, source normalization, source energy and energy grid; only concrete thickness varies."
N002,N002.SEQ_SPEC,mutual_information_delay,thickness=100cm;off_axis=0cm,mi_delay_log_energy,0.18898434621565308,log_energy,descriptive,False,Each spectrum is analyzed at its own measured benchmark condition; historical configurations are not interpreted as a controlled thickness-only trajectory.
N002,N002.SEQ_SPEC,mutual_information_delay,thickness=100cm;off_axis=0cm,mi_delay_samples,4.0,samples,descriptive,False,Each spectrum is analyzed at its own measured benchmark condition; historical configurations are not interpreted as a controlled thickness-only trajectory.
N002,N002.SEQ_SPEC,mutual_information_delay,thickness=150cm;off_axis=0cm,mi_delay_log_energy,0.18898434621565308,log_energy,descriptive,False,Each spectrum is analyzed at its own measured benchmark condition; historical configurations are not interpreted as a controlled thickness-only trajectory.
N002,N002.SEQ_SPEC,mutual_information_delay,thickness=150cm;off_axis=0cm,mi_delay_samples,4.0,samples,descriptive,False,Each spectrum is analyzed at its own measured benchmark condition; historical configurations are not interpreted as a controlled thickness-only trajectory.
N002,N002.SEQ_SPEC,mutual_information_delay,thickness=200cm;off_axis=0cm,mi_delay_log_energy,0.37796869243130615,log_energy,descriptive,False,Each spectrum is analyzed at its own measured benchmark condition; historical configurations are not interpreted as a controlled thickness-only trajectory.
N002,N002.SEQ_SPEC,mutual_information_delay,thickness=200cm;off_axis=0cm,mi_delay_samples,8.0,samples,descriptive,False,Each spectrum is analyzed at its own measured benchmark condition; historical configurations are not interpreted as a controlled thickness-only trajectory.
N002,N002.SEQ_SPEC,mutual_information_delay,thickness=25cm;off_axis=0cm,mi_delay_log_energy,0.18898434621565308,log_energy,descriptive,False,Each spectrum is analyzed at its own measured benchmark condition; historical configurations are not interpreted as a controlled thickness-only trajectory.
N002,N002.SEQ_SPEC,mutual_information_delay,thickness=25cm;off_axis=0cm,mi_delay_samples,4.0,samples,descriptive,False,Each spectrum is analyzed at its own measured benchmark condition; historical configurations are not interpreted as a controlled thickness-only trajectory.
N002,N002.SEQ_SPEC,mutual_information_delay,thickness=25cm;off_axis=20cm,mi_delay_log_energy,0.40760880319377435,log_energy,descriptive,False,Each spectrum is analyzed at its own measured benchmark condition; historical configurations are not interpreted as a controlled thickness-only trajectory.
N002,N002.SEQ_SPEC,mutual_information_delay,thickness=25cm;off_axis=20cm,mi_delay_samples,9.0,samples,descriptive,False,Each spectrum is analyzed at its own measured benchmark condition; historical configurations are not interpreted as a controlled thickness-only trajectory.
N002,N002.SEQ_SPEC,mutual_information_delay,thickness=25cm;off_axis=40cm,mi_delay_log_energy,0.13586960106459145,log_energy,descriptive,False,Each spectrum is analyzed at its own measured benchmark condition; historical configurations are not interpreted as a controlled thickness-only trajectory.
N002,N002.SEQ_SPEC,mutual_information_delay,thickness=25cm;off_axis=40cm,mi_delay_samples,3.0,samples,descriptive,False,Each spectrum is analyzed at its own measured benchmark condition; historical configurations are not interpreted as a controlled thickness-only trajectory.
N002,N002.SEQ_SPEC,mutual_information_delay,thickness=50cm;off_axis=0cm,mi_delay_log_energy,0.18898434621565308,log_energy,descriptive,False,Each spectrum is analyzed at its own measured benchmark condition; historical configurations are not interpreted as a controlled thickness-only trajectory.
N002,N002.SEQ_SPEC,mutual_information_delay,thickness=50cm;off_axis=0cm,mi_delay_samples,4.0,samples,descriptive,False,Each spectrum is analyzed at its own measured benchmark condition; historical configurations are not interpreted as a controlled thickness-only trajectory.
N002,N002.SEQ_SPEC,mutual_information_delay,thickness=50cm;off_axis=20cm,mi_delay_log_energy,0.5434784042583658,log_energy,descriptive,False,Each spectrum is analyzed at its own measured benchmark condition; historical configurations are not interpreted as a controlled thickness-only trajectory.
N002,N002.SEQ_SPEC,mutual_information_delay,thickness=50cm;off_axis=20cm,mi_delay_samples,12.0,samples,descriptive,False,Each spectrum is analyzed at its own measured benchmark condition; historical configurations are not interpreted as a controlled thickness-only trajectory.
N002,N002.SEQ_SPEC,mutual_information_delay,thickness=50cm;off_axis=40cm,mi_delay_log_energy,0.5434784042583658,log_energy,descriptive,False,Each spectrum is analyzed at its own measured benchmark condition; historical configurations are not interpreted as a controlled thickness-only trajectory.
N002,N002.SEQ_SPEC,mutual_information_delay,thickness=50cm;off_axis=40cm,mi_delay_samples,12.0,samples,descriptive,False,Each spectrum is analyzed at its own measured benchmark condition; historical configurations are not interpreted as a controlled thickness-only trajectory.
N002,N002.SEQ_SPEC,nearest_neighbor_entropy,thickness=100cm;off_axis=0cm,theiler_nn_entropy_bits_d2,0.8395563653739032,bit,descriptive,False,Each spectrum is analyzed at its own measured benchmark condition; historical configurations are not interpreted as a controlled thickness-only trajectory.
N002,N002.SEQ_SPEC,nearest_neighbor_entropy,thickness=150cm;off_axis=0cm,theiler_nn_entropy_bits_d2,1.2512159638215652,bit,descriptive,False,Each spectrum is analyzed at its own measured benchmark condition; historical configurations are not interpreted as a controlled thickness-only trajectory.
N002,N002.SEQ_SPEC,nearest_neighbor_entropy,thickness=200cm;off_axis=0cm,theiler_nn_entropy_bits_d2,1.2263137138648348,bit,descriptive,False,Each spectrum is analyzed at its own measured benchmark condition; historical configurations are not interpreted as a controlled thickness-only trajectory.
N002,N002.SEQ_SPEC,nearest_neighbor_entropy,thickness=25cm;off_axis=0cm,theiler_nn_entropy_bits_d2,0.7995563653739032,bit,descriptive,False,Each spectrum is analyzed at its own measured benchmark condition; historical configurations are not interpreted as a controlled thickness-only trajectory.
N002,N002.SEQ_SPEC,nearest_neighbor_entropy,thickness=25cm;off_axis=20cm,theiler_nn_entropy_bits_d2,1.6727699508431728,bit,descriptive,False,Each spectrum is analyzed at its own measured benchmark condition; historical configurations are not interpreted as a controlled thickness-only trajectory.
N002,N002.SEQ_SPEC,nearest_neighbor_entropy,thickness=25cm;off_axis=40cm,theiler_nn_entropy_bits_d2,2.7998516648103617,bit,descriptive,False,Each spectrum is analyzed at its own measured benchmark condition; historical configurations are not interpreted as a controlled thickness-only trajectory.
N002,N002.SEQ_SPEC,nearest_neighbor_entropy,thickness=50cm;off_axis=0cm,theiler_nn_entropy_bits_d2,0.8395563653739032,bit,descriptive,False,Each spectrum is analyzed at its own measured benchmark condition; historical configurations are not interpreted as a controlled thickness-only trajectory.
N002,N002.SEQ_SPEC,nearest_neighbor_entropy,thickness=50cm;off_axis=20cm,theiler_nn_entropy_bits_d2,0.5711712862614253,bit,descriptive,False,Each spectrum is analyzed at its own measured benchmark condition; historical configurations are not interpreted as a controlled thickness-only trajectory.
N002,N002.SEQ_SPEC,nearest_neighbor_entropy,thickness=50cm;off_axis=40cm,theiler_nn_entropy_bits_d2,1.6298023813954976,bit,descriptive,False,Each spectrum is analyzed at its own measured benchmark condition; historical configurations are not interpreted as a controlled thickness-only trajectory.
N002,N002.SEQ_SPEC,spectral_shape,thickness=100cm;off_axis=0cm,effective_shape_bins,25.01829873690078,count,descriptive,False,Each spectrum is analyzed at its own measured benchmark condition; historical configurations are not interpreted as a controlled thickness-only trajectory.
N002,N002.SEQ_SPEC,spectral_shape,thickness=100cm;off_axis=0cm,n_energy,51.0,count,descriptive,False,Each spectrum is analyzed at its own measured benchmark condition; historical configurations are not interpreted as a controlled thickness-only trajectory.
N002,N002.SEQ_SPEC,spectral_shape,thickness=100cm;off_axis=0cm,normalized_shape_total_variation,0.334964121221482,,descriptive,False,Each spectrum is analyzed at its own measured benchmark condition; historical configurations are not interpreted as a controlled thickness-only trajectory.
N002,N002.SEQ_SPEC,spectral_shape,thickness=100cm;off_axis=0cm,peak_energy_MeV,63.0,MeV,descriptive,False,Each spectrum is analyzed at its own measured benchmark condition; historical configurations are not interpreted as a controlled thickness-only trajectory.
N002,N002.SEQ_SPEC,spectral_shape,thickness=100cm;off_axis=0cm,response_weighted_energy_spread_MeV,17.2737441925703,MeV,descriptive,False,Each spectrum is analyzed at its own measured benchmark condition; historical configurations are not interpreted as a controlled thickness-only trajectory.
N002,N002.SEQ_SPEC,spectral_shape,thickness=100cm;off_axis=0cm,response_weighted_mean_energy_MeV,51.73768879501011,MeV,descriptive,False,Each spectrum is analyzed at its own measured benchmark condition; historical configurations are not interpreted as a controlled thickness-only trajectory.
N002,N002.SEQ_SPEC,spectral_shape,thickness=100cm;off_axis=0cm,shape_entropy_bits,4.644911783380493,bit,descriptive,False,Each spectrum is analyzed at its own measured benchmark condition; historical configurations are not interpreted as a controlled thickness-only trajectory.
N002,N002.SEQ_SPEC,spectral_shape,thickness=100cm;off_axis=0cm,spectral_integral,94.37066312229432,n_cm-2_uC-1,descriptive,False,Each spectrum is analyzed at its own measured benchmark condition; historical configurations are not interpreted as a controlled thickness-only trajectory.
N002,N002.SEQ_SPEC,spectral_shape,thickness=150cm;off_axis=0cm,effective_shape_bins,30.51520293035216,count,descriptive,False,Each spectrum is analyzed at its own measured benchmark condition; historical configurations are not interpreted as a controlled thickness-only trajectory.
N002,N002.SEQ_SPEC,spectral_shape,thickness=150cm;off_axis=0cm,n_energy,51.0,count,descriptive,False,Each spectrum is analyzed at its own measured benchmark condition; historical configurations are not interpreted as a controlled thickness-only trajectory.
N002,N002.SEQ_SPEC,spectral_shape,thickness=150cm;off_axis=0cm,normalized_shape_total_variation,0.3139532058775926,,descriptive,False,Each spectrum is analyzed at its own measured benchmark condition; historical configurations are not interpreted as a controlled thickness-only trajectory.
N002,N002.SEQ_SPEC,spectral_shape,thickness=150cm;off_axis=0cm,peak_energy_MeV,63.0,MeV,descriptive,False,Each spectrum is analyzed at its own measured benchmark condition; historical configurations are not interpreted as a controlled thickness-only trajectory.
N002,N002.SEQ_SPEC,spectral_shape,thickness=150cm;off_axis=0cm,response_weighted_energy_spread_MeV,18.238419439435894,MeV,descriptive,False,Each spectrum is analyzed at its own measured benchmark condition; historical configurations are not interpreted as a controlled thickness-only trajectory.
N002,N002.SEQ_SPEC,spectral_shape,thickness=150cm;off_axis=0cm,response_weighted_mean_energy_MeV,48.15595359160854,MeV,descriptive,False,Each spectrum is analyzed at its own measured benchmark condition; historical configurations are not interpreted as a controlled thickness-only trajectory.
N002,N002.SEQ_SPEC,spectral_shape,thickness=150cm;off_axis=0cm,shape_entropy_bits,4.931456279453647,bit,descriptive,False,Each spectrum is analyzed at its own measured benchmark condition; historical configurations are not interpreted as a controlled thickness-only trajectory.
N002,N002.SEQ_SPEC,spectral_shape,thickness=150cm;off_axis=0cm,spectral_integral,5.564088757795689,n_cm-2_uC-1,descriptive,False,Each spectrum is analyzed at its own measured benchmark condition; historical configurations are not interpreted as a controlled thickness-only trajectory.
N002,N002.SEQ_SPEC,spectral_shape,thickness=200cm;off_axis=0cm,effective_shape_bins,34.883941692600594,count,descriptive,False,Each spectrum is analyzed at its own measured benchmark condition; historical configurations are not interpreted as a controlled thickness-only trajectory.
N002,N002.SEQ_SPEC,spectral_shape,thickness=200cm;off_axis=0cm,n_energy,51.0,count,descriptive,False,Each spectrum is analyzed at its own measured benchmark condition; historical configurations are not interpreted as a controlled thickness-only trajectory.
N002,N002.SEQ_SPEC,spectral_shape,thickness=200cm;off_axis=0cm,normalized_shape_total_variation,0.2593875904842351,,descriptive,False,Each spectrum is analyzed at its own measured benchmark condition; historical configurations are not interpreted as a controlled thickness-only trajectory.
N002,N002.SEQ_SPEC,spectral_shape,thickness=200cm;off_axis=0cm,peak_energy_MeV,63.0,MeV,descriptive,False,Each spectrum is analyzed at its own measured benchmark condition; historical configurations are not interpreted as a controlled thickness-only trajectory.
N002,N002.SEQ_SPEC,spectral_shape,thickness=200cm;off_axis=0cm,response_weighted_energy_spread_MeV,18.611015728433323,MeV,descriptive,False,Each spectrum is analyzed at its own measured benchmark condition; historical configurations are not interpreted as a controlled thickness-only trajectory.
N002,N002.SEQ_SPEC,spectral_shape,thickness=200cm;off_axis=0cm,response_weighted_mean_energy_MeV,45.85838586627347,MeV,descriptive,False,Each spectrum is analyzed at its own measured benchmark condition; historical configurations are not interpreted as a controlled thickness-only trajectory.
N002,N002.SEQ_SPEC,spectral_shape,thickness=200cm;off_axis=0cm,shape_entropy_bits,5.124491160778431,bit,descriptive,False,Each spectrum is analyzed at its own measured benchmark condition; historical configurations are not interpreted as a controlled thickness-only trajectory.
N002,N002.SEQ_SPEC,spectral_shape,thickness=200cm;off_axis=0cm,spectral_integral,0.8479430591689922,n_cm-2_uC-1,descriptive,False,Each spectrum is analyzed at its own measured benchmark condition; historical configurations are not interpreted as a controlled thickness-only trajectory.
N002,N002.SEQ_SPEC,spectral_shape,thickness=25cm;off_axis=0cm,effective_shape_bins,26.786944869368597,count,descriptive,False,Each spectrum is analyzed at its own measured benchmark condition; historical configurations are not interpreted as a controlled thickness-only trajectory.
N002,N002.SEQ_SPEC,spectral_shape,thickness=25cm;off_axis=0cm,n_energy,51.0,count,descriptive,False,Each spectrum is analyzed at its own measured benchmark condition; historical configurations are not interpreted as a controlled thickness-only trajectory.
N002,N002.SEQ_SPEC,spectral_shape,thickness=25cm;off_axis=0cm,normalized_shape_total_variation,0.3230524150372849,,descriptive,False,Each spectrum is analyzed at its own measured benchmark condition; historical configurations are not interpreted as a controlled thickness-only trajectory.
N002,N002.SEQ_SPEC,spectral_shape,thickness=25cm;off_axis=0cm,peak_energy_MeV,63.0,MeV,descriptive,False,Each spectrum is analyzed at its own measured benchmark condition; historical configurations are not interpreted as a controlled thickness-only trajectory.
N002,N002.SEQ_SPEC,spectral_shape,thickness=25cm;off_axis=0cm,response_weighted_energy_spread_MeV,16.81184397178781,MeV,descriptive,False,Each spectrum is analyzed at its own measured benchmark condition; historical configurations are not interpreted as a controlled thickness-only trajectory.
N002,N002.SEQ_SPEC,spectral_shape,thickness=25cm;off_axis=0cm,response_weighted_mean_energy_MeV,51.161504927517846,MeV,descriptive,False,Each spectrum is analyzed at its own measured benchmark condition; historical configurations are not interpreted as a controlled thickness-only trajectory.
N002,N002.SEQ_SPEC,spectral_shape,thickness=25cm;off_axis=0cm,shape_entropy_bits,4.743458141795433,bit,descriptive,False,Each spectrum is analyzed at its own measured benchmark condition; historical configurations are not interpreted as a controlled thickness-only trajectory.
N002,N002.SEQ_SPEC,spectral_shape,thickness=25cm;off_axis=0cm,spectral_integral,11257.21381370519,n_cm-2_uC-1,descriptive,False,Each spectrum is analyzed at its own measured benchmark condition; historical configurations are not interpreted as a controlled thickness-only trajectory.
N002,N002.SEQ_SPEC,spectral_shape,thickness=25cm;off_axis=20cm,effective_shape_bins,47.756528889992666,count,descriptive,False,Each spectrum is analyzed at its own measured benchmark condition; historical configurations are not interpreted as a controlled thickness-only trajectory.
N002,N002.SEQ_SPEC,spectral_shape,thickness=25cm;off_axis=20cm,n_energy,50.0,count,descriptive,False,Each spectrum is analyzed at its own measured benchmark condition; historical configurations are not interpreted as a controlled thickness-only trajectory.
N002,N002.SEQ_SPEC,spectral_shape,thickness=25cm;off_axis=20cm,normalized_shape_total_variation,0.13544711331531367,,descriptive,False,Each spectrum is analyzed at its own measured benchmark condition; historical configurations are not interpreted as a controlled thickness-only trajectory.
N002,N002.SEQ_SPEC,spectral_shape,thickness=25cm;off_axis=20cm,peak_energy_MeV,63.0,MeV,descriptive,False,Each spectrum is analyzed at its own measured benchmark condition; historical configurations are not interpreted as a controlled thickness-only trajectory.
N002,N002.SEQ_SPEC,spectral_shape,thickness=25cm;off_axis=20cm,response_weighted_energy_spread_MeV,18.109458222776926,MeV,descriptive,False,Each spectrum is analyzed at its own measured benchmark condition; historical configurations are not interpreted as a controlled thickness-only trajectory.
N002,N002.SEQ_SPEC,spectral_shape,thickness=25cm;off_axis=20cm,response_weighted_mean_energy_MeV,34.82352184803591,MeV,descriptive,False,Each spectrum is analyzed at its own measured benchmark condition; historical configurations are not interpreted as a controlled thickness-only trajectory.
N002,N002.SEQ_SPEC,spectral_shape,thickness=25cm;off_axis=20cm,shape_entropy_bits,5.577626075225843,bit,descriptive,False,Each spectrum is analyzed at its own measured benchmark condition; historical configurations are not interpreted as a controlled thickness-only trajectory.
N002,N002.SEQ_SPEC,spectral_shape,thickness=25cm;off_axis=20cm,spectral_integral,359.3605510266853,n_cm-2_uC-1,descriptive,False,Each spectrum is analyzed at its own measured benchmark condition; historical configurations are not interpreted as a controlled thickness-only trajectory.
N002,N002.SEQ_SPEC,spectral_shape,thickness=25cm;off_axis=40cm,effective_shape_bins,46.60184510970853,count,descriptive,False,Each spectrum is analyzed at its own measured benchmark condition; historical configurations are not interpreted as a controlled thickness-only trajectory.
N002,N002.SEQ_SPEC,spectral_shape,thickness=25cm;off_axis=40cm,n_energy,50.0,count,descriptive,False,Each spectrum is analyzed at its own measured benchmark condition; historical configurations are not interpreted as a controlled thickness-only trajectory.
N002,N002.SEQ_SPEC,spectral_shape,thickness=25cm;off_axis=40cm,normalized_shape_total_variation,0.08151384125832943,,descriptive,False,Each spectrum is analyzed at its own measured benchmark condition; historical configurations are not interpreted as a controlled thickness-only trajectory.
N002,N002.SEQ_SPEC,spectral_shape,thickness=25cm;off_axis=40cm,peak_energy_MeV,63.0,MeV,descriptive,False,Each spectrum is analyzed at its own measured benchmark condition; historical configurations are not interpreted as a controlled thickness-only trajectory.
N002,N002.SEQ_SPEC,spectral_shape,thickness=25cm;off_axis=40cm,response_weighted_energy_spread_MeV,16.311799393720097,MeV,descriptive,False,Each spectrum is analyzed at its own measured benchmark condition; historical configurations are not interpreted as a controlled thickness-only trajectory.
N002,N002.SEQ_SPEC,spectral_shape,thickness=25cm;off_axis=40cm,response_weighted_mean_energy_MeV,28.653341388332834,MeV,descriptive,False,Each spectrum is analyzed at its own measured benchmark condition; historical configurations are not interpreted as a controlled thickness-only trajectory.
N002,N002.SEQ_SPEC,spectral_shape,thickness=25cm;off_axis=40cm,shape_entropy_bits,5.542315171610881,bit,descriptive,False,Each spectrum is analyzed at its own measured benchmark condition; historical configurations are not interpreted as a controlled thickness-only trajectory.
N002,N002.SEQ_SPEC,spectral_shape,thickness=25cm;off_axis=40cm,spectral_integral,44.126092760505294,n_cm-2_uC-1,descriptive,False,Each spectrum is analyzed at its own measured benchmark condition; historical configurations are not interpreted as a controlled thickness-only trajectory.
N002,N002.SEQ_SPEC,spectral_shape,thickness=50cm;off_axis=0cm,effective_shape_bins,22.29294559606061,count,descriptive,False,Each spectrum is analyzed at its own measured benchmark condition; historical configurations are not interpreted as a controlled thickness-only trajectory.
N002,N002.SEQ_SPEC,spectral_shape,thickness=50cm;off_axis=0cm,n_energy,51.0,count,descriptive,False,Each spectrum is analyzed at its own measured benchmark condition; historical configurations are not interpreted as a controlled thickness-only trajectory.
N002,N002.SEQ_SPEC,spectral_shape,thickness=50cm;off_axis=0cm,normalized_shape_total_variation,0.3619232188376667,,descriptive,False,Each spectrum is analyzed at its own measured benchmark condition; historical configurations are not interpreted as a controlled thickness-only trajectory.
N002,N002.SEQ_SPEC,spectral_shape,thickness=50cm;off_axis=0cm,peak_energy_MeV,63.0,MeV,descriptive,False,Each spectrum is analyzed at its own measured benchmark condition; historical configurations are not interpreted as a controlled thickness-only trajectory.
N002,N002.SEQ_SPEC,spectral_shape,thickness=50cm;off_axis=0cm,response_weighted_energy_spread_MeV,15.943107584689727,MeV,descriptive,False,Each spectrum is analyzed at its own measured benchmark condition; historical configurations are not interpreted as a controlled thickness-only trajectory.
N002,N002.SEQ_SPEC,spectral_shape,thickness=50cm;off_axis=0cm,response_weighted_mean_energy_MeV,53.50031832185427,MeV,descriptive,False,Each spectrum is analyzed at its own measured benchmark condition; historical configurations are not interpreted as a controlled thickness-only trajectory.
N002,N002.SEQ_SPEC,spectral_shape,thickness=50cm;off_axis=0cm,shape_entropy_bits,4.478515349262701,bit,descriptive,False,Each spectrum is analyzed at its own measured benchmark condition; historical configurations are not interpreted as a controlled thickness-only trajectory.
N002,N002.SEQ_SPEC,spectral_shape,thickness=50cm;off_axis=0cm,spectral_integral,1969.3228620840166,n_cm-2_uC-1,descriptive,False,Each spectrum is analyzed at its own measured benchmark condition; historical configurations are not interpreted as a controlled thickness-only trajectory.
N002,N002.SEQ_SPEC,spectral_shape,thickness=50cm;off_axis=20cm,effective_shape_bins,39.029131388571145,count,descriptive,False,Each spectrum is analyzed at its own measured benchmark condition; historical configurations are not interpreted as a controlled thickness-only trajectory.
N002,N002.SEQ_SPEC,spectral_shape,thickness=50cm;off_axis=20cm,n_energy,50.0,count,descriptive,False,Each spectrum is analyzed at its own measured benchmark condition; historical configurations are not interpreted as a controlled thickness-only trajectory.
N002,N002.SEQ_SPEC,spectral_shape,thickness=50cm;off_axis=20cm,normalized_shape_total_variation,0.24114704309863108,,descriptive,False,Each spectrum is analyzed at its own measured benchmark condition; historical configurations are not interpreted as a controlled thickness-only trajectory.
N002,N002.SEQ_SPEC,spectral_shape,thickness=50cm;off_axis=20cm,peak_energy_MeV,65.0,MeV,descriptive,False,Each spectrum is analyzed at its own measured benchmark condition; historical configurations are not interpreted as a controlled thickness-only trajectory.
N002,N002.SEQ_SPEC,spectral_shape,thickness=50cm;off_axis=20cm,response_weighted_energy_spread_MeV,18.84680422166702,MeV,descriptive,False,Each spectrum is analyzed at its own measured benchmark condition; historical configurations are not interpreted as a controlled thickness-only trajectory.
N002,N002.SEQ_SPEC,spectral_shape,thickness=50cm;off_axis=20cm,response_weighted_mean_energy_MeV,43.4640304760962,MeV,descriptive,False,Each spectrum is analyzed at its own measured benchmark condition; historical configurations are not interpreted as a controlled thickness-only trajectory.
N002,N002.SEQ_SPEC,spectral_shape,thickness=50cm;off_axis=20cm,shape_entropy_bits,5.286479450173953,bit,descriptive,False,Each spectrum is analyzed at its own measured benchmark condition; historical configurations are not interpreted as a controlled thickness-only trajectory.
N002,N002.SEQ_SPEC,spectral_shape,thickness=50cm;off_axis=20cm,spectral_integral,259.3984008501146,n_cm-2_uC-1,descriptive,False,Each spectrum is analyzed at its own measured benchmark condition; historical configurations are not interpreted as a controlled thickness-only trajectory.
N002,N002.SEQ_SPEC,spectral_shape,thickness=50cm;off_axis=40cm,effective_shape_bins,47.117678990245516,count,descriptive,False,Each spectrum is analyzed at its own measured benchmark condition; historical configurations are not interpreted as a controlled thickness-only trajectory.
N002,N002.SEQ_SPEC,spectral_shape,thickness=50cm;off_axis=40cm,n_energy,50.0,count,descriptive,False,Each spectrum is analyzed at its own measured benchmark condition; historical configurations are not interpreted as a controlled thickness-only trajectory.
N002,N002.SEQ_SPEC,spectral_shape,thickness=50cm;off_axis=40cm,normalized_shape_total_variation,0.1472991993214013,,descriptive,False,Each spectrum is analyzed at its own measured benchmark condition; historical configurations are not interpreted as a controlled thickness-only trajectory.
N002,N002.SEQ_SPEC,spectral_shape,thickness=50cm;off_axis=40cm,peak_energy_MeV,63.0,MeV,descriptive,False,Each spectrum is analyzed at its own measured benchmark condition; historical configurations are not interpreted as a controlled thickness-only trajectory.
N002,N002.SEQ_SPEC,spectral_shape,thickness=50cm;off_axis=40cm,response_weighted_energy_spread_MeV,18.183296137130903,MeV,descriptive,False,Each spectrum is analyzed at its own measured benchmark condition; historical configurations are not interpreted as a controlled thickness-only trajectory.
N002,N002.SEQ_SPEC,spectral_shape,thickness=50cm;off_axis=40cm,response_weighted_mean_energy_MeV,36.26668062668819,MeV,descriptive,False,Each spectrum is analyzed at its own measured benchmark condition; historical configurations are not interpreted as a controlled thickness-only trajectory.
N002,N002.SEQ_SPEC,spectral_shape,thickness=50cm;off_axis=40cm,shape_entropy_bits,5.5581965688661175,bit,descriptive,False,Each spectrum is analyzed at its own measured benchmark condition; historical configurations are not interpreted as a controlled thickness-only trajectory.
N002,N002.SEQ_SPEC,spectral_shape,thickness=50cm;off_axis=40cm,spectral_integral,41.2759032294348,n_cm-2_uC-1,descriptive,False,Each spectrum is analyzed at its own measured benchmark condition; historical configurations are not interpreted as a controlled thickness-only trajectory.
N002,N002.SEQ_SPEC,spectral_support,thickness=100cm;off_axis=0cm,covered_lethargy_width,2.4567357728213044,lethargy,descriptive,False,Each spectrum is analyzed at its own measured benchmark condition; historical configurations are not interpreted as a controlled thickness-only trajectory.
N002,N002.SEQ_SPEC,spectral_support,thickness=150cm;off_axis=0cm,covered_lethargy_width,2.4567357728213044,lethargy,descriptive,False,Each spectrum is analyzed at its own measured benchmark condition; historical configurations are not interpreted as a controlled thickness-only trajectory.
N002,N002.SEQ_SPEC,spectral_support,thickness=200cm;off_axis=0cm,covered_lethargy_width,2.4567357728213044,lethargy,descriptive,False,Each spectrum is analyzed at its own measured benchmark condition; historical configurations are not interpreted as a controlled thickness-only trajectory.
N002,N002.SEQ_SPEC,spectral_support,thickness=25cm;off_axis=0cm,covered_lethargy_width,2.4567357728213044,lethargy,descriptive,False,Each spectrum is analyzed at its own measured benchmark condition; historical configurations are not interpreted as a controlled thickness-only trajectory.
N002,N002.SEQ_SPEC,spectral_support,thickness=25cm;off_axis=20cm,covered_lethargy_width,2.302585092994046,lethargy,descriptive,False,Each spectrum is analyzed at its own measured benchmark condition; historical configurations are not interpreted as a controlled thickness-only trajectory.
N002,N002.SEQ_SPEC,spectral_support,thickness=25cm;off_axis=40cm,covered_lethargy_width,2.302585092994046,lethargy,descriptive,False,Each spectrum is analyzed at its own measured benchmark condition; historical configurations are not interpreted as a controlled thickness-only trajectory.
N002,N002.SEQ_SPEC,spectral_support,thickness=50cm;off_axis=0cm,covered_lethargy_width,2.4567357728213044,lethargy,descriptive,False,Each spectrum is analyzed at its own measured benchmark condition; historical configurations are not interpreted as a controlled thickness-only trajectory.
N002,N002.SEQ_SPEC,spectral_support,thickness=50cm;off_axis=20cm,covered_lethargy_width,2.302585092994046,lethargy,descriptive,False,Each spectrum is analyzed at its own measured benchmark condition; historical configurations are not interpreted as a controlled thickness-only trajectory.
N002,N002.SEQ_SPEC,spectral_support,thickness=50cm;off_axis=40cm,covered_lethargy_width,2.302585092994046,lethargy,descriptive,False,Each spectrum is analyzed at its own measured benchmark condition; historical configurations are not interpreted as a controlled thickness-only trajectory.
N002,N002.SEQ_SPEC,statistical_support,thickness=100cm;off_axis=0cm,positive_response_bin_fraction,1.0,fraction,descriptive,False,Each spectrum is analyzed at its own measured benchmark condition; historical configurations are not interpreted as a controlled thickness-only trajectory.
N002,N002.SEQ_SPEC,statistical_support,thickness=150cm;off_axis=0cm,positive_response_bin_fraction,1.0,fraction,descriptive,False,Each spectrum is analyzed at its own measured benchmark condition; historical configurations are not interpreted as a controlled thickness-only trajectory.
N002,N002.SEQ_SPEC,statistical_support,thickness=200cm;off_axis=0cm,positive_response_bin_fraction,1.0,fraction,descriptive,False,Each spectrum is analyzed at its own measured benchmark condition; historical configurations are not interpreted as a controlled thickness-only trajectory.
N002,N002.SEQ_SPEC,statistical_support,thickness=25cm;off_axis=0cm,positive_response_bin_fraction,1.0,fraction,descriptive,False,Each spectrum is analyzed at its own measured benchmark condition; historical configurations are not interpreted as a controlled thickness-only trajectory.
N002,N002.SEQ_SPEC,statistical_support,thickness=25cm;off_axis=20cm,positive_response_bin_fraction,1.0,fraction,descriptive,False,Each spectrum is analyzed at its own measured benchmark condition; historical configurations are not interpreted as a controlled thickness-only trajectory.
N002,N002.SEQ_SPEC,statistical_support,thickness=25cm;off_axis=40cm,positive_response_bin_fraction,1.0,fraction,descriptive,False,Each spectrum is analyzed at its own measured benchmark condition; historical configurations are not interpreted as a controlled thickness-only trajectory.
N002,N002.SEQ_SPEC,statistical_support,thickness=50cm;off_axis=0cm,positive_response_bin_fraction,1.0,fraction,descriptive,False,Each spectrum is analyzed at its own measured benchmark condition; historical configurations are not interpreted as a controlled thickness-only trajectory.
N002,N002.SEQ_SPEC,statistical_support,thickness=50cm;off_axis=20cm,positive_response_bin_fraction,1.0,fraction,descriptive,False,Each spectrum is analyzed at its own measured benchmark condition; historical configurations are not interpreted as a controlled thickness-only trajectory.
N002,N002.SEQ_SPEC,statistical_support,thickness=50cm;off_axis=40cm,positive_response_bin_fraction,1.0,fraction,descriptive,False,Each spectrum is analyzed at its own measured benchmark condition; historical configurations are not interpreted as a controlled thickness-only trajectory.
P003,P003.TRAJ_BUILD,buildup_shape,photon_energy=10MeV,area_under_buildup_curve_MFP,200.52125,MFP,valid_short_curve,False,Lower-order descriptors are used because the 15-point trajectories do not meet the support requirements of the higher-order estimators.
P003,P003.TRAJ_BUILD,buildup_shape,photon_energy=10MeV,curvature_rms_per_MFP2,0.03007614277947687,per_MFP2,valid_short_curve,False,Lower-order descriptors are used because the 15-point trajectories do not meet the support requirements of the higher-order estimators.
P003,P003.TRAJ_BUILD,buildup_shape,photon_energy=10MeV,log_buildup_growth_per_MFP,0.07902707014603638,per_MFP,valid_short_curve,False,Lower-order descriptors are used because the 15-point trajectories do not meet the support requirements of the higher-order estimators.
P003,P003.TRAJ_BUILD,buildup_shape,photon_energy=10MeV,monotone_step_fraction,1.0,,valid_short_curve,False,Lower-order descriptors are used because the 15-point trajectories do not meet the support requirements of the higher-order estimators.
P003,P003.TRAJ_BUILD,buildup_shape,photon_energy=10MeV,terminal_buildup_factor,12.79,,valid_short_curve,False,Lower-order descriptors are used because the 15-point trajectories do not meet the support requirements of the higher-order estimators.
P003,P003.TRAJ_BUILD,buildup_shape,photon_energy=20MeV,area_under_buildup_curve_MFP,153.50375,MFP,valid_short_curve,False,Lower-order descriptors are used because the 15-point trajectories do not meet the support requirements of the higher-order estimators.
P003,P003.TRAJ_BUILD,buildup_shape,photon_energy=20MeV,curvature_rms_per_MFP2,0.011099657028908541,per_MFP2,valid_short_curve,False,Lower-order descriptors are used because the 15-point trajectories do not meet the support requirements of the higher-order estimators.
P003,P003.TRAJ_BUILD,buildup_shape,photon_energy=20MeV,log_buildup_growth_per_MFP,0.07292715075546817,per_MFP,valid_short_curve,False,Lower-order descriptors are used because the 15-point trajectories do not meet the support requirements of the higher-order estimators.
P003,P003.TRAJ_BUILD,buildup_shape,photon_energy=20MeV,monotone_step_fraction,1.0,,valid_short_curve,False,Lower-order descriptors are used because the 15-point trajectories do not meet the support requirements of the higher-order estimators.
P003,P003.TRAJ_BUILD,buildup_shape,photon_energy=20MeV,terminal_buildup_factor,9.11,,valid_short_curve,False,Lower-order descriptors are used because the 15-point trajectories do not meet the support requirements of the higher-order estimators.
P003,P003.TRAJ_BUILD,buildup_shape,photon_energy=30MeV,area_under_buildup_curve_MFP,198.34625,MFP,valid_short_curve,False,Lower-order descriptors are used because the 15-point trajectories do not meet the support requirements of the higher-order estimators.
P003,P003.TRAJ_BUILD,buildup_shape,photon_energy=30MeV,curvature_rms_per_MFP2,0.03278104746109127,per_MFP2,valid_short_curve,False,Lower-order descriptors are used because the 15-point trajectories do not meet the support requirements of the higher-order estimators.
P003,P003.TRAJ_BUILD,buildup_shape,photon_energy=30MeV,log_buildup_growth_per_MFP,0.08511558372775961,per_MFP,valid_short_curve,False,Lower-order descriptors are used because the 15-point trajectories do not meet the support requirements of the higher-order estimators.
P003,P003.TRAJ_BUILD,buildup_shape,photon_energy=30MeV,monotone_step_fraction,1.0,,valid_short_curve,False,Lower-order descriptors are used because the 15-point trajectories do not meet the support requirements of the higher-order estimators.
P003,P003.TRAJ_BUILD,buildup_shape,photon_energy=30MeV,terminal_buildup_factor,14.81,,valid_short_curve,False,Lower-order descriptors are used because the 15-point trajectories do not meet the support requirements of the higher-order estimators.
P003,P003.TRAJ_BUILD,buildup_shape,photon_energy=40MeV,area_under_buildup_curve_MFP,223.70875,MFP,valid_short_curve,False,Lower-order descriptors are used because the 15-point trajectories do not meet the support requirements of the higher-order estimators.
P003,P003.TRAJ_BUILD,buildup_shape,photon_energy=40MeV,curvature_rms_per_MFP2,0.03236982039172932,per_MFP2,valid_short_curve,False,Lower-order descriptors are used because the 15-point trajectories do not meet the support requirements of the higher-order estimators.
P003,P003.TRAJ_BUILD,buildup_shape,photon_energy=40MeV,log_buildup_growth_per_MFP,0.09037273786486087,per_MFP,valid_short_curve,False,Lower-order descriptors are used because the 15-point trajectories do not meet the support requirements of the higher-order estimators.
P003,P003.TRAJ_BUILD,buildup_shape,photon_energy=40MeV,monotone_step_fraction,1.0,,valid_short_curve,False,Lower-order descriptors are used because the 15-point trajectories do not meet the support requirements of the higher-order estimators.
P003,P003.TRAJ_BUILD,buildup_shape,photon_energy=40MeV,terminal_buildup_factor,17.58,,valid_short_curve,False,Lower-order descriptors are used because the 15-point trajectories do not meet the support requirements of the higher-order estimators.
P003,P003.TRAJ_BUILD,buildup_shape,photon_energy=50MeV,area_under_buildup_curve_MFP,324.625,MFP,valid_short_curve,False,Lower-order descriptors are used because the 15-point trajectories do not meet the support requirements of the higher-order estimators.
P003,P003.TRAJ_BUILD,buildup_shape,photon_energy=50MeV,curvature_rms_per_MFP2,0.044049729846940666,per_MFP2,valid_short_curve,False,Lower-order descriptors are used because the 15-point trajectories do not meet the support requirements of the higher-order estimators.
P003,P003.TRAJ_BUILD,buildup_shape,photon_energy=50MeV,log_buildup_growth_per_MFP,0.10751916735775126,per_MFP,valid_short_curve,False,Lower-order descriptors are used because the 15-point trajectories do not meet the support requirements of the higher-order estimators.
P003,P003.TRAJ_BUILD,buildup_shape,photon_energy=50MeV,monotone_step_fraction,1.0,,valid_short_curve,False,Lower-order descriptors are used because the 15-point trajectories do not meet the support requirements of the higher-order estimators.
P003,P003.TRAJ_BUILD,buildup_shape,photon_energy=50MeV,terminal_buildup_factor,27.46,,valid_short_curve,False,Lower-order descriptors are used because the 15-point trajectories do not meet the support requirements of the higher-order estimators.
