Omega,K,radiation_locking,uniform_baseline_locking,locking_excess
0.0,0.0,1.0,1.0,0.0
0.023255813953488372,0.0,0.0,0.0,0.0
0.046511627906976744,0.0,0.0,0.0,0.0
0.06976744186046512,0.0,0.0,0.0,0.0
0.09302325581395349,0.0,0.0,0.0,0.0
0.11627906976744186,0.0,0.0,0.0,0.0
0.13953488372093023,0.0,0.0,0.0,0.0
0.16279069767441862,0.0,0.0,0.0,0.0
0.18604651162790697,0.0,0.0,0.0,0.0
0.20930232558139533,0.0,0.0,0.0,0.0
0.23255813953488372,0.0,0.0,0.0,0.0
0.2558139534883721,0.0,0.0,0.0,0.0
0.27906976744186046,0.0,0.0,0.0,0.0
0.3023255813953488,0.0,0.0,0.0,0.0
0.32558139534883723,0.0,0.0,0.0,0.0
0.3488372093023256,0.0,0.0,0.0,0.0
0.37209302325581395,0.0,0.0,0.0,0.0
0.3953488372093023,0.0,0.0,0.0,0.0
0.41860465116279066,0.0,0.0,0.0,0.0
0.4418604651162791,0.0,0.0,0.0,0.0
0.46511627906976744,0.0,0.0,0.0,0.0
0.4883720930232558,0.0,0.0,0.0,0.0
0.5116279069767442,0.0,0.0,0.0,0.0
0.5348837209302325,0.0,0.0,0.0,0.0
0.5581395348837209,0.0,0.0,0.0,0.0
0.5813953488372093,0.0,0.0,0.0,0.0
0.6046511627906976,0.0,0.0,0.0,0.0
0.627906976744186,0.0,0.0,0.0,0.0
0.6511627906976745,0.0,0.0,0.0,0.0
0.6744186046511628,0.0,0.0,0.0,0.0
0.6976744186046512,0.0,0.0,0.0,0.0
0.7209302325581395,0.0,0.0,0.0,0.0
0.7441860465116279,0.0,0.0,0.0,0.0
0.7674418604651163,0.0,0.0,0.0,0.0
0.7906976744186046,0.0,0.0,0.0,0.0
0.813953488372093,0.0,0.0,0.0,0.0
0.8372093023255813,0.0,0.0,0.0,0.0
0.8604651162790697,0.0,0.0,0.0,0.0
0.8837209302325582,0.0,0.0,0.0,0.0
0.9069767441860465,0.0,0.0,0.0,0.0
0.9302325581395349,0.0,0.0,0.0,0.0
0.9534883720930233,0.0,0.0,0.0,0.0
0.9767441860465116,0.0,0.0,0.0,0.0
1.0,0.0,1.0,1.0,0.0
0.0,0.2922411770781203,0.0,0.043478260869565216,-0.043478260869565216
0.023255813953488372,0.2922411770781203,0.0,0.0,0.0
0.046511627906976744,0.2922411770781203,0.0,0.0,0.0
0.06976744186046512,0.2922411770781203,0.0,0.0,0.0
0.09302325581395349,0.2922411770781203,0.0,0.0,0.0
0.11627906976744186,0.2922411770781203,0.0,0.0,0.0
0.13953488372093023,0.2922411770781203,0.0,0.0,0.0
0.16279069767441862,0.2922411770781203,0.0,0.0,0.0
0.18604651162790697,0.2922411770781203,0.0,0.0,0.0
0.20930232558139533,0.2922411770781203,0.0,0.0,0.0
0.23255813953488372,0.2922411770781203,0.0,0.0,0.0
0.2558139534883721,0.2922411770781203,0.0,0.0,0.0
0.27906976744186046,0.2922411770781203,0.0,0.0,0.0
0.3023255813953488,0.2922411770781203,0.0,0.0,0.0
0.32558139534883723,0.2922411770781203,0.0,0.0,0.0
0.3488372093023256,0.2922411770781203,0.0,0.0,0.0
0.37209302325581395,0.2922411770781203,0.0,0.0,0.0
0.3953488372093023,0.2922411770781203,0.0,0.0,0.0
0.41860465116279066,0.2922411770781203,0.0,0.0,0.0
0.4418604651162791,0.2922411770781203,0.0,0.0,0.0
0.46511627906976744,0.2922411770781203,0.0,0.0,0.0
0.4883720930232558,0.2922411770781203,0.0,0.0,0.0
0.5116279069767442,0.2922411770781203,0.0,0.0,0.0
0.5348837209302325,0.2922411770781203,0.0,0.0,0.0
0.5581395348837209,0.2922411770781203,0.0,0.0,0.0
0.5813953488372093,0.2922411770781203,0.0,0.0,0.0
0.6046511627906976,0.2922411770781203,0.0,0.0,0.0
0.627906976744186,0.2922411770781203,0.0,0.0,0.0
0.6511627906976745,0.2922411770781203,0.0,0.0,0.0
0.6744186046511628,0.2922411770781203,0.0,0.0,0.0
0.6976744186046512,0.2922411770781203,0.0,0.0,0.0
0.7209302325581395,0.2922411770781203,0.0,0.0,0.0
0.7441860465116279,0.2922411770781203,0.0,0.0,0.0
0.7674418604651163,0.2922411770781203,0.0,0.0,0.0
0.7906976744186046,0.2922411770781203,0.0,0.0,0.0
0.813953488372093,0.2922411770781203,0.0,0.0,0.0
0.8372093023255813,0.2922411770781203,0.0,0.0,0.0
0.8604651162790697,0.2922411770781203,0.0,0.0,0.0
0.8837209302325582,0.2922411770781203,0.0,0.0,0.0
0.9069767441860465,0.2922411770781203,0.0,0.0,0.0
0.9302325581395349,0.2922411770781203,0.0,0.0,0.0
0.9534883720930233,0.2922411770781203,0.0,0.0,0.0
0.9767441860465116,0.2922411770781203,0.021739130434782608,0.0,0.021739130434782608
1.0,0.2922411770781203,0.0,0.043478260869565216,-0.043478260869565216
0.0,0.5844823541562406,0.8913043478260869,0.782608695652174,0.10869565217391297
0.023255813953488372,0.5844823541562406,0.7608695652173914,0.6739130434782609,0.08695652173913049
0.046511627906976744,0.5844823541562406,0.41304347826086957,0.32608695652173914,0.08695652173913043
0.06976744186046512,0.5844823541562406,0.021739130434782608,0.021739130434782608,0.0
0.09302325581395349,0.5844823541562406,0.0,0.0,0.0
0.11627906976744186,0.5844823541562406,0.0,0.0,0.0
0.13953488372093023,0.5844823541562406,0.0,0.0,0.0
0.16279069767441862,0.5844823541562406,0.0,0.0,0.0
0.18604651162790697,0.5844823541562406,0.0,0.0,0.0
0.20930232558139533,0.5844823541562406,0.0,0.0,0.0
0.23255813953488372,0.5844823541562406,0.0,0.0,0.0
0.2558139534883721,0.5844823541562406,0.0,0.0,0.0
0.27906976744186046,0.5844823541562406,0.0,0.0,0.0
0.3023255813953488,0.5844823541562406,0.0,0.0,0.0
0.32558139534883723,0.5844823541562406,0.0,0.0,0.0
0.3488372093023256,0.5844823541562406,0.0,0.0,0.0
0.37209302325581395,0.5844823541562406,0.0,0.0,0.0
0.3953488372093023,0.5844823541562406,0.0,0.0,0.0
0.41860465116279066,0.5844823541562406,0.0,0.0,0.0
0.4418604651162791,0.5844823541562406,0.0,0.0,0.0
0.46511627906976744,0.5844823541562406,0.0,0.0,0.0
0.4883720930232558,0.5844823541562406,0.0,0.0,0.0
0.5116279069767442,0.5844823541562406,0.0,0.0,0.0
0.5348837209302325,0.5844823541562406,0.0,0.0,0.0
0.5581395348837209,0.5844823541562406,0.0,0.0,0.0
0.5813953488372093,0.5844823541562406,0.0,0.0,0.0
0.6046511627906976,0.5844823541562406,0.0,0.0,0.0
0.627906976744186,0.5844823541562406,0.0,0.0,0.0
0.6511627906976745,0.5844823541562406,0.0,0.0,0.0
0.6744186046511628,0.5844823541562406,0.0,0.0,0.0
0.6976744186046512,0.5844823541562406,0.0,0.0,0.0
0.7209302325581395,0.5844823541562406,0.0,0.0,0.0
0.7441860465116279,0.5844823541562406,0.0,0.0,0.0
0.7674418604651163,0.5844823541562406,0.0,0.0,0.0
0.7906976744186046,0.5844823541562406,0.0,0.0,0.0
0.813953488372093,0.5844823541562406,0.0,0.0,0.0
0.8372093023255813,0.5844823541562406,0.0,0.0,0.0
0.8604651162790697,0.5844823541562406,0.0,0.0,0.0
0.8837209302325582,0.5844823541562406,0.0,0.0,0.0
0.9069767441860465,0.5844823541562406,0.0,0.0,0.0
0.9302325581395349,0.5844823541562406,0.021739130434782608,0.021739130434782608,0.0
0.9534883720930233,0.5844823541562406,0.3695652173913043,0.32608695652173914,0.04347826086956519
0.9767441860465116,0.5844823541562406,0.8913043478260869,0.6739130434782609,0.21739130434782605
1.0,0.5844823541562406,0.8913043478260869,0.782608695652174,0.10869565217391297
0.0,0.8767235312343609,1.0,1.0,0.0
0.023255813953488372,0.8767235312343609,1.0,1.0,0.0
0.046511627906976744,0.8767235312343609,1.0,1.0,0.0
0.06976744186046512,0.8767235312343609,1.0,0.9782608695652174,0.021739130434782594
0.09302325581395349,0.8767235312343609,0.9565217391304348,0.9565217391304348,0.0
0.11627906976744186,0.8767235312343609,0.45652173913043476,0.3695652173913043,0.08695652173913043
0.13953488372093023,0.8767235312343609,0.0,0.0,0.0
0.16279069767441862,0.8767235312343609,0.0,0.0,0.0
0.18604651162790697,0.8767235312343609,0.0,0.0,0.0
0.20930232558139533,0.8767235312343609,0.0,0.0,0.0
0.23255813953488372,0.8767235312343609,0.0,0.0,0.0
0.2558139534883721,0.8767235312343609,0.0,0.0,0.0
0.27906976744186046,0.8767235312343609,0.0,0.0,0.0
0.3023255813953488,0.8767235312343609,0.0,0.0,0.0
0.32558139534883723,0.8767235312343609,0.0,0.0,0.0
0.3488372093023256,0.8767235312343609,0.0,0.0,0.0
0.37209302325581395,0.8767235312343609,0.0,0.0,0.0
0.3953488372093023,0.8767235312343609,0.0,0.0,0.0
0.41860465116279066,0.8767235312343609,0.0,0.0,0.0
0.4418604651162791,0.8767235312343609,0.0,0.0,0.0
0.46511627906976744,0.8767235312343609,0.0,0.0,0.0
0.4883720930232558,0.8767235312343609,0.0,0.0,0.0
0.5116279069767442,0.8767235312343609,0.0,0.0,0.0
0.5348837209302325,0.8767235312343609,0.0,0.0,0.0
0.5581395348837209,0.8767235312343609,0.0,0.0,0.0
0.5813953488372093,0.8767235312343609,0.0,0.0,0.0
0.6046511627906976,0.8767235312343609,0.0,0.0,0.0
0.627906976744186,0.8767235312343609,0.0,0.0,0.0
0.6511627906976745,0.8767235312343609,0.0,0.0,0.0
0.6744186046511628,0.8767235312343609,0.0,0.0,0.0
0.6976744186046512,0.8767235312343609,0.0,0.0,0.0
0.7209302325581395,0.8767235312343609,0.0,0.0,0.0
0.7441860465116279,0.8767235312343609,0.0,0.0,0.0
0.7674418604651163,0.8767235312343609,0.0,0.0,0.0
0.7906976744186046,0.8767235312343609,0.0,0.0,0.0
0.813953488372093,0.8767235312343609,0.0,0.0,0.0
0.8372093023255813,0.8767235312343609,0.0,0.0,0.0
0.8604651162790697,0.8767235312343609,0.0,0.0,0.0
0.8837209302325582,0.8767235312343609,0.391304347826087,0.3695652173913043,0.02173913043478265
0.9069767441860465,0.8767235312343609,0.9782608695652174,0.9565217391304348,0.021739130434782594
0.9302325581395349,0.8767235312343609,1.0,0.9782608695652174,0.021739130434782594
0.9534883720930233,0.8767235312343609,1.0,1.0,0.0
0.9767441860465116,0.8767235312343609,1.0,1.0,0.0
1.0,0.8767235312343609,1.0,1.0,0.0
0.0,1.1689647083124812,1.0,1.0,0.0
0.023255813953488372,1.1689647083124812,1.0,1.0,0.0
0.046511627906976744,1.1689647083124812,1.0,1.0,0.0
0.06976744186046512,1.1689647083124812,1.0,1.0,0.0
0.09302325581395349,1.1689647083124812,1.0,1.0,0.0
0.11627906976744186,1.1689647083124812,1.0,1.0,0.0
0.13953488372093023,1.1689647083124812,1.0,1.0,0.0
0.16279069767441862,1.1689647083124812,0.8478260869565217,0.9130434782608695,-0.06521739130434778
0.18604651162790697,1.1689647083124812,0.0,0.0,0.0
0.20930232558139533,1.1689647083124812,0.0,0.0,0.0
0.23255813953488372,1.1689647083124812,0.0,0.0,0.0
0.2558139534883721,1.1689647083124812,0.0,0.0,0.0
0.27906976744186046,1.1689647083124812,0.0,0.0,0.0
0.3023255813953488,1.1689647083124812,0.0,0.0,0.0
0.32558139534883723,1.1689647083124812,0.0,0.0,0.0
0.3488372093023256,1.1689647083124812,0.0,0.0,0.0
0.37209302325581395,1.1689647083124812,0.0,0.0,0.0
0.3953488372093023,1.1689647083124812,0.0,0.0,0.0
0.41860465116279066,1.1689647083124812,0.0,0.0,0.0
0.4418604651162791,1.1689647083124812,0.0,0.0,0.0
0.46511627906976744,1.1689647083124812,0.0,0.0,0.0
0.4883720930232558,1.1689647083124812,0.0,0.0,0.0
0.5116279069767442,1.1689647083124812,0.0,0.0,0.0
0.5348837209302325,1.1689647083124812,0.0,0.0,0.0
0.5581395348837209,1.1689647083124812,0.0,0.0,0.0
0.5813953488372093,1.1689647083124812,0.0,0.0,0.0
0.6046511627906976,1.1689647083124812,0.0,0.0,0.0
0.627906976744186,1.1689647083124812,0.0,0.0,0.0
0.6511627906976745,1.1689647083124812,0.0,0.0,0.0
0.6744186046511628,1.1689647083124812,0.0,0.0,0.0
0.6976744186046512,1.1689647083124812,0.0,0.0,0.0
0.7209302325581395,1.1689647083124812,0.0,0.0,0.0
0.7441860465116279,1.1689647083124812,0.0,0.0,0.0
0.7674418604651163,1.1689647083124812,0.0,0.0,0.0
0.7906976744186046,1.1689647083124812,0.0,0.0,0.0
0.813953488372093,1.1689647083124812,0.0,0.0,0.0
0.8372093023255813,1.1689647083124812,0.9782608695652174,0.9130434782608695,0.0652173913043479
0.8604651162790697,1.1689647083124812,1.0,1.0,0.0
0.8837209302325582,1.1689647083124812,1.0,1.0,0.0
0.9069767441860465,1.1689647083124812,1.0,1.0,0.0
0.9302325581395349,1.1689647083124812,1.0,1.0,0.0
0.9534883720930233,1.1689647083124812,1.0,1.0,0.0
0.9767441860465116,1.1689647083124812,1.0,1.0,0.0
1.0,1.1689647083124812,1.0,1.0,0.0
0.0,1.4612058853906016,0.8260869565217391,0.7391304347826086,0.08695652173913049
0.023255813953488372,1.4612058853906016,0.9347826086956522,0.8478260869565217,0.08695652173913049
0.046511627906976744,1.4612058853906016,0.9782608695652174,0.8913043478260869,0.08695652173913049
0.06976744186046512,1.4612058853906016,1.0,0.9782608695652174,0.021739130434782594
0.09302325581395349,1.4612058853906016,1.0,0.9782608695652174,0.021739130434782594
0.11627906976744186,1.4612058853906016,1.0,1.0,0.0
0.13953488372093023,1.4612058853906016,1.0,1.0,0.0
0.16279069767441862,1.4612058853906016,1.0,1.0,0.0
0.18604651162790697,1.4612058853906016,0.9782608695652174,1.0,-0.021739130434782594
0.20930232558139533,1.4612058853906016,0.9347826086956522,0.9782608695652174,-0.04347826086956519
0.23255813953488372,1.4612058853906016,0.0,0.021739130434782608,-0.021739130434782608
0.2558139534883721,1.4612058853906016,0.0,0.0,0.0
0.27906976744186046,1.4612058853906016,0.0,0.0,0.0
0.3023255813953488,1.4612058853906016,0.0,0.0,0.0
0.32558139534883723,1.4612058853906016,0.0,0.0,0.0
0.3488372093023256,1.4612058853906016,0.0,0.0,0.0
0.37209302325581395,1.4612058853906016,0.0,0.0,0.0
0.3953488372093023,1.4612058853906016,0.0,0.0,0.0
0.41860465116279066,1.4612058853906016,0.0,0.0,0.0
0.4418604651162791,1.4612058853906016,0.0,0.0,0.0
0.46511627906976744,1.4612058853906016,0.0,0.0,0.0
0.4883720930232558,1.4612058853906016,0.0,0.0,0.0
0.5116279069767442,1.4612058853906016,0.0,0.0,0.0
0.5348837209302325,1.4612058853906016,0.0,0.0,0.0
0.5581395348837209,1.4612058853906016,0.0,0.0,0.0
0.5813953488372093,1.4612058853906016,0.0,0.0,0.0
0.6046511627906976,1.4612058853906016,0.0,0.0,0.0
0.627906976744186,1.4612058853906016,0.0,0.0,0.0
0.6511627906976745,1.4612058853906016,0.0,0.0,0.0
0.6744186046511628,1.4612058853906016,0.0,0.0,0.0
0.6976744186046512,1.4612058853906016,0.0,0.0,0.0
0.7209302325581395,1.4612058853906016,0.0,0.0,0.0
0.7441860465116279,1.4612058853906016,0.0,0.0,0.0
0.7674418604651163,1.4612058853906016,0.0,0.021739130434782608,-0.021739130434782608
0.7906976744186046,1.4612058853906016,0.9782608695652174,0.9782608695652174,0.0
0.813953488372093,1.4612058853906016,1.0,1.0,0.0
0.8372093023255813,1.4612058853906016,1.0,1.0,0.0
0.8604651162790697,1.4612058853906016,1.0,1.0,0.0
0.8837209302325582,1.4612058853906016,1.0,1.0,0.0
0.9069767441860465,1.4612058853906016,1.0,0.9782608695652174,0.021739130434782594
0.9302325581395349,1.4612058853906016,1.0,0.9782608695652174,0.021739130434782594
0.9534883720930233,1.4612058853906016,0.9782608695652174,0.8913043478260869,0.08695652173913049
0.9767441860465116,1.4612058853906016,0.9782608695652174,0.8478260869565217,0.13043478260869568
1.0,1.4612058853906016,0.8260869565217391,0.7391304347826086,0.08695652173913049
0.0,1.7534470624687217,0.0,0.043478260869565216,-0.043478260869565216
0.023255813953488372,1.7534470624687217,0.0,0.0,0.0
0.046511627906976744,1.7534470624687217,0.0,0.0,0.0
0.06976744186046512,1.7534470624687217,0.0,0.0,0.0
0.09302325581395349,1.7534470624687217,0.021739130434782608,0.021739130434782608,0.0
0.11627906976744186,1.7534470624687217,0.021739130434782608,0.0,0.021739130434782608
0.13953488372093023,1.7534470624687217,0.2391304347826087,0.2826086956521739,-0.04347826086956519
0.16279069767441862,1.7534470624687217,0.9565217391304348,0.9347826086956522,0.021739130434782594
0.18604651162790697,1.7534470624687217,1.0,1.0,0.0
0.20930232558139533,1.7534470624687217,1.0,1.0,0.0
0.23255813953488372,1.7534470624687217,1.0,1.0,0.0
0.2558139534883721,1.7534470624687217,0.8260869565217391,0.6956521739130435,0.13043478260869568
0.27906976744186046,1.7534470624687217,0.0,0.0,0.0
0.3023255813953488,1.7534470624687217,0.0,0.0,0.0
0.32558139534883723,1.7534470624687217,0.0,0.0,0.0
0.3488372093023256,1.7534470624687217,0.0,0.0,0.0
0.37209302325581395,1.7534470624687217,0.0,0.0,0.0
0.3953488372093023,1.7534470624687217,0.0,0.0,0.0
0.41860465116279066,1.7534470624687217,0.0,0.0,0.0
0.4418604651162791,1.7534470624687217,0.0,0.0,0.0
0.46511627906976744,1.7534470624687217,0.0,0.0,0.0
0.4883720930232558,1.7534470624687217,0.0,0.0,0.0
0.5116279069767442,1.7534470624687217,0.0,0.0,0.0
0.5348837209302325,1.7534470624687217,0.0,0.0,0.0
0.5581395348837209,1.7534470624687217,0.0,0.0,0.0
0.5813953488372093,1.7534470624687217,0.0,0.0,0.0
0.6046511627906976,1.7534470624687217,0.0,0.0,0.0
0.627906976744186,1.7534470624687217,0.0,0.0,0.0
0.6511627906976745,1.7534470624687217,0.0,0.0,0.0
0.6744186046511628,1.7534470624687217,0.0,0.0,0.0
0.6976744186046512,1.7534470624687217,0.0,0.0,0.0
0.7209302325581395,1.7534470624687217,0.0,0.0,0.0
0.7441860465116279,1.7534470624687217,0.7608695652173914,0.6956521739130435,0.0652173913043479
0.7674418604651163,1.7534470624687217,1.0,1.0,0.0
0.7906976744186046,1.7534470624687217,1.0,1.0,0.0
0.813953488372093,1.7534470624687217,0.9782608695652174,1.0,-0.021739130434782594
0.8372093023255813,1.7534470624687217,1.0,0.9347826086956522,0.06521739130434778
0.8604651162790697,1.7534470624687217,0.21739130434782608,0.2826086956521739,-0.06521739130434781
0.8837209302325582,1.7534470624687217,0.0,0.0,0.0
0.9069767441860465,1.7534470624687217,0.0,0.021739130434782608,-0.021739130434782608
0.9302325581395349,1.7534470624687217,0.0,0.0,0.0
0.9534883720930233,1.7534470624687217,0.0,0.0,0.0
0.9767441860465116,1.7534470624687217,0.0,0.0,0.0
1.0,1.7534470624687217,0.0,0.043478260869565216,-0.043478260869565216
0.0,2.045688239546842,0.0,0.043478260869565216,-0.043478260869565216
0.023255813953488372,2.045688239546842,0.0,0.0,0.0
0.046511627906976744,2.045688239546842,0.0,0.0,0.0
0.06976744186046512,2.045688239546842,0.0,0.0,0.0
0.09302325581395349,2.045688239546842,0.0,0.0,0.0
0.11627906976744186,2.045688239546842,0.0,0.0,0.0
0.13953488372093023,2.045688239546842,0.0,0.0,0.0
0.16279069767441862,2.045688239546842,0.0,0.0,0.0
0.18604651162790697,2.045688239546842,0.0,0.0,0.0
0.20930232558139533,2.045688239546842,0.021739130434782608,0.021739130434782608,0.0
0.23255813953488372,2.045688239546842,0.9130434782608695,0.8478260869565217,0.06521739130434778
0.2558139534883721,2.045688239546842,0.9782608695652174,0.9130434782608695,0.0652173913043479
0.27906976744186046,2.045688239546842,0.9782608695652174,0.9565217391304348,0.021739130434782594
0.3023255813953488,2.045688239546842,0.6521739130434783,0.6304347826086957,0.021739130434782594
0.32558139534883723,2.045688239546842,0.0,0.0,0.0
0.3488372093023256,2.045688239546842,0.0,0.0,0.0
0.37209302325581395,2.045688239546842,0.0,0.0,0.0
0.3953488372093023,2.045688239546842,0.0,0.0,0.0
0.41860465116279066,2.045688239546842,0.0,0.0,0.0
0.4418604651162791,2.045688239546842,0.0,0.0,0.0
0.46511627906976744,2.045688239546842,0.0,0.0,0.0
0.4883720930232558,2.045688239546842,0.0,0.0,0.0
0.5116279069767442,2.045688239546842,0.0,0.0,0.0
0.5348837209302325,2.045688239546842,0.0,0.0,0.0
0.5581395348837209,2.045688239546842,0.0,0.0,0.0
0.5813953488372093,2.045688239546842,0.0,0.0,0.0
0.6046511627906976,2.045688239546842,0.0,0.0,0.0
0.627906976744186,2.045688239546842,0.0,0.0,0.0
0.6511627906976745,2.045688239546842,0.0,0.0,0.0
0.6744186046511628,2.045688239546842,0.0,0.0,0.0
0.6976744186046512,2.045688239546842,0.6086956521739131,0.6304347826086957,-0.021739130434782594
0.7209302325581395,2.045688239546842,0.9782608695652174,0.9565217391304348,0.021739130434782594
0.7441860465116279,2.045688239546842,0.9130434782608695,0.9130434782608695,0.0
0.7674418604651163,2.045688239546842,0.9130434782608695,0.8478260869565217,0.06521739130434778
0.7906976744186046,2.045688239546842,0.021739130434782608,0.021739130434782608,0.0
0.813953488372093,2.045688239546842,0.0,0.0,0.0
0.8372093023255813,2.045688239546842,0.0,0.0,0.0
0.8604651162790697,2.045688239546842,0.0,0.0,0.0
0.8837209302325582,2.045688239546842,0.0,0.0,0.0
0.9069767441860465,2.045688239546842,0.0,0.0,0.0
0.9302325581395349,2.045688239546842,0.0,0.0,0.0
0.9534883720930233,2.045688239546842,0.0,0.0,0.0
0.9767441860465116,2.045688239546842,0.0,0.0,0.0
1.0,2.045688239546842,0.0,0.043478260869565216,-0.043478260869565216
0.0,2.3379294166249625,0.0,0.043478260869565216,-0.043478260869565216
0.023255813953488372,2.3379294166249625,0.0,0.0,0.0
0.046511627906976744,2.3379294166249625,0.0,0.0,0.0
0.06976744186046512,2.3379294166249625,0.0,0.0,0.0
0.09302325581395349,2.3379294166249625,0.0,0.0,0.0
0.11627906976744186,2.3379294166249625,0.0,0.0,0.0
0.13953488372093023,2.3379294166249625,0.0,0.0,0.0
0.16279069767441862,2.3379294166249625,0.0,0.0,0.0
0.18604651162790697,2.3379294166249625,0.0,0.0,0.0
0.20930232558139533,2.3379294166249625,0.0,0.0,0.0
0.23255813953488372,2.3379294166249625,0.0,0.0,0.0
0.2558139534883721,2.3379294166249625,0.0,0.0,0.0
0.27906976744186046,2.3379294166249625,0.06521739130434782,0.06521739130434782,0.0
0.3023255813953488,2.3379294166249625,0.8695652173913043,0.8695652173913043,0.0
0.32558139534883723,2.3379294166249625,0.9565217391304348,0.8478260869565217,0.10869565217391308
0.3488372093023256,2.3379294166249625,0.5869565217391305,0.5652173913043478,0.021739130434782705
0.37209302325581395,2.3379294166249625,0.0,0.0,0.0
0.3953488372093023,2.3379294166249625,0.0,0.0,0.0
0.41860465116279066,2.3379294166249625,0.0,0.0,0.0
0.4418604651162791,2.3379294166249625,0.0,0.0,0.0
0.46511627906976744,2.3379294166249625,0.0,0.0,0.0
0.4883720930232558,2.3379294166249625,0.0,0.0,0.0
0.5116279069767442,2.3379294166249625,0.0,0.0,0.0
0.5348837209302325,2.3379294166249625,0.0,0.0,0.0
0.5581395348837209,2.3379294166249625,0.0,0.0,0.0
0.5813953488372093,2.3379294166249625,0.0,0.0,0.0
0.6046511627906976,2.3379294166249625,0.0,0.0,0.0
0.627906976744186,2.3379294166249625,0.0,0.0,0.0
0.6511627906976745,2.3379294166249625,0.5869565217391305,0.5652173913043478,0.021739130434782705
0.6744186046511628,2.3379294166249625,0.8478260869565217,0.8478260869565217,0.0
0.6976744186046512,2.3379294166249625,0.8260869565217391,0.8695652173913043,-0.04347826086956519
0.7209302325581395,2.3379294166249625,0.08695652173913043,0.06521739130434782,0.021739130434782608
0.7441860465116279,2.3379294166249625,0.0,0.0,0.0
0.7674418604651163,2.3379294166249625,0.0,0.0,0.0
0.7906976744186046,2.3379294166249625,0.0,0.0,0.0
0.813953488372093,2.3379294166249625,0.0,0.0,0.0
0.8372093023255813,2.3379294166249625,0.0,0.0,0.0
0.8604651162790697,2.3379294166249625,0.0,0.0,0.0
0.8837209302325582,2.3379294166249625,0.0,0.0,0.0
0.9069767441860465,2.3379294166249625,0.0,0.0,0.0
0.9302325581395349,2.3379294166249625,0.0,0.0,0.0
0.9534883720930233,2.3379294166249625,0.0,0.0,0.0
0.9767441860465116,2.3379294166249625,0.0,0.0,0.0
1.0,2.3379294166249625,0.0,0.043478260869565216,-0.043478260869565216
0.0,2.630170593703083,0.0,0.043478260869565216,-0.043478260869565216
0.023255813953488372,2.630170593703083,0.0,0.0,0.0
0.046511627906976744,2.630170593703083,0.0,0.0,0.0
0.06976744186046512,2.630170593703083,0.0,0.0,0.0
0.09302325581395349,2.630170593703083,0.0,0.0,0.0
0.11627906976744186,2.630170593703083,0.0,0.0,0.0
0.13953488372093023,2.630170593703083,0.0,0.0,0.0
0.16279069767441862,2.630170593703083,0.0,0.0,0.0
0.18604651162790697,2.630170593703083,0.0,0.0,0.0
0.20930232558139533,2.630170593703083,0.0,0.0,0.0
0.23255813953488372,2.630170593703083,0.0,0.0,0.0
0.2558139534883721,2.630170593703083,0.0,0.0,0.0
0.27906976744186046,2.630170593703083,0.0,0.0,0.0
0.3023255813953488,2.630170593703083,0.0,0.0,0.0
0.32558139534883723,2.630170593703083,0.0,0.0,0.0
0.3488372093023256,2.630170593703083,0.5869565217391305,0.4782608695652174,0.10869565217391308
0.37209302325581395,2.630170593703083,0.8260869565217391,0.8260869565217391,0.0
0.3953488372093023,2.630170593703083,0.9347826086956522,0.8913043478260869,0.0434782608695653
0.41860465116279066,2.630170593703083,0.0,0.0,0.0
0.4418604651162791,2.630170593703083,0.0,0.0,0.0
0.46511627906976744,2.630170593703083,0.0,0.0,0.0
0.4883720930232558,2.630170593703083,0.0,0.0,0.0
0.5116279069767442,2.630170593703083,0.0,0.0,0.0
0.5348837209302325,2.630170593703083,0.0,0.0,0.0
0.5581395348837209,2.630170593703083,0.0,0.0,0.0
0.5813953488372093,2.630170593703083,0.0,0.0,0.0
0.6046511627906976,2.630170593703083,0.9130434782608695,0.8913043478260869,0.021739130434782594
0.627906976744186,2.630170593703083,0.8913043478260869,0.8260869565217391,0.06521739130434778
0.6511627906976745,2.630170593703083,0.3695652173913043,0.4782608695652174,-0.10869565217391308
0.6744186046511628,2.630170593703083,0.021739130434782608,0.0,0.021739130434782608
0.6976744186046512,2.630170593703083,0.0,0.0,0.0
0.7209302325581395,2.630170593703083,0.0,0.0,0.0
0.7441860465116279,2.630170593703083,0.0,0.0,0.0
0.7674418604651163,2.630170593703083,0.0,0.0,0.0
0.7906976744186046,2.630170593703083,0.0,0.0,0.0
0.813953488372093,2.630170593703083,0.0,0.0,0.0
0.8372093023255813,2.630170593703083,0.0,0.0,0.0
0.8604651162790697,2.630170593703083,0.0,0.0,0.0
0.8837209302325582,2.630170593703083,0.0,0.0,0.0
0.9069767441860465,2.630170593703083,0.0,0.0,0.0
0.9302325581395349,2.630170593703083,0.0,0.0,0.0
0.9534883720930233,2.630170593703083,0.0,0.0,0.0
0.9767441860465116,2.630170593703083,0.0,0.0,0.0
1.0,2.630170593703083,0.0,0.043478260869565216,-0.043478260869565216
0.0,2.922411770781203,0.0,0.043478260869565216,-0.043478260869565216
0.023255813953488372,2.922411770781203,0.0,0.0,0.0
0.046511627906976744,2.922411770781203,0.0,0.0,0.0
0.06976744186046512,2.922411770781203,0.0,0.0,0.0
0.09302325581395349,2.922411770781203,0.0,0.0,0.0
0.11627906976744186,2.922411770781203,0.0,0.0,0.0
0.13953488372093023,2.922411770781203,0.0,0.0,0.0
0.16279069767441862,2.922411770781203,0.0,0.0,0.0
0.18604651162790697,2.922411770781203,0.0,0.0,0.0
0.20930232558139533,2.922411770781203,0.0,0.0,0.0
0.23255813953488372,2.922411770781203,0.0,0.0,0.0
0.2558139534883721,2.922411770781203,0.0,0.0,0.0
0.27906976744186046,2.922411770781203,0.0,0.0,0.0
0.3023255813953488,2.922411770781203,0.0,0.0,0.0
0.32558139534883723,2.922411770781203,0.0,0.0,0.0
0.3488372093023256,2.922411770781203,0.0,0.0,0.0
0.37209302325581395,2.922411770781203,0.0,0.0,0.0
0.3953488372093023,2.922411770781203,0.13043478260869565,0.13043478260869565,0.0
0.41860465116279066,2.922411770781203,0.8260869565217391,0.6956521739130435,0.13043478260869568
0.4418604651162791,2.922411770781203,0.8043478260869565,0.6956521739130435,0.10869565217391308
0.46511627906976744,2.922411770781203,0.0,0.0,0.0
0.4883720930232558,2.922411770781203,0.0,0.0,0.0
0.5116279069767442,2.922411770781203,0.0,0.0,0.0
0.5348837209302325,2.922411770781203,0.021739130434782608,0.0,0.021739130434782608
0.5581395348837209,2.922411770781203,0.7391304347826086,0.6956521739130435,0.04347826086956519
0.5813953488372093,2.922411770781203,0.6521739130434783,0.6956521739130435,-0.04347826086956519
0.6046511627906976,2.922411770781203,0.06521739130434782,0.13043478260869565,-0.06521739130434782
0.627906976744186,2.922411770781203,0.0,0.0,0.0
0.6511627906976745,2.922411770781203,0.0,0.0,0.0
0.6744186046511628,2.922411770781203,0.0,0.0,0.0
0.6976744186046512,2.922411770781203,0.0,0.0,0.0
0.7209302325581395,2.922411770781203,0.0,0.0,0.0
0.7441860465116279,2.922411770781203,0.0,0.0,0.0
0.7674418604651163,2.922411770781203,0.0,0.0,0.0
0.7906976744186046,2.922411770781203,0.0,0.0,0.0
0.813953488372093,2.922411770781203,0.0,0.0,0.0
0.8372093023255813,2.922411770781203,0.0,0.0,0.0
0.8604651162790697,2.922411770781203,0.0,0.0,0.0
0.8837209302325582,2.922411770781203,0.0,0.0,0.0
0.9069767441860465,2.922411770781203,0.0,0.0,0.0
0.9302325581395349,2.922411770781203,0.0,0.0,0.0
0.9534883720930233,2.922411770781203,0.0,0.0,0.0
0.9767441860465116,2.922411770781203,0.0,0.0,0.0
1.0,2.922411770781203,0.0,0.043478260869565216,-0.043478260869565216
0.0,3.2146529478593235,0.0,0.043478260869565216,-0.043478260869565216
0.023255813953488372,3.2146529478593235,0.0,0.0,0.0
0.046511627906976744,3.2146529478593235,0.0,0.0,0.0
0.06976744186046512,3.2146529478593235,0.0,0.0,0.0
0.09302325581395349,3.2146529478593235,0.0,0.0,0.0
0.11627906976744186,3.2146529478593235,0.0,0.0,0.0
0.13953488372093023,3.2146529478593235,0.0,0.0,0.0
0.16279069767441862,3.2146529478593235,0.0,0.0,0.0
0.18604651162790697,3.2146529478593235,0.0,0.0,0.0
0.20930232558139533,3.2146529478593235,0.0,0.0,0.0
0.23255813953488372,3.2146529478593235,0.0,0.0,0.0
0.2558139534883721,3.2146529478593235,0.0,0.0,0.0
0.27906976744186046,3.2146529478593235,0.0,0.0,0.0
0.3023255813953488,3.2146529478593235,0.0,0.0,0.0
0.32558139534883723,3.2146529478593235,0.0,0.0,0.0
0.3488372093023256,3.2146529478593235,0.0,0.0,0.0
0.37209302325581395,3.2146529478593235,0.0,0.0,0.0
0.3953488372093023,3.2146529478593235,0.0,0.0,0.0
0.41860465116279066,3.2146529478593235,0.0,0.0,0.0
0.4418604651162791,3.2146529478593235,0.0,0.0,0.0
0.46511627906976744,3.2146529478593235,0.6521739130434783,0.5217391304347826,0.13043478260869568
0.4883720930232558,3.2146529478593235,0.5652173913043478,0.6086956521739131,-0.0434782608695653
0.5116279069767442,3.2146529478593235,0.4782608695652174,0.6086956521739131,-0.13043478260869568
0.5348837209302325,3.2146529478593235,0.5652173913043478,0.5217391304347826,0.04347826086956519
0.5581395348837209,3.2146529478593235,0.0,0.0,0.0
0.5813953488372093,3.2146529478593235,0.0,0.0,0.0
0.6046511627906976,3.2146529478593235,0.0,0.0,0.0
0.627906976744186,3.2146529478593235,0.0,0.0,0.0
0.6511627906976745,3.2146529478593235,0.0,0.0,0.0
0.6744186046511628,3.2146529478593235,0.0,0.0,0.0
0.6976744186046512,3.2146529478593235,0.0,0.0,0.0
0.7209302325581395,3.2146529478593235,0.0,0.0,0.0
0.7441860465116279,3.2146529478593235,0.0,0.0,0.0
0.7674418604651163,3.2146529478593235,0.0,0.0,0.0
0.7906976744186046,3.2146529478593235,0.0,0.0,0.0
0.813953488372093,3.2146529478593235,0.0,0.0,0.0
0.8372093023255813,3.2146529478593235,0.0,0.0,0.0
0.8604651162790697,3.2146529478593235,0.0,0.0,0.0
0.8837209302325582,3.2146529478593235,0.0,0.0,0.0
0.9069767441860465,3.2146529478593235,0.0,0.0,0.0
0.9302325581395349,3.2146529478593235,0.0,0.0,0.0
0.9534883720930233,3.2146529478593235,0.0,0.0,0.0
0.9767441860465116,3.2146529478593235,0.0,0.0,0.0
1.0,3.2146529478593235,0.0,0.043478260869565216,-0.043478260869565216
0.0,3.5068941249374435,0.0,0.021739130434782608,-0.021739130434782608
0.023255813953488372,3.5068941249374435,0.0,0.0,0.0
0.046511627906976744,3.5068941249374435,0.0,0.0,0.0
0.06976744186046512,3.5068941249374435,0.0,0.0,0.0
0.09302325581395349,3.5068941249374435,0.0,0.0,0.0
0.11627906976744186,3.5068941249374435,0.0,0.0,0.0
0.13953488372093023,3.5068941249374435,0.0,0.0,0.0
0.16279069767441862,3.5068941249374435,0.0,0.0,0.0
0.18604651162790697,3.5068941249374435,0.0,0.0,0.0
0.20930232558139533,3.5068941249374435,0.0,0.0,0.0
0.23255813953488372,3.5068941249374435,0.0,0.0,0.0
0.2558139534883721,3.5068941249374435,0.0,0.0,0.0
0.27906976744186046,3.5068941249374435,0.0,0.0,0.0
0.3023255813953488,3.5068941249374435,0.0,0.0,0.0
0.32558139534883723,3.5068941249374435,0.0,0.0,0.0
0.3488372093023256,3.5068941249374435,0.0,0.0,0.0
0.37209302325581395,3.5068941249374435,0.0,0.0,0.0
0.3953488372093023,3.5068941249374435,0.0,0.0,0.0
0.41860465116279066,3.5068941249374435,0.0,0.0,0.0
0.4418604651162791,3.5068941249374435,0.0,0.0,0.0
0.46511627906976744,3.5068941249374435,0.2826086956521739,0.391304347826087,-0.10869565217391308
0.4883720930232558,3.5068941249374435,0.2826086956521739,0.43478260869565216,-0.15217391304347827
0.5116279069767442,3.5068941249374435,0.43478260869565216,0.43478260869565216,0.0
0.5348837209302325,3.5068941249374435,0.4782608695652174,0.391304347826087,0.08695652173913043
0.5581395348837209,3.5068941249374435,0.0,0.0,0.0
0.5813953488372093,3.5068941249374435,0.0,0.0,0.0
0.6046511627906976,3.5068941249374435,0.0,0.0,0.0
0.627906976744186,3.5068941249374435,0.0,0.0,0.0
0.6511627906976745,3.5068941249374435,0.0,0.0,0.0
0.6744186046511628,3.5068941249374435,0.0,0.0,0.0
0.6976744186046512,3.5068941249374435,0.0,0.0,0.0
0.7209302325581395,3.5068941249374435,0.0,0.0,0.0
0.7441860465116279,3.5068941249374435,0.0,0.0,0.0
0.7674418604651163,3.5068941249374435,0.0,0.0,0.0
0.7906976744186046,3.5068941249374435,0.0,0.0,0.0
0.813953488372093,3.5068941249374435,0.0,0.0,0.0
0.8372093023255813,3.5068941249374435,0.0,0.0,0.0
0.8604651162790697,3.5068941249374435,0.0,0.0,0.0
0.8837209302325582,3.5068941249374435,0.0,0.0,0.0
0.9069767441860465,3.5068941249374435,0.0,0.0,0.0
0.9302325581395349,3.5068941249374435,0.0,0.0,0.0
0.9534883720930233,3.5068941249374435,0.0,0.0,0.0
0.9767441860465116,3.5068941249374435,0.0,0.0,0.0
1.0,3.5068941249374435,0.0,0.043478260869565216,-0.043478260869565216
0.0,3.799135302015564,0.0,0.021739130434782608,-0.021739130434782608
0.023255813953488372,3.799135302015564,0.0,0.0,0.0
0.046511627906976744,3.799135302015564,0.0,0.0,0.0
0.06976744186046512,3.799135302015564,0.0,0.0,0.0
0.09302325581395349,3.799135302015564,0.0,0.0,0.0
0.11627906976744186,3.799135302015564,0.0,0.0,0.0
0.13953488372093023,3.799135302015564,0.0,0.0,0.0
0.16279069767441862,3.799135302015564,0.0,0.0,0.0
0.18604651162790697,3.799135302015564,0.0,0.0,0.0
0.20930232558139533,3.799135302015564,0.0,0.0,0.0
0.23255813953488372,3.799135302015564,0.0,0.0,0.0
0.2558139534883721,3.799135302015564,0.0,0.0,0.0
0.27906976744186046,3.799135302015564,0.0,0.0,0.0
0.3023255813953488,3.799135302015564,0.0,0.0,0.0
0.32558139534883723,3.799135302015564,0.0,0.0,0.0
0.3488372093023256,3.799135302015564,0.0,0.0,0.0
0.37209302325581395,3.799135302015564,0.0,0.0,0.0
0.3953488372093023,3.799135302015564,0.0,0.0,0.0
0.41860465116279066,3.799135302015564,0.2826086956521739,0.3695652173913043,-0.08695652173913043
0.4418604651162791,3.799135302015564,0.2608695652173913,0.2826086956521739,-0.021739130434782594
0.46511627906976744,3.799135302015564,0.0,0.0,0.0
0.4883720930232558,3.799135302015564,0.0,0.0,0.0
0.5116279069767442,3.799135302015564,0.0,0.0,0.0
0.5348837209302325,3.799135302015564,0.0,0.0,0.0
0.5581395348837209,3.799135302015564,0.3695652173913043,0.2826086956521739,0.08695652173913043
0.5813953488372093,3.799135302015564,0.41304347826086957,0.3695652173913043,0.043478260869565244
0.6046511627906976,3.799135302015564,0.0,0.0,0.0
0.627906976744186,3.799135302015564,0.0,0.0,0.0
0.6511627906976745,3.799135302015564,0.0,0.0,0.0
0.6744186046511628,3.799135302015564,0.0,0.0,0.0
0.6976744186046512,3.799135302015564,0.0,0.0,0.0
0.7209302325581395,3.799135302015564,0.0,0.0,0.0
0.7441860465116279,3.799135302015564,0.0,0.0,0.0
0.7674418604651163,3.799135302015564,0.0,0.0,0.0
0.7906976744186046,3.799135302015564,0.0,0.0,0.0
0.813953488372093,3.799135302015564,0.0,0.0,0.0
0.8372093023255813,3.799135302015564,0.0,0.0,0.0
0.8604651162790697,3.799135302015564,0.0,0.0,0.0
0.8837209302325582,3.799135302015564,0.0,0.0,0.0
0.9069767441860465,3.799135302015564,0.0,0.0,0.0
0.9302325581395349,3.799135302015564,0.0,0.0,0.0
0.9534883720930233,3.799135302015564,0.0,0.0,0.0
0.9767441860465116,3.799135302015564,0.0,0.0,0.0
1.0,3.799135302015564,0.0,0.043478260869565216,-0.043478260869565216
0.0,4.091376479093684,0.0,0.021739130434782608,-0.021739130434782608
0.023255813953488372,4.091376479093684,0.0,0.0,0.0
0.046511627906976744,4.091376479093684,0.0,0.0,0.0
0.06976744186046512,4.091376479093684,0.0,0.0,0.0
0.09302325581395349,4.091376479093684,0.0,0.0,0.0
0.11627906976744186,4.091376479093684,0.0,0.0,0.0
0.13953488372093023,4.091376479093684,0.0,0.0,0.0
0.16279069767441862,4.091376479093684,0.0,0.0,0.0
0.18604651162790697,4.091376479093684,0.0,0.0,0.0
0.20930232558139533,4.091376479093684,0.0,0.0,0.0
0.23255813953488372,4.091376479093684,0.0,0.0,0.0
0.2558139534883721,4.091376479093684,0.0,0.0,0.0
0.27906976744186046,4.091376479093684,0.0,0.0,0.0
0.3023255813953488,4.091376479093684,0.0,0.0,0.0
0.32558139534883723,4.091376479093684,0.0,0.0,0.0
0.3488372093023256,4.091376479093684,0.0,0.0,0.0
0.37209302325581395,4.091376479093684,0.5434782608695652,0.6304347826086957,-0.08695652173913049
0.3953488372093023,4.091376479093684,0.13043478260869565,0.15217391304347827,-0.021739130434782622
0.41860465116279066,4.091376479093684,0.0,0.0,0.0
0.4418604651162791,4.091376479093684,0.0,0.0,0.0
0.46511627906976744,4.091376479093684,0.0,0.0,0.0
0.4883720930232558,4.091376479093684,0.0,0.0,0.0
0.5116279069767442,4.091376479093684,0.0,0.0,0.0
0.5348837209302325,4.091376479093684,0.0,0.0,0.0
0.5581395348837209,4.091376479093684,0.0,0.0,0.0
0.5813953488372093,4.091376479093684,0.0,0.0,0.0
0.6046511627906976,4.091376479093684,0.2608695652173913,0.15217391304347827,0.10869565217391303
0.627906976744186,4.091376479093684,0.6521739130434783,0.6304347826086957,0.021739130434782594
0.6511627906976745,4.091376479093684,0.0,0.0,0.0
0.6744186046511628,4.091376479093684,0.0,0.0,0.0
0.6976744186046512,4.091376479093684,0.0,0.0,0.0
0.7209302325581395,4.091376479093684,0.0,0.0,0.0
0.7441860465116279,4.091376479093684,0.0,0.0,0.0
0.7674418604651163,4.091376479093684,0.0,0.0,0.0
0.7906976744186046,4.091376479093684,0.0,0.0,0.0
0.813953488372093,4.091376479093684,0.0,0.0,0.0
0.8372093023255813,4.091376479093684,0.0,0.0,0.0
0.8604651162790697,4.091376479093684,0.0,0.0,0.0
0.8837209302325582,4.091376479093684,0.0,0.0,0.0
0.9069767441860465,4.091376479093684,0.0,0.0,0.0
0.9302325581395349,4.091376479093684,0.0,0.0,0.0
0.9534883720930233,4.091376479093684,0.0,0.0,0.0
0.9767441860465116,4.091376479093684,0.0,0.0,0.0
1.0,4.091376479093684,0.0,0.043478260869565216,-0.043478260869565216
0.0,4.383617656171805,0.0,0.021739130434782608,-0.021739130434782608
0.023255813953488372,4.383617656171805,0.0,0.0,0.0
0.046511627906976744,4.383617656171805,0.0,0.0,0.0
0.06976744186046512,4.383617656171805,0.0,0.0,0.0
0.09302325581395349,4.383617656171805,0.0,0.0,0.0
0.11627906976744186,4.383617656171805,0.0,0.0,0.0
0.13953488372093023,4.383617656171805,0.0,0.0,0.0
0.16279069767441862,4.383617656171805,0.0,0.0,0.0
0.18604651162790697,4.383617656171805,0.0,0.0,0.0
0.20930232558139533,4.383617656171805,0.0,0.0,0.0
0.23255813953488372,4.383617656171805,0.0,0.0,0.0
0.2558139534883721,4.383617656171805,0.0,0.0,0.0
0.27906976744186046,4.383617656171805,0.0,0.0,0.0
0.3023255813953488,4.383617656171805,0.0,0.0,0.0
0.32558139534883723,4.383617656171805,0.45652173913043476,0.5652173913043478,-0.10869565217391303
0.3488372093023256,4.383617656171805,0.06521739130434782,0.08695652173913043,-0.021739130434782608
0.37209302325581395,4.383617656171805,0.0,0.0,0.0
0.3953488372093023,4.383617656171805,0.0,0.0,0.0
0.41860465116279066,4.383617656171805,0.0,0.0,0.0
0.4418604651162791,4.383617656171805,0.0,0.0,0.0
0.46511627906976744,4.383617656171805,0.0,0.0,0.0
0.4883720930232558,4.383617656171805,0.0,0.0,0.0
0.5116279069767442,4.383617656171805,0.0,0.0,0.0
0.5348837209302325,4.383617656171805,0.0,0.0,0.0
0.5581395348837209,4.383617656171805,0.0,0.0,0.0
0.5813953488372093,4.383617656171805,0.0,0.0,0.0
0.6046511627906976,4.383617656171805,0.0,0.0,0.0
0.627906976744186,4.383617656171805,0.0,0.0,0.0
0.6511627906976745,4.383617656171805,0.06521739130434782,0.08695652173913043,-0.021739130434782608
0.6744186046511628,4.383617656171805,0.5434782608695652,0.5652173913043478,-0.021739130434782594
0.6976744186046512,4.383617656171805,0.0,0.0,0.0
0.7209302325581395,4.383617656171805,0.0,0.0,0.0
0.7441860465116279,4.383617656171805,0.0,0.0,0.0
0.7674418604651163,4.383617656171805,0.0,0.0,0.0
0.7906976744186046,4.383617656171805,0.0,0.0,0.0
0.813953488372093,4.383617656171805,0.0,0.0,0.0
0.8372093023255813,4.383617656171805,0.0,0.0,0.0
0.8604651162790697,4.383617656171805,0.0,0.0,0.0
0.8837209302325582,4.383617656171805,0.0,0.0,0.0
0.9069767441860465,4.383617656171805,0.0,0.0,0.0
0.9302325581395349,4.383617656171805,0.0,0.0,0.0
0.9534883720930233,4.383617656171805,0.0,0.0,0.0
0.9767441860465116,4.383617656171805,0.0,0.0,0.0
1.0,4.383617656171805,0.0,0.043478260869565216,-0.043478260869565216
0.0,4.675858833249925,0.0,0.021739130434782608,-0.021739130434782608
0.023255813953488372,4.675858833249925,0.0,0.0,0.0
0.046511627906976744,4.675858833249925,0.0,0.0,0.0
0.06976744186046512,4.675858833249925,0.0,0.0,0.0
0.09302325581395349,4.675858833249925,0.0,0.0,0.0
0.11627906976744186,4.675858833249925,0.0,0.0,0.0
0.13953488372093023,4.675858833249925,0.0,0.0,0.0
0.16279069767441862,4.675858833249925,0.0,0.0,0.0
0.18604651162790697,4.675858833249925,0.0,0.0,0.0
0.20930232558139533,4.675858833249925,0.0,0.0,0.0
0.23255813953488372,4.675858833249925,0.0,0.0,0.0
0.2558139534883721,4.675858833249925,0.043478260869565216,0.021739130434782608,0.021739130434782608
0.27906976744186046,4.675858833249925,0.9565217391304348,0.782608695652174,0.17391304347826086
0.3023255813953488,4.675858833249925,0.021739130434782608,0.0,0.021739130434782608
0.32558139534883723,4.675858833249925,0.0,0.0,0.0
0.3488372093023256,4.675858833249925,0.0,0.0,0.0
0.37209302325581395,4.675858833249925,0.0,0.0,0.0
0.3953488372093023,4.675858833249925,0.0,0.0,0.0
0.41860465116279066,4.675858833249925,0.0,0.0,0.0
0.4418604651162791,4.675858833249925,0.0,0.0,0.0
0.46511627906976744,4.675858833249925,0.0,0.0,0.0
0.4883720930232558,4.675858833249925,0.0,0.0,0.0
0.5116279069767442,4.675858833249925,0.0,0.0,0.0
0.5348837209302325,4.675858833249925,0.0,0.0,0.0
0.5581395348837209,4.675858833249925,0.0,0.0,0.0
0.5813953488372093,4.675858833249925,0.0,0.0,0.0
0.6046511627906976,4.675858833249925,0.0,0.0,0.0
0.627906976744186,4.675858833249925,0.0,0.0,0.0
0.6511627906976745,4.675858833249925,0.0,0.0,0.0
0.6744186046511628,4.675858833249925,0.0,0.0,0.0
0.6976744186046512,4.675858833249925,0.043478260869565216,0.0,0.043478260869565216
0.7209302325581395,4.675858833249925,0.9130434782608695,0.782608695652174,0.13043478260869557
0.7441860465116279,4.675858833249925,0.021739130434782608,0.021739130434782608,0.0
0.7674418604651163,4.675858833249925,0.0,0.0,0.0
0.7906976744186046,4.675858833249925,0.0,0.0,0.0
0.813953488372093,4.675858833249925,0.0,0.0,0.0
0.8372093023255813,4.675858833249925,0.0,0.0,0.0
0.8604651162790697,4.675858833249925,0.0,0.0,0.0
0.8837209302325582,4.675858833249925,0.0,0.0,0.0
0.9069767441860465,4.675858833249925,0.0,0.0,0.0
0.9302325581395349,4.675858833249925,0.0,0.0,0.0
0.9534883720930233,4.675858833249925,0.0,0.0,0.0
0.9767441860465116,4.675858833249925,0.0,0.0,0.0
1.0,4.675858833249925,0.0,0.043478260869565216,-0.043478260869565216
0.0,4.968100010328045,0.0,0.021739130434782608,-0.021739130434782608
0.023255813953488372,4.968100010328045,0.0,0.0,0.0
0.046511627906976744,4.968100010328045,0.0,0.0,0.0
0.06976744186046512,4.968100010328045,0.0,0.0,0.0
0.09302325581395349,4.968100010328045,0.0,0.0,0.0
0.11627906976744186,4.968100010328045,0.0,0.0,0.0
0.13953488372093023,4.968100010328045,0.0,0.0,0.0
0.16279069767441862,4.968100010328045,0.0,0.0,0.0
0.18604651162790697,4.968100010328045,0.0,0.0,0.0
0.20930232558139533,4.968100010328045,0.0,0.021739130434782608,-0.021739130434782608
0.23255813953488372,4.968100010328045,0.7391304347826086,0.7608695652173914,-0.021739130434782705
0.2558139534883721,4.968100010328045,0.0,0.0,0.0
0.27906976744186046,4.968100010328045,0.0,0.0,0.0
0.3023255813953488,4.968100010328045,0.0,0.0,0.0
0.32558139534883723,4.968100010328045,0.0,0.0,0.0
0.3488372093023256,4.968100010328045,0.0,0.0,0.0
0.37209302325581395,4.968100010328045,0.0,0.0,0.0
0.3953488372093023,4.968100010328045,0.0,0.0,0.0
0.41860465116279066,4.968100010328045,0.0,0.0,0.0
0.4418604651162791,4.968100010328045,0.0,0.0,0.0
0.46511627906976744,4.968100010328045,0.0,0.0,0.0
0.4883720930232558,4.968100010328045,0.0,0.0,0.0
0.5116279069767442,4.968100010328045,0.0,0.0,0.0
0.5348837209302325,4.968100010328045,0.0,0.0,0.0
0.5581395348837209,4.968100010328045,0.0,0.0,0.0
0.5813953488372093,4.968100010328045,0.0,0.0,0.0
0.6046511627906976,4.968100010328045,0.0,0.0,0.0
0.627906976744186,4.968100010328045,0.0,0.0,0.0
0.6511627906976745,4.968100010328045,0.0,0.0,0.0
0.6744186046511628,4.968100010328045,0.0,0.0,0.0
0.6976744186046512,4.968100010328045,0.0,0.0,0.0
0.7209302325581395,4.968100010328045,0.0,0.0,0.0
0.7441860465116279,4.968100010328045,0.021739130434782608,0.0,0.021739130434782608
0.7674418604651163,4.968100010328045,0.8043478260869565,0.7608695652173914,0.04347826086956519
0.7906976744186046,4.968100010328045,0.0,0.021739130434782608,-0.021739130434782608
0.813953488372093,4.968100010328045,0.0,0.0,0.0
0.8372093023255813,4.968100010328045,0.0,0.0,0.0
0.8604651162790697,4.968100010328045,0.0,0.0,0.0
0.8837209302325582,4.968100010328045,0.0,0.0,0.0
0.9069767441860465,4.968100010328045,0.0,0.0,0.0
0.9302325581395349,4.968100010328045,0.0,0.0,0.0
0.9534883720930233,4.968100010328045,0.0,0.0,0.0
0.9767441860465116,4.968100010328045,0.0,0.0,0.0
1.0,4.968100010328045,0.0,0.043478260869565216,-0.043478260869565216
0.0,5.260341187406166,0.0,0.021739130434782608,-0.021739130434782608
0.023255813953488372,5.260341187406166,0.0,0.0,0.0
0.046511627906976744,5.260341187406166,0.0,0.0,0.0
0.06976744186046512,5.260341187406166,0.0,0.0,0.0
0.09302325581395349,5.260341187406166,0.0,0.0,0.0
0.11627906976744186,5.260341187406166,0.0,0.0,0.0
0.13953488372093023,5.260341187406166,0.0,0.0,0.0
0.16279069767441862,5.260341187406166,0.0,0.021739130434782608,-0.021739130434782608
0.18604651162790697,5.260341187406166,0.6739130434782609,0.5217391304347826,0.15217391304347827
0.20930232558139533,5.260341187406166,0.0,0.0,0.0
0.23255813953488372,5.260341187406166,0.0,0.0,0.0
0.2558139534883721,5.260341187406166,0.0,0.0,0.0
0.27906976744186046,5.260341187406166,0.0,0.0,0.0
0.3023255813953488,5.260341187406166,0.0,0.0,0.0
0.32558139534883723,5.260341187406166,0.0,0.0,0.0
0.3488372093023256,5.260341187406166,0.0,0.0,0.0
0.37209302325581395,5.260341187406166,0.0,0.0,0.0
0.3953488372093023,5.260341187406166,0.0,0.0,0.0
0.41860465116279066,5.260341187406166,0.0,0.0,0.0
0.4418604651162791,5.260341187406166,0.0,0.0,0.0
0.46511627906976744,5.260341187406166,0.0,0.0,0.0
0.4883720930232558,5.260341187406166,0.0,0.0,0.0
0.5116279069767442,5.260341187406166,0.0,0.0,0.0
0.5348837209302325,5.260341187406166,0.0,0.0,0.0
0.5581395348837209,5.260341187406166,0.0,0.0,0.0
0.5813953488372093,5.260341187406166,0.0,0.0,0.0
0.6046511627906976,5.260341187406166,0.0,0.0,0.0
0.627906976744186,5.260341187406166,0.0,0.0,0.0
0.6511627906976745,5.260341187406166,0.0,0.0,0.0
0.6744186046511628,5.260341187406166,0.0,0.0,0.0
0.6976744186046512,5.260341187406166,0.0,0.0,0.0
0.7209302325581395,5.260341187406166,0.0,0.0,0.0
0.7441860465116279,5.260341187406166,0.0,0.0,0.0
0.7674418604651163,5.260341187406166,0.0,0.0,0.0
0.7906976744186046,5.260341187406166,0.0,0.0,0.0
0.813953488372093,5.260341187406166,0.4782608695652174,0.5217391304347826,-0.04347826086956519
0.8372093023255813,5.260341187406166,0.021739130434782608,0.021739130434782608,0.0
0.8604651162790697,5.260341187406166,0.0,0.0,0.0
0.8837209302325582,5.260341187406166,0.0,0.0,0.0
0.9069767441860465,5.260341187406166,0.0,0.0,0.0
0.9302325581395349,5.260341187406166,0.0,0.0,0.0
0.9534883720930233,5.260341187406166,0.0,0.0,0.0
0.9767441860465116,5.260341187406166,0.0,0.0,0.0
1.0,5.260341187406166,0.0,0.043478260869565216,-0.043478260869565216
0.0,5.5525823644842855,0.0,0.021739130434782608,-0.021739130434782608
0.023255813953488372,5.5525823644842855,0.0,0.0,0.0
0.046511627906976744,5.5525823644842855,0.0,0.0,0.0
0.06976744186046512,5.5525823644842855,0.0,0.0,0.0
0.09302325581395349,5.5525823644842855,0.0,0.0,0.0
0.11627906976744186,5.5525823644842855,0.0,0.021739130434782608,-0.021739130434782608
0.13953488372093023,5.5525823644842855,0.5652173913043478,0.6521739130434783,-0.08695652173913049
0.16279069767441862,5.5525823644842855,0.0,0.0,0.0
0.18604651162790697,5.5525823644842855,0.0,0.0,0.0
0.20930232558139533,5.5525823644842855,0.0,0.0,0.0
0.23255813953488372,5.5525823644842855,0.0,0.0,0.0
0.2558139534883721,5.5525823644842855,0.0,0.0,0.0
0.27906976744186046,5.5525823644842855,0.0,0.0,0.0
0.3023255813953488,5.5525823644842855,0.0,0.0,0.0
0.32558139534883723,5.5525823644842855,0.0,0.0,0.0
0.3488372093023256,5.5525823644842855,0.0,0.0,0.0
0.37209302325581395,5.5525823644842855,0.0,0.0,0.0
0.3953488372093023,5.5525823644842855,0.0,0.0,0.0
0.41860465116279066,5.5525823644842855,0.0,0.0,0.0
0.4418604651162791,5.5525823644842855,0.0,0.0,0.0
0.46511627906976744,5.5525823644842855,0.0,0.0,0.0
0.4883720930232558,5.5525823644842855,0.0,0.0,0.0
0.5116279069767442,5.5525823644842855,0.0,0.0,0.0
0.5348837209302325,5.5525823644842855,0.0,0.0,0.0
0.5581395348837209,5.5525823644842855,0.0,0.0,0.0
0.5813953488372093,5.5525823644842855,0.0,0.0,0.0
0.6046511627906976,5.5525823644842855,0.0,0.0,0.0
0.627906976744186,5.5525823644842855,0.0,0.0,0.0
0.6511627906976745,5.5525823644842855,0.0,0.0,0.0
0.6744186046511628,5.5525823644842855,0.0,0.0,0.0
0.6976744186046512,5.5525823644842855,0.0,0.0,0.0
0.7209302325581395,5.5525823644842855,0.0,0.0,0.0
0.7441860465116279,5.5525823644842855,0.0,0.0,0.0
0.7674418604651163,5.5525823644842855,0.0,0.0,0.0
0.7906976744186046,5.5525823644842855,0.0,0.0,0.0
0.813953488372093,5.5525823644842855,0.0,0.0,0.0
0.8372093023255813,5.5525823644842855,0.0,0.0,0.0
0.8604651162790697,5.5525823644842855,0.6956521739130435,0.6521739130434783,0.04347826086956519
0.8837209302325582,5.5525823644842855,0.0,0.021739130434782608,-0.021739130434782608
0.9069767441860465,5.5525823644842855,0.0,0.0,0.0
0.9302325581395349,5.5525823644842855,0.0,0.0,0.0
0.9534883720930233,5.5525823644842855,0.0,0.0,0.0
0.9767441860465116,5.5525823644842855,0.0,0.0,0.0
1.0,5.5525823644842855,0.0,0.043478260869565216,-0.043478260869565216
0.0,5.844823541562406,0.0,0.021739130434782608,-0.021739130434782608
0.023255813953488372,5.844823541562406,0.0,0.0,0.0
0.046511627906976744,5.844823541562406,0.0,0.0,0.0
0.06976744186046512,5.844823541562406,0.0,0.0,0.0
0.09302325581395349,5.844823541562406,0.43478260869565216,0.45652173913043476,-0.021739130434782594
0.11627906976744186,5.844823541562406,0.0,0.0,0.0
0.13953488372093023,5.844823541562406,0.0,0.0,0.0
0.16279069767441862,5.844823541562406,0.0,0.0,0.0
0.18604651162790697,5.844823541562406,0.0,0.0,0.0
0.20930232558139533,5.844823541562406,0.0,0.0,0.0
0.23255813953488372,5.844823541562406,0.0,0.0,0.0
0.2558139534883721,5.844823541562406,0.0,0.0,0.0
0.27906976744186046,5.844823541562406,0.0,0.0,0.0
0.3023255813953488,5.844823541562406,0.0,0.0,0.0
0.32558139534883723,5.844823541562406,0.0,0.0,0.0
0.3488372093023256,5.844823541562406,0.0,0.0,0.0
0.37209302325581395,5.844823541562406,0.0,0.0,0.0
0.3953488372093023,5.844823541562406,0.0,0.0,0.0
0.41860465116279066,5.844823541562406,0.0,0.0,0.0
0.4418604651162791,5.844823541562406,0.0,0.0,0.0
0.46511627906976744,5.844823541562406,0.0,0.0,0.0
0.4883720930232558,5.844823541562406,0.0,0.0,0.0
0.5116279069767442,5.844823541562406,0.0,0.0,0.0
0.5348837209302325,5.844823541562406,0.0,0.0,0.0
0.5581395348837209,5.844823541562406,0.0,0.0,0.0
0.5813953488372093,5.844823541562406,0.0,0.0,0.0
0.6046511627906976,5.844823541562406,0.0,0.0,0.0
0.627906976744186,5.844823541562406,0.0,0.0,0.0
0.6511627906976745,5.844823541562406,0.0,0.0,0.0
0.6744186046511628,5.844823541562406,0.0,0.0,0.0
0.6976744186046512,5.844823541562406,0.0,0.0,0.0
0.7209302325581395,5.844823541562406,0.0,0.0,0.0
0.7441860465116279,5.844823541562406,0.0,0.0,0.0
0.7674418604651163,5.844823541562406,0.0,0.0,0.0
0.7906976744186046,5.844823541562406,0.0,0.0,0.0
0.813953488372093,5.844823541562406,0.0,0.0,0.0
0.8372093023255813,5.844823541562406,0.0,0.0,0.0
0.8604651162790697,5.844823541562406,0.0,0.0,0.0
0.8837209302325582,5.844823541562406,0.0,0.0,0.0
0.9069767441860465,5.844823541562406,0.5217391304347826,0.45652173913043476,0.06521739130434784
0.9302325581395349,5.844823541562406,0.021739130434782608,0.0,0.021739130434782608
0.9534883720930233,5.844823541562406,0.0,0.0,0.0
0.9767441860465116,5.844823541562406,0.0,0.0,0.0
1.0,5.844823541562406,0.0,0.021739130434782608,-0.021739130434782608
0.0,6.137064718640526,0.0,0.021739130434782608,-0.021739130434782608
0.023255813953488372,6.137064718640526,0.0,0.021739130434782608,-0.021739130434782608
0.046511627906976744,6.137064718640526,0.2826086956521739,0.5,-0.2173913043478261
0.06976744186046512,6.137064718640526,0.0,0.0,0.0
0.09302325581395349,6.137064718640526,0.0,0.0,0.0
0.11627906976744186,6.137064718640526,0.0,0.0,0.0
0.13953488372093023,6.137064718640526,0.0,0.0,0.0
0.16279069767441862,6.137064718640526,0.0,0.0,0.0
0.18604651162790697,6.137064718640526,0.0,0.0,0.0
0.20930232558139533,6.137064718640526,0.0,0.0,0.0
0.23255813953488372,6.137064718640526,0.0,0.0,0.0
0.2558139534883721,6.137064718640526,0.0,0.0,0.0
0.27906976744186046,6.137064718640526,0.0,0.0,0.0
0.3023255813953488,6.137064718640526,0.0,0.0,0.0
0.32558139534883723,6.137064718640526,0.0,0.0,0.0
0.3488372093023256,6.137064718640526,0.0,0.0,0.0
0.37209302325581395,6.137064718640526,0.0,0.0,0.0
0.3953488372093023,6.137064718640526,0.0,0.0,0.0
0.41860465116279066,6.137064718640526,0.0,0.0,0.0
0.4418604651162791,6.137064718640526,0.0,0.0,0.0
0.46511627906976744,6.137064718640526,0.0,0.0,0.0
0.4883720930232558,6.137064718640526,0.0,0.0,0.0
0.5116279069767442,6.137064718640526,0.0,0.0,0.0
0.5348837209302325,6.137064718640526,0.0,0.0,0.0
0.5581395348837209,6.137064718640526,0.0,0.0,0.0
0.5813953488372093,6.137064718640526,0.0,0.0,0.0
0.6046511627906976,6.137064718640526,0.0,0.0,0.0
0.627906976744186,6.137064718640526,0.0,0.0,0.0
0.6511627906976745,6.137064718640526,0.0,0.0,0.0
0.6744186046511628,6.137064718640526,0.0,0.0,0.0
0.6976744186046512,6.137064718640526,0.0,0.0,0.0
0.7209302325581395,6.137064718640526,0.0,0.0,0.0
0.7441860465116279,6.137064718640526,0.0,0.0,0.0
0.7674418604651163,6.137064718640526,0.0,0.0,0.0
0.7906976744186046,6.137064718640526,0.0,0.0,0.0
0.813953488372093,6.137064718640526,0.0,0.0,0.0
0.8372093023255813,6.137064718640526,0.0,0.0,0.0
0.8604651162790697,6.137064718640526,0.0,0.0,0.0
0.8837209302325582,6.137064718640526,0.0,0.0,0.0
0.9069767441860465,6.137064718640526,0.0,0.0,0.0
0.9302325581395349,6.137064718640526,0.0,0.0,0.0
0.9534883720930233,6.137064718640526,0.5217391304347826,0.5,0.021739130434782594
0.9767441860465116,6.137064718640526,0.0,0.021739130434782608,-0.021739130434782608
1.0,6.137064718640526,0.0,0.021739130434782608,-0.021739130434782608
0.0,6.429305895718647,0.7608695652173914,0.7608695652173914,0.0
0.023255813953488372,6.429305895718647,0.0,0.0,0.0
0.046511627906976744,6.429305895718647,0.0,0.0,0.0
0.06976744186046512,6.429305895718647,0.0,0.0,0.0
0.09302325581395349,6.429305895718647,0.0,0.0,0.0
0.11627906976744186,6.429305895718647,0.0,0.0,0.0
0.13953488372093023,6.429305895718647,0.0,0.0,0.0
0.16279069767441862,6.429305895718647,0.0,0.0,0.0
0.18604651162790697,6.429305895718647,0.0,0.0,0.0
0.20930232558139533,6.429305895718647,0.0,0.0,0.0
0.23255813953488372,6.429305895718647,0.0,0.0,0.0
0.2558139534883721,6.429305895718647,0.0,0.0,0.0
0.27906976744186046,6.429305895718647,0.0,0.0,0.0
0.3023255813953488,6.429305895718647,0.0,0.0,0.0
0.32558139534883723,6.429305895718647,0.0,0.0,0.0
0.3488372093023256,6.429305895718647,0.0,0.0,0.0
0.37209302325581395,6.429305895718647,0.0,0.0,0.0
0.3953488372093023,6.429305895718647,0.0,0.0,0.0
0.41860465116279066,6.429305895718647,0.0,0.0,0.0
0.4418604651162791,6.429305895718647,0.0,0.0,0.0
0.46511627906976744,6.429305895718647,0.0,0.0,0.0
0.4883720930232558,6.429305895718647,0.0,0.0,0.0
0.5116279069767442,6.429305895718647,0.0,0.0,0.0
0.5348837209302325,6.429305895718647,0.0,0.0,0.0
0.5581395348837209,6.429305895718647,0.0,0.0,0.0
0.5813953488372093,6.429305895718647,0.0,0.0,0.0
0.6046511627906976,6.429305895718647,0.0,0.0,0.0
0.627906976744186,6.429305895718647,0.0,0.0,0.0
0.6511627906976745,6.429305895718647,0.0,0.0,0.0
0.6744186046511628,6.429305895718647,0.0,0.0,0.0
0.6976744186046512,6.429305895718647,0.0,0.0,0.0
0.7209302325581395,6.429305895718647,0.0,0.0,0.0
0.7441860465116279,6.429305895718647,0.0,0.0,0.0
0.7674418604651163,6.429305895718647,0.0,0.0,0.0
0.7906976744186046,6.429305895718647,0.0,0.0,0.0
0.813953488372093,6.429305895718647,0.0,0.0,0.0
0.8372093023255813,6.429305895718647,0.0,0.0,0.0
0.8604651162790697,6.429305895718647,0.0,0.0,0.0
0.8837209302325582,6.429305895718647,0.0,0.0,0.0
0.9069767441860465,6.429305895718647,0.0,0.0,0.0
0.9302325581395349,6.429305895718647,0.0,0.0,0.0
0.9534883720930233,6.429305895718647,0.0,0.0,0.0
0.9767441860465116,6.429305895718647,0.0,0.0,0.0
1.0,6.429305895718647,0.7608695652173914,0.7608695652173914,0.0
0.0,6.721547072796767,0.0,0.021739130434782608,-0.021739130434782608
0.023255813953488372,6.721547072796767,0.0,0.0,0.0
0.046511627906976744,6.721547072796767,0.34782608695652173,0.30434782608695654,0.04347826086956519
0.06976744186046512,6.721547072796767,0.0,0.0,0.0
0.09302325581395349,6.721547072796767,0.0,0.0,0.0
0.11627906976744186,6.721547072796767,0.0,0.0,0.0
0.13953488372093023,6.721547072796767,0.0,0.0,0.0
0.16279069767441862,6.721547072796767,0.0,0.0,0.0
0.18604651162790697,6.721547072796767,0.0,0.0,0.0
0.20930232558139533,6.721547072796767,0.0,0.0,0.0
0.23255813953488372,6.721547072796767,0.0,0.0,0.0
0.2558139534883721,6.721547072796767,0.0,0.0,0.0
0.27906976744186046,6.721547072796767,0.0,0.0,0.0
0.3023255813953488,6.721547072796767,0.0,0.0,0.0
0.32558139534883723,6.721547072796767,0.0,0.0,0.0
0.3488372093023256,6.721547072796767,0.0,0.0,0.0
0.37209302325581395,6.721547072796767,0.0,0.0,0.0
0.3953488372093023,6.721547072796767,0.0,0.0,0.0
0.41860465116279066,6.721547072796767,0.0,0.0,0.0
0.4418604651162791,6.721547072796767,0.0,0.0,0.0
0.46511627906976744,6.721547072796767,0.0,0.0,0.0
0.4883720930232558,6.721547072796767,0.0,0.0,0.0
0.5116279069767442,6.721547072796767,0.0,0.0,0.0
0.5348837209302325,6.721547072796767,0.0,0.0,0.0
0.5581395348837209,6.721547072796767,0.0,0.0,0.0
0.5813953488372093,6.721547072796767,0.0,0.0,0.0
0.6046511627906976,6.721547072796767,0.0,0.0,0.0
0.627906976744186,6.721547072796767,0.0,0.0,0.0
0.6511627906976745,6.721547072796767,0.0,0.0,0.0
0.6744186046511628,6.721547072796767,0.0,0.0,0.0
0.6976744186046512,6.721547072796767,0.0,0.0,0.0
0.7209302325581395,6.721547072796767,0.0,0.0,0.0
0.7441860465116279,6.721547072796767,0.0,0.0,0.0
0.7674418604651163,6.721547072796767,0.0,0.0,0.0
0.7906976744186046,6.721547072796767,0.0,0.0,0.0
0.813953488372093,6.721547072796767,0.0,0.0,0.0
0.8372093023255813,6.721547072796767,0.0,0.0,0.0
0.8604651162790697,6.721547072796767,0.0,0.0,0.0
0.8837209302325582,6.721547072796767,0.0,0.0,0.0
0.9069767441860465,6.721547072796767,0.0,0.0,0.0
0.9302325581395349,6.721547072796767,0.021739130434782608,0.0,0.021739130434782608
0.9534883720930233,6.721547072796767,0.2826086956521739,0.30434782608695654,-0.02173913043478265
0.9767441860465116,6.721547072796767,0.0,0.0,0.0
1.0,6.721547072796767,0.0,0.021739130434782608,-0.021739130434782608
0.0,7.013788249874887,0.0,0.021739130434782608,-0.021739130434782608
0.023255813953488372,7.013788249874887,0.0,0.0,0.0
0.046511627906976744,7.013788249874887,0.0,0.0,0.0
0.06976744186046512,7.013788249874887,0.0,0.0,0.0
0.09302325581395349,7.013788249874887,0.32608695652173914,0.3695652173913043,-0.04347826086956519
0.11627906976744186,7.013788249874887,0.021739130434782608,0.0,0.021739130434782608
0.13953488372093023,7.013788249874887,0.0,0.0,0.0
0.16279069767441862,7.013788249874887,0.0,0.0,0.0
0.18604651162790697,7.013788249874887,0.0,0.0,0.0
0.20930232558139533,7.013788249874887,0.0,0.0,0.0
0.23255813953488372,7.013788249874887,0.0,0.0,0.0
0.2558139534883721,7.013788249874887,0.0,0.0,0.0
0.27906976744186046,7.013788249874887,0.0,0.0,0.0
0.3023255813953488,7.013788249874887,0.0,0.0,0.0
0.32558139534883723,7.013788249874887,0.0,0.0,0.0
0.3488372093023256,7.013788249874887,0.0,0.0,0.0
0.37209302325581395,7.013788249874887,0.0,0.0,0.0
0.3953488372093023,7.013788249874887,0.0,0.0,0.0
0.41860465116279066,7.013788249874887,0.0,0.0,0.0
0.4418604651162791,7.013788249874887,0.0,0.0,0.0
0.46511627906976744,7.013788249874887,0.0,0.0,0.0
0.4883720930232558,7.013788249874887,0.0,0.0,0.0
0.5116279069767442,7.013788249874887,0.0,0.0,0.0
0.5348837209302325,7.013788249874887,0.0,0.0,0.0
0.5581395348837209,7.013788249874887,0.0,0.0,0.0
0.5813953488372093,7.013788249874887,0.0,0.0,0.0
0.6046511627906976,7.013788249874887,0.0,0.0,0.0
0.627906976744186,7.013788249874887,0.0,0.0,0.0
0.6511627906976745,7.013788249874887,0.0,0.0,0.0
0.6744186046511628,7.013788249874887,0.0,0.0,0.0
0.6976744186046512,7.013788249874887,0.0,0.0,0.0
0.7209302325581395,7.013788249874887,0.0,0.0,0.0
0.7441860465116279,7.013788249874887,0.0,0.0,0.0
0.7674418604651163,7.013788249874887,0.0,0.0,0.0
0.7906976744186046,7.013788249874887,0.0,0.0,0.0
0.813953488372093,7.013788249874887,0.0,0.0,0.0
0.8372093023255813,7.013788249874887,0.0,0.0,0.0
0.8604651162790697,7.013788249874887,0.0,0.0,0.0
0.8837209302325582,7.013788249874887,0.0,0.0,0.0
0.9069767441860465,7.013788249874887,0.34782608695652173,0.3695652173913043,-0.021739130434782594
0.9302325581395349,7.013788249874887,0.0,0.0,0.0
0.9534883720930233,7.013788249874887,0.0,0.0,0.0
0.9767441860465116,7.013788249874887,0.0,0.0,0.0
1.0,7.013788249874887,0.0,0.021739130434782608,-0.021739130434782608
0.0,7.306029426953008,0.0,0.021739130434782608,-0.021739130434782608
0.023255813953488372,7.306029426953008,0.0,0.0,0.0
0.046511627906976744,7.306029426953008,0.0,0.0,0.0
0.06976744186046512,7.306029426953008,0.0,0.0,0.0
0.09302325581395349,7.306029426953008,0.0,0.0,0.0
0.11627906976744186,7.306029426953008,0.0,0.0,0.0
0.13953488372093023,7.306029426953008,0.2391304347826087,0.15217391304347827,0.08695652173913043
0.16279069767441862,7.306029426953008,0.0,0.0,0.0
0.18604651162790697,7.306029426953008,0.0,0.0,0.0
0.20930232558139533,7.306029426953008,0.0,0.0,0.0
0.23255813953488372,7.306029426953008,0.0,0.0,0.0
0.2558139534883721,7.306029426953008,0.0,0.0,0.0
0.27906976744186046,7.306029426953008,0.0,0.0,0.0
0.3023255813953488,7.306029426953008,0.0,0.0,0.0
0.32558139534883723,7.306029426953008,0.0,0.0,0.0
0.3488372093023256,7.306029426953008,0.0,0.0,0.0
0.37209302325581395,7.306029426953008,0.0,0.0,0.0
0.3953488372093023,7.306029426953008,0.0,0.0,0.0
0.41860465116279066,7.306029426953008,0.0,0.0,0.0
0.4418604651162791,7.306029426953008,0.0,0.0,0.0
0.46511627906976744,7.306029426953008,0.0,0.0,0.0
0.4883720930232558,7.306029426953008,0.0,0.0,0.0
0.5116279069767442,7.306029426953008,0.0,0.0,0.0
0.5348837209302325,7.306029426953008,0.0,0.0,0.0
0.5581395348837209,7.306029426953008,0.0,0.0,0.0
0.5813953488372093,7.306029426953008,0.0,0.0,0.0
0.6046511627906976,7.306029426953008,0.0,0.0,0.0
0.627906976744186,7.306029426953008,0.0,0.0,0.0
0.6511627906976745,7.306029426953008,0.0,0.0,0.0
0.6744186046511628,7.306029426953008,0.0,0.0,0.0
0.6976744186046512,7.306029426953008,0.0,0.0,0.0
0.7209302325581395,7.306029426953008,0.0,0.0,0.0
0.7441860465116279,7.306029426953008,0.0,0.0,0.0
0.7674418604651163,7.306029426953008,0.0,0.0,0.0
0.7906976744186046,7.306029426953008,0.0,0.0,0.0
0.813953488372093,7.306029426953008,0.0,0.0,0.0
0.8372093023255813,7.306029426953008,0.0,0.0,0.0
0.8604651162790697,7.306029426953008,0.17391304347826086,0.15217391304347827,0.021739130434782594
0.8837209302325582,7.306029426953008,0.0,0.0,0.0
0.9069767441860465,7.306029426953008,0.0,0.0,0.0
0.9302325581395349,7.306029426953008,0.0,0.0,0.0
0.9534883720930233,7.306029426953008,0.0,0.0,0.0
0.9767441860465116,7.306029426953008,0.0,0.0,0.0
1.0,7.306029426953008,0.0,0.021739130434782608,-0.021739130434782608
0.0,7.598270604031128,0.0,0.021739130434782608,-0.021739130434782608
0.023255813953488372,7.598270604031128,0.0,0.0,0.0
0.046511627906976744,7.598270604031128,0.0,0.0,0.0
0.06976744186046512,7.598270604031128,0.0,0.0,0.0
0.09302325581395349,7.598270604031128,0.0,0.0,0.0
0.11627906976744186,7.598270604031128,0.0,0.0,0.0
0.13953488372093023,7.598270604031128,0.0,0.0,0.0
0.16279069767441862,7.598270604031128,0.0,0.0,0.0
0.18604651162790697,7.598270604031128,0.2391304347826087,0.15217391304347827,0.08695652173913043
0.20930232558139533,7.598270604031128,0.021739130434782608,0.021739130434782608,0.0
0.23255813953488372,7.598270604031128,0.0,0.0,0.0
0.2558139534883721,7.598270604031128,0.0,0.0,0.0
0.27906976744186046,7.598270604031128,0.0,0.0,0.0
0.3023255813953488,7.598270604031128,0.0,0.0,0.0
0.32558139534883723,7.598270604031128,0.0,0.0,0.0
0.3488372093023256,7.598270604031128,0.0,0.0,0.0
0.37209302325581395,7.598270604031128,0.0,0.0,0.0
0.3953488372093023,7.598270604031128,0.0,0.0,0.0
0.41860465116279066,7.598270604031128,0.0,0.0,0.0
0.4418604651162791,7.598270604031128,0.0,0.0,0.0
0.46511627906976744,7.598270604031128,0.0,0.0,0.0
0.4883720930232558,7.598270604031128,0.0,0.0,0.0
0.5116279069767442,7.598270604031128,0.0,0.0,0.0
0.5348837209302325,7.598270604031128,0.0,0.0,0.0
0.5581395348837209,7.598270604031128,0.0,0.0,0.0
0.5813953488372093,7.598270604031128,0.0,0.0,0.0
0.6046511627906976,7.598270604031128,0.0,0.0,0.0
0.627906976744186,7.598270604031128,0.0,0.0,0.0
0.6511627906976745,7.598270604031128,0.0,0.0,0.0
0.6744186046511628,7.598270604031128,0.0,0.0,0.0
0.6976744186046512,7.598270604031128,0.0,0.0,0.0
0.7209302325581395,7.598270604031128,0.0,0.0,0.0
0.7441860465116279,7.598270604031128,0.0,0.0,0.0
0.7674418604651163,7.598270604031128,0.0,0.0,0.0
0.7906976744186046,7.598270604031128,0.0,0.021739130434782608,-0.021739130434782608
0.813953488372093,7.598270604031128,0.1956521739130435,0.15217391304347827,0.043478260869565216
0.8372093023255813,7.598270604031128,0.0,0.0,0.0
0.8604651162790697,7.598270604031128,0.0,0.0,0.0
0.8837209302325582,7.598270604031128,0.0,0.0,0.0
0.9069767441860465,7.598270604031128,0.0,0.0,0.0
0.9302325581395349,7.598270604031128,0.0,0.0,0.0
0.9534883720930233,7.598270604031128,0.0,0.0,0.0
0.9767441860465116,7.598270604031128,0.0,0.0,0.0
1.0,7.598270604031128,0.0,0.021739130434782608,-0.021739130434782608
0.0,7.8905117811092484,0.0,0.021739130434782608,-0.021739130434782608
0.023255813953488372,7.8905117811092484,0.0,0.0,0.0
0.046511627906976744,7.8905117811092484,0.0,0.0,0.0
0.06976744186046512,7.8905117811092484,0.0,0.0,0.0
0.09302325581395349,7.8905117811092484,0.0,0.0,0.0
0.11627906976744186,7.8905117811092484,0.0,0.0,0.0
0.13953488372093023,7.8905117811092484,0.0,0.0,0.0
0.16279069767441862,7.8905117811092484,0.0,0.0,0.0
0.18604651162790697,7.8905117811092484,0.0,0.0,0.0
0.20930232558139533,7.8905117811092484,0.0,0.0,0.0
0.23255813953488372,7.8905117811092484,0.3695652173913043,0.391304347826087,-0.02173913043478265
0.2558139534883721,7.8905117811092484,0.0,0.06521739130434782,-0.06521739130434782
0.27906976744186046,7.8905117811092484,0.0,0.0,0.0
0.3023255813953488,7.8905117811092484,0.0,0.0,0.0
0.32558139534883723,7.8905117811092484,0.0,0.0,0.0
0.3488372093023256,7.8905117811092484,0.0,0.0,0.0
0.37209302325581395,7.8905117811092484,0.0,0.0,0.0
0.3953488372093023,7.8905117811092484,0.0,0.0,0.0
0.41860465116279066,7.8905117811092484,0.0,0.0,0.0
0.4418604651162791,7.8905117811092484,0.0,0.0,0.0
0.46511627906976744,7.8905117811092484,0.0,0.0,0.0
0.4883720930232558,7.8905117811092484,0.0,0.0,0.0
0.5116279069767442,7.8905117811092484,0.0,0.0,0.0
0.5348837209302325,7.8905117811092484,0.0,0.0,0.0
0.5581395348837209,7.8905117811092484,0.0,0.0,0.0
0.5813953488372093,7.8905117811092484,0.0,0.0,0.0
0.6046511627906976,7.8905117811092484,0.0,0.0,0.0
0.627906976744186,7.8905117811092484,0.0,0.0,0.0
0.6511627906976745,7.8905117811092484,0.0,0.0,0.0
0.6744186046511628,7.8905117811092484,0.0,0.0,0.0
0.6976744186046512,7.8905117811092484,0.0,0.0,0.0
0.7209302325581395,7.8905117811092484,0.0,0.0,0.0
0.7441860465116279,7.8905117811092484,0.021739130434782608,0.043478260869565216,-0.021739130434782608
0.7674418604651163,7.8905117811092484,0.391304347826087,0.391304347826087,0.0
0.7906976744186046,7.8905117811092484,0.0,0.0,0.0
0.813953488372093,7.8905117811092484,0.0,0.0,0.0
0.8372093023255813,7.8905117811092484,0.0,0.0,0.0
0.8604651162790697,7.8905117811092484,0.0,0.0,0.0
0.8837209302325582,7.8905117811092484,0.0,0.0,0.0
0.9069767441860465,7.8905117811092484,0.0,0.0,0.0
0.9302325581395349,7.8905117811092484,0.0,0.0,0.0
0.9534883720930233,7.8905117811092484,0.0,0.0,0.0
0.9767441860465116,7.8905117811092484,0.0,0.0,0.0
1.0,7.8905117811092484,0.0,0.021739130434782608,-0.021739130434782608
0.0,8.182752958187368,0.0,0.021739130434782608,-0.021739130434782608
0.023255813953488372,8.182752958187368,0.0,0.0,0.0
0.046511627906976744,8.182752958187368,0.0,0.0,0.0
0.06976744186046512,8.182752958187368,0.0,0.0,0.0
0.09302325581395349,8.182752958187368,0.0,0.0,0.0
0.11627906976744186,8.182752958187368,0.0,0.0,0.0
0.13953488372093023,8.182752958187368,0.0,0.0,0.0
0.16279069767441862,8.182752958187368,0.0,0.0,0.0
0.18604651162790697,8.182752958187368,0.0,0.0,0.0
0.20930232558139533,8.182752958187368,0.0,0.0,0.0
0.23255813953488372,8.182752958187368,0.0,0.0,0.0
0.2558139534883721,8.182752958187368,0.0,0.0,0.0
0.27906976744186046,8.182752958187368,0.10869565217391304,0.15217391304347827,-0.04347826086956523
0.3023255813953488,8.182752958187368,0.021739130434782608,0.043478260869565216,-0.021739130434782608
0.32558139534883723,8.182752958187368,0.0,0.0,0.0
0.3488372093023256,8.182752958187368,0.0,0.0,0.0
0.37209302325581395,8.182752958187368,0.0,0.0,0.0
0.3953488372093023,8.182752958187368,0.0,0.0,0.0
0.41860465116279066,8.182752958187368,0.0,0.0,0.0
0.4418604651162791,8.182752958187368,0.0,0.0,0.0
0.46511627906976744,8.182752958187368,0.0,0.0,0.0
0.4883720930232558,8.182752958187368,0.0,0.0,0.0
0.5116279069767442,8.182752958187368,0.0,0.0,0.0
0.5348837209302325,8.182752958187368,0.0,0.0,0.0
0.5581395348837209,8.182752958187368,0.0,0.0,0.0
0.5813953488372093,8.182752958187368,0.0,0.0,0.0
0.6046511627906976,8.182752958187368,0.0,0.0,0.0
0.627906976744186,8.182752958187368,0.0,0.0,0.0
0.6511627906976745,8.182752958187368,0.0,0.0,0.0
0.6744186046511628,8.182752958187368,0.0,0.0,0.0
0.6976744186046512,8.182752958187368,0.0,0.043478260869565216,-0.043478260869565216
0.7209302325581395,8.182752958187368,0.21739130434782608,0.15217391304347827,0.06521739130434781
0.7441860465116279,8.182752958187368,0.0,0.0,0.0
0.7674418604651163,8.182752958187368,0.0,0.0,0.0
0.7906976744186046,8.182752958187368,0.0,0.0,0.0
0.813953488372093,8.182752958187368,0.0,0.0,0.0
0.8372093023255813,8.182752958187368,0.0,0.0,0.0
0.8604651162790697,8.182752958187368,0.0,0.0,0.0
0.8837209302325582,8.182752958187368,0.0,0.0,0.0
0.9069767441860465,8.182752958187368,0.0,0.0,0.0
0.9302325581395349,8.182752958187368,0.0,0.0,0.0
0.9534883720930233,8.182752958187368,0.0,0.0,0.0
0.9767441860465116,8.182752958187368,0.0,0.0,0.0
1.0,8.182752958187368,0.0,0.021739130434782608,-0.021739130434782608
0.0,8.474994135265488,0.0,0.021739130434782608,-0.021739130434782608
0.023255813953488372,8.474994135265488,0.0,0.0,0.0
0.046511627906976744,8.474994135265488,0.0,0.0,0.0
0.06976744186046512,8.474994135265488,0.0,0.0,0.0
0.09302325581395349,8.474994135265488,0.0,0.0,0.0
0.11627906976744186,8.474994135265488,0.0,0.0,0.0
0.13953488372093023,8.474994135265488,0.0,0.0,0.0
0.16279069767441862,8.474994135265488,0.0,0.0,0.0
0.18604651162790697,8.474994135265488,0.0,0.0,0.0
0.20930232558139533,8.474994135265488,0.0,0.0,0.0
0.23255813953488372,8.474994135265488,0.0,0.0,0.0
0.2558139534883721,8.474994135265488,0.0,0.0,0.0
0.27906976744186046,8.474994135265488,0.0,0.0,0.0
0.3023255813953488,8.474994135265488,0.0,0.0,0.0
0.32558139534883723,8.474994135265488,0.043478260869565216,0.13043478260869565,-0.08695652173913043
0.3488372093023256,8.474994135265488,0.0,0.0,0.0
0.37209302325581395,8.474994135265488,0.0,0.0,0.0
0.3953488372093023,8.474994135265488,0.0,0.0,0.0
0.41860465116279066,8.474994135265488,0.0,0.0,0.0
0.4418604651162791,8.474994135265488,0.0,0.0,0.0
0.46511627906976744,8.474994135265488,0.0,0.0,0.0
0.4883720930232558,8.474994135265488,0.0,0.0,0.0
0.5116279069767442,8.474994135265488,0.0,0.0,0.0
0.5348837209302325,8.474994135265488,0.0,0.0,0.0
0.5581395348837209,8.474994135265488,0.0,0.0,0.0
0.5813953488372093,8.474994135265488,0.0,0.0,0.0
0.6046511627906976,8.474994135265488,0.0,0.0,0.0
0.627906976744186,8.474994135265488,0.0,0.0,0.0
0.6511627906976745,8.474994135265488,0.0,0.0,0.0
0.6744186046511628,8.474994135265488,0.08695652173913043,0.13043478260869565,-0.043478260869565216
0.6976744186046512,8.474994135265488,0.0,0.0,0.0
0.7209302325581395,8.474994135265488,0.0,0.0,0.0
0.7441860465116279,8.474994135265488,0.0,0.0,0.0
0.7674418604651163,8.474994135265488,0.0,0.0,0.0
0.7906976744186046,8.474994135265488,0.0,0.0,0.0
0.813953488372093,8.474994135265488,0.0,0.0,0.0
0.8372093023255813,8.474994135265488,0.0,0.0,0.0
0.8604651162790697,8.474994135265488,0.0,0.0,0.0
0.8837209302325582,8.474994135265488,0.0,0.0,0.0
0.9069767441860465,8.474994135265488,0.0,0.0,0.0
0.9302325581395349,8.474994135265488,0.0,0.0,0.0
0.9534883720930233,8.474994135265488,0.0,0.0,0.0
0.9767441860465116,8.474994135265488,0.0,0.0,0.0
1.0,8.474994135265488,0.0,0.021739130434782608,-0.021739130434782608
0.0,8.76723531234361,0.0,0.021739130434782608,-0.021739130434782608
0.023255813953488372,8.76723531234361,0.0,0.0,0.0
0.046511627906976744,8.76723531234361,0.0,0.0,0.0
0.06976744186046512,8.76723531234361,0.0,0.0,0.0
0.09302325581395349,8.76723531234361,0.0,0.0,0.0
0.11627906976744186,8.76723531234361,0.0,0.0,0.0
0.13953488372093023,8.76723531234361,0.0,0.0,0.0
0.16279069767441862,8.76723531234361,0.0,0.0,0.0
0.18604651162790697,8.76723531234361,0.0,0.0,0.0
0.20930232558139533,8.76723531234361,0.0,0.0,0.0
0.23255813953488372,8.76723531234361,0.0,0.0,0.0
0.2558139534883721,8.76723531234361,0.0,0.0,0.0
0.27906976744186046,8.76723531234361,0.0,0.0,0.0
0.3023255813953488,8.76723531234361,0.0,0.0,0.0
0.32558139534883723,8.76723531234361,0.0,0.0,0.0
0.3488372093023256,8.76723531234361,0.0,0.0,0.0
0.37209302325581395,8.76723531234361,0.06521739130434782,0.043478260869565216,0.021739130434782608
0.3953488372093023,8.76723531234361,0.021739130434782608,0.0,0.021739130434782608
0.41860465116279066,8.76723531234361,0.0,0.0,0.0
0.4418604651162791,8.76723531234361,0.0,0.0,0.0
0.46511627906976744,8.76723531234361,0.0,0.0,0.0
0.4883720930232558,8.76723531234361,0.0,0.0,0.0
0.5116279069767442,8.76723531234361,0.0,0.0,0.0
0.5348837209302325,8.76723531234361,0.0,0.0,0.0
0.5581395348837209,8.76723531234361,0.0,0.0,0.0
0.5813953488372093,8.76723531234361,0.0,0.0,0.0
0.6046511627906976,8.76723531234361,0.0,0.0,0.0
0.627906976744186,8.76723531234361,0.043478260869565216,0.043478260869565216,0.0
0.6511627906976745,8.76723531234361,0.0,0.0,0.0
0.6744186046511628,8.76723531234361,0.0,0.0,0.0
0.6976744186046512,8.76723531234361,0.0,0.0,0.0
0.7209302325581395,8.76723531234361,0.0,0.0,0.0
0.7441860465116279,8.76723531234361,0.0,0.0,0.0
0.7674418604651163,8.76723531234361,0.0,0.0,0.0
0.7906976744186046,8.76723531234361,0.0,0.0,0.0
0.813953488372093,8.76723531234361,0.0,0.0,0.0
0.8372093023255813,8.76723531234361,0.0,0.0,0.0
0.8604651162790697,8.76723531234361,0.0,0.0,0.0
0.8837209302325582,8.76723531234361,0.0,0.0,0.0
0.9069767441860465,8.76723531234361,0.0,0.0,0.0
0.9302325581395349,8.76723531234361,0.0,0.0,0.0
0.9534883720930233,8.76723531234361,0.0,0.0,0.0
0.9767441860465116,8.76723531234361,0.0,0.0,0.0
1.0,8.76723531234361,0.0,0.021739130434782608,-0.021739130434782608
0.0,9.05947648942173,0.0,0.021739130434782608,-0.021739130434782608
0.023255813953488372,9.05947648942173,0.0,0.0,0.0
0.046511627906976744,9.05947648942173,0.0,0.0,0.0
0.06976744186046512,9.05947648942173,0.0,0.0,0.0
0.09302325581395349,9.05947648942173,0.0,0.0,0.0
0.11627906976744186,9.05947648942173,0.0,0.0,0.0
0.13953488372093023,9.05947648942173,0.0,0.0,0.0
0.16279069767441862,9.05947648942173,0.0,0.0,0.0
0.18604651162790697,9.05947648942173,0.0,0.0,0.0
0.20930232558139533,9.05947648942173,0.0,0.0,0.0
0.23255813953488372,9.05947648942173,0.0,0.0,0.0
0.2558139534883721,9.05947648942173,0.0,0.0,0.0
0.27906976744186046,9.05947648942173,0.0,0.0,0.0
0.3023255813953488,9.05947648942173,0.0,0.0,0.0
0.32558139534883723,9.05947648942173,0.0,0.0,0.0
0.3488372093023256,9.05947648942173,0.0,0.0,0.0
0.37209302325581395,9.05947648942173,0.0,0.0,0.0
0.3953488372093023,9.05947648942173,0.0,0.0,0.0
0.41860465116279066,9.05947648942173,0.021739130434782608,0.021739130434782608,0.0
0.4418604651162791,9.05947648942173,0.0,0.0,0.0
0.46511627906976744,9.05947648942173,0.0,0.0,0.0
0.4883720930232558,9.05947648942173,0.0,0.0,0.0
0.5116279069767442,9.05947648942173,0.0,0.0,0.0
0.5348837209302325,9.05947648942173,0.0,0.0,0.0
0.5581395348837209,9.05947648942173,0.0,0.0,0.0
0.5813953488372093,9.05947648942173,0.043478260869565216,0.021739130434782608,0.021739130434782608
0.6046511627906976,9.05947648942173,0.0,0.0,0.0
0.627906976744186,9.05947648942173,0.0,0.0,0.0
0.6511627906976745,9.05947648942173,0.0,0.0,0.0
0.6744186046511628,9.05947648942173,0.0,0.0,0.0
0.6976744186046512,9.05947648942173,0.0,0.0,0.0
0.7209302325581395,9.05947648942173,0.0,0.0,0.0
0.7441860465116279,9.05947648942173,0.0,0.0,0.0
0.7674418604651163,9.05947648942173,0.0,0.0,0.0
0.7906976744186046,9.05947648942173,0.0,0.0,0.0
0.813953488372093,9.05947648942173,0.0,0.0,0.0
0.8372093023255813,9.05947648942173,0.0,0.0,0.0
0.8604651162790697,9.05947648942173,0.0,0.0,0.0
0.8837209302325582,9.05947648942173,0.0,0.0,0.0
0.9069767441860465,9.05947648942173,0.0,0.0,0.0
0.9302325581395349,9.05947648942173,0.0,0.0,0.0
0.9534883720930233,9.05947648942173,0.0,0.0,0.0
0.9767441860465116,9.05947648942173,0.0,0.0,0.0
1.0,9.05947648942173,0.0,0.021739130434782608,-0.021739130434782608
0.0,9.35171766649985,0.0,0.021739130434782608,-0.021739130434782608
0.023255813953488372,9.35171766649985,0.0,0.0,0.0
0.046511627906976744,9.35171766649985,0.0,0.0,0.0
0.06976744186046512,9.35171766649985,0.0,0.0,0.0
0.09302325581395349,9.35171766649985,0.0,0.0,0.0
0.11627906976744186,9.35171766649985,0.0,0.0,0.0
0.13953488372093023,9.35171766649985,0.0,0.0,0.0
0.16279069767441862,9.35171766649985,0.0,0.0,0.0
0.18604651162790697,9.35171766649985,0.0,0.0,0.0
0.20930232558139533,9.35171766649985,0.0,0.0,0.0
0.23255813953488372,9.35171766649985,0.0,0.0,0.0
0.2558139534883721,9.35171766649985,0.0,0.0,0.0
0.27906976744186046,9.35171766649985,0.0,0.0,0.0
0.3023255813953488,9.35171766649985,0.0,0.0,0.0
0.32558139534883723,9.35171766649985,0.0,0.0,0.0
0.3488372093023256,9.35171766649985,0.0,0.0,0.0
0.37209302325581395,9.35171766649985,0.0,0.0,0.0
0.3953488372093023,9.35171766649985,0.0,0.0,0.0
0.41860465116279066,9.35171766649985,0.0,0.0,0.0
0.4418604651162791,9.35171766649985,0.0,0.0,0.0
0.46511627906976744,9.35171766649985,0.021739130434782608,0.0,0.021739130434782608
0.4883720930232558,9.35171766649985,0.0,0.0,0.0
0.5116279069767442,9.35171766649985,0.0,0.0,0.0
0.5348837209302325,9.35171766649985,0.043478260869565216,0.0,0.043478260869565216
0.5581395348837209,9.35171766649985,0.0,0.0,0.0
0.5813953488372093,9.35171766649985,0.0,0.0,0.0
0.6046511627906976,9.35171766649985,0.0,0.0,0.0
0.627906976744186,9.35171766649985,0.0,0.0,0.0
0.6511627906976745,9.35171766649985,0.0,0.0,0.0
0.6744186046511628,9.35171766649985,0.0,0.0,0.0
0.6976744186046512,9.35171766649985,0.0,0.0,0.0
0.7209302325581395,9.35171766649985,0.0,0.0,0.0
0.7441860465116279,9.35171766649985,0.0,0.0,0.0
0.7674418604651163,9.35171766649985,0.0,0.0,0.0
0.7906976744186046,9.35171766649985,0.0,0.0,0.0
0.813953488372093,9.35171766649985,0.0,0.0,0.0
0.8372093023255813,9.35171766649985,0.0,0.0,0.0
0.8604651162790697,9.35171766649985,0.0,0.0,0.0
0.8837209302325582,9.35171766649985,0.0,0.0,0.0
0.9069767441860465,9.35171766649985,0.0,0.0,0.0
0.9302325581395349,9.35171766649985,0.0,0.0,0.0
0.9534883720930233,9.35171766649985,0.0,0.0,0.0
0.9767441860465116,9.35171766649985,0.0,0.0,0.0
1.0,9.35171766649985,0.0,0.021739130434782608,-0.021739130434782608
0.0,9.64395884357797,0.0,0.021739130434782608,-0.021739130434782608
0.023255813953488372,9.64395884357797,0.0,0.0,0.0
0.046511627906976744,9.64395884357797,0.0,0.0,0.0
0.06976744186046512,9.64395884357797,0.0,0.0,0.0
0.09302325581395349,9.64395884357797,0.0,0.0,0.0
0.11627906976744186,9.64395884357797,0.0,0.0,0.0
0.13953488372093023,9.64395884357797,0.0,0.0,0.0
0.16279069767441862,9.64395884357797,0.0,0.0,0.0
0.18604651162790697,9.64395884357797,0.0,0.0,0.0
0.20930232558139533,9.64395884357797,0.0,0.0,0.0
0.23255813953488372,9.64395884357797,0.0,0.0,0.0
0.2558139534883721,9.64395884357797,0.0,0.0,0.0
0.27906976744186046,9.64395884357797,0.0,0.0,0.0
0.3023255813953488,9.64395884357797,0.0,0.0,0.0
0.32558139534883723,9.64395884357797,0.0,0.0,0.0
0.3488372093023256,9.64395884357797,0.0,0.0,0.0
0.37209302325581395,9.64395884357797,0.0,0.0,0.0
0.3953488372093023,9.64395884357797,0.0,0.0,0.0
0.41860465116279066,9.64395884357797,0.0,0.0,0.0
0.4418604651162791,9.64395884357797,0.0,0.0,0.0
0.46511627906976744,9.64395884357797,0.0,0.0,0.0
0.4883720930232558,9.64395884357797,0.0,0.021739130434782608,-0.021739130434782608
0.5116279069767442,9.64395884357797,0.0,0.021739130434782608,-0.021739130434782608
0.5348837209302325,9.64395884357797,0.021739130434782608,0.0,0.021739130434782608
0.5581395348837209,9.64395884357797,0.0,0.0,0.0
0.5813953488372093,9.64395884357797,0.0,0.0,0.0
0.6046511627906976,9.64395884357797,0.0,0.0,0.0
0.627906976744186,9.64395884357797,0.0,0.0,0.0
0.6511627906976745,9.64395884357797,0.0,0.0,0.0
0.6744186046511628,9.64395884357797,0.0,0.0,0.0
0.6976744186046512,9.64395884357797,0.0,0.0,0.0
0.7209302325581395,9.64395884357797,0.0,0.0,0.0
0.7441860465116279,9.64395884357797,0.0,0.0,0.0
0.7674418604651163,9.64395884357797,0.0,0.0,0.0
0.7906976744186046,9.64395884357797,0.0,0.0,0.0
0.813953488372093,9.64395884357797,0.0,0.0,0.0
0.8372093023255813,9.64395884357797,0.0,0.0,0.0
0.8604651162790697,9.64395884357797,0.0,0.0,0.0
0.8837209302325582,9.64395884357797,0.0,0.0,0.0
0.9069767441860465,9.64395884357797,0.0,0.0,0.0
0.9302325581395349,9.64395884357797,0.0,0.0,0.0
0.9534883720930233,9.64395884357797,0.0,0.0,0.0
0.9767441860465116,9.64395884357797,0.0,0.0,0.0
1.0,9.64395884357797,0.0,0.021739130434782608,-0.021739130434782608
0.0,9.93620002065609,0.0,0.021739130434782608,-0.021739130434782608
0.023255813953488372,9.93620002065609,0.0,0.0,0.0
0.046511627906976744,9.93620002065609,0.0,0.0,0.0
0.06976744186046512,9.93620002065609,0.0,0.0,0.0
0.09302325581395349,9.93620002065609,0.0,0.0,0.0
0.11627906976744186,9.93620002065609,0.0,0.0,0.0
0.13953488372093023,9.93620002065609,0.0,0.0,0.0
0.16279069767441862,9.93620002065609,0.0,0.0,0.0
0.18604651162790697,9.93620002065609,0.0,0.0,0.0
0.20930232558139533,9.93620002065609,0.0,0.0,0.0
0.23255813953488372,9.93620002065609,0.0,0.0,0.0
0.2558139534883721,9.93620002065609,0.0,0.0,0.0
0.27906976744186046,9.93620002065609,0.0,0.0,0.0
0.3023255813953488,9.93620002065609,0.0,0.0,0.0
0.32558139534883723,9.93620002065609,0.0,0.0,0.0
0.3488372093023256,9.93620002065609,0.0,0.0,0.0
0.37209302325581395,9.93620002065609,0.0,0.0,0.0
0.3953488372093023,9.93620002065609,0.0,0.0,0.0
0.41860465116279066,9.93620002065609,0.0,0.0,0.0
0.4418604651162791,9.93620002065609,0.0,0.0,0.0
0.46511627906976744,9.93620002065609,0.0,0.0,0.0
0.4883720930232558,9.93620002065609,0.0,0.0,0.0
0.5116279069767442,9.93620002065609,0.0,0.0,0.0
0.5348837209302325,9.93620002065609,0.0,0.0,0.0
0.5581395348837209,9.93620002065609,0.021739130434782608,0.0,0.021739130434782608
0.5813953488372093,9.93620002065609,0.0,0.0,0.0
0.6046511627906976,9.93620002065609,0.0,0.0,0.0
0.627906976744186,9.93620002065609,0.0,0.0,0.0
0.6511627906976745,9.93620002065609,0.0,0.0,0.0
0.6744186046511628,9.93620002065609,0.0,0.0,0.0
0.6976744186046512,9.93620002065609,0.0,0.0,0.0
0.7209302325581395,9.93620002065609,0.0,0.0,0.0
0.7441860465116279,9.93620002065609,0.0,0.0,0.0
0.7674418604651163,9.93620002065609,0.0,0.0,0.0
0.7906976744186046,9.93620002065609,0.0,0.0,0.0
0.813953488372093,9.93620002065609,0.0,0.0,0.0
0.8372093023255813,9.93620002065609,0.0,0.0,0.0
0.8604651162790697,9.93620002065609,0.0,0.0,0.0
0.8837209302325582,9.93620002065609,0.0,0.0,0.0
0.9069767441860465,9.93620002065609,0.0,0.0,0.0
0.9302325581395349,9.93620002065609,0.0,0.0,0.0
0.9534883720930233,9.93620002065609,0.0,0.0,0.0
0.9767441860465116,9.93620002065609,0.0,0.0,0.0
1.0,9.93620002065609,0.0,0.021739130434782608,-0.021739130434782608
0.0,10.228441197734211,0.0,0.021739130434782608,-0.021739130434782608
0.023255813953488372,10.228441197734211,0.0,0.0,0.0
0.046511627906976744,10.228441197734211,0.0,0.0,0.0
0.06976744186046512,10.228441197734211,0.0,0.0,0.0
0.09302325581395349,10.228441197734211,0.0,0.0,0.0
0.11627906976744186,10.228441197734211,0.0,0.0,0.0
0.13953488372093023,10.228441197734211,0.0,0.0,0.0
0.16279069767441862,10.228441197734211,0.0,0.0,0.0
0.18604651162790697,10.228441197734211,0.0,0.0,0.0
0.20930232558139533,10.228441197734211,0.0,0.0,0.0
0.23255813953488372,10.228441197734211,0.0,0.0,0.0
0.2558139534883721,10.228441197734211,0.0,0.0,0.0
0.27906976744186046,10.228441197734211,0.0,0.0,0.0
0.3023255813953488,10.228441197734211,0.0,0.0,0.0
0.32558139534883723,10.228441197734211,0.0,0.0,0.0
0.3488372093023256,10.228441197734211,0.0,0.0,0.0
0.37209302325581395,10.228441197734211,0.0,0.021739130434782608,-0.021739130434782608
0.3953488372093023,10.228441197734211,0.0,0.0,0.0
0.41860465116279066,10.228441197734211,0.0,0.0,0.0
0.4418604651162791,10.228441197734211,0.0,0.0,0.0
0.46511627906976744,10.228441197734211,0.0,0.0,0.0
0.4883720930232558,10.228441197734211,0.0,0.0,0.0
0.5116279069767442,10.228441197734211,0.0,0.0,0.0
0.5348837209302325,10.228441197734211,0.0,0.0,0.0
0.5581395348837209,10.228441197734211,0.0,0.0,0.0
0.5813953488372093,10.228441197734211,0.0,0.0,0.0
0.6046511627906976,10.228441197734211,0.0,0.0,0.0
0.627906976744186,10.228441197734211,0.0,0.021739130434782608,-0.021739130434782608
0.6511627906976745,10.228441197734211,0.0,0.0,0.0
0.6744186046511628,10.228441197734211,0.0,0.0,0.0
0.6976744186046512,10.228441197734211,0.0,0.0,0.0
0.7209302325581395,10.228441197734211,0.0,0.0,0.0
0.7441860465116279,10.228441197734211,0.0,0.0,0.0
0.7674418604651163,10.228441197734211,0.0,0.0,0.0
0.7906976744186046,10.228441197734211,0.0,0.0,0.0
0.813953488372093,10.228441197734211,0.0,0.0,0.0
0.8372093023255813,10.228441197734211,0.0,0.0,0.0
0.8604651162790697,10.228441197734211,0.0,0.0,0.0
0.8837209302325582,10.228441197734211,0.0,0.0,0.0
0.9069767441860465,10.228441197734211,0.0,0.0,0.0
0.9302325581395349,10.228441197734211,0.0,0.0,0.0
0.9534883720930233,10.228441197734211,0.0,0.0,0.0
0.9767441860465116,10.228441197734211,0.0,0.0,0.0
1.0,10.228441197734211,0.0,0.021739130434782608,-0.021739130434782608
0.0,10.520682374812331,0.0,0.021739130434782608,-0.021739130434782608
0.023255813953488372,10.520682374812331,0.0,0.0,0.0
0.046511627906976744,10.520682374812331,0.0,0.0,0.0
0.06976744186046512,10.520682374812331,0.0,0.0,0.0
0.09302325581395349,10.520682374812331,0.0,0.0,0.0
0.11627906976744186,10.520682374812331,0.0,0.0,0.0
0.13953488372093023,10.520682374812331,0.0,0.0,0.0
0.16279069767441862,10.520682374812331,0.0,0.0,0.0
0.18604651162790697,10.520682374812331,0.0,0.0,0.0
0.20930232558139533,10.520682374812331,0.0,0.0,0.0
0.23255813953488372,10.520682374812331,0.0,0.0,0.0
0.2558139534883721,10.520682374812331,0.0,0.0,0.0
0.27906976744186046,10.520682374812331,0.0,0.0,0.0
0.3023255813953488,10.520682374812331,0.0,0.0,0.0
0.32558139534883723,10.520682374812331,0.0,0.0,0.0
0.3488372093023256,10.520682374812331,0.0,0.0,0.0
0.37209302325581395,10.520682374812331,0.0,0.0,0.0
0.3953488372093023,10.520682374812331,0.0,0.0,0.0
0.41860465116279066,10.520682374812331,0.0,0.0,0.0
0.4418604651162791,10.520682374812331,0.0,0.0,0.0
0.46511627906976744,10.520682374812331,0.0,0.0,0.0
0.4883720930232558,10.520682374812331,0.0,0.0,0.0
0.5116279069767442,10.520682374812331,0.0,0.0,0.0
0.5348837209302325,10.520682374812331,0.0,0.0,0.0
0.5581395348837209,10.520682374812331,0.0,0.0,0.0
0.5813953488372093,10.520682374812331,0.0,0.0,0.0
0.6046511627906976,10.520682374812331,0.0,0.0,0.0
0.627906976744186,10.520682374812331,0.0,0.0,0.0
0.6511627906976745,10.520682374812331,0.0,0.0,0.0
0.6744186046511628,10.520682374812331,0.0,0.0,0.0
0.6976744186046512,10.520682374812331,0.0,0.0,0.0
0.7209302325581395,10.520682374812331,0.0,0.0,0.0
0.7441860465116279,10.520682374812331,0.0,0.0,0.0
0.7674418604651163,10.520682374812331,0.0,0.0,0.0
0.7906976744186046,10.520682374812331,0.0,0.0,0.0
0.813953488372093,10.520682374812331,0.0,0.0,0.0
0.8372093023255813,10.520682374812331,0.0,0.0,0.0
0.8604651162790697,10.520682374812331,0.0,0.0,0.0
0.8837209302325582,10.520682374812331,0.0,0.0,0.0
0.9069767441860465,10.520682374812331,0.0,0.0,0.0
0.9302325581395349,10.520682374812331,0.0,0.0,0.0
0.9534883720930233,10.520682374812331,0.0,0.0,0.0
0.9767441860465116,10.520682374812331,0.0,0.0,0.0
1.0,10.520682374812331,0.0,0.021739130434782608,-0.021739130434782608
0.0,10.812923551890451,0.0,0.021739130434782608,-0.021739130434782608
0.023255813953488372,10.812923551890451,0.0,0.0,0.0
0.046511627906976744,10.812923551890451,0.0,0.0,0.0
0.06976744186046512,10.812923551890451,0.0,0.0,0.0
0.09302325581395349,10.812923551890451,0.0,0.0,0.0
0.11627906976744186,10.812923551890451,0.0,0.0,0.0
0.13953488372093023,10.812923551890451,0.0,0.0,0.0
0.16279069767441862,10.812923551890451,0.0,0.0,0.0
0.18604651162790697,10.812923551890451,0.0,0.0,0.0
0.20930232558139533,10.812923551890451,0.0,0.0,0.0
0.23255813953488372,10.812923551890451,0.0,0.0,0.0
0.2558139534883721,10.812923551890451,0.0,0.0,0.0
0.27906976744186046,10.812923551890451,0.021739130434782608,0.0,0.021739130434782608
0.3023255813953488,10.812923551890451,0.0,0.0,0.0
0.32558139534883723,10.812923551890451,0.0,0.0,0.0
0.3488372093023256,10.812923551890451,0.0,0.0,0.0
0.37209302325581395,10.812923551890451,0.0,0.0,0.0
0.3953488372093023,10.812923551890451,0.0,0.0,0.0
0.41860465116279066,10.812923551890451,0.0,0.0,0.0
0.4418604651162791,10.812923551890451,0.0,0.0,0.0
0.46511627906976744,10.812923551890451,0.0,0.0,0.0
0.4883720930232558,10.812923551890451,0.0,0.0,0.0
0.5116279069767442,10.812923551890451,0.0,0.0,0.0
0.5348837209302325,10.812923551890451,0.0,0.0,0.0
0.5581395348837209,10.812923551890451,0.0,0.0,0.0
0.5813953488372093,10.812923551890451,0.0,0.0,0.0
0.6046511627906976,10.812923551890451,0.0,0.0,0.0
0.627906976744186,10.812923551890451,0.0,0.0,0.0
0.6511627906976745,10.812923551890451,0.0,0.0,0.0
0.6744186046511628,10.812923551890451,0.0,0.0,0.0
0.6976744186046512,10.812923551890451,0.0,0.0,0.0
0.7209302325581395,10.812923551890451,0.0,0.0,0.0
0.7441860465116279,10.812923551890451,0.0,0.0,0.0
0.7674418604651163,10.812923551890451,0.0,0.0,0.0
0.7906976744186046,10.812923551890451,0.0,0.0,0.0
0.813953488372093,10.812923551890451,0.0,0.0,0.0
0.8372093023255813,10.812923551890451,0.0,0.0,0.0
0.8604651162790697,10.812923551890451,0.0,0.0,0.0
0.8837209302325582,10.812923551890451,0.0,0.0,0.0
0.9069767441860465,10.812923551890451,0.0,0.0,0.0
0.9302325581395349,10.812923551890451,0.0,0.0,0.0
0.9534883720930233,10.812923551890451,0.0,0.0,0.0
0.9767441860465116,10.812923551890451,0.0,0.0,0.0
1.0,10.812923551890451,0.0,0.021739130434782608,-0.021739130434782608
0.0,11.105164728968571,0.0,0.021739130434782608,-0.021739130434782608
0.023255813953488372,11.105164728968571,0.0,0.0,0.0
0.046511627906976744,11.105164728968571,0.0,0.0,0.0
0.06976744186046512,11.105164728968571,0.0,0.0,0.0
0.09302325581395349,11.105164728968571,0.0,0.0,0.0
0.11627906976744186,11.105164728968571,0.0,0.0,0.0
0.13953488372093023,11.105164728968571,0.0,0.0,0.0
0.16279069767441862,11.105164728968571,0.0,0.0,0.0
0.18604651162790697,11.105164728968571,0.0,0.0,0.0
0.20930232558139533,11.105164728968571,0.0,0.0,0.0
0.23255813953488372,11.105164728968571,0.0,0.0,0.0
0.2558139534883721,11.105164728968571,0.0,0.0,0.0
0.27906976744186046,11.105164728968571,0.0,0.0,0.0
0.3023255813953488,11.105164728968571,0.0,0.0,0.0
0.32558139534883723,11.105164728968571,0.0,0.0,0.0
0.3488372093023256,11.105164728968571,0.0,0.0,0.0
0.37209302325581395,11.105164728968571,0.0,0.0,0.0
0.3953488372093023,11.105164728968571,0.0,0.0,0.0
0.41860465116279066,11.105164728968571,0.0,0.0,0.0
0.4418604651162791,11.105164728968571,0.0,0.0,0.0
0.46511627906976744,11.105164728968571,0.0,0.0,0.0
0.4883720930232558,11.105164728968571,0.0,0.0,0.0
0.5116279069767442,11.105164728968571,0.0,0.0,0.0
0.5348837209302325,11.105164728968571,0.0,0.0,0.0
0.5581395348837209,11.105164728968571,0.0,0.0,0.0
0.5813953488372093,11.105164728968571,0.0,0.0,0.0
0.6046511627906976,11.105164728968571,0.0,0.0,0.0
0.627906976744186,11.105164728968571,0.0,0.0,0.0
0.6511627906976745,11.105164728968571,0.0,0.0,0.0
0.6744186046511628,11.105164728968571,0.0,0.0,0.0
0.6976744186046512,11.105164728968571,0.0,0.0,0.0
0.7209302325581395,11.105164728968571,0.0,0.0,0.0
0.7441860465116279,11.105164728968571,0.0,0.0,0.0
0.7674418604651163,11.105164728968571,0.0,0.0,0.0
0.7906976744186046,11.105164728968571,0.0,0.0,0.0
0.813953488372093,11.105164728968571,0.0,0.0,0.0
0.8372093023255813,11.105164728968571,0.0,0.0,0.0
0.8604651162790697,11.105164728968571,0.0,0.0,0.0
0.8837209302325582,11.105164728968571,0.0,0.0,0.0
0.9069767441860465,11.105164728968571,0.0,0.0,0.0
0.9302325581395349,11.105164728968571,0.0,0.0,0.0
0.9534883720930233,11.105164728968571,0.0,0.0,0.0
0.9767441860465116,11.105164728968571,0.0,0.0,0.0
1.0,11.105164728968571,0.0,0.021739130434782608,-0.021739130434782608
0.0,11.397405906046693,0.0,0.021739130434782608,-0.021739130434782608
0.023255813953488372,11.397405906046693,0.0,0.0,0.0
0.046511627906976744,11.397405906046693,0.0,0.0,0.0
0.06976744186046512,11.397405906046693,0.0,0.0,0.0
0.09302325581395349,11.397405906046693,0.0,0.0,0.0
0.11627906976744186,11.397405906046693,0.0,0.0,0.0
0.13953488372093023,11.397405906046693,0.0,0.0,0.0
0.16279069767441862,11.397405906046693,0.0,0.0,0.0
0.18604651162790697,11.397405906046693,0.0,0.0,0.0
0.20930232558139533,11.397405906046693,0.0,0.0,0.0
0.23255813953488372,11.397405906046693,0.0,0.0,0.0
0.2558139534883721,11.397405906046693,0.0,0.0,0.0
0.27906976744186046,11.397405906046693,0.0,0.0,0.0
0.3023255813953488,11.397405906046693,0.0,0.0,0.0
0.32558139534883723,11.397405906046693,0.0,0.0,0.0
0.3488372093023256,11.397405906046693,0.0,0.0,0.0
0.37209302325581395,11.397405906046693,0.0,0.0,0.0
0.3953488372093023,11.397405906046693,0.0,0.0,0.0
0.41860465116279066,11.397405906046693,0.0,0.0,0.0
0.4418604651162791,11.397405906046693,0.0,0.0,0.0
0.46511627906976744,11.397405906046693,0.0,0.0,0.0
0.4883720930232558,11.397405906046693,0.0,0.0,0.0
0.5116279069767442,11.397405906046693,0.0,0.0,0.0
0.5348837209302325,11.397405906046693,0.0,0.0,0.0
0.5581395348837209,11.397405906046693,0.0,0.0,0.0
0.5813953488372093,11.397405906046693,0.0,0.0,0.0
0.6046511627906976,11.397405906046693,0.0,0.0,0.0
0.627906976744186,11.397405906046693,0.0,0.0,0.0
0.6511627906976745,11.397405906046693,0.0,0.0,0.0
0.6744186046511628,11.397405906046693,0.0,0.0,0.0
0.6976744186046512,11.397405906046693,0.0,0.0,0.0
0.7209302325581395,11.397405906046693,0.0,0.0,0.0
0.7441860465116279,11.397405906046693,0.0,0.0,0.0
0.7674418604651163,11.397405906046693,0.0,0.0,0.0
0.7906976744186046,11.397405906046693,0.0,0.0,0.0
0.813953488372093,11.397405906046693,0.0,0.0,0.0
0.8372093023255813,11.397405906046693,0.0,0.0,0.0
0.8604651162790697,11.397405906046693,0.0,0.0,0.0
0.8837209302325582,11.397405906046693,0.0,0.0,0.0
0.9069767441860465,11.397405906046693,0.0,0.0,0.0
0.9302325581395349,11.397405906046693,0.0,0.0,0.0
0.9534883720930233,11.397405906046693,0.0,0.0,0.0
0.9767441860465116,11.397405906046693,0.0,0.0,0.0
1.0,11.397405906046693,0.0,0.021739130434782608,-0.021739130434782608
0.0,11.689647083124813,0.0,0.021739130434782608,-0.021739130434782608
0.023255813953488372,11.689647083124813,0.0,0.0,0.0
0.046511627906976744,11.689647083124813,0.0,0.0,0.0
0.06976744186046512,11.689647083124813,0.0,0.0,0.0
0.09302325581395349,11.689647083124813,0.0,0.0,0.0
0.11627906976744186,11.689647083124813,0.0,0.0,0.0
0.13953488372093023,11.689647083124813,0.0,0.0,0.0
0.16279069767441862,11.689647083124813,0.0,0.0,0.0
0.18604651162790697,11.689647083124813,0.0,0.0,0.0
0.20930232558139533,11.689647083124813,0.0,0.0,0.0
0.23255813953488372,11.689647083124813,0.0,0.0,0.0
0.2558139534883721,11.689647083124813,0.0,0.0,0.0
0.27906976744186046,11.689647083124813,0.0,0.0,0.0
0.3023255813953488,11.689647083124813,0.0,0.0,0.0
0.32558139534883723,11.689647083124813,0.0,0.0,0.0
0.3488372093023256,11.689647083124813,0.0,0.0,0.0
0.37209302325581395,11.689647083124813,0.0,0.0,0.0
0.3953488372093023,11.689647083124813,0.0,0.0,0.0
0.41860465116279066,11.689647083124813,0.0,0.0,0.0
0.4418604651162791,11.689647083124813,0.0,0.0,0.0
0.46511627906976744,11.689647083124813,0.0,0.0,0.0
0.4883720930232558,11.689647083124813,0.0,0.0,0.0
0.5116279069767442,11.689647083124813,0.0,0.0,0.0
0.5348837209302325,11.689647083124813,0.0,0.0,0.0
0.5581395348837209,11.689647083124813,0.0,0.0,0.0
0.5813953488372093,11.689647083124813,0.0,0.0,0.0
0.6046511627906976,11.689647083124813,0.0,0.0,0.0
0.627906976744186,11.689647083124813,0.0,0.0,0.0
0.6511627906976745,11.689647083124813,0.0,0.0,0.0
0.6744186046511628,11.689647083124813,0.0,0.0,0.0
0.6976744186046512,11.689647083124813,0.0,0.0,0.0
0.7209302325581395,11.689647083124813,0.0,0.0,0.0
0.7441860465116279,11.689647083124813,0.0,0.0,0.0
0.7674418604651163,11.689647083124813,0.0,0.0,0.0
0.7906976744186046,11.689647083124813,0.0,0.0,0.0
0.813953488372093,11.689647083124813,0.0,0.0,0.0
0.8372093023255813,11.689647083124813,0.0,0.0,0.0
0.8604651162790697,11.689647083124813,0.0,0.0,0.0
0.8837209302325582,11.689647083124813,0.0,0.0,0.0
0.9069767441860465,11.689647083124813,0.0,0.0,0.0
0.9302325581395349,11.689647083124813,0.0,0.0,0.0
0.9534883720930233,11.689647083124813,0.0,0.0,0.0
0.9767441860465116,11.689647083124813,0.0,0.0,0.0
1.0,11.689647083124813,0.0,0.021739130434782608,-0.021739130434782608
0.0,11.981888260202933,0.0,0.021739130434782608,-0.021739130434782608
0.023255813953488372,11.981888260202933,0.0,0.0,0.0
0.046511627906976744,11.981888260202933,0.0,0.0,0.0
0.06976744186046512,11.981888260202933,0.0,0.0,0.0
0.09302325581395349,11.981888260202933,0.0,0.043478260869565216,-0.043478260869565216
0.11627906976744186,11.981888260202933,0.0,0.0,0.0
0.13953488372093023,11.981888260202933,0.0,0.0,0.0
0.16279069767441862,11.981888260202933,0.0,0.0,0.0
0.18604651162790697,11.981888260202933,0.0,0.0,0.0
0.20930232558139533,11.981888260202933,0.0,0.0,0.0
0.23255813953488372,11.981888260202933,0.0,0.0,0.0
0.2558139534883721,11.981888260202933,0.0,0.0,0.0
0.27906976744186046,11.981888260202933,0.0,0.0,0.0
0.3023255813953488,11.981888260202933,0.0,0.0,0.0
0.32558139534883723,11.981888260202933,0.0,0.0,0.0
0.3488372093023256,11.981888260202933,0.0,0.0,0.0
0.37209302325581395,11.981888260202933,0.0,0.0,0.0
0.3953488372093023,11.981888260202933,0.0,0.0,0.0
0.41860465116279066,11.981888260202933,0.0,0.0,0.0
0.4418604651162791,11.981888260202933,0.0,0.0,0.0
0.46511627906976744,11.981888260202933,0.0,0.0,0.0
0.4883720930232558,11.981888260202933,0.0,0.0,0.0
0.5116279069767442,11.981888260202933,0.0,0.0,0.0
0.5348837209302325,11.981888260202933,0.0,0.0,0.0
0.5581395348837209,11.981888260202933,0.0,0.0,0.0
0.5813953488372093,11.981888260202933,0.0,0.0,0.0
0.6046511627906976,11.981888260202933,0.0,0.0,0.0
0.627906976744186,11.981888260202933,0.0,0.0,0.0
0.6511627906976745,11.981888260202933,0.0,0.0,0.0
0.6744186046511628,11.981888260202933,0.0,0.0,0.0
0.6976744186046512,11.981888260202933,0.0,0.0,0.0
0.7209302325581395,11.981888260202933,0.0,0.0,0.0
0.7441860465116279,11.981888260202933,0.0,0.0,0.0
0.7674418604651163,11.981888260202933,0.0,0.0,0.0
0.7906976744186046,11.981888260202933,0.0,0.0,0.0
0.813953488372093,11.981888260202933,0.0,0.0,0.0
0.8372093023255813,11.981888260202933,0.0,0.0,0.0
0.8604651162790697,11.981888260202933,0.0,0.0,0.0
0.8837209302325582,11.981888260202933,0.0,0.0,0.0
0.9069767441860465,11.981888260202933,0.021739130434782608,0.043478260869565216,-0.021739130434782608
0.9302325581395349,11.981888260202933,0.0,0.0,0.0
0.9534883720930233,11.981888260202933,0.0,0.0,0.0
0.9767441860465116,11.981888260202933,0.0,0.0,0.0
1.0,11.981888260202933,0.0,0.021739130434782608,-0.021739130434782608
0.0,12.274129437281053,0.0,0.021739130434782608,-0.021739130434782608
0.023255813953488372,12.274129437281053,0.0,0.0,0.0
0.046511627906976744,12.274129437281053,0.0,0.0,0.0
0.06976744186046512,12.274129437281053,0.0,0.0,0.0
0.09302325581395349,12.274129437281053,0.0,0.0,0.0
0.11627906976744186,12.274129437281053,0.0,0.0,0.0
0.13953488372093023,12.274129437281053,0.0,0.0,0.0
0.16279069767441862,12.274129437281053,0.0,0.0,0.0
0.18604651162790697,12.274129437281053,0.0,0.0,0.0
0.20930232558139533,12.274129437281053,0.0,0.0,0.0
0.23255813953488372,12.274129437281053,0.0,0.0,0.0
0.2558139534883721,12.274129437281053,0.0,0.0,0.0
0.27906976744186046,12.274129437281053,0.0,0.0,0.0
0.3023255813953488,12.274129437281053,0.0,0.0,0.0
0.32558139534883723,12.274129437281053,0.0,0.0,0.0
0.3488372093023256,12.274129437281053,0.0,0.0,0.0
0.37209302325581395,12.274129437281053,0.0,0.0,0.0
0.3953488372093023,12.274129437281053,0.0,0.0,0.0
0.41860465116279066,12.274129437281053,0.0,0.0,0.0
0.4418604651162791,12.274129437281053,0.0,0.0,0.0
0.46511627906976744,12.274129437281053,0.0,0.0,0.0
0.4883720930232558,12.274129437281053,0.0,0.0,0.0
0.5116279069767442,12.274129437281053,0.0,0.0,0.0
0.5348837209302325,12.274129437281053,0.0,0.0,0.0
0.5581395348837209,12.274129437281053,0.0,0.0,0.0
0.5813953488372093,12.274129437281053,0.0,0.0,0.0
0.6046511627906976,12.274129437281053,0.0,0.0,0.0
0.627906976744186,12.274129437281053,0.0,0.0,0.0
0.6511627906976745,12.274129437281053,0.0,0.0,0.0
0.6744186046511628,12.274129437281053,0.0,0.0,0.0
0.6976744186046512,12.274129437281053,0.0,0.0,0.0
0.7209302325581395,12.274129437281053,0.0,0.0,0.0
0.7441860465116279,12.274129437281053,0.0,0.0,0.0
0.7674418604651163,12.274129437281053,0.0,0.0,0.0
0.7906976744186046,12.274129437281053,0.0,0.0,0.0
0.813953488372093,12.274129437281053,0.0,0.0,0.0
0.8372093023255813,12.274129437281053,0.0,0.0,0.0
0.8604651162790697,12.274129437281053,0.0,0.0,0.0
0.8837209302325582,12.274129437281053,0.0,0.0,0.0
0.9069767441860465,12.274129437281053,0.0,0.0,0.0
0.9302325581395349,12.274129437281053,0.0,0.0,0.0
0.9534883720930233,12.274129437281053,0.0,0.0,0.0
0.9767441860465116,12.274129437281053,0.0,0.0,0.0
1.0,12.274129437281053,0.0,0.021739130434782608,-0.021739130434782608
0.0,12.566370614359172,0.0,0.06521739130434782,-0.06521739130434782
0.023255813953488372,12.566370614359172,0.0,0.0,0.0
0.046511627906976744,12.566370614359172,0.0,0.0,0.0
0.06976744186046512,12.566370614359172,0.0,0.0,0.0
0.09302325581395349,12.566370614359172,0.0,0.0,0.0
0.11627906976744186,12.566370614359172,0.0,0.0,0.0
0.13953488372093023,12.566370614359172,0.0,0.0,0.0
0.16279069767441862,12.566370614359172,0.0,0.0,0.0
0.18604651162790697,12.566370614359172,0.0,0.0,0.0
0.20930232558139533,12.566370614359172,0.0,0.0,0.0
0.23255813953488372,12.566370614359172,0.0,0.0,0.0
0.2558139534883721,12.566370614359172,0.0,0.0,0.0
0.27906976744186046,12.566370614359172,0.0,0.0,0.0
0.3023255813953488,12.566370614359172,0.0,0.0,0.0
0.32558139534883723,12.566370614359172,0.0,0.0,0.0
0.3488372093023256,12.566370614359172,0.0,0.0,0.0
0.37209302325581395,12.566370614359172,0.0,0.0,0.0
0.3953488372093023,12.566370614359172,0.0,0.0,0.0
0.41860465116279066,12.566370614359172,0.0,0.0,0.0
0.4418604651162791,12.566370614359172,0.0,0.0,0.0
0.46511627906976744,12.566370614359172,0.0,0.0,0.0
0.4883720930232558,12.566370614359172,0.0,0.0,0.0
0.5116279069767442,12.566370614359172,0.0,0.0,0.0
0.5348837209302325,12.566370614359172,0.0,0.0,0.0
0.5581395348837209,12.566370614359172,0.0,0.0,0.0
0.5813953488372093,12.566370614359172,0.0,0.0,0.0
0.6046511627906976,12.566370614359172,0.0,0.0,0.0
0.627906976744186,12.566370614359172,0.0,0.0,0.0
0.6511627906976745,12.566370614359172,0.0,0.0,0.0
0.6744186046511628,12.566370614359172,0.0,0.0,0.0
0.6976744186046512,12.566370614359172,0.0,0.0,0.0
0.7209302325581395,12.566370614359172,0.0,0.0,0.0
0.7441860465116279,12.566370614359172,0.0,0.0,0.0
0.7674418604651163,12.566370614359172,0.0,0.0,0.0
0.7906976744186046,12.566370614359172,0.0,0.0,0.0
0.813953488372093,12.566370614359172,0.0,0.0,0.0
0.8372093023255813,12.566370614359172,0.0,0.0,0.0
0.8604651162790697,12.566370614359172,0.0,0.0,0.0
0.8837209302325582,12.566370614359172,0.0,0.0,0.0
0.9069767441860465,12.566370614359172,0.0,0.0,0.0
0.9302325581395349,12.566370614359172,0.0,0.0,0.0
0.9534883720930233,12.566370614359172,0.0,0.0,0.0
0.9767441860465116,12.566370614359172,0.0,0.0,0.0
1.0,12.566370614359172,0.0,0.06521739130434782,-0.06521739130434782
