run_id,row_index,geometry_id,source_normalization_id,geant4_evaluation_energy_MeV,mc_mu_over_rho_cm2_g,generated_event_count
P001_G4_EM_COEFFICIENTS,1000000,P001_INFINITE_MEDIUM_COEFFICIENT,NOT_APPLICABLE,0.001055594,3010.5372514113265,0
P001_G4_EM_COEFFICIENTS,1000001,P001_INFINITE_MEDIUM_COEFFICIENT,NOT_APPLICABLE,0.0010556761194029851,3009.931588880062,0
P001_G4_EM_COEFFICIENTS,1000002,P001_INFINITE_MEDIUM_COEFFICIENT,NOT_APPLICABLE,0.0010557582388059702,3009.3260997478806,0
P001_G4_EM_COEFFICIENTS,1000003,P001_INFINITE_MEDIUM_COEFFICIENT,NOT_APPLICABLE,0.0010558403582089553,3008.7207839508592,0
P001_G4_EM_COEFFICIENTS,1000004,P001_INFINITE_MEDIUM_COEFFICIENT,NOT_APPLICABLE,0.0010559224776119404,3008.1156414251009,0
P001_G4_EM_COEFFICIENTS,1000005,P001_INFINITE_MEDIUM_COEFFICIENT,NOT_APPLICABLE,0.0010560045970149253,3007.5106721067432,0
P001_G4_EM_COEFFICIENTS,1000006,P001_INFINITE_MEDIUM_COEFFICIENT,NOT_APPLICABLE,0.0010560867164179104,3006.9058759319441,0
P001_G4_EM_COEFFICIENTS,1000007,P001_INFINITE_MEDIUM_COEFFICIENT,NOT_APPLICABLE,0.0010561688358208955,3006.3012528368995,0
P001_G4_EM_COEFFICIENTS,1000008,P001_INFINITE_MEDIUM_COEFFICIENT,NOT_APPLICABLE,0.0010562509552238806,3005.6968130412715,0
P001_G4_EM_COEFFICIENTS,1000009,P001_INFINITE_MEDIUM_COEFFICIENT,NOT_APPLICABLE,0.0010563330746268657,3005.0925493389836,0
P001_G4_EM_COEFFICIENTS,1000010,P001_INFINITE_MEDIUM_COEFFICIENT,NOT_APPLICABLE,0.0010564151940298508,3004.4884582116274,0
P001_G4_EM_COEFFICIENTS,1000011,P001_INFINITE_MEDIUM_COEFFICIENT,NOT_APPLICABLE,0.0010564973134328359,3003.8845399027773,0
P001_G4_EM_COEFFICIENTS,1000012,P001_INFINITE_MEDIUM_COEFFICIENT,NOT_APPLICABLE,0.001056579432835821,3003.2807943487737,0
P001_G4_EM_COEFFICIENTS,1000013,P001_INFINITE_MEDIUM_COEFFICIENT,NOT_APPLICABLE,0.0010566615522388059,3002.6772214859834,0
P001_G4_EM_COEFFICIENTS,1000014,P001_INFINITE_MEDIUM_COEFFICIENT,NOT_APPLICABLE,0.001056743671641791,3002.0738212507958,0
P001_G4_EM_COEFFICIENTS,1000015,P001_INFINITE_MEDIUM_COEFFICIENT,NOT_APPLICABLE,0.0010568257910447761,3001.4705935796392,0
P001_G4_EM_COEFFICIENTS,1000016,P001_INFINITE_MEDIUM_COEFFICIENT,NOT_APPLICABLE,0.0010569079104477612,3000.8675384089606,0
P001_G4_EM_COEFFICIENTS,1000017,P001_INFINITE_MEDIUM_COEFFICIENT,NOT_APPLICABLE,0.0010569900298507463,3000.2646556752456,0
P001_G4_EM_COEFFICIENTS,1000018,P001_INFINITE_MEDIUM_COEFFICIENT,NOT_APPLICABLE,0.0010570721492537314,2999.6619453149983,0
P001_G4_EM_COEFFICIENTS,1000019,P001_INFINITE_MEDIUM_COEFFICIENT,NOT_APPLICABLE,0.0010571542686567165,2999.0594072647591,0
P001_G4_EM_COEFFICIENTS,1000020,P001_INFINITE_MEDIUM_COEFFICIENT,NOT_APPLICABLE,0.0010572363880597016,2998.4570414610926,0
P001_G4_EM_COEFFICIENTS,1000021,P001_INFINITE_MEDIUM_COEFFICIENT,NOT_APPLICABLE,0.0010573185074626865,2997.8548478405955,0
P001_G4_EM_COEFFICIENTS,1000022,P001_INFINITE_MEDIUM_COEFFICIENT,NOT_APPLICABLE,0.0010574006268656716,2997.2538547964673,0
P001_G4_EM_COEFFICIENTS,1000023,P001_INFINITE_MEDIUM_COEFFICIENT,NOT_APPLICABLE,0.0010574827462686567,2996.6531133950757,0
P001_G4_EM_COEFFICIENTS,1000024,P001_INFINITE_MEDIUM_COEFFICIENT,NOT_APPLICABLE,0.0010575648656716418,2996.0525298654002,0
P001_G4_EM_COEFFICIENTS,1000025,P001_INFINITE_MEDIUM_COEFFICIENT,NOT_APPLICABLE,0.0010576469850746269,2995.4521173175658,0
P001_G4_EM_COEFFICIENTS,1000026,P001_INFINITE_MEDIUM_COEFFICIENT,NOT_APPLICABLE,0.001057729104477612,2994.8518761270852,0
P001_G4_EM_COEFFICIENTS,1000027,P001_INFINITE_MEDIUM_COEFFICIENT,NOT_APPLICABLE,0.0010578112238805971,2994.2426448005049,0
P001_G4_EM_COEFFICIENTS,1000028,P001_INFINITE_MEDIUM_COEFFICIENT,NOT_APPLICABLE,0.0010578933432835822,2993.6334513600509,0
P001_G4_EM_COEFFICIENTS,1000029,P001_INFINITE_MEDIUM_COEFFICIENT,NOT_APPLICABLE,0.0010579754626865671,2993.0244102662946,0
P001_G4_EM_COEFFICIENTS,1000030,P001_INFINITE_MEDIUM_COEFFICIENT,NOT_APPLICABLE,0.0010580575820895522,2992.4155285900883,0
P001_G4_EM_COEFFICIENTS,1000031,P001_INFINITE_MEDIUM_COEFFICIENT,NOT_APPLICABLE,0.0010581397014925373,2991.806822299458,0
P001_G4_EM_COEFFICIENTS,1000032,P001_INFINITE_MEDIUM_COEFFICIENT,NOT_APPLICABLE,0.0010582218208955224,2991.1982905284249,0
P001_G4_EM_COEFFICIENTS,1000033,P001_INFINITE_MEDIUM_COEFFICIENT,NOT_APPLICABLE,0.0010583039402985075,2990.5899337240353,0
P001_G4_EM_COEFFICIENTS,1000034,P001_INFINITE_MEDIUM_COEFFICIENT,NOT_APPLICABLE,0.0010583860597014926,2989.9817521110103,0
P001_G4_EM_COEFFICIENTS,1000035,P001_INFINITE_MEDIUM_COEFFICIENT,NOT_APPLICABLE,0.0010584681791044777,2989.3737456245581,0
P001_G4_EM_COEFFICIENTS,1000036,P001_INFINITE_MEDIUM_COEFFICIENT,NOT_APPLICABLE,0.0010585502985074628,2988.765914199917,0
P001_G4_EM_COEFFICIENTS,1000037,P001_INFINITE_MEDIUM_COEFFICIENT,NOT_APPLICABLE,0.0010586324179104477,2988.1582577723566,0
P001_G4_EM_COEFFICIENTS,1000038,P001_INFINITE_MEDIUM_COEFFICIENT,NOT_APPLICABLE,0.0010587145373134328,2987.5507762771686,0
P001_G4_EM_COEFFICIENTS,1000039,P001_INFINITE_MEDIUM_COEFFICIENT,NOT_APPLICABLE,0.0010587966567164179,2986.9434868067315,0
P001_G4_EM_COEFFICIENTS,1000040,P001_INFINITE_MEDIUM_COEFFICIENT,NOT_APPLICABLE,0.001058878776119403,2986.336427673752,0
P001_G4_EM_COEFFICIENTS,1000041,P001_INFINITE_MEDIUM_COEFFICIENT,NOT_APPLICABLE,0.0010589608955223881,2985.7292810229733,0
P001_G4_EM_COEFFICIENTS,1000042,P001_INFINITE_MEDIUM_COEFFICIENT,NOT_APPLICABLE,0.0010590430149253732,2985.1222887893568,0
P001_G4_EM_COEFFICIENTS,1000043,P001_INFINITE_MEDIUM_COEFFICIENT,NOT_APPLICABLE,0.0010591251343283583,2984.5154712626386,0
P001_G4_EM_COEFFICIENTS,1000044,P001_INFINITE_MEDIUM_COEFFICIENT,NOT_APPLICABLE,0.0010592072537313434,2983.9088283782417,0
P001_G4_EM_COEFFICIENTS,1000045,P001_INFINITE_MEDIUM_COEFFICIENT,NOT_APPLICABLE,0.0010592893731343283,2983.3026497479059,0
P001_G4_EM_COEFFICIENTS,1000046,P001_INFINITE_MEDIUM_COEFFICIENT,NOT_APPLICABLE,0.0010593714925373134,2982.6970282197981,0
P001_G4_EM_COEFFICIENTS,1000047,P001_INFINITE_MEDIUM_COEFFICIENT,NOT_APPLICABLE,0.0010594536119402985,2982.0915811109662,0
P001_G4_EM_COEFFICIENTS,1000048,P001_INFINITE_MEDIUM_COEFFICIENT,NOT_APPLICABLE,0.0010595357313432836,2981.4863081547505,0
P001_G4_EM_COEFFICIENTS,1000049,P001_INFINITE_MEDIUM_COEFFICIENT,NOT_APPLICABLE,0.0010596178507462687,2980.8812092059607,0
P001_G4_EM_COEFFICIENTS,1000050,P001_INFINITE_MEDIUM_COEFFICIENT,NOT_APPLICABLE,0.0010596999701492538,2980.2762842003449,0
P001_G4_EM_COEFFICIENTS,1000051,P001_INFINITE_MEDIUM_COEFFICIENT,NOT_APPLICABLE,0.0010597820895522389,2979.6715330736733,0
P001_G4_EM_COEFFICIENTS,1000052,P001_INFINITE_MEDIUM_COEFFICIENT,NOT_APPLICABLE,0.001059864208955224,2979.0667687907417,0
P001_G4_EM_COEFFICIENTS,1000053,P001_INFINITE_MEDIUM_COEFFICIENT,NOT_APPLICABLE,0.0010599463283582089,2978.4619697358175,0
P001_G4_EM_COEFFICIENTS,1000054,P001_INFINITE_MEDIUM_COEFFICIENT,NOT_APPLICABLE,0.001060028447761194,2977.8573445511538,0
P001_G4_EM_COEFFICIENTS,1000055,P001_INFINITE_MEDIUM_COEFFICIENT,NOT_APPLICABLE,0.0010601105671641791,2977.2528931725556,0
P001_G4_EM_COEFFICIENTS,1000056,P001_INFINITE_MEDIUM_COEFFICIENT,NOT_APPLICABLE,0.0010601926865671642,2976.6486155358571,0
P001_G4_EM_COEFFICIENTS,1000057,P001_INFINITE_MEDIUM_COEFFICIENT,NOT_APPLICABLE,0.0010602748059701493,2976.0445115769171,0
P001_G4_EM_COEFFICIENTS,1000058,P001_INFINITE_MEDIUM_COEFFICIENT,NOT_APPLICABLE,0.0010603569253731344,2975.4405812316259,0
P001_G4_EM_COEFFICIENTS,1000059,P001_INFINITE_MEDIUM_COEFFICIENT,NOT_APPLICABLE,0.0010604390447761195,2974.8368252163591,0
P001_G4_EM_COEFFICIENTS,1000060,P001_INFINITE_MEDIUM_COEFFICIENT,NOT_APPLICABLE,0.0010605211641791046,2974.2332434572572,0
P001_G4_EM_COEFFICIENTS,1000061,P001_INFINITE_MEDIUM_COEFFICIENT,NOT_APPLICABLE,0.0010606032835820895,2973.6298351189275,0
P001_G4_EM_COEFFICIENTS,1000062,P001_INFINITE_MEDIUM_COEFFICIENT,NOT_APPLICABLE,0.0010606854029850746,2973.0266001373752,0
P001_G4_EM_COEFFICIENTS,1000063,P001_INFINITE_MEDIUM_COEFFICIENT,NOT_APPLICABLE,0.0010607675223880597,2972.4235384486333,0
P001_G4_EM_COEFFICIENTS,1000064,P001_INFINITE_MEDIUM_COEFFICIENT,NOT_APPLICABLE,0.0010608496417910448,2971.8207289094912,0
P001_G4_EM_COEFFICIENTS,1000065,P001_INFINITE_MEDIUM_COEFFICIENT,NOT_APPLICABLE,0.0010609317611940299,2971.2181053573991,0
P001_G4_EM_COEFFICIENTS,1000066,P001_INFINITE_MEDIUM_COEFFICIENT,NOT_APPLICABLE,0.001061013880597015,2970.6156548637896,0
P001_G4_EM_COEFFICIENTS,1000067,P001_INFINITE_MEDIUM_COEFFICIENT,NOT_APPLICABLE,0.0010610960000000001,2970.0133773648299,0
P001_G4_EM_COEFFICIENTS,1000068,P001_INFINITE_MEDIUM_COEFFICIENT,NOT_APPLICABLE,0.0010611781194029852,2969.4112727967213,0
P001_G4_EM_COEFFICIENTS,1000069,P001_INFINITE_MEDIUM_COEFFICIENT,NOT_APPLICABLE,0.0010612602388059701,2968.8093410956876,0
P001_G4_EM_COEFFICIENTS,1000070,P001_INFINITE_MEDIUM_COEFFICIENT,NOT_APPLICABLE,0.0010613423582089552,2968.2075821979843,0
P001_G4_EM_COEFFICIENTS,1000071,P001_INFINITE_MEDIUM_COEFFICIENT,NOT_APPLICABLE,0.0010614244776119403,2967.6059960398902,0
P001_G4_EM_COEFFICIENTS,1000072,P001_INFINITE_MEDIUM_COEFFICIENT,NOT_APPLICABLE,0.0010615065970149254,2967.0045829365458,0
P001_G4_EM_COEFFICIENTS,1000073,P001_INFINITE_MEDIUM_COEFFICIENT,NOT_APPLICABLE,0.0010615887164179105,2966.4033431981661,0
P001_G4_EM_COEFFICIENTS,1000074,P001_INFINITE_MEDIUM_COEFFICIENT,NOT_APPLICABLE,0.0010616708358208956,2965.8022760080717,0
P001_G4_EM_COEFFICIENTS,1000075,P001_INFINITE_MEDIUM_COEFFICIENT,NOT_APPLICABLE,0.0010617529552238807,2965.2013813026588,0
P001_G4_EM_COEFFICIENTS,1000076,P001_INFINITE_MEDIUM_COEFFICIENT,NOT_APPLICABLE,0.0010618350746268658,2964.6006590183565,0
P001_G4_EM_COEFFICIENTS,1000077,P001_INFINITE_MEDIUM_COEFFICIENT,NOT_APPLICABLE,0.0010619171940298507,2964.0001090916185,0
P001_G4_EM_COEFFICIENTS,1000078,P001_INFINITE_MEDIUM_COEFFICIENT,NOT_APPLICABLE,0.0010619993134328358,2963.3994051641553,0
P001_G4_EM_COEFFICIENTS,1000079,P001_INFINITE_MEDIUM_COEFFICIENT,NOT_APPLICABLE,0.0010620814328358209,2962.7974165642463,0
P001_G4_EM_COEFFICIENTS,1000080,P001_INFINITE_MEDIUM_COEFFICIENT,NOT_APPLICABLE,0.001062163552238806,2962.1956009585742,0
P001_G4_EM_COEFFICIENTS,1000081,P001_INFINITE_MEDIUM_COEFFICIENT,NOT_APPLICABLE,0.0010622456716417911,2961.5939582833253,0
P001_G4_EM_COEFFICIENTS,1000082,P001_INFINITE_MEDIUM_COEFFICIENT,NOT_APPLICABLE,0.0010623277910447762,2960.9924884747129,0
P001_G4_EM_COEFFICIENTS,1000083,P001_INFINITE_MEDIUM_COEFFICIENT,NOT_APPLICABLE,0.0010624099104477613,2960.3911914689802,0
P001_G4_EM_COEFFICIENTS,1000084,P001_INFINITE_MEDIUM_COEFFICIENT,NOT_APPLICABLE,0.0010624920298507464,2959.7900672023966,0
P001_G4_EM_COEFFICIENTS,1000085,P001_INFINITE_MEDIUM_COEFFICIENT,NOT_APPLICABLE,0.0010625741492537313,2959.1891156112652,0
P001_G4_EM_COEFFICIENTS,1000086,P001_INFINITE_MEDIUM_COEFFICIENT,NOT_APPLICABLE,0.0010626562686567164,2958.5883366319104,0
P001_G4_EM_COEFFICIENTS,1000087,P001_INFINITE_MEDIUM_COEFFICIENT,NOT_APPLICABLE,0.0010627383880597015,2957.9877269224744,0
P001_G4_EM_COEFFICIENTS,1000088,P001_INFINITE_MEDIUM_COEFFICIENT,NOT_APPLICABLE,0.0010628205074626866,2957.3872875170355,0
P001_G4_EM_COEFFICIENTS,1000089,P001_INFINITE_MEDIUM_COEFFICIENT,NOT_APPLICABLE,0.0010629026268656717,2956.7870205350623,0
P001_G4_EM_COEFFICIENTS,1000090,P001_INFINITE_MEDIUM_COEFFICIENT,NOT_APPLICABLE,0.0010629847462686568,2956.1869259129949,0
P001_G4_EM_COEFFICIENTS,1000091,P001_INFINITE_MEDIUM_COEFFICIENT,NOT_APPLICABLE,0.0010630668656716419,2955.5870035873036,0
P001_G4_EM_COEFFICIENTS,1000092,P001_INFINITE_MEDIUM_COEFFICIENT,NOT_APPLICABLE,0.001063148985074627,2954.9872534944889,0
P001_G4_EM_COEFFICIENTS,1000093,P001_INFINITE_MEDIUM_COEFFICIENT,NOT_APPLICABLE,0.0010632311044776119,2954.3876755710762,0
P001_G4_EM_COEFFICIENTS,1000094,P001_INFINITE_MEDIUM_COEFFICIENT,NOT_APPLICABLE,0.001063313223880597,2953.7882697536202,0
P001_G4_EM_COEFFICIENTS,1000095,P001_INFINITE_MEDIUM_COEFFICIENT,NOT_APPLICABLE,0.0010633953432835821,2953.1890359787058,0
P001_G4_EM_COEFFICIENTS,1000096,P001_INFINITE_MEDIUM_COEFFICIENT,NOT_APPLICABLE,0.0010634774626865672,2952.5899741829448,0
P001_G4_EM_COEFFICIENTS,1000097,P001_INFINITE_MEDIUM_COEFFICIENT,NOT_APPLICABLE,0.0010635595820895523,2951.9910843029793,0
P001_G4_EM_COEFFICIENTS,1000098,P001_INFINITE_MEDIUM_COEFFICIENT,NOT_APPLICABLE,0.0010636417014925374,2951.3923662754746,0
P001_G4_EM_COEFFICIENTS,1000099,P001_INFINITE_MEDIUM_COEFFICIENT,NOT_APPLICABLE,0.0010637238208955225,2950.7938200371341,0
P001_G4_EM_COEFFICIENTS,1000100,P001_INFINITE_MEDIUM_COEFFICIENT,NOT_APPLICABLE,0.0010638059402985076,2950.1954477506551,0
P001_G4_EM_COEFFICIENTS,1000101,P001_INFINITE_MEDIUM_COEFFICIENT,NOT_APPLICABLE,0.0010638880597014925,2949.5972427456122,0
P001_G4_EM_COEFFICIENTS,1000102,P001_INFINITE_MEDIUM_COEFFICIENT,NOT_APPLICABLE,0.0010639701791044776,2948.9924059213345,0
P001_G4_EM_COEFFICIENTS,1000103,P001_INFINITE_MEDIUM_COEFFICIENT,NOT_APPLICABLE,0.0010640522985074627,2948.3872356729603,0
P001_G4_EM_COEFFICIENTS,1000104,P001_INFINITE_MEDIUM_COEFFICIENT,NOT_APPLICABLE,0.0010641344179104478,2947.7822402829543,0
P001_G4_EM_COEFFICIENTS,1000105,P001_INFINITE_MEDIUM_COEFFICIENT,NOT_APPLICABLE,0.0010642165373134329,2947.1774196866158,0
P001_G4_EM_COEFFICIENTS,1000106,P001_INFINITE_MEDIUM_COEFFICIENT,NOT_APPLICABLE,0.001064298656716418,2946.5727738192732,0
P001_G4_EM_COEFFICIENTS,1000107,P001_INFINITE_MEDIUM_COEFFICIENT,NOT_APPLICABLE,0.0010643807761194031,2945.9679328790903,0
P001_G4_EM_COEFFICIENTS,1000108,P001_INFINITE_MEDIUM_COEFFICIENT,NOT_APPLICABLE,0.0010644628955223882,2945.3629079929437,0
P001_G4_EM_COEFFICIENTS,1000109,P001_INFINITE_MEDIUM_COEFFICIENT,NOT_APPLICABLE,0.0010645450149253731,2944.758057979026,0
P001_G4_EM_COEFFICIENTS,1000110,P001_INFINITE_MEDIUM_COEFFICIENT,NOT_APPLICABLE,0.0010646271343283582,2944.153382772623,0
P001_G4_EM_COEFFICIENTS,1000111,P001_INFINITE_MEDIUM_COEFFICIENT,NOT_APPLICABLE,0.0010647092537313433,2943.5488823090541,0
P001_G4_EM_COEFFICIENTS,1000112,P001_INFINITE_MEDIUM_COEFFICIENT,NOT_APPLICABLE,0.0010647913731343284,2942.9445565236692,0
P001_G4_EM_COEFFICIENTS,1000113,P001_INFINITE_MEDIUM_COEFFICIENT,NOT_APPLICABLE,0.0010648734925373135,2942.3404053518448,0
P001_G4_EM_COEFFICIENTS,1000114,P001_INFINITE_MEDIUM_COEFFICIENT,NOT_APPLICABLE,0.0010649556119402986,2941.7364287289852,0
P001_G4_EM_COEFFICIENTS,1000115,P001_INFINITE_MEDIUM_COEFFICIENT,NOT_APPLICABLE,0.0010650377313432837,2941.1326265905268,0
P001_G4_EM_COEFFICIENTS,1000116,P001_INFINITE_MEDIUM_COEFFICIENT,NOT_APPLICABLE,0.0010651198507462688,2940.5289993327651,0
P001_G4_EM_COEFFICIENTS,1000117,P001_INFINITE_MEDIUM_COEFFICIENT,NOT_APPLICABLE,0.0010652019701492537,2939.9255464410535,0
P001_G4_EM_COEFFICIENTS,1000118,P001_INFINITE_MEDIUM_COEFFICIENT,NOT_APPLICABLE,0.0010652840895522388,2939.322267840002,0
P001_G4_EM_COEFFICIENTS,1000119,P001_INFINITE_MEDIUM_COEFFICIENT,NOT_APPLICABLE,0.0010653662089552239,2938.719163465164,0
P001_G4_EM_COEFFICIENTS,1000120,P001_INFINITE_MEDIUM_COEFFICIENT,NOT_APPLICABLE,0.001065448328358209,2938.1162149424636,0
P001_G4_EM_COEFFICIENTS,1000121,P001_INFINITE_MEDIUM_COEFFICIENT,NOT_APPLICABLE,0.0010655304477611941,2937.5134398264863,0
P001_G4_EM_COEFFICIENTS,1000122,P001_INFINITE_MEDIUM_COEFFICIENT,NOT_APPLICABLE,0.0010656125671641792,2936.9108387523311,0
P001_G4_EM_COEFFICIENTS,1000123,P001_INFINITE_MEDIUM_COEFFICIENT,NOT_APPLICABLE,0.0010656946865671643,2936.3084116556643,0
P001_G4_EM_COEFFICIENTS,1000124,P001_INFINITE_MEDIUM_COEFFICIENT,NOT_APPLICABLE,0.0010657768059701494,2935.7061614857143,0
P001_G4_EM_COEFFICIENTS,1000125,P001_INFINITE_MEDIUM_COEFFICIENT,NOT_APPLICABLE,0.0010658589253731343,2935.1040877226997,0
P001_G4_EM_COEFFICIENTS,1000126,P001_INFINITE_MEDIUM_COEFFICIENT,NOT_APPLICABLE,0.0010659410447761194,2934.5021877426188,0
P001_G4_EM_COEFFICIENTS,1000127,P001_INFINITE_MEDIUM_COEFFICIENT,NOT_APPLICABLE,0.0010660231641791045,2933.9004614812479,0
P001_G4_EM_COEFFICIENTS,1000128,P001_INFINITE_MEDIUM_COEFFICIENT,NOT_APPLICABLE,0.0010661052835820896,2933.2989088743957,0
P001_G4_EM_COEFFICIENTS,1000129,P001_INFINITE_MEDIUM_COEFFICIENT,NOT_APPLICABLE,0.0010661874029850747,2932.6975298579023,0
P001_G4_EM_COEFFICIENTS,1000130,P001_INFINITE_MEDIUM_COEFFICIENT,NOT_APPLICABLE,0.0010662695223880598,2932.0963243676279,0
P001_G4_EM_COEFFICIENTS,1000131,P001_INFINITE_MEDIUM_COEFFICIENT,NOT_APPLICABLE,0.0010663516417910449,2931.4952629854333,0
P001_G4_EM_COEFFICIENTS,1000132,P001_INFINITE_MEDIUM_COEFFICIENT,NOT_APPLICABLE,0.00106643376119403,2930.8943284615166,0
P001_G4_EM_COEFFICIENTS,1000133,P001_INFINITE_MEDIUM_COEFFICIENT,NOT_APPLICABLE,0.0010665158805970149,2930.293567306654,0
P001_G4_EM_COEFFICIENTS,1000134,P001_INFINITE_MEDIUM_COEFFICIENT,NOT_APPLICABLE,0.001066598,2929.6929794568041,0
P001_G4_EM_COEFFICIENTS,1000135,P001_INFINITE_MEDIUM_COEFFICIENT,NOT_APPLICABLE,0.0010666801194029851,2929.092564847962,0
P001_G4_EM_COEFFICIENTS,1000136,P001_INFINITE_MEDIUM_COEFFICIENT,NOT_APPLICABLE,0.0010667622388059702,2928.492323416152,0
P001_G4_EM_COEFFICIENTS,1000137,P001_INFINITE_MEDIUM_COEFFICIENT,NOT_APPLICABLE,0.0010668443582089553,2927.8922550974216,0
P001_G4_EM_COEFFICIENTS,1000138,P001_INFINITE_MEDIUM_COEFFICIENT,NOT_APPLICABLE,0.0010669264776119404,2927.2908699009931,0
P001_G4_EM_COEFFICIENTS,1000139,P001_INFINITE_MEDIUM_COEFFICIENT,NOT_APPLICABLE,0.0010670085970149255,2926.6857973344272,0
P001_G4_EM_COEFFICIENTS,1000140,P001_INFINITE_MEDIUM_COEFFICIENT,NOT_APPLICABLE,0.0010670907164179106,2926.080884406736,0
P001_G4_EM_COEFFICIENTS,1000141,P001_INFINITE_MEDIUM_COEFFICIENT,NOT_APPLICABLE,0.0010671728358208955,2925.47614681304,0
P001_G4_EM_COEFFICIENTS,1000142,P001_INFINITE_MEDIUM_COEFFICIENT,NOT_APPLICABLE,0.0010672549552238806,2924.8715844883873,0
P001_G4_EM_COEFFICIENTS,1000143,P001_INFINITE_MEDIUM_COEFFICIENT,NOT_APPLICABLE,0.0010673370746268657,2924.2671973678598,0
P001_G4_EM_COEFFICIENTS,1000144,P001_INFINITE_MEDIUM_COEFFICIENT,NOT_APPLICABLE,0.0010674191940298508,2923.6629853865657,0
P001_G4_EM_COEFFICIENTS,1000145,P001_INFINITE_MEDIUM_COEFFICIENT,NOT_APPLICABLE,0.0010675013134328359,2923.058948479641,0
P001_G4_EM_COEFFICIENTS,1000146,P001_INFINITE_MEDIUM_COEFFICIENT,NOT_APPLICABLE,0.001067583432835821,2922.4550865822566,0
P001_G4_EM_COEFFICIENTS,1000147,P001_INFINITE_MEDIUM_COEFFICIENT,NOT_APPLICABLE,0.0010676655522388061,2921.8513996296074,0
P001_G4_EM_COEFFICIENTS,1000148,P001_INFINITE_MEDIUM_COEFFICIENT,NOT_APPLICABLE,0.0010677476716417912,2921.2478875569191,0
P001_G4_EM_COEFFICIENTS,1000149,P001_INFINITE_MEDIUM_COEFFICIENT,NOT_APPLICABLE,0.0010678297910447761,2920.6445502994488,0
P001_G4_EM_COEFFICIENTS,1000150,P001_INFINITE_MEDIUM_COEFFICIENT,NOT_APPLICABLE,0.0010679119104477612,2920.0413877924748,0
P001_G4_EM_COEFFICIENTS,1000151,P001_INFINITE_MEDIUM_COEFFICIENT,NOT_APPLICABLE,0.0010679940298507463,2919.4383999713154,0
P001_G4_EM_COEFFICIENTS,1000152,P001_INFINITE_MEDIUM_COEFFICIENT,NOT_APPLICABLE,0.0010680761492537314,2918.8355867713094,0
P001_G4_EM_COEFFICIENTS,1000153,P001_INFINITE_MEDIUM_COEFFICIENT,NOT_APPLICABLE,0.0010681582686567165,2918.2329481278312,0
P001_G4_EM_COEFFICIENTS,1000154,P001_INFINITE_MEDIUM_COEFFICIENT,NOT_APPLICABLE,0.0010682403880597016,2917.6304839762779,0
P001_G4_EM_COEFFICIENTS,1000155,P001_INFINITE_MEDIUM_COEFFICIENT,NOT_APPLICABLE,0.0010683225074626867,2917.0281887059114,0
P001_G4_EM_COEFFICIENTS,1000156,P001_INFINITE_MEDIUM_COEFFICIENT,NOT_APPLICABLE,0.0010684046268656718,2916.4261732678046,0
P001_G4_EM_COEFFICIENTS,1000157,P001_INFINITE_MEDIUM_COEFFICIENT,NOT_APPLICABLE,0.0010684867462686567,2915.8244080126642,0
P001_G4_EM_COEFFICIENTS,1000158,P001_INFINITE_MEDIUM_COEFFICIENT,NOT_APPLICABLE,0.0010685688656716418,2915.2228169118157,0
P001_G4_EM_COEFFICIENTS,1000159,P001_INFINITE_MEDIUM_COEFFICIENT,NOT_APPLICABLE,0.0010686509850746269,2914.6213999008414,0
P001_G4_EM_COEFFICIENTS,1000160,P001_INFINITE_MEDIUM_COEFFICIENT,NOT_APPLICABLE,0.001068733104477612,2914.0201569153505,0
P001_G4_EM_COEFFICIENTS,1000161,P001_INFINITE_MEDIUM_COEFFICIENT,NOT_APPLICABLE,0.0010688152238805971,2913.4190878909853,0
P001_G4_EM_COEFFICIENTS,1000162,P001_INFINITE_MEDIUM_COEFFICIENT,NOT_APPLICABLE,0.0010688973432835822,2912.8181927634109,0
P001_G4_EM_COEFFICIENTS,1000163,P001_INFINITE_MEDIUM_COEFFICIENT,NOT_APPLICABLE,0.0010689794626865673,2912.2174714683269,0
P001_G4_EM_COEFFICIENTS,1000164,P001_INFINITE_MEDIUM_COEFFICIENT,NOT_APPLICABLE,0.0010690615820895524,2911.6169239414585,0
P001_G4_EM_COEFFICIENTS,1000165,P001_INFINITE_MEDIUM_COEFFICIENT,NOT_APPLICABLE,0.0010691437014925373,2911.0165501185611,0
P001_G4_EM_COEFFICIENTS,1000166,P001_INFINITE_MEDIUM_COEFFICIENT,NOT_APPLICABLE,0.0010692258208955224,2910.4163522091121,0
P001_G4_EM_COEFFICIENTS,1000167,P001_INFINITE_MEDIUM_COEFFICIENT,NOT_APPLICABLE,0.0010693079402985075,2909.8163364282636,0
P001_G4_EM_COEFFICIENTS,1000168,P001_INFINITE_MEDIUM_COEFFICIENT,NOT_APPLICABLE,0.0010693900597014926,2909.216494153834,0
P001_G4_EM_COEFFICIENTS,1000169,P001_INFINITE_MEDIUM_COEFFICIENT,NOT_APPLICABLE,0.0010694721791044777,2908.6167784186759,0
P001_G4_EM_COEFFICIENTS,1000170,P001_INFINITE_MEDIUM_COEFFICIENT,NOT_APPLICABLE,0.0010695542985074628,2908.0171143716802,0
P001_G4_EM_COEFFICIENTS,1000171,P001_INFINITE_MEDIUM_COEFFICIENT,NOT_APPLICABLE,0.0010696364179104479,2907.4176237164647,0
P001_G4_EM_COEFFICIENTS,1000172,P001_INFINITE_MEDIUM_COEFFICIENT,NOT_APPLICABLE,0.001069718537313433,2906.8183063889501,0
P001_G4_EM_COEFFICIENTS,1000173,P001_INFINITE_MEDIUM_COEFFICIENT,NOT_APPLICABLE,0.0010698006567164179,2906.219162325091,0
P001_G4_EM_COEFFICIENTS,1000174,P001_INFINITE_MEDIUM_COEFFICIENT,NOT_APPLICABLE,0.001069882776119403,2905.6201914608646,0
P001_G4_EM_COEFFICIENTS,1000175,P001_INFINITE_MEDIUM_COEFFICIENT,NOT_APPLICABLE,0.0010699648955223881,2905.0213937322806,0
P001_G4_EM_COEFFICIENTS,1000176,P001_INFINITE_MEDIUM_COEFFICIENT,NOT_APPLICABLE,0.0010700470149253732,2904.4227690753787,0
P001_G4_EM_COEFFICIENTS,1000177,P001_INFINITE_MEDIUM_COEFFICIENT,NOT_APPLICABLE,0.0010701291343283583,2903.8243174262257,0
P001_G4_EM_COEFFICIENTS,1000178,P001_INFINITE_MEDIUM_COEFFICIENT,NOT_APPLICABLE,0.0010702112537313434,2903.2260497660932,0
P001_G4_EM_COEFFICIENTS,1000179,P001_INFINITE_MEDIUM_COEFFICIENT,NOT_APPLICABLE,0.0010702933731343285,2902.6279707323802,0
P001_G4_EM_COEFFICIENTS,1000180,P001_INFINITE_MEDIUM_COEFFICIENT,NOT_APPLICABLE,0.0010703754925373136,2902.0300645024558,0
P001_G4_EM_COEFFICIENTS,1000181,P001_INFINITE_MEDIUM_COEFFICIENT,NOT_APPLICABLE,0.0010704576119402985,2901.4323310125042,0
P001_G4_EM_COEFFICIENTS,1000182,P001_INFINITE_MEDIUM_COEFFICIENT,NOT_APPLICABLE,0.0010705397313432836,2900.8347701987409,0
P001_G4_EM_COEFFICIENTS,1000183,P001_INFINITE_MEDIUM_COEFFICIENT,NOT_APPLICABLE,0.0010706218507462687,2900.2373819974123,0
P001_G4_EM_COEFFICIENTS,1000184,P001_INFINITE_MEDIUM_COEFFICIENT,NOT_APPLICABLE,0.0010707039701492538,2899.6401663447882,0
P001_G4_EM_COEFFICIENTS,1000185,P001_INFINITE_MEDIUM_COEFFICIENT,NOT_APPLICABLE,0.0010707860895522389,2899.051200853547,0
P001_G4_EM_COEFFICIENTS,1000186,P001_INFINITE_MEDIUM_COEFFICIENT,NOT_APPLICABLE,0.001070868208955224,2898.4720463710255,0
P001_G4_EM_COEFFICIENTS,1000187,P001_INFINITE_MEDIUM_COEFFICIENT,NOT_APPLICABLE,0.0010709503283582091,2897.8930560957479,0
P001_G4_EM_COEFFICIENTS,1000188,P001_INFINITE_MEDIUM_COEFFICIENT,NOT_APPLICABLE,0.0010710324477611942,2897.3142299678489,0
P001_G4_EM_COEFFICIENTS,1000189,P001_INFINITE_MEDIUM_COEFFICIENT,NOT_APPLICABLE,0.0010711145671641791,2896.7355679274915,0
P001_G4_EM_COEFFICIENTS,1000190,P001_INFINITE_MEDIUM_COEFFICIENT,NOT_APPLICABLE,0.0010711966865671642,2896.1570436587231,0
P001_G4_EM_COEFFICIENTS,1000191,P001_INFINITE_MEDIUM_COEFFICIENT,NOT_APPLICABLE,0.0010712788059701493,2895.5786536824871,0
P001_G4_EM_COEFFICIENTS,1000192,P001_INFINITE_MEDIUM_COEFFICIENT,NOT_APPLICABLE,0.0010713609253731344,2895.0004276401601,0
P001_G4_EM_COEFFICIENTS,1000193,P001_INFINITE_MEDIUM_COEFFICIENT,NOT_APPLICABLE,0.0010714430447761195,2894.4223654720022,0
P001_G4_EM_COEFFICIENTS,1000194,P001_INFINITE_MEDIUM_COEFFICIENT,NOT_APPLICABLE,0.0010715251641791046,2893.8444730879787,0
P001_G4_EM_COEFFICIENTS,1000195,P001_INFINITE_MEDIUM_COEFFICIENT,NOT_APPLICABLE,0.0010716072835820897,2893.2668179989523,0
P001_G4_EM_COEFFICIENTS,1000196,P001_INFINITE_MEDIUM_COEFFICIENT,NOT_APPLICABLE,0.0010716894029850748,2892.6893265707499,0
P001_G4_EM_COEFFICIENTS,1000197,P001_INFINITE_MEDIUM_COEFFICIENT,NOT_APPLICABLE,0.0010717715223880599,2892.1119987437492,0
P001_G4_EM_COEFFICIENTS,1000198,P001_INFINITE_MEDIUM_COEFFICIENT,NOT_APPLICABLE,0.0010718536417910448,2891.5348344583563,0
P001_G4_EM_COEFFICIENTS,1000199,P001_INFINITE_MEDIUM_COEFFICIENT,NOT_APPLICABLE,0.0010719357611940299,2890.9578336550007,0
P001_G4_EM_COEFFICIENTS,1000200,P001_INFINITE_MEDIUM_COEFFICIENT,NOT_APPLICABLE,0.001072017880597015,2890.3810784048455,0
P001_G4_EM_COEFFICIENTS,1000201,P001_INFINITE_MEDIUM_COEFFICIENT,NOT_APPLICABLE,0.0010721000000000001,2889.8045039827389,0
P001_G4_EM_COEFFICIENTS,1000202,P001_INFINITE_MEDIUM_COEFFICIENT,NOT_APPLICABLE,0.0010723479029850747,2888.064924659599,0
P001_G4_EM_COEFFICIENTS,1000203,P001_INFINITE_MEDIUM_COEFFICIENT,NOT_APPLICABLE,0.0010725958059701493,2886.326757785605,0
P001_G4_EM_COEFFICIENTS,1000204,P001_INFINITE_MEDIUM_COEFFICIENT,NOT_APPLICABLE,0.0010728437089552239,2884.5903220135037,0
P001_G4_EM_COEFFICIENTS,1000205,P001_INFINITE_MEDIUM_COEFFICIENT,NOT_APPLICABLE,0.0010730916119402985,2882.8561388765388,0
P001_G4_EM_COEFFICIENTS,1000206,P001_INFINITE_MEDIUM_COEFFICIENT,NOT_APPLICABLE,0.0010733395149253732,2881.1234357124231,0
P001_G4_EM_COEFFICIENTS,1000207,P001_INFINITE_MEDIUM_COEFFICIENT,NOT_APPLICABLE,0.0010735874179104478,2879.3917419439649,0
P001_G4_EM_COEFFICIENTS,1000208,P001_INFINITE_MEDIUM_COEFFICIENT,NOT_APPLICABLE,0.0010738353208955224,2877.66113869523,0
P001_G4_EM_COEFFICIENTS,1000209,P001_INFINITE_MEDIUM_COEFFICIENT,NOT_APPLICABLE,0.0010740832238805972,2875.9320117378415,0
P001_G4_EM_COEFFICIENTS,1000210,P001_INFINITE_MEDIUM_COEFFICIENT,NOT_APPLICABLE,0.0010743311268656718,2874.2043594526172,0
P001_G4_EM_COEFFICIENTS,1000211,P001_INFINITE_MEDIUM_COEFFICIENT,NOT_APPLICABLE,0.0010745790298507464,2872.4781802225411,0
P001_G4_EM_COEFFICIENTS,1000212,P001_INFINITE_MEDIUM_COEFFICIENT,NOT_APPLICABLE,0.001074826932835821,2870.7524810824043,0
P001_G4_EM_COEFFICIENTS,1000213,P001_INFINITE_MEDIUM_COEFFICIENT,NOT_APPLICABLE,0.0010750748358208956,2962.9060321747706,0
P001_G4_EM_COEFFICIENTS,1000214,P001_INFINITE_MEDIUM_COEFFICIENT,NOT_APPLICABLE,0.0010753227388059703,2961.41999687834,0
P001_G4_EM_COEFFICIENTS,1000215,P001_INFINITE_MEDIUM_COEFFICIENT,NOT_APPLICABLE,0.0010755706417910449,2959.9350723509442,0
P001_G4_EM_COEFFICIENTS,1000216,P001_INFINITE_MEDIUM_COEFFICIENT,NOT_APPLICABLE,0.0010758185447761195,2958.4512574919863,0
P001_G4_EM_COEFFICIENTS,1000217,P001_INFINITE_MEDIUM_COEFFICIENT,NOT_APPLICABLE,0.0010760664477611941,2956.968566658601,0
P001_G4_EM_COEFFICIENTS,1000218,P001_INFINITE_MEDIUM_COEFFICIENT,NOT_APPLICABLE,0.0010763143507462687,2955.4849840468678,0
P001_G4_EM_COEFFICIENTS,1000219,P001_INFINITE_MEDIUM_COEFFICIENT,NOT_APPLICABLE,0.0010765622537313433,2953.9514610513147,0
P001_G4_EM_COEFFICIENTS,1000220,P001_INFINITE_MEDIUM_COEFFICIENT,NOT_APPLICABLE,0.0010768101567164179,2952.419116587665,0
P001_G4_EM_COEFFICIENTS,1000221,P001_INFINITE_MEDIUM_COEFFICIENT,NOT_APPLICABLE,0.0010770580597014925,2950.8879381087604,0
P001_G4_EM_COEFFICIENTS,1000222,P001_INFINITE_MEDIUM_COEFFICIENT,NOT_APPLICABLE,0.0010773059626865672,2949.3578469078975,0
P001_G4_EM_COEFFICIENTS,1000223,P001_INFINITE_MEDIUM_COEFFICIENT,NOT_APPLICABLE,0.001077553865671642,2947.8289307967798,0
P001_G4_EM_COEFFICIENTS,1000224,P001_INFINITE_MEDIUM_COEFFICIENT,NOT_APPLICABLE,0.0010778017686567166,2946.3011885847272,0
P001_G4_EM_COEFFICIENTS,1000225,P001_INFINITE_MEDIUM_COEFFICIENT,NOT_APPLICABLE,0.0010780496716417912,2944.7578373684846,0
P001_G4_EM_COEFFICIENTS,1000226,P001_INFINITE_MEDIUM_COEFFICIENT,NOT_APPLICABLE,0.0010782975746268658,2943.2044834826115,0
P001_G4_EM_COEFFICIENTS,1000227,P001_INFINITE_MEDIUM_COEFFICIENT,NOT_APPLICABLE,0.0010785454776119404,2941.6518616991584,0
P001_G4_EM_COEFFICIENTS,1000228,P001_INFINITE_MEDIUM_COEFFICIENT,NOT_APPLICABLE,0.001078793380597015,2940.1001689967034,0
P001_G4_EM_COEFFICIENTS,1000229,P001_INFINITE_MEDIUM_COEFFICIENT,NOT_APPLICABLE,0.0010790412835820897,2938.5414241239591,0
P001_G4_EM_COEFFICIENTS,1000230,P001_INFINITE_MEDIUM_COEFFICIENT,NOT_APPLICABLE,0.0010792891865671643,2936.9434849794966,0
P001_G4_EM_COEFFICIENTS,1000231,P001_INFINITE_MEDIUM_COEFFICIENT,NOT_APPLICABLE,0.0010795370895522389,2935.3468166522011,0
P001_G4_EM_COEFFICIENTS,1000232,P001_INFINITE_MEDIUM_COEFFICIENT,NOT_APPLICABLE,0.0010797849925373135,2933.7514190960133,0
P001_G4_EM_COEFFICIENTS,1000233,P001_INFINITE_MEDIUM_COEFFICIENT,NOT_APPLICABLE,0.0010800328955223881,2932.1572909214383,0
P001_G4_EM_COEFFICIENTS,1000234,P001_INFINITE_MEDIUM_COEFFICIENT,NOT_APPLICABLE,0.0010802807985074627,2930.5644308064966,0
P001_G4_EM_COEFFICIENTS,1000235,P001_INFINITE_MEDIUM_COEFFICIENT,NOT_APPLICABLE,0.0010805287014925373,2928.9728421552763,0
P001_G4_EM_COEFFICIENTS,1000236,P001_INFINITE_MEDIUM_COEFFICIENT,NOT_APPLICABLE,0.0010807766044776119,2927.3825232941208,0
P001_G4_EM_COEFFICIENTS,1000237,P001_INFINITE_MEDIUM_COEFFICIENT,NOT_APPLICABLE,0.0010810245074626868,2925.7966040123674,0
P001_G4_EM_COEFFICIENTS,1000238,P001_INFINITE_MEDIUM_COEFFICIENT,NOT_APPLICABLE,0.0010812724104477614,2924.212463535705,0
P001_G4_EM_COEFFICIENTS,1000239,P001_INFINITE_MEDIUM_COEFFICIENT,NOT_APPLICABLE,0.001081520313432836,2922.6295795040664,0
P001_G4_EM_COEFFICIENTS,1000240,P001_INFINITE_MEDIUM_COEFFICIENT,NOT_APPLICABLE,0.0010817682164179106,2921.047894165562,0
P001_G4_EM_COEFFICIENTS,1000241,P001_INFINITE_MEDIUM_COEFFICIENT,NOT_APPLICABLE,0.0010820161194029852,2919.4270248547023,0
P001_G4_EM_COEFFICIENTS,1000242,P001_INFINITE_MEDIUM_COEFFICIENT,NOT_APPLICABLE,0.0010822640223880598,2917.8015255318851,0
P001_G4_EM_COEFFICIENTS,1000243,P001_INFINITE_MEDIUM_COEFFICIENT,NOT_APPLICABLE,0.0010825119253731344,2916.1773421912694,0
P001_G4_EM_COEFFICIENTS,1000244,P001_INFINITE_MEDIUM_COEFFICIENT,NOT_APPLICABLE,0.001082759828358209,2914.5544724206593,0
P001_G4_EM_COEFFICIENTS,1000245,P001_INFINITE_MEDIUM_COEFFICIENT,NOT_APPLICABLE,0.0010830077313432837,2912.9329148360666,0
P001_G4_EM_COEFFICIENTS,1000246,P001_INFINITE_MEDIUM_COEFFICIENT,NOT_APPLICABLE,0.0010832556343283583,2911.3126680552859,0
P001_G4_EM_COEFFICIENTS,1000247,P001_INFINITE_MEDIUM_COEFFICIENT,NOT_APPLICABLE,0.0010835035373134329,2909.6940161009757,0
P001_G4_EM_COEFFICIENTS,1000248,P001_INFINITE_MEDIUM_COEFFICIENT,NOT_APPLICABLE,0.0010837514402985075,2908.0777177238924,0
P001_G4_EM_COEFFICIENTS,1000249,P001_INFINITE_MEDIUM_COEFFICIENT,NOT_APPLICABLE,0.0010839993432835821,2906.46288578044,0
P001_G4_EM_COEFFICIENTS,1000250,P001_INFINITE_MEDIUM_COEFFICIENT,NOT_APPLICABLE,0.0010842472462686567,2904.8495803097044,0
P001_G4_EM_COEFFICIENTS,1000251,P001_INFINITE_MEDIUM_COEFFICIENT,NOT_APPLICABLE,0.0010844951492537313,2903.2375764102167,0
P001_G4_EM_COEFFICIENTS,1000252,P001_INFINITE_MEDIUM_COEFFICIENT,NOT_APPLICABLE,0.0010847430522388062,2901.6094492852353,0
P001_G4_EM_COEFFICIENTS,1000253,P001_INFINITE_MEDIUM_COEFFICIENT,NOT_APPLICABLE,0.0010849909552238808,2899.9813418404606,0
P001_G4_EM_COEFFICIENTS,1000254,P001_INFINITE_MEDIUM_COEFFICIENT,NOT_APPLICABLE,0.0010852388582089554,2898.354655349015,0
P001_G4_EM_COEFFICIENTS,1000255,P001_INFINITE_MEDIUM_COEFFICIENT,NOT_APPLICABLE,0.00108548676119403,2896.7293640454027,0
P001_G4_EM_COEFFICIENTS,1000256,P001_INFINITE_MEDIUM_COEFFICIENT,NOT_APPLICABLE,0.0010857346641791046,2895.0626637413116,0
P001_G4_EM_COEFFICIENTS,1000257,P001_INFINITE_MEDIUM_COEFFICIENT,NOT_APPLICABLE,0.0010859825671641792,2893.3949324019673,0
P001_G4_EM_COEFFICIENTS,1000258,P001_INFINITE_MEDIUM_COEFFICIENT,NOT_APPLICABLE,0.0010862304701492538,2891.7285800788295,0
P001_G4_EM_COEFFICIENTS,1000259,P001_INFINITE_MEDIUM_COEFFICIENT,NOT_APPLICABLE,0.0010864783731343284,2890.0675905208377,0
P001_G4_EM_COEFFICIENTS,1000260,P001_INFINITE_MEDIUM_COEFFICIENT,NOT_APPLICABLE,0.001086726276119403,2888.4768874908827,0
P001_G4_EM_COEFFICIENTS,1000261,P001_INFINITE_MEDIUM_COEFFICIENT,NOT_APPLICABLE,0.0010869741791044777,2886.8874593286364,0
P001_G4_EM_COEFFICIENTS,1000262,P001_INFINITE_MEDIUM_COEFFICIENT,NOT_APPLICABLE,0.0010872220820895523,2885.2993047012246,0
P001_G4_EM_COEFFICIENTS,1000263,P001_INFINITE_MEDIUM_COEFFICIENT,NOT_APPLICABLE,0.0010874699850746269,2883.7124222774946,0
P001_G4_EM_COEFFICIENTS,1000264,P001_INFINITE_MEDIUM_COEFFICIENT,NOT_APPLICABLE,0.0010877178880597015,2882.1089195047971,0
P001_G4_EM_COEFFICIENTS,1000265,P001_INFINITE_MEDIUM_COEFFICIENT,NOT_APPLICABLE,0.0010879657910447761,2880.5053944637939,0
P001_G4_EM_COEFFICIENTS,1000266,P001_INFINITE_MEDIUM_COEFFICIENT,NOT_APPLICABLE,0.0010882136940298509,2878.9069108020517,0
P001_G4_EM_COEFFICIENTS,1000267,P001_INFINITE_MEDIUM_COEFFICIENT,NOT_APPLICABLE,0.0010884615970149255,2877.3106317201673,0
P001_G4_EM_COEFFICIENTS,1000268,P001_INFINITE_MEDIUM_COEFFICIENT,NOT_APPLICABLE,0.0010887095000000002,2875.7157078516238,0
P001_G4_EM_COEFFICIENTS,1000269,P001_INFINITE_MEDIUM_COEFFICIENT,NOT_APPLICABLE,0.0010889574029850748,2874.1221840847929,0
P001_G4_EM_COEFFICIENTS,1000270,P001_INFINITE_MEDIUM_COEFFICIENT,NOT_APPLICABLE,0.0010892053059701494,2872.5299427371888,0
P001_G4_EM_COEFFICIENTS,1000271,P001_INFINITE_MEDIUM_COEFFICIENT,NOT_APPLICABLE,0.001089453208955224,2870.9389824646496,0
P001_G4_EM_COEFFICIENTS,1000272,P001_INFINITE_MEDIUM_COEFFICIENT,NOT_APPLICABLE,0.0010897011119402986,2869.3476215451706,0
P001_G4_EM_COEFFICIENTS,1000273,P001_INFINITE_MEDIUM_COEFFICIENT,NOT_APPLICABLE,0.0010899490149253732,2867.7567635557248,0
P001_G4_EM_COEFFICIENTS,1000274,P001_INFINITE_MEDIUM_COEFFICIENT,NOT_APPLICABLE,0.0010901969179104478,2866.1392947407867,0
P001_G4_EM_COEFFICIENTS,1000275,P001_INFINITE_MEDIUM_COEFFICIENT,NOT_APPLICABLE,0.0010904448208955224,2864.5159661088383,0
P001_G4_EM_COEFFICIENTS,1000276,P001_INFINITE_MEDIUM_COEFFICIENT,NOT_APPLICABLE,0.0010906927238805971,2862.8939629575857,0
P001_G4_EM_COEFFICIENTS,1000277,P001_INFINITE_MEDIUM_COEFFICIENT,NOT_APPLICABLE,0.0010909406268656717,2861.2732838835491,0
P001_G4_EM_COEFFICIENTS,1000278,P001_INFINITE_MEDIUM_COEFFICIENT,NOT_APPLICABLE,0.0010911885298507463,2859.6543343200792,0
P001_G4_EM_COEFFICIENTS,1000279,P001_INFINITE_MEDIUM_COEFFICIENT,NOT_APPLICABLE,0.0010914364328358209,2858.0384903679947,0
P001_G4_EM_COEFFICIENTS,1000280,P001_INFINITE_MEDIUM_COEFFICIENT,NOT_APPLICABLE,0.0010916843358208957,2856.4239633086968,0
P001_G4_EM_COEFFICIENTS,1000281,P001_INFINITE_MEDIUM_COEFFICIENT,NOT_APPLICABLE,0.0010919322388059703,2854.8107308360113,0
P001_G4_EM_COEFFICIENTS,1000282,P001_INFINITE_MEDIUM_COEFFICIENT,NOT_APPLICABLE,0.0010921801417910449,2853.1987834868537,0
P001_G4_EM_COEFFICIENTS,1000283,P001_INFINITE_MEDIUM_COEFFICIENT,NOT_APPLICABLE,0.0010924280447761195,2851.5881489273856,0
P001_G4_EM_COEFFICIENTS,1000284,P001_INFINITE_MEDIUM_COEFFICIENT,NOT_APPLICABLE,0.0010926759477611942,2849.9788257707669,0
P001_G4_EM_COEFFICIENTS,1000285,P001_INFINITE_MEDIUM_COEFFICIENT,NOT_APPLICABLE,0.0010929238507462688,2848.3708124732466,0
P001_G4_EM_COEFFICIENTS,1000286,P001_INFINITE_MEDIUM_COEFFICIENT,NOT_APPLICABLE,0.0010931717537313434,2846.7641026890651,0
P001_G4_EM_COEFFICIENTS,1000287,P001_INFINITE_MEDIUM_COEFFICIENT,NOT_APPLICABLE,0.001093419656716418,2845.1586980386573,0
P001_G4_EM_COEFFICIENTS,1000288,P001_INFINITE_MEDIUM_COEFFICIENT,NOT_APPLICABLE,0.0010936675597014926,2843.554599268366,0
P001_G4_EM_COEFFICIENTS,1000289,P001_INFINITE_MEDIUM_COEFFICIENT,NOT_APPLICABLE,0.0010939154626865672,2841.9518050002907,0
P001_G4_EM_COEFFICIENTS,1000290,P001_INFINITE_MEDIUM_COEFFICIENT,NOT_APPLICABLE,0.0010941633656716418,2840.3320065109933,0
P001_G4_EM_COEFFICIENTS,1000291,P001_INFINITE_MEDIUM_COEFFICIENT,NOT_APPLICABLE,0.0010944112686567164,2838.7040675289713,0
P001_G4_EM_COEFFICIENTS,1000292,P001_INFINITE_MEDIUM_COEFFICIENT,NOT_APPLICABLE,0.0010946591716417911,2837.0774666292468,0
P001_G4_EM_COEFFICIENTS,1000293,P001_INFINITE_MEDIUM_COEFFICIENT,NOT_APPLICABLE,0.0010949070746268657,2835.4522023898171,0
P001_G4_EM_COEFFICIENTS,1000294,P001_INFINITE_MEDIUM_COEFFICIENT,NOT_APPLICABLE,0.0010951549776119403,2833.8282733905244,0
P001_G4_EM_COEFFICIENTS,1000295,P001_INFINITE_MEDIUM_COEFFICIENT,NOT_APPLICABLE,0.0010954028805970151,2832.2056782130526,0
P001_G4_EM_COEFFICIENTS,1000296,P001_INFINITE_MEDIUM_COEFFICIENT,NOT_APPLICABLE,0.0010956507835820897,2830.5844154409369,0
P001_G4_EM_COEFFICIENTS,1000297,P001_INFINITE_MEDIUM_COEFFICIENT,NOT_APPLICABLE,0.0010958986865671643,2828.9612244353966,0
P001_G4_EM_COEFFICIENTS,1000298,P001_INFINITE_MEDIUM_COEFFICIENT,NOT_APPLICABLE,0.0010961465895522389,2827.3206674221133,0
P001_G4_EM_COEFFICIENTS,1000299,P001_INFINITE_MEDIUM_COEFFICIENT,NOT_APPLICABLE,0.0010963944925373136,2825.6814800292677,0
P001_G4_EM_COEFFICIENTS,1000300,P001_INFINITE_MEDIUM_COEFFICIENT,NOT_APPLICABLE,0.0010966423955223882,2824.0394160515343,0
P001_G4_EM_COEFFICIENTS,1000301,P001_INFINITE_MEDIUM_COEFFICIENT,NOT_APPLICABLE,0.0010968902985074628,2822.3965643975298,0
P001_G4_EM_COEFFICIENTS,1000302,P001_INFINITE_MEDIUM_COEFFICIENT,NOT_APPLICABLE,0.0010971382014925374,2820.7550749595939,0
P001_G4_EM_COEFFICIENTS,1000303,P001_INFINITE_MEDIUM_COEFFICIENT,NOT_APPLICABLE,0.001097386104477612,2819.1149462822068,0
P001_G4_EM_COEFFICIENTS,1000304,P001_INFINITE_MEDIUM_COEFFICIENT,NOT_APPLICABLE,0.0010976340074626866,2817.4761769117413,0
P001_G4_EM_COEFFICIENTS,1000305,P001_INFINITE_MEDIUM_COEFFICIENT,NOT_APPLICABLE,0.0010978819104477612,2815.8387653964705,0
P001_G4_EM_COEFFICIENTS,1000306,P001_INFINITE_MEDIUM_COEFFICIENT,NOT_APPLICABLE,0.0010981298134328358,2814.2027102865545,0
P001_G4_EM_COEFFICIENTS,1000307,P001_INFINITE_MEDIUM_COEFFICIENT,NOT_APPLICABLE,0.0010983777164179104,2812.5680101340463,0
P001_G4_EM_COEFFICIENTS,1000308,P001_INFINITE_MEDIUM_COEFFICIENT,NOT_APPLICABLE,0.0010986256194029851,2810.9346634928825,0
P001_G4_EM_COEFFICIENTS,1000309,P001_INFINITE_MEDIUM_COEFFICIENT,NOT_APPLICABLE,0.0010988735223880599,2809.302668918875,0
P001_G4_EM_COEFFICIENTS,1000310,P001_INFINITE_MEDIUM_COEFFICIENT,NOT_APPLICABLE,0.0010991214253731345,2807.6720249860978,0
P001_G4_EM_COEFFICIENTS,1000311,P001_INFINITE_MEDIUM_COEFFICIENT,NOT_APPLICABLE,0.0010993693283582091,2806.0427305861799,0
P001_G4_EM_COEFFICIENTS,1000312,P001_INFINITE_MEDIUM_COEFFICIENT,NOT_APPLICABLE,0.0010996172313432837,2804.4147839318202,0
P001_G4_EM_COEFFICIENTS,1000313,P001_INFINITE_MEDIUM_COEFFICIENT,NOT_APPLICABLE,0.0010998651343283583,2802.78818358634,0
P001_G4_EM_COEFFICIENTS,1000314,P001_INFINITE_MEDIUM_COEFFICIENT,NOT_APPLICABLE,0.0011001130373134329,2801.1515710987055,0
P001_G4_EM_COEFFICIENTS,1000315,P001_INFINITE_MEDIUM_COEFFICIENT,NOT_APPLICABLE,0.0011003609402985076,2799.4867898909879,0
P001_G4_EM_COEFFICIENTS,1000316,P001_INFINITE_MEDIUM_COEFFICIENT,NOT_APPLICABLE,0.0011006088432835822,2797.8198237290744,0
P001_G4_EM_COEFFICIENTS,1000317,P001_INFINITE_MEDIUM_COEFFICIENT,NOT_APPLICABLE,0.0011008567462686568,2796.1542581360154,0
P001_G4_EM_COEFFICIENTS,1000318,P001_INFINITE_MEDIUM_COEFFICIENT,NOT_APPLICABLE,0.0011011046492537314,2794.490091603423,0
P001_G4_EM_COEFFICIENTS,1000319,P001_INFINITE_MEDIUM_COEFFICIENT,NOT_APPLICABLE,0.001101352552238806,2792.8255895074008,0
P001_G4_EM_COEFFICIENTS,1000320,P001_INFINITE_MEDIUM_COEFFICIENT,NOT_APPLICABLE,0.0011016004552238806,2791.1609183736773,0
P001_G4_EM_COEFFICIENTS,1000321,P001_INFINITE_MEDIUM_COEFFICIENT,NOT_APPLICABLE,0.0011018483582089552,2789.4975509217247,0
P001_G4_EM_COEFFICIENTS,1000322,P001_INFINITE_MEDIUM_COEFFICIENT,NOT_APPLICABLE,0.0011020962611940298,2787.835398366125,0
P001_G4_EM_COEFFICIENTS,1000323,P001_INFINITE_MEDIUM_COEFFICIENT,NOT_APPLICABLE,0.0011023441641791044,2786.1747528049727,0
P001_G4_EM_COEFFICIENTS,1000324,P001_INFINITE_MEDIUM_COEFFICIENT,NOT_APPLICABLE,0.0011025920671641793,2784.5155513578084,0
P001_G4_EM_COEFFICIENTS,1000325,P001_INFINITE_MEDIUM_COEFFICIENT,NOT_APPLICABLE,0.0011028399701492539,2782.85798508369,0
P001_G4_EM_COEFFICIENTS,1000326,P001_INFINITE_MEDIUM_COEFFICIENT,NOT_APPLICABLE,0.0011030878731343285,2781.2027967207086,0
P001_G4_EM_COEFFICIENTS,1000327,P001_INFINITE_MEDIUM_COEFFICIENT,NOT_APPLICABLE,0.0011033357761194031,2779.5489976171971,0
P001_G4_EM_COEFFICIENTS,1000328,P001_INFINITE_MEDIUM_COEFFICIENT,NOT_APPLICABLE,0.0011035836791044777,2777.8969462390678,0
P001_G4_EM_COEFFICIENTS,1000329,P001_INFINITE_MEDIUM_COEFFICIENT,NOT_APPLICABLE,0.0011038315820895523,2776.2464937152226,0
P001_G4_EM_COEFFICIENTS,1000330,P001_INFINITE_MEDIUM_COEFFICIENT,NOT_APPLICABLE,0.0011040794850746269,2774.5981189677022,0
P001_G4_EM_COEFFICIENTS,1000331,P001_INFINITE_MEDIUM_COEFFICIENT,NOT_APPLICABLE,0.0011043273880597016,2772.9510227630453,0
P001_G4_EM_COEFFICIENTS,1000332,P001_INFINITE_MEDIUM_COEFFICIENT,NOT_APPLICABLE,0.0011045752910447762,2771.3050647223945,0
P001_G4_EM_COEFFICIENTS,1000333,P001_INFINITE_MEDIUM_COEFFICIENT,NOT_APPLICABLE,0.0011048231940298508,2769.6602609279803,0
P001_G4_EM_COEFFICIENTS,1000334,P001_INFINITE_MEDIUM_COEFFICIENT,NOT_APPLICABLE,0.0011050710970149254,2768.0168342788252,0
P001_G4_EM_COEFFICIENTS,1000335,P001_INFINITE_MEDIUM_COEFFICIENT,NOT_APPLICABLE,0.001105319,2766.3747832970857,0
P001_G4_EM_COEFFICIENTS,1000336,P001_INFINITE_MEDIUM_COEFFICIENT,NOT_APPLICABLE,0.0011055669029850746,2764.7303506411204,0
P001_G4_EM_COEFFICIENTS,1000337,P001_INFINITE_MEDIUM_COEFFICIENT,NOT_APPLICABLE,0.0011058148059701492,2763.0697827901627,0
P001_G4_EM_COEFFICIENTS,1000338,P001_INFINITE_MEDIUM_COEFFICIENT,NOT_APPLICABLE,0.0011060627089552241,2761.4104449721876,0
P001_G4_EM_COEFFICIENTS,1000339,P001_INFINITE_MEDIUM_COEFFICIENT,NOT_APPLICABLE,0.0011063106119402987,2759.752115374517,0
P001_G4_EM_COEFFICIENTS,1000340,P001_INFINITE_MEDIUM_COEFFICIENT,NOT_APPLICABLE,0.0011065585149253733,2758.0951896564748,0
P001_G4_EM_COEFFICIENTS,1000341,P001_INFINITE_MEDIUM_COEFFICIENT,NOT_APPLICABLE,0.0011068064179104479,2756.4398494641773,0
P001_G4_EM_COEFFICIENTS,1000342,P001_INFINITE_MEDIUM_COEFFICIENT,NOT_APPLICABLE,0.0011070543208955225,2754.787677990847,0
P001_G4_EM_COEFFICIENTS,1000343,P001_INFINITE_MEDIUM_COEFFICIENT,NOT_APPLICABLE,0.0011073022238805971,2753.1368969282207,0
P001_G4_EM_COEFFICIENTS,1000344,P001_INFINITE_MEDIUM_COEFFICIENT,NOT_APPLICABLE,0.0011075501268656717,2751.4874690617098,0
P001_G4_EM_COEFFICIENTS,1000345,P001_INFINITE_MEDIUM_COEFFICIENT,NOT_APPLICABLE,0.0011077980298507463,2749.839425365722,0
P001_G4_EM_COEFFICIENTS,1000346,P001_INFINITE_MEDIUM_COEFFICIENT,NOT_APPLICABLE,0.001108045932835821,2748.1927676500623,0
P001_G4_EM_COEFFICIENTS,1000347,P001_INFINITE_MEDIUM_COEFFICIENT,NOT_APPLICABLE,0.0011082938358208956,2746.5474954776719,0
P001_G4_EM_COEFFICIENTS,1000348,P001_INFINITE_MEDIUM_COEFFICIENT,NOT_APPLICABLE,0.0011085417388059702,2744.9036110277766,0
P001_G4_EM_COEFFICIENTS,1000349,P001_INFINITE_MEDIUM_COEFFICIENT,NOT_APPLICABLE,0.0011087896417910448,2743.261102646793,0
P001_G4_EM_COEFFICIENTS,1000350,P001_INFINITE_MEDIUM_COEFFICIENT,NOT_APPLICABLE,0.0011090375447761194,2741.6197441896747,0
P001_G4_EM_COEFFICIENTS,1000351,P001_INFINITE_MEDIUM_COEFFICIENT,NOT_APPLICABLE,0.001109285447761194,2739.9731092509965,0
P001_G4_EM_COEFFICIENTS,1000352,P001_INFINITE_MEDIUM_COEFFICIENT,NOT_APPLICABLE,0.0011095333507462686,2738.3195966016369,0
P001_G4_EM_COEFFICIENTS,1000353,P001_INFINITE_MEDIUM_COEFFICIENT,NOT_APPLICABLE,0.0011097812537313434,2736.6674798288723,0
P001_G4_EM_COEFFICIENTS,1000354,P001_INFINITE_MEDIUM_COEFFICIENT,NOT_APPLICABLE,0.0011100291567164181,2735.0167337020016,0
P001_G4_EM_COEFFICIENTS,1000355,P001_INFINITE_MEDIUM_COEFFICIENT,NOT_APPLICABLE,0.0011102770597014927,2733.3672021517013,0
P001_G4_EM_COEFFICIENTS,1000356,P001_INFINITE_MEDIUM_COEFFICIENT,NOT_APPLICABLE,0.0011105249626865673,2731.7342022247522,0
P001_G4_EM_COEFFICIENTS,1000357,P001_INFINITE_MEDIUM_COEFFICIENT,NOT_APPLICABLE,0.0011107728656716419,2730.159176142909,0
P001_G4_EM_COEFFICIENTS,1000358,P001_INFINITE_MEDIUM_COEFFICIENT,NOT_APPLICABLE,0.0011110207686567165,2728.5854427013896,0
P001_G4_EM_COEFFICIENTS,1000359,P001_INFINITE_MEDIUM_COEFFICIENT,NOT_APPLICABLE,0.0011112686716417911,2727.0131271731379,0
P001_G4_EM_COEFFICIENTS,1000360,P001_INFINITE_MEDIUM_COEFFICIENT,NOT_APPLICABLE,0.0011115165746268657,2725.4471600317388,0
P001_G4_EM_COEFFICIENTS,1000361,P001_INFINITE_MEDIUM_COEFFICIENT,NOT_APPLICABLE,0.0011117644776119403,2723.8824745020352,0
P001_G4_EM_COEFFICIENTS,1000362,P001_INFINITE_MEDIUM_COEFFICIENT,NOT_APPLICABLE,0.001112012380597015,2722.3190692324752,0
P001_G4_EM_COEFFICIENTS,1000363,P001_INFINITE_MEDIUM_COEFFICIENT,NOT_APPLICABLE,0.0011122602835820896,2720.7553040427274,0
P001_G4_EM_COEFFICIENTS,1000364,P001_INFINITE_MEDIUM_COEFFICIENT,NOT_APPLICABLE,0.0011125081865671642,2719.1930494922444,0
P001_G4_EM_COEFFICIENTS,1000365,P001_INFINITE_MEDIUM_COEFFICIENT,NOT_APPLICABLE,0.0011127560895522388,2717.6323824511305,0
P001_G4_EM_COEFFICIENTS,1000366,P001_INFINITE_MEDIUM_COEFFICIENT,NOT_APPLICABLE,0.0011130039925373134,2716.0729917445269,0
P001_G4_EM_COEFFICIENTS,1000367,P001_INFINITE_MEDIUM_COEFFICIENT,NOT_APPLICABLE,0.0011132518955223882,2714.514876027592,0
P001_G4_EM_COEFFICIENTS,1000368,P001_INFINITE_MEDIUM_COEFFICIENT,NOT_APPLICABLE,0.0011134997985074628,2712.9580339572217,0
P001_G4_EM_COEFFICIENTS,1000369,P001_INFINITE_MEDIUM_COEFFICIENT,NOT_APPLICABLE,0.0011137477014925375,2711.4024641920246,0
P001_G4_EM_COEFFICIENTS,1000370,P001_INFINITE_MEDIUM_COEFFICIENT,NOT_APPLICABLE,0.0011139956044776121,2709.848135289039,0
P001_G4_EM_COEFFICIENTS,1000371,P001_INFINITE_MEDIUM_COEFFICIENT,NOT_APPLICABLE,0.0011142435074626867,2708.2814495941434,0
P001_G4_EM_COEFFICIENTS,1000372,P001_INFINITE_MEDIUM_COEFFICIENT,NOT_APPLICABLE,0.0011144914104477613,2706.7136268284103,0
P001_G4_EM_COEFFICIENTS,1000373,P001_INFINITE_MEDIUM_COEFFICIENT,NOT_APPLICABLE,0.0011147393134328359,2705.147092450487,0
P001_G4_EM_COEFFICIENTS,1000374,P001_INFINITE_MEDIUM_COEFFICIENT,NOT_APPLICABLE,0.0011149872164179105,2703.5818450989946,0
P001_G4_EM_COEFFICIENTS,1000375,P001_INFINITE_MEDIUM_COEFFICIENT,NOT_APPLICABLE,0.0011152351194029851,2702.017883161398,0
P001_G4_EM_COEFFICIENTS,1000376,P001_INFINITE_MEDIUM_COEFFICIENT,NOT_APPLICABLE,0.0011154830223880597,2700.4551682546703,0
P001_G4_EM_COEFFICIENTS,1000377,P001_INFINITE_MEDIUM_COEFFICIENT,NOT_APPLICABLE,0.0011157309253731343,2698.8920688321282,0
P001_G4_EM_COEFFICIENTS,1000378,P001_INFINITE_MEDIUM_COEFFICIENT,NOT_APPLICABLE,0.001115978828358209,2697.3292187335719,0
P001_G4_EM_COEFFICIENTS,1000379,P001_INFINITE_MEDIUM_COEFFICIENT,NOT_APPLICABLE,0.0011162267313432836,2695.7676525236948,0
P001_G4_EM_COEFFICIENTS,1000380,P001_INFINITE_MEDIUM_COEFFICIENT,NOT_APPLICABLE,0.0011164746343283582,2694.2073688467422,0
P001_G4_EM_COEFFICIENTS,1000381,P001_INFINITE_MEDIUM_COEFFICIENT,NOT_APPLICABLE,0.001116722537313433,2692.6474202064269,0
P001_G4_EM_COEFFICIENTS,1000382,P001_INFINITE_MEDIUM_COEFFICIENT,NOT_APPLICABLE,0.0011169704402985076,2691.088017521668,0
P001_G4_EM_COEFFICIENTS,1000383,P001_INFINITE_MEDIUM_COEFFICIENT,NOT_APPLICABLE,0.0011172183432835822,2689.5300386005179,0
P001_G4_EM_COEFFICIENTS,1000384,P001_INFINITE_MEDIUM_COEFFICIENT,NOT_APPLICABLE,0.0011174662462686568,2687.9730180468018,0
P001_G4_EM_COEFFICIENTS,1000385,P001_INFINITE_MEDIUM_COEFFICIENT,NOT_APPLICABLE,0.0011177141492537315,2686.417275740584,0
P001_G4_EM_COEFFICIENTS,1000386,P001_INFINITE_MEDIUM_COEFFICIENT,NOT_APPLICABLE,0.0011179620522388061,2684.8630772024944,0
P001_G4_EM_COEFFICIENTS,1000387,P001_INFINITE_MEDIUM_COEFFICIENT,NOT_APPLICABLE,0.0011182099552238807,2683.3127134785141,0
P001_G4_EM_COEFFICIENTS,1000388,P001_INFINITE_MEDIUM_COEFFICIENT,NOT_APPLICABLE,0.0011184578582089553,2681.763620203722,0
P001_G4_EM_COEFFICIENTS,1000389,P001_INFINITE_MEDIUM_COEFFICIENT,NOT_APPLICABLE,0.0011187057611940299,2680.2157960396894,0
P001_G4_EM_COEFFICIENTS,1000390,P001_INFINITE_MEDIUM_COEFFICIENT,NOT_APPLICABLE,0.0011189536641791045,2678.6692396497097,0
P001_G4_EM_COEFFICIENTS,1000391,P001_INFINITE_MEDIUM_COEFFICIENT,NOT_APPLICABLE,0.0011192015671641791,2677.1239496987878,0
P001_G4_EM_COEFFICIENTS,1000392,P001_INFINITE_MEDIUM_COEFFICIENT,NOT_APPLICABLE,0.0011194494701492537,2675.5586016241409,0
P001_G4_EM_COEFFICIENTS,1000393,P001_INFINITE_MEDIUM_COEFFICIENT,NOT_APPLICABLE,0.0011196973731343283,2673.9894823668069,0
P001_G4_EM_COEFFICIENTS,1000394,P001_INFINITE_MEDIUM_COEFFICIENT,NOT_APPLICABLE,0.001119945276119403,2672.4212218551661,0
P001_G4_EM_COEFFICIENTS,1000395,P001_INFINITE_MEDIUM_COEFFICIENT,NOT_APPLICABLE,0.0011201931791044776,2670.8543143705192,0
P001_G4_EM_COEFFICIENTS,1000396,P001_INFINITE_MEDIUM_COEFFICIENT,NOT_APPLICABLE,0.0011204410820895524,2669.2885779615344,0
P001_G4_EM_COEFFICIENTS,1000397,P001_INFINITE_MEDIUM_COEFFICIENT,NOT_APPLICABLE,0.001120688985074627,2667.7229603066767,0
P001_G4_EM_COEFFICIENTS,1000398,P001_INFINITE_MEDIUM_COEFFICIENT,NOT_APPLICABLE,0.0011209368880597016,2666.1585964131937,0
P001_G4_EM_COEFFICIENTS,1000399,P001_INFINITE_MEDIUM_COEFFICIENT,NOT_APPLICABLE,0.0011211847910447762,2664.5955253936013,0
P001_G4_EM_COEFFICIENTS,1000400,P001_INFINITE_MEDIUM_COEFFICIENT,NOT_APPLICABLE,0.0011214326940298508,2663.0337458790732,0
P001_G4_EM_COEFFICIENTS,1000401,P001_INFINITE_MEDIUM_COEFFICIENT,NOT_APPLICABLE,0.0011216805970149255,2661.473258515101,0
P001_G4_EM_COEFFICIENTS,1000402,P001_INFINITE_MEDIUM_COEFFICIENT,NOT_APPLICABLE,0.0011219285000000001,2659.9140702338473,0
P001_G4_EM_COEFFICIENTS,1000403,P001_INFINITE_MEDIUM_COEFFICIENT,NOT_APPLICABLE,0.0012500235,1994.8503384173987,0
P001_G4_EM_COEFFICIENTS,1000404,P001_INFINITE_MEDIUM_COEFFICIENT,NOT_APPLICABLE,0.001250297014925373,1993.6758607866193,0
P001_G4_EM_COEFFICIENTS,1000405,P001_INFINITE_MEDIUM_COEFFICIENT,NOT_APPLICABLE,0.0012505705298507463,1992.5023519233603,0
P001_G4_EM_COEFFICIENTS,1000406,P001_INFINITE_MEDIUM_COEFFICIENT,NOT_APPLICABLE,0.0012508440447761193,1991.3298108069887,0
P001_G4_EM_COEFFICIENTS,1000407,P001_INFINITE_MEDIUM_COEFFICIENT,NOT_APPLICABLE,0.0012511175597014926,1990.1581727906303,0
P001_G4_EM_COEFFICIENTS,1000408,P001_INFINITE_MEDIUM_COEFFICIENT,NOT_APPLICABLE,0.0012513910746268656,1988.9874677383204,0
P001_G4_EM_COEFFICIENTS,1000409,P001_INFINITE_MEDIUM_COEFFICIENT,NOT_APPLICABLE,0.0012516645895522388,1987.8178111399604,0
P001_G4_EM_COEFFICIENTS,1000410,P001_INFINITE_MEDIUM_COEFFICIENT,NOT_APPLICABLE,0.0012519381044776119,1986.6487300558115,0
P001_G4_EM_COEFFICIENTS,1000411,P001_INFINITE_MEDIUM_COEFFICIENT,NOT_APPLICABLE,0.0012522116194029851,1985.4805232228509,0
P001_G4_EM_COEFFICIENTS,1000412,P001_INFINITE_MEDIUM_COEFFICIENT,NOT_APPLICABLE,0.0012524851343283581,1984.3132596955656,0
P001_G4_EM_COEFFICIENTS,1000413,P001_INFINITE_MEDIUM_COEFFICIENT,NOT_APPLICABLE,0.0012527586492537314,1983.1469515632996,0
P001_G4_EM_COEFFICIENTS,1000414,P001_INFINITE_MEDIUM_COEFFICIENT,NOT_APPLICABLE,0.0012530321641791044,1981.9813099500941,0
P001_G4_EM_COEFFICIENTS,1000415,P001_INFINITE_MEDIUM_COEFFICIENT,NOT_APPLICABLE,0.0012533056791044776,1980.8169516169135,0
P001_G4_EM_COEFFICIENTS,1000416,P001_INFINITE_MEDIUM_COEFFICIENT,NOT_APPLICABLE,0.0012535791940298507,1979.6558873081649,0
P001_G4_EM_COEFFICIENTS,1000417,P001_INFINITE_MEDIUM_COEFFICIENT,NOT_APPLICABLE,0.0012538527089552239,1978.4956309688691,0
P001_G4_EM_COEFFICIENTS,1000418,P001_INFINITE_MEDIUM_COEFFICIENT,NOT_APPLICABLE,0.0012541262238805969,1977.3363241846125,0
P001_G4_EM_COEFFICIENTS,1000419,P001_INFINITE_MEDIUM_COEFFICIENT,NOT_APPLICABLE,0.0012543997388059702,1976.1779697723739,0
P001_G4_EM_COEFFICIENTS,1000420,P001_INFINITE_MEDIUM_COEFFICIENT,NOT_APPLICABLE,0.0012546732537313432,1975.0205667325179,0
P001_G4_EM_COEFFICIENTS,1000421,P001_INFINITE_MEDIUM_COEFFICIENT,NOT_APPLICABLE,0.0012549467686567165,1973.8632417807155,0
P001_G4_EM_COEFFICIENTS,1000422,P001_INFINITE_MEDIUM_COEFFICIENT,NOT_APPLICABLE,0.0012552202835820895,1972.6841493814597,0
P001_G4_EM_COEFFICIENTS,1000423,P001_INFINITE_MEDIUM_COEFFICIENT,NOT_APPLICABLE,0.0012554937985074627,1971.5065641014482,0
P001_G4_EM_COEFFICIENTS,1000424,P001_INFINITE_MEDIUM_COEFFICIENT,NOT_APPLICABLE,0.0012557673134328358,1970.3302027889767,0
P001_G4_EM_COEFFICIENTS,1000425,P001_INFINITE_MEDIUM_COEFFICIENT,NOT_APPLICABLE,0.001256040828358209,1969.1548176059532,0
P001_G4_EM_COEFFICIENTS,1000426,P001_INFINITE_MEDIUM_COEFFICIENT,NOT_APPLICABLE,0.001256314343283582,1967.9789423583823,0
P001_G4_EM_COEFFICIENTS,1000427,P001_INFINITE_MEDIUM_COEFFICIENT,NOT_APPLICABLE,0.0012565878582089553,1966.8016443724127,0
P001_G4_EM_COEFFICIENTS,1000428,P001_INFINITE_MEDIUM_COEFFICIENT,NOT_APPLICABLE,0.0012568613731343283,1965.6258767681445,0
P001_G4_EM_COEFFICIENTS,1000429,P001_INFINITE_MEDIUM_COEFFICIENT,NOT_APPLICABLE,0.0012571348880597015,1964.4513709390098,0
P001_G4_EM_COEFFICIENTS,1000430,P001_INFINITE_MEDIUM_COEFFICIENT,NOT_APPLICABLE,0.0012574084029850746,1963.2779665153332,0
P001_G4_EM_COEFFICIENTS,1000431,P001_INFINITE_MEDIUM_COEFFICIENT,NOT_APPLICABLE,0.0012576819179104478,1962.105535821938,0
P001_G4_EM_COEFFICIENTS,1000432,P001_INFINITE_MEDIUM_COEFFICIENT,NOT_APPLICABLE,0.0012579554328358208,1960.9340778309324,0
P001_G4_EM_COEFFICIENTS,1000433,P001_INFINITE_MEDIUM_COEFFICIENT,NOT_APPLICABLE,0.0012582289477611941,1959.7635915157343,0
P001_G4_EM_COEFFICIENTS,1000434,P001_INFINITE_MEDIUM_COEFFICIENT,NOT_APPLICABLE,0.0012585024626865671,1958.6070628777347,0
P001_G4_EM_COEFFICIENTS,1000435,P001_INFINITE_MEDIUM_COEFFICIENT,NOT_APPLICABLE,0.0012587759776119404,1957.4876119474602,0
P001_G4_EM_COEFFICIENTS,1000436,P001_INFINITE_MEDIUM_COEFFICIENT,NOT_APPLICABLE,0.0012590494925373134,1956.3682892889717,0
P001_G4_EM_COEFFICIENTS,1000437,P001_INFINITE_MEDIUM_COEFFICIENT,NOT_APPLICABLE,0.0012593230074626866,1955.2489419975172,0
P001_G4_EM_COEFFICIENTS,1000438,P001_INFINITE_MEDIUM_COEFFICIENT,NOT_APPLICABLE,0.0012595965223880597,1954.1304996764964,0
P001_G4_EM_COEFFICIENTS,1000439,P001_INFINITE_MEDIUM_COEFFICIENT,NOT_APPLICABLE,0.0012598700373134329,1953.0129613810354,0
P001_G4_EM_COEFFICIENTS,1000440,P001_INFINITE_MEDIUM_COEFFICIENT,NOT_APPLICABLE,0.0012601435522388059,1951.8962535717367,0
P001_G4_EM_COEFFICIENTS,1000441,P001_INFINITE_MEDIUM_COEFFICIENT,NOT_APPLICABLE,0.0012604170671641792,1950.7802887307046,0
P001_G4_EM_COEFFICIENTS,1000442,P001_INFINITE_MEDIUM_COEFFICIENT,NOT_APPLICABLE,0.0012606905820895522,1949.665225414853,0
P001_G4_EM_COEFFICIENTS,1000443,P001_INFINITE_MEDIUM_COEFFICIENT,NOT_APPLICABLE,0.0012609640970149254,1948.5509971459608,0
P001_G4_EM_COEFFICIENTS,1000444,P001_INFINITE_MEDIUM_COEFFICIENT,NOT_APPLICABLE,0.0012612376119402985,1947.437654608827,0
P001_G4_EM_COEFFICIENTS,1000445,P001_INFINITE_MEDIUM_COEFFICIENT,NOT_APPLICABLE,0.0012615111268656717,1946.3252109012424,0
P001_G4_EM_COEFFICIENTS,1000446,P001_INFINITE_MEDIUM_COEFFICIENT,NOT_APPLICABLE,0.0012617846417910447,1945.2136650924238,0
P001_G4_EM_COEFFICIENTS,1000447,P001_INFINITE_MEDIUM_COEFFICIENT,NOT_APPLICABLE,0.001262058156716418,1944.1030162527541,0
P001_G4_EM_COEFFICIENTS,1000448,P001_INFINITE_MEDIUM_COEFFICIENT,NOT_APPLICABLE,0.001262331671641791,1942.9932634537918,0
P001_G4_EM_COEFFICIENTS,1000449,P001_INFINITE_MEDIUM_COEFFICIENT,NOT_APPLICABLE,0.0012626051865671643,1941.8844057682634,0
P001_G4_EM_COEFFICIENTS,1000450,P001_INFINITE_MEDIUM_COEFFICIENT,NOT_APPLICABLE,0.0012628787014925373,1940.7764422700623,0
P001_G4_EM_COEFFICIENTS,1000451,P001_INFINITE_MEDIUM_COEFFICIENT,NOT_APPLICABLE,0.0012631522164179105,1939.6693718453478,0
P001_G4_EM_COEFFICIENTS,1000452,P001_INFINITE_MEDIUM_COEFFICIENT,NOT_APPLICABLE,0.0012634257313432836,1938.5631569272441,0
P001_G4_EM_COEFFICIENTS,1000453,P001_INFINITE_MEDIUM_COEFFICIENT,NOT_APPLICABLE,0.0012636992462686568,1937.4578334736834,0
P001_G4_EM_COEFFICIENTS,1000454,P001_INFINITE_MEDIUM_COEFFICIENT,NOT_APPLICABLE,0.0012639727611940298,1936.3534005631511,0
P001_G4_EM_COEFFICIENTS,1000455,P001_INFINITE_MEDIUM_COEFFICIENT,NOT_APPLICABLE,0.0012642462761194031,1935.2498572752877,0
P001_G4_EM_COEFFICIENTS,1000456,P001_INFINITE_MEDIUM_COEFFICIENT,NOT_APPLICABLE,0.0012645197910447761,1934.1469663868099,0
P001_G4_EM_COEFFICIENTS,1000457,P001_INFINITE_MEDIUM_COEFFICIENT,NOT_APPLICABLE,0.0012647933059701493,1933.0443243802431,0
P001_G4_EM_COEFFICIENTS,1000458,P001_INFINITE_MEDIUM_COEFFICIENT,NOT_APPLICABLE,0.0012650668208955224,1931.942373133129,0
P001_G4_EM_COEFFICIENTS,1000459,P001_INFINITE_MEDIUM_COEFFICIENT,NOT_APPLICABLE,0.0012653403358208956,1930.8412514046775,0
P001_G4_EM_COEFFICIENTS,1000460,P001_INFINITE_MEDIUM_COEFFICIENT,NOT_APPLICABLE,0.0012656138507462686,1929.7409937026664,0
P001_G4_EM_COEFFICIENTS,1000461,P001_INFINITE_MEDIUM_COEFFICIENT,NOT_APPLICABLE,0.0012658873656716419,1928.6416053415514,0
P001_G4_EM_COEFFICIENTS,1000462,P001_INFINITE_MEDIUM_COEFFICIENT,NOT_APPLICABLE,0.0012661608805970149,1927.5431302889551,0
P001_G4_EM_COEFFICIENTS,1000463,P001_INFINITE_MEDIUM_COEFFICIENT,NOT_APPLICABLE,0.0012664343955223882,1926.4456693995503,0
P001_G4_EM_COEFFICIENTS,1000464,P001_INFINITE_MEDIUM_COEFFICIENT,NOT_APPLICABLE,0.0012667079104477612,1925.3491089253528,0
P001_G4_EM_COEFFICIENTS,1000465,P001_INFINITE_MEDIUM_COEFFICIENT,NOT_APPLICABLE,0.0012669814253731344,1924.2534302081933,0
P001_G4_EM_COEFFICIENTS,1000466,P001_INFINITE_MEDIUM_COEFFICIENT,NOT_APPLICABLE,0.0012672549402985075,1923.1586323386989,0
P001_G4_EM_COEFFICIENTS,1000467,P001_INFINITE_MEDIUM_COEFFICIENT,NOT_APPLICABLE,0.0012675284552238807,1922.0635519261598,0
P001_G4_EM_COEFFICIENTS,1000468,P001_INFINITE_MEDIUM_COEFFICIENT,NOT_APPLICABLE,0.0012678019701492537,1920.9689603316954,0
P001_G4_EM_COEFFICIENTS,1000469,P001_INFINITE_MEDIUM_COEFFICIENT,NOT_APPLICABLE,0.0012680754850746268,1919.8750376740927,0
P001_G4_EM_COEFFICIENTS,1000470,P001_INFINITE_MEDIUM_COEFFICIENT,NOT_APPLICABLE,0.001268349,1918.7812158056904,0
P001_G4_EM_COEFFICIENTS,1000471,P001_INFINITE_MEDIUM_COEFFICIENT,NOT_APPLICABLE,0.001268622514925373,1917.688273539273,0
P001_G4_EM_COEFFICIENTS,1000472,P001_INFINITE_MEDIUM_COEFFICIENT,NOT_APPLICABLE,0.0012688960298507463,1916.5962099680387,0
P001_G4_EM_COEFFICIENTS,1000473,P001_INFINITE_MEDIUM_COEFFICIENT,NOT_APPLICABLE,0.0012691695447761193,1915.5050241863264,0
P001_G4_EM_COEFFICIENTS,1000474,P001_INFINITE_MEDIUM_COEFFICIENT,NOT_APPLICABLE,0.0012694430597014925,1914.4147152896048,0
P001_G4_EM_COEFFICIENTS,1000475,P001_INFINITE_MEDIUM_COEFFICIENT,NOT_APPLICABLE,0.0012697165746268656,1913.325282374482,0
P001_G4_EM_COEFFICIENTS,1000476,P001_INFINITE_MEDIUM_COEFFICIENT,NOT_APPLICABLE,0.0012699900895522388,1912.2367245386936,0
P001_G4_EM_COEFFICIENTS,1000477,P001_INFINITE_MEDIUM_COEFFICIENT,NOT_APPLICABLE,0.0012702636044776118,1911.1490408811089,0
P001_G4_EM_COEFFICIENTS,1000478,P001_INFINITE_MEDIUM_COEFFICIENT,NOT_APPLICABLE,0.0012705371194029851,1910.0620190814375,0
P001_G4_EM_COEFFICIENTS,1000479,P001_INFINITE_MEDIUM_COEFFICIENT,NOT_APPLICABLE,0.0012708106343283581,1908.9756191752715,0
P001_G4_EM_COEFFICIENTS,1000480,P001_INFINITE_MEDIUM_COEFFICIENT,NOT_APPLICABLE,0.0012710841492537314,1907.8891828345206,0
P001_G4_EM_COEFFICIENTS,1000481,P001_INFINITE_MEDIUM_COEFFICIENT,NOT_APPLICABLE,0.0012713576641791044,1906.803618846232,0
P001_G4_EM_COEFFICIENTS,1000482,P001_INFINITE_MEDIUM_COEFFICIENT,NOT_APPLICABLE,0.0012716311791044776,1905.7189263126152,0
P001_G4_EM_COEFFICIENTS,1000483,P001_INFINITE_MEDIUM_COEFFICIENT,NOT_APPLICABLE,0.0012719046940298507,1904.6351043370121,0
P001_G4_EM_COEFFICIENTS,1000484,P001_INFINITE_MEDIUM_COEFFICIENT,NOT_APPLICABLE,0.0012721782089552239,1903.5521520238783,0
P001_G4_EM_COEFFICIENTS,1000485,P001_INFINITE_MEDIUM_COEFFICIENT,NOT_APPLICABLE,0.0012724517238805969,1902.4700684787956,0
P001_G4_EM_COEFFICIENTS,1000486,P001_INFINITE_MEDIUM_COEFFICIENT,NOT_APPLICABLE,0.0012727252388059702,1901.3888528084615,0
P001_G4_EM_COEFFICIENTS,1000487,P001_INFINITE_MEDIUM_COEFFICIENT,NOT_APPLICABLE,0.0012729987537313432,1900.3039389990947,0
P001_G4_EM_COEFFICIENTS,1000488,P001_INFINITE_MEDIUM_COEFFICIENT,NOT_APPLICABLE,0.0012732722686567164,1899.2062037029104,0
P001_G4_EM_COEFFICIENTS,1000489,P001_INFINITE_MEDIUM_COEFFICIENT,NOT_APPLICABLE,0.0012735457835820895,1898.1091286105193,0
P001_G4_EM_COEFFICIENTS,1000490,P001_INFINITE_MEDIUM_COEFFICIENT,NOT_APPLICABLE,0.0012738192985074627,1897.0117100298835,0
P001_G4_EM_COEFFICIENTS,1000491,P001_INFINITE_MEDIUM_COEFFICIENT,NOT_APPLICABLE,0.0012740928134328357,1895.9167269005734,0
P001_G4_EM_COEFFICIENTS,1000492,P001_INFINITE_MEDIUM_COEFFICIENT,NOT_APPLICABLE,0.001274366328358209,1894.8188957157959,0
P001_G4_EM_COEFFICIENTS,1000493,P001_INFINITE_MEDIUM_COEFFICIENT,NOT_APPLICABLE,0.001274639843283582,1893.7210489475626,0
P001_G4_EM_COEFFICIENTS,1000494,P001_INFINITE_MEDIUM_COEFFICIENT,NOT_APPLICABLE,0.0012749133582089553,1892.6240921650765,0
P001_G4_EM_COEFFICIENTS,1000495,P001_INFINITE_MEDIUM_COEFFICIENT,NOT_APPLICABLE,0.0012751868731343283,1891.5287299143852,0
P001_G4_EM_COEFFICIENTS,1000496,P001_INFINITE_MEDIUM_COEFFICIENT,NOT_APPLICABLE,0.0012754603880597015,1890.4360290423049,0
P001_G4_EM_COEFFICIENTS,1000497,P001_INFINITE_MEDIUM_COEFFICIENT,NOT_APPLICABLE,0.0012757339029850745,1889.3442779326401,0
P001_G4_EM_COEFFICIENTS,1000498,P001_INFINITE_MEDIUM_COEFFICIENT,NOT_APPLICABLE,0.0012760074179104478,1888.2533463716886,0
P001_G4_EM_COEFFICIENTS,1000499,P001_INFINITE_MEDIUM_COEFFICIENT,NOT_APPLICABLE,0.0012762809328358208,1887.1632784772441,0
P001_G4_EM_COEFFICIENTS,1000500,P001_INFINITE_MEDIUM_COEFFICIENT,NOT_APPLICABLE,0.0012765544477611941,1886.0739433429426,0
P001_G4_EM_COEFFICIENTS,1000501,P001_INFINITE_MEDIUM_COEFFICIENT,NOT_APPLICABLE,0.0012768279626865671,1884.9851831384328,0
P001_G4_EM_COEFFICIENTS,1000502,P001_INFINITE_MEDIUM_COEFFICIENT,NOT_APPLICABLE,0.0012771014776119403,1883.8971561092217,0
P001_G4_EM_COEFFICIENTS,1000503,P001_INFINITE_MEDIUM_COEFFICIENT,NOT_APPLICABLE,0.0012773749925373134,1882.8103426333614,0
P001_G4_EM_COEFFICIENTS,1000504,P001_INFINITE_MEDIUM_COEFFICIENT,NOT_APPLICABLE,0.0012776485074626866,1881.7238803840007,0
P001_G4_EM_COEFFICIENTS,1000505,P001_INFINITE_MEDIUM_COEFFICIENT,NOT_APPLICABLE,0.0012779220223880596,1880.6288210402472,0
P001_G4_EM_COEFFICIENTS,1000506,P001_INFINITE_MEDIUM_COEFFICIENT,NOT_APPLICABLE,0.0012781955373134329,1879.5371629614872,0
P001_G4_EM_COEFFICIENTS,1000507,P001_INFINITE_MEDIUM_COEFFICIENT,NOT_APPLICABLE,0.0012784690522388059,1878.4469479228908,0
P001_G4_EM_COEFFICIENTS,1000508,P001_INFINITE_MEDIUM_COEFFICIENT,NOT_APPLICABLE,0.0012787425671641791,1877.3576161676515,0
P001_G4_EM_COEFFICIENTS,1000509,P001_INFINITE_MEDIUM_COEFFICIENT,NOT_APPLICABLE,0.0012790160820895522,1876.2691647467029,0
P001_G4_EM_COEFFICIENTS,1000510,P001_INFINITE_MEDIUM_COEFFICIENT,NOT_APPLICABLE,0.0012792895970149254,1875.1820653798034,0
P001_G4_EM_COEFFICIENTS,1000511,P001_INFINITE_MEDIUM_COEFFICIENT,NOT_APPLICABLE,0.0012795631119402984,1874.0973844151999,0
P001_G4_EM_COEFFICIENTS,1000512,P001_INFINITE_MEDIUM_COEFFICIENT,NOT_APPLICABLE,0.0012798366268656717,1873.0140281165366,0
P001_G4_EM_COEFFICIENTS,1000513,P001_INFINITE_MEDIUM_COEFFICIENT,NOT_APPLICABLE,0.0012801101417910447,1871.9315474061111,0
P001_G4_EM_COEFFICIENTS,1000514,P001_INFINITE_MEDIUM_COEFFICIENT,NOT_APPLICABLE,0.001280383656716418,1870.8499413809636,0
P001_G4_EM_COEFFICIENTS,1000515,P001_INFINITE_MEDIUM_COEFFICIENT,NOT_APPLICABLE,0.001280657171641791,1869.7691029800035,0
P001_G4_EM_COEFFICIENTS,1000516,P001_INFINITE_MEDIUM_COEFFICIENT,NOT_APPLICABLE,0.0012809306865671642,1868.6889236952982,0
P001_G4_EM_COEFFICIENTS,1000517,P001_INFINITE_MEDIUM_COEFFICIENT,NOT_APPLICABLE,0.0012812042014925373,1867.6091651387724,0
P001_G4_EM_COEFFICIENTS,1000518,P001_INFINITE_MEDIUM_COEFFICIENT,NOT_APPLICABLE,0.0012814777164179105,1866.5302786544696,0
P001_G4_EM_COEFFICIENTS,1000519,P001_INFINITE_MEDIUM_COEFFICIENT,NOT_APPLICABLE,0.0012817512313432835,1865.4522633437989,0
P001_G4_EM_COEFFICIENTS,1000520,P001_INFINITE_MEDIUM_COEFFICIENT,NOT_APPLICABLE,0.0012820247462686568,1864.3751125716606,0
P001_G4_EM_COEFFICIENTS,1000521,P001_INFINITE_MEDIUM_COEFFICIENT,NOT_APPLICABLE,0.0012822982611940298,1863.2987427625121,0
P001_G4_EM_COEFFICIENTS,1000522,P001_INFINITE_MEDIUM_COEFFICIENT,NOT_APPLICABLE,0.001282571776119403,1862.2232804718092,0
P001_G4_EM_COEFFICIENTS,1000523,P001_INFINITE_MEDIUM_COEFFICIENT,NOT_APPLICABLE,0.0012828452910447761,1861.1487395823365,0
P001_G4_EM_COEFFICIENTS,1000524,P001_INFINITE_MEDIUM_COEFFICIENT,NOT_APPLICABLE,0.0012831188059701493,1860.0750653918528,0
P001_G4_EM_COEFFICIENTS,1000525,P001_INFINITE_MEDIUM_COEFFICIENT,NOT_APPLICABLE,0.0012833923208955223,1859.0022570084809,0
P001_G4_EM_COEFFICIENTS,1000526,P001_INFINITE_MEDIUM_COEFFICIENT,NOT_APPLICABLE,0.0012836658358208956,1857.9304350150899,0
P001_G4_EM_COEFFICIENTS,1000527,P001_INFINITE_MEDIUM_COEFFICIENT,NOT_APPLICABLE,0.0012839393507462686,1856.8595657054302,0
P001_G4_EM_COEFFICIENTS,1000528,P001_INFINITE_MEDIUM_COEFFICIENT,NOT_APPLICABLE,0.0012842128656716419,1855.7955619365816,0
P001_G4_EM_COEFFICIENTS,1000529,P001_INFINITE_MEDIUM_COEFFICIENT,NOT_APPLICABLE,0.0012844863805970149,1854.7629519428876,0
P001_G4_EM_COEFFICIENTS,1000530,P001_INFINITE_MEDIUM_COEFFICIENT,NOT_APPLICABLE,0.0012847598955223881,1853.7317189885898,0
P001_G4_EM_COEFFICIENTS,1000531,P001_INFINITE_MEDIUM_COEFFICIENT,NOT_APPLICABLE,0.0012850334104477612,1852.7013356058244,0
P001_G4_EM_COEFFICIENTS,1000532,P001_INFINITE_MEDIUM_COEFFICIENT,NOT_APPLICABLE,0.0012853069253731344,1851.6704856475374,0
P001_G4_EM_COEFFICIENTS,1000533,P001_INFINITE_MEDIUM_COEFFICIENT,NOT_APPLICABLE,0.0012855804402985074,1850.6404247277708,0
P001_G4_EM_COEFFICIENTS,1000534,P001_INFINITE_MEDIUM_COEFFICIENT,NOT_APPLICABLE,0.0012858539552238805,1849.6111396704566,0
P001_G4_EM_COEFFICIENTS,1000535,P001_INFINITE_MEDIUM_COEFFICIENT,NOT_APPLICABLE,0.0012861274701492537,1848.5826658769859,0
P001_G4_EM_COEFFICIENTS,1000536,P001_INFINITE_MEDIUM_COEFFICIENT,NOT_APPLICABLE,0.0012864009850746269,1847.5550050259114,0
P001_G4_EM_COEFFICIENTS,1000537,P001_INFINITE_MEDIUM_COEFFICIENT,NOT_APPLICABLE,0.0012866745,1846.5283078440336,0
P001_G4_EM_COEFFICIENTS,1000538,P001_INFINITE_MEDIUM_COEFFICIENT,NOT_APPLICABLE,0.001286948014925373,1845.5024192651551,0
P001_G4_EM_COEFFICIENTS,1000539,P001_INFINITE_MEDIUM_COEFFICIENT,NOT_APPLICABLE,0.0012872215298507462,1844.4773384711316,0
P001_G4_EM_COEFFICIENTS,1000540,P001_INFINITE_MEDIUM_COEFFICIENT,NOT_APPLICABLE,0.0012874950447761193,1843.4530646448277,0
P001_G4_EM_COEFFICIENTS,1000541,P001_INFINITE_MEDIUM_COEFFICIENT,NOT_APPLICABLE,0.0012877685597014925,1842.4285016139802,0
P001_G4_EM_COEFFICIENTS,1000542,P001_INFINITE_MEDIUM_COEFFICIENT,NOT_APPLICABLE,0.0012880420746268655,1841.39940798764,0
P001_G4_EM_COEFFICIENTS,1000543,P001_INFINITE_MEDIUM_COEFFICIENT,NOT_APPLICABLE,0.0012883155895522388,1840.3709990087643,0
P001_G4_EM_COEFFICIENTS,1000544,P001_INFINITE_MEDIUM_COEFFICIENT,NOT_APPLICABLE,0.0012885891044776118,1839.342972605486,0
P001_G4_EM_COEFFICIENTS,1000545,P001_INFINITE_MEDIUM_COEFFICIENT,NOT_APPLICABLE,0.0012888626194029851,1838.31062789461,0
P001_G4_EM_COEFFICIENTS,1000546,P001_INFINITE_MEDIUM_COEFFICIENT,NOT_APPLICABLE,0.0012891361343283581,1837.2734104355329,0
P001_G4_EM_COEFFICIENTS,1000547,P001_INFINITE_MEDIUM_COEFFICIENT,NOT_APPLICABLE,0.0012894096492537313,1836.2369402313732,0
P001_G4_EM_COEFFICIENTS,1000548,P001_INFINITE_MEDIUM_COEFFICIENT,NOT_APPLICABLE,0.0012896831641791044,1835.2012795025757,0
P001_G4_EM_COEFFICIENTS,1000549,P001_INFINITE_MEDIUM_COEFFICIENT,NOT_APPLICABLE,0.0012899566791044776,1834.1663662070832,0
P001_G4_EM_COEFFICIENTS,1000550,P001_INFINITE_MEDIUM_COEFFICIENT,NOT_APPLICABLE,0.0012902301940298506,1833.1322745053803,0
P001_G4_EM_COEFFICIENTS,1000551,P001_INFINITE_MEDIUM_COEFFICIENT,NOT_APPLICABLE,0.0012905037089552239,1832.0990035623986,0
P001_G4_EM_COEFFICIENTS,1000552,P001_INFINITE_MEDIUM_COEFFICIENT,NOT_APPLICABLE,0.0012907772238805969,1831.0665525441027,0
P001_G4_EM_COEFFICIENTS,1000553,P001_INFINITE_MEDIUM_COEFFICIENT,NOT_APPLICABLE,0.0012910507388059701,1830.0349206880564,0
P001_G4_EM_COEFFICIENTS,1000554,P001_INFINITE_MEDIUM_COEFFICIENT,NOT_APPLICABLE,0.0012913242537313432,1829.0041072671254,0
P001_G4_EM_COEFFICIENTS,1000555,P001_INFINITE_MEDIUM_COEFFICIENT,NOT_APPLICABLE,0.0012915977686567164,1827.9741112747329,0
P001_G4_EM_COEFFICIENTS,1000556,P001_INFINITE_MEDIUM_COEFFICIENT,NOT_APPLICABLE,0.0012918712835820894,1826.944931880957,0
P001_G4_EM_COEFFICIENTS,1000557,P001_INFINITE_MEDIUM_COEFFICIENT,NOT_APPLICABLE,0.0012921447985074627,1825.9164023868716,0
P001_G4_EM_COEFFICIENTS,1000558,P001_INFINITE_MEDIUM_COEFFICIENT,NOT_APPLICABLE,0.0012924183134328357,1824.8886048149252,0
P001_G4_EM_COEFFICIENTS,1000559,P001_INFINITE_MEDIUM_COEFFICIENT,NOT_APPLICABLE,0.001292691828358209,1823.8610380358732,0
P001_G4_EM_COEFFICIENTS,1000560,P001_INFINITE_MEDIUM_COEFFICIENT,NOT_APPLICABLE,0.001292965343283582,1822.8340878990989,0
P001_G4_EM_COEFFICIENTS,1000561,P001_INFINITE_MEDIUM_COEFFICIENT,NOT_APPLICABLE,0.0012932388582089552,1821.8079515322972,0
P001_G4_EM_COEFFICIENTS,1000562,P001_INFINITE_MEDIUM_COEFFICIENT,NOT_APPLICABLE,0.0012935123731343283,1820.782628110011,0
P001_G4_EM_COEFFICIENTS,1000563,P001_INFINITE_MEDIUM_COEFFICIENT,NOT_APPLICABLE,0.0012937858880597015,1819.7581168077938,0
P001_G4_EM_COEFFICIENTS,1000564,P001_INFINITE_MEDIUM_COEFFICIENT,NOT_APPLICABLE,0.0012940594029850745,1818.7344172343139,0
P001_G4_EM_COEFFICIENTS,1000565,P001_INFINITE_MEDIUM_COEFFICIENT,NOT_APPLICABLE,0.0012943329179104478,1817.711528184703,0
P001_G4_EM_COEFFICIENTS,1000566,P001_INFINITE_MEDIUM_COEFFICIENT,NOT_APPLICABLE,0.0012946064328358208,1816.6894487635852,0
P001_G4_EM_COEFFICIENTS,1000567,P001_INFINITE_MEDIUM_COEFFICIENT,NOT_APPLICABLE,0.001294879947761194,1815.6681781745601,0
P001_G4_EM_COEFFICIENTS,1000568,P001_INFINITE_MEDIUM_COEFFICIENT,NOT_APPLICABLE,0.0012951534626865671,1814.6477156247302,0
P001_G4_EM_COEFFICIENTS,1000569,P001_INFINITE_MEDIUM_COEFFICIENT,NOT_APPLICABLE,0.0012954269776119403,1813.6280372387457,0
P001_G4_EM_COEFFICIENTS,1000570,P001_INFINITE_MEDIUM_COEFFICIENT,NOT_APPLICABLE,0.0012957004925373133,1812.6091573337976,0
P001_G4_EM_COEFFICIENTS,1000571,P001_INFINITE_MEDIUM_COEFFICIENT,NOT_APPLICABLE,0.0012959740074626866,1811.591055150931,0
P001_G4_EM_COEFFICIENTS,1000572,P001_INFINITE_MEDIUM_COEFFICIENT,NOT_APPLICABLE,0.0012962475223880596,1810.5737579777999,0
P001_G4_EM_COEFFICIENTS,1000573,P001_INFINITE_MEDIUM_COEFFICIENT,NOT_APPLICABLE,0.0012965210373134329,1809.5572661709464,0
P001_G4_EM_COEFFICIENTS,1000574,P001_INFINITE_MEDIUM_COEFFICIENT,NOT_APPLICABLE,0.0012967945522388059,1808.5415775545493,0
P001_G4_EM_COEFFICIENTS,1000575,P001_INFINITE_MEDIUM_COEFFICIENT,NOT_APPLICABLE,0.0012970680671641791,1807.5257791516467,0
P001_G4_EM_COEFFICIENTS,1000576,P001_INFINITE_MEDIUM_COEFFICIENT,NOT_APPLICABLE,0.0012973415820895522,1806.5104714631163,0
P001_G4_EM_COEFFICIENTS,1000577,P001_INFINITE_MEDIUM_COEFFICIENT,NOT_APPLICABLE,0.0012976150970149254,1805.4891354651836,0
P001_G4_EM_COEFFICIENTS,1000578,P001_INFINITE_MEDIUM_COEFFICIENT,NOT_APPLICABLE,0.0012978886119402984,1804.458813540024,0
P001_G4_EM_COEFFICIENTS,1000579,P001_INFINITE_MEDIUM_COEFFICIENT,NOT_APPLICABLE,0.0012981621268656717,1803.4293084333076,0
P001_G4_EM_COEFFICIENTS,1000580,P001_INFINITE_MEDIUM_COEFFICIENT,NOT_APPLICABLE,0.0012984356417910447,1802.4006241830812,0
P001_G4_EM_COEFFICIENTS,1000581,P001_INFINITE_MEDIUM_COEFFICIENT,NOT_APPLICABLE,0.0012987091567164179,1801.3727599544127,0
P001_G4_EM_COEFFICIENTS,1000582,P001_INFINITE_MEDIUM_COEFFICIENT,NOT_APPLICABLE,0.001298982671641791,1800.3457149134015,0
P001_G4_EM_COEFFICIENTS,1000583,P001_INFINITE_MEDIUM_COEFFICIENT,NOT_APPLICABLE,0.0012992561865671642,1799.3194882271791,0
P001_G4_EM_COEFFICIENTS,1000584,P001_INFINITE_MEDIUM_COEFFICIENT,NOT_APPLICABLE,0.0012995297014925372,1798.2940790638984,0
P001_G4_EM_COEFFICIENTS,1000585,P001_INFINITE_MEDIUM_COEFFICIENT,NOT_APPLICABLE,0.0012998032164179105,1797.2694655244391,0
P001_G4_EM_COEFFICIENTS,1000586,P001_INFINITE_MEDIUM_COEFFICIENT,NOT_APPLICABLE,0.0013000767313432835,1796.2456195200778,0
P001_G4_EM_COEFFICIENTS,1000587,P001_INFINITE_MEDIUM_COEFFICIENT,NOT_APPLICABLE,0.0013003502462686568,1795.2235225426048,0
P001_G4_EM_COEFFICIENTS,1000588,P001_INFINITE_MEDIUM_COEFFICIENT,NOT_APPLICABLE,0.0013006237611940298,1794.2028706461708,0
P001_G4_EM_COEFFICIENTS,1000589,P001_INFINITE_MEDIUM_COEFFICIENT,NOT_APPLICABLE,0.001300897276119403,1793.1842123654044,0
P001_G4_EM_COEFFICIENTS,1000590,P001_INFINITE_MEDIUM_COEFFICIENT,NOT_APPLICABLE,0.0013011707910447761,1792.1663200027451,0
P001_G4_EM_COEFFICIENTS,1000591,P001_INFINITE_MEDIUM_COEFFICIENT,NOT_APPLICABLE,0.0013014443059701493,1791.1491517850966,0
P001_G4_EM_COEFFICIENTS,1000592,P001_INFINITE_MEDIUM_COEFFICIENT,NOT_APPLICABLE,0.0013017178208955223,1790.1327912679815,0
P001_G4_EM_COEFFICIENTS,1000593,P001_INFINITE_MEDIUM_COEFFICIENT,NOT_APPLICABLE,0.0013019913358208956,1789.1172376327668,0
P001_G4_EM_COEFFICIENTS,1000594,P001_INFINITE_MEDIUM_COEFFICIENT,NOT_APPLICABLE,0.0013022648507462686,1788.1024900618304,0
P001_G4_EM_COEFFICIENTS,1000595,P001_INFINITE_MEDIUM_COEFFICIENT,NOT_APPLICABLE,0.0013025383656716418,1787.0885477385539,0
P001_G4_EM_COEFFICIENTS,1000596,P001_INFINITE_MEDIUM_COEFFICIENT,NOT_APPLICABLE,0.0013028118805970149,1786.0754117995527,0
P001_G4_EM_COEFFICIENTS,1000597,P001_INFINITE_MEDIUM_COEFFICIENT,NOT_APPLICABLE,0.0013030853955223881,1785.0631331003899,0
P001_G4_EM_COEFFICIENTS,1000598,P001_INFINITE_MEDIUM_COEFFICIENT,NOT_APPLICABLE,0.0013033589104477611,1784.0524004327294,0
P001_G4_EM_COEFFICIENTS,1000599,P001_INFINITE_MEDIUM_COEFFICIENT,NOT_APPLICABLE,0.0013036324253731344,1783.0427667347471,0
P001_G4_EM_COEFFICIENTS,1000600,P001_INFINITE_MEDIUM_COEFFICIENT,NOT_APPLICABLE,0.0013039059402985074,1782.0451635226573,0
P001_G4_EM_COEFFICIENTS,1000601,P001_INFINITE_MEDIUM_COEFFICIENT,NOT_APPLICABLE,0.0013041794552238807,1781.0713180483926,0
P001_G4_EM_COEFFICIENTS,1000602,P001_INFINITE_MEDIUM_COEFFICIENT,NOT_APPLICABLE,0.0013044529701492537,1780.0982869807306,0
P001_G4_EM_COEFFICIENTS,1000603,P001_INFINITE_MEDIUM_COEFFICIENT,NOT_APPLICABLE,0.0013047264850746267,1779.1263463375503,0
P001_G4_EM_COEFFICIENTS,1000604,P001_INFINITE_MEDIUM_COEFFICIENT,NOT_APPLICABLE,0.001305,1778.1551588686443,0
P001_G4_EM_COEFFICIENTS,1000605,P001_INFINITE_MEDIUM_COEFFICIENT,NOT_APPLICABLE,0.0013053246268656716,1777.0034612752042,0
P001_G4_EM_COEFFICIENTS,1000606,P001_INFINITE_MEDIUM_COEFFICIENT,NOT_APPLICABLE,0.0013056492537313433,1775.8526617112527,0
P001_G4_EM_COEFFICIENTS,1000607,P001_INFINITE_MEDIUM_COEFFICIENT,NOT_APPLICABLE,0.0013059738805970148,1774.7027660995229,0
P001_G4_EM_COEFFICIENTS,1000608,P001_INFINITE_MEDIUM_COEFFICIENT,NOT_APPLICABLE,0.0013062985074626865,1773.5539223044809,0
P001_G4_EM_COEFFICIENTS,1000609,P001_INFINITE_MEDIUM_COEFFICIENT,NOT_APPLICABLE,0.0013066231343283581,1772.4055238562962,0
P001_G4_EM_COEFFICIENTS,1000610,P001_INFINITE_MEDIUM_COEFFICIENT,NOT_APPLICABLE,0.0013069477611940298,1771.2581804559013,0
P001_G4_EM_COEFFICIENTS,1000611,P001_INFINITE_MEDIUM_COEFFICIENT,NOT_APPLICABLE,0.0013072723880597015,1770.1118908573628,0
P001_G4_EM_COEFFICIENTS,1000612,P001_INFINITE_MEDIUM_COEFFICIENT,NOT_APPLICABLE,0.0013075970149253732,1768.9665070794231,0
P001_G4_EM_COEFFICIENTS,1000613,P001_INFINITE_MEDIUM_COEFFICIENT,NOT_APPLICABLE,0.0013079216417910447,1767.8215535725897,0
P001_G4_EM_COEFFICIENTS,1000614,P001_INFINITE_MEDIUM_COEFFICIENT,NOT_APPLICABLE,0.0013082462686567163,1773.1175778920006,0
P001_G4_EM_COEFFICIENTS,1000615,P001_INFINITE_MEDIUM_COEFFICIENT,NOT_APPLICABLE,0.001308570895522388,1771.9723505141703,0
P001_G4_EM_COEFFICIENTS,1000616,P001_INFINITE_MEDIUM_COEFFICIENT,NOT_APPLICABLE,0.0013088955223880597,1770.8281735983633,0
P001_G4_EM_COEFFICIENTS,1000617,P001_INFINITE_MEDIUM_COEFFICIENT,NOT_APPLICABLE,0.0013092201492537314,1769.6850453286577,0
P001_G4_EM_COEFFICIENTS,1000618,P001_INFINITE_MEDIUM_COEFFICIENT,NOT_APPLICABLE,0.0013095447761194028,1768.5429644693936,0
P001_G4_EM_COEFFICIENTS,1000619,P001_INFINITE_MEDIUM_COEFFICIENT,NOT_APPLICABLE,0.0013098694029850745,1767.4019297866807,0
P001_G4_EM_COEFFICIENTS,1000620,P001_INFINITE_MEDIUM_COEFFICIENT,NOT_APPLICABLE,0.0013101940298507462,1766.2619400484045,0
P001_G4_EM_COEFFICIENTS,1000621,P001_INFINITE_MEDIUM_COEFFICIENT,NOT_APPLICABLE,0.0013105186567164179,1765.1230149239295,0
P001_G4_EM_COEFFICIENTS,1000622,P001_INFINITE_MEDIUM_COEFFICIENT,NOT_APPLICABLE,0.0013108432835820896,1763.9851536240542,0
P001_G4_EM_COEFFICIENTS,1000623,P001_INFINITE_MEDIUM_COEFFICIENT,NOT_APPLICABLE,0.0013111679104477613,1762.8397523490414,0
P001_G4_EM_COEFFICIENTS,1000624,P001_INFINITE_MEDIUM_COEFFICIENT,NOT_APPLICABLE,0.0013114925373134327,1761.6920447061436,0
P001_G4_EM_COEFFICIENTS,1000625,P001_INFINITE_MEDIUM_COEFFICIENT,NOT_APPLICABLE,0.0013118171641791044,1760.5453764295428,0
P001_G4_EM_COEFFICIENTS,1000626,P001_INFINITE_MEDIUM_COEFFICIENT,NOT_APPLICABLE,0.0013121417910447761,1759.3993731283731,0
P001_G4_EM_COEFFICIENTS,1000627,P001_INFINITE_MEDIUM_COEFFICIENT,NOT_APPLICABLE,0.0013124664179104478,1758.2540696717808,0
P001_G4_EM_COEFFICIENTS,1000628,P001_INFINITE_MEDIUM_COEFFICIENT,NOT_APPLICABLE,0.0013127910447761194,1757.1097126183111,0
P001_G4_EM_COEFFICIENTS,1000629,P001_INFINITE_MEDIUM_COEFFICIENT,NOT_APPLICABLE,0.0013131156716417909,1755.9658183646677,0
P001_G4_EM_COEFFICIENTS,1000630,P001_INFINITE_MEDIUM_COEFFICIENT,NOT_APPLICABLE,0.0013134402985074626,1754.8227465303733,0
P001_G4_EM_COEFFICIENTS,1000631,P001_INFINITE_MEDIUM_COEFFICIENT,NOT_APPLICABLE,0.0013137649253731343,1753.6807062085104,0
P001_G4_EM_COEFFICIENTS,1000632,P001_INFINITE_MEDIUM_COEFFICIENT,NOT_APPLICABLE,0.001314089552238806,1752.5387263359082,0
P001_G4_EM_COEFFICIENTS,1000633,P001_INFINITE_MEDIUM_COEFFICIENT,NOT_APPLICABLE,0.0013144141791044776,1751.3740653137729,0
P001_G4_EM_COEFFICIENTS,1000634,P001_INFINITE_MEDIUM_COEFFICIENT,NOT_APPLICABLE,0.0013147388059701491,1750.2114940266167,0
P001_G4_EM_COEFFICIENTS,1000635,P001_INFINITE_MEDIUM_COEFFICIENT,NOT_APPLICABLE,0.0013150634328358208,1749.0500044402829,0
P001_G4_EM_COEFFICIENTS,1000636,P001_INFINITE_MEDIUM_COEFFICIENT,NOT_APPLICABLE,0.0013153880597014925,1747.889595254964,0
P001_G4_EM_COEFFICIENTS,1000637,P001_INFINITE_MEDIUM_COEFFICIENT,NOT_APPLICABLE,0.0013157126865671641,1746.7302651435064,0
P001_G4_EM_COEFFICIENTS,1000638,P001_INFINITE_MEDIUM_COEFFICIENT,NOT_APPLICABLE,0.0013160373134328358,1745.5720128240237,0
P001_G4_EM_COEFFICIENTS,1000639,P001_INFINITE_MEDIUM_COEFFICIENT,NOT_APPLICABLE,0.0013163619402985075,1744.4148370164737,0
P001_G4_EM_COEFFICIENTS,1000640,P001_INFINITE_MEDIUM_COEFFICIENT,NOT_APPLICABLE,0.001316686567164179,1743.2587068343196,0
P001_G4_EM_COEFFICIENTS,1000641,P001_INFINITE_MEDIUM_COEFFICIENT,NOT_APPLICABLE,0.0013170111940298507,1742.1035618216524,0
P001_G4_EM_COEFFICIENTS,1000642,P001_INFINITE_MEDIUM_COEFFICIENT,NOT_APPLICABLE,0.0013173358208955223,1740.9494896668839,0
P001_G4_EM_COEFFICIENTS,1000643,P001_INFINITE_MEDIUM_COEFFICIENT,NOT_APPLICABLE,0.001317660447761194,1739.7964769316181,0
P001_G4_EM_COEFFICIENTS,1000644,P001_INFINITE_MEDIUM_COEFFICIENT,NOT_APPLICABLE,0.0013179850746268657,1738.6434642595295,0
P001_G4_EM_COEFFICIENTS,1000645,P001_INFINITE_MEDIUM_COEFFICIENT,NOT_APPLICABLE,0.0013183097014925372,1737.4906557025531,0
P001_G4_EM_COEFFICIENTS,1000646,P001_INFINITE_MEDIUM_COEFFICIENT,NOT_APPLICABLE,0.0013186343283582088,1736.3393104876441,0
P001_G4_EM_COEFFICIENTS,1000647,P001_INFINITE_MEDIUM_COEFFICIENT,NOT_APPLICABLE,0.0013189589552238805,1735.1890190105396,0
P001_G4_EM_COEFFICIENTS,1000648,P001_INFINITE_MEDIUM_COEFFICIENT,NOT_APPLICABLE,0.0013192835820895522,1734.0397868385692,0
P001_G4_EM_COEFFICIENTS,1000649,P001_INFINITE_MEDIUM_COEFFICIENT,NOT_APPLICABLE,0.0013196082089552239,1732.8916209720503,0
P001_G4_EM_COEFFICIENTS,1000650,P001_INFINITE_MEDIUM_COEFFICIENT,NOT_APPLICABLE,0.0013199328358208956,1731.7445120128,0
P001_G4_EM_COEFFICIENTS,1000651,P001_INFINITE_MEDIUM_COEFFICIENT,NOT_APPLICABLE,0.001320257462686567,1730.5987772525662,0
P001_G4_EM_COEFFICIENTS,1000652,P001_INFINITE_MEDIUM_COEFFICIENT,NOT_APPLICABLE,0.0013205820895522387,1729.4545995540921,0
P001_G4_EM_COEFFICIENTS,1000653,P001_INFINITE_MEDIUM_COEFFICIENT,NOT_APPLICABLE,0.0013209067164179104,1728.3114819428056,0
P001_G4_EM_COEFFICIENTS,1000654,P001_INFINITE_MEDIUM_COEFFICIENT,NOT_APPLICABLE,0.0013212313432835821,1727.1696361694062,0
P001_G4_EM_COEFFICIENTS,1000655,P001_INFINITE_MEDIUM_COEFFICIENT,NOT_APPLICABLE,0.0013215559701492538,1726.0291239226572,0
P001_G4_EM_COEFFICIENTS,1000656,P001_INFINITE_MEDIUM_COEFFICIENT,NOT_APPLICABLE,0.0013218805970149252,1724.8896472512304,0
P001_G4_EM_COEFFICIENTS,1000657,P001_INFINITE_MEDIUM_COEFFICIENT,NOT_APPLICABLE,0.0013222052238805969,1723.7512249695558,0
P001_G4_EM_COEFFICIENTS,1000658,P001_INFINITE_MEDIUM_COEFFICIENT,NOT_APPLICABLE,0.0013225298507462686,1722.6138558312266,0
P001_G4_EM_COEFFICIENTS,1000659,P001_INFINITE_MEDIUM_COEFFICIENT,NOT_APPLICABLE,0.0013228544776119403,1721.4775297602605,0
P001_G4_EM_COEFFICIENTS,1000660,P001_INFINITE_MEDIUM_COEFFICIENT,NOT_APPLICABLE,0.001323179104477612,1720.34225253517,0
P001_G4_EM_COEFFICIENTS,1000661,P001_INFINITE_MEDIUM_COEFFICIENT,NOT_APPLICABLE,0.0013235037313432834,1719.2080247405934,0
P001_G4_EM_COEFFICIENTS,1000662,P001_INFINITE_MEDIUM_COEFFICIENT,NOT_APPLICABLE,0.0013238283582089551,1718.0758985774612,0
P001_G4_EM_COEFFICIENTS,1000663,P001_INFINITE_MEDIUM_COEFFICIENT,NOT_APPLICABLE,0.0013241529850746268,1716.9456855646872,0
P001_G4_EM_COEFFICIENTS,1000664,P001_INFINITE_MEDIUM_COEFFICIENT,NOT_APPLICABLE,0.0013244776119402985,1715.8167576196224,0
P001_G4_EM_COEFFICIENTS,1000665,P001_INFINITE_MEDIUM_COEFFICIENT,NOT_APPLICABLE,0.0013248022388059701,1714.6888696695078,0
P001_G4_EM_COEFFICIENTS,1000666,P001_INFINITE_MEDIUM_COEFFICIENT,NOT_APPLICABLE,0.0013251268656716418,1713.5620056288055,0
P001_G4_EM_COEFFICIENTS,1000667,P001_INFINITE_MEDIUM_COEFFICIENT,NOT_APPLICABLE,0.0013254514925373133,1712.4361720541751,0
P001_G4_EM_COEFFICIENTS,1000668,P001_INFINITE_MEDIUM_COEFFICIENT,NOT_APPLICABLE,0.001325776119402985,1711.311175959665,0
P001_G4_EM_COEFFICIENTS,1000669,P001_INFINITE_MEDIUM_COEFFICIENT,NOT_APPLICABLE,0.0013261007462686567,1710.1866721574911,0
P001_G4_EM_COEFFICIENTS,1000670,P001_INFINITE_MEDIUM_COEFFICIENT,NOT_APPLICABLE,0.0013264253731343283,1709.062977183986,0
P001_G4_EM_COEFFICIENTS,1000671,P001_INFINITE_MEDIUM_COEFFICIENT,NOT_APPLICABLE,0.00132675,1707.940296549426,0
P001_G4_EM_COEFFICIENTS,1000672,P001_INFINITE_MEDIUM_COEFFICIENT,NOT_APPLICABLE,0.0013270746268656715,1706.8186501594091,0
P001_G4_EM_COEFFICIENTS,1000673,P001_INFINITE_MEDIUM_COEFFICIENT,NOT_APPLICABLE,0.0013273992537313432,1705.6980367964418,0
P001_G4_EM_COEFFICIENTS,1000674,P001_INFINITE_MEDIUM_COEFFICIENT,NOT_APPLICABLE,0.0013277238805970148,1704.5785340365373,0
P001_G4_EM_COEFFICIENTS,1000675,P001_INFINITE_MEDIUM_COEFFICIENT,NOT_APPLICABLE,0.0013280485074626865,1703.461100581342,0
P001_G4_EM_COEFFICIENTS,1000676,P001_INFINITE_MEDIUM_COEFFICIENT,NOT_APPLICABLE,0.0013283731343283582,1702.3448452573587,0
P001_G4_EM_COEFFICIENTS,1000677,P001_INFINITE_MEDIUM_COEFFICIENT,NOT_APPLICABLE,0.0013286977611940299,1701.2295984372226,0
P001_G4_EM_COEFFICIENTS,1000678,P001_INFINITE_MEDIUM_COEFFICIENT,NOT_APPLICABLE,0.0013290223880597014,1700.1153824440246,0
P001_G4_EM_COEFFICIENTS,1000679,P001_INFINITE_MEDIUM_COEFFICIENT,NOT_APPLICABLE,0.001329347014925373,1699.0020303088511,0
P001_G4_EM_COEFFICIENTS,1000680,P001_INFINITE_MEDIUM_COEFFICIENT,NOT_APPLICABLE,0.0013296716417910447,1697.8896353778969,0
P001_G4_EM_COEFFICIENTS,1000681,P001_INFINITE_MEDIUM_COEFFICIENT,NOT_APPLICABLE,0.0013299962686567164,1696.7779575979832,0
P001_G4_EM_COEFFICIENTS,1000682,P001_INFINITE_MEDIUM_COEFFICIENT,NOT_APPLICABLE,0.0013303208955223881,1695.6671998170118,0
P001_G4_EM_COEFFICIENTS,1000683,P001_INFINITE_MEDIUM_COEFFICIENT,NOT_APPLICABLE,0.0013306455223880596,1694.5572547014331,0
P001_G4_EM_COEFFICIENTS,1000684,P001_INFINITE_MEDIUM_COEFFICIENT,NOT_APPLICABLE,0.0013309701492537312,1693.4483269130387,0
P001_G4_EM_COEFFICIENTS,1000685,P001_INFINITE_MEDIUM_COEFFICIENT,NOT_APPLICABLE,0.0013312947761194029,1692.3404111715256,0
P001_G4_EM_COEFFICIENTS,1000686,P001_INFINITE_MEDIUM_COEFFICIENT,NOT_APPLICABLE,0.0013316194029850746,1691.2335058912354,0
P001_G4_EM_COEFFICIENTS,1000687,P001_INFINITE_MEDIUM_COEFFICIENT,NOT_APPLICABLE,0.0013319440298507463,1690.1275297559202,0
P001_G4_EM_COEFFICIENTS,1000688,P001_INFINITE_MEDIUM_COEFFICIENT,NOT_APPLICABLE,0.001332268656716418,1689.022568142454,0
P001_G4_EM_COEFFICIENTS,1000689,P001_INFINITE_MEDIUM_COEFFICIENT,NOT_APPLICABLE,0.0013325932835820894,1687.9186153041912,0
P001_G4_EM_COEFFICIENTS,1000690,P001_INFINITE_MEDIUM_COEFFICIENT,NOT_APPLICABLE,0.0013329179104477611,1686.8144584166353,0
P001_G4_EM_COEFFICIENTS,1000691,P001_INFINITE_MEDIUM_COEFFICIENT,NOT_APPLICABLE,0.0013332425373134328,1685.696282359668,0
P001_G4_EM_COEFFICIENTS,1000692,P001_INFINITE_MEDIUM_COEFFICIENT,NOT_APPLICABLE,0.0013335671641791045,1684.57417557859,0
P001_G4_EM_COEFFICIENTS,1000693,P001_INFINITE_MEDIUM_COEFFICIENT,NOT_APPLICABLE,0.0013338917910447762,1683.459503712942,0
P001_G4_EM_COEFFICIENTS,1000694,P001_INFINITE_MEDIUM_COEFFICIENT,NOT_APPLICABLE,0.0013342164179104476,1682.3998807083158,0
P001_G4_EM_COEFFICIENTS,1000695,P001_INFINITE_MEDIUM_COEFFICIENT,NOT_APPLICABLE,0.0013345410447761193,1681.3262625806276,0
P001_G4_EM_COEFFICIENTS,1000696,P001_INFINITE_MEDIUM_COEFFICIENT,NOT_APPLICABLE,0.001334865671641791,1680.2536141001883,0
P001_G4_EM_COEFFICIENTS,1000697,P001_INFINITE_MEDIUM_COEFFICIENT,NOT_APPLICABLE,0.0013351902985074627,1679.1815763726454,0
P001_G4_EM_COEFFICIENTS,1000698,P001_INFINITE_MEDIUM_COEFFICIENT,NOT_APPLICABLE,0.0013355149253731343,1678.1101505308552,0
P001_G4_EM_COEFFICIENTS,1000699,P001_INFINITE_MEDIUM_COEFFICIENT,NOT_APPLICABLE,0.001335839552238806,1677.0396920082558,0
P001_G4_EM_COEFFICIENTS,1000700,P001_INFINITE_MEDIUM_COEFFICIENT,NOT_APPLICABLE,0.0013361641791044775,1675.9701996983797,0
P001_G4_EM_COEFFICIENTS,1000701,P001_INFINITE_MEDIUM_COEFFICIENT,NOT_APPLICABLE,0.0013364888059701492,1674.9016724872199,0
P001_G4_EM_COEFFICIENTS,1000702,P001_INFINITE_MEDIUM_COEFFICIENT,NOT_APPLICABLE,0.0013368134328358209,1673.8341092369546,0
P001_G4_EM_COEFFICIENTS,1000703,P001_INFINITE_MEDIUM_COEFFICIENT,NOT_APPLICABLE,0.0013371380597014925,1672.7675088313174,0
P001_G4_EM_COEFFICIENTS,1000704,P001_INFINITE_MEDIUM_COEFFICIENT,NOT_APPLICABLE,0.0013374626865671642,1671.7018701556181,0
P001_G4_EM_COEFFICIENTS,1000705,P001_INFINITE_MEDIUM_COEFFICIENT,NOT_APPLICABLE,0.0013377873134328357,1670.637192096732,0
P001_G4_EM_COEFFICIENTS,1000706,P001_INFINITE_MEDIUM_COEFFICIENT,NOT_APPLICABLE,0.0013381119402985074,1669.5734735431054,0
P001_G4_EM_COEFFICIENTS,1000707,P001_INFINITE_MEDIUM_COEFFICIENT,NOT_APPLICABLE,0.001338436567164179,1668.5107133847498,0
P001_G4_EM_COEFFICIENTS,1000708,P001_INFINITE_MEDIUM_COEFFICIENT,NOT_APPLICABLE,0.0013387611940298507,1667.4489002876917,0
P001_G4_EM_COEFFICIENTS,1000709,P001_INFINITE_MEDIUM_COEFFICIENT,NOT_APPLICABLE,0.0013390858208955224,1666.3880390104805,0
P001_G4_EM_COEFFICIENTS,1000710,P001_INFINITE_MEDIUM_COEFFICIENT,NOT_APPLICABLE,0.0013394104477611941,1665.3281328291503,0
P001_G4_EM_COEFFICIENTS,1000711,P001_INFINITE_MEDIUM_COEFFICIENT,NOT_APPLICABLE,0.0013397350746268656,1664.2691806292216,0
P001_G4_EM_COEFFICIENTS,1000712,P001_INFINITE_MEDIUM_COEFFICIENT,NOT_APPLICABLE,0.0013400597014925372,1663.2111802367112,0
P001_G4_EM_COEFFICIENTS,1000713,P001_INFINITE_MEDIUM_COEFFICIENT,NOT_APPLICABLE,0.0013403843283582089,1662.1541290559023,0
P001_G4_EM_COEFFICIENTS,1000714,P001_INFINITE_MEDIUM_COEFFICIENT,NOT_APPLICABLE,0.0013407089552238806,1661.0978546179904,0
P001_G4_EM_COEFFICIENTS,1000715,P001_INFINITE_MEDIUM_COEFFICIENT,NOT_APPLICABLE,0.0013410335820895523,1660.0400822366516,0
P001_G4_EM_COEFFICIENTS,1000716,P001_INFINITE_MEDIUM_COEFFICIENT,NOT_APPLICABLE,0.0013413582089552237,1658.9827327769815,0
P001_G4_EM_COEFFICIENTS,1000717,P001_INFINITE_MEDIUM_COEFFICIENT,NOT_APPLICABLE,0.0013416828358208954,1657.9265886610333,0
P001_G4_EM_COEFFICIENTS,1000718,P001_INFINITE_MEDIUM_COEFFICIENT,NOT_APPLICABLE,0.0013420074626865671,1656.8713858220731,0
P001_G4_EM_COEFFICIENTS,1000719,P001_INFINITE_MEDIUM_COEFFICIENT,NOT_APPLICABLE,0.0013423320895522388,1655.817132407155,0
P001_G4_EM_COEFFICIENTS,1000720,P001_INFINITE_MEDIUM_COEFFICIENT,NOT_APPLICABLE,0.0013426567164179105,1654.7639211709784,0
P001_G4_EM_COEFFICIENTS,1000721,P001_INFINITE_MEDIUM_COEFFICIENT,NOT_APPLICABLE,0.0013429813432835819,1653.7116957452617,0
P001_G4_EM_COEFFICIENTS,1000722,P001_INFINITE_MEDIUM_COEFFICIENT,NOT_APPLICABLE,0.0013433059701492536,1652.6603963999598,0
P001_G4_EM_COEFFICIENTS,1000723,P001_INFINITE_MEDIUM_COEFFICIENT,NOT_APPLICABLE,0.0013436305970149253,1651.6100200195931,0
P001_G4_EM_COEFFICIENTS,1000724,P001_INFINITE_MEDIUM_COEFFICIENT,NOT_APPLICABLE,0.001343955223880597,1650.5605874676801,0
P001_G4_EM_COEFFICIENTS,1000725,P001_INFINITE_MEDIUM_COEFFICIENT,NOT_APPLICABLE,0.0013442798507462687,1649.5120976560818,0
P001_G4_EM_COEFFICIENTS,1000726,P001_INFINITE_MEDIUM_COEFFICIENT,NOT_APPLICABLE,0.0013446044776119403,1648.4652132925678,0
P001_G4_EM_COEFFICIENTS,1000727,P001_INFINITE_MEDIUM_COEFFICIENT,NOT_APPLICABLE,0.0013449291044776118,1647.4204618801796,0
P001_G4_EM_COEFFICIENTS,1000728,P001_INFINITE_MEDIUM_COEFFICIENT,NOT_APPLICABLE,0.0013452537313432835,1646.3766472657244,0
P001_G4_EM_COEFFICIENTS,1000729,P001_INFINITE_MEDIUM_COEFFICIENT,NOT_APPLICABLE,0.0013455783582089552,1645.3334640462597,0
P001_G4_EM_COEFFICIENTS,1000730,P001_INFINITE_MEDIUM_COEFFICIENT,NOT_APPLICABLE,0.0013459029850746269,1644.2908982092738,0
P001_G4_EM_COEFFICIENTS,1000731,P001_INFINITE_MEDIUM_COEFFICIENT,NOT_APPLICABLE,0.0013462276119402985,1643.2483298642376,0
P001_G4_EM_COEFFICIENTS,1000732,P001_INFINITE_MEDIUM_COEFFICIENT,NOT_APPLICABLE,0.00134655223880597,1642.2058786026244,0
P001_G4_EM_COEFFICIENTS,1000733,P001_INFINITE_MEDIUM_COEFFICIENT,NOT_APPLICABLE,0.0013468768656716417,1641.1643321406573,0
P001_G4_EM_COEFFICIENTS,1000734,P001_INFINITE_MEDIUM_COEFFICIENT,NOT_APPLICABLE,0.0013472014925373134,1640.1236907188215,0
P001_G4_EM_COEFFICIENTS,1000735,P001_INFINITE_MEDIUM_COEFFICIENT,NOT_APPLICABLE,0.001347526119402985,1639.0839820862748,0
P001_G4_EM_COEFFICIENTS,1000736,P001_INFINITE_MEDIUM_COEFFICIENT,NOT_APPLICABLE,0.0013478507462686567,1638.0452051703023,0
P001_G4_EM_COEFFICIENTS,1000737,P001_INFINITE_MEDIUM_COEFFICIENT,NOT_APPLICABLE,0.0013481753731343284,1637.0073588996963,0
P001_G4_EM_COEFFICIENTS,1000738,P001_INFINITE_MEDIUM_COEFFICIENT,NOT_APPLICABLE,0.0013484999999999999,1635.9704417999972,0
P001_G4_EM_COEFFICIENTS,1000739,P001_INFINITE_MEDIUM_COEFFICIENT,NOT_APPLICABLE,0.0013488246268656716,1634.9344358460087,0
P001_G4_EM_COEFFICIENTS,1000740,P001_INFINITE_MEDIUM_COEFFICIENT,NOT_APPLICABLE,0.0013491492537313432,1633.8985506893557,0
P001_G4_EM_COEFFICIENTS,1000741,P001_INFINITE_MEDIUM_COEFFICIENT,NOT_APPLICABLE,0.0013494738805970149,1632.8624756024949,0
P001_G4_EM_COEFFICIENTS,1000742,P001_INFINITE_MEDIUM_COEFFICIENT,NOT_APPLICABLE,0.0013497985074626866,1631.8050020221763,0
P001_G4_EM_COEFFICIENTS,1000743,P001_INFINITE_MEDIUM_COEFFICIENT,NOT_APPLICABLE,0.0013501231343283581,1630.7520382210478,0
P001_G4_EM_COEFFICIENTS,1000744,P001_INFINITE_MEDIUM_COEFFICIENT,NOT_APPLICABLE,0.0013504477611940297,1629.7017099864286,0
P001_G4_EM_COEFFICIENTS,1000745,P001_INFINITE_MEDIUM_COEFFICIENT,NOT_APPLICABLE,0.0013507723880597014,1628.6518604981343,0
P001_G4_EM_COEFFICIENTS,1000746,P001_INFINITE_MEDIUM_COEFFICIENT,NOT_APPLICABLE,0.0013510970149253731,1627.6029600789793,0
P001_G4_EM_COEFFICIENTS,1000747,P001_INFINITE_MEDIUM_COEFFICIENT,NOT_APPLICABLE,0.0013514216417910448,1626.5550076322768,0
P001_G4_EM_COEFFICIENTS,1000748,P001_INFINITE_MEDIUM_COEFFICIENT,NOT_APPLICABLE,0.0013517462686567163,1625.5080020628748,0
P001_G4_EM_COEFFICIENTS,1000749,P001_INFINITE_MEDIUM_COEFFICIENT,NOT_APPLICABLE,0.0013520708955223879,1624.4619422771589,0
P001_G4_EM_COEFFICIENTS,1000750,P001_INFINITE_MEDIUM_COEFFICIENT,NOT_APPLICABLE,0.0013523955223880596,1623.4168603671123,0
P001_G4_EM_COEFFICIENTS,1000751,P001_INFINITE_MEDIUM_COEFFICIENT,NOT_APPLICABLE,0.0013527201492537313,1622.3727401588581,0
P001_G4_EM_COEFFICIENTS,1000752,P001_INFINITE_MEDIUM_COEFFICIENT,NOT_APPLICABLE,0.001353044776119403,1621.3295623888196,0
P001_G4_EM_COEFFICIENTS,1000753,P001_INFINITE_MEDIUM_COEFFICIENT,NOT_APPLICABLE,0.0013533694029850747,1620.2864092355267,0
P001_G4_EM_COEFFICIENTS,1000754,P001_INFINITE_MEDIUM_COEFFICIENT,NOT_APPLICABLE,0.0013536940298507461,1619.2445631311045,0
P001_G4_EM_COEFFICIENTS,1000755,P001_INFINITE_MEDIUM_COEFFICIENT,NOT_APPLICABLE,0.0013540186567164178,1618.2036619313865,0
P001_G4_EM_COEFFICIENTS,1000756,P001_INFINITE_MEDIUM_COEFFICIENT,NOT_APPLICABLE,0.0013543432835820895,1617.1636963300657,0
P001_G4_EM_COEFFICIENTS,1000757,P001_INFINITE_MEDIUM_COEFFICIENT,NOT_APPLICABLE,0.0013546679104477612,1616.1246321999379,0
P001_G4_EM_COEFFICIENTS,1000758,P001_INFINITE_MEDIUM_COEFFICIENT,NOT_APPLICABLE,0.0013549925373134329,1615.08640875481,0
P001_G4_EM_COEFFICIENTS,1000759,P001_INFINITE_MEDIUM_COEFFICIENT,NOT_APPLICABLE,0.0013553171641791043,1614.0488310765847,0
P001_G4_EM_COEFFICIENTS,1000760,P001_INFINITE_MEDIUM_COEFFICIENT,NOT_APPLICABLE,0.001355641791044776,1613.0120804834764,0
P001_G4_EM_COEFFICIENTS,1000761,P001_INFINITE_MEDIUM_COEFFICIENT,NOT_APPLICABLE,0.0013559664179104477,1611.9762641400102,0
P001_G4_EM_COEFFICIENTS,1000762,P001_INFINITE_MEDIUM_COEFFICIENT,NOT_APPLICABLE,0.0013562910447761194,1610.9413809702014,0
P001_G4_EM_COEFFICIENTS,1000763,P001_INFINITE_MEDIUM_COEFFICIENT,NOT_APPLICABLE,0.001356615671641791,1609.907535903945,0
P001_G4_EM_COEFFICIENTS,1000764,P001_INFINITE_MEDIUM_COEFFICIENT,NOT_APPLICABLE,0.0013569402985074627,1608.8679586191224,0
P001_G4_EM_COEFFICIENTS,1000765,P001_INFINITE_MEDIUM_COEFFICIENT,NOT_APPLICABLE,0.0013572649253731342,1607.8244662878612,0
P001_G4_EM_COEFFICIENTS,1000766,P001_INFINITE_MEDIUM_COEFFICIENT,NOT_APPLICABLE,0.0013575895522388059,1606.7818976914339,0
P001_G4_EM_COEFFICIENTS,1000767,P001_INFINITE_MEDIUM_COEFFICIENT,NOT_APPLICABLE,0.0013579141791044776,1605.7402732759701,0
P001_G4_EM_COEFFICIENTS,1000768,P001_INFINITE_MEDIUM_COEFFICIENT,NOT_APPLICABLE,0.0013582388059701492,1604.6995919510084,0
P001_G4_EM_COEFFICIENTS,1000769,P001_INFINITE_MEDIUM_COEFFICIENT,NOT_APPLICABLE,0.0013585634328358209,1603.6590616094409,0
P001_G4_EM_COEFFICIENTS,1000770,P001_INFINITE_MEDIUM_COEFFICIENT,NOT_APPLICABLE,0.0013588880597014924,1602.6182050084756,0
P001_G4_EM_COEFFICIENTS,1000771,P001_INFINITE_MEDIUM_COEFFICIENT,NOT_APPLICABLE,0.0013592126865671641,1601.5782911847537,0
P001_G4_EM_COEFFICIENTS,1000772,P001_INFINITE_MEDIUM_COEFFICIENT,NOT_APPLICABLE,0.0013595373134328357,1600.5393190496868,0
P001_G4_EM_COEFFICIENTS,1000773,P001_INFINITE_MEDIUM_COEFFICIENT,NOT_APPLICABLE,0.0013598619402985074,1599.5012875162058,0
P001_G4_EM_COEFFICIENTS,1000774,P001_INFINITE_MEDIUM_COEFFICIENT,NOT_APPLICABLE,0.0013601865671641791,1598.464195498768,0
P001_G4_EM_COEFFICIENTS,1000775,P001_INFINITE_MEDIUM_COEFFICIENT,NOT_APPLICABLE,0.0013605111940298508,1597.4230983563209,0
P001_G4_EM_COEFFICIENTS,1000776,P001_INFINITE_MEDIUM_COEFFICIENT,NOT_APPLICABLE,0.0013608358208955223,1596.3815030206201,0
P001_G4_EM_COEFFICIENTS,1000777,P001_INFINITE_MEDIUM_COEFFICIENT,NOT_APPLICABLE,0.0013611604477611939,1595.3407726750349,0
P001_G4_EM_COEFFICIENTS,1000778,P001_INFINITE_MEDIUM_COEFFICIENT,NOT_APPLICABLE,0.0013614850746268656,1594.3008218164764,0
P001_G4_EM_COEFFICIENTS,1000779,P001_INFINITE_MEDIUM_COEFFICIENT,NOT_APPLICABLE,0.0013618097014925373,1593.2621176918387,0
P001_G4_EM_COEFFICIENTS,1000780,P001_INFINITE_MEDIUM_COEFFICIENT,NOT_APPLICABLE,0.001362134328358209,1592.2246468608139,0
P001_G4_EM_COEFFICIENTS,1000781,P001_INFINITE_MEDIUM_COEFFICIENT,NOT_APPLICABLE,0.0013624589552238804,1591.1881165656391,0
P001_G4_EM_COEFFICIENTS,1000782,P001_INFINITE_MEDIUM_COEFFICIENT,NOT_APPLICABLE,0.0013627835820895521,1590.1525257205869,0
P001_G4_EM_COEFFICIENTS,1000783,P001_INFINITE_MEDIUM_COEFFICIENT,NOT_APPLICABLE,0.0013631082089552238,1589.1178346977122,0
P001_G4_EM_COEFFICIENTS,1000784,P001_INFINITE_MEDIUM_COEFFICIENT,NOT_APPLICABLE,0.0013634328358208955,1588.0840660294637,0
P001_G4_EM_COEFFICIENTS,1000785,P001_INFINITE_MEDIUM_COEFFICIENT,NOT_APPLICABLE,0.0013637574626865672,1587.0512336396341,0
P001_G4_EM_COEFFICIENTS,1000786,P001_INFINITE_MEDIUM_COEFFICIENT,NOT_APPLICABLE,0.0013640820895522389,1586.0186521463863,0
P001_G4_EM_COEFFICIENTS,1000787,P001_INFINITE_MEDIUM_COEFFICIENT,NOT_APPLICABLE,0.0013644067164179103,1584.9843253282329,0
P001_G4_EM_COEFFICIENTS,1000788,P001_INFINITE_MEDIUM_COEFFICIENT,NOT_APPLICABLE,0.001364731343283582,1583.9622367001421,0
P001_G4_EM_COEFFICIENTS,1000789,P001_INFINITE_MEDIUM_COEFFICIENT,NOT_APPLICABLE,0.0013650559701492537,1582.9546017948869,0
P001_G4_EM_COEFFICIENTS,1000790,P001_INFINITE_MEDIUM_COEFFICIENT,NOT_APPLICABLE,0.0013653805970149254,1581.9478612091432,0
P001_G4_EM_COEFFICIENTS,1000791,P001_INFINITE_MEDIUM_COEFFICIENT,NOT_APPLICABLE,0.001365705223880597,1580.9419939852569,0
P001_G4_EM_COEFFICIENTS,1000792,P001_INFINITE_MEDIUM_COEFFICIENT,NOT_APPLICABLE,0.0013660298507462685,1579.9370250336653,0
P001_G4_EM_COEFFICIENTS,1000793,P001_INFINITE_MEDIUM_COEFFICIENT,NOT_APPLICABLE,0.0013663544776119402,1578.9329533285488,0
P001_G4_EM_COEFFICIENTS,1000794,P001_INFINITE_MEDIUM_COEFFICIENT,NOT_APPLICABLE,0.0013666791044776119,1577.9297774799156,0
P001_G4_EM_COEFFICIENTS,1000795,P001_INFINITE_MEDIUM_COEFFICIENT,NOT_APPLICABLE,0.0013670037313432836,1576.9274963620787,0
P001_G4_EM_COEFFICIENTS,1000796,P001_INFINITE_MEDIUM_COEFFICIENT,NOT_APPLICABLE,0.0013673283582089552,1575.9261067594553,0
P001_G4_EM_COEFFICIENTS,1000797,P001_INFINITE_MEDIUM_COEFFICIENT,NOT_APPLICABLE,0.0013676529850746269,1574.925608264356,0
P001_G4_EM_COEFFICIENTS,1000798,P001_INFINITE_MEDIUM_COEFFICIENT,NOT_APPLICABLE,0.0013679776119402984,1573.9259839409228,0
P001_G4_EM_COEFFICIENTS,1000799,P001_INFINITE_MEDIUM_COEFFICIENT,NOT_APPLICABLE,0.0013683022388059701,1572.9272452450327,0
P001_G4_EM_COEFFICIENTS,1000800,P001_INFINITE_MEDIUM_COEFFICIENT,NOT_APPLICABLE,0.0013686268656716417,1571.929396695479,0
P001_G4_EM_COEFFICIENTS,1000801,P001_INFINITE_MEDIUM_COEFFICIENT,NOT_APPLICABLE,0.0013689514925373134,1570.9324372777035,0
P001_G4_EM_COEFFICIENTS,1000802,P001_INFINITE_MEDIUM_COEFFICIENT,NOT_APPLICABLE,0.0013692761194029851,1569.9367869831287,0
P001_G4_EM_COEFFICIENTS,1000803,P001_INFINITE_MEDIUM_COEFFICIENT,NOT_APPLICABLE,0.0013696007462686566,1568.9425908282108,0
P001_G4_EM_COEFFICIENTS,1000804,P001_INFINITE_MEDIUM_COEFFICIENT,NOT_APPLICABLE,0.0013699253731343283,1567.9492011530122,0
P001_G4_EM_COEFFICIENTS,1000805,P001_INFINITE_MEDIUM_COEFFICIENT,NOT_APPLICABLE,0.0013702499999999999,1566.9566952739162,0
P001_G4_EM_COEFFICIENTS,1000806,P001_INFINITE_MEDIUM_COEFFICIENT,NOT_APPLICABLE,0.0015327800000000001,1156.3109122736,0
P001_G4_EM_COEFFICIENTS,1000807,P001_INFINITE_MEDIUM_COEFFICIENT,NOT_APPLICABLE,0.0015329134328358209,1156.0443320793031,0
P001_G4_EM_COEFFICIENTS,1000808,P001_INFINITE_MEDIUM_COEFFICIENT,NOT_APPLICABLE,0.0015330468656716419,1155.7770893998891,0
P001_G4_EM_COEFFICIENTS,1000809,P001_INFINITE_MEDIUM_COEFFICIENT,NOT_APPLICABLE,0.0015331802985074628,1155.5073521184054,0
P001_G4_EM_COEFFICIENTS,1000810,P001_INFINITE_MEDIUM_COEFFICIENT,NOT_APPLICABLE,0.0015333137313432836,1155.2377031829717,0
P001_G4_EM_COEFFICIENTS,1000811,P001_INFINITE_MEDIUM_COEFFICIENT,NOT_APPLICABLE,0.0015334471641791046,1154.9681425565957,0
P001_G4_EM_COEFFICIENTS,1000812,P001_INFINITE_MEDIUM_COEFFICIENT,NOT_APPLICABLE,0.0015335805970149254,1154.6986702023075,0
P001_G4_EM_COEFFICIENTS,1000813,P001_INFINITE_MEDIUM_COEFFICIENT,NOT_APPLICABLE,0.0015337140298507463,1154.429286083154,0
P001_G4_EM_COEFFICIENTS,1000814,P001_INFINITE_MEDIUM_COEFFICIENT,NOT_APPLICABLE,0.0015338474626865673,1154.1599677561492,0
P001_G4_EM_COEFFICIENTS,1000815,P001_INFINITE_MEDIUM_COEFFICIENT,NOT_APPLICABLE,0.0015339808955223881,1153.8906810612114,0
P001_G4_EM_COEFFICIENTS,1000816,P001_INFINITE_MEDIUM_COEFFICIENT,NOT_APPLICABLE,0.0015341143283582089,1153.621482531853,0
P001_G4_EM_COEFFICIENTS,1000817,P001_INFINITE_MEDIUM_COEFFICIENT,NOT_APPLICABLE,0.00153424776119403,1153.3523718141821,0
P001_G4_EM_COEFFICIENTS,1000818,P001_INFINITE_MEDIUM_COEFFICIENT,NOT_APPLICABLE,0.0015343811940298508,1153.0833461520037,0
P001_G4_EM_COEFFICIENTS,1000819,P001_INFINITE_MEDIUM_COEFFICIENT,NOT_APPLICABLE,0.0015345146268656716,1152.8144085459301,0
P001_G4_EM_COEFFICIENTS,1000820,P001_INFINITE_MEDIUM_COEFFICIENT,NOT_APPLICABLE,0.0015346480597014927,1152.5455589591161,0
P001_G4_EM_COEFFICIENTS,1000821,P001_INFINITE_MEDIUM_COEFFICIENT,NOT_APPLICABLE,0.0015347814925373135,1152.2767973547373,0
P001_G4_EM_COEFFICIENTS,1000822,P001_INFINITE_MEDIUM_COEFFICIENT,NOT_APPLICABLE,0.0015349149253731343,1152.0081236959873,0
P001_G4_EM_COEFFICIENTS,1000823,P001_INFINITE_MEDIUM_COEFFICIENT,NOT_APPLICABLE,0.0015350483582089553,1151.7395379460788,0
P001_G4_EM_COEFFICIENTS,1000824,P001_INFINITE_MEDIUM_COEFFICIENT,NOT_APPLICABLE,0.0015351817910447762,1151.4710400682441,0
P001_G4_EM_COEFFICIENTS,1000825,P001_INFINITE_MEDIUM_COEFFICIENT,NOT_APPLICABLE,0.001535315223880597,1151.2026300257321,0
P001_G4_EM_COEFFICIENTS,1000826,P001_INFINITE_MEDIUM_COEFFICIENT,NOT_APPLICABLE,0.001535448656716418,1150.9343077818107,0
P001_G4_EM_COEFFICIENTS,1000827,P001_INFINITE_MEDIUM_COEFFICIENT,NOT_APPLICABLE,0.0015355820895522389,1150.6660734965856,0
P001_G4_EM_COEFFICIENTS,1000828,P001_INFINITE_MEDIUM_COEFFICIENT,NOT_APPLICABLE,0.0015357155223880597,1150.3979270631742,0
P001_G4_EM_COEFFICIENTS,1000829,P001_INFINITE_MEDIUM_COEFFICIENT,NOT_APPLICABLE,0.0015358489552238807,1150.1298667099907,0
P001_G4_EM_COEFFICIENTS,1000830,P001_INFINITE_MEDIUM_COEFFICIENT,NOT_APPLICABLE,0.0015359823880597015,1149.8618938854283,0
P001_G4_EM_COEFFICIENTS,1000831,P001_INFINITE_MEDIUM_COEFFICIENT,NOT_APPLICABLE,0.0015361158208955224,1149.5940086768132,0
P001_G4_EM_COEFFICIENTS,1000832,P001_INFINITE_MEDIUM_COEFFICIENT,NOT_APPLICABLE,0.0015362492537313434,1149.3262110475252,0
P001_G4_EM_COEFFICIENTS,1000833,P001_INFINITE_MEDIUM_COEFFICIENT,NOT_APPLICABLE,0.0015363826865671642,1149.0585009609642,0
P001_G4_EM_COEFFICIENTS,1000834,P001_INFINITE_MEDIUM_COEFFICIENT,NOT_APPLICABLE,0.001536516119402985,1148.7908783805469,0
P001_G4_EM_COEFFICIENTS,1000835,P001_INFINITE_MEDIUM_COEFFICIENT,NOT_APPLICABLE,0.0015366495522388061,1148.5233038066149,0
P001_G4_EM_COEFFICIENTS,1000836,P001_INFINITE_MEDIUM_COEFFICIENT,NOT_APPLICABLE,0.0015367829850746269,1148.2558095285285,0
P001_G4_EM_COEFFICIENTS,1000837,P001_INFINITE_MEDIUM_COEFFICIENT,NOT_APPLICABLE,0.0015369164179104477,1147.9884026712223,0
P001_G4_EM_COEFFICIENTS,1000838,P001_INFINITE_MEDIUM_COEFFICIENT,NOT_APPLICABLE,0.0015370498507462688,1147.7210831981747,0
P001_G4_EM_COEFFICIENTS,1000839,P001_INFINITE_MEDIUM_COEFFICIENT,NOT_APPLICABLE,0.0015371832835820896,1147.4538510728839,0
P001_G4_EM_COEFFICIENTS,1000840,P001_INFINITE_MEDIUM_COEFFICIENT,NOT_APPLICABLE,0.0015373167164179106,1147.1867062588656,0
P001_G4_EM_COEFFICIENTS,1000841,P001_INFINITE_MEDIUM_COEFFICIENT,NOT_APPLICABLE,0.0015374501492537314,1146.9196487196527,0
P001_G4_EM_COEFFICIENTS,1000842,P001_INFINITE_MEDIUM_COEFFICIENT,NOT_APPLICABLE,0.0015375835820895523,1146.6526784188002,0
P001_G4_EM_COEFFICIENTS,1000843,P001_INFINITE_MEDIUM_COEFFICIENT,NOT_APPLICABLE,0.0015377170149253733,1146.3858359064891,0
P001_G4_EM_COEFFICIENTS,1000844,P001_INFINITE_MEDIUM_COEFFICIENT,NOT_APPLICABLE,0.0015378504477611941,1146.119378667717,0
P001_G4_EM_COEFFICIENTS,1000845,P001_INFINITE_MEDIUM_COEFFICIENT,NOT_APPLICABLE,0.0015379838805970149,1145.8530083817777,0
P001_G4_EM_COEFFICIENTS,1000846,P001_INFINITE_MEDIUM_COEFFICIENT,NOT_APPLICABLE,0.001538117313432836,1145.5867250123906,0
P001_G4_EM_COEFFICIENTS,1000847,P001_INFINITE_MEDIUM_COEFFICIENT,NOT_APPLICABLE,0.0015382507462686568,1145.3205285232941,0
P001_G4_EM_COEFFICIENTS,1000848,P001_INFINITE_MEDIUM_COEFFICIENT,NOT_APPLICABLE,0.0015383841791044776,1145.0544178106045,0
P001_G4_EM_COEFFICIENTS,1000849,P001_INFINITE_MEDIUM_COEFFICIENT,NOT_APPLICABLE,0.0015385176119402987,1144.7883925383476,0
P001_G4_EM_COEFFICIENTS,1000850,P001_INFINITE_MEDIUM_COEFFICIENT,NOT_APPLICABLE,0.0015386510447761195,1144.5224540385448,0
P001_G4_EM_COEFFICIENTS,1000851,P001_INFINITE_MEDIUM_COEFFICIENT,NOT_APPLICABLE,0.0015387844776119403,1144.2566022750057,0
P001_G4_EM_COEFFICIENTS,1000852,P001_INFINITE_MEDIUM_COEFFICIENT,NOT_APPLICABLE,0.0015389179104477613,1143.9908372115588,0
P001_G4_EM_COEFFICIENTS,1000853,P001_INFINITE_MEDIUM_COEFFICIENT,NOT_APPLICABLE,0.0015390513432835822,1143.7251588120509,0
P001_G4_EM_COEFFICIENTS,1000854,P001_INFINITE_MEDIUM_COEFFICIENT,NOT_APPLICABLE,0.001539184776119403,1143.459567040346,0
P001_G4_EM_COEFFICIENTS,1000855,P001_INFINITE_MEDIUM_COEFFICIENT,NOT_APPLICABLE,0.001539318208955224,1143.1940618603276,0
P001_G4_EM_COEFFICIENTS,1000856,P001_INFINITE_MEDIUM_COEFFICIENT,NOT_APPLICABLE,0.0015394516417910448,1142.9286432358965,0
P001_G4_EM_COEFFICIENTS,1000857,P001_INFINITE_MEDIUM_COEFFICIENT,NOT_APPLICABLE,0.0015395850746268657,1142.6631444041825,0
P001_G4_EM_COEFFICIENTS,1000858,P001_INFINITE_MEDIUM_COEFFICIENT,NOT_APPLICABLE,0.0015397185074626867,1142.3974344515086,0
P001_G4_EM_COEFFICIENTS,1000859,P001_INFINITE_MEDIUM_COEFFICIENT,NOT_APPLICABLE,0.0015398519402985075,1142.1318111876374,0
P001_G4_EM_COEFFICIENTS,1000860,P001_INFINITE_MEDIUM_COEFFICIENT,NOT_APPLICABLE,0.0015399853731343283,1141.8663058543123,0
P001_G4_EM_COEFFICIENTS,1000861,P001_INFINITE_MEDIUM_COEFFICIENT,NOT_APPLICABLE,0.0015401188059701494,1141.6009265186881,0
P001_G4_EM_COEFFICIENTS,1000862,P001_INFINITE_MEDIUM_COEFFICIENT,NOT_APPLICABLE,0.0015402522388059702,1141.3356337267435,0
P001_G4_EM_COEFFICIENTS,1000863,P001_INFINITE_MEDIUM_COEFFICIENT,NOT_APPLICABLE,0.001540385671641791,1141.070427442399,0
P001_G4_EM_COEFFICIENTS,1000864,P001_INFINITE_MEDIUM_COEFFICIENT,NOT_APPLICABLE,0.0015405191044776121,1140.8053076295971,0
P001_G4_EM_COEFFICIENTS,1000865,P001_INFINITE_MEDIUM_COEFFICIENT,NOT_APPLICABLE,0.0015406525373134329,1140.5402742522974,0
P001_G4_EM_COEFFICIENTS,1000866,P001_INFINITE_MEDIUM_COEFFICIENT,NOT_APPLICABLE,0.0015407859701492537,1140.2753272744774,0
P001_G4_EM_COEFFICIENTS,1000867,P001_INFINITE_MEDIUM_COEFFICIENT,NOT_APPLICABLE,0.0015409194029850747,1140.0104666601317,0
P001_G4_EM_COEFFICIENTS,1000868,P001_INFINITE_MEDIUM_COEFFICIENT,NOT_APPLICABLE,0.0015410528358208956,1139.7456923732759,0
P001_G4_EM_COEFFICIENTS,1000869,P001_INFINITE_MEDIUM_COEFFICIENT,NOT_APPLICABLE,0.0015411862686567164,1139.4810043779412,0
P001_G4_EM_COEFFICIENTS,1000870,P001_INFINITE_MEDIUM_COEFFICIENT,NOT_APPLICABLE,0.0015413197014925374,1139.216402638179,0
P001_G4_EM_COEFFICIENTS,1000871,P001_INFINITE_MEDIUM_COEFFICIENT,NOT_APPLICABLE,0.0015414531343283583,1138.9518837903943,0
P001_G4_EM_COEFFICIENTS,1000872,P001_INFINITE_MEDIUM_COEFFICIENT,NOT_APPLICABLE,0.0015415865671641791,1138.6872342206727,0
P001_G4_EM_COEFFICIENTS,1000873,P001_INFINITE_MEDIUM_COEFFICIENT,NOT_APPLICABLE,0.0015417200000000001,1138.4226709946515,0
P001_G4_EM_COEFFICIENTS,1000874,P001_INFINITE_MEDIUM_COEFFICIENT,NOT_APPLICABLE,0.0015418534328358209,1138.1581939948785,0
P001_G4_EM_COEFFICIENTS,1000875,P001_INFINITE_MEDIUM_COEFFICIENT,NOT_APPLICABLE,0.0015419868656716418,1137.8938031854339,0
P001_G4_EM_COEFFICIENTS,1000876,P001_INFINITE_MEDIUM_COEFFICIENT,NOT_APPLICABLE,0.0015421202985074628,1137.6294985304189,0
P001_G4_EM_COEFFICIENTS,1000877,P001_INFINITE_MEDIUM_COEFFICIENT,NOT_APPLICABLE,0.0015422537313432836,1137.3657902189464,0
P001_G4_EM_COEFFICIENTS,1000878,P001_INFINITE_MEDIUM_COEFFICIENT,NOT_APPLICABLE,0.0015423871641791044,1137.1022783556618,0
P001_G4_EM_COEFFICIENTS,1000879,P001_INFINITE_MEDIUM_COEFFICIENT,NOT_APPLICABLE,0.0015425205970149255,1136.8388522171219,0
P001_G4_EM_COEFFICIENTS,1000880,P001_INFINITE_MEDIUM_COEFFICIENT,NOT_APPLICABLE,0.0015426540298507463,1136.5755117676674,0
P001_G4_EM_COEFFICIENTS,1000881,P001_INFINITE_MEDIUM_COEFFICIENT,NOT_APPLICABLE,0.0015427874626865671,1136.3122569716559,0
P001_G4_EM_COEFFICIENTS,1000882,P001_INFINITE_MEDIUM_COEFFICIENT,NOT_APPLICABLE,0.0015429208955223882,1136.0490877934631,0
P001_G4_EM_COEFFICIENTS,1000883,P001_INFINITE_MEDIUM_COEFFICIENT,NOT_APPLICABLE,0.001543054328358209,1135.7860041974827,0
P001_G4_EM_COEFFICIENTS,1000884,P001_INFINITE_MEDIUM_COEFFICIENT,NOT_APPLICABLE,0.0015431877611940298,1135.5230061481282,0
P001_G4_EM_COEFFICIENTS,1000885,P001_INFINITE_MEDIUM_COEFFICIENT,NOT_APPLICABLE,0.0015433211940298508,1135.2600936098268,0
P001_G4_EM_COEFFICIENTS,1000886,P001_INFINITE_MEDIUM_COEFFICIENT,NOT_APPLICABLE,0.0015434546268656717,1134.9972665470279,0
P001_G4_EM_COEFFICIENTS,1000887,P001_INFINITE_MEDIUM_COEFFICIENT,NOT_APPLICABLE,0.0015435880597014925,1134.7345249241971,0
P001_G4_EM_COEFFICIENTS,1000888,P001_INFINITE_MEDIUM_COEFFICIENT,NOT_APPLICABLE,0.0015437214925373135,1134.4718687058178,0
P001_G4_EM_COEFFICIENTS,1000889,P001_INFINITE_MEDIUM_COEFFICIENT,NOT_APPLICABLE,0.0015438549253731343,1134.2092978563915,0
P001_G4_EM_COEFFICIENTS,1000890,P001_INFINITE_MEDIUM_COEFFICIENT,NOT_APPLICABLE,0.0015439883582089552,1133.9468109246648,0
P001_G4_EM_COEFFICIENTS,1000891,P001_INFINITE_MEDIUM_COEFFICIENT,NOT_APPLICABLE,0.0015441217910447762,1133.684408313351,0
P001_G4_EM_COEFFICIENTS,1000892,P001_INFINITE_MEDIUM_COEFFICIENT,NOT_APPLICABLE,0.001544255223880597,1133.4220909658429,0
P001_G4_EM_COEFFICIENTS,1000893,P001_INFINITE_MEDIUM_COEFFICIENT,NOT_APPLICABLE,0.0015443886567164178,1133.1598426863625,0
P001_G4_EM_COEFFICIENTS,1000894,P001_INFINITE_MEDIUM_COEFFICIENT,NOT_APPLICABLE,0.0015445220895522389,1132.8976758601509,0
P001_G4_EM_COEFFICIENTS,1000895,P001_INFINITE_MEDIUM_COEFFICIENT,NOT_APPLICABLE,0.0015446555223880597,1132.6355942018317,0
P001_G4_EM_COEFFICIENTS,1000896,P001_INFINITE_MEDIUM_COEFFICIENT,NOT_APPLICABLE,0.0015447889552238805,1132.3735976760247,0
P001_G4_EM_COEFFICIENTS,1000897,P001_INFINITE_MEDIUM_COEFFICIENT,NOT_APPLICABLE,0.0015449223880597016,1132.1116863843938,0
P001_G4_EM_COEFFICIENTS,1000898,P001_INFINITE_MEDIUM_COEFFICIENT,NOT_APPLICABLE,0.0015450558208955224,1131.8498608666748,0
P001_G4_EM_COEFFICIENTS,1000899,P001_INFINITE_MEDIUM_COEFFICIENT,NOT_APPLICABLE,0.0015451892537313432,1131.5881203751435,0
P001_G4_EM_COEFFICIENTS,1000900,P001_INFINITE_MEDIUM_COEFFICIENT,NOT_APPLICABLE,0.0015453226865671642,1131.3264648744932,0
P001_G4_EM_COEFFICIENTS,1000901,P001_INFINITE_MEDIUM_COEFFICIENT,NOT_APPLICABLE,0.0015454561194029851,1131.0648943294348,0
P001_G4_EM_COEFFICIENTS,1000902,P001_INFINITE_MEDIUM_COEFFICIENT,NOT_APPLICABLE,0.0015455895522388059,1130.8031894235558,0
P001_G4_EM_COEFFICIENTS,1000903,P001_INFINITE_MEDIUM_COEFFICIENT,NOT_APPLICABLE,0.0015457229850746269,1130.5415287535905,0
P001_G4_EM_COEFFICIENTS,1000904,P001_INFINITE_MEDIUM_COEFFICIENT,NOT_APPLICABLE,0.0015458564179104478,1130.2799530680691,0
P001_G4_EM_COEFFICIENTS,1000905,P001_INFINITE_MEDIUM_COEFFICIENT,NOT_APPLICABLE,0.0015459898507462686,1130.0184623317029,0
P001_G4_EM_COEFFICIENTS,1000906,P001_INFINITE_MEDIUM_COEFFICIENT,NOT_APPLICABLE,0.0015461232835820896,1129.7570565092208,0
P001_G4_EM_COEFFICIENTS,1000907,P001_INFINITE_MEDIUM_COEFFICIENT,NOT_APPLICABLE,0.0015462567164179104,1129.4957298300376,0
P001_G4_EM_COEFFICIENTS,1000908,P001_INFINITE_MEDIUM_COEFFICIENT,NOT_APPLICABLE,0.0015463901492537313,1129.2344643346414,0
P001_G4_EM_COEFFICIENTS,1000909,P001_INFINITE_MEDIUM_COEFFICIENT,NOT_APPLICABLE,0.0015465235820895523,1128.9732836626401,0
P001_G4_EM_COEFFICIENTS,1000910,P001_INFINITE_MEDIUM_COEFFICIENT,NOT_APPLICABLE,0.0015466570149253731,1128.7121553331503,0
P001_G4_EM_COEFFICIENTS,1000911,P001_INFINITE_MEDIUM_COEFFICIENT,NOT_APPLICABLE,0.0015467904477611942,1128.4510946974651,0
P001_G4_EM_COEFFICIENTS,1000912,P001_INFINITE_MEDIUM_COEFFICIENT,NOT_APPLICABLE,0.001546923880597015,1128.190097632558,0
P001_G4_EM_COEFFICIENTS,1000913,P001_INFINITE_MEDIUM_COEFFICIENT,NOT_APPLICABLE,0.0015470573134328358,1127.9291548336287,0
P001_G4_EM_COEFFICIENTS,1000914,P001_INFINITE_MEDIUM_COEFFICIENT,NOT_APPLICABLE,0.0015471907462686568,1127.668296734533,0
P001_G4_EM_COEFFICIENTS,1000915,P001_INFINITE_MEDIUM_COEFFICIENT,NOT_APPLICABLE,0.0015473241791044777,1127.4075263891868,0
P001_G4_EM_COEFFICIENTS,1000916,P001_INFINITE_MEDIUM_COEFFICIENT,NOT_APPLICABLE,0.0015474576119402985,1127.1468421170296,0
P001_G4_EM_COEFFICIENTS,1000917,P001_INFINITE_MEDIUM_COEFFICIENT,NOT_APPLICABLE,0.0015475910447761195,1126.8862424377585,0
P001_G4_EM_COEFFICIENTS,1000918,P001_INFINITE_MEDIUM_COEFFICIENT,NOT_APPLICABLE,0.0015477244776119403,1126.6257273162819,0
P001_G4_EM_COEFFICIENTS,1000919,P001_INFINITE_MEDIUM_COEFFICIENT,NOT_APPLICABLE,0.0015478579104477612,1126.3652967175267,0
P001_G4_EM_COEFFICIENTS,1000920,P001_INFINITE_MEDIUM_COEFFICIENT,NOT_APPLICABLE,0.0015479913432835822,1126.1049506064344,0
P001_G4_EM_COEFFICIENTS,1000921,P001_INFINITE_MEDIUM_COEFFICIENT,NOT_APPLICABLE,0.001548124776119403,1125.8446866962661,0
P001_G4_EM_COEFFICIENTS,1000922,P001_INFINITE_MEDIUM_COEFFICIENT,NOT_APPLICABLE,0.0015482582089552238,1125.5844621986878,0
P001_G4_EM_COEFFICIENTS,1000923,P001_INFINITE_MEDIUM_COEFFICIENT,NOT_APPLICABLE,0.0015483916417910449,1125.3245973898793,0
P001_G4_EM_COEFFICIENTS,1000924,P001_INFINITE_MEDIUM_COEFFICIENT,NOT_APPLICABLE,0.0015485250746268657,1125.0649195873611,0
P001_G4_EM_COEFFICIENTS,1000925,P001_INFINITE_MEDIUM_COEFFICIENT,NOT_APPLICABLE,0.0015486585074626865,1124.8053259265303,0
P001_G4_EM_COEFFICIENTS,1000926,P001_INFINITE_MEDIUM_COEFFICIENT,NOT_APPLICABLE,0.0015487919402985076,1124.5458163725223,0
P001_G4_EM_COEFFICIENTS,1000927,P001_INFINITE_MEDIUM_COEFFICIENT,NOT_APPLICABLE,0.0015489253731343284,1124.2865381711922,0
P001_G4_EM_COEFFICIENTS,1000928,P001_INFINITE_MEDIUM_COEFFICIENT,NOT_APPLICABLE,0.0015490588059701492,1124.027377815421,0
P001_G4_EM_COEFFICIENTS,1000929,P001_INFINITE_MEDIUM_COEFFICIENT,NOT_APPLICABLE,0.0015491922388059702,1123.7683013684086,0
P001_G4_EM_COEFFICIENTS,1000930,P001_INFINITE_MEDIUM_COEFFICIENT,NOT_APPLICABLE,0.0015493256716417911,1123.5093087954099,0
P001_G4_EM_COEFFICIENTS,1000931,P001_INFINITE_MEDIUM_COEFFICIENT,NOT_APPLICABLE,0.0015494591044776119,1123.2476450223112,0
P001_G4_EM_COEFFICIENTS,1000932,P001_INFINITE_MEDIUM_COEFFICIENT,NOT_APPLICABLE,0.0015495925373134329,1122.9830787419603,0
P001_G4_EM_COEFFICIENTS,1000933,P001_INFINITE_MEDIUM_COEFFICIENT,NOT_APPLICABLE,0.0015497259701492537,1122.7185991980048,0
P001_G4_EM_COEFFICIENTS,1000934,P001_INFINITE_MEDIUM_COEFFICIENT,NOT_APPLICABLE,0.0015498594029850746,1122.4542063542381,0
P001_G4_EM_COEFFICIENTS,1000935,P001_INFINITE_MEDIUM_COEFFICIENT,NOT_APPLICABLE,0.0015499928358208956,1122.1899001744703,0
P001_G4_EM_COEFFICIENTS,1000936,P001_INFINITE_MEDIUM_COEFFICIENT,NOT_APPLICABLE,0.0015501262686567164,1121.9256806225326,0
P001_G4_EM_COEFFICIENTS,1000937,P001_INFINITE_MEDIUM_COEFFICIENT,NOT_APPLICABLE,0.0015502597014925372,1121.6615476622715,0
P001_G4_EM_COEFFICIENTS,1000938,P001_INFINITE_MEDIUM_COEFFICIENT,NOT_APPLICABLE,0.0015503931343283583,1121.3975073930685,0
P001_G4_EM_COEFFICIENTS,1000939,P001_INFINITE_MEDIUM_COEFFICIENT,NOT_APPLICABLE,0.0015505265671641791,1121.1335566570717,0
P001_G4_EM_COEFFICIENTS,1000940,P001_INFINITE_MEDIUM_COEFFICIENT,NOT_APPLICABLE,0.0015506599999999999,1120.8696924012563,0
P001_G4_EM_COEFFICIENTS,1000941,P001_INFINITE_MEDIUM_COEFFICIENT,NOT_APPLICABLE,0.001550793432835821,1120.6059145895454,0
P001_G4_EM_COEFFICIENTS,1000942,P001_INFINITE_MEDIUM_COEFFICIENT,NOT_APPLICABLE,0.0015509268656716418,1120.3422231858788,0
P001_G4_EM_COEFFICIENTS,1000943,P001_INFINITE_MEDIUM_COEFFICIENT,NOT_APPLICABLE,0.0015510602985074626,1120.0788982850961,0
P001_G4_EM_COEFFICIENTS,1000944,P001_INFINITE_MEDIUM_COEFFICIENT,NOT_APPLICABLE,0.0015511937313432836,1119.81600411925,0
P001_G4_EM_COEFFICIENTS,1000945,P001_INFINITE_MEDIUM_COEFFICIENT,NOT_APPLICABLE,0.0015513271641791045,1119.5531959310924,0
P001_G4_EM_COEFFICIENTS,1000946,P001_INFINITE_MEDIUM_COEFFICIENT,NOT_APPLICABLE,0.0015514605970149253,1119.2904736848034,0
P001_G4_EM_COEFFICIENTS,1000947,P001_INFINITE_MEDIUM_COEFFICIENT,NOT_APPLICABLE,0.0015515940298507463,1119.027837344579,0
P001_G4_EM_COEFFICIENTS,1000948,P001_INFINITE_MEDIUM_COEFFICIENT,NOT_APPLICABLE,0.0015517274626865672,1118.765286874637,0
P001_G4_EM_COEFFICIENTS,1000949,P001_INFINITE_MEDIUM_COEFFICIENT,NOT_APPLICABLE,0.001551860895522388,1118.5028222392102,0
P001_G4_EM_COEFFICIENTS,1000950,P001_INFINITE_MEDIUM_COEFFICIENT,NOT_APPLICABLE,0.001551994328358209,1118.2404434025495,0
P001_G4_EM_COEFFICIENTS,1000951,P001_INFINITE_MEDIUM_COEFFICIENT,NOT_APPLICABLE,0.0015521277611940298,1117.9781503289269,0
P001_G4_EM_COEFFICIENTS,1000952,P001_INFINITE_MEDIUM_COEFFICIENT,NOT_APPLICABLE,0.0015522611940298507,1117.7159429826288,0
P001_G4_EM_COEFFICIENTS,1000953,P001_INFINITE_MEDIUM_COEFFICIENT,NOT_APPLICABLE,0.0015523946268656717,1117.4538213279629,0
P001_G4_EM_COEFFICIENTS,1000954,P001_INFINITE_MEDIUM_COEFFICIENT,NOT_APPLICABLE,0.0015525280597014925,1117.1917853292521,0
P001_G4_EM_COEFFICIENTS,1000955,P001_INFINITE_MEDIUM_COEFFICIENT,NOT_APPLICABLE,0.0015526614925373133,1116.9297752702976,0
P001_G4_EM_COEFFICIENTS,1000956,P001_INFINITE_MEDIUM_COEFFICIENT,NOT_APPLICABLE,0.0015527949253731344,1116.6677562624923,0
P001_G4_EM_COEFFICIENTS,1000957,P001_INFINITE_MEDIUM_COEFFICIENT,NOT_APPLICABLE,0.0015529283582089552,1116.405850322448,0
P001_G4_EM_COEFFICIENTS,1000958,P001_INFINITE_MEDIUM_COEFFICIENT,NOT_APPLICABLE,0.001553061791044776,1116.1440299611495,0
P001_G4_EM_COEFFICIENTS,1000959,P001_INFINITE_MEDIUM_COEFFICIENT,NOT_APPLICABLE,0.0015531952238805971,1115.8822951429768,0
P001_G4_EM_COEFFICIENTS,1000960,P001_INFINITE_MEDIUM_COEFFICIENT,NOT_APPLICABLE,0.0015533286567164179,1115.62069494871,0
P001_G4_EM_COEFFICIENTS,1000961,P001_INFINITE_MEDIUM_COEFFICIENT,NOT_APPLICABLE,0.0015534620895522387,1115.3592702841108,0
P001_G4_EM_COEFFICIENTS,1000962,P001_INFINITE_MEDIUM_COEFFICIENT,NOT_APPLICABLE,0.0015535955223880597,1115.0980261619957,0
P001_G4_EM_COEFFICIENTS,1000963,P001_INFINITE_MEDIUM_COEFFICIENT,NOT_APPLICABLE,0.0015537289552238806,1114.8368673199916,0
P001_G4_EM_COEFFICIENTS,1000964,P001_INFINITE_MEDIUM_COEFFICIENT,NOT_APPLICABLE,0.0015538623880597014,1114.5757937226297,0
P001_G4_EM_COEFFICIENTS,1000965,P001_INFINITE_MEDIUM_COEFFICIENT,NOT_APPLICABLE,0.0015539958208955224,1114.3148053344605,0
P001_G4_EM_COEFFICIENTS,1000966,P001_INFINITE_MEDIUM_COEFFICIENT,NOT_APPLICABLE,0.0015541292537313432,1114.0539021200523,0
P001_G4_EM_COEFFICIENTS,1000967,P001_INFINITE_MEDIUM_COEFFICIENT,NOT_APPLICABLE,0.0015542626865671641,1113.7930846064107,0
P001_G4_EM_COEFFICIENTS,1000968,P001_INFINITE_MEDIUM_COEFFICIENT,NOT_APPLICABLE,0.0015543961194029851,1113.5323582470833,0
P001_G4_EM_COEFFICIENTS,1000969,P001_INFINITE_MEDIUM_COEFFICIENT,NOT_APPLICABLE,0.0015545295522388059,1113.2717169550656,0
P001_G4_EM_COEFFICIENTS,1000970,P001_INFINITE_MEDIUM_COEFFICIENT,NOT_APPLICABLE,0.0015546629850746267,1113.0111606949947,0
P001_G4_EM_COEFFICIENTS,1000971,P001_INFINITE_MEDIUM_COEFFICIENT,NOT_APPLICABLE,0.0015547964179104478,1112.7506894315279,0
P001_G4_EM_COEFFICIENTS,1000972,P001_INFINITE_MEDIUM_COEFFICIENT,NOT_APPLICABLE,0.0015549298507462686,1112.4903031293393,0
P001_G4_EM_COEFFICIENTS,1000973,P001_INFINITE_MEDIUM_COEFFICIENT,NOT_APPLICABLE,0.0015550632835820894,1112.2300017531213,0
P001_G4_EM_COEFFICIENTS,1000974,P001_INFINITE_MEDIUM_COEFFICIENT,NOT_APPLICABLE,0.0015551967164179105,1111.969785267582,0
P001_G4_EM_COEFFICIENTS,1000975,P001_INFINITE_MEDIUM_COEFFICIENT,NOT_APPLICABLE,0.0015553301492537313,1111.7096536374515,0
P001_G4_EM_COEFFICIENTS,1000976,P001_INFINITE_MEDIUM_COEFFICIENT,NOT_APPLICABLE,0.0015554635820895523,1111.449606827473,0
P001_G4_EM_COEFFICIENTS,1000977,P001_INFINITE_MEDIUM_COEFFICIENT,NOT_APPLICABLE,0.0015555970149253731,1111.1896406374142,0
P001_G4_EM_COEFFICIENTS,1000978,P001_INFINITE_MEDIUM_COEFFICIENT,NOT_APPLICABLE,0.001555730447761194,1110.929756378333,0
P001_G4_EM_COEFFICIENTS,1000979,P001_INFINITE_MEDIUM_COEFFICIENT,NOT_APPLICABLE,0.001555863880597015,1110.6699568373406,0
P001_G4_EM_COEFFICIENTS,1000980,P001_INFINITE_MEDIUM_COEFFICIENT,NOT_APPLICABLE,0.0015559973134328358,1110.4102419792521,0
P001_G4_EM_COEFFICIENTS,1000981,P001_INFINITE_MEDIUM_COEFFICIENT,NOT_APPLICABLE,0.0015561307462686566,1110.1506117688994,0
P001_G4_EM_COEFFICIENTS,1000982,P001_INFINITE_MEDIUM_COEFFICIENT,NOT_APPLICABLE,0.0015562641791044777,1109.891066171132,0
P001_G4_EM_COEFFICIENTS,1000983,P001_INFINITE_MEDIUM_COEFFICIENT,NOT_APPLICABLE,0.0015563976119402985,1109.6316051508177,0
P001_G4_EM_COEFFICIENTS,1000984,P001_INFINITE_MEDIUM_COEFFICIENT,NOT_APPLICABLE,0.0015565310447761193,1109.3722286728419,0
P001_G4_EM_COEFFICIENTS,1000985,P001_INFINITE_MEDIUM_COEFFICIENT,NOT_APPLICABLE,0.0015566644776119404,1109.1129367021065,0
P001_G4_EM_COEFFICIENTS,1000986,P001_INFINITE_MEDIUM_COEFFICIENT,NOT_APPLICABLE,0.0015567979104477612,1108.8537292035337,0
P001_G4_EM_COEFFICIENTS,1000987,P001_INFINITE_MEDIUM_COEFFICIENT,NOT_APPLICABLE,0.001556931343283582,1108.5946055015847,0
P001_G4_EM_COEFFICIENTS,1000988,P001_INFINITE_MEDIUM_COEFFICIENT,NOT_APPLICABLE,0.0015570647761194031,1108.335566148686,0
P001_G4_EM_COEFFICIENTS,1000989,P001_INFINITE_MEDIUM_COEFFICIENT,NOT_APPLICABLE,0.0015571982089552239,1108.0766111631738,0
P001_G4_EM_COEFFICIENTS,1000990,P001_INFINITE_MEDIUM_COEFFICIENT,NOT_APPLICABLE,0.0015573316417910447,1107.8177405100375,0
P001_G4_EM_COEFFICIENTS,1000991,P001_INFINITE_MEDIUM_COEFFICIENT,NOT_APPLICABLE,0.0015574650746268657,1107.5589541542877,0
P001_G4_EM_COEFFICIENTS,1000992,P001_INFINITE_MEDIUM_COEFFICIENT,NOT_APPLICABLE,0.0015575985074626866,1107.3002520609491,0
P001_G4_EM_COEFFICIENTS,1000993,P001_INFINITE_MEDIUM_COEFFICIENT,NOT_APPLICABLE,0.0015577319402985074,1107.0416341950661,0
P001_G4_EM_COEFFICIENTS,1000994,P001_INFINITE_MEDIUM_COEFFICIENT,NOT_APPLICABLE,0.0015578653731343284,1106.7803849358127,0
P001_G4_EM_COEFFICIENTS,1000995,P001_INFINITE_MEDIUM_COEFFICIENT,NOT_APPLICABLE,0.0015579988059701492,1106.5185723449081,0
P001_G4_EM_COEFFICIENTS,1000996,P001_INFINITE_MEDIUM_COEFFICIENT,NOT_APPLICABLE,0.0015581322388059701,1106.2568456046777,0
P001_G4_EM_COEFFICIENTS,1000997,P001_INFINITE_MEDIUM_COEFFICIENT,NOT_APPLICABLE,0.0015582656716417911,1105.9952046793455,0
P001_G4_EM_COEFFICIENTS,1000998,P001_INFINITE_MEDIUM_COEFFICIENT,NOT_APPLICABLE,0.0015583991044776119,1105.7336495331579,0
P001_G4_EM_COEFFICIENTS,1000999,P001_INFINITE_MEDIUM_COEFFICIENT,NOT_APPLICABLE,0.0015585325373134327,1105.4721801303763,0
P001_G4_EM_COEFFICIENTS,1001000,P001_INFINITE_MEDIUM_COEFFICIENT,NOT_APPLICABLE,0.0015586659701492538,1105.2107964352804,0
P001_G4_EM_COEFFICIENTS,1001001,P001_INFINITE_MEDIUM_COEFFICIENT,NOT_APPLICABLE,0.0015587994029850746,1104.9494984121695,0
P001_G4_EM_COEFFICIENTS,1001002,P001_INFINITE_MEDIUM_COEFFICIENT,NOT_APPLICABLE,0.0015589328358208954,1104.6882860253595,0
P001_G4_EM_COEFFICIENTS,1001003,P001_INFINITE_MEDIUM_COEFFICIENT,NOT_APPLICABLE,0.0015590662686567165,1104.4271592391847,0
P001_G4_EM_COEFFICIENTS,1001004,P001_INFINITE_MEDIUM_COEFFICIENT,NOT_APPLICABLE,0.0015591997014925373,1104.1660947254916,0
P001_G4_EM_COEFFICIENTS,1001005,P001_INFINITE_MEDIUM_COEFFICIENT,NOT_APPLICABLE,0.0015593331343283581,1103.9050782948393,0
P001_G4_EM_COEFFICIENTS,1001006,P001_INFINITE_MEDIUM_COEFFICIENT,NOT_APPLICABLE,0.0015594665671641791,1103.6441473891132,0
P001_G4_EM_COEFFICIENTS,1001007,P001_INFINITE_MEDIUM_COEFFICIENT,NOT_APPLICABLE,0.0015596,1103.3833019727035,0
P001_G4_EM_COEFFICIENTS,1001008,P001_INFINITE_MEDIUM_COEFFICIENT,NOT_APPLICABLE,0.0015598997761194029,1102.7965830752487,0
P001_G4_EM_COEFFICIENTS,1001009,P001_INFINITE_MEDIUM_COEFFICIENT,NOT_APPLICABLE,0.0015601995522388059,1102.2097355529975,0
P001_G4_EM_COEFFICIENTS,1001010,P001_INFINITE_MEDIUM_COEFFICIENT,NOT_APPLICABLE,0.0015604993283582088,1101.6233204179616,0
P001_G4_EM_COEFFICIENTS,1001011,P001_INFINITE_MEDIUM_COEFFICIENT,NOT_APPLICABLE,0.001560799104477612,1101.0373372125337,0
P001_G4_EM_COEFFICIENTS,1001012,P001_INFINITE_MEDIUM_COEFFICIENT,NOT_APPLICABLE,0.0015610988805970149,1100.4518068252326,0
P001_G4_EM_COEFFICIENTS,1001013,P001_INFINITE_MEDIUM_COEFFICIENT,NOT_APPLICABLE,0.0015613986567164179,1099.866828173567,0
P001_G4_EM_COEFFICIENTS,1001014,P001_INFINITE_MEDIUM_COEFFICIENT,NOT_APPLICABLE,0.0015616984328358208,1099.2822800774366,0
P001_G4_EM_COEFFICIENTS,1001015,P001_INFINITE_MEDIUM_COEFFICIENT,NOT_APPLICABLE,0.0015619982089552238,1098.6981621343889,0
P001_G4_EM_COEFFICIENTS,1001016,P001_INFINITE_MEDIUM_COEFFICIENT,NOT_APPLICABLE,0.0015622979850746267,1098.1143868476354,0
P001_G4_EM_COEFFICIENTS,1001017,P001_INFINITE_MEDIUM_COEFFICIENT,NOT_APPLICABLE,0.0015625977611940299,1097.5306092388353,0
P001_G4_EM_COEFFICIENTS,1001018,P001_INFINITE_MEDIUM_COEFFICIENT,NOT_APPLICABLE,0.0015628975373134328,1096.947252804202,0
P001_G4_EM_COEFFICIENTS,1001019,P001_INFINITE_MEDIUM_COEFFICIENT,NOT_APPLICABLE,0.0015631973134328358,1096.3642107010776,0
P001_G4_EM_COEFFICIENTS,1001020,P001_INFINITE_MEDIUM_COEFFICIENT,NOT_APPLICABLE,0.0015634970895522387,1095.7816251468169,0
P001_G4_EM_COEFFICIENTS,1001021,P001_INFINITE_MEDIUM_COEFFICIENT,NOT_APPLICABLE,0.0015637968656716417,1095.1986284119312,0
P001_G4_EM_COEFFICIENTS,1001022,P001_INFINITE_MEDIUM_COEFFICIENT,NOT_APPLICABLE,0.0015640966417910446,1170.5018607622385,0
P001_G4_EM_COEFFICIENTS,1001023,P001_INFINITE_MEDIUM_COEFFICIENT,NOT_APPLICABLE,0.0015643964179104478,1169.8903173677115,0
P001_G4_EM_COEFFICIENTS,1001024,P001_INFINITE_MEDIUM_COEFFICIENT,NOT_APPLICABLE,0.0015646961940298507,1169.2792427889133,0
P001_G4_EM_COEFFICIENTS,1001025,P001_INFINITE_MEDIUM_COEFFICIENT,NOT_APPLICABLE,0.0015649959701492537,1168.6686130540975,0
P001_G4_EM_COEFFICIENTS,1001026,P001_INFINITE_MEDIUM_COEFFICIENT,NOT_APPLICABLE,0.0015652957462686566,1168.0584277507155,0
P001_G4_EM_COEFFICIENTS,1001027,P001_INFINITE_MEDIUM_COEFFICIENT,NOT_APPLICABLE,0.0015655955223880596,1167.4486864666819,0
P001_G4_EM_COEFFICIENTS,1001028,P001_INFINITE_MEDIUM_COEFFICIENT,NOT_APPLICABLE,0.0015658952985074625,1166.8391687765329,0
P001_G4_EM_COEFFICIENTS,1001029,P001_INFINITE_MEDIUM_COEFFICIENT,NOT_APPLICABLE,0.0015661950746268657,1166.229674346815,0
P001_G4_EM_COEFFICIENTS,1001030,P001_INFINITE_MEDIUM_COEFFICIENT,NOT_APPLICABLE,0.0015664948507462687,1165.6200735076316,0
P001_G4_EM_COEFFICIENTS,1001031,P001_INFINITE_MEDIUM_COEFFICIENT,NOT_APPLICABLE,0.0015667946268656716,1165.013783120791,0
P001_G4_EM_COEFFICIENTS,1001032,P001_INFINITE_MEDIUM_COEFFICIENT,NOT_APPLICABLE,0.0015670944029850746,1164.4248601660149,0
P001_G4_EM_COEFFICIENTS,1001033,P001_INFINITE_MEDIUM_COEFFICIENT,NOT_APPLICABLE,0.0015673941791044775,1163.8363574225414,0
P001_G4_EM_COEFFICIENTS,1001034,P001_INFINITE_MEDIUM_COEFFICIENT,NOT_APPLICABLE,0.0015676939552238805,1163.2485257805895,0
P001_G4_EM_COEFFICIENTS,1001035,P001_INFINITE_MEDIUM_COEFFICIENT,NOT_APPLICABLE,0.0015679937313432836,1162.6616479704983,0
P001_G4_EM_COEFFICIENTS,1001036,P001_INFINITE_MEDIUM_COEFFICIENT,NOT_APPLICABLE,0.0015682935074626866,1162.0751883189268,0
P001_G4_EM_COEFFICIENTS,1001037,P001_INFINITE_MEDIUM_COEFFICIENT,NOT_APPLICABLE,0.0015685932835820895,1161.4891464438178,0
P001_G4_EM_COEFFICIENTS,1001038,P001_INFINITE_MEDIUM_COEFFICIENT,NOT_APPLICABLE,0.0015688930597014925,1160.9035262319114,0
P001_G4_EM_COEFFICIENTS,1001039,P001_INFINITE_MEDIUM_COEFFICIENT,NOT_APPLICABLE,0.0015691928358208954,1160.3183509416729,0
P001_G4_EM_COEFFICIENTS,1001040,P001_INFINITE_MEDIUM_COEFFICIENT,NOT_APPLICABLE,0.0015694926119402984,1159.7335922596887,0
P001_G4_EM_COEFFICIENTS,1001041,P001_INFINITE_MEDIUM_COEFFICIENT,NOT_APPLICABLE,0.0015697923880597015,1159.149194484319,0
P001_G4_EM_COEFFICIENTS,1001042,P001_INFINITE_MEDIUM_COEFFICIENT,NOT_APPLICABLE,0.0015700921641791045,1158.5652664700647,0
P001_G4_EM_COEFFICIENTS,1001043,P001_INFINITE_MEDIUM_COEFFICIENT,NOT_APPLICABLE,0.0015703919402985074,1157.9818964808458,0
P001_G4_EM_COEFFICIENTS,1001044,P001_INFINITE_MEDIUM_COEFFICIENT,NOT_APPLICABLE,0.0015706917164179104,1157.3989414194562,0
P001_G4_EM_COEFFICIENTS,1001045,P001_INFINITE_MEDIUM_COEFFICIENT,NOT_APPLICABLE,0.0015709914925373133,1156.8164009074258,0
P001_G4_EM_COEFFICIENTS,1001046,P001_INFINITE_MEDIUM_COEFFICIENT,NOT_APPLICABLE,0.0015712912686567163,1156.2342745667045,0
P001_G4_EM_COEFFICIENTS,1001047,P001_INFINITE_MEDIUM_COEFFICIENT,NOT_APPLICABLE,0.0015715910447761194,1155.6525620196603,0
P001_G4_EM_COEFFICIENTS,1001048,P001_INFINITE_MEDIUM_COEFFICIENT,NOT_APPLICABLE,0.0015718908208955224,1155.0712628890835,0
P001_G4_EM_COEFFICIENTS,1001049,P001_INFINITE_MEDIUM_COEFFICIENT,NOT_APPLICABLE,0.0015721905970149253,1154.4903767981791,0
P001_G4_EM_COEFFICIENTS,1001050,P001_INFINITE_MEDIUM_COEFFICIENT,NOT_APPLICABLE,0.0015724903731343283,1153.9099033705716,0
P001_G4_EM_COEFFICIENTS,1001051,P001_INFINITE_MEDIUM_COEFFICIENT,NOT_APPLICABLE,0.0015727901492537312,1153.3298422303005,0
P001_G4_EM_COEFFICIENTS,1001052,P001_INFINITE_MEDIUM_COEFFICIENT,NOT_APPLICABLE,0.0015730899253731342,1152.7501930018263,0
P001_G4_EM_COEFFICIENTS,1001053,P001_INFINITE_MEDIUM_COEFFICIENT,NOT_APPLICABLE,0.0015733897014925374,1152.1709553100202,0
P001_G4_EM_COEFFICIENTS,1001054,P001_INFINITE_MEDIUM_COEFFICIENT,NOT_APPLICABLE,0.0015736894776119403,1151.5921022331245,0
P001_G4_EM_COEFFICIENTS,1001055,P001_INFINITE_MEDIUM_COEFFICIENT,NOT_APPLICABLE,0.0015739892537313433,1151.0136365422602,0
P001_G4_EM_COEFFICIENTS,1001056,P001_INFINITE_MEDIUM_COEFFICIENT,NOT_APPLICABLE,0.0015742890298507462,1150.4355813222417,0
P001_G4_EM_COEFFICIENTS,1001057,P001_INFINITE_MEDIUM_COEFFICIENT,NOT_APPLICABLE,0.0015745888059701492,1149.8579361995362,0
P001_G4_EM_COEFFICIENTS,1001058,P001_INFINITE_MEDIUM_COEFFICIENT,NOT_APPLICABLE,0.0015748885820895521,1149.2803620517757,0
P001_G4_EM_COEFFICIENTS,1001059,P001_INFINITE_MEDIUM_COEFFICIENT,NOT_APPLICABLE,0.0015751883582089553,1148.7030258565969,0
P001_G4_EM_COEFFICIENTS,1001060,P001_INFINITE_MEDIUM_COEFFICIENT,NOT_APPLICABLE,0.0015754881343283582,1148.1261210487764,0
P001_G4_EM_COEFFICIENTS,1001061,P001_INFINITE_MEDIUM_COEFFICIENT,NOT_APPLICABLE,0.0015757879104477612,1147.5496626700199,0
P001_G4_EM_COEFFICIENTS,1001062,P001_INFINITE_MEDIUM_COEFFICIENT,NOT_APPLICABLE,0.0015760876865671641,1146.9759736558817,0
P001_G4_EM_COEFFICIENTS,1001063,P001_INFINITE_MEDIUM_COEFFICIENT,NOT_APPLICABLE,0.0015763874626865671,1146.3958278915713,0
P001_G4_EM_COEFFICIENTS,1001064,P001_INFINITE_MEDIUM_COEFFICIENT,NOT_APPLICABLE,0.00157668723880597,1145.8151959169511,0
P001_G4_EM_COEFFICIENTS,1001065,P001_INFINITE_MEDIUM_COEFFICIENT,NOT_APPLICABLE,0.0015769870149253732,1145.2348244552895,0
P001_G4_EM_COEFFICIENTS,1001066,P001_INFINITE_MEDIUM_COEFFICIENT,NOT_APPLICABLE,0.0015772867910447761,1144.6548619987002,0
P001_G4_EM_COEFFICIENTS,1001067,P001_INFINITE_MEDIUM_COEFFICIENT,NOT_APPLICABLE,0.0015775865671641791,1144.0752985404429,0
P001_G4_EM_COEFFICIENTS,1001068,P001_INFINITE_MEDIUM_COEFFICIENT,NOT_APPLICABLE,0.001577886343283582,1143.4961479446574,0
P001_G4_EM_COEFFICIENTS,1001069,P001_INFINITE_MEDIUM_COEFFICIENT,NOT_APPLICABLE,0.001578186119402985,1142.9173762289909,0
P001_G4_EM_COEFFICIENTS,1001070,P001_INFINITE_MEDIUM_COEFFICIENT,NOT_APPLICABLE,0.0015784858955223879,1142.3389665877341,0
P001_G4_EM_COEFFICIENTS,1001071,P001_INFINITE_MEDIUM_COEFFICIENT,NOT_APPLICABLE,0.0015787856716417909,1141.7609687762431,0
P001_G4_EM_COEFFICIENTS,1001072,P001_INFINITE_MEDIUM_COEFFICIENT,NOT_APPLICABLE,0.001579085447761194,1141.1833824192449,0
P001_G4_EM_COEFFICIENTS,1001073,P001_INFINITE_MEDIUM_COEFFICIENT,NOT_APPLICABLE,0.001579385223880597,1140.6062071418853,0
P001_G4_EM_COEFFICIENTS,1001074,P001_INFINITE_MEDIUM_COEFFICIENT,NOT_APPLICABLE,0.0015796849999999999,1140.0294425697225,0
P001_G4_EM_COEFFICIENTS,1001075,P001_INFINITE_MEDIUM_COEFFICIENT,NOT_APPLICABLE,0.0015799847761194029,1139.4530883287321,0
P001_G4_EM_COEFFICIENTS,1001076,P001_INFINITE_MEDIUM_COEFFICIENT,NOT_APPLICABLE,0.0015802845522388058,1138.8771440452986,0
P001_G4_EM_COEFFICIENTS,1001077,P001_INFINITE_MEDIUM_COEFFICIENT,NOT_APPLICABLE,0.0015805843283582088,1138.3016326323259,0
P001_G4_EM_COEFFICIENTS,1001078,P001_INFINITE_MEDIUM_COEFFICIENT,NOT_APPLICABLE,0.001580884104477612,1137.7265282471781,0
P001_G4_EM_COEFFICIENTS,1001079,P001_INFINITE_MEDIUM_COEFFICIENT,NOT_APPLICABLE,0.0015811838805970149,1137.1518326719647,0
P001_G4_EM_COEFFICIENTS,1001080,P001_INFINITE_MEDIUM_COEFFICIENT,NOT_APPLICABLE,0.0015814836567164179,1136.5773799576843,0
P001_G4_EM_COEFFICIENTS,1001081,P001_INFINITE_MEDIUM_COEFFICIENT,NOT_APPLICABLE,0.0015817834328358208,1135.9980851372748,0
P001_G4_EM_COEFFICIENTS,1001082,P001_INFINITE_MEDIUM_COEFFICIENT,NOT_APPLICABLE,0.0015820832089552238,1135.4192041682425,0
P001_G4_EM_COEFFICIENTS,1001083,P001_INFINITE_MEDIUM_COEFFICIENT,NOT_APPLICABLE,0.0015823829850746267,1134.8407366728961,0
P001_G4_EM_COEFFICIENTS,1001084,P001_INFINITE_MEDIUM_COEFFICIENT,NOT_APPLICABLE,0.0015826827611940299,1134.2626822739628,0
P001_G4_EM_COEFFICIENTS,1001085,P001_INFINITE_MEDIUM_COEFFICIENT,NOT_APPLICABLE,0.0015829825373134328,1133.68504059459,0
P001_G4_EM_COEFFICIENTS,1001086,P001_INFINITE_MEDIUM_COEFFICIENT,NOT_APPLICABLE,0.0015832823134328358,1133.1078112583398,0
P001_G4_EM_COEFFICIENTS,1001087,P001_INFINITE_MEDIUM_COEFFICIENT,NOT_APPLICABLE,0.0015835820895522387,1132.5309735515973,0
P001_G4_EM_COEFFICIENTS,1001088,P001_INFINITE_MEDIUM_COEFFICIENT,NOT_APPLICABLE,0.0015838818656716417,1131.9540006396121,0
P001_G4_EM_COEFFICIENTS,1001089,P001_INFINITE_MEDIUM_COEFFICIENT,NOT_APPLICABLE,0.0015841816417910446,1131.3774120599101,0
P001_G4_EM_COEFFICIENTS,1001090,P001_INFINITE_MEDIUM_COEFFICIENT,NOT_APPLICABLE,0.0015844814179104478,1130.8012831113022,0
P001_G4_EM_COEFFICIENTS,1001091,P001_INFINITE_MEDIUM_COEFFICIENT,NOT_APPLICABLE,0.0015847811940298507,1130.2255652488207,0
P001_G4_EM_COEFFICIENTS,1001092,P001_INFINITE_MEDIUM_COEFFICIENT,NOT_APPLICABLE,0.0015850809701492537,1129.6499933269417,0
P001_G4_EM_COEFFICIENTS,1001093,P001_INFINITE_MEDIUM_COEFFICIENT,NOT_APPLICABLE,0.0015853807462686566,1129.0746747680962,0
P001_G4_EM_COEFFICIENTS,1001094,P001_INFINITE_MEDIUM_COEFFICIENT,NOT_APPLICABLE,0.0015856805223880596,1128.4997666575566,0
P001_G4_EM_COEFFICIENTS,1001095,P001_INFINITE_MEDIUM_COEFFICIENT,NOT_APPLICABLE,0.0015859802985074625,1127.9252686172756,0
P001_G4_EM_COEFFICIENTS,1001096,P001_INFINITE_MEDIUM_COEFFICIENT,NOT_APPLICABLE,0.0015862800746268657,1127.3511802737146,0
P001_G4_EM_COEFFICIENTS,1001097,P001_INFINITE_MEDIUM_COEFFICIENT,NOT_APPLICABLE,0.0015865798507462686,1126.7775012537497,0
P001_G4_EM_COEFFICIENTS,1001098,P001_INFINITE_MEDIUM_COEFFICIENT,NOT_APPLICABLE,0.0015868796268656716,1126.2042311846674,0
P001_G4_EM_COEFFICIENTS,1001099,P001_INFINITE_MEDIUM_COEFFICIENT,NOT_APPLICABLE,0.0015871794029850745,1125.6307676247206,0
P001_G4_EM_COEFFICIENTS,1001100,P001_INFINITE_MEDIUM_COEFFICIENT,NOT_APPLICABLE,0.0015874791791044775,1125.0498268191552,0
P001_G4_EM_COEFFICIENTS,1001101,P001_INFINITE_MEDIUM_COEFFICIENT,NOT_APPLICABLE,0.0015877789552238804,1124.4693034484187,0
P001_G4_EM_COEFFICIENTS,1001102,P001_INFINITE_MEDIUM_COEFFICIENT,NOT_APPLICABLE,0.0015880787313432836,1123.8891971305807,0
P001_G4_EM_COEFFICIENTS,1001103,P001_INFINITE_MEDIUM_COEFFICIENT,NOT_APPLICABLE,0.0015883785074626866,1123.3095074841344,0
P001_G4_EM_COEFFICIENTS,1001104,P001_INFINITE_MEDIUM_COEFFICIENT,NOT_APPLICABLE,0.0015886782835820895,1122.7302497479675,0
P001_G4_EM_COEFFICIENTS,1001105,P001_INFINITE_MEDIUM_COEFFICIENT,NOT_APPLICABLE,0.0015889780597014925,1122.1514557264809,0
P001_G4_EM_COEFFICIENTS,1001106,P001_INFINITE_MEDIUM_COEFFICIENT,NOT_APPLICABLE,0.0015892778358208954,1121.5731243539715,0
P001_G4_EM_COEFFICIENTS,1001107,P001_INFINITE_MEDIUM_COEFFICIENT,NOT_APPLICABLE,0.0015895776119402984,1120.9952080060305,0
P001_G4_EM_COEFFICIENTS,1001108,P001_INFINITE_MEDIUM_COEFFICIENT,NOT_APPLICABLE,0.0015898773880597015,1120.4177895430473,0
P001_G4_EM_COEFFICIENTS,1001109,P001_INFINITE_MEDIUM_COEFFICIENT,NOT_APPLICABLE,0.0015901771641791045,1119.8407165609863,0
P001_G4_EM_COEFFICIENTS,1001110,P001_INFINITE_MEDIUM_COEFFICIENT,NOT_APPLICABLE,0.0015904769402985074,1119.2640463607677,0
P001_G4_EM_COEFFICIENTS,1001111,P001_INFINITE_MEDIUM_COEFFICIENT,NOT_APPLICABLE,0.0015907767164179104,1118.6873717593719,0
P001_G4_EM_COEFFICIENTS,1001112,P001_INFINITE_MEDIUM_COEFFICIENT,NOT_APPLICABLE,0.0015910764925373133,1118.1111107589884,0
P001_G4_EM_COEFFICIENTS,1001113,P001_INFINITE_MEDIUM_COEFFICIENT,NOT_APPLICABLE,0.0015913762686567163,1117.5352629819236,0
P001_G4_EM_COEFFICIENTS,1001114,P001_INFINITE_MEDIUM_COEFFICIENT,NOT_APPLICABLE,0.0015916760447761194,1116.9598280509019,0
P001_G4_EM_COEFFICIENTS,1001115,P001_INFINITE_MEDIUM_COEFFICIENT,NOT_APPLICABLE,0.0015919758208955224,1116.3845310174008,0
P001_G4_EM_COEFFICIENTS,1001116,P001_INFINITE_MEDIUM_COEFFICIENT,NOT_APPLICABLE,0.0015922755970149253,1115.8095558378734,0
P001_G4_EM_COEFFICIENTS,1001117,P001_INFINITE_MEDIUM_COEFFICIENT,NOT_APPLICABLE,0.0015925753731343283,1115.2349927870632,0
P001_G4_EM_COEFFICIENTS,1001118,P001_INFINITE_MEDIUM_COEFFICIENT,NOT_APPLICABLE,0.0015928751492537312,1114.6608414888963,0
P001_G4_EM_COEFFICIENTS,1001119,P001_INFINITE_MEDIUM_COEFFICIENT,NOT_APPLICABLE,0.0015931749253731342,1114.0871015677135,0
P001_G4_EM_COEFFICIENTS,1001120,P001_INFINITE_MEDIUM_COEFFICIENT,NOT_APPLICABLE,0.0015934747014925373,1113.5137713210363,0
P001_G4_EM_COEFFICIENTS,1001121,P001_INFINITE_MEDIUM_COEFFICIENT,NOT_APPLICABLE,0.0015937744776119403,1112.9407765522333,0
P001_G4_EM_COEFFICIENTS,1001122,P001_INFINITE_MEDIUM_COEFFICIENT,NOT_APPLICABLE,0.0015940742537313432,1112.3686806280944,0
P001_G4_EM_COEFFICIENTS,1001123,P001_INFINITE_MEDIUM_COEFFICIENT,NOT_APPLICABLE,0.0015943740298507462,1111.7976761710702,0
P001_G4_EM_COEFFICIENTS,1001124,P001_INFINITE_MEDIUM_COEFFICIENT,NOT_APPLICABLE,0.0015946738059701491,1111.2270216664567,0
P001_G4_EM_COEFFICIENTS,1001125,P001_INFINITE_MEDIUM_COEFFICIENT,NOT_APPLICABLE,0.0015949735820895521,1110.6567530034208,0
P001_G4_EM_COEFFICIENTS,1001126,P001_INFINITE_MEDIUM_COEFFICIENT,NOT_APPLICABLE,0.0015952733582089553,1110.081545099436,0
P001_G4_EM_COEFFICIENTS,1001127,P001_INFINITE_MEDIUM_COEFFICIENT,NOT_APPLICABLE,0.0015955731343283582,1109.5062172679718,0
P001_G4_EM_COEFFICIENTS,1001128,P001_INFINITE_MEDIUM_COEFFICIENT,NOT_APPLICABLE,0.0015958729104477612,1108.9312402189473,0
P001_G4_EM_COEFFICIENTS,1001129,P001_INFINITE_MEDIUM_COEFFICIENT,NOT_APPLICABLE,0.0015961726865671641,1108.3565908245114,0
P001_G4_EM_COEFFICIENTS,1001130,P001_INFINITE_MEDIUM_COEFFICIENT,NOT_APPLICABLE,0.001596472462686567,1107.7822483445484,0
P001_G4_EM_COEFFICIENTS,1001131,P001_INFINITE_MEDIUM_COEFFICIENT,NOT_APPLICABLE,0.00159677223880597,1107.2082754665723,0
P001_G4_EM_COEFFICIENTS,1001132,P001_INFINITE_MEDIUM_COEFFICIENT,NOT_APPLICABLE,0.0015970720149253732,1106.63473754201,0
P001_G4_EM_COEFFICIENTS,1001133,P001_INFINITE_MEDIUM_COEFFICIENT,NOT_APPLICABLE,0.0015973717910447761,1106.0621584425212,0
P001_G4_EM_COEFFICIENTS,1001134,P001_INFINITE_MEDIUM_COEFFICIENT,NOT_APPLICABLE,0.0015976715671641791,1105.4899902730358,0
P001_G4_EM_COEFFICIENTS,1001135,P001_INFINITE_MEDIUM_COEFFICIENT,NOT_APPLICABLE,0.001597971343283582,1104.9182326586888,0
P001_G4_EM_COEFFICIENTS,1001136,P001_INFINITE_MEDIUM_COEFFICIENT,NOT_APPLICABLE,0.001598271119402985,1104.3468852250301,0
P001_G4_EM_COEFFICIENTS,1001137,P001_INFINITE_MEDIUM_COEFFICIENT,NOT_APPLICABLE,0.0015985708955223879,1103.7759475980213,0
P001_G4_EM_COEFFICIENTS,1001138,P001_INFINITE_MEDIUM_COEFFICIENT,NOT_APPLICABLE,0.0015988706716417909,1103.2054194040377,0
P001_G4_EM_COEFFICIENTS,1001139,P001_INFINITE_MEDIUM_COEFFICIENT,NOT_APPLICABLE,0.001599170447761194,1102.635294732969,0
P001_G4_EM_COEFFICIENTS,1001140,P001_INFINITE_MEDIUM_COEFFICIENT,NOT_APPLICABLE,0.001599470223880597,1102.0655496833988,0
P001_G4_EM_COEFFICIENTS,1001141,P001_INFINITE_MEDIUM_COEFFICIENT,NOT_APPLICABLE,0.0015997699999999999,1101.4962129743858,0
P001_G4_EM_COEFFICIENTS,1001142,P001_INFINITE_MEDIUM_COEFFICIENT,NOT_APPLICABLE,0.0016000697761194029,1100.927284233929,0
P001_G4_EM_COEFFICIENTS,1001143,P001_INFINITE_MEDIUM_COEFFICIENT,NOT_APPLICABLE,0.0016003695522388058,1100.3587630904383,0
P001_G4_EM_COEFFICIENTS,1001144,P001_INFINITE_MEDIUM_COEFFICIENT,NOT_APPLICABLE,0.0016006693283582088,1099.7906491727335,0
P001_G4_EM_COEFFICIENTS,1001145,P001_INFINITE_MEDIUM_COEFFICIENT,NOT_APPLICABLE,0.0016009691044776119,1099.2249806427594,0
P001_G4_EM_COEFFICIENTS,1001146,P001_INFINITE_MEDIUM_COEFFICIENT,NOT_APPLICABLE,0.0016012688805970149,1098.6784711289138,0
P001_G4_EM_COEFFICIENTS,1001147,P001_INFINITE_MEDIUM_COEFFICIENT,NOT_APPLICABLE,0.0016015686567164178,1098.1323443841052,0
P001_G4_EM_COEFFICIENTS,1001148,P001_INFINITE_MEDIUM_COEFFICIENT,NOT_APPLICABLE,0.0016018684328358208,1097.5866000649974,0
P001_G4_EM_COEFFICIENTS,1001149,P001_INFINITE_MEDIUM_COEFFICIENT,NOT_APPLICABLE,0.0016021682089552237,1097.0412378286251,0
P001_G4_EM_COEFFICIENTS,1001150,P001_INFINITE_MEDIUM_COEFFICIENT,NOT_APPLICABLE,0.0016024679850746267,1096.4962573323978,0
P001_G4_EM_COEFFICIENTS,1001151,P001_INFINITE_MEDIUM_COEFFICIENT,NOT_APPLICABLE,0.0016027677611940299,1095.9504775364023,0
P001_G4_EM_COEFFICIENTS,1001152,P001_INFINITE_MEDIUM_COEFFICIENT,NOT_APPLICABLE,0.0016030675373134328,1095.4035588434135,0
P001_G4_EM_COEFFICIENTS,1001153,P001_INFINITE_MEDIUM_COEFFICIENT,NOT_APPLICABLE,0.0016033673134328357,1094.8534044222811,0
P001_G4_EM_COEFFICIENTS,1001154,P001_INFINITE_MEDIUM_COEFFICIENT,NOT_APPLICABLE,0.0016036670895522387,1094.2983896665557,0
P001_G4_EM_COEFFICIENTS,1001155,P001_INFINITE_MEDIUM_COEFFICIENT,NOT_APPLICABLE,0.0016039668656716416,1093.7437438856839,0
P001_G4_EM_COEFFICIENTS,1001156,P001_INFINITE_MEDIUM_COEFFICIENT,NOT_APPLICABLE,0.0016042666417910446,1093.1894760465343,0
P001_G4_EM_COEFFICIENTS,1001157,P001_INFINITE_MEDIUM_COEFFICIENT,NOT_APPLICABLE,0.0016045664179104478,1092.635600534586,0
P001_G4_EM_COEFFICIENTS,1001158,P001_INFINITE_MEDIUM_COEFFICIENT,NOT_APPLICABLE,0.0016048661940298507,1092.0821169956832,0
P001_G4_EM_COEFFICIENTS,1001159,P001_INFINITE_MEDIUM_COEFFICIENT,NOT_APPLICABLE,0.0016051659701492537,1091.5290250760538,0
P001_G4_EM_COEFFICIENTS,1001160,P001_INFINITE_MEDIUM_COEFFICIENT,NOT_APPLICABLE,0.0016054657462686566,1090.9763244223161,0
P001_G4_EM_COEFFICIENTS,1001161,P001_INFINITE_MEDIUM_COEFFICIENT,NOT_APPLICABLE,0.0016057655223880596,1090.4240146814734,0
P001_G4_EM_COEFFICIENTS,1001162,P001_INFINITE_MEDIUM_COEFFICIENT,NOT_APPLICABLE,0.0016060652985074625,1089.8720955009151,0
P001_G4_EM_COEFFICIENTS,1001163,P001_INFINITE_MEDIUM_COEFFICIENT,NOT_APPLICABLE,0.0016063650746268657,1089.3205665284167,0
P001_G4_EM_COEFFICIENTS,1001164,P001_INFINITE_MEDIUM_COEFFICIENT,NOT_APPLICABLE,0.0016066648507462686,1088.7694274121395,0
P001_G4_EM_COEFFICIENTS,1001165,P001_INFINITE_MEDIUM_COEFFICIENT,NOT_APPLICABLE,0.0016069646268656716,1088.2186778006296,0
P001_G4_EM_COEFFICIENTS,1001166,P001_INFINITE_MEDIUM_COEFFICIENT,NOT_APPLICABLE,0.0016072644029850745,1087.6685411811416,0
P001_G4_EM_COEFFICIENTS,1001167,P001_INFINITE_MEDIUM_COEFFICIENT,NOT_APPLICABLE,0.0016075641791044775,1087.1188220499423,0
P001_G4_EM_COEFFICIENTS,1001168,P001_INFINITE_MEDIUM_COEFFICIENT,NOT_APPLICABLE,0.0016078639552238804,1086.5694910889663,0
P001_G4_EM_COEFFICIENTS,1001169,P001_INFINITE_MEDIUM_COEFFICIENT,NOT_APPLICABLE,0.0016081637313432836,1086.0205538283083,0
P001_G4_EM_COEFFICIENTS,1001170,P001_INFINITE_MEDIUM_COEFFICIENT,NOT_APPLICABLE,0.0016084635074626865,1085.4720401691109,0
P001_G4_EM_COEFFICIENTS,1001171,P001_INFINITE_MEDIUM_COEFFICIENT,NOT_APPLICABLE,0.0016087632835820895,1084.9239523526905,0
P001_G4_EM_COEFFICIENTS,1001172,P001_INFINITE_MEDIUM_COEFFICIENT,NOT_APPLICABLE,0.0016090630597014924,1084.3762512201288,0
P001_G4_EM_COEFFICIENTS,1001173,P001_INFINITE_MEDIUM_COEFFICIENT,NOT_APPLICABLE,0.0016093628358208954,1083.8289364234454,0
P001_G4_EM_COEFFICIENTS,1001174,P001_INFINITE_MEDIUM_COEFFICIENT,NOT_APPLICABLE,0.0016096626119402983,1083.2820076150415,0
P001_G4_EM_COEFFICIENTS,1001175,P001_INFINITE_MEDIUM_COEFFICIENT,NOT_APPLICABLE,0.0016099623880597015,1082.7354442732224,0
P001_G4_EM_COEFFICIENTS,1001176,P001_INFINITE_MEDIUM_COEFFICIENT,NOT_APPLICABLE,0.0016102621641791044,1082.1892358209143,0
P001_G4_EM_COEFFICIENTS,1001177,P001_INFINITE_MEDIUM_COEFFICIENT,NOT_APPLICABLE,0.0016105619402985074,1081.6443766880257,0
P001_G4_EM_COEFFICIENTS,1001178,P001_INFINITE_MEDIUM_COEFFICIENT,NOT_APPLICABLE,0.0016108617164179103,1081.0994813994569,0
P001_G4_EM_COEFFICIENTS,1001179,P001_INFINITE_MEDIUM_COEFFICIENT,NOT_APPLICABLE,0.0016111614925373133,1080.5547201147747,0
P001_G4_EM_COEFFICIENTS,1001180,P001_INFINITE_MEDIUM_COEFFICIENT,NOT_APPLICABLE,0.0016114612686567162,1080.0103424695078,0
P001_G4_EM_COEFFICIENTS,1001181,P001_INFINITE_MEDIUM_COEFFICIENT,NOT_APPLICABLE,0.0016117610447761194,1079.4664651226153,0
P001_G4_EM_COEFFICIENTS,1001182,P001_INFINITE_MEDIUM_COEFFICIENT,NOT_APPLICABLE,0.0016120608208955224,1078.9230063203443,0
P001_G4_EM_COEFFICIENTS,1001183,P001_INFINITE_MEDIUM_COEFFICIENT,NOT_APPLICABLE,0.0016123605970149253,1078.379929954436,0
P001_G4_EM_COEFFICIENTS,1001184,P001_INFINITE_MEDIUM_COEFFICIENT,NOT_APPLICABLE,0.0016126603731343283,1077.8370692924714,0
P001_G4_EM_COEFFICIENTS,1001185,P001_INFINITE_MEDIUM_COEFFICIENT,NOT_APPLICABLE,0.0016129601492537312,1077.2944305547524,0
P001_G4_EM_COEFFICIENTS,1001186,P001_INFINITE_MEDIUM_COEFFICIENT,NOT_APPLICABLE,0.0016132599253731342,1076.7521716916292,0
P001_G4_EM_COEFFICIENTS,1001187,P001_INFINITE_MEDIUM_COEFFICIENT,NOT_APPLICABLE,0.0016135597014925373,1076.2102942591391,0
P001_G4_EM_COEFFICIENTS,1001188,P001_INFINITE_MEDIUM_COEFFICIENT,NOT_APPLICABLE,0.0016138594776119403,1075.6687979150322,0
P001_G4_EM_COEFFICIENTS,1001189,P001_INFINITE_MEDIUM_COEFFICIENT,NOT_APPLICABLE,0.0016141592537313432,1075.127273113568,0
P001_G4_EM_COEFFICIENTS,1001190,P001_INFINITE_MEDIUM_COEFFICIENT,NOT_APPLICABLE,0.0016144590298507462,1074.5859468542781,0
P001_G4_EM_COEFFICIENTS,1001191,P001_INFINITE_MEDIUM_COEFFICIENT,NOT_APPLICABLE,0.0016147588059701491,1074.0450013171908,0
P001_G4_EM_COEFFICIENTS,1001192,P001_INFINITE_MEDIUM_COEFFICIENT,NOT_APPLICABLE,0.0016150585820895521,1073.5043746912688,0
P001_G4_EM_COEFFICIENTS,1001193,P001_INFINITE_MEDIUM_COEFFICIENT,NOT_APPLICABLE,0.001615358358208955,1072.9640433992697,0
P001_G4_EM_COEFFICIENTS,1001194,P001_INFINITE_MEDIUM_COEFFICIENT,NOT_APPLICABLE,0.0016156581343283582,1072.4240919688066,0
P001_G4_EM_COEFFICIENTS,1001195,P001_INFINITE_MEDIUM_COEFFICIENT,NOT_APPLICABLE,0.0016159579104477611,1071.8845200593132,0
P001_G4_EM_COEFFICIENTS,1001196,P001_INFINITE_MEDIUM_COEFFICIENT,NOT_APPLICABLE,0.0016162576865671641,1071.3453273305936,0
P001_G4_EM_COEFFICIENTS,1001197,P001_INFINITE_MEDIUM_COEFFICIENT,NOT_APPLICABLE,0.001616557462686567,1070.8065134428218,0
P001_G4_EM_COEFFICIENTS,1001198,P001_INFINITE_MEDIUM_COEFFICIENT,NOT_APPLICABLE,0.00161685723880597,1070.2680780565402,0
P001_G4_EM_COEFFICIENTS,1001199,P001_INFINITE_MEDIUM_COEFFICIENT,NOT_APPLICABLE,0.0016171570149253731,1069.7300208326608,0
P001_G4_EM_COEFFICIENTS,1001200,P001_INFINITE_MEDIUM_COEFFICIENT,NOT_APPLICABLE,0.0016174567910447761,1069.1923414324654,0
P001_G4_EM_COEFFICIENTS,1001201,P001_INFINITE_MEDIUM_COEFFICIENT,NOT_APPLICABLE,0.001617756567164179,1068.6550395176005,0
P001_G4_EM_COEFFICIENTS,1001202,P001_INFINITE_MEDIUM_COEFFICIENT,NOT_APPLICABLE,0.001618056343283582,1068.1181147500824,0
P001_G4_EM_COEFFICIENTS,1001203,P001_INFINITE_MEDIUM_COEFFICIENT,NOT_APPLICABLE,0.0016183561194029849,1067.5815667922943,0
P001_G4_EM_COEFFICIENTS,1001204,P001_INFINITE_MEDIUM_COEFFICIENT,NOT_APPLICABLE,0.0016186558955223879,1067.0453953228975,0
P001_G4_EM_COEFFICIENTS,1001205,P001_INFINITE_MEDIUM_COEFFICIENT,NOT_APPLICABLE,0.0016189556716417908,1066.5096000223944,0
P001_G4_EM_COEFFICIENTS,1001206,P001_INFINITE_MEDIUM_COEFFICIENT,NOT_APPLICABLE,0.001619255447761194,1065.9741805209112,0
P001_G4_EM_COEFFICIENTS,1001207,P001_INFINITE_MEDIUM_COEFFICIENT,NOT_APPLICABLE,0.001619555223880597,1065.439136482293,0
P001_G4_EM_COEFFICIENTS,1001208,P001_INFINITE_MEDIUM_COEFFICIENT,NOT_APPLICABLE,0.0016198549999999999,1064.9044675707501,0
P001_G4_EM_COEFFICIENTS,1001209,P001_INFINITE_MEDIUM_COEFFICIENT,NOT_APPLICABLE,0.0017734700000000001,831.23958144510686,0
P001_G4_EM_COEFFICIENTS,1001210,P001_INFINITE_MEDIUM_COEFFICIENT,NOT_APPLICABLE,0.0017737955223880598,830.8223579359659,0
P001_G4_EM_COEFFICIENTS,1001211,P001_INFINITE_MEDIUM_COEFFICIENT,NOT_APPLICABLE,0.0017741210447761195,830.40531080793528,0
P001_G4_EM_COEFFICIENTS,1001212,P001_INFINITE_MEDIUM_COEFFICIENT,NOT_APPLICABLE,0.0017744465671641792,829.98843092184438,0
P001_G4_EM_COEFFICIENTS,1001213,P001_INFINITE_MEDIUM_COEFFICIENT,NOT_APPLICABLE,0.0017747720895522389,829.57121346750512,0
P001_G4_EM_COEFFICIENTS,1001214,P001_INFINITE_MEDIUM_COEFFICIENT,NOT_APPLICABLE,0.0017750976119402986,829.15428750377328,0
P001_G4_EM_COEFFICIENTS,1001215,P001_INFINITE_MEDIUM_COEFFICIENT,NOT_APPLICABLE,0.0017754231343283583,828.7376529576552,0
P001_G4_EM_COEFFICIENTS,1001216,P001_INFINITE_MEDIUM_COEFFICIENT,NOT_APPLICABLE,0.001775748656716418,828.32130953437411,0
P001_G4_EM_COEFFICIENTS,1001217,P001_INFINITE_MEDIUM_COEFFICIENT,NOT_APPLICABLE,0.0017760741791044777,827.90525239309318,0
P001_G4_EM_COEFFICIENTS,1001218,P001_INFINITE_MEDIUM_COEFFICIENT,NOT_APPLICABLE,0.0017763997014925374,827.49016427528215,0
P001_G4_EM_COEFFICIENTS,1001219,P001_INFINITE_MEDIUM_COEFFICIENT,NOT_APPLICABLE,0.0017767252238805971,827.07683342879102,0
P001_G4_EM_COEFFICIENTS,1001220,P001_INFINITE_MEDIUM_COEFFICIENT,NOT_APPLICABLE,0.0017770507462686568,826.66379016861504,0
P001_G4_EM_COEFFICIENTS,1001221,P001_INFINITE_MEDIUM_COEFFICIENT,NOT_APPLICABLE,0.0017773762686567164,826.25103423981886,0
P001_G4_EM_COEFFICIENTS,1001222,P001_INFINITE_MEDIUM_COEFFICIENT,NOT_APPLICABLE,0.0017777017910447761,825.83856538773966,0
P001_G4_EM_COEFFICIENTS,1001223,P001_INFINITE_MEDIUM_COEFFICIENT,NOT_APPLICABLE,0.0017780273134328358,825.42638335799063,0
P001_G4_EM_COEFFICIENTS,1001224,P001_INFINITE_MEDIUM_COEFFICIENT,NOT_APPLICABLE,0.0017783528358208955,825.01459675063779,0
P001_G4_EM_COEFFICIENTS,1001225,P001_INFINITE_MEDIUM_COEFFICIENT,NOT_APPLICABLE,0.0017786783582089552,824.60346718925712,0
P001_G4_EM_COEFFICIENTS,1001226,P001_INFINITE_MEDIUM_COEFFICIENT,NOT_APPLICABLE,0.0017790038805970149,824.191203447985,0
P001_G4_EM_COEFFICIENTS,1001227,P001_INFINITE_MEDIUM_COEFFICIENT,NOT_APPLICABLE,0.0017793294029850746,823.77293485524581,0
P001_G4_EM_COEFFICIENTS,1001228,P001_INFINITE_MEDIUM_COEFFICIENT,NOT_APPLICABLE,0.0017796549253731343,823.3549525439239,0
P001_G4_EM_COEFFICIENTS,1001229,P001_INFINITE_MEDIUM_COEFFICIENT,NOT_APPLICABLE,0.001779980447761194,822.93726346836661,0
P001_G4_EM_COEFFICIENTS,1001230,P001_INFINITE_MEDIUM_COEFFICIENT,NOT_APPLICABLE,0.0017803059701492537,822.51977117718548,0
P001_G4_EM_COEFFICIENTS,1001231,P001_INFINITE_MEDIUM_COEFFICIENT,NOT_APPLICABLE,0.0017806314925373134,822.10226471452347,0
P001_G4_EM_COEFFICIENTS,1001232,P001_INFINITE_MEDIUM_COEFFICIENT,NOT_APPLICABLE,0.0017809570149253731,821.68505114689299,0
P001_G4_EM_COEFFICIENTS,1001233,P001_INFINITE_MEDIUM_COEFFICIENT,NOT_APPLICABLE,0.0017812825373134328,821.26813021346823,0
P001_G4_EM_COEFFICIENTS,1001234,P001_INFINITE_MEDIUM_COEFFICIENT,NOT_APPLICABLE,0.0017816080597014925,820.85150165370112,0
P001_G4_EM_COEFFICIENTS,1001235,P001_INFINITE_MEDIUM_COEFFICIENT,NOT_APPLICABLE,0.0017819335820895524,820.43516520732692,0
P001_G4_EM_COEFFICIENTS,1001236,P001_INFINITE_MEDIUM_COEFFICIENT,NOT_APPLICABLE,0.0017822591044776121,820.01912061435985,0
P001_G4_EM_COEFFICIENTS,1001237,P001_INFINITE_MEDIUM_COEFFICIENT,NOT_APPLICABLE,0.0017825846268656718,819.60336761509438,0
P001_G4_EM_COEFFICIENTS,1001238,P001_INFINITE_MEDIUM_COEFFICIENT,NOT_APPLICABLE,0.0017829101492537315,819.18788232637314,0
P001_G4_EM_COEFFICIENTS,1001239,P001_INFINITE_MEDIUM_COEFFICIENT,NOT_APPLICABLE,0.0017832356716417912,818.77254501773587,0
P001_G4_EM_COEFFICIENTS,1001240,P001_INFINITE_MEDIUM_COEFFICIENT,NOT_APPLICABLE,0.0017835611940298509,818.35749144046827,0
P001_G4_EM_COEFFICIENTS,1001241,P001_INFINITE_MEDIUM_COEFFICIENT,NOT_APPLICABLE,0.0017838867164179106,817.94273928790437,0
P001_G4_EM_COEFFICIENTS,1001242,P001_INFINITE_MEDIUM_COEFFICIENT,NOT_APPLICABLE,0.0017842122388059703,817.52830439098841,0
P001_G4_EM_COEFFICIENTS,1001243,P001_INFINITE_MEDIUM_COEFFICIENT,NOT_APPLICABLE,0.00178453776119403,817.12708182377708,0
P001_G4_EM_COEFFICIENTS,1001244,P001_INFINITE_MEDIUM_COEFFICIENT,NOT_APPLICABLE,0.0017848632835820897,816.72685097815213,0
P001_G4_EM_COEFFICIENTS,1001245,P001_INFINITE_MEDIUM_COEFFICIENT,NOT_APPLICABLE,0.0017851888059701494,816.32689490170662,0
P001_G4_EM_COEFFICIENTS,1001246,P001_INFINITE_MEDIUM_COEFFICIENT,NOT_APPLICABLE,0.0017855143283582091,815.92721335337819,0
P001_G4_EM_COEFFICIENTS,1001247,P001_INFINITE_MEDIUM_COEFFICIENT,NOT_APPLICABLE,0.0017858398507462688,815.52780609236186,0
P001_G4_EM_COEFFICIENTS,1001248,P001_INFINITE_MEDIUM_COEFFICIENT,NOT_APPLICABLE,0.0017861653731343285,815.12867287810741,0
P001_G4_EM_COEFFICIENTS,1001249,P001_INFINITE_MEDIUM_COEFFICIENT,NOT_APPLICABLE,0.0017864908955223882,814.72981347032237,0
P001_G4_EM_COEFFICIENTS,1001250,P001_INFINITE_MEDIUM_COEFFICIENT,NOT_APPLICABLE,0.0017868164179104479,814.33085071634059,0
P001_G4_EM_COEFFICIENTS,1001251,P001_INFINITE_MEDIUM_COEFFICIENT,NOT_APPLICABLE,0.0017871419402985076,813.93213277683265,0
P001_G4_EM_COEFFICIENTS,1001252,P001_INFINITE_MEDIUM_COEFFICIENT,NOT_APPLICABLE,0.0017874674626865673,813.53368083811677,0
P001_G4_EM_COEFFICIENTS,1001253,P001_INFINITE_MEDIUM_COEFFICIENT,NOT_APPLICABLE,0.001787792985074627,813.13545174698538,0
P001_G4_EM_COEFFICIENTS,1001254,P001_INFINITE_MEDIUM_COEFFICIENT,NOT_APPLICABLE,0.0017881185074626867,812.73749577013257,0
P001_G4_EM_COEFFICIENTS,1001255,P001_INFINITE_MEDIUM_COEFFICIENT,NOT_APPLICABLE,0.0017884440298507464,812.33981266824298,0
P001_G4_EM_COEFFICIENTS,1001256,P001_INFINITE_MEDIUM_COEFFICIENT,NOT_APPLICABLE,0.0017887695522388061,811.94276628573255,0
P001_G4_EM_COEFFICIENTS,1001257,P001_INFINITE_MEDIUM_COEFFICIENT,NOT_APPLICABLE,0.0017890950746268658,811.54615750478945,0
P001_G4_EM_COEFFICIENTS,1001258,P001_INFINITE_MEDIUM_COEFFICIENT,NOT_APPLICABLE,0.0017894205970149255,811.14982030471128,0
P001_G4_EM_COEFFICIENTS,1001259,P001_INFINITE_MEDIUM_COEFFICIENT,NOT_APPLICABLE,0.0017897461194029852,810.75375444783015,0
P001_G4_EM_COEFFICIENTS,1001260,P001_INFINITE_MEDIUM_COEFFICIENT,NOT_APPLICABLE,0.0017900716417910449,810.35793451052734,0
P001_G4_EM_COEFFICIENTS,1001261,P001_INFINITE_MEDIUM_COEFFICIENT,NOT_APPLICABLE,0.0017903971641791046,809.96237829579422,0
P001_G4_EM_COEFFICIENTS,1001262,P001_INFINITE_MEDIUM_COEFFICIENT,NOT_APPLICABLE,0.0017907226865671642,809.56709274803006,0
P001_G4_EM_COEFFICIENTS,1001263,P001_INFINITE_MEDIUM_COEFFICIENT,NOT_APPLICABLE,0.0017910482089552239,809.17181096717673,0
P001_G4_EM_COEFFICIENTS,1001264,P001_INFINITE_MEDIUM_COEFFICIENT,NOT_APPLICABLE,0.0017913737313432836,808.77371054564912,0
P001_G4_EM_COEFFICIENTS,1001265,P001_INFINITE_MEDIUM_COEFFICIENT,NOT_APPLICABLE,0.0017916992537313433,808.37500117724062,0
P001_G4_EM_COEFFICIENTS,1001266,P001_INFINITE_MEDIUM_COEFFICIENT,NOT_APPLICABLE,0.001792024776119403,807.97656614548271,0
P001_G4_EM_COEFFICIENTS,1001267,P001_INFINITE_MEDIUM_COEFFICIENT,NOT_APPLICABLE,0.0017923502985074627,807.57840240385735,0
P001_G4_EM_COEFFICIENTS,1001268,P001_INFINITE_MEDIUM_COEFFICIENT,NOT_APPLICABLE,0.0017926758208955224,807.18048574469071,0
P001_G4_EM_COEFFICIENTS,1001269,P001_INFINITE_MEDIUM_COEFFICIENT,NOT_APPLICABLE,0.0017930013432835821,806.78258335806038,0
P001_G4_EM_COEFFICIENTS,1001270,P001_INFINITE_MEDIUM_COEFFICIENT,NOT_APPLICABLE,0.0017933268656716418,806.38482912767086,0
P001_G4_EM_COEFFICIENTS,1001271,P001_INFINITE_MEDIUM_COEFFICIENT,NOT_APPLICABLE,0.0017936523880597015,805.98734848304309,0
P001_G4_EM_COEFFICIENTS,1001272,P001_INFINITE_MEDIUM_COEFFICIENT,NOT_APPLICABLE,0.0017939779104477612,805.59014118424068,0
P001_G4_EM_COEFFICIENTS,1001273,P001_INFINITE_MEDIUM_COEFFICIENT,NOT_APPLICABLE,0.0017943034328358209,805.19320699158368,0
P001_G4_EM_COEFFICIENTS,1001274,P001_INFINITE_MEDIUM_COEFFICIENT,NOT_APPLICABLE,0.0017946289552238806,804.79654566564659,0
P001_G4_EM_COEFFICIENTS,1001275,P001_INFINITE_MEDIUM_COEFFICIENT,NOT_APPLICABLE,0.0017949544776119403,804.40013146923116,0
P001_G4_EM_COEFFICIENTS,1001276,P001_INFINITE_MEDIUM_COEFFICIENT,NOT_APPLICABLE,0.00179528,804.00397363081117,0
P001_G4_EM_COEFFICIENTS,1001277,P001_INFINITE_MEDIUM_COEFFICIENT,NOT_APPLICABLE,0.0017956055223880597,803.60810214008939,0
P001_G4_EM_COEFFICIENTS,1001278,P001_INFINITE_MEDIUM_COEFFICIENT,NOT_APPLICABLE,0.0017959310447761194,803.21251624065428,0
P001_G4_EM_COEFFICIENTS,1001279,P001_INFINITE_MEDIUM_COEFFICIENT,NOT_APPLICABLE,0.0017962565671641791,802.81727596398321,0
P001_G4_EM_COEFFICIENTS,1001280,P001_INFINITE_MEDIUM_COEFFICIENT,NOT_APPLICABLE,0.0017965820895522388,802.42230705728571,0
P001_G4_EM_COEFFICIENTS,1001281,P001_INFINITE_MEDIUM_COEFFICIENT,NOT_APPLICABLE,0.0017969076119402985,802.02760928298153,0
P001_G4_EM_COEFFICIENTS,1001282,P001_INFINITE_MEDIUM_COEFFICIENT,NOT_APPLICABLE,0.0017972331343283582,801.63297047581398,0
P001_G4_EM_COEFFICIENTS,1001283,P001_INFINITE_MEDIUM_COEFFICIENT,NOT_APPLICABLE,0.0017975586567164179,801.23855739692772,0
P001_G4_EM_COEFFICIENTS,1001284,P001_INFINITE_MEDIUM_COEFFICIENT,NOT_APPLICABLE,0.0017978841791044778,800.84441492523138,0
P001_G4_EM_COEFFICIENTS,1001285,P001_INFINITE_MEDIUM_COEFFICIENT,NOT_APPLICABLE,0.0017982097014925375,800.44963125399852,0
P001_G4_EM_COEFFICIENTS,1001286,P001_INFINITE_MEDIUM_COEFFICIENT,NOT_APPLICABLE,0.0017985352238805972,800.05130990358987,0
P001_G4_EM_COEFFICIENTS,1001287,P001_INFINITE_MEDIUM_COEFFICIENT,NOT_APPLICABLE,0.0017988607462686569,799.65395218599201,0
P001_G4_EM_COEFFICIENTS,1001288,P001_INFINITE_MEDIUM_COEFFICIENT,NOT_APPLICABLE,0.0017991862686567166,799.25670317349488,0
P001_G4_EM_COEFFICIENTS,1001289,P001_INFINITE_MEDIUM_COEFFICIENT,NOT_APPLICABLE,0.0017995117910447763,798.8597227580135,0
P001_G4_EM_COEFFICIENTS,1001290,P001_INFINITE_MEDIUM_COEFFICIENT,NOT_APPLICABLE,0.001799837313432836,798.46301607912164,0
P001_G4_EM_COEFFICIENTS,1001291,P001_INFINITE_MEDIUM_COEFFICIENT,NOT_APPLICABLE,0.0018001628358208957,798.06588410243057,0
P001_G4_EM_COEFFICIENTS,1001292,P001_INFINITE_MEDIUM_COEFFICIENT,NOT_APPLICABLE,0.0018004883582089554,797.66917679123333,0
P001_G4_EM_COEFFICIENTS,1001293,P001_INFINITE_MEDIUM_COEFFICIENT,NOT_APPLICABLE,0.0018008138805970151,797.27274309064353,0
P001_G4_EM_COEFFICIENTS,1001294,P001_INFINITE_MEDIUM_COEFFICIENT,NOT_APPLICABLE,0.0018011394029850748,796.87658276062677,0
P001_G4_EM_COEFFICIENTS,1001295,P001_INFINITE_MEDIUM_COEFFICIENT,NOT_APPLICABLE,0.0018014649253731345,796.48069556140524,0
P001_G4_EM_COEFFICIENTS,1001296,P001_INFINITE_MEDIUM_COEFFICIENT,NOT_APPLICABLE,0.0018017904477611942,796.0850812534544,0
P001_G4_EM_COEFFICIENTS,1001297,P001_INFINITE_MEDIUM_COEFFICIENT,NOT_APPLICABLE,0.0018021159701492539,795.68973541447428,0
P001_G4_EM_COEFFICIENTS,1001298,P001_INFINITE_MEDIUM_COEFFICIENT,NOT_APPLICABLE,0.0018024414925373136,795.29462287355545,0
P001_G4_EM_COEFFICIENTS,1001299,P001_INFINITE_MEDIUM_COEFFICIENT,NOT_APPLICABLE,0.0018027670149253733,794.89978255376286,0
P001_G4_EM_COEFFICIENTS,1001300,P001_INFINITE_MEDIUM_COEFFICIENT,NOT_APPLICABLE,0.001803092537313433,794.5052142165365,0
P001_G4_EM_COEFFICIENTS,1001301,P001_INFINITE_MEDIUM_COEFFICIENT,NOT_APPLICABLE,0.0018034180597014927,794.11091762357205,0
P001_G4_EM_COEFFICIENTS,1001302,P001_INFINITE_MEDIUM_COEFFICIENT,NOT_APPLICABLE,0.0018037435820895524,793.71689253847546,0
P001_G4_EM_COEFFICIENTS,1001303,P001_INFINITE_MEDIUM_COEFFICIENT,NOT_APPLICABLE,0.0018040691044776121,793.32313873281976,0
P001_G4_EM_COEFFICIENTS,1001304,P001_INFINITE_MEDIUM_COEFFICIENT,NOT_APPLICABLE,0.0018043946268656717,792.92965595799853,0
P001_G4_EM_COEFFICIENTS,1001305,P001_INFINITE_MEDIUM_COEFFICIENT,NOT_APPLICABLE,0.0018047201492537314,792.53644397671542,0
P001_G4_EM_COEFFICIENTS,1001306,P001_INFINITE_MEDIUM_COEFFICIENT,NOT_APPLICABLE,0.0018050456716417911,792.14350255192721,0
P001_G4_EM_COEFFICIENTS,1001307,P001_INFINITE_MEDIUM_COEFFICIENT,NOT_APPLICABLE,0.0018053711940298508,791.75083144683822,0
P001_G4_EM_COEFFICIENTS,1001308,P001_INFINITE_MEDIUM_COEFFICIENT,NOT_APPLICABLE,0.0018056967164179105,791.35843042490728,0
P001_G4_EM_COEFFICIENTS,1001309,P001_INFINITE_MEDIUM_COEFFICIENT,NOT_APPLICABLE,0.0018060222388059702,790.96629924984234,0
P001_G4_EM_COEFFICIENTS,1001310,P001_INFINITE_MEDIUM_COEFFICIENT,NOT_APPLICABLE,0.0018063477611940299,790.5743100665801,0
P001_G4_EM_COEFFICIENTS,1001311,P001_INFINITE_MEDIUM_COEFFICIENT,NOT_APPLICABLE,0.0018066732835820896,790.18251934627222,0
P001_G4_EM_COEFFICIENTS,1001312,P001_INFINITE_MEDIUM_COEFFICIENT,NOT_APPLICABLE,0.0018069988059701493,789.79059532994563,0
P001_G4_EM_COEFFICIENTS,1001313,P001_INFINITE_MEDIUM_COEFFICIENT,NOT_APPLICABLE,0.001807324328358209,789.39894080503507,0
P001_G4_EM_COEFFICIENTS,1001314,P001_INFINITE_MEDIUM_COEFFICIENT,NOT_APPLICABLE,0.0018076498507462687,789.00755553589715,0
P001_G4_EM_COEFFICIENTS,1001315,P001_INFINITE_MEDIUM_COEFFICIENT,NOT_APPLICABLE,0.0018079753731343284,788.61643924407565,0
P001_G4_EM_COEFFICIENTS,1001316,P001_INFINITE_MEDIUM_COEFFICIENT,NOT_APPLICABLE,0.0018083008955223881,788.22540455414514,0
P001_G4_EM_COEFFICIENTS,1001317,P001_INFINITE_MEDIUM_COEFFICIENT,NOT_APPLICABLE,0.0018086264179104478,787.83448477434911,0
P001_G4_EM_COEFFICIENTS,1001318,P001_INFINITE_MEDIUM_COEFFICIENT,NOT_APPLICABLE,0.0018089519402985075,787.44404021782691,0
P001_G4_EM_COEFFICIENTS,1001319,P001_INFINITE_MEDIUM_COEFFICIENT,NOT_APPLICABLE,0.0018092774626865672,787.05395377218781,0
P001_G4_EM_COEFFICIENTS,1001320,P001_INFINITE_MEDIUM_COEFFICIENT,NOT_APPLICABLE,0.0018096029850746269,786.66480046190065,0
P001_G4_EM_COEFFICIENTS,1001321,P001_INFINITE_MEDIUM_COEFFICIENT,NOT_APPLICABLE,0.0018099285074626866,786.26974352529805,0
P001_G4_EM_COEFFICIENTS,1001322,P001_INFINITE_MEDIUM_COEFFICIENT,NOT_APPLICABLE,0.0018102540298507463,785.87495995513416,0
P001_G4_EM_COEFFICIENTS,1001323,P001_INFINITE_MEDIUM_COEFFICIENT,NOT_APPLICABLE,0.001810579552238806,785.48044951154145,0
P001_G4_EM_COEFFICIENTS,1001324,P001_INFINITE_MEDIUM_COEFFICIENT,NOT_APPLICABLE,0.0018109050746268657,785.08620597670165,0
P001_G4_EM_COEFFICIENTS,1001325,P001_INFINITE_MEDIUM_COEFFICIENT,NOT_APPLICABLE,0.0018112305970149254,784.69213924418693,0
P001_G4_EM_COEFFICIENTS,1001326,P001_INFINITE_MEDIUM_COEFFICIENT,NOT_APPLICABLE,0.0018115561194029851,784.2983435852525,0
P001_G4_EM_COEFFICIENTS,1001327,P001_INFINITE_MEDIUM_COEFFICIENT,NOT_APPLICABLE,0.0018118816417910448,783.90479686110791,0
P001_G4_EM_COEFFICIENTS,1001328,P001_INFINITE_MEDIUM_COEFFICIENT,NOT_APPLICABLE,0.0018122071641791045,783.51119273120889,0
P001_G4_EM_COEFFICIENTS,1001329,P001_INFINITE_MEDIUM_COEFFICIENT,NOT_APPLICABLE,0.0018125326865671642,783.11785930082965,0
P001_G4_EM_COEFFICIENTS,1001330,P001_INFINITE_MEDIUM_COEFFICIENT,NOT_APPLICABLE,0.0018128582089552239,782.72479778068691,0
P001_G4_EM_COEFFICIENTS,1001331,P001_INFINITE_MEDIUM_COEFFICIENT,NOT_APPLICABLE,0.0018131837313432836,782.3320079382803,0
P001_G4_EM_COEFFICIENTS,1001332,P001_INFINITE_MEDIUM_COEFFICIENT,NOT_APPLICABLE,0.0018135092537313433,781.93948981926872,0
P001_G4_EM_COEFFICIENTS,1001333,P001_INFINITE_MEDIUM_COEFFICIENT,NOT_APPLICABLE,0.001813834776119403,781.54724289610579,0
P001_G4_EM_COEFFICIENTS,1001334,P001_INFINITE_MEDIUM_COEFFICIENT,NOT_APPLICABLE,0.0018141602985074627,781.15523358293558,0
P001_G4_EM_COEFFICIENTS,1001335,P001_INFINITE_MEDIUM_COEFFICIENT,NOT_APPLICABLE,0.0018144858208955226,780.76347841407255,0
P001_G4_EM_COEFFICIENTS,1001336,P001_INFINITE_MEDIUM_COEFFICIENT,NOT_APPLICABLE,0.0018148113432835823,780.37199376496869,0
P001_G4_EM_COEFFICIENTS,1001337,P001_INFINITE_MEDIUM_COEFFICIENT,NOT_APPLICABLE,0.001815136865671642,779.98077939879295,0
P001_G4_EM_COEFFICIENTS,1001338,P001_INFINITE_MEDIUM_COEFFICIENT,NOT_APPLICABLE,0.0018154623880597017,779.58966431666011,0
P001_G4_EM_COEFFICIENTS,1001339,P001_INFINITE_MEDIUM_COEFFICIENT,NOT_APPLICABLE,0.0018157879104477614,779.1986726651337,0
P001_G4_EM_COEFFICIENTS,1001340,P001_INFINITE_MEDIUM_COEFFICIENT,NOT_APPLICABLE,0.0018161134328358211,778.80841671080373,0
P001_G4_EM_COEFFICIENTS,1001341,P001_INFINITE_MEDIUM_COEFFICIENT,NOT_APPLICABLE,0.0018164389552238808,778.41842993451678,0
P001_G4_EM_COEFFICIENTS,1001342,P001_INFINITE_MEDIUM_COEFFICIENT,NOT_APPLICABLE,0.0018167644776119405,778.02871210086505,0
P001_G4_EM_COEFFICIENTS,1001343,P001_INFINITE_MEDIUM_COEFFICIENT,NOT_APPLICABLE,0.0018170900000000002,777.63926297468947,0
P001_G4_EM_COEFFICIENTS,1001344,P001_INFINITE_MEDIUM_COEFFICIENT,NOT_APPLICABLE,0.0018174155223880599,777.25008232108098,0
P001_G4_EM_COEFFICIENTS,1001345,P001_INFINITE_MEDIUM_COEFFICIENT,NOT_APPLICABLE,0.0018177410447761195,776.86107687551055,0
P001_G4_EM_COEFFICIENTS,1001346,P001_INFINITE_MEDIUM_COEFFICIENT,NOT_APPLICABLE,0.0018180665671641792,776.47220488963478,0
P001_G4_EM_COEFFICIENTS,1001347,P001_INFINITE_MEDIUM_COEFFICIENT,NOT_APPLICABLE,0.0018183920895522389,776.08360091791985,0
P001_G4_EM_COEFFICIENTS,1001348,P001_INFINITE_MEDIUM_COEFFICIENT,NOT_APPLICABLE,0.0018187176119402986,775.69526472618361,0
P001_G4_EM_COEFFICIENTS,1001349,P001_INFINITE_MEDIUM_COEFFICIENT,NOT_APPLICABLE,0.0018190431343283583,775.30719608049151,0
P001_G4_EM_COEFFICIENTS,1001350,P001_INFINITE_MEDIUM_COEFFICIENT,NOT_APPLICABLE,0.001819368656716418,774.91939474715525,0
P001_G4_EM_COEFFICIENTS,1001351,P001_INFINITE_MEDIUM_COEFFICIENT,NOT_APPLICABLE,0.0018196941791044777,774.53186049273563,0
P001_G4_EM_COEFFICIENTS,1001352,P001_INFINITE_MEDIUM_COEFFICIENT,NOT_APPLICABLE,0.0018200197014925374,774.14670161854576,0
P001_G4_EM_COEFFICIENTS,1001353,P001_INFINITE_MEDIUM_COEFFICIENT,NOT_APPLICABLE,0.0018203452238805971,773.76184806356628,0
P001_G4_EM_COEFFICIENTS,1001354,P001_INFINITE_MEDIUM_COEFFICIENT,NOT_APPLICABLE,0.0018206707462686568,773.37725297848556,0
P001_G4_EM_COEFFICIENTS,1001355,P001_INFINITE_MEDIUM_COEFFICIENT,NOT_APPLICABLE,0.0018209962686567165,772.9893477599727,0
P001_G4_EM_COEFFICIENTS,1001356,P001_INFINITE_MEDIUM_COEFFICIENT,NOT_APPLICABLE,0.0018213217910447762,772.60156445727841,0
P001_G4_EM_COEFFICIENTS,1001357,P001_INFINITE_MEDIUM_COEFFICIENT,NOT_APPLICABLE,0.0018216473134328359,772.21404853183003,0
P001_G4_EM_COEFFICIENTS,1001358,P001_INFINITE_MEDIUM_COEFFICIENT,NOT_APPLICABLE,0.0018219728358208956,771.82683777133752,0
P001_G4_EM_COEFFICIENTS,1001359,P001_INFINITE_MEDIUM_COEFFICIENT,NOT_APPLICABLE,0.0018222983582089553,771.43993772720546,0
P001_G4_EM_COEFFICIENTS,1001360,P001_INFINITE_MEDIUM_COEFFICIENT,NOT_APPLICABLE,0.001822623880597015,771.05332131441787,0
P001_G4_EM_COEFFICIENTS,1001361,P001_INFINITE_MEDIUM_COEFFICIENT,NOT_APPLICABLE,0.0018229494029850747,770.67691005424979,0
P001_G4_EM_COEFFICIENTS,1001362,P001_INFINITE_MEDIUM_COEFFICIENT,NOT_APPLICABLE,0.0018232749253731344,770.30679818118244,0
P001_G4_EM_COEFFICIENTS,1001363,P001_INFINITE_MEDIUM_COEFFICIENT,NOT_APPLICABLE,0.0018236004477611941,769.93693510592152,0
P001_G4_EM_COEFFICIENTS,1001364,P001_INFINITE_MEDIUM_COEFFICIENT,NOT_APPLICABLE,0.0018239259701492538,769.56730736635245,0
P001_G4_EM_COEFFICIENTS,1001365,P001_INFINITE_MEDIUM_COEFFICIENT,NOT_APPLICABLE,0.0018242514925373135,769.1979047462562,0
P001_G4_EM_COEFFICIENTS,1001366,P001_INFINITE_MEDIUM_COEFFICIENT,NOT_APPLICABLE,0.0018245770149253732,768.82875032265599,0
P001_G4_EM_COEFFICIENTS,1001367,P001_INFINITE_MEDIUM_COEFFICIENT,NOT_APPLICABLE,0.0018249025373134329,768.45984388249531,0
P001_G4_EM_COEFFICIENTS,1001368,P001_INFINITE_MEDIUM_COEFFICIENT,NOT_APPLICABLE,0.0018252280597014926,768.09118417127979,0
P001_G4_EM_COEFFICIENTS,1001369,P001_INFINITE_MEDIUM_COEFFICIENT,NOT_APPLICABLE,0.0018255535820895523,767.72275069004661,0
P001_G4_EM_COEFFICIENTS,1001370,P001_INFINITE_MEDIUM_COEFFICIENT,NOT_APPLICABLE,0.001825879104477612,767.35444243367351,0
P001_G4_EM_COEFFICIENTS,1001371,P001_INFINITE_MEDIUM_COEFFICIENT,NOT_APPLICABLE,0.0018262046268656717,766.98575202872007,0
P001_G4_EM_COEFFICIENTS,1001372,P001_INFINITE_MEDIUM_COEFFICIENT,NOT_APPLICABLE,0.0018265301492537314,766.61697163728002,0
P001_G4_EM_COEFFICIENTS,1001373,P001_INFINITE_MEDIUM_COEFFICIENT,NOT_APPLICABLE,0.0018268556716417911,766.24843918955742,0
P001_G4_EM_COEFFICIENTS,1001374,P001_INFINITE_MEDIUM_COEFFICIENT,NOT_APPLICABLE,0.0018271811940298508,765.88015447270163,0
P001_G4_EM_COEFFICIENTS,1001375,P001_INFINITE_MEDIUM_COEFFICIENT,NOT_APPLICABLE,0.0018275067164179105,765.51278088423419,0
P001_G4_EM_COEFFICIENTS,1001376,P001_INFINITE_MEDIUM_COEFFICIENT,NOT_APPLICABLE,0.0018278322388059702,765.14580916038619,0
P001_G4_EM_COEFFICIENTS,1001377,P001_INFINITE_MEDIUM_COEFFICIENT,NOT_APPLICABLE,0.0018281577611940299,764.77907323760894,0
P001_G4_EM_COEFFICIENTS,1001378,P001_INFINITE_MEDIUM_COEFFICIENT,NOT_APPLICABLE,0.0018284832835820896,764.41258333449571,0
P001_G4_EM_COEFFICIENTS,1001379,P001_INFINITE_MEDIUM_COEFFICIENT,NOT_APPLICABLE,0.0018288088059701493,764.04633924022221,0
P001_G4_EM_COEFFICIENTS,1001380,P001_INFINITE_MEDIUM_COEFFICIENT,NOT_APPLICABLE,0.001829134328358209,763.68043019700349,0
P001_G4_EM_COEFFICIENTS,1001381,P001_INFINITE_MEDIUM_COEFFICIENT,NOT_APPLICABLE,0.0018294598507462686,763.31493624102336,0
P001_G4_EM_COEFFICIENTS,1001382,P001_INFINITE_MEDIUM_COEFFICIENT,NOT_APPLICABLE,0.0018297853731343283,762.94969811361386,0
P001_G4_EM_COEFFICIENTS,1001383,P001_INFINITE_MEDIUM_COEFFICIENT,NOT_APPLICABLE,0.001830110895522388,762.58477761775305,0
P001_G4_EM_COEFFICIENTS,1001384,P001_INFINITE_MEDIUM_COEFFICIENT,NOT_APPLICABLE,0.001830436417910448,762.22006269753786,0
P001_G4_EM_COEFFICIENTS,1001385,P001_INFINITE_MEDIUM_COEFFICIENT,NOT_APPLICABLE,0.0018307619402985077,761.85557600257926,0
P001_G4_EM_COEFFICIENTS,1001386,P001_INFINITE_MEDIUM_COEFFICIENT,NOT_APPLICABLE,0.0018310874626865674,761.49133343252822,0
P001_G4_EM_COEFFICIENTS,1001387,P001_INFINITE_MEDIUM_COEFFICIENT,NOT_APPLICABLE,0.001831412985074627,761.12752217852392,0
P001_G4_EM_COEFFICIENTS,1001388,P001_INFINITE_MEDIUM_COEFFICIENT,NOT_APPLICABLE,0.0018317385074626867,760.764069316975,0
P001_G4_EM_COEFFICIENTS,1001389,P001_INFINITE_MEDIUM_COEFFICIENT,NOT_APPLICABLE,0.0018320640298507464,760.40082176951125,0
P001_G4_EM_COEFFICIENTS,1001390,P001_INFINITE_MEDIUM_COEFFICIENT,NOT_APPLICABLE,0.0018323895522388061,760.03779679955801,0
P001_G4_EM_COEFFICIENTS,1001391,P001_INFINITE_MEDIUM_COEFFICIENT,NOT_APPLICABLE,0.0018327150746268658,759.67501465292423,0
P001_G4_EM_COEFFICIENTS,1001392,P001_INFINITE_MEDIUM_COEFFICIENT,NOT_APPLICABLE,0.0018330405970149255,759.31258930004867,0
P001_G4_EM_COEFFICIENTS,1001393,P001_INFINITE_MEDIUM_COEFFICIENT,NOT_APPLICABLE,0.0018333661194029852,758.95044459709391,0
P001_G4_EM_COEFFICIENTS,1001394,P001_INFINITE_MEDIUM_COEFFICIENT,NOT_APPLICABLE,0.0018336916417910449,758.58854216457155,0
P001_G4_EM_COEFFICIENTS,1001395,P001_INFINITE_MEDIUM_COEFFICIENT,NOT_APPLICABLE,0.0018340171641791046,758.2268817953908,0
P001_G4_EM_COEFFICIENTS,1001396,P001_INFINITE_MEDIUM_COEFFICIENT,NOT_APPLICABLE,0.0018343426865671643,757.86546328267411,0
P001_G4_EM_COEFFICIENTS,1001397,P001_INFINITE_MEDIUM_COEFFICIENT,NOT_APPLICABLE,0.001834668208955224,757.5041915357076,0
P001_G4_EM_COEFFICIENTS,1001398,P001_INFINITE_MEDIUM_COEFFICIENT,NOT_APPLICABLE,0.0018349937313432837,757.14250230472419,0
P001_G4_EM_COEFFICIENTS,1001399,P001_INFINITE_MEDIUM_COEFFICIENT,NOT_APPLICABLE,0.0018353192537313434,756.77781989407936,0
P001_G4_EM_COEFFICIENTS,1001400,P001_INFINITE_MEDIUM_COEFFICIENT,NOT_APPLICABLE,0.0018356447761194031,756.41352971176309,0
P001_G4_EM_COEFFICIENTS,1001401,P001_INFINITE_MEDIUM_COEFFICIENT,NOT_APPLICABLE,0.0018359702985074628,756.04962926592873,0
P001_G4_EM_COEFFICIENTS,1001402,P001_INFINITE_MEDIUM_COEFFICIENT,NOT_APPLICABLE,0.0018362958208955225,755.68597336352366,0
P001_G4_EM_COEFFICIENTS,1001403,P001_INFINITE_MEDIUM_COEFFICIENT,NOT_APPLICABLE,0.0018366213432835822,755.32256179499552,0
P001_G4_EM_COEFFICIENTS,1001404,P001_INFINITE_MEDIUM_COEFFICIENT,NOT_APPLICABLE,0.0018369468656716419,754.95939435101002,0
P001_G4_EM_COEFFICIENTS,1001405,P001_INFINITE_MEDIUM_COEFFICIENT,NOT_APPLICABLE,0.0018372723880597016,754.59647082245101,0
P001_G4_EM_COEFFICIENTS,1001406,P001_INFINITE_MEDIUM_COEFFICIENT,NOT_APPLICABLE,0.0018375979104477613,754.23379100041836,0
P001_G4_EM_COEFFICIENTS,1001407,P001_INFINITE_MEDIUM_COEFFICIENT,NOT_APPLICABLE,0.001837923432835821,753.87135565459869,0
P001_G4_EM_COEFFICIENTS,1001408,P001_INFINITE_MEDIUM_COEFFICIENT,NOT_APPLICABLE,0.0018382489552238807,753.50916734491136,0
P001_G4_EM_COEFFICIENTS,1001409,P001_INFINITE_MEDIUM_COEFFICIENT,NOT_APPLICABLE,0.0018385744776119404,753.14722211300602,0
P001_G4_EM_COEFFICIENTS,1001410,P001_INFINITE_MEDIUM_COEFFICIENT,NOT_APPLICABLE,0.0018389000000000001,752.78535442976306,0
P001_G4_EM_COEFFICIENTS,1001411,P001_INFINITE_MEDIUM_COEFFICIENT,NOT_APPLICABLE,0.0018392606716417911,752.38462635114661,0
P001_G4_EM_COEFFICIENTS,1001412,P001_INFINITE_MEDIUM_COEFFICIENT,NOT_APPLICABLE,0.0018396213432835822,751.98419618349146,0
P001_G4_EM_COEFFICIENTS,1001413,P001_INFINITE_MEDIUM_COEFFICIENT,NOT_APPLICABLE,0.0018399820149253732,751.5841498917456,0
P001_G4_EM_COEFFICIENTS,1001414,P001_INFINITE_MEDIUM_COEFFICIENT,NOT_APPLICABLE,0.0018403426865671643,751.18546709342456,0
P001_G4_EM_COEFFICIENTS,1001415,P001_INFINITE_MEDIUM_COEFFICIENT,NOT_APPLICABLE,0.0018407033582089553,750.78736156526361,0
P001_G4_EM_COEFFICIENTS,1001416,P001_INFINITE_MEDIUM_COEFFICIENT,NOT_APPLICABLE,0.0018410640298507463,750.38633573575078,0
P001_G4_EM_COEFFICIENTS,1001417,P001_INFINITE_MEDIUM_COEFFICIENT,NOT_APPLICABLE,0.0018414247014925374,749.98485341146784,0
P001_G4_EM_COEFFICIENTS,1001418,P001_INFINITE_MEDIUM_COEFFICIENT,NOT_APPLICABLE,0.0018417853731343284,749.58367090629986,0
P001_G4_EM_COEFFICIENTS,1001419,P001_INFINITE_MEDIUM_COEFFICIENT,NOT_APPLICABLE,0.0018421460447761195,749.18258753224961,0
P001_G4_EM_COEFFICIENTS,1001420,P001_INFINITE_MEDIUM_COEFFICIENT,NOT_APPLICABLE,0.0018425067164179105,748.78180435301567,0
P001_G4_EM_COEFFICIENTS,1001421,P001_INFINITE_MEDIUM_COEFFICIENT,NOT_APPLICABLE,0.0018428673880597015,748.38132372353368,0
P001_G4_EM_COEFFICIENTS,1001422,P001_INFINITE_MEDIUM_COEFFICIENT,NOT_APPLICABLE,0.0018432280597014926,747.98123805250282,0
P001_G4_EM_COEFFICIENTS,1001423,P001_INFINITE_MEDIUM_COEFFICIENT,NOT_APPLICABLE,0.0018435887313432836,747.58148165809382,0
P001_G4_EM_COEFFICIENTS,1001424,P001_INFINITE_MEDIUM_COEFFICIENT,NOT_APPLICABLE,0.0018439494029850747,747.18198607641182,0
P001_G4_EM_COEFFICIENTS,1001425,P001_INFINITE_MEDIUM_COEFFICIENT,NOT_APPLICABLE,0.0018443100746268657,1651.205019948515,0
P001_G4_EM_COEFFICIENTS,1001426,P001_INFINITE_MEDIUM_COEFFICIENT,NOT_APPLICABLE,0.0018446707462686568,1650.6131874358096,0
P001_G4_EM_COEFFICIENTS,1001427,P001_INFINITE_MEDIUM_COEFFICIENT,NOT_APPLICABLE,0.0018450314179104478,1650.0216709368474,0
P001_G4_EM_COEFFICIENTS,1001428,P001_INFINITE_MEDIUM_COEFFICIENT,NOT_APPLICABLE,0.0018453920895522388,1649.4304702287552,0
P001_G4_EM_COEFFICIENTS,1001429,P001_INFINITE_MEDIUM_COEFFICIENT,NOT_APPLICABLE,0.0018457527611940299,1648.8395850888564,0
P001_G4_EM_COEFFICIENTS,1001430,P001_INFINITE_MEDIUM_COEFFICIENT,NOT_APPLICABLE,0.0018461134328358209,1648.2489985632576,0
P001_G4_EM_COEFFICIENTS,1001431,P001_INFINITE_MEDIUM_COEFFICIENT,NOT_APPLICABLE,0.001846474104477612,1647.6585739804295,0
P001_G4_EM_COEFFICIENTS,1001432,P001_INFINITE_MEDIUM_COEFFICIENT,NOT_APPLICABLE,0.001846834776119403,1647.0688417333781,0
P001_G4_EM_COEFFICIENTS,1001433,P001_INFINITE_MEDIUM_COEFFICIENT,NOT_APPLICABLE,0.0018471954477611941,1646.4757515709609,0
P001_G4_EM_COEFFICIENTS,1001434,P001_INFINITE_MEDIUM_COEFFICIENT,NOT_APPLICABLE,0.0018475561194029851,1645.8810307262254,0
P001_G4_EM_COEFFICIENTS,1001435,P001_INFINITE_MEDIUM_COEFFICIENT,NOT_APPLICABLE,0.0018479167910447761,1645.286630787303,0
P001_G4_EM_COEFFICIENTS,1001436,P001_INFINITE_MEDIUM_COEFFICIENT,NOT_APPLICABLE,0.0018482774626865672,1644.6925515248679,0
P001_G4_EM_COEFFICIENTS,1001437,P001_INFINITE_MEDIUM_COEFFICIENT,NOT_APPLICABLE,0.0018486381343283582,1644.0987927097947,0
P001_G4_EM_COEFFICIENTS,1001438,P001_INFINITE_MEDIUM_COEFFICIENT,NOT_APPLICABLE,0.0018489988059701493,1643.5051093199038,0
P001_G4_EM_COEFFICIENTS,1001439,P001_INFINITE_MEDIUM_COEFFICIENT,NOT_APPLICABLE,0.0018493594776119403,1642.9114022151723,0
P001_G4_EM_COEFFICIENTS,1001440,P001_INFINITE_MEDIUM_COEFFICIENT,NOT_APPLICABLE,0.0018497201492537313,1642.3179622691057,0
P001_G4_EM_COEFFICIENTS,1001441,P001_INFINITE_MEDIUM_COEFFICIENT,NOT_APPLICABLE,0.0018500808208955224,1641.7248426058654,0
P001_G4_EM_COEFFICIENTS,1001442,P001_INFINITE_MEDIUM_COEFFICIENT,NOT_APPLICABLE,0.0018504414925373134,1641.1315738933508,0
P001_G4_EM_COEFFICIENTS,1001443,P001_INFINITE_MEDIUM_COEFFICIENT,NOT_APPLICABLE,0.0018508021641791045,1640.5382564035808,0
P001_G4_EM_COEFFICIENTS,1001444,P001_INFINITE_MEDIUM_COEFFICIENT,NOT_APPLICABLE,0.0018511628358208955,1639.9452594894826,0
P001_G4_EM_COEFFICIENTS,1001445,P001_INFINITE_MEDIUM_COEFFICIENT,NOT_APPLICABLE,0.0018515235074626866,1639.3526109486068,0
P001_G4_EM_COEFFICIENTS,1001446,P001_INFINITE_MEDIUM_COEFFICIENT,NOT_APPLICABLE,0.0018518841791044776,1638.7603356286766,0
P001_G4_EM_COEFFICIENTS,1001447,P001_INFINITE_MEDIUM_COEFFICIENT,NOT_APPLICABLE,0.0018522448507462686,1638.1683801016786,0
P001_G4_EM_COEFFICIENTS,1001448,P001_INFINITE_MEDIUM_COEFFICIENT,NOT_APPLICABLE,0.0018526055223880597,1637.5767222160057,0
P001_G4_EM_COEFFICIENTS,1001449,P001_INFINITE_MEDIUM_COEFFICIENT,NOT_APPLICABLE,0.0018529661940298507,1636.9850695098066,0
P001_G4_EM_COEFFICIENTS,1001450,P001_INFINITE_MEDIUM_COEFFICIENT,NOT_APPLICABLE,0.0018533268656716418,1636.393845315509,0
P001_G4_EM_COEFFICIENTS,1001451,P001_INFINITE_MEDIUM_COEFFICIENT,NOT_APPLICABLE,0.0018536875373134328,1635.80318424354,0
P001_G4_EM_COEFFICIENTS,1001452,P001_INFINITE_MEDIUM_COEFFICIENT,NOT_APPLICABLE,0.0018540482089552239,1635.212916118699,0
P001_G4_EM_COEFFICIENTS,1001453,P001_INFINITE_MEDIUM_COEFFICIENT,NOT_APPLICABLE,0.0018544088805970149,1634.6229663033014,0
P001_G4_EM_COEFFICIENTS,1001454,P001_INFINITE_MEDIUM_COEFFICIENT,NOT_APPLICABLE,0.0018547695522388059,1634.0333146203095,0
P001_G4_EM_COEFFICIENTS,1001455,P001_INFINITE_MEDIUM_COEFFICIENT,NOT_APPLICABLE,0.001855130223880597,1633.4439809722492,0
P001_G4_EM_COEFFICIENTS,1001456,P001_INFINITE_MEDIUM_COEFFICIENT,NOT_APPLICABLE,0.001855490895522388,1632.8549651317719,0
P001_G4_EM_COEFFICIENTS,1001457,P001_INFINITE_MEDIUM_COEFFICIENT,NOT_APPLICABLE,0.0018558515671641791,1632.2662668717278,0
P001_G4_EM_COEFFICIENTS,1001458,P001_INFINITE_MEDIUM_COEFFICIENT,NOT_APPLICABLE,0.0018562122388059701,1631.6778859651695,0
P001_G4_EM_COEFFICIENTS,1001459,P001_INFINITE_MEDIUM_COEFFICIENT,NOT_APPLICABLE,0.0018565729104477611,1631.0898221853522,0
P001_G4_EM_COEFFICIENTS,1001460,P001_INFINITE_MEDIUM_COEFFICIENT,NOT_APPLICABLE,0.0018569335820895522,1630.5020753057297,0
P001_G4_EM_COEFFICIENTS,1001461,P001_INFINITE_MEDIUM_COEFFICIENT,NOT_APPLICABLE,0.0018572942537313434,1629.9146450999588,0
P001_G4_EM_COEFFICIENTS,1001462,P001_INFINITE_MEDIUM_COEFFICIENT,NOT_APPLICABLE,0.0018576549253731345,1629.3275255482599,0
P001_G4_EM_COEFFICIENTS,1001463,P001_INFINITE_MEDIUM_COEFFICIENT,NOT_APPLICABLE,0.0018580155970149255,1628.7407800819244,0
P001_G4_EM_COEFFICIENTS,1001464,P001_INFINITE_MEDIUM_COEFFICIENT,NOT_APPLICABLE,0.0018583762686567166,1628.1543505509883,0
P001_G4_EM_COEFFICIENTS,1001465,P001_INFINITE_MEDIUM_COEFFICIENT,NOT_APPLICABLE,0.0018587369402985076,1627.5682367299796,0
P001_G4_EM_COEFFICIENTS,1001466,P001_INFINITE_MEDIUM_COEFFICIENT,NOT_APPLICABLE,0.0018590976119402987,1626.9824946722858,0
P001_G4_EM_COEFFICIENTS,1001467,P001_INFINITE_MEDIUM_COEFFICIENT,NOT_APPLICABLE,0.0018594582835820897,1626.3971641465353,0
P001_G4_EM_COEFFICIENTS,1001468,P001_INFINITE_MEDIUM_COEFFICIENT,NOT_APPLICABLE,0.0018598189552238807,1625.812148478009,0
P001_G4_EM_COEFFICIENTS,1001469,P001_INFINITE_MEDIUM_COEFFICIENT,NOT_APPLICABLE,0.0018601796268656718,1625.2271811831997,0
P001_G4_EM_COEFFICIENTS,1001470,P001_INFINITE_MEDIUM_COEFFICIENT,NOT_APPLICABLE,0.0018605402985074628,1624.6423658564336,0
P001_G4_EM_COEFFICIENTS,1001471,P001_INFINITE_MEDIUM_COEFFICIENT,NOT_APPLICABLE,0.0018609009701492539,1624.057865212576,0
P001_G4_EM_COEFFICIENTS,1001472,P001_INFINITE_MEDIUM_COEFFICIENT,NOT_APPLICABLE,0.0018612616417910449,1623.4736790271729,0
P001_G4_EM_COEFFICIENTS,1001473,P001_INFINITE_MEDIUM_COEFFICIENT,NOT_APPLICABLE,0.001861622313432836,1622.8898070759697,0
P001_G4_EM_COEFFICIENTS,1001474,P001_INFINITE_MEDIUM_COEFFICIENT,NOT_APPLICABLE,0.001861982985074627,1622.3062491349103,0
P001_G4_EM_COEFFICIENTS,1001475,P001_INFINITE_MEDIUM_COEFFICIENT,NOT_APPLICABLE,0.001862343656716418,1621.7304613946717,0
P001_G4_EM_COEFFICIENTS,1001476,P001_INFINITE_MEDIUM_COEFFICIENT,NOT_APPLICABLE,0.0018627043283582091,1621.1579986404383,0
P001_G4_EM_COEFFICIENTS,1001477,P001_INFINITE_MEDIUM_COEFFICIENT,NOT_APPLICABLE,0.0018630650000000001,1620.5856564497046,0
P001_G4_EM_COEFFICIENTS,1001478,P001_INFINITE_MEDIUM_COEFFICIENT,NOT_APPLICABLE,0.0018634256716417912,1620.012485390356,0
P001_G4_EM_COEFFICIENTS,1001479,P001_INFINITE_MEDIUM_COEFFICIENT,NOT_APPLICABLE,0.0018637863432835822,1619.4397022030596,0
P001_G4_EM_COEFFICIENTS,1001480,P001_INFINITE_MEDIUM_COEFFICIENT,NOT_APPLICABLE,0.0018641470149253732,1618.8672209370495,0
P001_G4_EM_COEFFICIENTS,1001481,P001_INFINITE_MEDIUM_COEFFICIENT,NOT_APPLICABLE,0.0018645076865671643,1618.2950413821584,0
P001_G4_EM_COEFFICIENTS,1001482,P001_INFINITE_MEDIUM_COEFFICIENT,NOT_APPLICABLE,0.0018648683582089553,1617.7236661029092,0
P001_G4_EM_COEFFICIENTS,1001483,P001_INFINITE_MEDIUM_COEFFICIENT,NOT_APPLICABLE,0.0018652290298507464,1617.1110389959647,0
P001_G4_EM_COEFFICIENTS,1001484,P001_INFINITE_MEDIUM_COEFFICIENT,NOT_APPLICABLE,0.0018655897014925374,1616.4741362216448,0
P001_G4_EM_COEFFICIENTS,1001485,P001_INFINITE_MEDIUM_COEFFICIENT,NOT_APPLICABLE,0.0018659503731343285,1615.8376104247698,0
P001_G4_EM_COEFFICIENTS,1001486,P001_INFINITE_MEDIUM_COEFFICIENT,NOT_APPLICABLE,0.0018663110447761195,1615.2014613078413,0
P001_G4_EM_COEFFICIENTS,1001487,P001_INFINITE_MEDIUM_COEFFICIENT,NOT_APPLICABLE,0.0018666717164179105,1614.5656332355825,0
P001_G4_EM_COEFFICIENTS,1001488,P001_INFINITE_MEDIUM_COEFFICIENT,NOT_APPLICABLE,0.0018670323880597016,1613.930175651243,0
P001_G4_EM_COEFFICIENTS,1001489,P001_INFINITE_MEDIUM_COEFFICIENT,NOT_APPLICABLE,0.0018673930597014926,1613.2950939267325,0
P001_G4_EM_COEFFICIENTS,1001490,P001_INFINITE_MEDIUM_COEFFICIENT,NOT_APPLICABLE,0.0018677537313432837,1612.6620482688261,0
P001_G4_EM_COEFFICIENTS,1001491,P001_INFINITE_MEDIUM_COEFFICIENT,NOT_APPLICABLE,0.0018681144029850747,1612.0297167039005,0
P001_G4_EM_COEFFICIENTS,1001492,P001_INFINITE_MEDIUM_COEFFICIENT,NOT_APPLICABLE,0.0018684750746268658,1611.3972916514783,0
P001_G4_EM_COEFFICIENTS,1001493,P001_INFINITE_MEDIUM_COEFFICIENT,NOT_APPLICABLE,0.0018688357462686568,1610.7650270060201,0
P001_G4_EM_COEFFICIENTS,1001494,P001_INFINITE_MEDIUM_COEFFICIENT,NOT_APPLICABLE,0.0018691964179104478,1610.1331362007368,0
P001_G4_EM_COEFFICIENTS,1001495,P001_INFINITE_MEDIUM_COEFFICIENT,NOT_APPLICABLE,0.0018695570895522389,1609.5017500027454,0
P001_G4_EM_COEFFICIENTS,1001496,P001_INFINITE_MEDIUM_COEFFICIENT,NOT_APPLICABLE,0.0018699177611940299,1608.870735920322,0
P001_G4_EM_COEFFICIENTS,1001497,P001_INFINITE_MEDIUM_COEFFICIENT,NOT_APPLICABLE,0.001870278432835821,1608.2398517825918,0
P001_G4_EM_COEFFICIENTS,1001498,P001_INFINITE_MEDIUM_COEFFICIENT,NOT_APPLICABLE,0.001870639104477612,1607.6070520072731,0
P001_G4_EM_COEFFICIENTS,1001499,P001_INFINITE_MEDIUM_COEFFICIENT,NOT_APPLICABLE,0.001870999776119403,1606.974626395719,0
P001_G4_EM_COEFFICIENTS,1001500,P001_INFINITE_MEDIUM_COEFFICIENT,NOT_APPLICABLE,0.0018713604477611941,1606.3425746529776,0
P001_G4_EM_COEFFICIENTS,1001501,P001_INFINITE_MEDIUM_COEFFICIENT,NOT_APPLICABLE,0.0018717211194029851,1605.7108964843862,0
P001_G4_EM_COEFFICIENTS,1001502,P001_INFINITE_MEDIUM_COEFFICIENT,NOT_APPLICABLE,0.0018720817910447762,1605.0795916051084,0
P001_G4_EM_COEFFICIENTS,1001503,P001_INFINITE_MEDIUM_COEFFICIENT,NOT_APPLICABLE,0.0018724424626865672,1604.4481887344848,0
P001_G4_EM_COEFFICIENTS,1001504,P001_INFINITE_MEDIUM_COEFFICIENT,NOT_APPLICABLE,0.0018728031343283583,1603.8154823045984,0
P001_G4_EM_COEFFICIENTS,1001505,P001_INFINITE_MEDIUM_COEFFICIENT,NOT_APPLICABLE,0.0018731638059701493,1603.1782805431701,0
P001_G4_EM_COEFFICIENTS,1001506,P001_INFINITE_MEDIUM_COEFFICIENT,NOT_APPLICABLE,0.0018735244776119403,1602.539455211748,0
P001_G4_EM_COEFFICIENTS,1001507,P001_INFINITE_MEDIUM_COEFFICIENT,NOT_APPLICABLE,0.0018738851492537314,1601.9006170023495,0
P001_G4_EM_COEFFICIENTS,1001508,P001_INFINITE_MEDIUM_COEFFICIENT,NOT_APPLICABLE,0.0018742458208955224,1601.2621609232954,0
P001_G4_EM_COEFFICIENTS,1001509,P001_INFINITE_MEDIUM_COEFFICIENT,NOT_APPLICABLE,0.0018746064925373135,1600.6240394149872,0
P001_G4_EM_COEFFICIENTS,1001510,P001_INFINITE_MEDIUM_COEFFICIENT,NOT_APPLICABLE,0.0018749671641791045,1599.9861440306597,0
P001_G4_EM_COEFFICIENTS,1001511,P001_INFINITE_MEDIUM_COEFFICIENT,NOT_APPLICABLE,0.0018753278358208956,1599.3486300980196,0
P001_G4_EM_COEFFICIENTS,1001512,P001_INFINITE_MEDIUM_COEFFICIENT,NOT_APPLICABLE,0.0018756885074626866,1598.7114444777096,0
P001_G4_EM_COEFFICIENTS,1001513,P001_INFINITE_MEDIUM_COEFFICIENT,NOT_APPLICABLE,0.0018760491791044776,1598.0745691034392,0
P001_G4_EM_COEFFICIENTS,1001514,P001_INFINITE_MEDIUM_COEFFICIENT,NOT_APPLICABLE,0.0018764098507462687,1597.4380737232073,0
P001_G4_EM_COEFFICIENTS,1001515,P001_INFINITE_MEDIUM_COEFFICIENT,NOT_APPLICABLE,0.0018767705223880597,1596.8019515910833,0
P001_G4_EM_COEFFICIENTS,1001516,P001_INFINITE_MEDIUM_COEFFICIENT,NOT_APPLICABLE,0.0018771311940298508,1596.1661585777515,0
P001_G4_EM_COEFFICIENTS,1001517,P001_INFINITE_MEDIUM_COEFFICIENT,NOT_APPLICABLE,0.0018774918656716418,1595.5307353505771,0
P001_G4_EM_COEFFICIENTS,1001518,P001_INFINITE_MEDIUM_COEFFICIENT,NOT_APPLICABLE,0.0018778525373134328,1594.8956916755983,0
P001_G4_EM_COEFFICIENTS,1001519,P001_INFINITE_MEDIUM_COEFFICIENT,NOT_APPLICABLE,0.0018782132089552239,1594.2610272508464,0
P001_G4_EM_COEFFICIENTS,1001520,P001_INFINITE_MEDIUM_COEFFICIENT,NOT_APPLICABLE,0.0018785738805970149,1593.6267417746526,0
P001_G4_EM_COEFFICIENTS,1001521,P001_INFINITE_MEDIUM_COEFFICIENT,NOT_APPLICABLE,0.001878934552238806,1592.9934453606161,0
P001_G4_EM_COEFFICIENTS,1001522,P001_INFINITE_MEDIUM_COEFFICIENT,NOT_APPLICABLE,0.001879295223880597,1592.3606896838753,0
P001_G4_EM_COEFFICIENTS,1001523,P001_INFINITE_MEDIUM_COEFFICIENT,NOT_APPLICABLE,0.0018796558955223881,1591.7284175115369,0
P001_G4_EM_COEFFICIENTS,1001524,P001_INFINITE_MEDIUM_COEFFICIENT,NOT_APPLICABLE,0.0018800165671641791,1591.0969733244956,0
P001_G4_EM_COEFFICIENTS,1001525,P001_INFINITE_MEDIUM_COEFFICIENT,NOT_APPLICABLE,0.0018803772388059701,1590.4659050530358,0
P001_G4_EM_COEFFICIENTS,1001526,P001_INFINITE_MEDIUM_COEFFICIENT,NOT_APPLICABLE,0.0018807379104477612,1589.835212399041,0
P001_G4_EM_COEFFICIENTS,1001527,P001_INFINITE_MEDIUM_COEFFICIENT,NOT_APPLICABLE,0.0018810985820895522,1589.2047528308667,0
P001_G4_EM_COEFFICIENTS,1001528,P001_INFINITE_MEDIUM_COEFFICIENT,NOT_APPLICABLE,0.0018814592537313433,1588.5744866837254,0
P001_G4_EM_COEFFICIENTS,1001529,P001_INFINITE_MEDIUM_COEFFICIENT,NOT_APPLICABLE,0.0018818199253731343,1587.9445956338225,0
P001_G4_EM_COEFFICIENTS,1001530,P001_INFINITE_MEDIUM_COEFFICIENT,NOT_APPLICABLE,0.0018821805970149254,1587.3148945478724,0
P001_G4_EM_COEFFICIENTS,1001531,P001_INFINITE_MEDIUM_COEFFICIENT,NOT_APPLICABLE,0.0018825412686567164,1586.6855573352086,0
P001_G4_EM_COEFFICIENTS,1001532,P001_INFINITE_MEDIUM_COEFFICIENT,NOT_APPLICABLE,0.0018829019402985074,1586.0565945532119,0
P001_G4_EM_COEFFICIENTS,1001533,P001_INFINITE_MEDIUM_COEFFICIENT,NOT_APPLICABLE,0.0018832626119402985,1585.4275145691859,0
P001_G4_EM_COEFFICIENTS,1001534,P001_INFINITE_MEDIUM_COEFFICIENT,NOT_APPLICABLE,0.0018836232835820895,1584.7986165362215,0
P001_G4_EM_COEFFICIENTS,1001535,P001_INFINITE_MEDIUM_COEFFICIENT,NOT_APPLICABLE,0.0018839839552238806,1584.1696635259689,0
P001_G4_EM_COEFFICIENTS,1001536,P001_INFINITE_MEDIUM_COEFFICIENT,NOT_APPLICABLE,0.0018843446268656716,1583.5410274642923,0
P001_G4_EM_COEFFICIENTS,1001537,P001_INFINITE_MEDIUM_COEFFICIENT,NOT_APPLICABLE,0.0018847052985074626,1582.9127656938924,0
P001_G4_EM_COEFFICIENTS,1001538,P001_INFINITE_MEDIUM_COEFFICIENT,NOT_APPLICABLE,0.0018850659701492537,1582.2848779179501,0
P001_G4_EM_COEFFICIENTS,1001539,P001_INFINITE_MEDIUM_COEFFICIENT,NOT_APPLICABLE,0.0018854266417910447,1581.6573638399418,0
P001_G4_EM_COEFFICIENTS,1001540,P001_INFINITE_MEDIUM_COEFFICIENT,NOT_APPLICABLE,0.0018857873134328358,1581.0302132085321,0
P001_G4_EM_COEFFICIENTS,1001541,P001_INFINITE_MEDIUM_COEFFICIENT,NOT_APPLICABLE,0.0018861479850746268,1580.4034111337421,0
P001_G4_EM_COEFFICIENTS,1001542,P001_INFINITE_MEDIUM_COEFFICIENT,NOT_APPLICABLE,0.0018865086567164179,1579.7769773722516,0
P001_G4_EM_COEFFICIENTS,1001543,P001_INFINITE_MEDIUM_COEFFICIENT,NOT_APPLICABLE,0.0018868693283582089,1579.1509095655231,0
P001_G4_EM_COEFFICIENTS,1001544,P001_INFINITE_MEDIUM_COEFFICIENT,NOT_APPLICABLE,0.0018872299999999999,1578.5252140307525,0
P001_G4_EM_COEFFICIENTS,1001545,P001_INFINITE_MEDIUM_COEFFICIENT,NOT_APPLICABLE,0.001887590671641791,1577.89989047311,0
P001_G4_EM_COEFFICIENTS,1001546,P001_INFINITE_MEDIUM_COEFFICIENT,NOT_APPLICABLE,0.001887951343283582,1577.2749385980578,0
P001_G4_EM_COEFFICIENTS,1001547,P001_INFINITE_MEDIUM_COEFFICIENT,NOT_APPLICABLE,0.0018883120149253731,1576.6503581113498,0
P001_G4_EM_COEFFICIENTS,1001548,P001_INFINITE_MEDIUM_COEFFICIENT,NOT_APPLICABLE,0.0018886726865671641,1576.0261440497077,0
P001_G4_EM_COEFFICIENTS,1001549,P001_INFINITE_MEDIUM_COEFFICIENT,NOT_APPLICABLE,0.0018890333582089552,1575.4022955644907,0
P001_G4_EM_COEFFICIENTS,1001550,P001_INFINITE_MEDIUM_COEFFICIENT,NOT_APPLICABLE,0.0018893940298507462,1574.7777809869381,0
P001_G4_EM_COEFFICIENTS,1001551,P001_INFINITE_MEDIUM_COEFFICIENT,NOT_APPLICABLE,0.0018897547014925372,1574.1534782913127,0
P001_G4_EM_COEFFICIENTS,1001552,P001_INFINITE_MEDIUM_COEFFICIENT,NOT_APPLICABLE,0.0018901153731343283,1573.5125139017334,0
P001_G4_EM_COEFFICIENTS,1001553,P001_INFINITE_MEDIUM_COEFFICIENT,NOT_APPLICABLE,0.0018904760447761193,1572.8367128019522,0
P001_G4_EM_COEFFICIENTS,1001554,P001_INFINITE_MEDIUM_COEFFICIENT,NOT_APPLICABLE,0.0018908367164179104,1572.1613781216977,0
P001_G4_EM_COEFFICIENTS,1001555,P001_INFINITE_MEDIUM_COEFFICIENT,NOT_APPLICABLE,0.0018911973880597014,1571.4796313467921,0
P001_G4_EM_COEFFICIENTS,1001556,P001_INFINITE_MEDIUM_COEFFICIENT,NOT_APPLICABLE,0.0018915580597014924,1570.7976951525179,0
P001_G4_EM_COEFFICIENTS,1001557,P001_INFINITE_MEDIUM_COEFFICIENT,NOT_APPLICABLE,0.0018919187313432835,1570.1161906954137,0
P001_G4_EM_COEFFICIENTS,1001558,P001_INFINITE_MEDIUM_COEFFICIENT,NOT_APPLICABLE,0.0018922794029850745,1569.4350159385187,0
P001_G4_EM_COEFFICIENTS,1001559,P001_INFINITE_MEDIUM_COEFFICIENT,NOT_APPLICABLE,0.0018926400746268656,1568.7542782821313,0
P001_G4_EM_COEFFICIENTS,1001560,P001_INFINITE_MEDIUM_COEFFICIENT,NOT_APPLICABLE,0.0018930007462686568,1568.0739773567261,0
P001_G4_EM_COEFFICIENTS,1001561,P001_INFINITE_MEDIUM_COEFFICIENT,NOT_APPLICABLE,0.0018933614179104477,1567.3939230384567,0
P001_G4_EM_COEFFICIENTS,1001562,P001_INFINITE_MEDIUM_COEFFICIENT,NOT_APPLICABLE,0.0018937220895522389,1566.7141534424845,0
P001_G4_EM_COEFFICIENTS,1001563,P001_INFINITE_MEDIUM_COEFFICIENT,NOT_APPLICABLE,0.00189408276119403,1566.0348198608376,0
P001_G4_EM_COEFFICIENTS,1001564,P001_INFINITE_MEDIUM_COEFFICIENT,NOT_APPLICABLE,0.001894443432835821,1565.3559219250883,0
P001_G4_EM_COEFFICIENTS,1001565,P001_INFINITE_MEDIUM_COEFFICIENT,NOT_APPLICABLE,0.001894804104477612,1564.6773318238236,0
P001_G4_EM_COEFFICIENTS,1001566,P001_INFINITE_MEDIUM_COEFFICIENT,NOT_APPLICABLE,0.0018951647761194031,1563.9991404987099,0
P001_G4_EM_COEFFICIENTS,1001567,P001_INFINITE_MEDIUM_COEFFICIENT,NOT_APPLICABLE,0.0018955254477611941,1563.3213678898612,0
P001_G4_EM_COEFFICIENTS,1001568,P001_INFINITE_MEDIUM_COEFFICIENT,NOT_APPLICABLE,0.0018958861194029852,1562.6440123113828,0
P001_G4_EM_COEFFICIENTS,1001569,P001_INFINITE_MEDIUM_COEFFICIENT,NOT_APPLICABLE,0.0018962467910447762,1561.9670907668115,0
P001_G4_EM_COEFFICIENTS,1001570,P001_INFINITE_MEDIUM_COEFFICIENT,NOT_APPLICABLE,0.0018966074626865673,1561.2906070647457,0
P001_G4_EM_COEFFICIENTS,1001571,P001_INFINITE_MEDIUM_COEFFICIENT,NOT_APPLICABLE,0.0018969681343283583,1560.6137544331207,0
P001_G4_EM_COEFFICIENTS,1001572,P001_INFINITE_MEDIUM_COEFFICIENT,NOT_APPLICABLE,0.0018973288059701493,1559.9343234545504,0
P001_G4_EM_COEFFICIENTS,1001573,P001_INFINITE_MEDIUM_COEFFICIENT,NOT_APPLICABLE,0.0018976894776119404,1559.2552974111543,0
P001_G4_EM_COEFFICIENTS,1001574,P001_INFINITE_MEDIUM_COEFFICIENT,NOT_APPLICABLE,0.0018980501492537314,1558.5767029143144,0
P001_G4_EM_COEFFICIENTS,1001575,P001_INFINITE_MEDIUM_COEFFICIENT,NOT_APPLICABLE,0.0018984108208955225,1557.8985446344277,0
P001_G4_EM_COEFFICIENTS,1001576,P001_INFINITE_MEDIUM_COEFFICIENT,NOT_APPLICABLE,0.0018987714925373135,1557.2208222024203,0
P001_G4_EM_COEFFICIENTS,1001577,P001_INFINITE_MEDIUM_COEFFICIENT,NOT_APPLICABLE,0.0018991321641791045,1556.5433792284316,0
P001_G4_EM_COEFFICIENTS,1001578,P001_INFINITE_MEDIUM_COEFFICIENT,NOT_APPLICABLE,0.0018994928358208956,1555.8662885148144,0
P001_G4_EM_COEFFICIENTS,1001579,P001_INFINITE_MEDIUM_COEFFICIENT,NOT_APPLICABLE,0.0018998535074626866,1555.189632816237,0
P001_G4_EM_COEFFICIENTS,1001580,P001_INFINITE_MEDIUM_COEFFICIENT,NOT_APPLICABLE,0.0019002141791044777,1554.513425367664,0
P001_G4_EM_COEFFICIENTS,1001581,P001_INFINITE_MEDIUM_COEFFICIENT,NOT_APPLICABLE,0.0019005748507462687,1553.8376599323517,0
P001_G4_EM_COEFFICIENTS,1001582,P001_INFINITE_MEDIUM_COEFFICIENT,NOT_APPLICABLE,0.0019009355223880598,1553.1623284094439,0
P001_G4_EM_COEFFICIENTS,1001583,P001_INFINITE_MEDIUM_COEFFICIENT,NOT_APPLICABLE,0.0019012961940298508,1552.487430408418,0
P001_G4_EM_COEFFICIENTS,1001584,P001_INFINITE_MEDIUM_COEFFICIENT,NOT_APPLICABLE,0.0019016568656716418,1551.8097565048238,0
P001_G4_EM_COEFFICIENTS,1001585,P001_INFINITE_MEDIUM_COEFFICIENT,NOT_APPLICABLE,0.0019020175373134329,1551.1319333225206,0
P001_G4_EM_COEFFICIENTS,1001586,P001_INFINITE_MEDIUM_COEFFICIENT,NOT_APPLICABLE,0.0019023782089552239,1550.4545356700612,0
P001_G4_EM_COEFFICIENTS,1001587,P001_INFINITE_MEDIUM_COEFFICIENT,NOT_APPLICABLE,0.001902738880597015,1549.7775720321893,0
P001_G4_EM_COEFFICIENTS,1001588,P001_INFINITE_MEDIUM_COEFFICIENT,NOT_APPLICABLE,0.001903099552238806,1549.1010081764505,0
P001_G4_EM_COEFFICIENTS,1001589,P001_INFINITE_MEDIUM_COEFFICIENT,NOT_APPLICABLE,0.0019034602238805971,1548.4248698515698,0
P001_G4_EM_COEFFICIENTS,1001590,P001_INFINITE_MEDIUM_COEFFICIENT,NOT_APPLICABLE,0.0019038208955223881,1547.7491647686882,0
P001_G4_EM_COEFFICIENTS,1001591,P001_INFINITE_MEDIUM_COEFFICIENT,NOT_APPLICABLE,0.0019041815671641791,1547.0736949369664,0
P001_G4_EM_COEFFICIENTS,1001592,P001_INFINITE_MEDIUM_COEFFICIENT,NOT_APPLICABLE,0.0019045422388059702,1546.3960989221082,0
P001_G4_EM_COEFFICIENTS,1001593,P001_INFINITE_MEDIUM_COEFFICIENT,NOT_APPLICABLE,0.0019049029104477612,1545.7189017532185,0
P001_G4_EM_COEFFICIENTS,1001594,P001_INFINITE_MEDIUM_COEFFICIENT,NOT_APPLICABLE,0.0019052635820895523,1545.0421336544271,0
P001_G4_EM_COEFFICIENTS,1001595,P001_INFINITE_MEDIUM_COEFFICIENT,NOT_APPLICABLE,0.0019056242537313433,1544.3738779437092,0
P001_G4_EM_COEFFICIENTS,1001596,P001_INFINITE_MEDIUM_COEFFICIENT,NOT_APPLICABLE,0.0019059849253731343,1543.7152159426357,0
P001_G4_EM_COEFFICIENTS,1001597,P001_INFINITE_MEDIUM_COEFFICIENT,NOT_APPLICABLE,0.0019063455970149254,1543.053455215899,0
P001_G4_EM_COEFFICIENTS,1001598,P001_INFINITE_MEDIUM_COEFFICIENT,NOT_APPLICABLE,0.0019067062686567164,1542.3921145009961,0
P001_G4_EM_COEFFICIENTS,1001599,P001_INFINITE_MEDIUM_COEFFICIENT,NOT_APPLICABLE,0.0019070669402985075,1541.7311934464774,0
P001_G4_EM_COEFFICIENTS,1001600,P001_INFINITE_MEDIUM_COEFFICIENT,NOT_APPLICABLE,0.0019074276119402985,1541.0706917012556,0
P001_G4_EM_COEFFICIENTS,1001601,P001_INFINITE_MEDIUM_COEFFICIENT,NOT_APPLICABLE,0.0019077882835820896,1540.4098694360173,0
P001_G4_EM_COEFFICIENTS,1001602,P001_INFINITE_MEDIUM_COEFFICIENT,NOT_APPLICABLE,0.0019081489552238806,1539.74898186373,0
P001_G4_EM_COEFFICIENTS,1001603,P001_INFINITE_MEDIUM_COEFFICIENT,NOT_APPLICABLE,0.0019085096268656716,1539.0884890265036,0
P001_G4_EM_COEFFICIENTS,1001604,P001_INFINITE_MEDIUM_COEFFICIENT,NOT_APPLICABLE,0.0019088702985074627,1538.428391498928,0
P001_G4_EM_COEFFICIENTS,1001605,P001_INFINITE_MEDIUM_COEFFICIENT,NOT_APPLICABLE,0.0019092309701492537,1537.7687409750436,0
P001_G4_EM_COEFFICIENTS,1001606,P001_INFINITE_MEDIUM_COEFFICIENT,NOT_APPLICABLE,0.0019095916417910448,1537.1096450626508,0
P001_G4_EM_COEFFICIENTS,1001607,P001_INFINITE_MEDIUM_COEFFICIENT,NOT_APPLICABLE,0.0019099523134328358,1536.4509672624527,0
P001_G4_EM_COEFFICIENTS,1001608,P001_INFINITE_MEDIUM_COEFFICIENT,NOT_APPLICABLE,0.0019103129850746269,1535.7928980777597,0
P001_G4_EM_COEFFICIENTS,1001609,P001_INFINITE_MEDIUM_COEFFICIENT,NOT_APPLICABLE,0.0019106736567164179,1535.1365096558047,0
P001_G4_EM_COEFFICIENTS,1001610,P001_INFINITE_MEDIUM_COEFFICIENT,NOT_APPLICABLE,0.0019110343283582089,1534.4805366518631,0
P001_G4_EM_COEFFICIENTS,1001611,P001_INFINITE_MEDIUM_COEFFICIENT,NOT_APPLICABLE,0.001911395,1533.8249139340796,0
P001_G4_EM_COEFFICIENTS,1001612,P001_INFINITE_MEDIUM_COEFFICIENT,NOT_APPLICABLE,0.0034270300000000002,322.79108469629369,0
P001_G4_EM_COEFFICIENTS,1001613,P001_INFINITE_MEDIUM_COEFFICIENT,NOT_APPLICABLE,0.0034279273631840799,322.55601737180723,0
P001_G4_EM_COEFFICIENTS,1001614,P001_INFINITE_MEDIUM_COEFFICIENT,NOT_APPLICABLE,0.0034288247263681592,322.32112509594873,0
P001_G4_EM_COEFFICIENTS,1001615,P001_INFINITE_MEDIUM_COEFFICIENT,NOT_APPLICABLE,0.003429722089552239,322.08646926295881,0
P001_G4_EM_COEFFICIENTS,1001616,P001_INFINITE_MEDIUM_COEFFICIENT,NOT_APPLICABLE,0.0034306194527363187,321.85204957094618,0
P001_G4_EM_COEFFICIENTS,1001617,P001_INFINITE_MEDIUM_COEFFICIENT,NOT_APPLICABLE,0.003431516815920398,321.61786547326784,0
P001_G4_EM_COEFFICIENTS,1001618,P001_INFINITE_MEDIUM_COEFFICIENT,NOT_APPLICABLE,0.0034324141791044777,321.38391629147736,0
P001_G4_EM_COEFFICIENTS,1001619,P001_INFINITE_MEDIUM_COEFFICIENT,NOT_APPLICABLE,0.0034333115422885575,321.15020234868933,0
P001_G4_EM_COEFFICIENTS,1001620,P001_INFINITE_MEDIUM_COEFFICIENT,NOT_APPLICABLE,0.0034342089054726372,320.91672334486969,0
P001_G4_EM_COEFFICIENTS,1001621,P001_INFINITE_MEDIUM_COEFFICIENT,NOT_APPLICABLE,0.0034351062686567165,320.68347898044766,0
P001_G4_EM_COEFFICIENTS,1001622,P001_INFINITE_MEDIUM_COEFFICIENT,NOT_APPLICABLE,0.0034360036318407962,320.4502999588629,0
P001_G4_EM_COEFFICIENTS,1001623,P001_INFINITE_MEDIUM_COEFFICIENT,NOT_APPLICABLE,0.003436900995024876,320.21641317550598,0
P001_G4_EM_COEFFICIENTS,1001624,P001_INFINITE_MEDIUM_COEFFICIENT,NOT_APPLICABLE,0.0034377983582089553,319.9827618749195,0
P001_G4_EM_COEFFICIENTS,1001625,P001_INFINITE_MEDIUM_COEFFICIENT,NOT_APPLICABLE,0.003438695721393035,319.74933973981251,0
P001_G4_EM_COEFFICIENTS,1001626,P001_INFINITE_MEDIUM_COEFFICIENT,NOT_APPLICABLE,0.0034395930845771147,319.51602968129862,0
P001_G4_EM_COEFFICIENTS,1001627,P001_INFINITE_MEDIUM_COEFFICIENT,NOT_APPLICABLE,0.003440490447761194,319.28294186773581,0
P001_G4_EM_COEFFICIENTS,1001628,P001_INFINITE_MEDIUM_COEFFICIENT,NOT_APPLICABLE,0.0034413878109452738,319.050087558705,0
P001_G4_EM_COEFFICIENTS,1001629,P001_INFINITE_MEDIUM_COEFFICIENT,NOT_APPLICABLE,0.0034422851741293535,318.81746745687644,0
P001_G4_EM_COEFFICIENTS,1001630,P001_INFINITE_MEDIUM_COEFFICIENT,NOT_APPLICABLE,0.0034431825373134328,318.584035391962,0
P001_G4_EM_COEFFICIENTS,1001631,P001_INFINITE_MEDIUM_COEFFICIENT,NOT_APPLICABLE,0.0034440799004975126,318.34971141537147,0
P001_G4_EM_COEFFICIENTS,1001632,P001_INFINITE_MEDIUM_COEFFICIENT,NOT_APPLICABLE,0.0034449772636815923,318.11561532003179,0
P001_G4_EM_COEFFICIENTS,1001633,P001_INFINITE_MEDIUM_COEFFICIENT,NOT_APPLICABLE,0.003445874626865672,317.88175320443185,0
P001_G4_EM_COEFFICIENTS,1001634,P001_INFINITE_MEDIUM_COEFFICIENT,NOT_APPLICABLE,0.0034467719900497513,317.65768634605405,0
P001_G4_EM_COEFFICIENTS,1001635,P001_INFINITE_MEDIUM_COEFFICIENT,NOT_APPLICABLE,0.0034476693532338311,317.43413973129429,0
P001_G4_EM_COEFFICIENTS,1001636,P001_INFINITE_MEDIUM_COEFFICIENT,NOT_APPLICABLE,0.0034485667164179108,317.21078396221196,0
P001_G4_EM_COEFFICIENTS,1001637,P001_INFINITE_MEDIUM_COEFFICIENT,NOT_APPLICABLE,0.0034494640796019901,316.98764456987146,0
P001_G4_EM_COEFFICIENTS,1001638,P001_INFINITE_MEDIUM_COEFFICIENT,NOT_APPLICABLE,0.0034503614427860698,316.7639210960657,0
P001_G4_EM_COEFFICIENTS,1001639,P001_INFINITE_MEDIUM_COEFFICIENT,NOT_APPLICABLE,0.0034512588059701496,316.54035407596149,0
P001_G4_EM_COEFFICIENTS,1001640,P001_INFINITE_MEDIUM_COEFFICIENT,NOT_APPLICABLE,0.0034521561691542289,316.31700733168071,0
P001_G4_EM_COEFFICIENTS,1001641,P001_INFINITE_MEDIUM_COEFFICIENT,NOT_APPLICABLE,0.0034530535323383086,316.09378185519887,0
P001_G4_EM_COEFFICIENTS,1001642,P001_INFINITE_MEDIUM_COEFFICIENT,NOT_APPLICABLE,0.0034539508955223884,315.87074449978724,0
P001_G4_EM_COEFFICIENTS,1001643,P001_INFINITE_MEDIUM_COEFFICIENT,NOT_APPLICABLE,0.0034548482587064677,315.64792696557004,0
P001_G4_EM_COEFFICIENTS,1001644,P001_INFINITE_MEDIUM_COEFFICIENT,NOT_APPLICABLE,0.0034557456218905474,315.42532897638904,0
P001_G4_EM_COEFFICIENTS,1001645,P001_INFINITE_MEDIUM_COEFFICIENT,NOT_APPLICABLE,0.0034566429850746271,315.20242169521174,0
P001_G4_EM_COEFFICIENTS,1001646,P001_INFINITE_MEDIUM_COEFFICIENT,NOT_APPLICABLE,0.0034575403482587069,314.97955753341688,0
P001_G4_EM_COEFFICIENTS,1001647,P001_INFINITE_MEDIUM_COEFFICIENT,NOT_APPLICABLE,0.0034584377114427862,314.75681092825636,0
P001_G4_EM_COEFFICIENTS,1001648,P001_INFINITE_MEDIUM_COEFFICIENT,NOT_APPLICABLE,0.0034593350746268659,314.53516463062937,0
P001_G4_EM_COEFFICIENTS,1001649,P001_INFINITE_MEDIUM_COEFFICIENT,NOT_APPLICABLE,0.0034602324378109456,314.31345620733248,0
P001_G4_EM_COEFFICIENTS,1001650,P001_INFINITE_MEDIUM_COEFFICIENT,NOT_APPLICABLE,0.0034611298009950249,314.0905924604192,0
P001_G4_EM_COEFFICIENTS,1001651,P001_INFINITE_MEDIUM_COEFFICIENT,NOT_APPLICABLE,0.0034620271641791047,313.86794879037149,0
P001_G4_EM_COEFFICIENTS,1001652,P001_INFINITE_MEDIUM_COEFFICIENT,NOT_APPLICABLE,0.0034629245273631844,313.64552492056254,0
P001_G4_EM_COEFFICIENTS,1001653,P001_INFINITE_MEDIUM_COEFFICIENT,NOT_APPLICABLE,0.0034638218905472637,313.42332057478586,0
P001_G4_EM_COEFFICIENTS,1001654,P001_INFINITE_MEDIUM_COEFFICIENT,NOT_APPLICABLE,0.0034647192537313434,313.20133547725567,0
P001_G4_EM_COEFFICIENTS,1001655,P001_INFINITE_MEDIUM_COEFFICIENT,NOT_APPLICABLE,0.0034656166169154232,312.97956935260578,0
P001_G4_EM_COEFFICIENTS,1001656,P001_INFINITE_MEDIUM_COEFFICIENT,NOT_APPLICABLE,0.0034665139800995025,312.75802430704397,0
P001_G4_EM_COEFFICIENTS,1001657,P001_INFINITE_MEDIUM_COEFFICIENT,NOT_APPLICABLE,0.0034674113432835822,312.53669911062246,0
P001_G4_EM_COEFFICIENTS,1001658,P001_INFINITE_MEDIUM_COEFFICIENT,NOT_APPLICABLE,0.003468308706467662,312.31553027777755,0
P001_G4_EM_COEFFICIENTS,1001659,P001_INFINITE_MEDIUM_COEFFICIENT,NOT_APPLICABLE,0.0034692060696517417,312.09455725104289,0
P001_G4_EM_COEFFICIENTS,1001660,P001_INFINITE_MEDIUM_COEFFICIENT,NOT_APPLICABLE,0.003470103432835821,311.87369736575073,0
P001_G4_EM_COEFFICIENTS,1001661,P001_INFINITE_MEDIUM_COEFFICIENT,NOT_APPLICABLE,0.0034710007960199007,311.65305553101132,0
P001_G4_EM_COEFFICIENTS,1001662,P001_INFINITE_MEDIUM_COEFFICIENT,NOT_APPLICABLE,0.0034718981592039805,311.43263447318719,0
P001_G4_EM_COEFFICIENTS,1001663,P001_INFINITE_MEDIUM_COEFFICIENT,NOT_APPLICABLE,0.0034727955223880598,311.21246804288148,0
P001_G4_EM_COEFFICIENTS,1001664,P001_INFINITE_MEDIUM_COEFFICIENT,NOT_APPLICABLE,0.0034736928855721395,310.99289524295483,0
P001_G4_EM_COEFFICIENTS,1001665,P001_INFINITE_MEDIUM_COEFFICIENT,NOT_APPLICABLE,0.0034745902487562192,310.77353832160168,0
P001_G4_EM_COEFFICIENTS,1001666,P001_INFINITE_MEDIUM_COEFFICIENT,NOT_APPLICABLE,0.0034754876119402985,310.55439700858585,0
P001_G4_EM_COEFFICIENTS,1001667,P001_INFINITE_MEDIUM_COEFFICIENT,NOT_APPLICABLE,0.0034763849751243783,310.33547103408085,0
P001_G4_EM_COEFFICIENTS,1001668,P001_INFINITE_MEDIUM_COEFFICIENT,NOT_APPLICABLE,0.003477282338308458,310.11676012866934,0
P001_G4_EM_COEFFICIENTS,1001669,P001_INFINITE_MEDIUM_COEFFICIENT,NOT_APPLICABLE,0.0034781797014925373,309.89826402334262,0
P001_G4_EM_COEFFICIENTS,1001670,P001_INFINITE_MEDIUM_COEFFICIENT,NOT_APPLICABLE,0.0034790770646766171,309.68001464370423,0
P001_G4_EM_COEFFICIENTS,1001671,P001_INFINITE_MEDIUM_COEFFICIENT,NOT_APPLICABLE,0.0034799744278606968,309.46203645111757,0
P001_G4_EM_COEFFICIENTS,1001672,P001_INFINITE_MEDIUM_COEFFICIENT,NOT_APPLICABLE,0.0034808717910447765,309.24427211620673,0
P001_G4_EM_COEFFICIENTS,1001673,P001_INFINITE_MEDIUM_COEFFICIENT,NOT_APPLICABLE,0.0034817691542288558,309.02672137180247,0
P001_G4_EM_COEFFICIENTS,1001674,P001_INFINITE_MEDIUM_COEFFICIENT,NOT_APPLICABLE,0.0034826665174129356,308.80937835129072,0
P001_G4_EM_COEFFICIENTS,1001675,P001_INFINITE_MEDIUM_COEFFICIENT,NOT_APPLICABLE,0.0034835638805970153,308.59223701370564,0
P001_G4_EM_COEFFICIENTS,1001676,P001_INFINITE_MEDIUM_COEFFICIENT,NOT_APPLICABLE,0.0034844612437810946,308.37530849376503,0
P001_G4_EM_COEFFICIENTS,1001677,P001_INFINITE_MEDIUM_COEFFICIENT,NOT_APPLICABLE,0.0034853586069651743,308.15859190184756,0
P001_G4_EM_COEFFICIENTS,1001678,P001_INFINITE_MEDIUM_COEFFICIENT,NOT_APPLICABLE,0.0034862559701492541,307.9420825651577,0
P001_G4_EM_COEFFICIENTS,1001679,P001_INFINITE_MEDIUM_COEFFICIENT,NOT_APPLICABLE,0.0034871533333333334,307.72576131533071,0
P001_G4_EM_COEFFICIENTS,1001680,P001_INFINITE_MEDIUM_COEFFICIENT,NOT_APPLICABLE,0.0034880506965174131,307.509603328796,0
P001_G4_EM_COEFFICIENTS,1001681,P001_INFINITE_MEDIUM_COEFFICIENT,NOT_APPLICABLE,0.0034889480597014928,307.29364679063781,0
P001_G4_EM_COEFFICIENTS,1001682,P001_INFINITE_MEDIUM_COEFFICIENT,NOT_APPLICABLE,0.0034898454228855721,307.07787251002611,0
P001_G4_EM_COEFFICIENTS,1001683,P001_INFINITE_MEDIUM_COEFFICIENT,NOT_APPLICABLE,0.0034907427860696519,306.86230814653373,0
P001_G4_EM_COEFFICIENTS,1001684,P001_INFINITE_MEDIUM_COEFFICIENT,NOT_APPLICABLE,0.0034916401492537316,306.64695285462778,0
P001_G4_EM_COEFFICIENTS,1001685,P001_INFINITE_MEDIUM_COEFFICIENT,NOT_APPLICABLE,0.0034925375124378114,306.43176868739556,0
P001_G4_EM_COEFFICIENTS,1001686,P001_INFINITE_MEDIUM_COEFFICIENT,NOT_APPLICABLE,0.0034934348756218907,306.2167152506396,0
P001_G4_EM_COEFFICIENTS,1001687,P001_INFINITE_MEDIUM_COEFFICIENT,NOT_APPLICABLE,0.0034943322388059704,306.00187209968442,0
P001_G4_EM_COEFFICIENTS,1001688,P001_INFINITE_MEDIUM_COEFFICIENT,NOT_APPLICABLE,0.0034952296019900501,305.78723823512871,0
P001_G4_EM_COEFFICIENTS,1001689,P001_INFINITE_MEDIUM_COEFFICIENT,NOT_APPLICABLE,0.0034961269651741294,305.57281344841039,0
P001_G4_EM_COEFFICIENTS,1001690,P001_INFINITE_MEDIUM_COEFFICIENT,NOT_APPLICABLE,0.0034970243283582092,305.35859816550987,0
P001_G4_EM_COEFFICIENTS,1001691,P001_INFINITE_MEDIUM_COEFFICIENT,NOT_APPLICABLE,0.0034979216915422889,305.14459212582062,0
P001_G4_EM_COEFFICIENTS,1001692,P001_INFINITE_MEDIUM_COEFFICIENT,NOT_APPLICABLE,0.0034988190547263682,304.93079506912881,0
P001_G4_EM_COEFFICIENTS,1001693,P001_INFINITE_MEDIUM_COEFFICIENT,NOT_APPLICABLE,0.0034997164179104479,304.7141969562922,0
P001_G4_EM_COEFFICIENTS,1001694,P001_INFINITE_MEDIUM_COEFFICIENT,NOT_APPLICABLE,0.0035006137810945277,304.49763411444769,0
P001_G4_EM_COEFFICIENTS,1001695,P001_INFINITE_MEDIUM_COEFFICIENT,NOT_APPLICABLE,0.003501511144278607,304.28127194530879,0
P001_G4_EM_COEFFICIENTS,1001696,P001_INFINITE_MEDIUM_COEFFICIENT,NOT_APPLICABLE,0.0035024085074626867,304.06512262810185,0
P001_G4_EM_COEFFICIENTS,1001697,P001_INFINITE_MEDIUM_COEFFICIENT,NOT_APPLICABLE,0.0035033058706467664,303.84918589702704,0
P001_G4_EM_COEFFICIENTS,1001698,P001_INFINITE_MEDIUM_COEFFICIENT,NOT_APPLICABLE,0.0035042032338308458,303.63339738724801,0
P001_G4_EM_COEFFICIENTS,1001699,P001_INFINITE_MEDIUM_COEFFICIENT,NOT_APPLICABLE,0.0035051005970149255,303.41780297447184,0
P001_G4_EM_COEFFICIENTS,1001700,P001_INFINITE_MEDIUM_COEFFICIENT,NOT_APPLICABLE,0.0035059979601990052,303.20230665815467,0
P001_G4_EM_COEFFICIENTS,1001701,P001_INFINITE_MEDIUM_COEFFICIENT,NOT_APPLICABLE,0.003506895323383085,302.98532693649071,0
P001_G4_EM_COEFFICIENTS,1001702,P001_INFINITE_MEDIUM_COEFFICIENT,NOT_APPLICABLE,0.0035077926865671643,302.76839763367548,0
P001_G4_EM_COEFFICIENTS,1001703,P001_INFINITE_MEDIUM_COEFFICIENT,NOT_APPLICABLE,0.003508690049751244,302.55131231452236,0
P001_G4_EM_COEFFICIENTS,1001704,P001_INFINITE_MEDIUM_COEFFICIENT,NOT_APPLICABLE,0.0035095874129353237,302.33441807430859,0
P001_G4_EM_COEFFICIENTS,1001705,P001_INFINITE_MEDIUM_COEFFICIENT,NOT_APPLICABLE,0.003510484776119403,302.11764794544951,0
P001_G4_EM_COEFFICIENTS,1001706,P001_INFINITE_MEDIUM_COEFFICIENT,NOT_APPLICABLE,0.0035113821393034828,301.90122814243216,0
P001_G4_EM_COEFFICIENTS,1001707,P001_INFINITE_MEDIUM_COEFFICIENT,NOT_APPLICABLE,0.0035122795024875625,301.69461856848778,0
P001_G4_EM_COEFFICIENTS,1001708,P001_INFINITE_MEDIUM_COEFFICIENT,NOT_APPLICABLE,0.0035131768656716418,301.48824003663316,0
P001_G4_EM_COEFFICIENTS,1001709,P001_INFINITE_MEDIUM_COEFFICIENT,NOT_APPLICABLE,0.0035140742288557215,301.28205984929343,0
P001_G4_EM_COEFFICIENTS,1001710,P001_INFINITE_MEDIUM_COEFFICIENT,NOT_APPLICABLE,0.0035149715920398013,301.07549300656689,0
P001_G4_EM_COEFFICIENTS,1001711,P001_INFINITE_MEDIUM_COEFFICIENT,NOT_APPLICABLE,0.0035158689552238806,300.86907066037986,0
P001_G4_EM_COEFFICIENTS,1001712,P001_INFINITE_MEDIUM_COEFFICIENT,NOT_APPLICABLE,0.0035167663184079603,300.66284690110047,0
P001_G4_EM_COEFFICIENTS,1001713,P001_INFINITE_MEDIUM_COEFFICIENT,NOT_APPLICABLE,0.0035176636815920401,300.45682148466727,0
P001_G4_EM_COEFFICIENTS,1001714,P001_INFINITE_MEDIUM_COEFFICIENT,NOT_APPLICABLE,0.0035185610447761198,300.25099416738357,0
P001_G4_EM_COEFFICIENTS,1001715,P001_INFINITE_MEDIUM_COEFFICIENT,NOT_APPLICABLE,0.0035194584079601991,300.04431283189149,0
P001_G4_EM_COEFFICIENTS,1001716,P001_INFINITE_MEDIUM_COEFFICIENT,NOT_APPLICABLE,0.0035203557711442788,299.83679425982103,0
P001_G4_EM_COEFFICIENTS,1001717,P001_INFINITE_MEDIUM_COEFFICIENT,NOT_APPLICABLE,0.0035212531343283586,299.6294762482911,0
P001_G4_EM_COEFFICIENTS,1001718,P001_INFINITE_MEDIUM_COEFFICIENT,NOT_APPLICABLE,0.0035221504975124379,299.42235855017935,0
P001_G4_EM_COEFFICIENTS,1001719,P001_INFINITE_MEDIUM_COEFFICIENT,NOT_APPLICABLE,0.0035230478606965176,299.2154409187313,0
P001_G4_EM_COEFFICIENTS,1001720,P001_INFINITE_MEDIUM_COEFFICIENT,NOT_APPLICABLE,0.0035239452238805973,299.00870858245094,0
P001_G4_EM_COEFFICIENTS,1001721,P001_INFINITE_MEDIUM_COEFFICIENT,NOT_APPLICABLE,0.0035248425870646766,298.80147538376076,0
P001_G4_EM_COEFFICIENTS,1001722,P001_INFINITE_MEDIUM_COEFFICIENT,NOT_APPLICABLE,0.0035257399502487564,298.59444260523054,0
P001_G4_EM_COEFFICIENTS,1001723,P001_INFINITE_MEDIUM_COEFFICIENT,NOT_APPLICABLE,0.0035266373134328361,298.38761407763167,0
P001_G4_EM_COEFFICIENTS,1001724,P001_INFINITE_MEDIUM_COEFFICIENT,NOT_APPLICABLE,0.0035275346766169154,298.18100904334005,0
P001_G4_EM_COEFFICIENTS,1001725,P001_INFINITE_MEDIUM_COEFFICIENT,NOT_APPLICABLE,0.0035284320398009951,297.97460526293128,0
P001_G4_EM_COEFFICIENTS,1001726,P001_INFINITE_MEDIUM_COEFFICIENT,NOT_APPLICABLE,0.0035293294029850749,297.76840087250127,0
P001_G4_EM_COEFFICIENTS,1001727,P001_INFINITE_MEDIUM_COEFFICIENT,NOT_APPLICABLE,0.0035302267661691546,297.5623956266387,0
P001_G4_EM_COEFFICIENTS,1001728,P001_INFINITE_MEDIUM_COEFFICIENT,NOT_APPLICABLE,0.0035311241293532339,297.35658694763777,0
P001_G4_EM_COEFFICIENTS,1001729,P001_INFINITE_MEDIUM_COEFFICIENT,NOT_APPLICABLE,0.0035320214925373137,297.15096775075568,0
P001_G4_EM_COEFFICIENTS,1001730,P001_INFINITE_MEDIUM_COEFFICIENT,NOT_APPLICABLE,0.0035329188557213934,296.94548875964705,0
P001_G4_EM_COEFFICIENTS,1001731,P001_INFINITE_MEDIUM_COEFFICIENT,NOT_APPLICABLE,0.0035338162189054727,296.74015982018273,0
P001_G4_EM_COEFFICIENTS,1001732,P001_INFINITE_MEDIUM_COEFFICIENT,NOT_APPLICABLE,0.0035347135820895524,296.53502898113396,0
P001_G4_EM_COEFFICIENTS,1001733,P001_INFINITE_MEDIUM_COEFFICIENT,NOT_APPLICABLE,0.0035356109452736322,296.33009599900845,0
P001_G4_EM_COEFFICIENTS,1001734,P001_INFINITE_MEDIUM_COEFFICIENT,NOT_APPLICABLE,0.0035365083084577115,296.12536740514616,0
P001_G4_EM_COEFFICIENTS,1001735,P001_INFINITE_MEDIUM_COEFFICIENT,NOT_APPLICABLE,0.0035374056716417912,295.92087456984814,0
P001_G4_EM_COEFFICIENTS,1001736,P001_INFINITE_MEDIUM_COEFFICIENT,NOT_APPLICABLE,0.0035383030348258709,295.7168802822074,0
P001_G4_EM_COEFFICIENTS,1001737,P001_INFINITE_MEDIUM_COEFFICIENT,NOT_APPLICABLE,0.0035392003980099502,295.51316809373867,0
P001_G4_EM_COEFFICIENTS,1001738,P001_INFINITE_MEDIUM_COEFFICIENT,NOT_APPLICABLE,0.00354009776119403,295.30958332388548,0
P001_G4_EM_COEFFICIENTS,1001739,P001_INFINITE_MEDIUM_COEFFICIENT,NOT_APPLICABLE,0.0035409951243781097,295.10608725258999,0
P001_G4_EM_COEFFICIENTS,1001740,P001_INFINITE_MEDIUM_COEFFICIENT,NOT_APPLICABLE,0.0035418924875621895,294.90306925712412,0
P001_G4_EM_COEFFICIENTS,1001741,P001_INFINITE_MEDIUM_COEFFICIENT,NOT_APPLICABLE,0.0035427898507462688,294.70360857657204,0
P001_G4_EM_COEFFICIENTS,1001742,P001_INFINITE_MEDIUM_COEFFICIENT,NOT_APPLICABLE,0.0035436872139303485,294.50433765569346,0
P001_G4_EM_COEFFICIENTS,1001743,P001_INFINITE_MEDIUM_COEFFICIENT,NOT_APPLICABLE,0.0035445845771144282,294.30357958653974,0
P001_G4_EM_COEFFICIENTS,1001744,P001_INFINITE_MEDIUM_COEFFICIENT,NOT_APPLICABLE,0.0035454819402985075,294.10175255879534,0
P001_G4_EM_COEFFICIENTS,1001745,P001_INFINITE_MEDIUM_COEFFICIENT,NOT_APPLICABLE,0.0035463793034825873,293.90011905278158,0
P001_G4_EM_COEFFICIENTS,1001746,P001_INFINITE_MEDIUM_COEFFICIENT,NOT_APPLICABLE,0.003547276666666667,293.69826437032702,0
P001_G4_EM_COEFFICIENTS,1001747,P001_INFINITE_MEDIUM_COEFFICIENT,NOT_APPLICABLE,0.0035481740298507463,293.49633728384509,0
P001_G4_EM_COEFFICIENTS,1001748,P001_INFINITE_MEDIUM_COEFFICIENT,NOT_APPLICABLE,0.003549071393034826,293.29459867513276,0
P001_G4_EM_COEFFICIENTS,1001749,P001_INFINITE_MEDIUM_COEFFICIENT,NOT_APPLICABLE,0.0035499687562189058,293.09303004706055,0
P001_G4_EM_COEFFICIENTS,1001750,P001_INFINITE_MEDIUM_COEFFICIENT,NOT_APPLICABLE,0.0035508661194029851,292.89165451798272,0
P001_G4_EM_COEFFICIENTS,1001751,P001_INFINITE_MEDIUM_COEFFICIENT,NOT_APPLICABLE,0.0035517634825870648,292.69046959927772,0
P001_G4_EM_COEFFICIENTS,1001752,P001_INFINITE_MEDIUM_COEFFICIENT,NOT_APPLICABLE,0.0035526608457711445,292.48947721019374,0
P001_G4_EM_COEFFICIENTS,1001753,P001_INFINITE_MEDIUM_COEFFICIENT,NOT_APPLICABLE,0.0035535582089552238,292.28867753089133,0
P001_G4_EM_COEFFICIENTS,1001754,P001_INFINITE_MEDIUM_COEFFICIENT,NOT_APPLICABLE,0.0035544555721393036,292.0880703259013,0
P001_G4_EM_COEFFICIENTS,1001755,P001_INFINITE_MEDIUM_COEFFICIENT,NOT_APPLICABLE,0.0035553529353233833,291.88765536010305,0
P001_G4_EM_COEFFICIENTS,1001756,P001_INFINITE_MEDIUM_COEFFICIENT,NOT_APPLICABLE,0.0035562502985074631,291.68743239872504,0
P001_G4_EM_COEFFICIENTS,1001757,P001_INFINITE_MEDIUM_COEFFICIENT,NOT_APPLICABLE,0.0035571476616915424,291.48740120734237,0
P001_G4_EM_COEFFICIENTS,1001758,P001_INFINITE_MEDIUM_COEFFICIENT,NOT_APPLICABLE,0.0035580450248756221,291.28755555741327,0
P001_G4_EM_COEFFICIENTS,1001759,P001_INFINITE_MEDIUM_COEFFICIENT,NOT_APPLICABLE,0.0035589423880597018,291.08790018019175,0
P001_G4_EM_COEFFICIENTS,1001760,P001_INFINITE_MEDIUM_COEFFICIENT,NOT_APPLICABLE,0.0035598397512437811,290.88843535015315,0
P001_G4_EM_COEFFICIENTS,1001761,P001_INFINITE_MEDIUM_COEFFICIENT,NOT_APPLICABLE,0.0035607371144278609,290.68915686866904,0
P001_G4_EM_COEFFICIENTS,1001762,P001_INFINITE_MEDIUM_COEFFICIENT,NOT_APPLICABLE,0.0035616344776119406,290.49008530518233,0
P001_G4_EM_COEFFICIENTS,1001763,P001_INFINITE_MEDIUM_COEFFICIENT,NOT_APPLICABLE,0.0035625318407960199,290.29128059471338,0
P001_G4_EM_COEFFICIENTS,1001764,P001_INFINITE_MEDIUM_COEFFICIENT,NOT_APPLICABLE,0.0035634292039800996,290.09262626098439,0
P001_G4_EM_COEFFICIENTS,1001765,P001_INFINITE_MEDIUM_COEFFICIENT,NOT_APPLICABLE,0.0035643265671641794,289.89259982789923,0
P001_G4_EM_COEFFICIENTS,1001766,P001_INFINITE_MEDIUM_COEFFICIENT,NOT_APPLICABLE,0.0035652239303482587,289.69117891587678,0
P001_G4_EM_COEFFICIENTS,1001767,P001_INFINITE_MEDIUM_COEFFICIENT,NOT_APPLICABLE,0.0035661212935323384,289.48993534375256,0
P001_G4_EM_COEFFICIENTS,1001768,P001_INFINITE_MEDIUM_COEFFICIENT,NOT_APPLICABLE,0.0035670186567164181,289.2888856906165,0
P001_G4_EM_COEFFICIENTS,1001769,P001_INFINITE_MEDIUM_COEFFICIENT,NOT_APPLICABLE,0.0035679160199004979,289.08802938659647,0
P001_G4_EM_COEFFICIENTS,1001770,P001_INFINITE_MEDIUM_COEFFICIENT,NOT_APPLICABLE,0.0035688133830845772,288.88736445431732,0
P001_G4_EM_COEFFICIENTS,1001771,P001_INFINITE_MEDIUM_COEFFICIENT,NOT_APPLICABLE,0.0035697107462686569,288.68688942514797,0
P001_G4_EM_COEFFICIENTS,1001772,P001_INFINITE_MEDIUM_COEFFICIENT,NOT_APPLICABLE,0.0035706081094527367,288.4866500580024,0
P001_G4_EM_COEFFICIENTS,1001773,P001_INFINITE_MEDIUM_COEFFICIENT,NOT_APPLICABLE,0.003571505472636816,288.28671182084969,0
P001_G4_EM_COEFFICIENTS,1001774,P001_INFINITE_MEDIUM_COEFFICIENT,NOT_APPLICABLE,0.0035724028358208957,288.08696586465129,0
P001_G4_EM_COEFFICIENTS,1001775,P001_INFINITE_MEDIUM_COEFFICIENT,NOT_APPLICABLE,0.0035733001990049754,287.8874149910431,0
P001_G4_EM_COEFFICIENTS,1001776,P001_INFINITE_MEDIUM_COEFFICIENT,NOT_APPLICABLE,0.0035741975621890547,287.68755193242788,0
P001_G4_EM_COEFFICIENTS,1001777,P001_INFINITE_MEDIUM_COEFFICIENT,NOT_APPLICABLE,0.0035750949253731345,287.48755624141677,0
P001_G4_EM_COEFFICIENTS,1001778,P001_INFINITE_MEDIUM_COEFFICIENT,NOT_APPLICABLE,0.0035759922885572142,287.28775313585527,0
P001_G4_EM_COEFFICIENTS,1001779,P001_INFINITE_MEDIUM_COEFFICIENT,NOT_APPLICABLE,0.0035768896517412935,287.08814237826431,0
P001_G4_EM_COEFFICIENTS,1001780,P001_INFINITE_MEDIUM_COEFFICIENT,NOT_APPLICABLE,0.0035777870149253732,286.88828954805291,0
P001_G4_EM_COEFFICIENTS,1001781,P001_INFINITE_MEDIUM_COEFFICIENT,NOT_APPLICABLE,0.003578684378109453,286.68805243267798,0
P001_G4_EM_COEFFICIENTS,1001782,P001_INFINITE_MEDIUM_COEFFICIENT,NOT_APPLICABLE,0.0035795817412935327,286.4880084835915,0
P001_G4_EM_COEFFICIENTS,1001783,P001_INFINITE_MEDIUM_COEFFICIENT,NOT_APPLICABLE,0.003580479104477612,286.28816804764642,0
P001_G4_EM_COEFFICIENTS,1001784,P001_INFINITE_MEDIUM_COEFFICIENT,NOT_APPLICABLE,0.0035813764676616918,286.08858133983495,0
P001_G4_EM_COEFFICIENTS,1001785,P001_INFINITE_MEDIUM_COEFFICIENT,NOT_APPLICABLE,0.0035822738308457715,285.88908548052314,0
P001_G4_EM_COEFFICIENTS,1001786,P001_INFINITE_MEDIUM_COEFFICIENT,NOT_APPLICABLE,0.0035831711940298508,285.68971004820889,0
P001_G4_EM_COEFFICIENTS,1001787,P001_INFINITE_MEDIUM_COEFFICIENT,NOT_APPLICABLE,0.0035840685572139305,285.49052675677575,0
P001_G4_EM_COEFFICIENTS,1001788,P001_INFINITE_MEDIUM_COEFFICIENT,NOT_APPLICABLE,0.0035849659203980103,285.29153537138535,0
P001_G4_EM_COEFFICIENTS,1001789,P001_INFINITE_MEDIUM_COEFFICIENT,NOT_APPLICABLE,0.0035858632835820896,285.09273127891709,0
P001_G4_EM_COEFFICIENTS,1001790,P001_INFINITE_MEDIUM_COEFFICIENT,NOT_APPLICABLE,0.0035867606467661693,284.89411778968804,0
P001_G4_EM_COEFFICIENTS,1001791,P001_INFINITE_MEDIUM_COEFFICIENT,NOT_APPLICABLE,0.003587658009950249,284.69568889235154,0
P001_G4_EM_COEFFICIENTS,1001792,P001_INFINITE_MEDIUM_COEFFICIENT,NOT_APPLICABLE,0.0035885553731343283,284.49734572683514,0
P001_G4_EM_COEFFICIENTS,1001793,P001_INFINITE_MEDIUM_COEFFICIENT,NOT_APPLICABLE,0.0035894527363184081,284.29867979636089,0
P001_G4_EM_COEFFICIENTS,1001794,P001_INFINITE_MEDIUM_COEFFICIENT,NOT_APPLICABLE,0.0035903500995024878,284.09875411609733,0
P001_G4_EM_COEFFICIENTS,1001795,P001_INFINITE_MEDIUM_COEFFICIENT,NOT_APPLICABLE,0.0035912474626865675,283.89903486973719,0
P001_G4_EM_COEFFICIENTS,1001796,P001_INFINITE_MEDIUM_COEFFICIENT,NOT_APPLICABLE,0.0035921448258706468,283.69876134262586,0
P001_G4_EM_COEFFICIENTS,1001797,P001_INFINITE_MEDIUM_COEFFICIENT,NOT_APPLICABLE,0.0035930421890547266,283.49845675250663,0
P001_G4_EM_COEFFICIENTS,1001798,P001_INFINITE_MEDIUM_COEFFICIENT,NOT_APPLICABLE,0.0035939395522388063,283.29835807565848,0
P001_G4_EM_COEFFICIENTS,1001799,P001_INFINITE_MEDIUM_COEFFICIENT,NOT_APPLICABLE,0.0035948369154228856,283.09846279375324,0
P001_G4_EM_COEFFICIENTS,1001800,P001_INFINITE_MEDIUM_COEFFICIENT,NOT_APPLICABLE,0.0035957342786069654,282.89887653183388,0
P001_G4_EM_COEFFICIENTS,1001801,P001_INFINITE_MEDIUM_COEFFICIENT,NOT_APPLICABLE,0.0035966316417910451,282.69967315080783,0
P001_G4_EM_COEFFICIENTS,1001802,P001_INFINITE_MEDIUM_COEFFICIENT,NOT_APPLICABLE,0.0035975290049751244,282.50066246185617,0
P001_G4_EM_COEFFICIENTS,1001803,P001_INFINITE_MEDIUM_COEFFICIENT,NOT_APPLICABLE,0.0035984263681592041,282.30184422923037,0
P001_G4_EM_COEFFICIENTS,1001804,P001_INFINITE_MEDIUM_COEFFICIENT,NOT_APPLICABLE,0.0035993237313432839,282.10321821753024,0
P001_G4_EM_COEFFICIENTS,1001805,P001_INFINITE_MEDIUM_COEFFICIENT,NOT_APPLICABLE,0.0036002210945273632,281.90478419170307,0
P001_G4_EM_COEFFICIENTS,1001806,P001_INFINITE_MEDIUM_COEFFICIENT,NOT_APPLICABLE,0.0036011184577114429,281.7063730242499,0
P001_G4_EM_COEFFICIENTS,1001807,P001_INFINITE_MEDIUM_COEFFICIENT,NOT_APPLICABLE,0.0036020158208955226,281.50783872904515,0
P001_G4_EM_COEFFICIENTS,1001808,P001_INFINITE_MEDIUM_COEFFICIENT,NOT_APPLICABLE,0.0036029131840796024,281.30949643911362,0
P001_G4_EM_COEFFICIENTS,1001809,P001_INFINITE_MEDIUM_COEFFICIENT,NOT_APPLICABLE,0.0036038105472636817,281.11134591970767,0
P001_G4_EM_COEFFICIENTS,1001810,P001_INFINITE_MEDIUM_COEFFICIENT,NOT_APPLICABLE,0.0036047079104477614,280.91340259568557,0
P001_G4_EM_COEFFICIENTS,1001811,P001_INFINITE_MEDIUM_COEFFICIENT,NOT_APPLICABLE,0.0036056052736318412,280.71706284752855,0
P001_G4_EM_COEFFICIENTS,1001812,P001_INFINITE_MEDIUM_COEFFICIENT,NOT_APPLICABLE,0.0036065026368159205,280.52207800073052,0
P001_G4_EM_COEFFICIENTS,1001813,P001_INFINITE_MEDIUM_COEFFICIENT,NOT_APPLICABLE,0.0036074000000000002,280.32728012204637,0
P001_G4_EM_COEFFICIENTS,1001814,P001_INFINITE_MEDIUM_COEFFICIENT,NOT_APPLICABLE,0.0036082789552238808,280.13665819878833,0
P001_G4_EM_COEFFICIENTS,1001815,P001_INFINITE_MEDIUM_COEFFICIENT,NOT_APPLICABLE,0.0036091579104477614,279.94621456472919,0
P001_G4_EM_COEFFICIENTS,1001816,P001_INFINITE_MEDIUM_COEFFICIENT,NOT_APPLICABLE,0.0036100368656716421,290.342744597028,0
P001_G4_EM_COEFFICIENTS,1001817,P001_INFINITE_MEDIUM_COEFFICIENT,NOT_APPLICABLE,0.0036109158208955227,290.14675026896685,0
P001_G4_EM_COEFFICIENTS,1001818,P001_INFINITE_MEDIUM_COEFFICIENT,NOT_APPLICABLE,0.0036117947761194033,289.9508964035719,0
P001_G4_EM_COEFFICIENTS,1001819,P001_INFINITE_MEDIUM_COEFFICIENT,NOT_APPLICABLE,0.0036126737313432839,289.76296584859193,0
P001_G4_EM_COEFFICIENTS,1001820,P001_INFINITE_MEDIUM_COEFFICIENT,NOT_APPLICABLE,0.0036135526865671646,289.57650849662025,0
P001_G4_EM_COEFFICIENTS,1001821,P001_INFINITE_MEDIUM_COEFFICIENT,NOT_APPLICABLE,0.0036144316417910448,289.39022055169102,0
P001_G4_EM_COEFFICIENTS,1001822,P001_INFINITE_MEDIUM_COEFFICIENT,NOT_APPLICABLE,0.0036153105970149254,289.20399453854697,0
P001_G4_EM_COEFFICIENTS,1001823,P001_INFINITE_MEDIUM_COEFFICIENT,NOT_APPLICABLE,0.003616189552238806,289.0179070838243,0
P001_G4_EM_COEFFICIENTS,1001824,P001_INFINITE_MEDIUM_COEFFICIENT,NOT_APPLICABLE,0.0036170685074626866,288.83198864609869,0
P001_G4_EM_COEFFICIENTS,1001825,P001_INFINITE_MEDIUM_COEFFICIENT,NOT_APPLICABLE,0.0036179474626865673,288.64623902868408,0
P001_G4_EM_COEFFICIENTS,1001826,P001_INFINITE_MEDIUM_COEFFICIENT,NOT_APPLICABLE,0.0036188264179104479,288.46065803517325,0
P001_G4_EM_COEFFICIENTS,1001827,P001_INFINITE_MEDIUM_COEFFICIENT,NOT_APPLICABLE,0.0036197053731343285,288.27473230833692,0
P001_G4_EM_COEFFICIENTS,1001828,P001_INFINITE_MEDIUM_COEFFICIENT,NOT_APPLICABLE,0.0036205843283582092,288.08843202521729,0
P001_G4_EM_COEFFICIENTS,1001829,P001_INFINITE_MEDIUM_COEFFICIENT,NOT_APPLICABLE,0.0036214632835820898,287.90228998218004,0
P001_G4_EM_COEFFICIENTS,1001830,P001_INFINITE_MEDIUM_COEFFICIENT,NOT_APPLICABLE,0.0036223422388059704,287.71585110426275,0
P001_G4_EM_COEFFICIENTS,1001831,P001_INFINITE_MEDIUM_COEFFICIENT,NOT_APPLICABLE,0.003623221194029851,287.52895106586277,0
P001_G4_EM_COEFFICIENTS,1001832,P001_INFINITE_MEDIUM_COEFFICIENT,NOT_APPLICABLE,0.0036241001492537317,287.34218347920961,0
P001_G4_EM_COEFFICIENTS,1001833,P001_INFINITE_MEDIUM_COEFFICIENT,NOT_APPLICABLE,0.0036249791044776123,287.15558633902822,0
P001_G4_EM_COEFFICIENTS,1001834,P001_INFINITE_MEDIUM_COEFFICIENT,NOT_APPLICABLE,0.0036258580597014929,286.96915944648435,0
P001_G4_EM_COEFFICIENTS,1001835,P001_INFINITE_MEDIUM_COEFFICIENT,NOT_APPLICABLE,0.0036267370149253731,286.78290260302475,0
P001_G4_EM_COEFFICIENTS,1001836,P001_INFINITE_MEDIUM_COEFFICIENT,NOT_APPLICABLE,0.0036276159701492537,286.5968342967837,0
P001_G4_EM_COEFFICIENTS,1001837,P001_INFINITE_MEDIUM_COEFFICIENT,NOT_APPLICABLE,0.0036284949253731344,286.41093884452891,0
P001_G4_EM_COEFFICIENTS,1001838,P001_INFINITE_MEDIUM_COEFFICIENT,NOT_APPLICABLE,0.003629373880597015,286.22521168672426,0
P001_G4_EM_COEFFICIENTS,1001839,P001_INFINITE_MEDIUM_COEFFICIENT,NOT_APPLICABLE,0.0036302528358208956,286.03954639862519,0
P001_G4_EM_COEFFICIENTS,1001840,P001_INFINITE_MEDIUM_COEFFICIENT,NOT_APPLICABLE,0.0036311317910447762,285.85382024195769,0
P001_G4_EM_COEFFICIENTS,1001841,P001_INFINITE_MEDIUM_COEFFICIENT,NOT_APPLICABLE,0.0036320107462686569,285.66795750531412,0
P001_G4_EM_COEFFICIENTS,1001842,P001_INFINITE_MEDIUM_COEFFICIENT,NOT_APPLICABLE,0.0036328897014925375,285.48200902594471,0
P001_G4_EM_COEFFICIENTS,1001843,P001_INFINITE_MEDIUM_COEFFICIENT,NOT_APPLICABLE,0.0036337686567164181,285.29497978034016,0
P001_G4_EM_COEFFICIENTS,1001844,P001_INFINITE_MEDIUM_COEFFICIENT,NOT_APPLICABLE,0.0036346476119402987,285.10812190417414,0
P001_G4_EM_COEFFICIENTS,1001845,P001_INFINITE_MEDIUM_COEFFICIENT,NOT_APPLICABLE,0.0036355265671641794,284.92143519718849,0
P001_G4_EM_COEFFICIENTS,1001846,P001_INFINITE_MEDIUM_COEFFICIENT,NOT_APPLICABLE,0.00363640552238806,284.7349194594081,0
P001_G4_EM_COEFFICIENTS,1001847,P001_INFINITE_MEDIUM_COEFFICIENT,NOT_APPLICABLE,0.0036372844776119406,284.54857449114201,0
P001_G4_EM_COEFFICIENTS,1001848,P001_INFINITE_MEDIUM_COEFFICIENT,NOT_APPLICABLE,0.0036381634328358213,284.36250733381121,0
P001_G4_EM_COEFFICIENTS,1001849,P001_INFINITE_MEDIUM_COEFFICIENT,NOT_APPLICABLE,0.0036390423880597019,284.1766698415932,0
P001_G4_EM_COEFFICIENTS,1001850,P001_INFINITE_MEDIUM_COEFFICIENT,NOT_APPLICABLE,0.0036399213432835821,283.9910022802452,0
P001_G4_EM_COEFFICIENTS,1001851,P001_INFINITE_MEDIUM_COEFFICIENT,NOT_APPLICABLE,0.0036408002985074627,283.80550445155382,0
P001_G4_EM_COEFFICIENTS,1001852,P001_INFINITE_MEDIUM_COEFFICIENT,NOT_APPLICABLE,0.0036416792537313433,283.62017615758583,0
P001_G4_EM_COEFFICIENTS,1001853,P001_INFINITE_MEDIUM_COEFFICIENT,NOT_APPLICABLE,0.003642558208955224,283.43501720068781,0
P001_G4_EM_COEFFICIENTS,1001854,P001_INFINITE_MEDIUM_COEFFICIENT,NOT_APPLICABLE,0.0036434371641791046,283.2495113974615,0
P001_G4_EM_COEFFICIENTS,1001855,P001_INFINITE_MEDIUM_COEFFICIENT,NOT_APPLICABLE,0.0036443161194029852,283.06381922868997,0
P001_G4_EM_COEFFICIENTS,1001856,P001_INFINITE_MEDIUM_COEFFICIENT,NOT_APPLICABLE,0.0036451950746268658,282.87831077719574,0
P001_G4_EM_COEFFICIENTS,1001857,P001_INFINITE_MEDIUM_COEFFICIENT,NOT_APPLICABLE,0.0036460740298507465,282.69297973203004,0
P001_G4_EM_COEFFICIENTS,1001858,P001_INFINITE_MEDIUM_COEFFICIENT,NOT_APPLICABLE,0.0036469529850746271,282.50790075454825,0
P001_G4_EM_COEFFICIENTS,1001859,P001_INFINITE_MEDIUM_COEFFICIENT,NOT_APPLICABLE,0.0036478319402985077,282.32326393136577,0
P001_G4_EM_COEFFICIENTS,1001860,P001_INFINITE_MEDIUM_COEFFICIENT,NOT_APPLICABLE,0.0036487108955223883,282.13878646523358,0
P001_G4_EM_COEFFICIENTS,1001861,P001_INFINITE_MEDIUM_COEFFICIENT,NOT_APPLICABLE,0.003649589850746269,281.95447748815371,0
P001_G4_EM_COEFFICIENTS,1001862,P001_INFINITE_MEDIUM_COEFFICIENT,NOT_APPLICABLE,0.0036504688059701496,281.77033639526786,0
P001_G4_EM_COEFFICIENTS,1001863,P001_INFINITE_MEDIUM_COEFFICIENT,NOT_APPLICABLE,0.0036513477611940302,281.58636289073684,0
P001_G4_EM_COEFFICIENTS,1001864,P001_INFINITE_MEDIUM_COEFFICIENT,NOT_APPLICABLE,0.0036522267164179104,281.40255728880851,0
P001_G4_EM_COEFFICIENTS,1001865,P001_INFINITE_MEDIUM_COEFFICIENT,NOT_APPLICABLE,0.003653105671641791,281.21891939712179,0
P001_G4_EM_COEFFICIENTS,1001866,P001_INFINITE_MEDIUM_COEFFICIENT,NOT_APPLICABLE,0.0036539846268656717,281.03741694166354,0
P001_G4_EM_COEFFICIENTS,1001867,P001_INFINITE_MEDIUM_COEFFICIENT,NOT_APPLICABLE,0.0036548635820895523,280.85676777572712,0
P001_G4_EM_COEFFICIENTS,1001868,P001_INFINITE_MEDIUM_COEFFICIENT,NOT_APPLICABLE,0.0036557425373134329,280.6762819043044,0
P001_G4_EM_COEFFICIENTS,1001869,P001_INFINITE_MEDIUM_COEFFICIENT,NOT_APPLICABLE,0.0036566214925373135,280.49595715254037,0
P001_G4_EM_COEFFICIENTS,1001870,P001_INFINITE_MEDIUM_COEFFICIENT,NOT_APPLICABLE,0.0036575004477611942,280.31491402135805,0
P001_G4_EM_COEFFICIENTS,1001871,P001_INFINITE_MEDIUM_COEFFICIENT,NOT_APPLICABLE,0.0036583794029850748,280.13292023534893,0
P001_G4_EM_COEFFICIENTS,1001872,P001_INFINITE_MEDIUM_COEFFICIENT,NOT_APPLICABLE,0.0036592583582089554,279.95101041439347,0
P001_G4_EM_COEFFICIENTS,1001873,P001_INFINITE_MEDIUM_COEFFICIENT,NOT_APPLICABLE,0.003660137313432836,279.76926278405682,0
P001_G4_EM_COEFFICIENTS,1001874,P001_INFINITE_MEDIUM_COEFFICIENT,NOT_APPLICABLE,0.0036610162686567167,279.58768030776054,0
P001_G4_EM_COEFFICIENTS,1001875,P001_INFINITE_MEDIUM_COEFFICIENT,NOT_APPLICABLE,0.0036618952238805973,279.40626279403278,0
P001_G4_EM_COEFFICIENTS,1001876,P001_INFINITE_MEDIUM_COEFFICIENT,NOT_APPLICABLE,0.0036627741791044779,279.22496498874966,0
P001_G4_EM_COEFFICIENTS,1001877,P001_INFINITE_MEDIUM_COEFFICIENT,NOT_APPLICABLE,0.0036636531343283586,279.04379887244852,0
P001_G4_EM_COEFFICIENTS,1001878,P001_INFINITE_MEDIUM_COEFFICIENT,NOT_APPLICABLE,0.0036645320895522387,278.86279725808879,0
P001_G4_EM_COEFFICIENTS,1001879,P001_INFINITE_MEDIUM_COEFFICIENT,NOT_APPLICABLE,0.0036654110447761194,278.68156941499967,0
P001_G4_EM_COEFFICIENTS,1001880,P001_INFINITE_MEDIUM_COEFFICIENT,NOT_APPLICABLE,0.00366629,278.4993488306099,0
P001_G4_EM_COEFFICIENTS,1001881,P001_INFINITE_MEDIUM_COEFFICIENT,NOT_APPLICABLE,0.0036671689552238806,278.31729440219749,0
P001_G4_EM_COEFFICIENTS,1001882,P001_INFINITE_MEDIUM_COEFFICIENT,NOT_APPLICABLE,0.0036680479104477613,278.13540593680727,0
P001_G4_EM_COEFFICIENTS,1001883,P001_INFINITE_MEDIUM_COEFFICIENT,NOT_APPLICABLE,0.0036689268656716419,277.95365090964577,0
P001_G4_EM_COEFFICIENTS,1001884,P001_INFINITE_MEDIUM_COEFFICIENT,NOT_APPLICABLE,0.0036698058208955225,277.77200160694662,0
P001_G4_EM_COEFFICIENTS,1001885,P001_INFINITE_MEDIUM_COEFFICIENT,NOT_APPLICABLE,0.0036706847761194031,277.59051782232234,0
P001_G4_EM_COEFFICIENTS,1001886,P001_INFINITE_MEDIUM_COEFFICIENT,NOT_APPLICABLE,0.0036715637313432838,277.40916229978779,0
P001_G4_EM_COEFFICIENTS,1001887,P001_INFINITE_MEDIUM_COEFFICIENT,NOT_APPLICABLE,0.0036724426865671644,277.2278279507164,0
P001_G4_EM_COEFFICIENTS,1001888,P001_INFINITE_MEDIUM_COEFFICIENT,NOT_APPLICABLE,0.003673321641791045,277.04663398186767,0
P001_G4_EM_COEFFICIENTS,1001889,P001_INFINITE_MEDIUM_COEFFICIENT,NOT_APPLICABLE,0.0036742005970149256,276.86558796036599,0
P001_G4_EM_COEFFICIENTS,1001890,P001_INFINITE_MEDIUM_COEFFICIENT,NOT_APPLICABLE,0.0036750795522388063,276.68398949547992,0
P001_G4_EM_COEFFICIENTS,1001891,P001_INFINITE_MEDIUM_COEFFICIENT,NOT_APPLICABLE,0.0036759585074626869,276.50179545715673,0
P001_G4_EM_COEFFICIENTS,1001892,P001_INFINITE_MEDIUM_COEFFICIENT,NOT_APPLICABLE,0.0036768374626865675,276.3197680214023,0
P001_G4_EM_COEFFICIENTS,1001893,P001_INFINITE_MEDIUM_COEFFICIENT,NOT_APPLICABLE,0.0036777164179104477,276.13790699457161,0
P001_G4_EM_COEFFICIENTS,1001894,P001_INFINITE_MEDIUM_COEFFICIENT,NOT_APPLICABLE,0.0036785953731343283,275.95621218329063,0
P001_G4_EM_COEFFICIENTS,1001895,P001_INFINITE_MEDIUM_COEFFICIENT,NOT_APPLICABLE,0.003679474328358209,275.77468339445886,0
P001_G4_EM_COEFFICIENTS,1001896,P001_INFINITE_MEDIUM_COEFFICIENT,NOT_APPLICABLE,0.0036803532835820896,275.59330908358504,0
P001_G4_EM_COEFFICIENTS,1001897,P001_INFINITE_MEDIUM_COEFFICIENT,NOT_APPLICABLE,0.0036812322388059702,275.41209484419369,0
P001_G4_EM_COEFFICIENTS,1001898,P001_INFINITE_MEDIUM_COEFFICIENT,NOT_APPLICABLE,0.0036821111940298508,275.23104607380338,0
P001_G4_EM_COEFFICIENTS,1001899,P001_INFINITE_MEDIUM_COEFFICIENT,NOT_APPLICABLE,0.0036829901492537315,275.05016139805571,0
P001_G4_EM_COEFFICIENTS,1001900,P001_INFINITE_MEDIUM_COEFFICIENT,NOT_APPLICABLE,0.0036838691044776121,274.86972242427015,0
P001_G4_EM_COEFFICIENTS,1001901,P001_INFINITE_MEDIUM_COEFFICIENT,NOT_APPLICABLE,0.0036847480597014927,274.68963690098957,0
P001_G4_EM_COEFFICIENTS,1001902,P001_INFINITE_MEDIUM_COEFFICIENT,NOT_APPLICABLE,0.0036856270149253734,274.50892252140432,0
P001_G4_EM_COEFFICIENTS,1001903,P001_INFINITE_MEDIUM_COEFFICIENT,NOT_APPLICABLE,0.003686505970149254,274.3276894745282,0
P001_G4_EM_COEFFICIENTS,1001904,P001_INFINITE_MEDIUM_COEFFICIENT,NOT_APPLICABLE,0.0036873849253731346,274.14661687620401,0
P001_G4_EM_COEFFICIENTS,1001905,P001_INFINITE_MEDIUM_COEFFICIENT,NOT_APPLICABLE,0.0036882638805970152,273.96570984950574,0
P001_G4_EM_COEFFICIENTS,1001906,P001_INFINITE_MEDIUM_COEFFICIENT,NOT_APPLICABLE,0.0036891428358208959,273.78496542521549,0
P001_G4_EM_COEFFICIENTS,1001907,P001_INFINITE_MEDIUM_COEFFICIENT,NOT_APPLICABLE,0.003690021791044776,273.60386223501087,0
P001_G4_EM_COEFFICIENTS,1001908,P001_INFINITE_MEDIUM_COEFFICIENT,NOT_APPLICABLE,0.0036909007462686567,273.42256869011402,0
P001_G4_EM_COEFFICIENTS,1001909,P001_INFINITE_MEDIUM_COEFFICIENT,NOT_APPLICABLE,0.0036917797014925373,273.24144120948426,0
P001_G4_EM_COEFFICIENTS,1001910,P001_INFINITE_MEDIUM_COEFFICIENT,NOT_APPLICABLE,0.0036926586567164179,273.06047960017128,0
P001_G4_EM_COEFFICIENTS,1001911,P001_INFINITE_MEDIUM_COEFFICIENT,NOT_APPLICABLE,0.0036935376119402986,272.87967244365126,0
P001_G4_EM_COEFFICIENTS,1001912,P001_INFINITE_MEDIUM_COEFFICIENT,NOT_APPLICABLE,0.0036944165671641792,272.69898918994215,0
P001_G4_EM_COEFFICIENTS,1001913,P001_INFINITE_MEDIUM_COEFFICIENT,NOT_APPLICABLE,0.0036952955223880598,272.51847130567444,0
P001_G4_EM_COEFFICIENTS,1001914,P001_INFINITE_MEDIUM_COEFFICIENT,NOT_APPLICABLE,0.0036961744776119404,272.33811859887203,0
P001_G4_EM_COEFFICIENTS,1001915,P001_INFINITE_MEDIUM_COEFFICIENT,NOT_APPLICABLE,0.0036970534328358211,272.15792996019832,0
P001_G4_EM_COEFFICIENTS,1001916,P001_INFINITE_MEDIUM_COEFFICIENT,NOT_APPLICABLE,0.0036979323880597017,271.97790484004457,0
P001_G4_EM_COEFFICIENTS,1001917,P001_INFINITE_MEDIUM_COEFFICIENT,NOT_APPLICABLE,0.0036988113432835823,271.79804432616743,0
P001_G4_EM_COEFFICIENTS,1001918,P001_INFINITE_MEDIUM_COEFFICIENT,NOT_APPLICABLE,0.0036996902985074629,271.61800514944019,0
P001_G4_EM_COEFFICIENTS,1001919,P001_INFINITE_MEDIUM_COEFFICIENT,NOT_APPLICABLE,0.0037005692537313436,271.43759624014098,0
P001_G4_EM_COEFFICIENTS,1001920,P001_INFINITE_MEDIUM_COEFFICIENT,NOT_APPLICABLE,0.0037014482089552242,271.25735261460022,0
P001_G4_EM_COEFFICIENTS,1001921,P001_INFINITE_MEDIUM_COEFFICIENT,NOT_APPLICABLE,0.0037023271641791044,271.07728621657321,0
P001_G4_EM_COEFFICIENTS,1001922,P001_INFINITE_MEDIUM_COEFFICIENT,NOT_APPLICABLE,0.003703206119402985,270.89737775106875,0
P001_G4_EM_COEFFICIENTS,1001923,P001_INFINITE_MEDIUM_COEFFICIENT,NOT_APPLICABLE,0.0037040850746268656,270.71753206517121,0
P001_G4_EM_COEFFICIENTS,1001924,P001_INFINITE_MEDIUM_COEFFICIENT,NOT_APPLICABLE,0.0037049640298507463,270.53758250174064,0
P001_G4_EM_COEFFICIENTS,1001925,P001_INFINITE_MEDIUM_COEFFICIENT,NOT_APPLICABLE,0.0037058429850746269,270.35725174685535,0
P001_G4_EM_COEFFICIENTS,1001926,P001_INFINITE_MEDIUM_COEFFICIENT,NOT_APPLICABLE,0.0037067219402985075,270.1770712894953,0
P001_G4_EM_COEFFICIENTS,1001927,P001_INFINITE_MEDIUM_COEFFICIENT,NOT_APPLICABLE,0.0037076008955223881,269.99698275660376,0
P001_G4_EM_COEFFICIENTS,1001928,P001_INFINITE_MEDIUM_COEFFICIENT,NOT_APPLICABLE,0.0037084798507462688,269.81705601071747,0
P001_G4_EM_COEFFICIENTS,1001929,P001_INFINITE_MEDIUM_COEFFICIENT,NOT_APPLICABLE,0.0037093588059701494,269.6372942516673,0
P001_G4_EM_COEFFICIENTS,1001930,P001_INFINITE_MEDIUM_COEFFICIENT,NOT_APPLICABLE,0.00371023776119403,269.45769728795727,0
P001_G4_EM_COEFFICIENTS,1001931,P001_INFINITE_MEDIUM_COEFFICIENT,NOT_APPLICABLE,0.0037111167164179107,269.27826459478825,0
P001_G4_EM_COEFFICIENTS,1001932,P001_INFINITE_MEDIUM_COEFFICIENT,NOT_APPLICABLE,0.0037119956716417913,269.09897986472868,0
P001_G4_EM_COEFFICIENTS,1001933,P001_INFINITE_MEDIUM_COEFFICIENT,NOT_APPLICABLE,0.0037128746268656719,268.91985938096309,0
P001_G4_EM_COEFFICIENTS,1001934,P001_INFINITE_MEDIUM_COEFFICIENT,NOT_APPLICABLE,0.0037137535820895525,268.74089767363972,0
P001_G4_EM_COEFFICIENTS,1001935,P001_INFINITE_MEDIUM_COEFFICIENT,NOT_APPLICABLE,0.0037146325373134332,268.56203516563755,0
P001_G4_EM_COEFFICIENTS,1001936,P001_INFINITE_MEDIUM_COEFFICIENT,NOT_APPLICABLE,0.0037155114925373134,268.38420800137959,0
P001_G4_EM_COEFFICIENTS,1001937,P001_INFINITE_MEDIUM_COEFFICIENT,NOT_APPLICABLE,0.003716390447761194,268.21049823281572,0
P001_G4_EM_COEFFICIENTS,1001938,P001_INFINITE_MEDIUM_COEFFICIENT,NOT_APPLICABLE,0.0037172694029850746,268.03685328504645,0
P001_G4_EM_COEFFICIENTS,1001939,P001_INFINITE_MEDIUM_COEFFICIENT,NOT_APPLICABLE,0.0037181483582089552,267.86293855198261,0
P001_G4_EM_COEFFICIENTS,1001940,P001_INFINITE_MEDIUM_COEFFICIENT,NOT_APPLICABLE,0.0037190273134328359,267.68913997109462,0
P001_G4_EM_COEFFICIENTS,1001941,P001_INFINITE_MEDIUM_COEFFICIENT,NOT_APPLICABLE,0.0037199062686567165,267.51549731099544,0
P001_G4_EM_COEFFICIENTS,1001942,P001_INFINITE_MEDIUM_COEFFICIENT,NOT_APPLICABLE,0.0037207852238805971,267.34201053602385,0
P001_G4_EM_COEFFICIENTS,1001943,P001_INFINITE_MEDIUM_COEFFICIENT,NOT_APPLICABLE,0.0037216641791044777,267.16867217125804,0
P001_G4_EM_COEFFICIENTS,1001944,P001_INFINITE_MEDIUM_COEFFICIENT,NOT_APPLICABLE,0.0037225431343283584,266.99542558379653,0
P001_G4_EM_COEFFICIENTS,1001945,P001_INFINITE_MEDIUM_COEFFICIENT,NOT_APPLICABLE,0.003723422089552239,266.82234857926778,0
P001_G4_EM_COEFFICIENTS,1001946,P001_INFINITE_MEDIUM_COEFFICIENT,NOT_APPLICABLE,0.0037243010447761196,266.64942756764583,0
P001_G4_EM_COEFFICIENTS,1001947,P001_INFINITE_MEDIUM_COEFFICIENT,NOT_APPLICABLE,0.0037251800000000002,266.47666237011674,0
P001_G4_EM_COEFFICIENTS,1001948,P001_INFINITE_MEDIUM_COEFFICIENT,NOT_APPLICABLE,0.0037260589552238809,266.30405280811448,0
P001_G4_EM_COEFFICIENTS,1001949,P001_INFINITE_MEDIUM_COEFFICIENT,NOT_APPLICABLE,0.0037269379104477615,266.13178959075412,0
P001_G4_EM_COEFFICIENTS,1001950,P001_INFINITE_MEDIUM_COEFFICIENT,NOT_APPLICABLE,0.0037278168656716417,265.96207400365165,0
P001_G4_EM_COEFFICIENTS,1001951,P001_INFINITE_MEDIUM_COEFFICIENT,NOT_APPLICABLE,0.0037286958208955223,265.79247974608023,0
P001_G4_EM_COEFFICIENTS,1001952,P001_INFINITE_MEDIUM_COEFFICIENT,NOT_APPLICABLE,0.0037295747761194029,265.62303680714905,0
P001_G4_EM_COEFFICIENTS,1001953,P001_INFINITE_MEDIUM_COEFFICIENT,NOT_APPLICABLE,0.0037304537313432836,265.45374501462254,0
P001_G4_EM_COEFFICIENTS,1001954,P001_INFINITE_MEDIUM_COEFFICIENT,NOT_APPLICABLE,0.0037313326865671642,265.28460419650332,0
P001_G4_EM_COEFFICIENTS,1001955,P001_INFINITE_MEDIUM_COEFFICIENT,NOT_APPLICABLE,0.0037322116417910448,265.11474648079832,0
P001_G4_EM_COEFFICIENTS,1001956,P001_INFINITE_MEDIUM_COEFFICIENT,NOT_APPLICABLE,0.0037330905970149254,264.94461181533956,0
P001_G4_EM_COEFFICIENTS,1001957,P001_INFINITE_MEDIUM_COEFFICIENT,NOT_APPLICABLE,0.0037339695522388061,264.77462943898723,0
P001_G4_EM_COEFFICIENTS,1001958,P001_INFINITE_MEDIUM_COEFFICIENT,NOT_APPLICABLE,0.0037348485074626867,264.60479917810835,0
P001_G4_EM_COEFFICIENTS,1001959,P001_INFINITE_MEDIUM_COEFFICIENT,NOT_APPLICABLE,0.0037357274626865673,264.43512085931013,0
P001_G4_EM_COEFFICIENTS,1001960,P001_INFINITE_MEDIUM_COEFFICIENT,NOT_APPLICABLE,0.003736606417910448,264.26555375463857,0
P001_G4_EM_COEFFICIENTS,1001961,P001_INFINITE_MEDIUM_COEFFICIENT,NOT_APPLICABLE,0.0037374853731343286,264.09613137025588,0
P001_G4_EM_COEFFICIENTS,1001962,P001_INFINITE_MEDIUM_COEFFICIENT,NOT_APPLICABLE,0.0037383643283582092,263.92687868623432,0
P001_G4_EM_COEFFICIENTS,1001963,P001_INFINITE_MEDIUM_COEFFICIENT,NOT_APPLICABLE,0.0037392432835820898,263.75811911099851,0
P001_G4_EM_COEFFICIENTS,1001964,P001_INFINITE_MEDIUM_COEFFICIENT,NOT_APPLICABLE,0.00374012223880597,263.58951017444372,0
P001_G4_EM_COEFFICIENTS,1001965,P001_INFINITE_MEDIUM_COEFFICIENT,NOT_APPLICABLE,0.0037410011940298507,263.42104762848402,0
P001_G4_EM_COEFFICIENTS,1001966,P001_INFINITE_MEDIUM_COEFFICIENT,NOT_APPLICABLE,0.0037418801492537313,263.25249434125391,0
P001_G4_EM_COEFFICIENTS,1001967,P001_INFINITE_MEDIUM_COEFFICIENT,NOT_APPLICABLE,0.0037427591044776119,263.08283073544982,0
P001_G4_EM_COEFFICIENTS,1001968,P001_INFINITE_MEDIUM_COEFFICIENT,NOT_APPLICABLE,0.0037436380597014925,262.91326634423547,0
P001_G4_EM_COEFFICIENTS,1001969,P001_INFINITE_MEDIUM_COEFFICIENT,NOT_APPLICABLE,0.0037445170149253732,262.7438539285215,0
P001_G4_EM_COEFFICIENTS,1001970,P001_INFINITE_MEDIUM_COEFFICIENT,NOT_APPLICABLE,0.0037453959701492538,262.57459331505856,0
P001_G4_EM_COEFFICIENTS,1001971,P001_INFINITE_MEDIUM_COEFFICIENT,NOT_APPLICABLE,0.0037462749253731344,262.40548017128901,0
P001_G4_EM_COEFFICIENTS,1001972,P001_INFINITE_MEDIUM_COEFFICIENT,NOT_APPLICABLE,0.003747153880597015,262.23650935697776,0
P001_G4_EM_COEFFICIENTS,1001973,P001_INFINITE_MEDIUM_COEFFICIENT,NOT_APPLICABLE,0.0037480328358208957,262.06768928403221,0
P001_G4_EM_COEFFICIENTS,1001974,P001_INFINITE_MEDIUM_COEFFICIENT,NOT_APPLICABLE,0.0037489117910447763,261.89901983295533,0
P001_G4_EM_COEFFICIENTS,1001975,P001_INFINITE_MEDIUM_COEFFICIENT,NOT_APPLICABLE,0.0037497907462686569,261.73048625089251,0
P001_G4_EM_COEFFICIENTS,1001976,P001_INFINITE_MEDIUM_COEFFICIENT,NOT_APPLICABLE,0.0037506697014925375,261.56206625650333,0
P001_G4_EM_COEFFICIENTS,1001977,P001_INFINITE_MEDIUM_COEFFICIENT,NOT_APPLICABLE,0.0037515486567164182,261.393778200329,0
P001_G4_EM_COEFFICIENTS,1001978,P001_INFINITE_MEDIUM_COEFFICIENT,NOT_APPLICABLE,0.0037524276119402988,261.22564068878586,0
P001_G4_EM_COEFFICIENTS,1001979,P001_INFINITE_MEDIUM_COEFFICIENT,NOT_APPLICABLE,0.003753306567164179,261.05765355059458,0
P001_G4_EM_COEFFICIENTS,1001980,P001_INFINITE_MEDIUM_COEFFICIENT,NOT_APPLICABLE,0.0037541855223880596,260.88981661471149,0
P001_G4_EM_COEFFICIENTS,1001981,P001_INFINITE_MEDIUM_COEFFICIENT,NOT_APPLICABLE,0.0037550644776119402,260.72212971032849,0
P001_G4_EM_COEFFICIENTS,1001982,P001_INFINITE_MEDIUM_COEFFICIENT,NOT_APPLICABLE,0.0037559434328358209,260.55420781531535,0
P001_G4_EM_COEFFICIENTS,1001983,P001_INFINITE_MEDIUM_COEFFICIENT,NOT_APPLICABLE,0.0037568223880597015,260.38558285794596,0
P001_G4_EM_COEFFICIENTS,1001984,P001_INFINITE_MEDIUM_COEFFICIENT,NOT_APPLICABLE,0.0037577013432835821,260.21707903909618,0
P001_G4_EM_COEFFICIENTS,1001985,P001_INFINITE_MEDIUM_COEFFICIENT,NOT_APPLICABLE,0.0037585802985074628,260.04852835864148,0
P001_G4_EM_COEFFICIENTS,1001986,P001_INFINITE_MEDIUM_COEFFICIENT,NOT_APPLICABLE,0.0037594592537313434,259.87952902641007,0
P001_G4_EM_COEFFICIENTS,1001987,P001_INFINITE_MEDIUM_COEFFICIENT,NOT_APPLICABLE,0.003760338208955224,259.71067398788591,0
P001_G4_EM_COEFFICIENTS,1001988,P001_INFINITE_MEDIUM_COEFFICIENT,NOT_APPLICABLE,0.0037612171641791046,259.54133914749525,0
P001_G4_EM_COEFFICIENTS,1001989,P001_INFINITE_MEDIUM_COEFFICIENT,NOT_APPLICABLE,0.0037620961194029853,259.37210635546489,0
P001_G4_EM_COEFFICIENTS,1001990,P001_INFINITE_MEDIUM_COEFFICIENT,NOT_APPLICABLE,0.0037629750746268659,259.20302591041525,0
P001_G4_EM_COEFFICIENTS,1001991,P001_INFINITE_MEDIUM_COEFFICIENT,NOT_APPLICABLE,0.0037638540298507465,259.03409763848987,0
P001_G4_EM_COEFFICIENTS,1001992,P001_INFINITE_MEDIUM_COEFFICIENT,NOT_APPLICABLE,0.0037647329850746271,258.86532136607161,0
P001_G4_EM_COEFFICIENTS,1001993,P001_INFINITE_MEDIUM_COEFFICIENT,NOT_APPLICABLE,0.0037656119402985078,258.69669691978277,0
P001_G4_EM_COEFFICIENTS,1001994,P001_INFINITE_MEDIUM_COEFFICIENT,NOT_APPLICABLE,0.003766490895522388,258.52822412648482,0
P001_G4_EM_COEFFICIENTS,1001995,P001_INFINITE_MEDIUM_COEFFICIENT,NOT_APPLICABLE,0.0037673698507462686,258.35990281327759,0
P001_G4_EM_COEFFICIENTS,1001996,P001_INFINITE_MEDIUM_COEFFICIENT,NOT_APPLICABLE,0.0037682488059701492,258.19173280749925,0
P001_G4_EM_COEFFICIENTS,1001997,P001_INFINITE_MEDIUM_COEFFICIENT,NOT_APPLICABLE,0.0037691277611940298,258.02371393672581,0
P001_G4_EM_COEFFICIENTS,1001998,P001_INFINITE_MEDIUM_COEFFICIENT,NOT_APPLICABLE,0.0037700067164179105,257.85585089474017,0
P001_G4_EM_COEFFICIENTS,1001999,P001_INFINITE_MEDIUM_COEFFICIENT,NOT_APPLICABLE,0.0037708856716417911,257.68761950893975,0
P001_G4_EM_COEFFICIENTS,1002000,P001_INFINITE_MEDIUM_COEFFICIENT,NOT_APPLICABLE,0.0037717646268656717,257.51854805616097,0
P001_G4_EM_COEFFICIENTS,1002001,P001_INFINITE_MEDIUM_COEFFICIENT,NOT_APPLICABLE,0.0037726435820895523,257.34962864033912,0
P001_G4_EM_COEFFICIENTS,1002002,P001_INFINITE_MEDIUM_COEFFICIENT,NOT_APPLICABLE,0.003773522537313433,257.18086075972315,0
P001_G4_EM_COEFFICIENTS,1002003,P001_INFINITE_MEDIUM_COEFFICIENT,NOT_APPLICABLE,0.0037744014925373136,257.01224508399588,0
P001_G4_EM_COEFFICIENTS,1002004,P001_INFINITE_MEDIUM_COEFFICIENT,NOT_APPLICABLE,0.0037752804477611942,256.84377779927104,0
P001_G4_EM_COEFFICIENTS,1002005,P001_INFINITE_MEDIUM_COEFFICIENT,NOT_APPLICABLE,0.0037761594029850748,256.67546106080334,0
P001_G4_EM_COEFFICIENTS,1002006,P001_INFINITE_MEDIUM_COEFFICIENT,NOT_APPLICABLE,0.0037770383582089555,256.50729601374837,0
P001_G4_EM_COEFFICIENTS,1002007,P001_INFINITE_MEDIUM_COEFFICIENT,NOT_APPLICABLE,0.0037779173134328357,256.3392824851108,0
P001_G4_EM_COEFFICIENTS,1002008,P001_INFINITE_MEDIUM_COEFFICIENT,NOT_APPLICABLE,0.0037787962686567163,256.17142012309989,0
P001_G4_EM_COEFFICIENTS,1002009,P001_INFINITE_MEDIUM_COEFFICIENT,NOT_APPLICABLE,0.0037796752238805969,256.00369897007943,0
P001_G4_EM_COEFFICIENTS,1002010,P001_INFINITE_MEDIUM_COEFFICIENT,NOT_APPLICABLE,0.0037805541791044775,255.8361071117213,0
P001_G4_EM_COEFFICIENTS,1002011,P001_INFINITE_MEDIUM_COEFFICIENT,NOT_APPLICABLE,0.0037814331343283582,255.66787297231966,0
P001_G4_EM_COEFFICIENTS,1002012,P001_INFINITE_MEDIUM_COEFFICIENT,NOT_APPLICABLE,0.0037823120895522388,255.4995202115694,0
P001_G4_EM_COEFFICIENTS,1002013,P001_INFINITE_MEDIUM_COEFFICIENT,NOT_APPLICABLE,0.0037831910447761194,255.33131943907904,0
P001_G4_EM_COEFFICIENTS,1002014,P001_INFINITE_MEDIUM_COEFFICIENT,NOT_APPLICABLE,0.0037840700000000001,255.16327048391287,0
P001_G4_EM_COEFFICIENTS,1002015,P001_INFINITE_MEDIUM_COEFFICIENT,NOT_APPLICABLE,0.0040209550000000005,215.52922294081705,0
P001_G4_EM_COEFFICIENTS,1002016,P001_INFINITE_MEDIUM_COEFFICIENT,NOT_APPLICABLE,0.0040210402985074636,215.5161175740613,0
P001_G4_EM_COEFFICIENTS,1002017,P001_INFINITE_MEDIUM_COEFFICIENT,NOT_APPLICABLE,0.0040211255970149257,215.50301329455354,0
P001_G4_EM_COEFFICIENTS,1002018,P001_INFINITE_MEDIUM_COEFFICIENT,NOT_APPLICABLE,0.0040212108955223888,215.48991010217972,0
P001_G4_EM_COEFFICIENTS,1002019,P001_INFINITE_MEDIUM_COEFFICIENT,NOT_APPLICABLE,0.0040212961940298509,215.47680799682612,0
P001_G4_EM_COEFFICIENTS,1002020,P001_INFINITE_MEDIUM_COEFFICIENT,NOT_APPLICABLE,0.004021381492537314,215.46370697837909,0
P001_G4_EM_COEFFICIENTS,1002021,P001_INFINITE_MEDIUM_COEFFICIENT,NOT_APPLICABLE,0.004021466791044777,215.45060704672491,0
P001_G4_EM_COEFFICIENTS,1002022,P001_INFINITE_MEDIUM_COEFFICIENT,NOT_APPLICABLE,0.0040215520895522392,215.43750820174995,0
P001_G4_EM_COEFFICIENTS,1002023,P001_INFINITE_MEDIUM_COEFFICIENT,NOT_APPLICABLE,0.0040216373880597022,215.42441044334035,0
P001_G4_EM_COEFFICIENTS,1002024,P001_INFINITE_MEDIUM_COEFFICIENT,NOT_APPLICABLE,0.0040217226865671644,215.41131377138271,0
P001_G4_EM_COEFFICIENTS,1002025,P001_INFINITE_MEDIUM_COEFFICIENT,NOT_APPLICABLE,0.0040218079850746274,215.39821818576308,0
P001_G4_EM_COEFFICIENTS,1002026,P001_INFINITE_MEDIUM_COEFFICIENT,NOT_APPLICABLE,0.0040218932835820904,215.38512368636805,0
P001_G4_EM_COEFFICIENTS,1002027,P001_INFINITE_MEDIUM_COEFFICIENT,NOT_APPLICABLE,0.0040219785820895526,215.37203027308382,0
P001_G4_EM_COEFFICIENTS,1002028,P001_INFINITE_MEDIUM_COEFFICIENT,NOT_APPLICABLE,0.0040220638805970156,215.35894429391024,0
P001_G4_EM_COEFFICIENTS,1002029,P001_INFINITE_MEDIUM_COEFFICIENT,NOT_APPLICABLE,0.0040221491791044778,215.34586626809664,0
P001_G4_EM_COEFFICIENTS,1002030,P001_INFINITE_MEDIUM_COEFFICIENT,NOT_APPLICABLE,0.0040222344776119408,215.33278932693202,0
P001_G4_EM_COEFFICIENTS,1002031,P001_INFINITE_MEDIUM_COEFFICIENT,NOT_APPLICABLE,0.0040223197761194039,215.31971347030299,0
P001_G4_EM_COEFFICIENTS,1002032,P001_INFINITE_MEDIUM_COEFFICIENT,NOT_APPLICABLE,0.004022405074626866,215.30663869809626,0
P001_G4_EM_COEFFICIENTS,1002033,P001_INFINITE_MEDIUM_COEFFICIENT,NOT_APPLICABLE,0.0040224903731343291,215.29356501019805,0
P001_G4_EM_COEFFICIENTS,1002034,P001_INFINITE_MEDIUM_COEFFICIENT,NOT_APPLICABLE,0.0040225756716417913,215.28049240649526,0
P001_G4_EM_COEFFICIENTS,1002035,P001_INFINITE_MEDIUM_COEFFICIENT,NOT_APPLICABLE,0.0040226609701492543,215.26742088687433,0
P001_G4_EM_COEFFICIENTS,1002036,P001_INFINITE_MEDIUM_COEFFICIENT,NOT_APPLICABLE,0.0040227462686567173,215.25435045122177,0
P001_G4_EM_COEFFICIENTS,1002037,P001_INFINITE_MEDIUM_COEFFICIENT,NOT_APPLICABLE,0.0040228315671641795,215.24128109942447,0
P001_G4_EM_COEFFICIENTS,1002038,P001_INFINITE_MEDIUM_COEFFICIENT,NOT_APPLICABLE,0.0040229168656716425,215.22821283136886,0
P001_G4_EM_COEFFICIENTS,1002039,P001_INFINITE_MEDIUM_COEFFICIENT,NOT_APPLICABLE,0.0040230021641791047,215.21514564694181,0
P001_G4_EM_COEFFICIENTS,1002040,P001_INFINITE_MEDIUM_COEFFICIENT,NOT_APPLICABLE,0.0040230874626865677,215.20207954602964,0
P001_G4_EM_COEFFICIENTS,1002041,P001_INFINITE_MEDIUM_COEFFICIENT,NOT_APPLICABLE,0.0040231727611940308,215.18901452851927,0
P001_G4_EM_COEFFICIENTS,1002042,P001_INFINITE_MEDIUM_COEFFICIENT,NOT_APPLICABLE,0.0040232580597014929,215.17595059429743,0
P001_G4_EM_COEFFICIENTS,1002043,P001_INFINITE_MEDIUM_COEFFICIENT,NOT_APPLICABLE,0.004023343358208956,215.16288774325076,0
P001_G4_EM_COEFFICIENTS,1002044,P001_INFINITE_MEDIUM_COEFFICIENT,NOT_APPLICABLE,0.0040234286567164181,215.14982597526597,0
P001_G4_EM_COEFFICIENTS,1002045,P001_INFINITE_MEDIUM_COEFFICIENT,NOT_APPLICABLE,0.0040235139552238812,215.13676529022976,0
P001_G4_EM_COEFFICIENTS,1002046,P001_INFINITE_MEDIUM_COEFFICIENT,NOT_APPLICABLE,0.0040235992537313442,215.12370568802879,0
P001_G4_EM_COEFFICIENTS,1002047,P001_INFINITE_MEDIUM_COEFFICIENT,NOT_APPLICABLE,0.0040236845522388064,215.11064716855029,0
P001_G4_EM_COEFFICIENTS,1002048,P001_INFINITE_MEDIUM_COEFFICIENT,NOT_APPLICABLE,0.0040237698507462694,215.09758973168047,0
P001_G4_EM_COEFFICIENTS,1002049,P001_INFINITE_MEDIUM_COEFFICIENT,NOT_APPLICABLE,0.0040238551492537316,215.0845333773066,0
P001_G4_EM_COEFFICIENTS,1002050,P001_INFINITE_MEDIUM_COEFFICIENT,NOT_APPLICABLE,0.0040239404477611946,215.07147810531507,0
P001_G4_EM_COEFFICIENTS,1002051,P001_INFINITE_MEDIUM_COEFFICIENT,NOT_APPLICABLE,0.0040240257462686568,215.05842391559298,0
P001_G4_EM_COEFFICIENTS,1002052,P001_INFINITE_MEDIUM_COEFFICIENT,NOT_APPLICABLE,0.0040241110447761198,215.04537080802697,0
P001_G4_EM_COEFFICIENTS,1002053,P001_INFINITE_MEDIUM_COEFFICIENT,NOT_APPLICABLE,0.0040241963432835828,215.03231878250403,0
P001_G4_EM_COEFFICIENTS,1002054,P001_INFINITE_MEDIUM_COEFFICIENT,NOT_APPLICABLE,0.004024281641791045,215.01926783891113,0
P001_G4_EM_COEFFICIENTS,1002055,P001_INFINITE_MEDIUM_COEFFICIENT,NOT_APPLICABLE,0.004024366940298508,215.00621797713498,0
P001_G4_EM_COEFFICIENTS,1002056,P001_INFINITE_MEDIUM_COEFFICIENT,NOT_APPLICABLE,0.0040244522388059702,214.99316919706257,0
P001_G4_EM_COEFFICIENTS,1002057,P001_INFINITE_MEDIUM_COEFFICIENT,NOT_APPLICABLE,0.0040245375373134332,214.98012149858062,0
P001_G4_EM_COEFFICIENTS,1002058,P001_INFINITE_MEDIUM_COEFFICIENT,NOT_APPLICABLE,0.0040246228358208963,214.96707488157614,0
P001_G4_EM_COEFFICIENTS,1002059,P001_INFINITE_MEDIUM_COEFFICIENT,NOT_APPLICABLE,0.0040247081343283584,214.95402934593636,0
P001_G4_EM_COEFFICIENTS,1002060,P001_INFINITE_MEDIUM_COEFFICIENT,NOT_APPLICABLE,0.0040247934328358215,214.9409848915478,0
P001_G4_EM_COEFFICIENTS,1002061,P001_INFINITE_MEDIUM_COEFFICIENT,NOT_APPLICABLE,0.0040248787313432836,214.92794151829773,0
P001_G4_EM_COEFFICIENTS,1002062,P001_INFINITE_MEDIUM_COEFFICIENT,NOT_APPLICABLE,0.0040249640298507467,214.91489922607289,0
P001_G4_EM_COEFFICIENTS,1002063,P001_INFINITE_MEDIUM_COEFFICIENT,NOT_APPLICABLE,0.0040250493283582097,214.90185801476036,0
P001_G4_EM_COEFFICIENTS,1002064,P001_INFINITE_MEDIUM_COEFFICIENT,NOT_APPLICABLE,0.0040251346268656719,214.88881788424743,0
P001_G4_EM_COEFFICIENTS,1002065,P001_INFINITE_MEDIUM_COEFFICIENT,NOT_APPLICABLE,0.0040252199253731349,214.87577883442077,0
P001_G4_EM_COEFFICIENTS,1002066,P001_INFINITE_MEDIUM_COEFFICIENT,NOT_APPLICABLE,0.0040253052238805971,214.86274086516761,0
P001_G4_EM_COEFFICIENTS,1002067,P001_INFINITE_MEDIUM_COEFFICIENT,NOT_APPLICABLE,0.0040253905223880601,214.84970397637483,0
P001_G4_EM_COEFFICIENTS,1002068,P001_INFINITE_MEDIUM_COEFFICIENT,NOT_APPLICABLE,0.0040254758208955231,214.83666797936539,0
P001_G4_EM_COEFFICIENTS,1002069,P001_INFINITE_MEDIUM_COEFFICIENT,NOT_APPLICABLE,0.0040255611194029853,214.82363230123389,0
P001_G4_EM_COEFFICIENTS,1002070,P001_INFINITE_MEDIUM_COEFFICIENT,NOT_APPLICABLE,0.0040256464179104483,214.81093793816851,0
P001_G4_EM_COEFFICIENTS,1002071,P001_INFINITE_MEDIUM_COEFFICIENT,NOT_APPLICABLE,0.0040257317164179105,214.79838194816205,0
P001_G4_EM_COEFFICIENTS,1002072,P001_INFINITE_MEDIUM_COEFFICIENT,NOT_APPLICABLE,0.0040258170149253735,214.78582660900742,0
P001_G4_EM_COEFFICIENTS,1002073,P001_INFINITE_MEDIUM_COEFFICIENT,NOT_APPLICABLE,0.0040259023134328366,214.77326868192284,0
P001_G4_EM_COEFFICIENTS,1002074,P001_INFINITE_MEDIUM_COEFFICIENT,NOT_APPLICABLE,0.0040259876119402987,214.76071177444376,0
P001_G4_EM_COEFFICIENTS,1002075,P001_INFINITE_MEDIUM_COEFFICIENT,NOT_APPLICABLE,0.0040260729104477618,214.74815588646464,0
P001_G4_EM_COEFFICIENTS,1002076,P001_INFINITE_MEDIUM_COEFFICIENT,NOT_APPLICABLE,0.004026158208955224,214.73560101788067,0
P001_G4_EM_COEFFICIENTS,1002077,P001_INFINITE_MEDIUM_COEFFICIENT,NOT_APPLICABLE,0.004026243507462687,214.72304716858625,0
P001_G4_EM_COEFFICIENTS,1002078,P001_INFINITE_MEDIUM_COEFFICIENT,NOT_APPLICABLE,0.00402632880597015,214.71049433847651,0
P001_G4_EM_COEFFICIENTS,1002079,P001_INFINITE_MEDIUM_COEFFICIENT,NOT_APPLICABLE,0.0040264141044776122,214.69794252744629,0
P001_G4_EM_COEFFICIENTS,1002080,P001_INFINITE_MEDIUM_COEFFICIENT,NOT_APPLICABLE,0.0040264994029850752,214.6853917353904,0
P001_G4_EM_COEFFICIENTS,1002081,P001_INFINITE_MEDIUM_COEFFICIENT,NOT_APPLICABLE,0.0040265847014925374,214.67284196220368,0
P001_G4_EM_COEFFICIENTS,1002082,P001_INFINITE_MEDIUM_COEFFICIENT,NOT_APPLICABLE,0.0040266700000000004,214.66029320778105,0
P001_G4_EM_COEFFICIENTS,1002083,P001_INFINITE_MEDIUM_COEFFICIENT,NOT_APPLICABLE,0.0040267552985074635,214.64774547201736,0
P001_G4_EM_COEFFICIENTS,1002084,P001_INFINITE_MEDIUM_COEFFICIENT,NOT_APPLICABLE,0.0040268405970149256,214.63519875480773,0
P001_G4_EM_COEFFICIENTS,1002085,P001_INFINITE_MEDIUM_COEFFICIENT,NOT_APPLICABLE,0.0040269258955223887,214.6226530560468,0
P001_G4_EM_COEFFICIENTS,1002086,P001_INFINITE_MEDIUM_COEFFICIENT,NOT_APPLICABLE,0.0040270111940298508,214.61010837562989,0
P001_G4_EM_COEFFICIENTS,1002087,P001_INFINITE_MEDIUM_COEFFICIENT,NOT_APPLICABLE,0.0040270964925373139,214.59756471345162,0
P001_G4_EM_COEFFICIENTS,1002088,P001_INFINITE_MEDIUM_COEFFICIENT,NOT_APPLICABLE,0.0040271817910447769,214.58502463610992,0
P001_G4_EM_COEFFICIENTS,1002089,P001_INFINITE_MEDIUM_COEFFICIENT,NOT_APPLICABLE,0.0040272670895522391,214.57250157673576,0
P001_G4_EM_COEFFICIENTS,1002090,P001_INFINITE_MEDIUM_COEFFICIENT,NOT_APPLICABLE,0.0040273523880597021,214.55997953292567,0
P001_G4_EM_COEFFICIENTS,1002091,P001_INFINITE_MEDIUM_COEFFICIENT,NOT_APPLICABLE,0.0040274376865671643,214.54745850457533,0
P001_G4_EM_COEFFICIENTS,1002092,P001_INFINITE_MEDIUM_COEFFICIENT,NOT_APPLICABLE,0.0040275229850746273,214.53493849157991,0
P001_G4_EM_COEFFICIENTS,1002093,P001_INFINITE_MEDIUM_COEFFICIENT,NOT_APPLICABLE,0.0040276082835820903,214.52241949383472,0
P001_G4_EM_COEFFICIENTS,1002094,P001_INFINITE_MEDIUM_COEFFICIENT,NOT_APPLICABLE,0.0040276935820895525,214.50990151123546,0
P001_G4_EM_COEFFICIENTS,1002095,P001_INFINITE_MEDIUM_COEFFICIENT,NOT_APPLICABLE,0.0040277788805970155,214.4973845436769,0
P001_G4_EM_COEFFICIENTS,1002096,P001_INFINITE_MEDIUM_COEFFICIENT,NOT_APPLICABLE,0.0040278641791044777,214.484868591055,0
P001_G4_EM_COEFFICIENTS,1002097,P001_INFINITE_MEDIUM_COEFFICIENT,NOT_APPLICABLE,0.0040279494776119407,214.47235365326461,0
P001_G4_EM_COEFFICIENTS,1002098,P001_INFINITE_MEDIUM_COEFFICIENT,NOT_APPLICABLE,0.0040280347761194038,214.45983973020157,0
P001_G4_EM_COEFFICIENTS,1002099,P001_INFINITE_MEDIUM_COEFFICIENT,NOT_APPLICABLE,0.0040281200746268659,214.44732682176115,0
P001_G4_EM_COEFFICIENTS,1002100,P001_INFINITE_MEDIUM_COEFFICIENT,NOT_APPLICABLE,0.004028205373134329,214.43481492783863,0
P001_G4_EM_COEFFICIENTS,1002101,P001_INFINITE_MEDIUM_COEFFICIENT,NOT_APPLICABLE,0.0040282906716417911,214.42230404832972,0
P001_G4_EM_COEFFICIENTS,1002102,P001_INFINITE_MEDIUM_COEFFICIENT,NOT_APPLICABLE,0.0040283759701492542,214.40979418312963,0
P001_G4_EM_COEFFICIENTS,1002103,P001_INFINITE_MEDIUM_COEFFICIENT,NOT_APPLICABLE,0.0040284612686567172,214.39728533213398,0
P001_G4_EM_COEFFICIENTS,1002104,P001_INFINITE_MEDIUM_COEFFICIENT,NOT_APPLICABLE,0.0040285465671641794,214.38477749523827,0
P001_G4_EM_COEFFICIENTS,1002105,P001_INFINITE_MEDIUM_COEFFICIENT,NOT_APPLICABLE,0.0040286318656716424,214.37227067233781,0
P001_G4_EM_COEFFICIENTS,1002106,P001_INFINITE_MEDIUM_COEFFICIENT,NOT_APPLICABLE,0.0040287171641791046,214.35976486332825,0
P001_G4_EM_COEFFICIENTS,1002107,P001_INFINITE_MEDIUM_COEFFICIENT,NOT_APPLICABLE,0.0040288024626865676,214.3472600681051,0
P001_G4_EM_COEFFICIENTS,1002108,P001_INFINITE_MEDIUM_COEFFICIENT,NOT_APPLICABLE,0.0040288877611940306,214.3347562865637,0
P001_G4_EM_COEFFICIENTS,1002109,P001_INFINITE_MEDIUM_COEFFICIENT,NOT_APPLICABLE,0.0040289730597014928,214.32225351860004,0
P001_G4_EM_COEFFICIENTS,1002110,P001_INFINITE_MEDIUM_COEFFICIENT,NOT_APPLICABLE,0.0040290583582089558,214.30975176410919,0
P001_G4_EM_COEFFICIENTS,1002111,P001_INFINITE_MEDIUM_COEFFICIENT,NOT_APPLICABLE,0.004029143656716418,214.29725102298718,0
P001_G4_EM_COEFFICIENTS,1002112,P001_INFINITE_MEDIUM_COEFFICIENT,NOT_APPLICABLE,0.004029228955223881,214.28475069828647,0
P001_G4_EM_COEFFICIENTS,1002113,P001_INFINITE_MEDIUM_COEFFICIENT,NOT_APPLICABLE,0.0040293142537313441,214.27225100173115,0
P001_G4_EM_COEFFICIENTS,1002114,P001_INFINITE_MEDIUM_COEFFICIENT,NOT_APPLICABLE,0.0040293995522388062,214.25974964459212,0
P001_G4_EM_COEFFICIENTS,1002115,P001_INFINITE_MEDIUM_COEFFICIENT,NOT_APPLICABLE,0.0040294848507462693,214.24724788177693,0
P001_G4_EM_COEFFICIENTS,1002116,P001_INFINITE_MEDIUM_COEFFICIENT,NOT_APPLICABLE,0.0040295701492537314,214.23474713245307,0
P001_G4_EM_COEFFICIENTS,1002117,P001_INFINITE_MEDIUM_COEFFICIENT,NOT_APPLICABLE,0.0040296554477611945,214.22224739651571,0
P001_G4_EM_COEFFICIENTS,1002118,P001_INFINITE_MEDIUM_COEFFICIENT,NOT_APPLICABLE,0.0040297407462686567,214.20974867386079,0
P001_G4_EM_COEFFICIENTS,1002119,P001_INFINITE_MEDIUM_COEFFICIENT,NOT_APPLICABLE,0.0040298260447761197,214.19725096438353,0
P001_G4_EM_COEFFICIENTS,1002120,P001_INFINITE_MEDIUM_COEFFICIENT,NOT_APPLICABLE,0.0040299113432835827,214.1847542679798,0
P001_G4_EM_COEFFICIENTS,1002121,P001_INFINITE_MEDIUM_COEFFICIENT,NOT_APPLICABLE,0.0040299966417910449,214.17225858454515,0
P001_G4_EM_COEFFICIENTS,1002122,P001_INFINITE_MEDIUM_COEFFICIENT,NOT_APPLICABLE,0.0040300819402985079,214.15976391397521,0
P001_G4_EM_COEFFICIENTS,1002123,P001_INFINITE_MEDIUM_COEFFICIENT,NOT_APPLICABLE,0.0040301672388059701,214.14727025616565,0
P001_G4_EM_COEFFICIENTS,1002124,P001_INFINITE_MEDIUM_COEFFICIENT,NOT_APPLICABLE,0.0040302525373134331,214.13477761101208,0
P001_G4_EM_COEFFICIENTS,1002125,P001_INFINITE_MEDIUM_COEFFICIENT,NOT_APPLICABLE,0.0040303378358208962,214.12228597841019,0
P001_G4_EM_COEFFICIENTS,1002126,P001_INFINITE_MEDIUM_COEFFICIENT,NOT_APPLICABLE,0.0040304231343283583,214.10979535825578,0
P001_G4_EM_COEFFICIENTS,1002127,P001_INFINITE_MEDIUM_COEFFICIENT,NOT_APPLICABLE,0.0040305084328358214,214.09730575044432,0
P001_G4_EM_COEFFICIENTS,1002128,P001_INFINITE_MEDIUM_COEFFICIENT,NOT_APPLICABLE,0.0040305937313432835,214.08481715487179,0
P001_G4_EM_COEFFICIENTS,1002129,P001_INFINITE_MEDIUM_COEFFICIENT,NOT_APPLICABLE,0.0040306790298507466,214.07232957143367,0
P001_G4_EM_COEFFICIENTS,1002130,P001_INFINITE_MEDIUM_COEFFICIENT,NOT_APPLICABLE,0.0040307643283582096,214.05984300002567,0
P001_G4_EM_COEFFICIENTS,1002131,P001_INFINITE_MEDIUM_COEFFICIENT,NOT_APPLICABLE,0.0040308496268656718,214.04735744054381,0
P001_G4_EM_COEFFICIENTS,1002132,P001_INFINITE_MEDIUM_COEFFICIENT,NOT_APPLICABLE,0.0040309349253731348,214.03487289288373,0
P001_G4_EM_COEFFICIENTS,1002133,P001_INFINITE_MEDIUM_COEFFICIENT,NOT_APPLICABLE,0.004031020223880597,214.02238935694112,0
P001_G4_EM_COEFFICIENTS,1002134,P001_INFINITE_MEDIUM_COEFFICIENT,NOT_APPLICABLE,0.00403110552238806,214.00990683261182,0
P001_G4_EM_COEFFICIENTS,1002135,P001_INFINITE_MEDIUM_COEFFICIENT,NOT_APPLICABLE,0.004031190820895523,213.9974253197916,0
P001_G4_EM_COEFFICIENTS,1002136,P001_INFINITE_MEDIUM_COEFFICIENT,NOT_APPLICABLE,0.0040312761194029852,213.98494476420487,0
P001_G4_EM_COEFFICIENTS,1002137,P001_INFINITE_MEDIUM_COEFFICIENT,NOT_APPLICABLE,0.0040313614179104482,213.97246517632561,0
P001_G4_EM_COEFFICIENTS,1002138,P001_INFINITE_MEDIUM_COEFFICIENT,NOT_APPLICABLE,0.0040314467164179104,213.95998659965551,0
P001_G4_EM_COEFFICIENTS,1002139,P001_INFINITE_MEDIUM_COEFFICIENT,NOT_APPLICABLE,0.0040315320149253734,213.94750903409019,0
P001_G4_EM_COEFFICIENTS,1002140,P001_INFINITE_MEDIUM_COEFFICIENT,NOT_APPLICABLE,0.0040316173134328365,213.9350324795256,0
P001_G4_EM_COEFFICIENTS,1002141,P001_INFINITE_MEDIUM_COEFFICIENT,NOT_APPLICABLE,0.0040317026119402986,213.92255693585773,0
P001_G4_EM_COEFFICIENTS,1002142,P001_INFINITE_MEDIUM_COEFFICIENT,NOT_APPLICABLE,0.0040317879104477617,213.91008240298223,0
P001_G4_EM_COEFFICIENTS,1002143,P001_INFINITE_MEDIUM_COEFFICIENT,NOT_APPLICABLE,0.0040318732089552238,213.89760888079519,0
P001_G4_EM_COEFFICIENTS,1002144,P001_INFINITE_MEDIUM_COEFFICIENT,NOT_APPLICABLE,0.0040319585074626869,213.88513636919257,0
P001_G4_EM_COEFFICIENTS,1002145,P001_INFINITE_MEDIUM_COEFFICIENT,NOT_APPLICABLE,0.0040320438059701499,213.87266486807007,0
P001_G4_EM_COEFFICIENTS,1002146,P001_INFINITE_MEDIUM_COEFFICIENT,NOT_APPLICABLE,0.0040321291044776121,213.86019437732389,0
P001_G4_EM_COEFFICIENTS,1002147,P001_INFINITE_MEDIUM_COEFFICIENT,NOT_APPLICABLE,0.0040322144029850751,213.84772489684974,0
P001_G4_EM_COEFFICIENTS,1002148,P001_INFINITE_MEDIUM_COEFFICIENT,NOT_APPLICABLE,0.0040322997014925373,213.83525642654385,0
P001_G4_EM_COEFFICIENTS,1002149,P001_INFINITE_MEDIUM_COEFFICIENT,NOT_APPLICABLE,0.0040323850000000003,213.82278896630197,0
P001_G4_EM_COEFFICIENTS,1002150,P001_INFINITE_MEDIUM_COEFFICIENT,NOT_APPLICABLE,0.0040324702985074633,213.81032251602019,0
P001_G4_EM_COEFFICIENTS,1002151,P001_INFINITE_MEDIUM_COEFFICIENT,NOT_APPLICABLE,0.0040325555970149255,213.79785707559464,0
P001_G4_EM_COEFFICIENTS,1002152,P001_INFINITE_MEDIUM_COEFFICIENT,NOT_APPLICABLE,0.0040326408955223885,213.78539264492105,0
P001_G4_EM_COEFFICIENTS,1002153,P001_INFINITE_MEDIUM_COEFFICIENT,NOT_APPLICABLE,0.0040327261940298507,213.77292922389583,0
P001_G4_EM_COEFFICIENTS,1002154,P001_INFINITE_MEDIUM_COEFFICIENT,NOT_APPLICABLE,0.0040328114925373137,213.76046681241465,0
P001_G4_EM_COEFFICIENTS,1002155,P001_INFINITE_MEDIUM_COEFFICIENT,NOT_APPLICABLE,0.0040328967910447768,213.74800541037379,0
P001_G4_EM_COEFFICIENTS,1002156,P001_INFINITE_MEDIUM_COEFFICIENT,NOT_APPLICABLE,0.0040329820895522389,213.73554501766932,0
P001_G4_EM_COEFFICIENTS,1002157,P001_INFINITE_MEDIUM_COEFFICIENT,NOT_APPLICABLE,0.004033067388059702,213.72308563419719,0
P001_G4_EM_COEFFICIENTS,1002158,P001_INFINITE_MEDIUM_COEFFICIENT,NOT_APPLICABLE,0.0040331526865671641,213.71062725985374,0
P001_G4_EM_COEFFICIENTS,1002159,P001_INFINITE_MEDIUM_COEFFICIENT,NOT_APPLICABLE,0.0040332379850746272,213.69816989453477,0
P001_G4_EM_COEFFICIENTS,1002160,P001_INFINITE_MEDIUM_COEFFICIENT,NOT_APPLICABLE,0.0040333232835820902,213.68571353813658,0
P001_G4_EM_COEFFICIENTS,1002161,P001_INFINITE_MEDIUM_COEFFICIENT,NOT_APPLICABLE,0.0040334085820895524,213.67325819055552,0
P001_G4_EM_COEFFICIENTS,1002162,P001_INFINITE_MEDIUM_COEFFICIENT,NOT_APPLICABLE,0.0040334938805970154,213.66080385168726,0
P001_G4_EM_COEFFICIENTS,1002163,P001_INFINITE_MEDIUM_COEFFICIENT,NOT_APPLICABLE,0.0040335791791044776,213.64835052142843,0
P001_G4_EM_COEFFICIENTS,1002164,P001_INFINITE_MEDIUM_COEFFICIENT,NOT_APPLICABLE,0.0040336644776119406,213.63589819967484,0
P001_G4_EM_COEFFICIENTS,1002165,P001_INFINITE_MEDIUM_COEFFICIENT,NOT_APPLICABLE,0.0040337497761194037,213.62344688632282,0
P001_G4_EM_COEFFICIENTS,1002166,P001_INFINITE_MEDIUM_COEFFICIENT,NOT_APPLICABLE,0.0040338350746268658,213.61099658126864,0
P001_G4_EM_COEFFICIENTS,1002167,P001_INFINITE_MEDIUM_COEFFICIENT,NOT_APPLICABLE,0.0040339203731343289,213.59854728440843,0
P001_G4_EM_COEFFICIENTS,1002168,P001_INFINITE_MEDIUM_COEFFICIENT,NOT_APPLICABLE,0.004034005671641791,213.58609899563857,0
P001_G4_EM_COEFFICIENTS,1002169,P001_INFINITE_MEDIUM_COEFFICIENT,NOT_APPLICABLE,0.0040340909701492541,213.57365171485506,0
P001_G4_EM_COEFFICIENTS,1002170,P001_INFINITE_MEDIUM_COEFFICIENT,NOT_APPLICABLE,0.0040341762686567171,213.56120544195423,0
P001_G4_EM_COEFFICIENTS,1002171,P001_INFINITE_MEDIUM_COEFFICIENT,NOT_APPLICABLE,0.0040342615671641793,213.54876017683259,0
P001_G4_EM_COEFFICIENTS,1002172,P001_INFINITE_MEDIUM_COEFFICIENT,NOT_APPLICABLE,0.0040343468656716423,213.536315919386,0
P001_G4_EM_COEFFICIENTS,1002173,P001_INFINITE_MEDIUM_COEFFICIENT,NOT_APPLICABLE,0.0040344321641791045,213.52387266951121,0
P001_G4_EM_COEFFICIENTS,1002174,P001_INFINITE_MEDIUM_COEFFICIENT,NOT_APPLICABLE,0.0040345174626865675,213.51143042710407,0
P001_G4_EM_COEFFICIENTS,1002175,P001_INFINITE_MEDIUM_COEFFICIENT,NOT_APPLICABLE,0.0040346027611940305,213.49898919206115,0
P001_G4_EM_COEFFICIENTS,1002176,P001_INFINITE_MEDIUM_COEFFICIENT,NOT_APPLICABLE,0.0040346880597014927,213.48654896427882,0
P001_G4_EM_COEFFICIENTS,1002177,P001_INFINITE_MEDIUM_COEFFICIENT,NOT_APPLICABLE,0.0040347733582089557,213.47410974365337,0
P001_G4_EM_COEFFICIENTS,1002178,P001_INFINITE_MEDIUM_COEFFICIENT,NOT_APPLICABLE,0.0040348586567164179,213.46167153008113,0
P001_G4_EM_COEFFICIENTS,1002179,P001_INFINITE_MEDIUM_COEFFICIENT,NOT_APPLICABLE,0.0040349439552238809,213.4492343234584,0
P001_G4_EM_COEFFICIENTS,1002180,P001_INFINITE_MEDIUM_COEFFICIENT,NOT_APPLICABLE,0.004035029253731344,213.43679812368163,0
P001_G4_EM_COEFFICIENTS,1002181,P001_INFINITE_MEDIUM_COEFFICIENT,NOT_APPLICABLE,0.0040351145522388061,213.42436293064745,0
P001_G4_EM_COEFFICIENTS,1002182,P001_INFINITE_MEDIUM_COEFFICIENT,NOT_APPLICABLE,0.0040351998507462692,213.41192874425184,0
P001_G4_EM_COEFFICIENTS,1002183,P001_INFINITE_MEDIUM_COEFFICIENT,NOT_APPLICABLE,0.0040352851492537313,213.3994955643916,0
P001_G4_EM_COEFFICIENTS,1002184,P001_INFINITE_MEDIUM_COEFFICIENT,NOT_APPLICABLE,0.0040353704477611944,213.38706339096274,0
P001_G4_EM_COEFFICIENTS,1002185,P001_INFINITE_MEDIUM_COEFFICIENT,NOT_APPLICABLE,0.0040354557462686565,213.37463222386228,0
P001_G4_EM_COEFFICIENTS,1002186,P001_INFINITE_MEDIUM_COEFFICIENT,NOT_APPLICABLE,0.0040355410447761196,213.36220206298611,0
P001_G4_EM_COEFFICIENTS,1002187,P001_INFINITE_MEDIUM_COEFFICIENT,NOT_APPLICABLE,0.0040356263432835826,213.34977290823096,0
P001_G4_EM_COEFFICIENTS,1002188,P001_INFINITE_MEDIUM_COEFFICIENT,NOT_APPLICABLE,0.0040357116417910448,213.33734475949353,0
P001_G4_EM_COEFFICIENTS,1002189,P001_INFINITE_MEDIUM_COEFFICIENT,NOT_APPLICABLE,0.0040357969402985078,213.32491761666992,0
P001_G4_EM_COEFFICIENTS,1002190,P001_INFINITE_MEDIUM_COEFFICIENT,NOT_APPLICABLE,0.00403588223880597,213.31249147965698,0
P001_G4_EM_COEFFICIENTS,1002191,P001_INFINITE_MEDIUM_COEFFICIENT,NOT_APPLICABLE,0.004035967537313433,213.30006634835092,0
P001_G4_EM_COEFFICIENTS,1002192,P001_INFINITE_MEDIUM_COEFFICIENT,NOT_APPLICABLE,0.004036052835820896,213.2876422226484,0
P001_G4_EM_COEFFICIENTS,1002193,P001_INFINITE_MEDIUM_COEFFICIENT,NOT_APPLICABLE,0.0040361381343283582,213.27521910244619,0
P001_G4_EM_COEFFICIENTS,1002194,P001_INFINITE_MEDIUM_COEFFICIENT,NOT_APPLICABLE,0.0040362234328358212,213.26279698764054,0
P001_G4_EM_COEFFICIENTS,1002195,P001_INFINITE_MEDIUM_COEFFICIENT,NOT_APPLICABLE,0.0040363087313432834,213.25037587812832,0
P001_G4_EM_COEFFICIENTS,1002196,P001_INFINITE_MEDIUM_COEFFICIENT,NOT_APPLICABLE,0.0040363940298507464,213.23795577380574,0
P001_G4_EM_COEFFICIENTS,1002197,P001_INFINITE_MEDIUM_COEFFICIENT,NOT_APPLICABLE,0.0040364793283582095,213.22553667456967,0
P001_G4_EM_COEFFICIENTS,1002198,P001_INFINITE_MEDIUM_COEFFICIENT,NOT_APPLICABLE,0.0040365646268656716,213.21311858031683,0
P001_G4_EM_COEFFICIENTS,1002199,P001_INFINITE_MEDIUM_COEFFICIENT,NOT_APPLICABLE,0.0040366499253731347,213.20070149094354,0
P001_G4_EM_COEFFICIENTS,1002200,P001_INFINITE_MEDIUM_COEFFICIENT,NOT_APPLICABLE,0.0040367352238805968,213.18828540634678,0
P001_G4_EM_COEFFICIENTS,1002201,P001_INFINITE_MEDIUM_COEFFICIENT,NOT_APPLICABLE,0.0040368205223880599,213.1758703264228,0
P001_G4_EM_COEFFICIENTS,1002202,P001_INFINITE_MEDIUM_COEFFICIENT,NOT_APPLICABLE,0.0040369058208955229,213.16345625106845,0
P001_G4_EM_COEFFICIENTS,1002203,P001_INFINITE_MEDIUM_COEFFICIENT,NOT_APPLICABLE,0.0040369911194029851,213.15104318018069,0
P001_G4_EM_COEFFICIENTS,1002204,P001_INFINITE_MEDIUM_COEFFICIENT,NOT_APPLICABLE,0.0040370764179104481,213.13863111365578,0
P001_G4_EM_COEFFICIENTS,1002205,P001_INFINITE_MEDIUM_COEFFICIENT,NOT_APPLICABLE,0.0040371617164179103,213.12622005139073,0
P001_G4_EM_COEFFICIENTS,1002206,P001_INFINITE_MEDIUM_COEFFICIENT,NOT_APPLICABLE,0.0040372470149253733,213.11380999328208,0
P001_G4_EM_COEFFICIENTS,1002207,P001_INFINITE_MEDIUM_COEFFICIENT,NOT_APPLICABLE,0.0040373323134328364,213.10140093922655,0
P001_G4_EM_COEFFICIENTS,1002208,P001_INFINITE_MEDIUM_COEFFICIENT,NOT_APPLICABLE,0.0040374176119402985,213.08899288912107,0
P001_G4_EM_COEFFICIENTS,1002209,P001_INFINITE_MEDIUM_COEFFICIENT,NOT_APPLICABLE,0.0040375029104477616,213.07658584286227,0
P001_G4_EM_COEFFICIENTS,1002210,P001_INFINITE_MEDIUM_COEFFICIENT,NOT_APPLICABLE,0.0040375882089552237,213.06417943630663,0
P001_G4_EM_COEFFICIENTS,1002211,P001_INFINITE_MEDIUM_COEFFICIENT,NOT_APPLICABLE,0.0040376735074626868,213.05177365121764,0
P001_G4_EM_COEFFICIENTS,1002212,P001_INFINITE_MEDIUM_COEFFICIENT,NOT_APPLICABLE,0.0040377588059701498,213.03936886976044,0
P001_G4_EM_COEFFICIENTS,1002213,P001_INFINITE_MEDIUM_COEFFICIENT,NOT_APPLICABLE,0.004037844104477612,213.02696509183178,0
P001_G4_EM_COEFFICIENTS,1002214,P001_INFINITE_MEDIUM_COEFFICIENT,NOT_APPLICABLE,0.004037929402985075,213.01456231732817,0
P001_G4_EM_COEFFICIENTS,1002215,P001_INFINITE_MEDIUM_COEFFICIENT,NOT_APPLICABLE,0.0040380147014925372,213.00215426235849,0
P001_G4_EM_COEFFICIENTS,1002216,P001_INFINITE_MEDIUM_COEFFICIENT,NOT_APPLICABLE,0.0040381000000000002,212.98968830422277,0
P001_G4_EM_COEFFICIENTS,1002217,P001_INFINITE_MEDIUM_COEFFICIENT,NOT_APPLICABLE,0.0040391045024875628,212.84296125355939,0
P001_G4_EM_COEFFICIENTS,1002218,P001_INFINITE_MEDIUM_COEFFICIENT,NOT_APPLICABLE,0.0040401090049751245,212.69638872565551,0
P001_G4_EM_COEFFICIENTS,1002219,P001_INFINITE_MEDIUM_COEFFICIENT,NOT_APPLICABLE,0.0040411135074626871,251.2586101865661,0
P001_G4_EM_COEFFICIENTS,1002220,P001_INFINITE_MEDIUM_COEFFICIENT,NOT_APPLICABLE,0.0040421180099502489,251.09334131241744,0
P001_G4_EM_COEFFICIENTS,1002221,P001_INFINITE_MEDIUM_COEFFICIENT,NOT_APPLICABLE,0.0040431225124378115,250.92822395748121,0
P001_G4_EM_COEFFICIENTS,1002222,P001_INFINITE_MEDIUM_COEFFICIENT,NOT_APPLICABLE,0.0040441270149253732,250.76324508346553,0
P001_G4_EM_COEFFICIENTS,1002223,P001_INFINITE_MEDIUM_COEFFICIENT,NOT_APPLICABLE,0.0040451315174129358,250.59841484406533,0
P001_G4_EM_COEFFICIENTS,1002224,P001_INFINITE_MEDIUM_COEFFICIENT,NOT_APPLICABLE,0.0040461360199004976,250.43373494045252,0
P001_G4_EM_COEFFICIENTS,1002225,P001_INFINITE_MEDIUM_COEFFICIENT,NOT_APPLICABLE,0.0040471405223880602,250.26920793838289,0
P001_G4_EM_COEFFICIENTS,1002226,P001_INFINITE_MEDIUM_COEFFICIENT,NOT_APPLICABLE,0.0040481450248756219,250.1048336559858,0
P001_G4_EM_COEFFICIENTS,1002227,P001_INFINITE_MEDIUM_COEFFICIENT,NOT_APPLICABLE,0.0040491495273631845,249.94061191165292,0
P001_G4_EM_COEFFICIENTS,1002228,P001_INFINITE_MEDIUM_COEFFICIENT,NOT_APPLICABLE,0.0040501540298507463,249.77654252403926,0
P001_G4_EM_COEFFICIENTS,1002229,P001_INFINITE_MEDIUM_COEFFICIENT,NOT_APPLICABLE,0.0040511585323383089,249.61262531206094,0
P001_G4_EM_COEFFICIENTS,1002230,P001_INFINITE_MEDIUM_COEFFICIENT,NOT_APPLICABLE,0.0040521630348258706,249.44883032506866,0
P001_G4_EM_COEFFICIENTS,1002231,P001_INFINITE_MEDIUM_COEFFICIENT,NOT_APPLICABLE,0.0040531675373134332,249.28492957891277,0
P001_G4_EM_COEFFICIENTS,1002232,P001_INFINITE_MEDIUM_COEFFICIENT,NOT_APPLICABLE,0.0040541720398009949,249.12118089378566,0
P001_G4_EM_COEFFICIENTS,1002233,P001_INFINITE_MEDIUM_COEFFICIENT,NOT_APPLICABLE,0.0040551765422885576,248.95758397314953,0
P001_G4_EM_COEFFICIENTS,1002234,P001_INFINITE_MEDIUM_COEFFICIENT,NOT_APPLICABLE,0.0040561810447761193,248.79527365099199,0
P001_G4_EM_COEFFICIENTS,1002235,P001_INFINITE_MEDIUM_COEFFICIENT,NOT_APPLICABLE,0.0040571855472636819,248.63393612391295,0
P001_G4_EM_COEFFICIENTS,1002236,P001_INFINITE_MEDIUM_COEFFICIENT,NOT_APPLICABLE,0.0040581900497512436,248.47275876075216,0
P001_G4_EM_COEFFICIENTS,1002237,P001_INFINITE_MEDIUM_COEFFICIENT,NOT_APPLICABLE,0.0040591945522388062,248.31181607557454,0
P001_G4_EM_COEFFICIENTS,1002238,P001_INFINITE_MEDIUM_COEFFICIENT,NOT_APPLICABLE,0.004060199054726368,248.15102137947684,0
P001_G4_EM_COEFFICIENTS,1002239,P001_INFINITE_MEDIUM_COEFFICIENT,NOT_APPLICABLE,0.0040612035572139306,247.9903739364548,0
P001_G4_EM_COEFFICIENTS,1002240,P001_INFINITE_MEDIUM_COEFFICIENT,NOT_APPLICABLE,0.0040622080597014923,247.82967713499224,0
P001_G4_EM_COEFFICIENTS,1002241,P001_INFINITE_MEDIUM_COEFFICIENT,NOT_APPLICABLE,0.0040632125621890549,247.66759256092661,0
P001_G4_EM_COEFFICIENTS,1002242,P001_INFINITE_MEDIUM_COEFFICIENT,NOT_APPLICABLE,0.0040642170646766167,247.50555304793943,0
P001_G4_EM_COEFFICIENTS,1002243,P001_INFINITE_MEDIUM_COEFFICIENT,NOT_APPLICABLE,0.0040652215671641793,247.34299540097084,0
P001_G4_EM_COEFFICIENTS,1002244,P001_INFINITE_MEDIUM_COEFFICIENT,NOT_APPLICABLE,0.004066226069651741,247.18049564436956,0
P001_G4_EM_COEFFICIENTS,1002245,P001_INFINITE_MEDIUM_COEFFICIENT,NOT_APPLICABLE,0.0040672305721393036,247.01813863627018,0
P001_G4_EM_COEFFICIENTS,1002246,P001_INFINITE_MEDIUM_COEFFICIENT,NOT_APPLICABLE,0.0040682350746268662,246.85593207083537,0
P001_G4_EM_COEFFICIENTS,1002247,P001_INFINITE_MEDIUM_COEFFICIENT,NOT_APPLICABLE,0.004069239577114428,246.69387538855514,0
P001_G4_EM_COEFFICIENTS,1002248,P001_INFINITE_MEDIUM_COEFFICIENT,NOT_APPLICABLE,0.0040702440796019906,246.53196523066606,0
P001_G4_EM_COEFFICIENTS,1002249,P001_INFINITE_MEDIUM_COEFFICIENT,NOT_APPLICABLE,0.0040712485820895523,246.37020492692918,0
P001_G4_EM_COEFFICIENTS,1002250,P001_INFINITE_MEDIUM_COEFFICIENT,NOT_APPLICABLE,0.0040722530845771149,246.20856881929899,0
P001_G4_EM_COEFFICIENTS,1002251,P001_INFINITE_MEDIUM_COEFFICIENT,NOT_APPLICABLE,0.0040732575870646767,246.04701859394365,0
P001_G4_EM_COEFFICIENTS,1002252,P001_INFINITE_MEDIUM_COEFFICIENT,NOT_APPLICABLE,0.0040742620895522393,245.88547204396775,0
P001_G4_EM_COEFFICIENTS,1002253,P001_INFINITE_MEDIUM_COEFFICIENT,NOT_APPLICABLE,0.004075266592039801,245.7238961274617,0
P001_G4_EM_COEFFICIENTS,1002254,P001_INFINITE_MEDIUM_COEFFICIENT,NOT_APPLICABLE,0.0040762710945273636,245.56237805107443,0
P001_G4_EM_COEFFICIENTS,1002255,P001_INFINITE_MEDIUM_COEFFICIENT,NOT_APPLICABLE,0.0040772755970149253,245.40079125030766,0
P001_G4_EM_COEFFICIENTS,1002256,P001_INFINITE_MEDIUM_COEFFICIENT,NOT_APPLICABLE,0.0040782800995024879,245.23935476854803,0
P001_G4_EM_COEFFICIENTS,1002257,P001_INFINITE_MEDIUM_COEFFICIENT,NOT_APPLICABLE,0.0040792846019900497,245.07807973478961,0
P001_G4_EM_COEFFICIENTS,1002258,P001_INFINITE_MEDIUM_COEFFICIENT,NOT_APPLICABLE,0.0040802891044776123,244.91695408618355,0
P001_G4_EM_COEFFICIENTS,1002259,P001_INFINITE_MEDIUM_COEFFICIENT,NOT_APPLICABLE,0.004081293606965174,244.75597764578941,0
P001_G4_EM_COEFFICIENTS,1002260,P001_INFINITE_MEDIUM_COEFFICIENT,NOT_APPLICABLE,0.0040822981094527366,244.59514444228927,0
P001_G4_EM_COEFFICIENTS,1002261,P001_INFINITE_MEDIUM_COEFFICIENT,NOT_APPLICABLE,0.0040833026119402984,244.4344525028506,0
P001_G4_EM_COEFFICIENTS,1002262,P001_INFINITE_MEDIUM_COEFFICIENT,NOT_APPLICABLE,0.004084307114427861,244.27391023587597,0
P001_G4_EM_COEFFICIENTS,1002263,P001_INFINITE_MEDIUM_COEFFICIENT,NOT_APPLICABLE,0.0040853116169154227,244.11351626756203,0
P001_G4_EM_COEFFICIENTS,1002264,P001_INFINITE_MEDIUM_COEFFICIENT,NOT_APPLICABLE,0.0040863161194029853,243.95327042177399,0
P001_G4_EM_COEFFICIENTS,1002265,P001_INFINITE_MEDIUM_COEFFICIENT,NOT_APPLICABLE,0.0040873206218905471,243.79293851776649,0
P001_G4_EM_COEFFICIENTS,1002266,P001_INFINITE_MEDIUM_COEFFICIENT,NOT_APPLICABLE,0.0040883251243781097,243.63120817600841,0
P001_G4_EM_COEFFICIENTS,1002267,P001_INFINITE_MEDIUM_COEFFICIENT,NOT_APPLICABLE,0.0040893296268656714,243.46959025507758,0
P001_G4_EM_COEFFICIENTS,1002268,P001_INFINITE_MEDIUM_COEFFICIENT,NOT_APPLICABLE,0.004090334129353234,243.30812262057506,0
P001_G4_EM_COEFFICIENTS,1002269,P001_INFINITE_MEDIUM_COEFFICIENT,NOT_APPLICABLE,0.0040913386318407957,243.14680509419489,0
P001_G4_EM_COEFFICIENTS,1002270,P001_INFINITE_MEDIUM_COEFFICIENT,NOT_APPLICABLE,0.0040923431343283584,242.98563749788747,0
P001_G4_EM_COEFFICIENTS,1002271,P001_INFINITE_MEDIUM_COEFFICIENT,NOT_APPLICABLE,0.0040933476368159201,242.82467981687003,0
P001_G4_EM_COEFFICIENTS,1002272,P001_INFINITE_MEDIUM_COEFFICIENT,NOT_APPLICABLE,0.0040943521393034827,242.6639455627047,0
P001_G4_EM_COEFFICIENTS,1002273,P001_INFINITE_MEDIUM_COEFFICIENT,NOT_APPLICABLE,0.0040953566417910444,242.50335892146913,0
P001_G4_EM_COEFFICIENTS,1002274,P001_INFINITE_MEDIUM_COEFFICIENT,NOT_APPLICABLE,0.004096361144278607,242.34291990854729,0
P001_G4_EM_COEFFICIENTS,1002275,P001_INFINITE_MEDIUM_COEFFICIENT,NOT_APPLICABLE,0.0040973656467661696,242.18261420907169,0
P001_G4_EM_COEFFICIENTS,1002276,P001_INFINITE_MEDIUM_COEFFICIENT,NOT_APPLICABLE,0.0040983701492537314,242.02240079597783,0
P001_G4_EM_COEFFICIENTS,1002277,P001_INFINITE_MEDIUM_COEFFICIENT,NOT_APPLICABLE,0.004099374651741294,241.86233598781831,0
P001_G4_EM_COEFFICIENTS,1002278,P001_INFINITE_MEDIUM_COEFFICIENT,NOT_APPLICABLE,0.0041003791542288557,241.70241612711189,0
P001_G4_EM_COEFFICIENTS,1002279,P001_INFINITE_MEDIUM_COEFFICIENT,NOT_APPLICABLE,0.0041013836567164183,241.54240433018856,0
P001_G4_EM_COEFFICIENTS,1002280,P001_INFINITE_MEDIUM_COEFFICIENT,NOT_APPLICABLE,0.0041023881592039801,241.38204058127715,0
P001_G4_EM_COEFFICIENTS,1002281,P001_INFINITE_MEDIUM_COEFFICIENT,NOT_APPLICABLE,0.0041033926616915427,241.22179963715288,0
P001_G4_EM_COEFFICIENTS,1002282,P001_INFINITE_MEDIUM_COEFFICIENT,NOT_APPLICABLE,0.0041043971641791044,241.06165979113086,0
P001_G4_EM_COEFFICIENTS,1002283,P001_INFINITE_MEDIUM_COEFFICIENT,NOT_APPLICABLE,0.004105401666666667,240.90166869595055,0
P001_G4_EM_COEFFICIENTS,1002284,P001_INFINITE_MEDIUM_COEFFICIENT,NOT_APPLICABLE,0.0041064061691542288,240.74176081208202,0
P001_G4_EM_COEFFICIENTS,1002285,P001_INFINITE_MEDIUM_COEFFICIENT,NOT_APPLICABLE,0.0041074106716417914,240.58168102238386,0
P001_G4_EM_COEFFICIENTS,1002286,P001_INFINITE_MEDIUM_COEFFICIENT,NOT_APPLICABLE,0.0041084151741293531,240.42360406697023,0
P001_G4_EM_COEFFICIENTS,1002287,P001_INFINITE_MEDIUM_COEFFICIENT,NOT_APPLICABLE,0.0041094196766169157,240.26770745996794,0
P001_G4_EM_COEFFICIENTS,1002288,P001_INFINITE_MEDIUM_COEFFICIENT,NOT_APPLICABLE,0.0041104241791044775,240.11195359240858,0
P001_G4_EM_COEFFICIENTS,1002289,P001_INFINITE_MEDIUM_COEFFICIENT,NOT_APPLICABLE,0.0041114286815920401,239.95632196654253,0
P001_G4_EM_COEFFICIENTS,1002290,P001_INFINITE_MEDIUM_COEFFICIENT,NOT_APPLICABLE,0.0041124331840796018,239.80052318680166,0
P001_G4_EM_COEFFICIENTS,1002291,P001_INFINITE_MEDIUM_COEFFICIENT,NOT_APPLICABLE,0.0041134376865671644,239.64485791603195,0
P001_G4_EM_COEFFICIENTS,1002292,P001_INFINITE_MEDIUM_COEFFICIENT,NOT_APPLICABLE,0.0041144421890547261,239.48933514781552,0
P001_G4_EM_COEFFICIENTS,1002293,P001_INFINITE_MEDIUM_COEFFICIENT,NOT_APPLICABLE,0.0041154466915422887,239.33395471516798,0
P001_G4_EM_COEFFICIENTS,1002294,P001_INFINITE_MEDIUM_COEFFICIENT,NOT_APPLICABLE,0.0041164511940298505,239.17862653902773,0
P001_G4_EM_COEFFICIENTS,1002295,P001_INFINITE_MEDIUM_COEFFICIENT,NOT_APPLICABLE,0.0041174556965174131,239.02306357745198,0
P001_G4_EM_COEFFICIENTS,1002296,P001_INFINITE_MEDIUM_COEFFICIENT,NOT_APPLICABLE,0.0041184601990049748,238.86764313475862,0
P001_G4_EM_COEFFICIENTS,1002297,P001_INFINITE_MEDIUM_COEFFICIENT,NOT_APPLICABLE,0.0041194647014925374,238.71236711941509,0
P001_G4_EM_COEFFICIENTS,1002298,P001_INFINITE_MEDIUM_COEFFICIENT,NOT_APPLICABLE,0.0041204692039800992,238.55671619028308,0
P001_G4_EM_COEFFICIENTS,1002299,P001_INFINITE_MEDIUM_COEFFICIENT,NOT_APPLICABLE,0.0041214737064676618,238.4012787045381,0
P001_G4_EM_COEFFICIENTS,1002300,P001_INFINITE_MEDIUM_COEFFICIENT,NOT_APPLICABLE,0.0041224782089552235,238.24610739418429,0
P001_G4_EM_COEFFICIENTS,1002301,P001_INFINITE_MEDIUM_COEFFICIENT,NOT_APPLICABLE,0.0041234827114427861,238.0920690341126,0
P001_G4_EM_COEFFICIENTS,1002302,P001_INFINITE_MEDIUM_COEFFICIENT,NOT_APPLICABLE,0.0041244872139303479,237.93835233626118,0
P001_G4_EM_COEFFICIENTS,1002303,P001_INFINITE_MEDIUM_COEFFICIENT,NOT_APPLICABLE,0.0041254917164179105,237.78477574865181,0
P001_G4_EM_COEFFICIENTS,1002304,P001_INFINITE_MEDIUM_COEFFICIENT,NOT_APPLICABLE,0.0041264962189054731,237.63133910772345,0
P001_G4_EM_COEFFICIENTS,1002305,P001_INFINITE_MEDIUM_COEFFICIENT,NOT_APPLICABLE,0.0041275007213930348,237.47804225014653,0
P001_G4_EM_COEFFICIENTS,1002306,P001_INFINITE_MEDIUM_COEFFICIENT,NOT_APPLICABLE,0.0041285052238805974,237.3248850128231,0
P001_G4_EM_COEFFICIENTS,1002307,P001_INFINITE_MEDIUM_COEFFICIENT,NOT_APPLICABLE,0.0041295097263681592,237.17186723288708,0
P001_G4_EM_COEFFICIENTS,1002308,P001_INFINITE_MEDIUM_COEFFICIENT,NOT_APPLICABLE,0.0041305142288557218,237.01898874770234,0
P001_G4_EM_COEFFICIENTS,1002309,P001_INFINITE_MEDIUM_COEFFICIENT,NOT_APPLICABLE,0.0041315187313432835,236.86624939486444,0
P001_G4_EM_COEFFICIENTS,1002310,P001_INFINITE_MEDIUM_COEFFICIENT,NOT_APPLICABLE,0.0041325232338308461,236.71363246361793,0
P001_G4_EM_COEFFICIENTS,1002311,P001_INFINITE_MEDIUM_COEFFICIENT,NOT_APPLICABLE,0.0041335277363184078,236.56114018491232,0
P001_G4_EM_COEFFICIENTS,1002312,P001_INFINITE_MEDIUM_COEFFICIENT,NOT_APPLICABLE,0.0041345322388059704,236.40856960088101,0
P001_G4_EM_COEFFICIENTS,1002313,P001_INFINITE_MEDIUM_COEFFICIENT,NOT_APPLICABLE,0.0041355367412935322,236.25501066044598,0
P001_G4_EM_COEFFICIENTS,1002314,P001_INFINITE_MEDIUM_COEFFICIENT,NOT_APPLICABLE,0.0041365412437810948,236.10151713887763,0
P001_G4_EM_COEFFICIENTS,1002315,P001_INFINITE_MEDIUM_COEFFICIENT,NOT_APPLICABLE,0.0041375457462686565,235.94816388850262,0
P001_G4_EM_COEFFICIENTS,1002316,P001_INFINITE_MEDIUM_COEFFICIENT,NOT_APPLICABLE,0.0041385502487562191,235.79495074544849,0
P001_G4_EM_COEFFICIENTS,1002317,P001_INFINITE_MEDIUM_COEFFICIENT,NOT_APPLICABLE,0.0041395547512437809,235.64185510756644,0
P001_G4_EM_COEFFICIENTS,1002318,P001_INFINITE_MEDIUM_COEFFICIENT,NOT_APPLICABLE,0.0041405592537313435,235.48880924974659,0
P001_G4_EM_COEFFICIENTS,1002319,P001_INFINITE_MEDIUM_COEFFICIENT,NOT_APPLICABLE,0.0041415637562189052,235.33583204300675,0
P001_G4_EM_COEFFICIENTS,1002320,P001_INFINITE_MEDIUM_COEFFICIENT,NOT_APPLICABLE,0.0041425682587064678,235.18299455723712,0
P001_G4_EM_COEFFICIENTS,1002321,P001_INFINITE_MEDIUM_COEFFICIENT,NOT_APPLICABLE,0.0041435727611940296,235.03029662933571,0
P001_G4_EM_COEFFICIENTS,1002322,P001_INFINITE_MEDIUM_COEFFICIENT,NOT_APPLICABLE,0.0041445772636815922,234.87773809643156,0
P001_G4_EM_COEFFICIENTS,1002323,P001_INFINITE_MEDIUM_COEFFICIENT,NOT_APPLICABLE,0.0041455817661691539,234.72531879588445,0
P001_G4_EM_COEFFICIENTS,1002324,P001_INFINITE_MEDIUM_COEFFICIENT,NOT_APPLICABLE,0.0041465862686567165,234.57303856528455,0
P001_G4_EM_COEFFICIENTS,1002325,P001_INFINITE_MEDIUM_COEFFICIENT,NOT_APPLICABLE,0.0041475907711442783,234.4208972424521,0
P001_G4_EM_COEFFICIENTS,1002326,P001_INFINITE_MEDIUM_COEFFICIENT,NOT_APPLICABLE,0.0041485952736318409,234.26889743129146,0
P001_G4_EM_COEFFICIENTS,1002327,P001_INFINITE_MEDIUM_COEFFICIENT,NOT_APPLICABLE,0.0041495997761194026,234.1170390190606,0
P001_G4_EM_COEFFICIENTS,1002328,P001_INFINITE_MEDIUM_COEFFICIENT,NOT_APPLICABLE,0.0041506042786069652,233.96529905003314,0
P001_G4_EM_COEFFICIENTS,1002329,P001_INFINITE_MEDIUM_COEFFICIENT,NOT_APPLICABLE,0.0041516087810945269,233.81296961829941,0
P001_G4_EM_COEFFICIENTS,1002330,P001_INFINITE_MEDIUM_COEFFICIENT,NOT_APPLICABLE,0.0041526132835820895,233.66066999928714,0
P001_G4_EM_COEFFICIENTS,1002331,P001_INFINITE_MEDIUM_COEFFICIENT,NOT_APPLICABLE,0.0041536177860696522,233.50850955370419,0
P001_G4_EM_COEFFICIENTS,1002332,P001_INFINITE_MEDIUM_COEFFICIENT,NOT_APPLICABLE,0.0041546222885572139,233.35648811918063,0
P001_G4_EM_COEFFICIENTS,1002333,P001_INFINITE_MEDIUM_COEFFICIENT,NOT_APPLICABLE,0.0041556267910447765,233.20403029873745,0
P001_G4_EM_COEFFICIENTS,1002334,P001_INFINITE_MEDIUM_COEFFICIENT,NOT_APPLICABLE,0.0041566312935323382,233.05140996803445,0
P001_G4_EM_COEFFICIENTS,1002335,P001_INFINITE_MEDIUM_COEFFICIENT,NOT_APPLICABLE,0.0041576357960199008,232.89853623967704,0
P001_G4_EM_COEFFICIENTS,1002336,P001_INFINITE_MEDIUM_COEFFICIENT,NOT_APPLICABLE,0.0041586402985074626,232.74553448814089,0
P001_G4_EM_COEFFICIENTS,1002337,P001_INFINITE_MEDIUM_COEFFICIENT,NOT_APPLICABLE,0.0041596448009950252,232.59255243533653,0
P001_G4_EM_COEFFICIENTS,1002338,P001_INFINITE_MEDIUM_COEFFICIENT,NOT_APPLICABLE,0.0041606493034825869,232.43964578944193,0
P001_G4_EM_COEFFICIENTS,1002339,P001_INFINITE_MEDIUM_COEFFICIENT,NOT_APPLICABLE,0.0041616538059701495,232.28675254560082,0
P001_G4_EM_COEFFICIENTS,1002340,P001_INFINITE_MEDIUM_COEFFICIENT,NOT_APPLICABLE,0.0041626583084577113,232.13383361328079,0
P001_G4_EM_COEFFICIENTS,1002341,P001_INFINITE_MEDIUM_COEFFICIENT,NOT_APPLICABLE,0.0041636628109452739,231.98105492359284,0
P001_G4_EM_COEFFICIENTS,1002342,P001_INFINITE_MEDIUM_COEFFICIENT,NOT_APPLICABLE,0.0041646673134328356,231.82840246706903,0
P001_G4_EM_COEFFICIENTS,1002343,P001_INFINITE_MEDIUM_COEFFICIENT,NOT_APPLICABLE,0.0041656718159203982,231.675885452655,0
P001_G4_EM_COEFFICIENTS,1002344,P001_INFINITE_MEDIUM_COEFFICIENT,NOT_APPLICABLE,0.00416667631840796,231.52350843665147,0
P001_G4_EM_COEFFICIENTS,1002345,P001_INFINITE_MEDIUM_COEFFICIENT,NOT_APPLICABLE,0.0041676808208955226,231.37121362967704,0
P001_G4_EM_COEFFICIENTS,1002346,P001_INFINITE_MEDIUM_COEFFICIENT,NOT_APPLICABLE,0.0041686853233830843,231.21906044231287,0
P001_G4_EM_COEFFICIENTS,1002347,P001_INFINITE_MEDIUM_COEFFICIENT,NOT_APPLICABLE,0.0041696898258706469,231.06568262495941,0
P001_G4_EM_COEFFICIENTS,1002348,P001_INFINITE_MEDIUM_COEFFICIENT,NOT_APPLICABLE,0.0041706943283582086,230.9124319070886,0
P001_G4_EM_COEFFICIENTS,1002349,P001_INFINITE_MEDIUM_COEFFICIENT,NOT_APPLICABLE,0.0041716988308457712,230.76339495446123,0
P001_G4_EM_COEFFICIENTS,1002350,P001_INFINITE_MEDIUM_COEFFICIENT,NOT_APPLICABLE,0.004172703333333333,230.61486651178288,0
P001_G4_EM_COEFFICIENTS,1002351,P001_INFINITE_MEDIUM_COEFFICIENT,NOT_APPLICABLE,0.0041737078358208956,230.46647115864454,0
P001_G4_EM_COEFFICIENTS,1002352,P001_INFINITE_MEDIUM_COEFFICIENT,NOT_APPLICABLE,0.0041747123383084573,230.31821016067656,0
P001_G4_EM_COEFFICIENTS,1002353,P001_INFINITE_MEDIUM_COEFFICIENT,NOT_APPLICABLE,0.0041757168407960199,230.17008336235185,0
P001_G4_EM_COEFFICIENTS,1002354,P001_INFINITE_MEDIUM_COEFFICIENT,NOT_APPLICABLE,0.0041767213432835817,230.02208994726473,0
P001_G4_EM_COEFFICIENTS,1002355,P001_INFINITE_MEDIUM_COEFFICIENT,NOT_APPLICABLE,0.0041777258457711443,229.87422664254481,0
P001_G4_EM_COEFFICIENTS,1002356,P001_INFINITE_MEDIUM_COEFFICIENT,NOT_APPLICABLE,0.004178730348258706,229.72643776163801,0
P001_G4_EM_COEFFICIENTS,1002357,P001_INFINITE_MEDIUM_COEFFICIENT,NOT_APPLICABLE,0.0041797348507462686,229.57877590968985,0
P001_G4_EM_COEFFICIENTS,1002358,P001_INFINITE_MEDIUM_COEFFICIENT,NOT_APPLICABLE,0.0041807393532338304,229.43124712139101,0
P001_G4_EM_COEFFICIENTS,1002359,P001_INFINITE_MEDIUM_COEFFICIENT,NOT_APPLICABLE,0.004181743855721393,229.28377168371938,0
P001_G4_EM_COEFFICIENTS,1002360,P001_INFINITE_MEDIUM_COEFFICIENT,NOT_APPLICABLE,0.0041827483582089556,229.1373471096025,0
P001_G4_EM_COEFFICIENTS,1002361,P001_INFINITE_MEDIUM_COEFFICIENT,NOT_APPLICABLE,0.0041837528606965173,228.9919592318742,0
P001_G4_EM_COEFFICIENTS,1002362,P001_INFINITE_MEDIUM_COEFFICIENT,NOT_APPLICABLE,0.0041847573631840799,228.84670172633128,0
P001_G4_EM_COEFFICIENTS,1002363,P001_INFINITE_MEDIUM_COEFFICIENT,NOT_APPLICABLE,0.0041857618656716417,228.7015744431487,0
P001_G4_EM_COEFFICIENTS,1002364,P001_INFINITE_MEDIUM_COEFFICIENT,NOT_APPLICABLE,0.0041867663681592043,228.55657463096941,0
P001_G4_EM_COEFFICIENTS,1002365,P001_INFINITE_MEDIUM_COEFFICIENT,NOT_APPLICABLE,0.004187770870646766,228.41134101708934,0
P001_G4_EM_COEFFICIENTS,1002366,P001_INFINITE_MEDIUM_COEFFICIENT,NOT_APPLICABLE,0.0041887753731343286,228.26615620912821,0
P001_G4_EM_COEFFICIENTS,1002367,P001_INFINITE_MEDIUM_COEFFICIENT,NOT_APPLICABLE,0.0041897798756218903,228.12110166972548,0
P001_G4_EM_COEFFICIENTS,1002368,P001_INFINITE_MEDIUM_COEFFICIENT,NOT_APPLICABLE,0.004190784378109453,227.97617724917396,0
P001_G4_EM_COEFFICIENTS,1002369,P001_INFINITE_MEDIUM_COEFFICIENT,NOT_APPLICABLE,0.0041917888805970147,227.83138279797583,0
P001_G4_EM_COEFFICIENTS,1002370,P001_INFINITE_MEDIUM_COEFFICIENT,NOT_APPLICABLE,0.0041927933830845773,227.68607733201389,0
P001_G4_EM_COEFFICIENTS,1002371,P001_INFINITE_MEDIUM_COEFFICIENT,NOT_APPLICABLE,0.004193797885572139,227.5406762153294,0
P001_G4_EM_COEFFICIENTS,1002372,P001_INFINITE_MEDIUM_COEFFICIENT,NOT_APPLICABLE,0.0041948023880597016,227.39540586515611,0
P001_G4_EM_COEFFICIENTS,1002373,P001_INFINITE_MEDIUM_COEFFICIENT,NOT_APPLICABLE,0.0041958068905472634,227.25026613104168,0
P001_G4_EM_COEFFICIENTS,1002374,P001_INFINITE_MEDIUM_COEFFICIENT,NOT_APPLICABLE,0.004196811393034826,227.10525686274414,0
P001_G4_EM_COEFFICIENTS,1002375,P001_INFINITE_MEDIUM_COEFFICIENT,NOT_APPLICABLE,0.0041978158955223877,226.96037791023198,0
P001_G4_EM_COEFFICIENTS,1002376,P001_INFINITE_MEDIUM_COEFFICIENT,NOT_APPLICABLE,0.0041988203980099503,226.81552982770052,0
P001_G4_EM_COEFFICIENTS,1002377,P001_INFINITE_MEDIUM_COEFFICIENT,NOT_APPLICABLE,0.0041998249004975121,226.67044435615674,0
P001_G4_EM_COEFFICIENTS,1002378,P001_INFINITE_MEDIUM_COEFFICIENT,NOT_APPLICABLE,0.0042008294029850747,226.52548942147436,0
P001_G4_EM_COEFFICIENTS,1002379,P001_INFINITE_MEDIUM_COEFFICIENT,NOT_APPLICABLE,0.0042018339054726364,226.38066486632769,0
P001_G4_EM_COEFFICIENTS,1002380,P001_INFINITE_MEDIUM_COEFFICIENT,NOT_APPLICABLE,0.004202838407960199,226.23597054701509,0
P001_G4_EM_COEFFICIENTS,1002381,P001_INFINITE_MEDIUM_COEFFICIENT,NOT_APPLICABLE,0.0042038429104477608,226.09140914344613,0
P001_G4_EM_COEFFICIENTS,1002382,P001_INFINITE_MEDIUM_COEFFICIENT,NOT_APPLICABLE,0.0042048474129353234,225.94698720123304,0
P001_G4_EM_COEFFICIENTS,1002383,P001_INFINITE_MEDIUM_COEFFICIENT,NOT_APPLICABLE,0.0042058519154228851,225.80287373765739,0
P001_G4_EM_COEFFICIENTS,1002384,P001_INFINITE_MEDIUM_COEFFICIENT,NOT_APPLICABLE,0.0042068564179104477,225.65845774621337,0
P001_G4_EM_COEFFICIENTS,1002385,P001_INFINITE_MEDIUM_COEFFICIENT,NOT_APPLICABLE,0.0042078609203980094,225.51281569292564,0
P001_G4_EM_COEFFICIENTS,1002386,P001_INFINITE_MEDIUM_COEFFICIENT,NOT_APPLICABLE,0.004208865422885572,225.36718641702961,0
P001_G4_EM_COEFFICIENTS,1002387,P001_INFINITE_MEDIUM_COEFFICIENT,NOT_APPLICABLE,0.0042098699253731338,225.22168314997074,0
P001_G4_EM_COEFFICIENTS,1002388,P001_INFINITE_MEDIUM_COEFFICIENT,NOT_APPLICABLE,0.0042108744278606964,225.07631634979819,0
P001_G4_EM_COEFFICIENTS,1002389,P001_INFINITE_MEDIUM_COEFFICIENT,NOT_APPLICABLE,0.004211878930348259,224.93108174571688,0
P001_G4_EM_COEFFICIENTS,1002390,P001_INFINITE_MEDIUM_COEFFICIENT,NOT_APPLICABLE,0.0042128834328358207,224.78597833186726,0
P001_G4_EM_COEFFICIENTS,1002391,P001_INFINITE_MEDIUM_COEFFICIENT,NOT_APPLICABLE,0.0042138879353233833,224.64100595709414,0
P001_G4_EM_COEFFICIENTS,1002392,P001_INFINITE_MEDIUM_COEFFICIENT,NOT_APPLICABLE,0.0042148924378109451,224.49616447045432,0
P001_G4_EM_COEFFICIENTS,1002393,P001_INFINITE_MEDIUM_COEFFICIENT,NOT_APPLICABLE,0.0042158969402985077,224.35142486751624,0
P001_G4_EM_COEFFICIENTS,1002394,P001_INFINITE_MEDIUM_COEFFICIENT,NOT_APPLICABLE,0.0042169014427860694,224.20680982820323,0
P001_G4_EM_COEFFICIENTS,1002395,P001_INFINITE_MEDIUM_COEFFICIENT,NOT_APPLICABLE,0.004217905945273632,224.06190859730566,0
P001_G4_EM_COEFFICIENTS,1002396,P001_INFINITE_MEDIUM_COEFFICIENT,NOT_APPLICABLE,0.0042189104477611938,223.9171086630401,0
P001_G4_EM_COEFFICIENTS,1002397,P001_INFINITE_MEDIUM_COEFFICIENT,NOT_APPLICABLE,0.0042199149502487564,223.77157569009645,0
P001_G4_EM_COEFFICIENTS,1002398,P001_INFINITE_MEDIUM_COEFFICIENT,NOT_APPLICABLE,0.0042209194527363181,223.62574999947111,0
P001_G4_EM_COEFFICIENTS,1002399,P001_INFINITE_MEDIUM_COEFFICIENT,NOT_APPLICABLE,0.0042219239552238807,223.48000685207677,0
P001_G4_EM_COEFFICIENTS,1002400,P001_INFINITE_MEDIUM_COEFFICIENT,NOT_APPLICABLE,0.0042229284577114425,223.33438758421218,0
P001_G4_EM_COEFFICIENTS,1002401,P001_INFINITE_MEDIUM_COEFFICIENT,NOT_APPLICABLE,0.0042239329601990051,223.18890045298909,0
P001_G4_EM_COEFFICIENTS,1002402,P001_INFINITE_MEDIUM_COEFFICIENT,NOT_APPLICABLE,0.0042249374626865668,223.04354530585158,0
P001_G4_EM_COEFFICIENTS,1002403,P001_INFINITE_MEDIUM_COEFFICIENT,NOT_APPLICABLE,0.0042259419651741294,222.89832199045628,0
P001_G4_EM_COEFFICIENTS,1002404,P001_INFINITE_MEDIUM_COEFFICIENT,NOT_APPLICABLE,0.0042269464676616911,222.75323035467341,0
P001_G4_EM_COEFFICIENTS,1002405,P001_INFINITE_MEDIUM_COEFFICIENT,NOT_APPLICABLE,0.0042279509701492538,222.60827024658553,0
P001_G4_EM_COEFFICIENTS,1002406,P001_INFINITE_MEDIUM_COEFFICIENT,NOT_APPLICABLE,0.0042289554726368155,222.46344151448741,0
P001_G4_EM_COEFFICIENTS,1002407,P001_INFINITE_MEDIUM_COEFFICIENT,NOT_APPLICABLE,0.0042299599751243781,222.31874266925053,0
P001_G4_EM_COEFFICIENTS,1002408,P001_INFINITE_MEDIUM_COEFFICIENT,NOT_APPLICABLE,0.0042309644776119398,222.17410675358775,0
P001_G4_EM_COEFFICIENTS,1002409,P001_INFINITE_MEDIUM_COEFFICIENT,NOT_APPLICABLE,0.0042319689800995024,222.02937534539339,0
P001_G4_EM_COEFFICIENTS,1002410,P001_INFINITE_MEDIUM_COEFFICIENT,NOT_APPLICABLE,0.0042329734825870642,221.88478250741889,0
P001_G4_EM_COEFFICIENTS,1002411,P001_INFINITE_MEDIUM_COEFFICIENT,NOT_APPLICABLE,0.0042339779850746268,221.74032409690955,0
P001_G4_EM_COEFFICIENTS,1002412,P001_INFINITE_MEDIUM_COEFFICIENT,NOT_APPLICABLE,0.0042349824875621885,221.59605651236458,0
P001_G4_EM_COEFFICIENTS,1002413,P001_INFINITE_MEDIUM_COEFFICIENT,NOT_APPLICABLE,0.0042359869900497511,221.45177915294883,0
P001_G4_EM_COEFFICIENTS,1002414,P001_INFINITE_MEDIUM_COEFFICIENT,NOT_APPLICABLE,0.0042369914925373129,221.30717289103561,0
P001_G4_EM_COEFFICIENTS,1002415,P001_INFINITE_MEDIUM_COEFFICIENT,NOT_APPLICABLE,0.0042379959950248755,221.16267938814542,0
P001_G4_EM_COEFFICIENTS,1002416,P001_INFINITE_MEDIUM_COEFFICIENT,NOT_APPLICABLE,0.0042390004975124372,221.01828746337412,0
P001_G4_EM_COEFFICIENTS,1002417,P001_INFINITE_MEDIUM_COEFFICIENT,NOT_APPLICABLE,0.0042400049999999998,220.87383480231685,0
P001_G4_EM_COEFFICIENTS,1002418,P001_INFINITE_MEDIUM_COEFFICIENT,NOT_APPLICABLE,0.0067564000000000001,60.388027289041418,0
P001_G4_EM_COEFFICIENTS,1002419,P001_INFINITE_MEDIUM_COEFFICIENT,NOT_APPLICABLE,0.0067581691542288559,60.343723474348785,0
P001_G4_EM_COEFFICIENTS,1002420,P001_INFINITE_MEDIUM_COEFFICIENT,NOT_APPLICABLE,0.0067599383084577117,60.299400208229166,0
P001_G4_EM_COEFFICIENTS,1002421,P001_INFINITE_MEDIUM_COEFFICIENT,NOT_APPLICABLE,0.0067617074626865675,60.255069067736443,0
P001_G4_EM_COEFFICIENTS,1002422,P001_INFINITE_MEDIUM_COEFFICIENT,NOT_APPLICABLE,0.0067634766169154233,60.210746223845568,0
P001_G4_EM_COEFFICIENTS,1002423,P001_INFINITE_MEDIUM_COEFFICIENT,NOT_APPLICABLE,0.0067652457711442791,60.166465699218961,0
P001_G4_EM_COEFFICIENTS,1002424,P001_INFINITE_MEDIUM_COEFFICIENT,NOT_APPLICABLE,0.006767014925373134,60.122227352237502,0
P001_G4_EM_COEFFICIENTS,1002425,P001_INFINITE_MEDIUM_COEFFICIENT,NOT_APPLICABLE,0.0067687840796019898,60.07803154240078,0
P001_G4_EM_COEFFICIENTS,1002426,P001_INFINITE_MEDIUM_COEFFICIENT,NOT_APPLICABLE,0.0067705532338308456,60.03387822329023,0
P001_G4_EM_COEFFICIENTS,1002427,P001_INFINITE_MEDIUM_COEFFICIENT,NOT_APPLICABLE,0.0067723223880597015,59.989767348534237,0
P001_G4_EM_COEFFICIENTS,1002428,P001_INFINITE_MEDIUM_COEFFICIENT,NOT_APPLICABLE,0.0067740915422885573,59.945698871808283,0
P001_G4_EM_COEFFICIENTS,1002429,P001_INFINITE_MEDIUM_COEFFICIENT,NOT_APPLICABLE,0.0067758606965174131,59.901672746834798,0
P001_G4_EM_COEFFICIENTS,1002430,P001_INFINITE_MEDIUM_COEFFICIENT,NOT_APPLICABLE,0.0067776298507462689,59.85768892738335,0
P001_G4_EM_COEFFICIENTS,1002431,P001_INFINITE_MEDIUM_COEFFICIENT,NOT_APPLICABLE,0.0067793990049751247,59.813747367270487,0
P001_G4_EM_COEFFICIENTS,1002432,P001_INFINITE_MEDIUM_COEFFICIENT,NOT_APPLICABLE,0.0067811681592039805,59.769848020359653,0
P001_G4_EM_COEFFICIENTS,1002433,P001_INFINITE_MEDIUM_COEFFICIENT,NOT_APPLICABLE,0.0067829373134328363,59.725965536025065,0
P001_G4_EM_COEFFICIENTS,1002434,P001_INFINITE_MEDIUM_COEFFICIENT,NOT_APPLICABLE,0.0067847064676616912,59.681901861093166,0
P001_G4_EM_COEFFICIENTS,1002435,P001_INFINITE_MEDIUM_COEFFICIENT,NOT_APPLICABLE,0.006786475621890547,59.637880088184552,0
P001_G4_EM_COEFFICIENTS,1002436,P001_INFINITE_MEDIUM_COEFFICIENT,NOT_APPLICABLE,0.0067882447761194028,59.59389781941352,0
P001_G4_EM_COEFFICIENTS,1002437,P001_INFINITE_MEDIUM_COEFFICIENT,NOT_APPLICABLE,0.0067900139303482586,59.549957926744725,0
P001_G4_EM_COEFFICIENTS,1002438,P001_INFINITE_MEDIUM_COEFFICIENT,NOT_APPLICABLE,0.0067917830845771144,59.506060363709551,0
P001_G4_EM_COEFFICIENTS,1002439,P001_INFINITE_MEDIUM_COEFFICIENT,NOT_APPLICABLE,0.0067935522388059702,59.462205083887454,0
P001_G4_EM_COEFFICIENTS,1002440,P001_INFINITE_MEDIUM_COEFFICIENT,NOT_APPLICABLE,0.006795321393034826,59.418392040905843,0
P001_G4_EM_COEFFICIENTS,1002441,P001_INFINITE_MEDIUM_COEFFICIENT,NOT_APPLICABLE,0.0067970905472636818,59.374621188440038,0
P001_G4_EM_COEFFICIENTS,1002442,P001_INFINITE_MEDIUM_COEFFICIENT,NOT_APPLICABLE,0.0067988597014925376,59.33086275453811,0
P001_G4_EM_COEFFICIENTS,1002443,P001_INFINITE_MEDIUM_COEFFICIENT,NOT_APPLICABLE,0.0068006288557213935,59.286822048345407,0
P001_G4_EM_COEFFICIENTS,1002444,P001_INFINITE_MEDIUM_COEFFICIENT,NOT_APPLICABLE,0.0068023980099502493,59.242823946406062,0
P001_G4_EM_COEFFICIENTS,1002445,P001_INFINITE_MEDIUM_COEFFICIENT,NOT_APPLICABLE,0.0068041671641791042,59.198868401725512,0
P001_G4_EM_COEFFICIENTS,1002446,P001_INFINITE_MEDIUM_COEFFICIENT,NOT_APPLICABLE,0.00680593631840796,59.154955367358497,0
P001_G4_EM_COEFFICIENTS,1002447,P001_INFINITE_MEDIUM_COEFFICIENT,NOT_APPLICABLE,0.0068077054726368158,59.111084796409301,0
P001_G4_EM_COEFFICIENTS,1002448,P001_INFINITE_MEDIUM_COEFFICIENT,NOT_APPLICABLE,0.0068094746268656716,59.067254418822245,0
P001_G4_EM_COEFFICIENTS,1002449,P001_INFINITE_MEDIUM_COEFFICIENT,NOT_APPLICABLE,0.0068112437810945274,59.023465105043215,0
P001_G4_EM_COEFFICIENTS,1002450,P001_INFINITE_MEDIUM_COEFFICIENT,NOT_APPLICABLE,0.0068130129353233832,58.979717971628261,0
P001_G4_EM_COEFFICIENTS,1002451,P001_INFINITE_MEDIUM_COEFFICIENT,NOT_APPLICABLE,0.006814782089552239,58.936010742538699,0
P001_G4_EM_COEFFICIENTS,1002452,P001_INFINITE_MEDIUM_COEFFICIENT,NOT_APPLICABLE,0.0068165512437810948,58.892345751229975,0
P001_G4_EM_COEFFICIENTS,1002453,P001_INFINITE_MEDIUM_COEFFICIENT,NOT_APPLICABLE,0.0068183203980099506,58.848722951090465,0
P001_G4_EM_COEFFICIENTS,1002454,P001_INFINITE_MEDIUM_COEFFICIENT,NOT_APPLICABLE,0.0068200895522388064,58.805142295557701,0
P001_G4_EM_COEFFICIENTS,1002455,P001_INFINITE_MEDIUM_COEFFICIENT,NOT_APPLICABLE,0.0068218587064676622,58.761603738118389,0
P001_G4_EM_COEFFICIENTS,1002456,P001_INFINITE_MEDIUM_COEFFICIENT,NOT_APPLICABLE,0.0068236278606965172,58.71810723230854,0
P001_G4_EM_COEFFICIENTS,1002457,P001_INFINITE_MEDIUM_COEFFICIENT,NOT_APPLICABLE,0.006825397014925373,58.674652731713174,0
P001_G4_EM_COEFFICIENTS,1002458,P001_INFINITE_MEDIUM_COEFFICIENT,NOT_APPLICABLE,0.0068271661691542288,58.631240189966682,0
P001_G4_EM_COEFFICIENTS,1002459,P001_INFINITE_MEDIUM_COEFFICIENT,NOT_APPLICABLE,0.0068289353233830846,58.587869560752388,0
P001_G4_EM_COEFFICIENTS,1002460,P001_INFINITE_MEDIUM_COEFFICIENT,NOT_APPLICABLE,0.0068307044776119404,58.544540797802831,0
P001_G4_EM_COEFFICIENTS,1002461,P001_INFINITE_MEDIUM_COEFFICIENT,NOT_APPLICABLE,0.0068324736318407962,58.501253854899623,0
P001_G4_EM_COEFFICIENTS,1002462,P001_INFINITE_MEDIUM_COEFFICIENT,NOT_APPLICABLE,0.006834242786069652,58.458008685873487,0
P001_G4_EM_COEFFICIENTS,1002463,P001_INFINITE_MEDIUM_COEFFICIENT,NOT_APPLICABLE,0.0068360119402985078,58.414805244604068,0
P001_G4_EM_COEFFICIENTS,1002464,P001_INFINITE_MEDIUM_COEFFICIENT,NOT_APPLICABLE,0.0068377810945273636,58.371647764017425,0
P001_G4_EM_COEFFICIENTS,1002465,P001_INFINITE_MEDIUM_COEFFICIENT,NOT_APPLICABLE,0.0068395502487562194,58.32843840752134,0
P001_G4_EM_COEFFICIENTS,1002466,P001_INFINITE_MEDIUM_COEFFICIENT,NOT_APPLICABLE,0.0068413194029850743,58.284983397341044,0
P001_G4_EM_COEFFICIENTS,1002467,P001_INFINITE_MEDIUM_COEFFICIENT,NOT_APPLICABLE,0.0068430885572139302,58.241571418892221,0
P001_G4_EM_COEFFICIENTS,1002468,P001_INFINITE_MEDIUM_COEFFICIENT,NOT_APPLICABLE,0.006844857711442786,58.198206312783071,0
P001_G4_EM_COEFFICIENTS,1002469,P001_INFINITE_MEDIUM_COEFFICIENT,NOT_APPLICABLE,0.0068466268656716418,58.154883231968995,0
P001_G4_EM_COEFFICIENTS,1002470,P001_INFINITE_MEDIUM_COEFFICIENT,NOT_APPLICABLE,0.0068483960199004976,58.111602129783975,0
P001_G4_EM_COEFFICIENTS,1002471,P001_INFINITE_MEDIUM_COEFFICIENT,NOT_APPLICABLE,0.0068501651741293534,58.068362959612308,0
P001_G4_EM_COEFFICIENTS,1002472,P001_INFINITE_MEDIUM_COEFFICIENT,NOT_APPLICABLE,0.0068519343283582092,58.025165674888839,0
P001_G4_EM_COEFFICIENTS,1002473,P001_INFINITE_MEDIUM_COEFFICIENT,NOT_APPLICABLE,0.006853703482587065,57.982010229098613,0
P001_G4_EM_COEFFICIENTS,1002474,P001_INFINITE_MEDIUM_COEFFICIENT,NOT_APPLICABLE,0.0068554726368159208,57.938896575777136,0
P001_G4_EM_COEFFICIENTS,1002475,P001_INFINITE_MEDIUM_COEFFICIENT,NOT_APPLICABLE,0.0068572417910447766,57.895824668510024,0
P001_G4_EM_COEFFICIENTS,1002476,P001_INFINITE_MEDIUM_COEFFICIENT,NOT_APPLICABLE,0.0068590109452736324,57.852632678879949,0
P001_G4_EM_COEFFICIENTS,1002477,P001_INFINITE_MEDIUM_COEFFICIENT,NOT_APPLICABLE,0.0068607800995024873,57.809452567975946,0
P001_G4_EM_COEFFICIENTS,1002478,P001_INFINITE_MEDIUM_COEFFICIENT,NOT_APPLICABLE,0.0068625492537313431,57.766314360471121,0
P001_G4_EM_COEFFICIENTS,1002479,P001_INFINITE_MEDIUM_COEFFICIENT,NOT_APPLICABLE,0.0068643184079601989,57.723218009694044,0
P001_G4_EM_COEFFICIENTS,1002480,P001_INFINITE_MEDIUM_COEFFICIENT,NOT_APPLICABLE,0.0068660875621890547,57.68016346902413,0
P001_G4_EM_COEFFICIENTS,1002481,P001_INFINITE_MEDIUM_COEFFICIENT,NOT_APPLICABLE,0.0068678567164179105,57.63715069189179,0
P001_G4_EM_COEFFICIENTS,1002482,P001_INFINITE_MEDIUM_COEFFICIENT,NOT_APPLICABLE,0.0068696258706467664,57.594381109483621,0
P001_G4_EM_COEFFICIENTS,1002483,P001_INFINITE_MEDIUM_COEFFICIENT,NOT_APPLICABLE,0.0068713950248756222,57.553063917641772,0
P001_G4_EM_COEFFICIENTS,1002484,P001_INFINITE_MEDIUM_COEFFICIENT,NOT_APPLICABLE,0.006873164179104478,57.511785860613927,0
P001_G4_EM_COEFFICIENTS,1002485,P001_INFINITE_MEDIUM_COEFFICIENT,NOT_APPLICABLE,0.0068749333333333338,57.470546895876396,0
P001_G4_EM_COEFFICIENTS,1002486,P001_INFINITE_MEDIUM_COEFFICIENT,NOT_APPLICABLE,0.0068767024875621896,57.429346980949674,0
P001_G4_EM_COEFFICIENTS,1002487,P001_INFINITE_MEDIUM_COEFFICIENT,NOT_APPLICABLE,0.0068784716417910445,57.388118966607642,0
P001_G4_EM_COEFFICIENTS,1002488,P001_INFINITE_MEDIUM_COEFFICIENT,NOT_APPLICABLE,0.0068802407960199003,57.346883968200999,0
P001_G4_EM_COEFFICIENTS,1002489,P001_INFINITE_MEDIUM_COEFFICIENT,NOT_APPLICABLE,0.0068820099502487561,57.305688066792513,0
P001_G4_EM_COEFFICIENTS,1002490,P001_INFINITE_MEDIUM_COEFFICIENT,NOT_APPLICABLE,0.0068837791044776119,57.264531219810436,0
P001_G4_EM_COEFFICIENTS,1002491,P001_INFINITE_MEDIUM_COEFFICIENT,NOT_APPLICABLE,0.0068855482587064677,57.223413384727515,0
P001_G4_EM_COEFFICIENTS,1002492,P001_INFINITE_MEDIUM_COEFFICIENT,NOT_APPLICABLE,0.0068873174129353235,57.182334519061087,0
P001_G4_EM_COEFFICIENTS,1002493,P001_INFINITE_MEDIUM_COEFFICIENT,NOT_APPLICABLE,0.0068890865671641793,57.141214596890954,0
P001_G4_EM_COEFFICIENTS,1002494,P001_INFINITE_MEDIUM_COEFFICIENT,NOT_APPLICABLE,0.0068908557213930351,57.100055593194817,0
P001_G4_EM_COEFFICIENTS,1002495,P001_INFINITE_MEDIUM_COEFFICIENT,NOT_APPLICABLE,0.0068926248756218909,57.058934567618842,0
P001_G4_EM_COEFFICIENTS,1002496,P001_INFINITE_MEDIUM_COEFFICIENT,NOT_APPLICABLE,0.0068943940298507467,57.017851947767383,0
P001_G4_EM_COEFFICIENTS,1002497,P001_INFINITE_MEDIUM_COEFFICIENT,NOT_APPLICABLE,0.0068961631840796025,56.976808330741008,0
P001_G4_EM_COEFFICIENTS,1002498,P001_INFINITE_MEDIUM_COEFFICIENT,NOT_APPLICABLE,0.0068979323383084575,56.93580367394658,0
P001_G4_EM_COEFFICIENTS,1002499,P001_INFINITE_MEDIUM_COEFFICIENT,NOT_APPLICABLE,0.0068997014925373133,56.894837934836055,0
P001_G4_EM_COEFFICIENTS,1002500,P001_INFINITE_MEDIUM_COEFFICIENT,NOT_APPLICABLE,0.0069014706467661691,56.853911070906314,0
P001_G4_EM_COEFFICIENTS,1002501,P001_INFINITE_MEDIUM_COEFFICIENT,NOT_APPLICABLE,0.0069032398009950249,56.813023039699324,0
P001_G4_EM_COEFFICIENTS,1002502,P001_INFINITE_MEDIUM_COEFFICIENT,NOT_APPLICABLE,0.0069050089552238807,56.772152503383552,0
P001_G4_EM_COEFFICIENTS,1002503,P001_INFINITE_MEDIUM_COEFFICIENT,NOT_APPLICABLE,0.0069067781094527365,56.731257411157266,0
P001_G4_EM_COEFFICIENTS,1002504,P001_INFINITE_MEDIUM_COEFFICIENT,NOT_APPLICABLE,0.0069085472636815923,56.690401154510567,0
P001_G4_EM_COEFFICIENTS,1002505,P001_INFINITE_MEDIUM_COEFFICIENT,NOT_APPLICABLE,0.0069103164179104481,56.649583690965592,0
P001_G4_EM_COEFFICIENTS,1002506,P001_INFINITE_MEDIUM_COEFFICIENT,NOT_APPLICABLE,0.0069120855721393039,56.608804978089637,0
P001_G4_EM_COEFFICIENTS,1002507,P001_INFINITE_MEDIUM_COEFFICIENT,NOT_APPLICABLE,0.0069138547263681597,56.568064415821112,0
P001_G4_EM_COEFFICIENTS,1002508,P001_INFINITE_MEDIUM_COEFFICIENT,NOT_APPLICABLE,0.0069156238805970147,56.527361188246353,0
P001_G4_EM_COEFFICIENTS,1002509,P001_INFINITE_MEDIUM_COEFFICIENT,NOT_APPLICABLE,0.0069173930348258705,56.486696587212073,0
P001_G4_EM_COEFFICIENTS,1002510,P001_INFINITE_MEDIUM_COEFFICIENT,NOT_APPLICABLE,0.0069191621890547263,56.44590072292997,0
P001_G4_EM_COEFFICIENTS,1002511,P001_INFINITE_MEDIUM_COEFFICIENT,NOT_APPLICABLE,0.0069209313432835821,56.404961041043116,0
P001_G4_EM_COEFFICIENTS,1002512,P001_INFINITE_MEDIUM_COEFFICIENT,NOT_APPLICABLE,0.0069227004975124379,56.36406039589054,0
P001_G4_EM_COEFFICIENTS,1002513,P001_INFINITE_MEDIUM_COEFFICIENT,NOT_APPLICABLE,0.0069244696517412937,56.323198744530828,0
P001_G4_EM_COEFFICIENTS,1002514,P001_INFINITE_MEDIUM_COEFFICIENT,NOT_APPLICABLE,0.0069262388059701495,56.282376044069146,0
P001_G4_EM_COEFFICIENTS,1002515,P001_INFINITE_MEDIUM_COEFFICIENT,NOT_APPLICABLE,0.0069280079601990053,56.24159225165689,0
P001_G4_EM_COEFFICIENTS,1002516,P001_INFINITE_MEDIUM_COEFFICIENT,NOT_APPLICABLE,0.0069297771144278611,56.200847324491967,0
P001_G4_EM_COEFFICIENTS,1002517,P001_INFINITE_MEDIUM_COEFFICIENT,NOT_APPLICABLE,0.0069315462686567169,56.160141219818669,0
P001_G4_EM_COEFFICIENTS,1002518,P001_INFINITE_MEDIUM_COEFFICIENT,NOT_APPLICABLE,0.0069333154228855727,56.119473894927559,0
P001_G4_EM_COEFFICIENTS,1002519,P001_INFINITE_MEDIUM_COEFFICIENT,NOT_APPLICABLE,0.0069350845771144276,56.078845307155611,0
P001_G4_EM_COEFFICIENTS,1002520,P001_INFINITE_MEDIUM_COEFFICIENT,NOT_APPLICABLE,0.0069368537313432834,56.038255413885949,0
P001_G4_EM_COEFFICIENTS,1002521,P001_INFINITE_MEDIUM_COEFFICIENT,NOT_APPLICABLE,0.0069386228855721392,55.997704172548055,0
P001_G4_EM_COEFFICIENTS,1002522,P001_INFINITE_MEDIUM_COEFFICIENT,NOT_APPLICABLE,0.0069403920398009951,55.957191540617686,0
P001_G4_EM_COEFFICIENTS,1002523,P001_INFINITE_MEDIUM_COEFFICIENT,NOT_APPLICABLE,0.0069421611940298509,55.916717475616728,0
P001_G4_EM_COEFFICIENTS,1002524,P001_INFINITE_MEDIUM_COEFFICIENT,NOT_APPLICABLE,0.0069439303482587067,55.876273928497284,0
P001_G4_EM_COEFFICIENTS,1002525,P001_INFINITE_MEDIUM_COEFFICIENT,NOT_APPLICABLE,0.0069456995024875625,55.835866338743251,0
P001_G4_EM_COEFFICIENTS,1002526,P001_INFINITE_MEDIUM_COEFFICIENT,NOT_APPLICABLE,0.0069474686567164183,55.795497200828692,0
P001_G4_EM_COEFFICIENTS,1002527,P001_INFINITE_MEDIUM_COEFFICIENT,NOT_APPLICABLE,0.0069492378109452741,55.755166472444614,0
P001_G4_EM_COEFFICIENTS,1002528,P001_INFINITE_MEDIUM_COEFFICIENT,NOT_APPLICABLE,0.0069510069651741299,55.714874111328363,0
P001_G4_EM_COEFFICIENTS,1002529,P001_INFINITE_MEDIUM_COEFFICIENT,NOT_APPLICABLE,0.0069527761194029848,55.674620075263114,0
P001_G4_EM_COEFFICIENTS,1002530,P001_INFINITE_MEDIUM_COEFFICIENT,NOT_APPLICABLE,0.0069545452736318406,55.634404322078161,0
P001_G4_EM_COEFFICIENTS,1002531,P001_INFINITE_MEDIUM_COEFFICIENT,NOT_APPLICABLE,0.0069563144278606964,55.594226809648859,0
P001_G4_EM_COEFFICIENTS,1002532,P001_INFINITE_MEDIUM_COEFFICIENT,NOT_APPLICABLE,0.0069580835820895522,55.554087495896496,0
P001_G4_EM_COEFFICIENTS,1002533,P001_INFINITE_MEDIUM_COEFFICIENT,NOT_APPLICABLE,0.006959852736318408,55.513986338788321,0
P001_G4_EM_COEFFICIENTS,1002534,P001_INFINITE_MEDIUM_COEFFICIENT,NOT_APPLICABLE,0.0069616218905472638,55.473923162518737,0
P001_G4_EM_COEFFICIENTS,1002535,P001_INFINITE_MEDIUM_COEFFICIENT,NOT_APPLICABLE,0.0069633910447761196,55.43389776665007,0
P001_G4_EM_COEFFICIENTS,1002536,P001_INFINITE_MEDIUM_COEFFICIENT,NOT_APPLICABLE,0.0069651601990049754,55.393793952561282,0
P001_G4_EM_COEFFICIENTS,1002537,P001_INFINITE_MEDIUM_COEFFICIENT,NOT_APPLICABLE,0.0069669293532338313,55.353477634448481,0
P001_G4_EM_COEFFICIENTS,1002538,P001_INFINITE_MEDIUM_COEFFICIENT,NOT_APPLICABLE,0.0069686985074626871,55.313198866418567,0
P001_G4_EM_COEFFICIENTS,1002539,P001_INFINITE_MEDIUM_COEFFICIENT,NOT_APPLICABLE,0.0069704676616915429,55.272958553325196,0
P001_G4_EM_COEFFICIENTS,1002540,P001_INFINITE_MEDIUM_COEFFICIENT,NOT_APPLICABLE,0.0069722368159203978,55.232756663188276,0
P001_G4_EM_COEFFICIENTS,1002541,P001_INFINITE_MEDIUM_COEFFICIENT,NOT_APPLICABLE,0.0069740059701492536,55.192593153490428,0
P001_G4_EM_COEFFICIENTS,1002542,P001_INFINITE_MEDIUM_COEFFICIENT,NOT_APPLICABLE,0.0069757751243781094,55.152466912429652,0
P001_G4_EM_COEFFICIENTS,1002543,P001_INFINITE_MEDIUM_COEFFICIENT,NOT_APPLICABLE,0.0069775442786069652,55.112376093191784,0
P001_G4_EM_COEFFICIENTS,1002544,P001_INFINITE_MEDIUM_COEFFICIENT,NOT_APPLICABLE,0.006979313432835821,55.072323531121192,0
P001_G4_EM_COEFFICIENTS,1002545,P001_INFINITE_MEDIUM_COEFFICIENT,NOT_APPLICABLE,0.0069810825870646768,55.032309183884344,0
P001_G4_EM_COEFFICIENTS,1002546,P001_INFINITE_MEDIUM_COEFFICIENT,NOT_APPLICABLE,0.0069828517412935326,54.992249171850347,0
P001_G4_EM_COEFFICIENTS,1002547,P001_INFINITE_MEDIUM_COEFFICIENT,NOT_APPLICABLE,0.0069846208955223884,54.952169314319811,0
P001_G4_EM_COEFFICIENTS,1002548,P001_INFINITE_MEDIUM_COEFFICIENT,NOT_APPLICABLE,0.0069863900497512442,54.912126818809014,0
P001_G4_EM_COEFFICIENTS,1002549,P001_INFINITE_MEDIUM_COEFFICIENT,NOT_APPLICABLE,0.0069881592039801,54.872122585814573,0
P001_G4_EM_COEFFICIENTS,1002550,P001_INFINITE_MEDIUM_COEFFICIENT,NOT_APPLICABLE,0.0069899283582089558,54.832102131791437,0
P001_G4_EM_COEFFICIENTS,1002551,P001_INFINITE_MEDIUM_COEFFICIENT,NOT_APPLICABLE,0.0069916975124378108,54.792113159012544,0
P001_G4_EM_COEFFICIENTS,1002552,P001_INFINITE_MEDIUM_COEFFICIENT,NOT_APPLICABLE,0.0069934666666666666,54.752160360363824,0
P001_G4_EM_COEFFICIENTS,1002553,P001_INFINITE_MEDIUM_COEFFICIENT,NOT_APPLICABLE,0.0069952358208955224,54.712202643169469,0
P001_G4_EM_COEFFICIENTS,1002554,P001_INFINITE_MEDIUM_COEFFICIENT,NOT_APPLICABLE,0.0069970049751243782,54.672283719271853,0
P001_G4_EM_COEFFICIENTS,1002555,P001_INFINITE_MEDIUM_COEFFICIENT,NOT_APPLICABLE,0.006998774129353234,54.632360892015363,0
P001_G4_EM_COEFFICIENTS,1002556,P001_INFINITE_MEDIUM_COEFFICIENT,NOT_APPLICABLE,0.0070005432835820898,54.592285321813868,0
P001_G4_EM_COEFFICIENTS,1002557,P001_INFINITE_MEDIUM_COEFFICIENT,NOT_APPLICABLE,0.0070023124378109456,54.552248167748836,0
P001_G4_EM_COEFFICIENTS,1002558,P001_INFINITE_MEDIUM_COEFFICIENT,NOT_APPLICABLE,0.0070040815920398014,54.512249126575945,0
P001_G4_EM_COEFFICIENTS,1002559,P001_INFINITE_MEDIUM_COEFFICIENT,NOT_APPLICABLE,0.0070058507462686572,54.472288435773351,0
P001_G4_EM_COEFFICIENTS,1002560,P001_INFINITE_MEDIUM_COEFFICIENT,NOT_APPLICABLE,0.007007619900497513,54.432366052614185,0
P001_G4_EM_COEFFICIENTS,1002561,P001_INFINITE_MEDIUM_COEFFICIENT,NOT_APPLICABLE,0.0070093890547263688,54.392481934419983,0
P001_G4_EM_COEFFICIENTS,1002562,P001_INFINITE_MEDIUM_COEFFICIENT,NOT_APPLICABLE,0.0070111582089552238,54.352636038560568,0
P001_G4_EM_COEFFICIENTS,1002563,P001_INFINITE_MEDIUM_COEFFICIENT,NOT_APPLICABLE,0.0070129273631840796,54.312828322453989,0
P001_G4_EM_COEFFICIENTS,1002564,P001_INFINITE_MEDIUM_COEFFICIENT,NOT_APPLICABLE,0.0070146965174129354,54.273058743566573,0
P001_G4_EM_COEFFICIENTS,1002565,P001_INFINITE_MEDIUM_COEFFICIENT,NOT_APPLICABLE,0.0070164656716417912,54.233326628481613,0
P001_G4_EM_COEFFICIENTS,1002566,P001_INFINITE_MEDIUM_COEFFICIENT,NOT_APPLICABLE,0.007018234825870647,54.193631600100559,0
P001_G4_EM_COEFFICIENTS,1002567,P001_INFINITE_MEDIUM_COEFFICIENT,NOT_APPLICABLE,0.0070200039800995028,54.153974583236028,0
P001_G4_EM_COEFFICIENTS,1002568,P001_INFINITE_MEDIUM_COEFFICIENT,NOT_APPLICABLE,0.0070217731343283586,54.114355535545116,0
P001_G4_EM_COEFFICIENTS,1002569,P001_INFINITE_MEDIUM_COEFFICIENT,NOT_APPLICABLE,0.0070235422885572144,54.0747744147329,0
P001_G4_EM_COEFFICIENTS,1002570,P001_INFINITE_MEDIUM_COEFFICIENT,NOT_APPLICABLE,0.0070253114427860702,54.035231178552614,0
P001_G4_EM_COEFFICIENTS,1002571,P001_INFINITE_MEDIUM_COEFFICIENT,NOT_APPLICABLE,0.007027080597014926,53.995725784805309,0
P001_G4_EM_COEFFICIENTS,1002572,P001_INFINITE_MEDIUM_COEFFICIENT,NOT_APPLICABLE,0.0070288497512437809,53.956258748839993,0
P001_G4_EM_COEFFICIENTS,1002573,P001_INFINITE_MEDIUM_COEFFICIENT,NOT_APPLICABLE,0.0070306189054726367,53.916829476758501,0
P001_G4_EM_COEFFICIENTS,1002574,P001_INFINITE_MEDIUM_COEFFICIENT,NOT_APPLICABLE,0.0070323880597014925,53.877437920234129,0
P001_G4_EM_COEFFICIENTS,1002575,P001_INFINITE_MEDIUM_COEFFICIENT,NOT_APPLICABLE,0.0070341572139303483,53.837891842220699,0
P001_G4_EM_COEFFICIENTS,1002576,P001_INFINITE_MEDIUM_COEFFICIENT,NOT_APPLICABLE,0.0070359263681592042,53.798318608643676,0
P001_G4_EM_COEFFICIENTS,1002577,P001_INFINITE_MEDIUM_COEFFICIENT,NOT_APPLICABLE,0.00703769552238806,53.75878335232742,0
P001_G4_EM_COEFFICIENTS,1002578,P001_INFINITE_MEDIUM_COEFFICIENT,NOT_APPLICABLE,0.0070394646766169158,53.719286030824094,0
P001_G4_EM_COEFFICIENTS,1002579,P001_INFINITE_MEDIUM_COEFFICIENT,NOT_APPLICABLE,0.0070412338308457716,53.679826601734568,0
P001_G4_EM_COEFFICIENTS,1002580,P001_INFINITE_MEDIUM_COEFFICIENT,NOT_APPLICABLE,0.0070430029850746274,53.640410992286832,0
P001_G4_EM_COEFFICIENTS,1002581,P001_INFINITE_MEDIUM_COEFFICIENT,NOT_APPLICABLE,0.0070447721393034832,53.601035144032451,0
P001_G4_EM_COEFFICIENTS,1002582,P001_INFINITE_MEDIUM_COEFFICIENT,NOT_APPLICABLE,0.007046541293532339,53.561697050562323,0
P001_G4_EM_COEFFICIENTS,1002583,P001_INFINITE_MEDIUM_COEFFICIENT,NOT_APPLICABLE,0.0070483104477611939,53.522396669686721,0
P001_G4_EM_COEFFICIENTS,1002584,P001_INFINITE_MEDIUM_COEFFICIENT,NOT_APPLICABLE,0.0070500796019900497,53.483133959264237,0
P001_G4_EM_COEFFICIENTS,1002585,P001_INFINITE_MEDIUM_COEFFICIENT,NOT_APPLICABLE,0.0070518487562189055,53.443907858737717,0
P001_G4_EM_COEFFICIENTS,1002586,P001_INFINITE_MEDIUM_COEFFICIENT,NOT_APPLICABLE,0.0070536179104477613,53.404719266966815,0
P001_G4_EM_COEFFICIENTS,1002587,P001_INFINITE_MEDIUM_COEFFICIENT,NOT_APPLICABLE,0.0070553870646766171,53.366551371410246,0
P001_G4_EM_COEFFICIENTS,1002588,P001_INFINITE_MEDIUM_COEFFICIENT,NOT_APPLICABLE,0.0070571562189054729,53.329183273561405,0
P001_G4_EM_COEFFICIENTS,1002589,P001_INFINITE_MEDIUM_COEFFICIENT,NOT_APPLICABLE,0.0070589253731343287,53.291850013387531,0
P001_G4_EM_COEFFICIENTS,1002590,P001_INFINITE_MEDIUM_COEFFICIENT,NOT_APPLICABLE,0.0070606945273631845,53.254527708444698,0
P001_G4_EM_COEFFICIENTS,1002591,P001_INFINITE_MEDIUM_COEFFICIENT,NOT_APPLICABLE,0.0070624636815920403,53.217220804184777,0
P001_G4_EM_COEFFICIENTS,1002592,P001_INFINITE_MEDIUM_COEFFICIENT,NOT_APPLICABLE,0.0070642328358208962,53.17994869191886,0
P001_G4_EM_COEFFICIENTS,1002593,P001_INFINITE_MEDIUM_COEFFICIENT,NOT_APPLICABLE,0.0070660019900497511,53.142481608565276,0
P001_G4_EM_COEFFICIENTS,1002594,P001_INFINITE_MEDIUM_COEFFICIENT,NOT_APPLICABLE,0.0070677711442786069,53.104956452395541,0
P001_G4_EM_COEFFICIENTS,1002595,P001_INFINITE_MEDIUM_COEFFICIENT,NOT_APPLICABLE,0.0070695402985074627,53.067466458898124,0
P001_G4_EM_COEFFICIENTS,1002596,P001_INFINITE_MEDIUM_COEFFICIENT,NOT_APPLICABLE,0.0070713094527363185,53.030011589582038,0
P001_G4_EM_COEFFICIENTS,1002597,P001_INFINITE_MEDIUM_COEFFICIENT,NOT_APPLICABLE,0.0070730786069651743,52.992591805999041,0
P001_G4_EM_COEFFICIENTS,1002598,P001_INFINITE_MEDIUM_COEFFICIENT,NOT_APPLICABLE,0.0070748477611940301,52.955207069743587,0
P001_G4_EM_COEFFICIENTS,1002599,P001_INFINITE_MEDIUM_COEFFICIENT,NOT_APPLICABLE,0.0070766169154228859,52.917857342452862,0
P001_G4_EM_COEFFICIENTS,1002600,P001_INFINITE_MEDIUM_COEFFICIENT,NOT_APPLICABLE,0.0070783860696517417,52.880542585806801,0
P001_G4_EM_COEFFICIENTS,1002601,P001_INFINITE_MEDIUM_COEFFICIENT,NOT_APPLICABLE,0.0070801552238805975,52.843271402912166,0
P001_G4_EM_COEFFICIENTS,1002602,P001_INFINITE_MEDIUM_COEFFICIENT,NOT_APPLICABLE,0.0070819243781094533,52.806048385244523,0
P001_G4_EM_COEFFICIENTS,1002603,P001_INFINITE_MEDIUM_COEFFICIENT,NOT_APPLICABLE,0.0070836935323383091,52.768860202880077,0
P001_G4_EM_COEFFICIENTS,1002604,P001_INFINITE_MEDIUM_COEFFICIENT,NOT_APPLICABLE,0.0070854626865671641,52.731706817690757,0
P001_G4_EM_COEFFICIENTS,1002605,P001_INFINITE_MEDIUM_COEFFICIENT,NOT_APPLICABLE,0.0070872318407960199,52.694588191591059,0
P001_G4_EM_COEFFICIENTS,1002606,P001_INFINITE_MEDIUM_COEFFICIENT,NOT_APPLICABLE,0.0070890009950248757,52.657504286537943,0
P001_G4_EM_COEFFICIENTS,1002607,P001_INFINITE_MEDIUM_COEFFICIENT,NOT_APPLICABLE,0.0070907701492537315,52.620455064530795,0
P001_G4_EM_COEFFICIENTS,1002608,P001_INFINITE_MEDIUM_COEFFICIENT,NOT_APPLICABLE,0.0070925393034825873,52.58344048761127,0
P001_G4_EM_COEFFICIENTS,1002609,P001_INFINITE_MEDIUM_COEFFICIENT,NOT_APPLICABLE,0.0070943084577114431,52.546460517863494,0
P001_G4_EM_COEFFICIENTS,1002610,P001_INFINITE_MEDIUM_COEFFICIENT,NOT_APPLICABLE,0.0070960776119402989,52.509515117413926,0
P001_G4_EM_COEFFICIENTS,1002611,P001_INFINITE_MEDIUM_COEFFICIENT,NOT_APPLICABLE,0.0070978467661691547,52.472604248431217,0
P001_G4_EM_COEFFICIENTS,1002612,P001_INFINITE_MEDIUM_COEFFICIENT,NOT_APPLICABLE,0.0070996159203980105,52.435727873126353,0
P001_G4_EM_COEFFICIENTS,1002613,P001_INFINITE_MEDIUM_COEFFICIENT,NOT_APPLICABLE,0.0071013850746268663,52.398885953752519,0
P001_G4_EM_COEFFICIENTS,1002614,P001_INFINITE_MEDIUM_COEFFICIENT,NOT_APPLICABLE,0.0071031542288557212,52.362078452605118,0
P001_G4_EM_COEFFICIENTS,1002615,P001_INFINITE_MEDIUM_COEFFICIENT,NOT_APPLICABLE,0.007104923383084577,52.325305926252341,0
P001_G4_EM_COEFFICIENTS,1002616,P001_INFINITE_MEDIUM_COEFFICIENT,NOT_APPLICABLE,0.0071066925373134329,52.288567845451617,0
P001_G4_EM_COEFFICIENTS,1002617,P001_INFINITE_MEDIUM_COEFFICIENT,NOT_APPLICABLE,0.0071084616915422887,52.251864065106268,0
P001_G4_EM_COEFFICIENTS,1002618,P001_INFINITE_MEDIUM_COEFFICIENT,NOT_APPLICABLE,0.0071102308457711445,52.215194551552287,0
P001_G4_EM_COEFFICIENTS,1002619,P001_INFINITE_MEDIUM_COEFFICIENT,NOT_APPLICABLE,0.0071120000000000003,52.178559267297125,0
P001_G4_EM_COEFFICIENTS,1002620,P001_INFINITE_MEDIUM_COEFFICIENT,NOT_APPLICABLE,0.0071137691542288561,52.141958368322989,0
P001_G4_EM_COEFFICIENTS,1002621,P001_INFINITE_MEDIUM_COEFFICIENT,NOT_APPLICABLE,0.0071155383084577119,52.105391602366076,0
P001_G4_EM_COEFFICIENTS,1002622,P001_INFINITE_MEDIUM_COEFFICIENT,NOT_APPLICABLE,0.0071173074626865677,54.359616897108218,0
P001_G4_EM_COEFFICIENTS,1002623,P001_INFINITE_MEDIUM_COEFFICIENT,NOT_APPLICABLE,0.0071190766169154235,54.321945786214272,0
P001_G4_EM_COEFFICIENTS,1002624,P001_INFINITE_MEDIUM_COEFFICIENT,NOT_APPLICABLE,0.0071208457711442793,54.284308752251384,0
P001_G4_EM_COEFFICIENTS,1002625,P001_INFINITE_MEDIUM_COEFFICIENT,NOT_APPLICABLE,0.0071226149253731342,54.24649881520611,0
P001_G4_EM_COEFFICIENTS,1002626,P001_INFINITE_MEDIUM_COEFFICIENT,NOT_APPLICABLE,0.00712438407960199,54.2085664430668,0
P001_G4_EM_COEFFICIENTS,1002627,P001_INFINITE_MEDIUM_COEFFICIENT,NOT_APPLICABLE,0.0071261532338308458,54.170668585619602,0
P001_G4_EM_COEFFICIENTS,1002628,P001_INFINITE_MEDIUM_COEFFICIENT,NOT_APPLICABLE,0.0071279223880597016,54.132805207628259,0
P001_G4_EM_COEFFICIENTS,1002629,P001_INFINITE_MEDIUM_COEFFICIENT,NOT_APPLICABLE,0.0071296915422885574,54.094976273888669,0
P001_G4_EM_COEFFICIENTS,1002630,P001_INFINITE_MEDIUM_COEFFICIENT,NOT_APPLICABLE,0.0071314606965174132,54.05718174922854,0
P001_G4_EM_COEFFICIENTS,1002631,P001_INFINITE_MEDIUM_COEFFICIENT,NOT_APPLICABLE,0.0071332298507462691,54.019421598507648,0
P001_G4_EM_COEFFICIENTS,1002632,P001_INFINITE_MEDIUM_COEFFICIENT,NOT_APPLICABLE,0.0071349990049751249,53.981695786617742,0
P001_G4_EM_COEFFICIENTS,1002633,P001_INFINITE_MEDIUM_COEFFICIENT,NOT_APPLICABLE,0.0071367681592039807,53.943984849588574,0
P001_G4_EM_COEFFICIENTS,1002634,P001_INFINITE_MEDIUM_COEFFICIENT,NOT_APPLICABLE,0.0071385373134328365,53.906244066908506,0
P001_G4_EM_COEFFICIENTS,1002635,P001_INFINITE_MEDIUM_COEFFICIENT,NOT_APPLICABLE,0.0071403064676616914,53.868537642100087,0
P001_G4_EM_COEFFICIENTS,1002636,P001_INFINITE_MEDIUM_COEFFICIENT,NOT_APPLICABLE,0.0071420756218905472,53.830838474201443,0
P001_G4_EM_COEFFICIENTS,1002637,P001_INFINITE_MEDIUM_COEFFICIENT,NOT_APPLICABLE,0.007143844776119403,53.793161593441177,0
P001_G4_EM_COEFFICIENTS,1002638,P001_INFINITE_MEDIUM_COEFFICIENT,NOT_APPLICABLE,0.0071456139303482588,53.755505495260522,0
P001_G4_EM_COEFFICIENTS,1002639,P001_INFINITE_MEDIUM_COEFFICIENT,NOT_APPLICABLE,0.0071473830845771146,53.717834602257227,0
P001_G4_EM_COEFFICIENTS,1002640,P001_INFINITE_MEDIUM_COEFFICIENT,NOT_APPLICABLE,0.0071491522388059704,53.679961151868348,0
P001_G4_EM_COEFFICIENTS,1002641,P001_INFINITE_MEDIUM_COEFFICIENT,NOT_APPLICABLE,0.0071509213930348262,53.642122361927477,0
P001_G4_EM_COEFFICIENTS,1002642,P001_INFINITE_MEDIUM_COEFFICIENT,NOT_APPLICABLE,0.007152690547263682,53.604318196694209,0
P001_G4_EM_COEFFICIENTS,1002643,P001_INFINITE_MEDIUM_COEFFICIENT,NOT_APPLICABLE,0.0071544597014925378,53.566548620461617,0
P001_G4_EM_COEFFICIENTS,1002644,P001_INFINITE_MEDIUM_COEFFICIENT,NOT_APPLICABLE,0.0071562288557213936,53.528813597556294,0
P001_G4_EM_COEFFICIENTS,1002645,P001_INFINITE_MEDIUM_COEFFICIENT,NOT_APPLICABLE,0.0071579980099502494,53.49111309233853,0
P001_G4_EM_COEFFICIENTS,1002646,P001_INFINITE_MEDIUM_COEFFICIENT,NOT_APPLICABLE,0.0071597671641791044,53.45344706920212,0
P001_G4_EM_COEFFICIENTS,1002647,P001_INFINITE_MEDIUM_COEFFICIENT,NOT_APPLICABLE,0.0071615363184079602,53.41581549257436,0
P001_G4_EM_COEFFICIENTS,1002648,P001_INFINITE_MEDIUM_COEFFICIENT,NOT_APPLICABLE,0.007163305472636816,53.37821832691607,0
P001_G4_EM_COEFFICIENTS,1002649,P001_INFINITE_MEDIUM_COEFFICIENT,NOT_APPLICABLE,0.0071650746268656718,53.340655536721819,0
P001_G4_EM_COEFFICIENTS,1002650,P001_INFINITE_MEDIUM_COEFFICIENT,NOT_APPLICABLE,0.0071668437810945276,53.303127086519524,0
P001_G4_EM_COEFFICIENTS,1002651,P001_INFINITE_MEDIUM_COEFFICIENT,NOT_APPLICABLE,0.0071686129353233834,53.265632940870681,0
P001_G4_EM_COEFFICIENTS,1002652,P001_INFINITE_MEDIUM_COEFFICIENT,NOT_APPLICABLE,0.0071703820895522392,53.228173064370424,0
P001_G4_EM_COEFFICIENTS,1002653,P001_INFINITE_MEDIUM_COEFFICIENT,NOT_APPLICABLE,0.007172151243781095,53.190747421647309,0
P001_G4_EM_COEFFICIENTS,1002654,P001_INFINITE_MEDIUM_COEFFICIENT,NOT_APPLICABLE,0.0071739203980099508,53.153355977363475,0
P001_G4_EM_COEFFICIENTS,1002655,P001_INFINITE_MEDIUM_COEFFICIENT,NOT_APPLICABLE,0.0071756895522388066,53.115998696214561,0
P001_G4_EM_COEFFICIENTS,1002656,P001_INFINITE_MEDIUM_COEFFICIENT,NOT_APPLICABLE,0.0071774587064676616,53.078676539397435,0
P001_G4_EM_COEFFICIENTS,1002657,P001_INFINITE_MEDIUM_COEFFICIENT,NOT_APPLICABLE,0.0071792278606965174,53.041389898273856,0
P001_G4_EM_COEFFICIENTS,1002658,P001_INFINITE_MEDIUM_COEFFICIENT,NOT_APPLICABLE,0.0071809970149253732,53.004137312189066,0
P001_G4_EM_COEFFICIENTS,1002659,P001_INFINITE_MEDIUM_COEFFICIENT,NOT_APPLICABLE,0.007182766169154229,52.966918745217235,0
P001_G4_EM_COEFFICIENTS,1002660,P001_INFINITE_MEDIUM_COEFFICIENT,NOT_APPLICABLE,0.0071845353233830848,52.92973416289837,0
P001_G4_EM_COEFFICIENTS,1002661,P001_INFINITE_MEDIUM_COEFFICIENT,NOT_APPLICABLE,0.0071863044776119406,52.892583530216591,0
P001_G4_EM_COEFFICIENTS,1002662,P001_INFINITE_MEDIUM_COEFFICIENT,NOT_APPLICABLE,0.0071880736318407964,52.855466812104673,0
P001_G4_EM_COEFFICIENTS,1002663,P001_INFINITE_MEDIUM_COEFFICIENT,NOT_APPLICABLE,0.0071898427860696522,52.81838397352891,0
P001_G4_EM_COEFFICIENTS,1002664,P001_INFINITE_MEDIUM_COEFFICIENT,NOT_APPLICABLE,0.007191611940298508,52.781334979489046,0
P001_G4_EM_COEFFICIENTS,1002665,P001_INFINITE_MEDIUM_COEFFICIENT,NOT_APPLICABLE,0.0071933810945273638,52.744319795018278,0
P001_G4_EM_COEFFICIENTS,1002666,P001_INFINITE_MEDIUM_COEFFICIENT,NOT_APPLICABLE,0.0071951502487562196,52.707338385183327,0
P001_G4_EM_COEFFICIENTS,1002667,P001_INFINITE_MEDIUM_COEFFICIENT,NOT_APPLICABLE,0.0071969194029850745,52.670390715084302,0
P001_G4_EM_COEFFICIENTS,1002668,P001_INFINITE_MEDIUM_COEFFICIENT,NOT_APPLICABLE,0.0071986885572139303,52.633476749854736,0
P001_G4_EM_COEFFICIENTS,1002669,P001_INFINITE_MEDIUM_COEFFICIENT,NOT_APPLICABLE,0.0072004577114427861,52.596596454661729,0
P001_G4_EM_COEFFICIENTS,1002670,P001_INFINITE_MEDIUM_COEFFICIENT,NOT_APPLICABLE,0.0072022268656716419,52.559749794705631,0
P001_G4_EM_COEFFICIENTS,1002671,P001_INFINITE_MEDIUM_COEFFICIENT,NOT_APPLICABLE,0.0072039960199004978,52.522936735220377,0
P001_G4_EM_COEFFICIENTS,1002672,P001_INFINITE_MEDIUM_COEFFICIENT,NOT_APPLICABLE,0.0072057651741293536,52.486157241473236,0
P001_G4_EM_COEFFICIENTS,1002673,P001_INFINITE_MEDIUM_COEFFICIENT,NOT_APPLICABLE,0.0072075343283582094,52.449411278764913,0
P001_G4_EM_COEFFICIENTS,1002674,P001_INFINITE_MEDIUM_COEFFICIENT,NOT_APPLICABLE,0.0072093034825870652,52.412698812429483,0
P001_G4_EM_COEFFICIENTS,1002675,P001_INFINITE_MEDIUM_COEFFICIENT,NOT_APPLICABLE,0.007211072636815921,52.376019807834524,0
P001_G4_EM_COEFFICIENTS,1002676,P001_INFINITE_MEDIUM_COEFFICIENT,NOT_APPLICABLE,0.0072128417910447768,52.339218823747743,0
P001_G4_EM_COEFFICIENTS,1002677,P001_INFINITE_MEDIUM_COEFFICIENT,NOT_APPLICABLE,0.0072146109452736326,52.302115484576881,0
P001_G4_EM_COEFFICIENTS,1002678,P001_INFINITE_MEDIUM_COEFFICIENT,NOT_APPLICABLE,0.0072163800995024875,52.265044901833264,0
P001_G4_EM_COEFFICIENTS,1002679,P001_INFINITE_MEDIUM_COEFFICIENT,NOT_APPLICABLE,0.0072181492537313433,52.228008362153666,0
P001_G4_EM_COEFFICIENTS,1002680,P001_INFINITE_MEDIUM_COEFFICIENT,NOT_APPLICABLE,0.0072199184079601991,52.191005830017438,0
P001_G4_EM_COEFFICIENTS,1002681,P001_INFINITE_MEDIUM_COEFFICIENT,NOT_APPLICABLE,0.0072216875621890549,52.154037269939003,0
P001_G4_EM_COEFFICIENTS,1002682,P001_INFINITE_MEDIUM_COEFFICIENT,NOT_APPLICABLE,0.0072234567164179107,52.117102646467956,0
P001_G4_EM_COEFFICIENTS,1002683,P001_INFINITE_MEDIUM_COEFFICIENT,NOT_APPLICABLE,0.0072252258706467665,52.080201924188771,0
P001_G4_EM_COEFFICIENTS,1002684,P001_INFINITE_MEDIUM_COEFFICIENT,NOT_APPLICABLE,0.0072269950248756223,52.043335067721067,0
P001_G4_EM_COEFFICIENTS,1002685,P001_INFINITE_MEDIUM_COEFFICIENT,NOT_APPLICABLE,0.0072287641791044781,52.006502003579918,0
P001_G4_EM_COEFFICIENTS,1002686,P001_INFINITE_MEDIUM_COEFFICIENT,NOT_APPLICABLE,0.007230533333333334,51.969702703966846,0
P001_G4_EM_COEFFICIENTS,1002687,P001_INFINITE_MEDIUM_COEFFICIENT,NOT_APPLICABLE,0.0072323024875621898,51.9329371643014,0
P001_G4_EM_COEFFICIENTS,1002688,P001_INFINITE_MEDIUM_COEFFICIENT,NOT_APPLICABLE,0.0072340716417910447,51.896205349343106,0
P001_G4_EM_COEFFICIENTS,1002689,P001_INFINITE_MEDIUM_COEFFICIENT,NOT_APPLICABLE,0.0072358407960199005,51.859507223886439,0
P001_G4_EM_COEFFICIENTS,1002690,P001_INFINITE_MEDIUM_COEFFICIENT,NOT_APPLICABLE,0.0072376099502487563,51.82284275276092,0
P001_G4_EM_COEFFICIENTS,1002691,P001_INFINITE_MEDIUM_COEFFICIENT,NOT_APPLICABLE,0.0072393791044776121,51.786211900830892,0
P001_G4_EM_COEFFICIENTS,1002692,P001_INFINITE_MEDIUM_COEFFICIENT,NOT_APPLICABLE,0.0072411482587064679,51.749535402289069,0
P001_G4_EM_COEFFICIENTS,1002693,P001_INFINITE_MEDIUM_COEFFICIENT,NOT_APPLICABLE,0.0072429174129353237,51.712808931339822,0
P001_G4_EM_COEFFICIENTS,1002694,P001_INFINITE_MEDIUM_COEFFICIENT,NOT_APPLICABLE,0.0072446865671641795,51.676362816891981,0
P001_G4_EM_COEFFICIENTS,1002695,P001_INFINITE_MEDIUM_COEFFICIENT,NOT_APPLICABLE,0.0072464557213930353,51.641038616519054,0
P001_G4_EM_COEFFICIENTS,1002696,P001_INFINITE_MEDIUM_COEFFICIENT,NOT_APPLICABLE,0.0072482248756218911,51.605746143505726,0
P001_G4_EM_COEFFICIENTS,1002697,P001_INFINITE_MEDIUM_COEFFICIENT,NOT_APPLICABLE,0.0072499940298507469,51.570471267925015,0
P001_G4_EM_COEFFICIENTS,1002698,P001_INFINITE_MEDIUM_COEFFICIENT,NOT_APPLICABLE,0.0072517631840796027,51.535225873354626,0
P001_G4_EM_COEFFICIENTS,1002699,P001_INFINITE_MEDIUM_COEFFICIENT,NOT_APPLICABLE,0.0072535323383084577,51.500012132818362,0
P001_G4_EM_COEFFICIENTS,1002700,P001_INFINITE_MEDIUM_COEFFICIENT,NOT_APPLICABLE,0.0072553014925373135,51.464830013960253,0
P001_G4_EM_COEFFICIENTS,1002701,P001_INFINITE_MEDIUM_COEFFICIENT,NOT_APPLICABLE,0.0072570706467661693,51.429679484455214,0
P001_G4_EM_COEFFICIENTS,1002702,P001_INFINITE_MEDIUM_COEFFICIENT,NOT_APPLICABLE,0.0072588398009950251,51.394560512008972,0
P001_G4_EM_COEFFICIENTS,1002703,P001_INFINITE_MEDIUM_COEFFICIENT,NOT_APPLICABLE,0.0072606089552238809,51.359473064358014,0
P001_G4_EM_COEFFICIENTS,1002704,P001_INFINITE_MEDIUM_COEFFICIENT,NOT_APPLICABLE,0.0072623781094527367,51.324417109269639,0
P001_G4_EM_COEFFICIENTS,1002705,P001_INFINITE_MEDIUM_COEFFICIENT,NOT_APPLICABLE,0.0072641472636815925,51.289379750289491,0
P001_G4_EM_COEFFICIENTS,1002706,P001_INFINITE_MEDIUM_COEFFICIENT,NOT_APPLICABLE,0.0072659164179104483,51.254309614879652,0
P001_G4_EM_COEFFICIENTS,1002707,P001_INFINITE_MEDIUM_COEFFICIENT,NOT_APPLICABLE,0.0072676855721393041,51.219264674762627,0
P001_G4_EM_COEFFICIENTS,1002708,P001_INFINITE_MEDIUM_COEFFICIENT,NOT_APPLICABLE,0.0072694547263681599,51.184117194886227,0
P001_G4_EM_COEFFICIENTS,1002709,P001_INFINITE_MEDIUM_COEFFICIENT,NOT_APPLICABLE,0.0072712238805970157,51.148987751509111,0
P001_G4_EM_COEFFICIENTS,1002710,P001_INFINITE_MEDIUM_COEFFICIENT,NOT_APPLICABLE,0.0072729930348258707,51.113889937638241,0
P001_G4_EM_COEFFICIENTS,1002711,P001_INFINITE_MEDIUM_COEFFICIENT,NOT_APPLICABLE,0.0072747621890547265,51.07882372078015,0
P001_G4_EM_COEFFICIENTS,1002712,P001_INFINITE_MEDIUM_COEFFICIENT,NOT_APPLICABLE,0.0072765313432835823,51.043789068472798,0
P001_G4_EM_COEFFICIENTS,1002713,P001_INFINITE_MEDIUM_COEFFICIENT,NOT_APPLICABLE,0.0072783004975124381,51.008785948285762,0
P001_G4_EM_COEFFICIENTS,1002714,P001_INFINITE_MEDIUM_COEFFICIENT,NOT_APPLICABLE,0.0072800696517412939,50.973814327819944,0
P001_G4_EM_COEFFICIENTS,1002715,P001_INFINITE_MEDIUM_COEFFICIENT,NOT_APPLICABLE,0.0072818388059701497,50.938874174707799,0
P001_G4_EM_COEFFICIENTS,1002716,P001_INFINITE_MEDIUM_COEFFICIENT,NOT_APPLICABLE,0.0072836079601990055,50.903965456613228,0
P001_G4_EM_COEFFICIENTS,1002717,P001_INFINITE_MEDIUM_COEFFICIENT,NOT_APPLICABLE,0.0072853771144278613,50.869088141231607,0
P001_G4_EM_COEFFICIENTS,1002718,P001_INFINITE_MEDIUM_COEFFICIENT,NOT_APPLICABLE,0.0072871462686567171,50.834242196289743,0
P001_G4_EM_COEFFICIENTS,1002719,P001_INFINITE_MEDIUM_COEFFICIENT,NOT_APPLICABLE,0.0072889154228855729,50.799427589545793,0
P001_G4_EM_COEFFICIENTS,1002720,P001_INFINITE_MEDIUM_COEFFICIENT,NOT_APPLICABLE,0.0072906845771144278,50.764644288789476,0
P001_G4_EM_COEFFICIENTS,1002721,P001_INFINITE_MEDIUM_COEFFICIENT,NOT_APPLICABLE,0.0072924537313432836,50.729892261841776,0
P001_G4_EM_COEFFICIENTS,1002722,P001_INFINITE_MEDIUM_COEFFICIENT,NOT_APPLICABLE,0.0072942228855721394,50.69510477411788,0
P001_G4_EM_COEFFICIENTS,1002723,P001_INFINITE_MEDIUM_COEFFICIENT,NOT_APPLICABLE,0.0072959920398009952,50.660154760407742,0
P001_G4_EM_COEFFICIENTS,1002724,P001_INFINITE_MEDIUM_COEFFICIENT,NOT_APPLICABLE,0.007297761194029851,50.625236302908284,0
P001_G4_EM_COEFFICIENTS,1002725,P001_INFINITE_MEDIUM_COEFFICIENT,NOT_APPLICABLE,0.0072995303482587068,50.590349369015549,0
P001_G4_EM_COEFFICIENTS,1002726,P001_INFINITE_MEDIUM_COEFFICIENT,NOT_APPLICABLE,0.0073012995024875627,50.555493926157702,0
P001_G4_EM_COEFFICIENTS,1002727,P001_INFINITE_MEDIUM_COEFFICIENT,NOT_APPLICABLE,0.0073030686567164185,50.520669941795099,0
P001_G4_EM_COEFFICIENTS,1002728,P001_INFINITE_MEDIUM_COEFFICIENT,NOT_APPLICABLE,0.0073048378109452743,50.485877383420487,0
P001_G4_EM_COEFFICIENTS,1002729,P001_INFINITE_MEDIUM_COEFFICIENT,NOT_APPLICABLE,0.0073066069651741301,50.451116218558703,0
P001_G4_EM_COEFFICIENTS,1002730,P001_INFINITE_MEDIUM_COEFFICIENT,NOT_APPLICABLE,0.0073083761194029859,50.41638641476677,0
P001_G4_EM_COEFFICIENTS,1002731,P001_INFINITE_MEDIUM_COEFFICIENT,NOT_APPLICABLE,0.0073101452736318408,50.381687939634034,0
P001_G4_EM_COEFFICIENTS,1002732,P001_INFINITE_MEDIUM_COEFFICIENT,NOT_APPLICABLE,0.0073119144278606966,50.347020760781803,0
P001_G4_EM_COEFFICIENTS,1002733,P001_INFINITE_MEDIUM_COEFFICIENT,NOT_APPLICABLE,0.0073136835820895524,50.312384845863697,0
P001_G4_EM_COEFFICIENTS,1002734,P001_INFINITE_MEDIUM_COEFFICIENT,NOT_APPLICABLE,0.0073154527363184082,50.277780162565435,0
P001_G4_EM_COEFFICIENTS,1002735,P001_INFINITE_MEDIUM_COEFFICIENT,NOT_APPLICABLE,0.007317221890547264,50.243206374587736,0
P001_G4_EM_COEFFICIENTS,1002736,P001_INFINITE_MEDIUM_COEFFICIENT,NOT_APPLICABLE,0.0073189910447761198,50.208663714753079,0
P001_G4_EM_COEFFICIENTS,1002737,P001_INFINITE_MEDIUM_COEFFICIENT,NOT_APPLICABLE,0.0073207601990049756,50.17415219011972,0
P001_G4_EM_COEFFICIENTS,1002738,P001_INFINITE_MEDIUM_COEFFICIENT,NOT_APPLICABLE,0.0073225293532338314,50.139671768501522,0
P001_G4_EM_COEFFICIENTS,1002739,P001_INFINITE_MEDIUM_COEFFICIENT,NOT_APPLICABLE,0.0073242985074626872,50.105222417744343,0
P001_G4_EM_COEFFICIENTS,1002740,P001_INFINITE_MEDIUM_COEFFICIENT,NOT_APPLICABLE,0.007326067661691543,50.070648794081535,0
P001_G4_EM_COEFFICIENTS,1002741,P001_INFINITE_MEDIUM_COEFFICIENT,NOT_APPLICABLE,0.007327836815920398,50.036017551191264,0
P001_G4_EM_COEFFICIENTS,1002742,P001_INFINITE_MEDIUM_COEFFICIENT,NOT_APPLICABLE,0.0073296059701492538,50.001417636137688,0
P001_G4_EM_COEFFICIENTS,1002743,P001_INFINITE_MEDIUM_COEFFICIENT,NOT_APPLICABLE,0.0073313751243781096,49.966849016383634,0
P001_G4_EM_COEFFICIENTS,1002744,P001_INFINITE_MEDIUM_COEFFICIENT,NOT_APPLICABLE,0.0073331442786069654,49.93231165942462,0
P001_G4_EM_COEFFICIENTS,1002745,P001_INFINITE_MEDIUM_COEFFICIENT,NOT_APPLICABLE,0.0073349134328358212,49.897805532789071,0
P001_G4_EM_COEFFICIENTS,1002746,P001_INFINITE_MEDIUM_COEFFICIENT,NOT_APPLICABLE,0.007336682587064677,49.86333060403814,0
P001_G4_EM_COEFFICIENTS,1002747,P001_INFINITE_MEDIUM_COEFFICIENT,NOT_APPLICABLE,0.0073384517412935328,49.828886840765804,0
P001_G4_EM_COEFFICIENTS,1002748,P001_INFINITE_MEDIUM_COEFFICIENT,NOT_APPLICABLE,0.0073402208955223886,49.794474210598885,0
P001_G4_EM_COEFFICIENTS,1002749,P001_INFINITE_MEDIUM_COEFFICIENT,NOT_APPLICABLE,0.0073419900497512444,49.760092681196824,0
P001_G4_EM_COEFFICIENTS,1002750,P001_INFINITE_MEDIUM_COEFFICIENT,NOT_APPLICABLE,0.0073437592039801002,49.725742220251846,0
P001_G4_EM_COEFFICIENTS,1002751,P001_INFINITE_MEDIUM_COEFFICIENT,NOT_APPLICABLE,0.007345528358208956,49.691422795488947,0
P001_G4_EM_COEFFICIENTS,1002752,P001_INFINITE_MEDIUM_COEFFICIENT,NOT_APPLICABLE,0.007347297512437811,49.656923732402049,0
P001_G4_EM_COEFFICIENTS,1002753,P001_INFINITE_MEDIUM_COEFFICIENT,NOT_APPLICABLE,0.0073490666666666668,49.622425235192566,0
P001_G4_EM_COEFFICIENTS,1002754,P001_INFINITE_MEDIUM_COEFFICIENT,NOT_APPLICABLE,0.0073508358208955226,49.587958025609616,0
P001_G4_EM_COEFFICIENTS,1002755,P001_INFINITE_MEDIUM_COEFFICIENT,NOT_APPLICABLE,0.0073526049751243784,49.553521961816408,0
P001_G4_EM_COEFFICIENTS,1002756,P001_INFINITE_MEDIUM_COEFFICIENT,NOT_APPLICABLE,0.0073543741293532342,49.519117053515686,0
P001_G4_EM_COEFFICIENTS,1002757,P001_INFINITE_MEDIUM_COEFFICIENT,NOT_APPLICABLE,0.00735614328358209,49.484743335171039,0
P001_G4_EM_COEFFICIENTS,1002758,P001_INFINITE_MEDIUM_COEFFICIENT,NOT_APPLICABLE,0.0073579124378109458,49.450400774235753,0
P001_G4_EM_COEFFICIENTS,1002759,P001_INFINITE_MEDIUM_COEFFICIENT,NOT_APPLICABLE,0.0073596815920398016,49.416089338196727,0
P001_G4_EM_COEFFICIENTS,1002760,P001_INFINITE_MEDIUM_COEFFICIENT,NOT_APPLICABLE,0.0073614507462686574,49.381808994574016,0
P001_G4_EM_COEFFICIENTS,1002761,P001_INFINITE_MEDIUM_COEFFICIENT,NOT_APPLICABLE,0.0073632199004975132,49.347559710921161,0
P001_G4_EM_COEFFICIENTS,1002762,P001_INFINITE_MEDIUM_COEFFICIENT,NOT_APPLICABLE,0.0073649890547263681,49.31334145482505,0
P001_G4_EM_COEFFICIENTS,1002763,P001_INFINITE_MEDIUM_COEFFICIENT,NOT_APPLICABLE,0.0073667582089552239,49.279154193905818,0
P001_G4_EM_COEFFICIENTS,1002764,P001_INFINITE_MEDIUM_COEFFICIENT,NOT_APPLICABLE,0.0073685273631840797,49.244997895816908,0
P001_G4_EM_COEFFICIENTS,1002765,P001_INFINITE_MEDIUM_COEFFICIENT,NOT_APPLICABLE,0.0073702965174129356,49.210872528245126,0
P001_G4_EM_COEFFICIENTS,1002766,P001_INFINITE_MEDIUM_COEFFICIENT,NOT_APPLICABLE,0.0073720656716417914,49.176778058910479,0
P001_G4_EM_COEFFICIENTS,1002767,P001_INFINITE_MEDIUM_COEFFICIENT,NOT_APPLICABLE,0.0073738348258706472,49.142714455566264,0
P001_G4_EM_COEFFICIENTS,1002768,P001_INFINITE_MEDIUM_COEFFICIENT,NOT_APPLICABLE,0.007375603980099503,49.108681059802194,0
P001_G4_EM_COEFFICIENTS,1002769,P001_INFINITE_MEDIUM_COEFFICIENT,NOT_APPLICABLE,0.0073773731343283588,49.074668942917846,0
P001_G4_EM_COEFFICIENTS,1002770,P001_INFINITE_MEDIUM_COEFFICIENT,NOT_APPLICABLE,0.0073791422885572146,49.040541373452143,0
P001_G4_EM_COEFFICIENTS,1002771,P001_INFINITE_MEDIUM_COEFFICIENT,NOT_APPLICABLE,0.0073809114427860704,49.006438359840274,0
P001_G4_EM_COEFFICIENTS,1002772,P001_INFINITE_MEDIUM_COEFFICIENT,NOT_APPLICABLE,0.0073826805970149262,48.97222564334475,0
P001_G4_EM_COEFFICIENTS,1002773,P001_INFINITE_MEDIUM_COEFFICIENT,NOT_APPLICABLE,0.0073844497512437811,48.938044034706657,0
P001_G4_EM_COEFFICIENTS,1002774,P001_INFINITE_MEDIUM_COEFFICIENT,NOT_APPLICABLE,0.0073862189054726369,48.903893501287435,0
P001_G4_EM_COEFFICIENTS,1002775,P001_INFINITE_MEDIUM_COEFFICIENT,NOT_APPLICABLE,0.0073879880597014927,48.869774010482757,0
P001_G4_EM_COEFFICIENTS,1002776,P001_INFINITE_MEDIUM_COEFFICIENT,NOT_APPLICABLE,0.0073897572139303485,48.835685529722269,0
P001_G4_EM_COEFFICIENTS,1002777,P001_INFINITE_MEDIUM_COEFFICIENT,NOT_APPLICABLE,0.0073915263681592043,48.801628026469729,0
P001_G4_EM_COEFFICIENTS,1002778,P001_INFINITE_MEDIUM_COEFFICIENT,NOT_APPLICABLE,0.0073932955223880601,48.767601468222914,0
P001_G4_EM_COEFFICIENTS,1002779,P001_INFINITE_MEDIUM_COEFFICIENT,NOT_APPLICABLE,0.0073950646766169159,48.733605822513539,0
P001_G4_EM_COEFFICIENTS,1002780,P001_INFINITE_MEDIUM_COEFFICIENT,NOT_APPLICABLE,0.0073968338308457717,48.699641056907332,0
P001_G4_EM_COEFFICIENTS,1002781,P001_INFINITE_MEDIUM_COEFFICIENT,NOT_APPLICABLE,0.0073986029850746276,48.665707139004084,0
P001_G4_EM_COEFFICIENTS,1002782,P001_INFINITE_MEDIUM_COEFFICIENT,NOT_APPLICABLE,0.0074003721393034834,48.631804036437394,0
P001_G4_EM_COEFFICIENTS,1002783,P001_INFINITE_MEDIUM_COEFFICIENT,NOT_APPLICABLE,0.0074021412935323383,48.597931716874811,0
P001_G4_EM_COEFFICIENTS,1002784,P001_INFINITE_MEDIUM_COEFFICIENT,NOT_APPLICABLE,0.0074039104477611941,48.564090148017826,0
P001_G4_EM_COEFFICIENTS,1002785,P001_INFINITE_MEDIUM_COEFFICIENT,NOT_APPLICABLE,0.0074056796019900499,48.530279297601744,0
P001_G4_EM_COEFFICIENTS,1002786,P001_INFINITE_MEDIUM_COEFFICIENT,NOT_APPLICABLE,0.0074074487562189057,48.496499133395758,0
P001_G4_EM_COEFFICIENTS,1002787,P001_INFINITE_MEDIUM_COEFFICIENT,NOT_APPLICABLE,0.0074092179104477615,48.462673240702941,0
P001_G4_EM_COEFFICIENTS,1002788,P001_INFINITE_MEDIUM_COEFFICIENT,NOT_APPLICABLE,0.0074109870646766173,48.42881356199517,0
P001_G4_EM_COEFFICIENTS,1002789,P001_INFINITE_MEDIUM_COEFFICIENT,NOT_APPLICABLE,0.0074127562189054731,48.39496667806953,0
P001_G4_EM_COEFFICIENTS,1002790,P001_INFINITE_MEDIUM_COEFFICIENT,NOT_APPLICABLE,0.0074145253731343289,48.362140686013802,0
P001_G4_EM_COEFFICIENTS,1002791,P001_INFINITE_MEDIUM_COEFFICIENT,NOT_APPLICABLE,0.0074162945273631847,48.329585067753435,0
P001_G4_EM_COEFFICIENTS,1002792,P001_INFINITE_MEDIUM_COEFFICIENT,NOT_APPLICABLE,0.0074180636815920405,48.297058409829255,0
P001_G4_EM_COEFFICIENTS,1002793,P001_INFINITE_MEDIUM_COEFFICIENT,NOT_APPLICABLE,0.0074198328358208963,48.264560682439864,0
P001_G4_EM_COEFFICIENTS,1002794,P001_INFINITE_MEDIUM_COEFFICIENT,NOT_APPLICABLE,0.0074216019900497513,48.232091855813955,0
P001_G4_EM_COEFFICIENTS,1002795,P001_INFINITE_MEDIUM_COEFFICIENT,NOT_APPLICABLE,0.0074233711442786071,48.19965190021037,0
P001_G4_EM_COEFFICIENTS,1002796,P001_INFINITE_MEDIUM_COEFFICIENT,NOT_APPLICABLE,0.0074251402985074629,48.167240785918167,0
P001_G4_EM_COEFFICIENTS,1002797,P001_INFINITE_MEDIUM_COEFFICIENT,NOT_APPLICABLE,0.0074269094527363187,48.134858483256529,0
P001_G4_EM_COEFFICIENTS,1002798,P001_INFINITE_MEDIUM_COEFFICIENT,NOT_APPLICABLE,0.0074286786069651745,48.102504962574834,0
P001_G4_EM_COEFFICIENTS,1002799,P001_INFINITE_MEDIUM_COEFFICIENT,NOT_APPLICABLE,0.0074304477611940303,48.070069401677287,0
P001_G4_EM_COEFFICIENTS,1002800,P001_INFINITE_MEDIUM_COEFFICIENT,NOT_APPLICABLE,0.0074322169154228861,48.037576026458062,0
P001_G4_EM_COEFFICIENTS,1002801,P001_INFINITE_MEDIUM_COEFFICIENT,NOT_APPLICABLE,0.0074339860696517419,48.005111626183215,0
P001_G4_EM_COEFFICIENTS,1002802,P001_INFINITE_MEDIUM_COEFFICIENT,NOT_APPLICABLE,0.0074357552238805977,47.972676170920295,0
P001_G4_EM_COEFFICIENTS,1002803,P001_INFINITE_MEDIUM_COEFFICIENT,NOT_APPLICABLE,0.0074375243781094535,47.940269630767574,0
P001_G4_EM_COEFFICIENTS,1002804,P001_INFINITE_MEDIUM_COEFFICIENT,NOT_APPLICABLE,0.0074392935323383085,47.907891975853964,0
P001_G4_EM_COEFFICIENTS,1002805,P001_INFINITE_MEDIUM_COEFFICIENT,NOT_APPLICABLE,0.0074410626865671643,47.87554317633888,0
P001_G4_EM_COEFFICIENTS,1002806,P001_INFINITE_MEDIUM_COEFFICIENT,NOT_APPLICABLE,0.0074428318407960201,47.843223202412652,0
P001_G4_EM_COEFFICIENTS,1002807,P001_INFINITE_MEDIUM_COEFFICIENT,NOT_APPLICABLE,0.0074446009950248759,47.810932024295987,0
P001_G4_EM_COEFFICIENTS,1002808,P001_INFINITE_MEDIUM_COEFFICIENT,NOT_APPLICABLE,0.0074463701492537317,47.778669612240272,0
P001_G4_EM_COEFFICIENTS,1002809,P001_INFINITE_MEDIUM_COEFFICIENT,NOT_APPLICABLE,0.0074481393034825875,47.746435936527504,0
P001_G4_EM_COEFFICIENTS,1002810,P001_INFINITE_MEDIUM_COEFFICIENT,NOT_APPLICABLE,0.0074499084577114433,47.714230967470122,0
P001_G4_EM_COEFFICIENTS,1002811,P001_INFINITE_MEDIUM_COEFFICIENT,NOT_APPLICABLE,0.0074516776119402991,47.682054675411301,0
P001_G4_EM_COEFFICIENTS,1002812,P001_INFINITE_MEDIUM_COEFFICIENT,NOT_APPLICABLE,0.0074534467661691549,47.649907030724492,0
P001_G4_EM_COEFFICIENTS,1002813,P001_INFINITE_MEDIUM_COEFFICIENT,NOT_APPLICABLE,0.0074552159203980107,47.617788003813807,0
P001_G4_EM_COEFFICIENTS,1002814,P001_INFINITE_MEDIUM_COEFFICIENT,NOT_APPLICABLE,0.0074569850746268665,47.585697565113826,0
P001_G4_EM_COEFFICIENTS,1002815,P001_INFINITE_MEDIUM_COEFFICIENT,NOT_APPLICABLE,0.0074587542288557223,47.553635685089567,0
P001_G4_EM_COEFFICIENTS,1002816,P001_INFINITE_MEDIUM_COEFFICIENT,NOT_APPLICABLE,0.0074605233830845772,47.521602334236491,0
P001_G4_EM_COEFFICIENTS,1002817,P001_INFINITE_MEDIUM_COEFFICIENT,NOT_APPLICABLE,0.007462292537313433,47.48959748308053,0
P001_G4_EM_COEFFICIENTS,1002818,P001_INFINITE_MEDIUM_COEFFICIENT,NOT_APPLICABLE,0.0074640616915422888,47.457621102177967,0
P001_G4_EM_COEFFICIENTS,1002819,P001_INFINITE_MEDIUM_COEFFICIENT,NOT_APPLICABLE,0.0074658308457711446,47.425673162115444,0
P001_G4_EM_COEFFICIENTS,1002820,P001_INFINITE_MEDIUM_COEFFICIENT,NOT_APPLICABLE,0.0074676000000000005,47.393753633510165,0
