run_number,source_file,line_number,keywords,text
44779,VESUVIO00044779_ICPdebug.txt,15,detector,"2021-05-10T12:49:07 Highest dae, detector card, crate number used = 0, 2, 2"
44779,VESUVIO00044779_ICPdebug.txt,38,channel,2021-05-10T12:50:08 Programming Time channels
44779,VESUVIO00044779_ICPdebug.txt,41,channel,2021-05-10T12:50:08 Setting 9729 time channels from 5.000000 to 39999.000000 us on card 0
44779,VESUVIO00044779_ICPdebug.txt,43,channel,2021-05-10T12:50:08 Setting 9729 time channels from 5.000000 to 39999.000000 us on card 1
44779,VESUVIO00044779_ICPdebug.txt,45,channel,2021-05-10T12:50:08 Setting 9729 time channels from 5.000000 to 39999.000000 us on card 2
44724,VESUVIO00044724.log,9,sample,2021-05-08T18:38:14 Sample 829.4179356845098
44724,VESUVIO00044724.log,12,temp,2021-05-08T18:38:14 Water_Bath_Temp 20.45
44724,VESUVIO00044724.log,41,sample,2021-05-08T18:42:17 Sample 829.4179356845098
44724,VESUVIO00044724.log,44,temp,2021-05-08T18:42:17 Water_Bath_Temp 20.45
44724,VESUVIO00044724.log,62,sample,2021-05-08T18:43:20 Sample 829.4179356845098
44724,VESUVIO00044724.log,65,temp,2021-05-08T18:43:20 Water_Bath_Temp 20.45
44724,VESUVIO00044724.log,81,temp,2021-05-08T18:46:16 Water_Bath_Temp 20.44
44724,VESUVIO00044724.log,83,temp,2021-05-08T18:46:20 Water_Bath_Temp 20.45
44724,VESUVIO00044724.log,87,temp,2021-05-08T18:47:17 Water_Bath_Temp 20.44
44724,VESUVIO00044724.log,91,temp,2021-05-08T18:47:46 Water_Bath_Temp 20.45
44724,VESUVIO00044724.log,96,temp,2021-05-08T18:49:18 Water_Bath_Temp 20.44
44724,VESUVIO00044724.log,98,temp,2021-05-08T18:49:21 Water_Bath_Temp 20.45
44724,VESUVIO00044724.log,105,temp,2021-05-08T18:51:17 Water_Bath_Temp 20.44
44724,VESUVIO00044724.log,108,temp,2021-05-08T18:51:40 Water_Bath_Temp 20.45
44724,VESUVIO00044724.log,113,temp,2021-05-08T18:52:45 Water_Bath_Temp 20.44
44724,VESUVIO00044724.log,116,temp,2021-05-08T18:53:16 Water_Bath_Temp 20.45
44724,VESUVIO00044724.log,126,sample,2021-05-08T18:53:54 Sample 829.4179356845098
44724,VESUVIO00044724.log,129,temp,2021-05-08T18:53:54 Water_Bath_Temp 20.45
44787,VESUVIO00044787_ICPdebug.txt,13,detector,"2021-05-10T14:24:39 Highest dae, detector card, crate number used = 0, 2, 2"
44787,VESUVIO00044787_ICPdebug.txt,36,channel,2021-05-10T14:25:39 Programming Time channels
44787,VESUVIO00044787_ICPdebug.txt,39,channel,2021-05-10T14:25:39 Setting 9729 time channels from 5.000000 to 39999.000000 us on card 0
44787,VESUVIO00044787_ICPdebug.txt,41,channel,2021-05-10T14:25:39 Setting 9729 time channels from 5.000000 to 39999.000000 us on card 1
44787,VESUVIO00044787_ICPdebug.txt,43,channel,2021-05-10T14:25:39 Setting 9729 time channels from 5.000000 to 39999.000000 us on card 2
44723,VESUVIO00044723.log,25,sample,2021-05-08T18:27:29 Sample 829.4179356845098
44723,VESUVIO00044723.log,28,temp,2021-05-08T18:27:29 Water_Bath_Temp 20.45
44723,VESUVIO00044723.log,98,sample,2021-05-08T18:38:05 Sample 829.4179356845098
44723,VESUVIO00044723.log,101,temp,2021-05-08T18:38:05 Water_Bath_Temp 20.45
45135,VESUVIO00045135.log,9,sample,2021-05-25T14:12:59 Sample 827.6352577318944
45135,VESUVIO00045135.log,139,sample,2021-05-25T14:42:58 Sample 827.6352577318944
45135,VESUVIO00045135.log,180,sample,2021-05-25T14:50:01 Sample 827.6352577318944
44770,VESUVIO00044770.log,10,sample,2021-05-10T03:12:25 Sample 829.4179356845098
44770,VESUVIO00044770.log,13,temp,2021-05-10T03:12:25 Water_Bath_Temp 21.37
44770,VESUVIO00044770.log,89,sample,2021-05-10T03:42:24 Sample 829.4179356845098
44770,VESUVIO00044770.log,92,temp,2021-05-10T03:42:24 Water_Bath_Temp 21.37
44770,VESUVIO00044770.log,161,sample,2021-05-10T04:12:24 Sample 829.4179356845098
44770,VESUVIO00044770.log,164,temp,2021-05-10T04:12:24 Water_Bath_Temp 21.37
44770,VESUVIO00044770.log,183,sample,2021-05-10T04:16:04 Sample 829.4179356845098
44770,VESUVIO00044770.log,186,temp,2021-05-10T04:16:04 Water_Bath_Temp 21.37
44783,VESUVIO00044783.log,3,temp,2021-05-10T13:28:47 Water_Bath_Temp 21.06
44783,VESUVIO00044783.log,15,sample,2021-05-10T13:29:01 Sample 829.4179356845098
44783,VESUVIO00044783.log,18,temp,2021-05-10T13:29:01 Water_Bath_Temp 21.07
44783,VESUVIO00044783.log,21,temp,2021-05-10T13:29:25 Water_Bath_Temp 21.06
44783,VESUVIO00044783.log,23,temp,2021-05-10T13:29:58 Water_Bath_Temp 21.07
44783,VESUVIO00044783.log,25,temp,2021-05-10T13:30:14 Water_Bath_Temp 21.06
44783,VESUVIO00044783.log,28,temp,2021-05-10T13:30:59 Water_Bath_Temp 21.07
44783,VESUVIO00044783.log,31,temp,2021-05-10T13:31:26 Water_Bath_Temp 21.06
44783,VESUVIO00044783.log,52,sample,2021-05-10T13:35:39 Sample 829.4179356845098
44783,VESUVIO00044783.log,55,temp,2021-05-10T13:35:39 Water_Bath_Temp 21.06
44767,VESUVIO00044767.log,2,temp,2021-05-09T23:57:20 Water_Bath_Temp 21.26
44767,VESUVIO00044767.log,12,sample,2021-05-09T23:58:02 Sample 829.4179356845098
44767,VESUVIO00044767.log,15,temp,2021-05-09T23:58:02 Water_Bath_Temp 21.27
44767,VESUVIO00044767.log,43,temp,2021-05-10T00:09:31 Water_Bath_Temp 21.28
44767,VESUVIO00044767.log,67,temp,2021-05-10T00:20:57 Water_Bath_Temp 21.29
44767,VESUVIO00044767.log,69,temp,2021-05-10T00:21:28 Water_Bath_Temp 21.28
44767,VESUVIO00044767.log,73,temp,2021-05-10T00:22:59 Water_Bath_Temp 21.29
44767,VESUVIO00044767.log,88,sample,2021-05-10T00:28:01 Sample 829.4179356845098
44767,VESUVIO00044767.log,113,temp,2021-05-10T00:35:01 Water_Bath_Temp 21.3
44767,VESUVIO00044767.log,114,temp,2021-05-10T00:35:16 Water_Bath_Temp 21.29
44767,VESUVIO00044767.log,118,temp,2021-05-10T00:36:31 Water_Bath_Temp 21.3
44767,VESUVIO00044767.log,120,temp,2021-05-10T00:37:28 Water_Bath_Temp 21.29
44767,VESUVIO00044767.log,122,temp,2021-05-10T00:37:56 Water_Bath_Temp 21.3
44767,VESUVIO00044767.log,127,temp,2021-05-10T00:39:00 Water_Bath_Temp 21.29
44767,VESUVIO00044767.log,129,temp,2021-05-10T00:39:01 Water_Bath_Temp 21.3
44767,VESUVIO00044767.log,158,temp,2021-05-10T00:52:31 Water_Bath_Temp 21.31
44767,VESUVIO00044767.log,160,temp,2021-05-10T00:53:00 Water_Bath_Temp 21.3
44767,VESUVIO00044767.log,164,temp,2021-05-10T00:54:55 Water_Bath_Temp 21.31
44767,VESUVIO00044767.log,176,sample,2021-05-10T00:58:01 Sample 829.4179356845098
44767,VESUVIO00044767.log,198,sample,2021-05-10T01:01:43 Sample 829.4179356845098
44767,VESUVIO00044767.log,201,temp,2021-05-10T01:01:43 Water_Bath_Temp 21.31
44795,VESUVIO00044795_ICPdebug.txt,13,detector,"2021-05-10T20:40:15 Highest dae, detector card, crate number used = 0, 2, 2"
44795,VESUVIO00044795_ICPdebug.txt,34,channel,2021-05-10T20:40:17 Programming Time channels
44795,VESUVIO00044795_ICPdebug.txt,37,channel,2021-05-10T20:40:17 Setting 9729 time channels from 5.000000 to 39999.000000 us on card 0
44795,VESUVIO00044795_ICPdebug.txt,39,channel,2021-05-10T20:40:17 Setting 9729 time channels from 5.000000 to 39999.000000 us on card 1
44795,VESUVIO00044795_ICPdebug.txt,41,channel,2021-05-10T20:40:17 Setting 9729 time channels from 5.000000 to 39999.000000 us on card 2
44796,VESUVIO00044796.log,9,sample,2021-05-10T21:40:15 Sample 829.4179356845098
44796,VESUVIO00044796.log,12,temp,2021-05-10T21:40:15 Water_Bath_Temp 20.96
44796,VESUVIO00044796.log,54,temp,2021-05-10T21:58:41 Water_Bath_Temp 20.95
44796,VESUVIO00044796.log,55,temp,2021-05-10T21:59:08 Water_Bath_Temp 20.96
44796,VESUVIO00044796.log,61,temp,2021-05-10T22:01:41 Water_Bath_Temp 20.95
44796,VESUVIO00044796.log,64,temp,2021-05-10T22:02:13 Water_Bath_Temp 20.96
44796,VESUVIO00044796.log,68,temp,2021-05-10T22:03:44 Water_Bath_Temp 20.95
44796,VESUVIO00044796.log,72,temp,2021-05-10T22:05:26 Water_Bath_Temp 20.96
44796,VESUVIO00044796.log,74,temp,2021-05-10T22:06:10 Water_Bath_Temp 20.95
44796,VESUVIO00044796.log,76,temp,2021-05-10T22:06:39 Water_Bath_Temp 20.96
44796,VESUVIO00044796.log,78,temp,2021-05-10T22:07:12 Water_Bath_Temp 20.95
44796,VESUVIO00044796.log,84,temp,2021-05-10T22:09:31 Water_Bath_Temp 20.96
44796,VESUVIO00044796.log,87,temp,2021-05-10T22:10:02 Water_Bath_Temp 20.95
44796,VESUVIO00044796.log,92,sample,2021-05-10T22:10:14 Sample 829.4179356845098
44796,VESUVIO00044796.log,100,temp,2021-05-10T22:10:42 Water_Bath_Temp 20.96
44796,VESUVIO00044796.log,107,temp,2021-05-10T22:12:43 Water_Bath_Temp 20.95
44796,VESUVIO00044796.log,108,temp,2021-05-10T22:13:12 Water_Bath_Temp 20.96
44796,VESUVIO00044796.log,112,temp,2021-05-10T22:14:33 Water_Bath_Temp 20.95
44796,VESUVIO00044796.log,115,temp,2021-05-10T22:15:12 Water_Bath_Temp 20.96
44796,VESUVIO00044796.log,116,temp,2021-05-10T22:15:37 Water_Bath_Temp 20.95
44796,VESUVIO00044796.log,119,temp,2021-05-10T22:16:14 Water_Bath_Temp 20.96
44796,VESUVIO00044796.log,122,temp,2021-05-10T22:17:13 Water_Bath_Temp 20.95
44796,VESUVIO00044796.log,133,temp,2021-05-10T22:22:39 Water_Bath_Temp 20.96
44796,VESUVIO00044796.log,136,temp,2021-05-10T22:23:13 Water_Bath_Temp 20.95
44796,VESUVIO00044796.log,141,temp,2021-05-10T22:25:42 Water_Bath_Temp 20.96
44796,VESUVIO00044796.log,143,temp,2021-05-10T22:25:44 Water_Bath_Temp 20.95
44796,VESUVIO00044796.log,150,temp,2021-05-10T22:28:44 Water_Bath_Temp 20.96
44796,VESUVIO00044796.log,153,temp,2021-05-10T22:29:42 Water_Bath_Temp 20.95
44796,VESUVIO00044796.log,157,temp,2021-05-10T22:31:13 Water_Bath_Temp 20.96
44796,VESUVIO00044796.log,159,temp,2021-05-10T22:31:41 Water_Bath_Temp 20.95
44796,VESUVIO00044796.log,184,sample,2021-05-10T22:39:55 Sample 829.4179356845098
44796,VESUVIO00044796.log,187,temp,2021-05-10T22:39:55 Water_Bath_Temp 20.95
44727,VESUVIO00044727.log,12,sample,2021-05-08T19:15:31 Sample 829.4179356845098
44727,VESUVIO00044727.log,15,temp,2021-05-08T19:15:31 Water_Bath_Temp 20.44
44727,VESUVIO00044727.log,55,sample,2021-05-08T19:26:06 Sample 829.4179356845098
44727,VESUVIO00044727.log,58,temp,2021-05-08T19:26:06 Water_Bath_Temp 20.44
45130,VESUVIO00045130.log,12,sample,2021-05-25T10:11:34 Sample 827.6352577318944
45130,VESUVIO00045130.log,179,sample,2021-05-25T10:41:34 Sample 827.6352577318944
45130,VESUVIO00045130.log,286,sample,2021-05-25T11:02:04 Sample 827.6352577318944
45130,VESUVIO00045130.log,434,sample,2021-05-25T11:32:03 Sample 827.6352577318944
45130,VESUVIO00045130.log,455,sample,2021-05-25T11:33:48 Sample 827.6352577318944
44732,VESUVIO00044732.log,10,sample,2021-05-08T23:19:13 Sample 829.4179356845098
44732,VESUVIO00044732.log,13,temp,2021-05-08T23:19:13 Water_Bath_Temp 20.36
44732,VESUVIO00044732.log,29,temp,2021-05-08T23:24:42 Water_Bath_Temp 20.35
44732,VESUVIO00044732.log,31,temp,2021-05-08T23:25:12 Water_Bath_Temp 20.36
44732,VESUVIO00044732.log,35,temp,2021-05-08T23:26:42 Water_Bath_Temp 20.35
44732,VESUVIO00044732.log,57,temp,2021-05-08T23:37:11 Water_Bath_Temp 20.34
44732,VESUVIO00044732.log,59,temp,2021-05-08T23:37:42 Water_Bath_Temp 20.35
44732,VESUVIO00044732.log,60,temp,2021-05-08T23:37:58 Water_Bath_Temp 20.34
44732,VESUVIO00044732.log,87,temp,2021-05-08T23:49:12 Water_Bath_Temp 20.33
44732,VESUVIO00044732.log,91,sample,2021-05-08T23:49:12 Sample 829.4179356845098
44732,VESUVIO00044732.log,98,temp,2021-05-08T23:49:40 Water_Bath_Temp 20.34
44732,VESUVIO00044732.log,100,temp,2021-05-08T23:50:09 Water_Bath_Temp 20.33
44732,VESUVIO00044732.log,103,temp,2021-05-08T23:50:42 Water_Bath_Temp 20.34
44732,VESUVIO00044732.log,105,temp,2021-05-08T23:51:38 Water_Bath_Temp 20.33
44732,VESUVIO00044732.log,127,temp,2021-05-09T00:01:12 Water_Bath_Temp 20.32
44732,VESUVIO00044732.log,129,temp,2021-05-09T00:01:37 Water_Bath_Temp 20.33
44732,VESUVIO00044732.log,132,temp,2021-05-09T00:02:35 Water_Bath_Temp 20.32
44732,VESUVIO00044732.log,153,temp,2021-05-09T00:11:42 Water_Bath_Temp 20.31
44732,VESUVIO00044732.log,156,temp,2021-05-09T00:12:39 Water_Bath_Temp 20.32
44732,VESUVIO00044732.log,158,temp,2021-05-09T00:13:10 Water_Bath_Temp 20.31
44732,VESUVIO00044732.log,174,sample,2021-05-09T00:19:12 Sample 829.4179356845098
44732,VESUVIO00044732.log,196,sample,2021-05-09T00:23:18 Sample 829.4179356845098
44732,VESUVIO00044732.log,199,temp,2021-05-09T00:23:18 Water_Bath_Temp 20.3
44717,VESUVIO00044717_ICPdebug.txt,15,detector,"2021-05-08T17:11:55 Highest dae, detector card, crate number used = 0, 2, 2"
44717,VESUVIO00044717_ICPdebug.txt,36,channel,2021-05-08T17:11:57 Programming Time channels
44717,VESUVIO00044717_ICPdebug.txt,39,channel,2021-05-08T17:11:57 Setting 9729 time channels from 5.000000 to 39999.000000 us on card 0
44717,VESUVIO00044717_ICPdebug.txt,41,channel,2021-05-08T17:11:57 Setting 9729 time channels from 5.000000 to 39999.000000 us on card 1
44717,VESUVIO00044717_ICPdebug.txt,43,channel,2021-05-08T17:11:57 Setting 9729 time channels from 5.000000 to 39999.000000 us on card 2
44795,VESUVIO00044795.log,9,sample,2021-05-10T20:40:20 Sample 829.4179356845098
44795,VESUVIO00044795.log,12,temp,2021-05-10T20:40:20 Water_Bath_Temp 20.97
44795,VESUVIO00044795.log,17,temp,2021-05-10T20:40:48 Water_Bath_Temp 20.98
44795,VESUVIO00044795.log,19,temp,2021-05-10T20:41:18 Water_Bath_Temp 20.97
44795,VESUVIO00044795.log,31,temp,2021-05-10T20:46:19 Water_Bath_Temp 20.98
44795,VESUVIO00044795.log,32,temp,2021-05-10T20:46:33 Water_Bath_Temp 20.97
44795,VESUVIO00044795.log,88,sample,2021-05-10T21:10:20 Sample 829.4179356845098
44795,VESUVIO00044795.log,108,temp,2021-05-10T21:16:50 Water_Bath_Temp 20.97
44795,VESUVIO00044795.log,111,temp,2021-05-10T21:18:19 Water_Bath_Temp 20.96
44795,VESUVIO00044795.log,113,temp,2021-05-10T21:18:42 Water_Bath_Temp 20.97
44795,VESUVIO00044795.log,117,temp,2021-05-10T21:19:49 Water_Bath_Temp 20.96
44795,VESUVIO00044795.log,120,temp,2021-05-10T21:21:08 Water_Bath_Temp 20.97
44795,VESUVIO00044795.log,122,temp,2021-05-10T21:21:46 Water_Bath_Temp 20.96
44795,VESUVIO00044795.log,124,temp,2021-05-10T21:22:13 Water_Bath_Temp 20.97
44795,VESUVIO00044795.log,127,temp,2021-05-10T21:22:49 Water_Bath_Temp 20.96
44795,VESUVIO00044795.log,129,temp,2021-05-10T21:23:19 Water_Bath_Temp 20.97
44795,VESUVIO00044795.log,132,temp,2021-05-10T21:24:19 Water_Bath_Temp 20.96
44795,VESUVIO00044795.log,135,temp,2021-05-10T21:25:18 Water_Bath_Temp 20.97
44795,VESUVIO00044795.log,137,temp,2021-05-10T21:25:50 Water_Bath_Temp 20.96
44795,VESUVIO00044795.log,141,temp,2021-05-10T21:27:19 Water_Bath_Temp 20.97
44795,VESUVIO00044795.log,142,temp,2021-05-10T21:27:45 Water_Bath_Temp 20.96
44795,VESUVIO00044795.log,148,temp,2021-05-10T21:29:49 Water_Bath_Temp 20.97
44795,VESUVIO00044795.log,149,temp,2021-05-10T21:30:10 Water_Bath_Temp 20.96
44795,VESUVIO00044795.log,179,sample,2021-05-10T21:40:05 Sample 829.4179356845098
44795,VESUVIO00044795.log,182,temp,2021-05-10T21:40:05 Water_Bath_Temp 20.96
45131,VESUVIO00045131_ICPdebug.txt,13,detector,"2021-05-25T11:33:54 Highest dae, detector card, crate number used = 0, 2, 2"
45131,VESUVIO00045131_ICPdebug.txt,34,channel,2021-05-25T11:33:57 Programming Time channels
45131,VESUVIO00045131_ICPdebug.txt,37,channel,2021-05-25T11:33:57 Setting 9729 time channels from 5.000000 to 39999.000000 us on card 0
45131,VESUVIO00045131_ICPdebug.txt,39,channel,2021-05-25T11:33:57 Setting 9729 time channels from 5.000000 to 39999.000000 us on card 1
45131,VESUVIO00045131_ICPdebug.txt,41,channel,2021-05-25T11:33:57 Setting 9729 time channels from 5.000000 to 39999.000000 us on card 2
44726,VESUVIO00044726_ICPdebug.txt,13,detector,"2021-05-08T19:04:41 Highest dae, detector card, crate number used = 0, 2, 2"
44726,VESUVIO00044726_ICPdebug.txt,34,channel,2021-05-08T19:04:43 Programming Time channels
44726,VESUVIO00044726_ICPdebug.txt,37,channel,2021-05-08T19:04:43 Setting 9729 time channels from 5.000000 to 39999.000000 us on card 0
44726,VESUVIO00044726_ICPdebug.txt,39,channel,2021-05-08T19:04:43 Setting 9729 time channels from 5.000000 to 39999.000000 us on card 1
44726,VESUVIO00044726_ICPdebug.txt,41,channel,2021-05-08T19:04:43 Setting 9729 time channels from 5.000000 to 39999.000000 us on card 2
44782,VESUVIO00044782.log,11,sample,2021-05-10T13:13:30 Sample 829.4179356845098
44782,VESUVIO00044782.log,14,temp,2021-05-10T13:13:30 Water_Bath_Temp 21.07
44782,VESUVIO00044782.log,52,temp,2021-05-10T13:25:58 Water_Bath_Temp 21.06
44782,VESUVIO00044782.log,53,temp,2021-05-10T13:26:00 Water_Bath_Temp 21.07
44782,VESUVIO00044782.log,65,sample,2021-05-10T13:27:52 Sample 829.4179356845098
44782,VESUVIO00044782.log,68,temp,2021-05-10T13:27:52 Water_Bath_Temp 21.07
44765,VESUVIO00044765_ICPdebug.txt,13,detector,"2021-05-09T21:47:01 Highest dae, detector card, crate number used = 0, 2, 2"
44765,VESUVIO00044765_ICPdebug.txt,36,channel,2021-05-09T21:48:01 Programming Time channels
44765,VESUVIO00044765_ICPdebug.txt,39,channel,2021-05-09T21:48:01 Setting 9729 time channels from 5.000000 to 39999.000000 us on card 0
44765,VESUVIO00044765_ICPdebug.txt,41,channel,2021-05-09T21:48:01 Setting 9729 time channels from 5.000000 to 39999.000000 us on card 1
44765,VESUVIO00044765_ICPdebug.txt,43,channel,2021-05-09T21:48:01 Setting 9729 time channels from 5.000000 to 39999.000000 us on card 2
44747,VESUVIO00044747_ICPdebug.txt,13,detector,"2021-05-09T11:35:27 Highest dae, detector card, crate number used = 0, 2, 2"
44747,VESUVIO00044747_ICPdebug.txt,36,channel,2021-05-09T11:36:28 Programming Time channels
44747,VESUVIO00044747_ICPdebug.txt,39,channel,2021-05-09T11:36:28 Setting 9729 time channels from 5.000000 to 39999.000000 us on card 0
44747,VESUVIO00044747_ICPdebug.txt,41,channel,2021-05-09T11:36:28 Setting 9729 time channels from 5.000000 to 39999.000000 us on card 1
44747,VESUVIO00044747_ICPdebug.txt,43,channel,2021-05-09T11:36:28 Setting 9729 time channels from 5.000000 to 39999.000000 us on card 2
44722,VESUVIO00044722.log,2,temp,2021-05-08T18:05:58 Water_Bath_Temp 20.46
44722,VESUVIO00044722.log,4,temp,2021-05-08T18:08:28 Water_Bath_Temp 20.45
44722,VESUVIO00044722.log,13,sample,2021-05-08T18:09:12 Sample 829.4179356845098
44722,VESUVIO00044722.log,16,temp,2021-05-08T18:09:12 Water_Bath_Temp 20.45
44722,VESUVIO00044722.log,23,temp,2021-05-08T18:09:41 Water_Bath_Temp 20.46
44722,VESUVIO00044722.log,24,temp,2021-05-08T18:10:03 Water_Bath_Temp 20.45
44722,VESUVIO00044722.log,56,sample,2021-05-08T18:19:49 Sample 829.4179356845098
44722,VESUVIO00044722.log,59,temp,2021-05-08T18:19:49 Water_Bath_Temp 20.45
44481,VESUVIO00044481.log,9,sample,2021-04-29T06:02:30 Sample 829.4179356845098
44481,VESUVIO00044481.log,96,sample,2021-04-29T06:32:29 Sample 829.4179356845098
44481,VESUVIO00044481.log,175,sample,2021-04-29T07:02:29 Sample 829.4179356845098
44481,VESUVIO00044481.log,218,sample,2021-04-29T07:13:51 Sample 829.4179356845098
44764,VESUVIO00044764_ICPdebug.txt,13,detector,"2021-05-09T20:36:16 Highest dae, detector card, crate number used = 0, 2, 2"
44764,VESUVIO00044764_ICPdebug.txt,36,channel,2021-05-09T20:37:17 Programming Time channels
44764,VESUVIO00044764_ICPdebug.txt,39,channel,2021-05-09T20:37:17 Setting 9729 time channels from 5.000000 to 39999.000000 us on card 0
44764,VESUVIO00044764_ICPdebug.txt,41,channel,2021-05-09T20:37:17 Setting 9729 time channels from 5.000000 to 39999.000000 us on card 1
44764,VESUVIO00044764_ICPdebug.txt,43,channel,2021-05-09T20:37:17 Setting 9729 time channels from 5.000000 to 39999.000000 us on card 2
44764,VESUVIO00044764_ICPdebug.txt,108,detector,"2021-05-09T20:42:17 Highest dae, detector card, crate number used = 0, 2, 2"
44764,VESUVIO00044764_ICPdebug.txt,131,channel,2021-05-09T20:43:17 Programming Time channels
44764,VESUVIO00044764_ICPdebug.txt,134,channel,2021-05-09T20:43:17 Setting 9729 time channels from 5.000000 to 39999.000000 us on card 0
44764,VESUVIO00044764_ICPdebug.txt,136,channel,2021-05-09T20:43:17 Setting 9729 time channels from 5.000000 to 39999.000000 us on card 1
44764,VESUVIO00044764_ICPdebug.txt,138,channel,2021-05-09T20:43:17 Setting 9729 time channels from 5.000000 to 39999.000000 us on card 2
44792,VESUVIO00044792_ICPdebug.txt,15,detector,"2021-05-10T17:40:33 Highest dae, detector card, crate number used = 0, 2, 2"
44792,VESUVIO00044792_ICPdebug.txt,36,channel,2021-05-10T17:40:35 Programming Time channels
44792,VESUVIO00044792_ICPdebug.txt,39,channel,2021-05-10T17:40:35 Setting 9729 time channels from 5.000000 to 39999.000000 us on card 0
44792,VESUVIO00044792_ICPdebug.txt,41,channel,2021-05-10T17:40:35 Setting 9729 time channels from 5.000000 to 39999.000000 us on card 1
44792,VESUVIO00044792_ICPdebug.txt,43,channel,2021-05-10T17:40:35 Setting 9729 time channels from 5.000000 to 39999.000000 us on card 2
44728,VESUVIO00044728.log,9,sample,2021-05-08T19:26:15 Sample 829.4179356845098
44728,VESUVIO00044728.log,12,temp,2021-05-08T19:26:15 Water_Bath_Temp 20.44
44728,VESUVIO00044728.log,39,temp,2021-05-08T19:35:44 Water_Bath_Temp 20.43
44728,VESUVIO00044728.log,42,temp,2021-05-08T19:36:11 Water_Bath_Temp 20.44
44728,VESUVIO00044728.log,52,sample,2021-05-08T19:36:48 Sample 829.4179356845098
44728,VESUVIO00044728.log,55,temp,2021-05-08T19:36:48 Water_Bath_Temp 20.44
44712,VESUVIO00044712.log,14,temp,2021-05-08T15:28:12 Water_Bath_Temp 20.53
44712,VESUVIO00044712.log,23,temp,2021-05-08T15:40:14 Water_Bath_Temp 20.52
44712,VESUVIO00044712.log,24,temp,2021-05-08T15:40:38 Water_Bath_Temp 20.53
44712,VESUVIO00044712.log,26,temp,2021-05-08T15:41:12 Water_Bath_Temp 20.52
44712,VESUVIO00044712.log,27,temp,2021-05-08T15:41:44 Water_Bath_Temp 20.53
44712,VESUVIO00044712.log,28,temp,2021-05-08T15:42:09 Water_Bath_Temp 20.52
44712,VESUVIO00044712.log,38,sample,2021-05-08T15:46:45 Sample 829.4179356845098
44712,VESUVIO00044712.log,60,temp,2021-05-08T15:54:37 Water_Bath_Temp 20.51
44712,VESUVIO00044712.log,65,temp,2021-05-08T15:55:43 Water_Bath_Temp 20.52
44712,VESUVIO00044712.log,68,temp,2021-05-08T15:56:05 Water_Bath_Temp 20.51
44712,VESUVIO00044712.log,94,sample,2021-05-08T16:01:26 Sample 829.4179356845098
44712,VESUVIO00044712.log,97,temp,2021-05-08T16:01:26 Water_Bath_Temp 20.51
44712,VESUVIO00044712.log,126,temp,2021-05-08T16:07:54 Water_Bath_Temp 20.5
44712,VESUVIO00044712.log,134,temp,2021-05-08T16:09:54 Water_Bath_Temp 20.51
44712,VESUVIO00044712.log,139,temp,2021-05-08T16:11:20 Water_Bath_Temp 20.5
44712,VESUVIO00044712.log,149,sample,2021-05-08T16:11:59 Sample 829.4179356845098
44712,VESUVIO00044712.log,152,temp,2021-05-08T16:11:59 Water_Bath_Temp 20.5
44793,VESUVIO00044793.log,12,sample,2021-05-10T18:40:32 Sample 829.4179356845098
44793,VESUVIO00044793.log,15,temp,2021-05-10T18:40:32 Water_Bath_Temp 20.99
44793,VESUVIO00044793.log,92,sample,2021-05-10T19:10:31 Sample 829.4179356845098
44793,VESUVIO00044793.log,95,temp,2021-05-10T19:10:31 Water_Bath_Temp 20.99
44793,VESUVIO00044793.log,111,temp,2021-05-10T19:16:00 Water_Bath_Temp 20.98
44793,VESUVIO00044793.log,113,temp,2021-05-10T19:16:18 Water_Bath_Temp 20.99
44793,VESUVIO00044793.log,130,temp,2021-05-10T19:23:30 Water_Bath_Temp 20.98
44793,VESUVIO00044793.log,134,temp,2021-05-10T19:24:27 Water_Bath_Temp 20.99
44793,VESUVIO00044793.log,137,temp,2021-05-10T19:25:30 Water_Bath_Temp 20.98
44793,VESUVIO00044793.log,139,temp,2021-05-10T19:25:59 Water_Bath_Temp 20.99
44793,VESUVIO00044793.log,144,temp,2021-05-10T19:28:00 Water_Bath_Temp 20.98
44793,VESUVIO00044793.log,147,temp,2021-05-10T19:28:56 Water_Bath_Temp 20.99
44793,VESUVIO00044793.log,154,temp,2021-05-10T19:31:49 Water_Bath_Temp 20.98
44793,VESUVIO00044793.log,156,temp,2021-05-10T19:32:26 Water_Bath_Temp 20.99
44793,VESUVIO00044793.log,159,temp,2021-05-10T19:33:27 Water_Bath_Temp 20.98
44793,VESUVIO00044793.log,163,temp,2021-05-10T19:34:00 Water_Bath_Temp 20.99
44793,VESUVIO00044793.log,167,temp,2021-05-10T19:35:30 Water_Bath_Temp 20.98
44793,VESUVIO00044793.log,170,temp,2021-05-10T19:36:28 Water_Bath_Temp 20.99
44793,VESUVIO00044793.log,173,temp,2021-05-10T19:37:49 Water_Bath_Temp 20.98
44793,VESUVIO00044793.log,177,temp,2021-05-10T19:39:00 Water_Bath_Temp 20.99
44793,VESUVIO00044793.log,178,temp,2021-05-10T19:39:27 Water_Bath_Temp 20.98
44793,VESUVIO00044793.log,190,sample,2021-05-10T19:40:16 Sample 829.4179356845098
44793,VESUVIO00044793.log,193,temp,2021-05-10T19:40:16 Water_Bath_Temp 20.99
44735,VESUVIO00044735.log,10,sample,2021-05-09T02:33:48 Sample 829.4179356845098
44735,VESUVIO00044735.log,13,temp,2021-05-09T02:33:48 Water_Bath_Temp 20.17
44735,VESUVIO00044735.log,30,temp,2021-05-09T02:39:44 Water_Bath_Temp 20.16
44735,VESUVIO00044735.log,32,temp,2021-05-09T02:40:15 Water_Bath_Temp 20.17
44735,VESUVIO00044735.log,34,temp,2021-05-09T02:40:38 Water_Bath_Temp 20.16
44735,VESUVIO00044735.log,60,temp,2021-05-09T02:51:36 Water_Bath_Temp 20.15
44735,VESUVIO00044735.log,79,temp,2021-05-09T02:59:46 Water_Bath_Temp 20.14
44735,VESUVIO00044735.log,80,temp,2021-05-09T03:00:10 Water_Bath_Temp 20.15
44735,VESUVIO00044735.log,84,temp,2021-05-09T03:01:43 Water_Bath_Temp 20.14
44735,VESUVIO00044735.log,93,sample,2021-05-09T03:03:47 Sample 829.4179356845098
44735,VESUVIO00044735.log,113,temp,2021-05-09T03:10:44 Water_Bath_Temp 20.13
44735,VESUVIO00044735.log,115,temp,2021-05-09T03:11:11 Water_Bath_Temp 20.14
44735,VESUVIO00044735.log,117,temp,2021-05-09T03:11:44 Water_Bath_Temp 20.13
44735,VESUVIO00044735.log,141,temp,2021-05-09T03:21:42 Water_Bath_Temp 20.12
44735,VESUVIO00044735.log,143,temp,2021-05-09T03:22:14 Water_Bath_Temp 20.13
44735,VESUVIO00044735.log,144,temp,2021-05-09T03:22:28 Water_Bath_Temp 20.12
44735,VESUVIO00044735.log,166,temp,2021-05-09T03:32:34 Water_Bath_Temp 20.11
44735,VESUVIO00044735.log,173,sample,2021-05-09T03:33:47 Sample 829.4179356845098
44735,VESUVIO00044735.log,195,sample,2021-05-09T03:37:21 Sample 829.4179356845098
44735,VESUVIO00044735.log,198,temp,2021-05-09T03:37:21 Water_Bath_Temp 20.11
44483,VESUVIO00044483.log,9,sample,2021-04-29T08:20:51 Sample 829.4179356845098
44483,VESUVIO00044483.log,101,sample,2021-04-29T08:50:51 Sample 829.4179356845098
44483,VESUVIO00044483.log,197,sample,2021-04-29T09:20:51 Sample 829.4179356845098
44483,VESUVIO00044483.log,232,sample,2021-04-29T09:27:53 Sample 829.4179356845098
44752,VESUVIO00044752.log,12,sample,2021-05-09T12:32:38 Sample 829.4179356845098
44752,VESUVIO00044752.log,15,temp,2021-05-09T12:32:38 Water_Bath_Temp 20.18
44752,VESUVIO00044752.log,29,temp,2021-05-09T12:35:04 Water_Bath_Temp 20.19
44752,VESUVIO00044752.log,31,temp,2021-05-09T12:35:32 Water_Bath_Temp 20.18
44752,VESUVIO00044752.log,34,temp,2021-05-09T12:36:06 Water_Bath_Temp 20.19
44752,VESUVIO00044752.log,55,sample,2021-05-09T12:39:43 Sample 829.4179356845098
44752,VESUVIO00044752.log,58,temp,2021-05-09T12:39:43 Water_Bath_Temp 20.19
44730,VESUVIO00044730.log,10,sample,2021-05-08T20:52:07 Sample 829.4179356845098
44730,VESUVIO00044730.log,13,temp,2021-05-08T20:52:07 Water_Bath_Temp 20.42
44730,VESUVIO00044730.log,76,temp,2021-05-08T21:17:35 Water_Bath_Temp 20.41
44730,VESUVIO00044730.log,77,temp,2021-05-08T21:17:55 Water_Bath_Temp 20.42
44730,VESUVIO00044730.log,80,temp,2021-05-08T21:19:01 Water_Bath_Temp 20.41
44730,VESUVIO00044730.log,84,temp,2021-05-08T21:20:05 Water_Bath_Temp 20.42
44730,VESUVIO00044730.log,93,sample,2021-05-08T21:22:06 Sample 829.4179356845098
44730,VESUVIO00044730.log,101,temp,2021-05-08T21:23:02 Water_Bath_Temp 20.41
44730,VESUVIO00044730.log,106,temp,2021-05-08T21:24:34 Water_Bath_Temp 20.42
44730,VESUVIO00044730.log,107,temp,2021-05-08T21:24:55 Water_Bath_Temp 20.41
44730,VESUVIO00044730.log,110,temp,2021-05-08T21:25:34 Water_Bath_Temp 20.42
44730,VESUVIO00044730.log,112,temp,2021-05-08T21:25:55 Water_Bath_Temp 20.41
44730,VESUVIO00044730.log,115,temp,2021-05-08T21:26:35 Water_Bath_Temp 20.42
44730,VESUVIO00044730.log,116,temp,2021-05-08T21:26:58 Water_Bath_Temp 20.41
44730,VESUVIO00044730.log,174,sample,2021-05-08T21:52:06 Sample 829.4179356845098
44730,VESUVIO00044730.log,183,temp,2021-05-08T21:53:03 Water_Bath_Temp 20.4
44730,VESUVIO00044730.log,196,sample,2021-05-08T21:55:32 Sample 829.4179356845098
44730,VESUVIO00044730.log,199,temp,2021-05-08T21:55:32 Water_Bath_Temp 20.41
44772,VESUVIO00044772_ICPdebug.txt,13,detector,"2021-05-10T05:21:13 Highest dae, detector card, crate number used = 0, 2, 2"
44772,VESUVIO00044772_ICPdebug.txt,36,channel,2021-05-10T05:22:13 Programming Time channels
44772,VESUVIO00044772_ICPdebug.txt,39,channel,2021-05-10T05:22:13 Setting 9729 time channels from 5.000000 to 39999.000000 us on card 0
44772,VESUVIO00044772_ICPdebug.txt,41,channel,2021-05-10T05:22:13 Setting 9729 time channels from 5.000000 to 39999.000000 us on card 1
44772,VESUVIO00044772_ICPdebug.txt,43,channel,2021-05-10T05:22:13 Setting 9729 time channels from 5.000000 to 39999.000000 us on card 2
44475,VESUVIO00044475_ICPdebug.txt,15,detector,"2021-04-28T19:38:17 Highest dae, detector card, crate number used = 0, 2, 2"
44475,VESUVIO00044475_ICPdebug.txt,36,channel,2021-04-28T19:38:19 Programming Time channels
44475,VESUVIO00044475_ICPdebug.txt,39,channel,2021-04-28T19:38:19 Setting 9729 time channels from 5.000000 to 39999.000000 us on card 0
44475,VESUVIO00044475_ICPdebug.txt,41,channel,2021-04-28T19:38:19 Setting 9729 time channels from 5.000000 to 39999.000000 us on card 1
44475,VESUVIO00044475_ICPdebug.txt,43,channel,2021-04-28T19:38:19 Setting 9729 time channels from 5.000000 to 39999.000000 us on card 2
44475,VESUVIO00044475_ICPdebug.txt,186,detector,"2021-04-28T20:05:18 Highest dae, detector card, crate number used = 0, 2, 2"
44475,VESUVIO00044475_ICPdebug.txt,207,channel,2021-04-28T20:05:20 Programming Time channels
44475,VESUVIO00044475_ICPdebug.txt,210,channel,2021-04-28T20:05:20 Setting 9729 time channels from 5.000000 to 39999.000000 us on card 0
44475,VESUVIO00044475_ICPdebug.txt,212,channel,2021-04-28T20:05:20 Setting 9729 time channels from 5.000000 to 39999.000000 us on card 1
44475,VESUVIO00044475_ICPdebug.txt,214,channel,2021-04-28T20:05:20 Setting 9729 time channels from 5.000000 to 39999.000000 us on card 2
44475,VESUVIO00044475_ICPdebug.txt,279,detector,"2021-04-28T20:12:09 Highest dae, detector card, crate number used = 0, 2, 2"
44475,VESUVIO00044475_ICPdebug.txt,300,channel,2021-04-28T20:12:12 Programming Time channels
44475,VESUVIO00044475_ICPdebug.txt,303,channel,2021-04-28T20:12:12 Setting 9729 time channels from 5.000000 to 39999.000000 us on card 0
44475,VESUVIO00044475_ICPdebug.txt,305,channel,2021-04-28T20:12:12 Setting 9729 time channels from 5.000000 to 39999.000000 us on card 1
44475,VESUVIO00044475_ICPdebug.txt,307,channel,2021-04-28T20:12:12 Setting 9729 time channels from 5.000000 to 39999.000000 us on card 2
44475,VESUVIO00044475_ICPdebug.txt,372,detector,"2021-04-28T20:16:49 Highest dae, detector card, crate number used = 0, 2, 2"
44475,VESUVIO00044475_ICPdebug.txt,393,channel,2021-04-28T20:16:51 Programming Time channels
44475,VESUVIO00044475_ICPdebug.txt,396,channel,2021-04-28T20:16:51 Setting 9729 time channels from 5.000000 to 39999.000000 us on card 0
44475,VESUVIO00044475_ICPdebug.txt,398,channel,2021-04-28T20:16:51 Setting 9729 time channels from 5.000000 to 39999.000000 us on card 1
44475,VESUVIO00044475_ICPdebug.txt,400,channel,2021-04-28T20:16:51 Setting 9729 time channels from 5.000000 to 39999.000000 us on card 2
44475,VESUVIO00044475_ICPdebug.txt,491,detector,"2021-04-28T20:20:02 Highest dae, detector card, crate number used = 0, 2, 2"
44475,VESUVIO00044475_ICPdebug.txt,512,channel,2021-04-28T20:20:04 Programming Time channels
44475,VESUVIO00044475_ICPdebug.txt,515,channel,2021-04-28T20:20:04 Setting 9729 time channels from 5.000000 to 39999.000000 us on card 0
44475,VESUVIO00044475_ICPdebug.txt,517,channel,2021-04-28T20:20:04 Setting 9729 time channels from 5.000000 to 39999.000000 us on card 1
44475,VESUVIO00044475_ICPdebug.txt,519,channel,2021-04-28T20:20:04 Setting 9729 time channels from 5.000000 to 39999.000000 us on card 2
44749,VESUVIO00044749_ICPdebug.txt,15,detector,"2021-05-09T12:06:58 Highest dae, detector card, crate number used = 0, 2, 2"
44749,VESUVIO00044749_ICPdebug.txt,38,channel,2021-05-09T12:07:59 Programming Time channels
44749,VESUVIO00044749_ICPdebug.txt,41,channel,2021-05-09T12:07:59 Setting 9729 time channels from 5.000000 to 39999.000000 us on card 0
44749,VESUVIO00044749_ICPdebug.txt,43,channel,2021-05-09T12:07:59 Setting 9729 time channels from 5.000000 to 39999.000000 us on card 1
44749,VESUVIO00044749_ICPdebug.txt,45,channel,2021-05-09T12:07:59 Setting 9729 time channels from 5.000000 to 39999.000000 us on card 2
44479,VESUVIO00044479_ICPdebug.txt,13,detector,"2021-04-29T00:46:58 Highest dae, detector card, crate number used = 0, 2, 2"
44479,VESUVIO00044479_ICPdebug.txt,34,channel,2021-04-29T00:47:00 Programming Time channels
44479,VESUVIO00044479_ICPdebug.txt,37,channel,2021-04-29T00:47:00 Setting 9729 time channels from 5.000000 to 39999.000000 us on card 0
44479,VESUVIO00044479_ICPdebug.txt,39,channel,2021-04-29T00:47:00 Setting 9729 time channels from 5.000000 to 39999.000000 us on card 1
44479,VESUVIO00044479_ICPdebug.txt,41,channel,2021-04-29T00:47:00 Setting 9729 time channels from 5.000000 to 39999.000000 us on card 2
44789,VESUVIO00044789_ICPdebug.txt,13,detector,"2021-05-10T14:40:11 Highest dae, detector card, crate number used = 0, 2, 2"
44789,VESUVIO00044789_ICPdebug.txt,36,channel,2021-05-10T14:41:12 Programming Time channels
44789,VESUVIO00044789_ICPdebug.txt,39,channel,2021-05-10T14:41:12 Setting 9729 time channels from 5.000000 to 39999.000000 us on card 0
44789,VESUVIO00044789_ICPdebug.txt,41,channel,2021-05-10T14:41:12 Setting 9729 time channels from 5.000000 to 39999.000000 us on card 1
44789,VESUVIO00044789_ICPdebug.txt,43,channel,2021-05-10T14:41:12 Setting 9729 time channels from 5.000000 to 39999.000000 us on card 2
44733,VESUVIO00044733_ICPdebug.txt,13,detector,"2021-05-09T00:23:22 Highest dae, detector card, crate number used = 0, 2, 2"
44733,VESUVIO00044733_ICPdebug.txt,36,channel,2021-05-09T00:24:22 Programming Time channels
44733,VESUVIO00044733_ICPdebug.txt,39,channel,2021-05-09T00:24:22 Setting 9729 time channels from 5.000000 to 39999.000000 us on card 0
44733,VESUVIO00044733_ICPdebug.txt,41,channel,2021-05-09T00:24:22 Setting 9729 time channels from 5.000000 to 39999.000000 us on card 1
44733,VESUVIO00044733_ICPdebug.txt,43,channel,2021-05-09T00:24:22 Setting 9729 time channels from 5.000000 to 39999.000000 us on card 2
45132,VESUVIO00045132.log,12,sample,2021-05-25T12:19:24 Sample 827.6352577318944
45132,VESUVIO00045132.log,140,sample,2021-05-25T12:49:23 Sample 827.6352577318944
45132,VESUVIO00045132.log,165,sample,2021-05-25T12:52:24 Sample 827.6352577318944
44768,VESUVIO00044768_ICPdebug.txt,13,detector,"2021-05-10T01:01:47 Highest dae, detector card, crate number used = 0, 2, 2"
44768,VESUVIO00044768_ICPdebug.txt,36,channel,2021-05-10T01:02:47 Programming Time channels
44768,VESUVIO00044768_ICPdebug.txt,39,channel,2021-05-10T01:02:47 Setting 9729 time channels from 5.000000 to 39999.000000 us on card 0
44768,VESUVIO00044768_ICPdebug.txt,41,channel,2021-05-10T01:02:47 Setting 9729 time channels from 5.000000 to 39999.000000 us on card 1
44768,VESUVIO00044768_ICPdebug.txt,43,channel,2021-05-10T01:02:47 Setting 9729 time channels from 5.000000 to 39999.000000 us on card 2
44720,VESUVIO00044720.log,5,sample,2021-05-08T17:44:11 Sample 829.4179356845098
44720,VESUVIO00044720.log,8,temp,2021-05-08T17:44:11 Water_Bath_Temp 20.46
44720,VESUVIO00044720.log,62,sample,2021-05-08T17:54:46 Sample 829.4179356845098
44720,VESUVIO00044720.log,65,temp,2021-05-08T17:54:46 Water_Bath_Temp 20.46
44723,VESUVIO00044723_ICPdebug.txt,15,detector,"2021-05-08T18:27:24 Highest dae, detector card, crate number used = 0, 2, 2"
44723,VESUVIO00044723_ICPdebug.txt,36,channel,2021-05-08T18:27:26 Programming Time channels
44723,VESUVIO00044723_ICPdebug.txt,39,channel,2021-05-08T18:27:26 Setting 9729 time channels from 5.000000 to 39999.000000 us on card 0
44723,VESUVIO00044723_ICPdebug.txt,41,channel,2021-05-08T18:27:26 Setting 9729 time channels from 5.000000 to 39999.000000 us on card 1
44723,VESUVIO00044723_ICPdebug.txt,43,channel,2021-05-08T18:27:26 Setting 9729 time channels from 5.000000 to 39999.000000 us on card 2
44740,VESUVIO00044740.log,15,sample,2021-05-09T07:57:26 Sample 829.4179356845098
44740,VESUVIO00044740.log,18,temp,2021-05-09T07:57:26 Water_Bath_Temp 19.97
44740,VESUVIO00044740.log,103,sample,2021-05-09T08:27:25 Sample 829.4179356845098
44740,VESUVIO00044740.log,106,temp,2021-05-09T08:27:25 Water_Bath_Temp 19.97
44740,VESUVIO00044740.log,180,temp,2021-05-09T08:57:25 Water_Bath_Temp 19.98
44740,VESUVIO00044740.log,184,sample,2021-05-09T08:57:25 Sample 829.4179356845098
44740,VESUVIO00044740.log,191,temp,2021-05-09T08:57:44 Water_Bath_Temp 19.97
44740,VESUVIO00044740.log,197,temp,2021-05-09T09:00:22 Water_Bath_Temp 19.98
44740,VESUVIO00044740.log,208,sample,2021-05-09T09:01:04 Sample 829.4179356845098
44740,VESUVIO00044740.log,211,temp,2021-05-09T09:01:04 Water_Bath_Temp 19.98
44779,VESUVIO00044779.log,2,temp,2021-05-10T12:39:17 Water_Bath_Temp 21.09
44779,VESUVIO00044779.log,3,temp,2021-05-10T12:39:22 Water_Bath_Temp 21.1
44779,VESUVIO00044779.log,7,temp,2021-05-10T12:41:43 Water_Bath_Temp 21.09
44779,VESUVIO00044779.log,30,sample,2021-05-10T12:50:11 Sample 829.4179356845098
44779,VESUVIO00044779.log,32,temp,2021-05-10T12:50:11 Water_Bath_Temp 21.09
44779,VESUVIO00044779.log,65,temp,2021-05-10T12:55:27 Water_Bath_Temp 21.08
44779,VESUVIO00044779.log,73,temp,2021-05-10T12:56:36 Water_Bath_Temp 21.09
44779,VESUVIO00044779.log,83,sample,2021-05-10T12:56:50 Sample 829.4179356845098
44779,VESUVIO00044779.log,86,temp,2021-05-10T12:56:50 Water_Bath_Temp 21.08
44771,VESUVIO00044771.log,10,sample,2021-05-10T04:17:12 Sample 829.4179356845098
44771,VESUVIO00044771.log,12,temp,2021-05-10T04:17:12 Water_Bath_Temp 21.37
44771,VESUVIO00044771.log,30,temp,2021-05-10T04:23:40 Water_Bath_Temp 21.36
44771,VESUVIO00044771.log,32,temp,2021-05-10T04:24:03 Water_Bath_Temp 21.37
44771,VESUVIO00044771.log,40,temp,2021-05-10T04:27:09 Water_Bath_Temp 21.36
44771,VESUVIO00044771.log,43,temp,2021-05-10T04:28:10 Water_Bath_Temp 21.37
44771,VESUVIO00044771.log,45,temp,2021-05-10T04:29:08 Water_Bath_Temp 21.36
44771,VESUVIO00044771.log,49,temp,2021-05-10T04:30:11 Water_Bath_Temp 21.37
44771,VESUVIO00044771.log,51,temp,2021-05-10T04:30:41 Water_Bath_Temp 21.36
44771,VESUVIO00044771.log,54,temp,2021-05-10T04:31:40 Water_Bath_Temp 21.37
44771,VESUVIO00044771.log,57,temp,2021-05-10T04:31:53 Water_Bath_Temp 21.36
44771,VESUVIO00044771.log,60,temp,2021-05-10T04:32:41 Water_Bath_Temp 21.37
44771,VESUVIO00044771.log,62,temp,2021-05-10T04:33:34 Water_Bath_Temp 21.36
44771,VESUVIO00044771.log,68,temp,2021-05-10T04:35:39 Water_Bath_Temp 21.37
44771,VESUVIO00044771.log,69,temp,2021-05-10T04:36:07 Water_Bath_Temp 21.36
44771,VESUVIO00044771.log,96,sample,2021-05-10T04:47:12 Sample 829.4179356845098
44771,VESUVIO00044771.log,138,temp,2021-05-10T05:02:11 Water_Bath_Temp 21.35
44771,VESUVIO00044771.log,140,temp,2021-05-10T05:02:13 Water_Bath_Temp 21.36
44771,VESUVIO00044771.log,160,temp,2021-05-10T05:10:39 Water_Bath_Temp 21.35
44771,VESUVIO00044771.log,162,temp,2021-05-10T05:11:06 Water_Bath_Temp 21.36
44771,VESUVIO00044771.log,165,temp,2021-05-10T05:12:03 Water_Bath_Temp 21.35
44771,VESUVIO00044771.log,168,temp,2021-05-10T05:12:41 Water_Bath_Temp 21.36
44771,VESUVIO00044771.log,170,temp,2021-05-10T05:13:37 Water_Bath_Temp 21.35
44771,VESUVIO00044771.log,182,sample,2021-05-10T05:17:12 Sample 829.4179356845098
44771,VESUVIO00044771.log,203,sample,2021-05-10T05:21:09 Sample 829.4179356845098
44771,VESUVIO00044771.log,206,temp,2021-05-10T05:21:09 Water_Bath_Temp 21.35
44798,VESUVIO00044798_ICPalarm.txt,7,temp,2021-05-11T09:53:43 Water_Bath_Temp STAT=STAT_WRITE_ALARM SEVR=SEVR_INVALID
44774,VESUVIO00044774_ICPdebug.txt,13,detector,"2021-05-10T07:30:47 Highest dae, detector card, crate number used = 0, 2, 2"
44774,VESUVIO00044774_ICPdebug.txt,36,channel,2021-05-10T07:31:48 Programming Time channels
44774,VESUVIO00044774_ICPdebug.txt,39,channel,2021-05-10T07:31:48 Setting 9729 time channels from 5.000000 to 39999.000000 us on card 0
44774,VESUVIO00044774_ICPdebug.txt,41,channel,2021-05-10T07:31:48 Setting 9729 time channels from 5.000000 to 39999.000000 us on card 1
44774,VESUVIO00044774_ICPdebug.txt,43,channel,2021-05-10T07:31:48 Setting 9729 time channels from 5.000000 to 39999.000000 us on card 2
44476,VESUVIO00044476_ICPdebug.txt,13,detector,"2021-04-28T21:25:14 Highest dae, detector card, crate number used = 0, 2, 2"
44476,VESUVIO00044476_ICPdebug.txt,34,channel,2021-04-28T21:25:16 Programming Time channels
44476,VESUVIO00044476_ICPdebug.txt,37,channel,2021-04-28T21:25:16 Setting 9729 time channels from 5.000000 to 39999.000000 us on card 0
44476,VESUVIO00044476_ICPdebug.txt,39,channel,2021-04-28T21:25:16 Setting 9729 time channels from 5.000000 to 39999.000000 us on card 1
44476,VESUVIO00044476_ICPdebug.txt,41,channel,2021-04-28T21:25:16 Setting 9729 time channels from 5.000000 to 39999.000000 us on card 2
44481,VESUVIO00044481_ICPdebug.txt,13,detector,"2021-04-29T06:02:23 Highest dae, detector card, crate number used = 0, 2, 2"
44481,VESUVIO00044481_ICPdebug.txt,34,channel,2021-04-29T06:02:25 Programming Time channels
44481,VESUVIO00044481_ICPdebug.txt,37,channel,2021-04-29T06:02:25 Setting 9729 time channels from 5.000000 to 39999.000000 us on card 0
44481,VESUVIO00044481_ICPdebug.txt,39,channel,2021-04-29T06:02:25 Setting 9729 time channels from 5.000000 to 39999.000000 us on card 1
44481,VESUVIO00044481_ICPdebug.txt,41,channel,2021-04-29T06:02:25 Setting 9729 time channels from 5.000000 to 39999.000000 us on card 2
44794,VESUVIO00044794.log,9,sample,2021-05-10T19:40:26 Sample 829.4179356845098
44794,VESUVIO00044794.log,12,temp,2021-05-10T19:40:26 Water_Bath_Temp 20.98
44794,VESUVIO00044794.log,21,temp,2021-05-10T19:42:21 Water_Bath_Temp 20.99
44794,VESUVIO00044794.log,22,temp,2021-05-10T19:42:47 Water_Bath_Temp 20.98
44794,VESUVIO00044794.log,86,sample,2021-05-10T20:10:25 Sample 829.4179356845098
44794,VESUVIO00044794.log,98,temp,2021-05-10T20:12:55 Water_Bath_Temp 20.98
44794,VESUVIO00044794.log,122,temp,2021-05-10T20:23:54 Water_Bath_Temp 20.97
44794,VESUVIO00044794.log,123,temp,2021-05-10T20:23:55 Water_Bath_Temp 20.98
44794,VESUVIO00044794.log,134,temp,2021-05-10T20:28:54 Water_Bath_Temp 20.97
44794,VESUVIO00044794.log,136,temp,2021-05-10T20:29:39 Water_Bath_Temp 20.98
44794,VESUVIO00044794.log,139,temp,2021-05-10T20:30:22 Water_Bath_Temp 20.97
44794,VESUVIO00044794.log,140,temp,2021-05-10T20:30:45 Water_Bath_Temp 20.98
44794,VESUVIO00044794.log,150,temp,2021-05-10T20:34:24 Water_Bath_Temp 20.97
44794,VESUVIO00044794.log,152,temp,2021-05-10T20:34:52 Water_Bath_Temp 20.98
44794,VESUVIO00044794.log,154,temp,2021-05-10T20:35:24 Water_Bath_Temp 20.97
44794,VESUVIO00044794.log,156,temp,2021-05-10T20:35:54 Water_Bath_Temp 20.98
44794,VESUVIO00044794.log,159,temp,2021-05-10T20:36:53 Water_Bath_Temp 20.97
44794,VESUVIO00044794.log,163,temp,2021-05-10T20:38:42 Water_Bath_Temp 20.98
44794,VESUVIO00044794.log,167,temp,2021-05-10T20:39:52 Water_Bath_Temp 20.97
44794,VESUVIO00044794.log,176,sample,2021-05-10T20:40:11 Sample 829.4179356845098
44794,VESUVIO00044794.log,179,temp,2021-05-10T20:40:11 Water_Bath_Temp 20.98
44798,VESUVIO00044798.log,2,temp,2021-05-10T23:41:44 Water_Bath_Temp 20.96
44798,VESUVIO00044798.log,3,temp,2021-05-10T23:42:13 Water_Bath_Temp 20.97
44798,VESUVIO00044798.log,4,temp,2021-05-10T23:42:44 Water_Bath_Temp 20.96
44798,VESUVIO00044798.log,5,temp,2021-05-10T23:43:07 Water_Bath_Temp 20.97
44798,VESUVIO00044798.log,6,temp,2021-05-10T23:47:14 Water_Bath_Temp 20.96
44798,VESUVIO00044798.log,7,temp,2021-05-10T23:47:41 Water_Bath_Temp 20.97
44798,VESUVIO00044798.log,14,sample,2021-05-11T00:09:46 Sample 829.4179356845098
44798,VESUVIO00044798.log,21,temp,2021-05-11T00:13:14 Water_Bath_Temp 20.98
44798,VESUVIO00044798.log,22,temp,2021-05-11T00:13:46 Water_Bath_Temp 20.97
44798,VESUVIO00044798.log,23,temp,2021-05-11T00:14:16 Water_Bath_Temp 20.98
44798,VESUVIO00044798.log,24,temp,2021-05-11T00:16:13 Water_Bath_Temp 20.97
44798,VESUVIO00044798.log,25,temp,2021-05-11T00:17:05 Water_Bath_Temp 20.98
44798,VESUVIO00044798.log,31,sample,2021-05-11T00:39:46 Sample 829.4179356845098
44798,VESUVIO00044798.log,38,temp,2021-05-11T00:44:16 Water_Bath_Temp 20.99
44798,VESUVIO00044798.log,39,temp,2021-05-11T00:44:45 Water_Bath_Temp 20.98
44798,VESUVIO00044798.log,40,temp,2021-05-11T00:45:15 Water_Bath_Temp 20.99
44798,VESUVIO00044798.log,41,temp,2021-05-11T00:45:16 Water_Bath_Temp 20.98
44798,VESUVIO00044798.log,42,temp,2021-05-11T00:48:16 Water_Bath_Temp 20.99
44798,VESUVIO00044798.log,43,temp,2021-05-11T00:48:40 Water_Bath_Temp 20.98
44798,VESUVIO00044798.log,44,temp,2021-05-11T00:49:36 Water_Bath_Temp 20.99
44798,VESUVIO00044798.log,45,temp,2021-05-11T00:52:44 Water_Bath_Temp 20.98
44798,VESUVIO00044798.log,46,temp,2021-05-11T00:53:15 Water_Bath_Temp 20.99
44798,VESUVIO00044798.log,47,temp,2021-05-11T00:54:12 Water_Bath_Temp 20.98
44798,VESUVIO00044798.log,48,temp,2021-05-11T00:54:42 Water_Bath_Temp 20.99
44798,VESUVIO00044798.log,49,temp,2021-05-11T00:55:14 Water_Bath_Temp 20.98
44798,VESUVIO00044798.log,50,temp,2021-05-11T00:55:40 Water_Bath_Temp 20.99
44798,VESUVIO00044798.log,53,temp,2021-05-11T00:56:45 Water_Bath_Temp 20.98
44798,VESUVIO00044798.log,54,temp,2021-05-11T00:57:15 Water_Bath_Temp 20.99
44798,VESUVIO00044798.log,58,sample,2021-05-11T01:09:46 Sample 829.4179356845098
44798,VESUVIO00044798.log,67,temp,2021-05-11T01:27:16 Water_Bath_Temp 20.99
44798,VESUVIO00044798.log,77,sample,2021-05-11T01:39:46 Sample 829.4179356845098
44798,VESUVIO00044798.log,84,temp,2021-05-11T01:44:14 Water_Bath_Temp 21
44798,VESUVIO00044798.log,85,temp,2021-05-11T01:44:35 Water_Bath_Temp 20.99
44798,VESUVIO00044798.log,86,temp,2021-05-11T01:49:14 Water_Bath_Temp 21
44798,VESUVIO00044798.log,87,temp,2021-05-11T01:49:45 Water_Bath_Temp 20.99
44798,VESUVIO00044798.log,88,temp,2021-05-11T01:52:43 Water_Bath_Temp 21
44798,VESUVIO00044798.log,89,temp,2021-05-11T01:53:13 Water_Bath_Temp 20.99
44798,VESUVIO00044798.log,91,temp,2021-05-11T01:57:15 Water_Bath_Temp 21
44798,VESUVIO00044798.log,92,temp,2021-05-11T01:57:25 Water_Bath_Temp 20.99
44798,VESUVIO00044798.log,93,temp,2021-05-11T02:04:13 Water_Bath_Temp 21
44798,VESUVIO00044798.log,94,temp,2021-05-11T02:04:46 Water_Bath_Temp 20.99
44798,VESUVIO00044798.log,95,temp,2021-05-11T02:05:42 Water_Bath_Temp 21
44798,VESUVIO00044798.log,96,temp,2021-05-11T02:06:11 Water_Bath_Temp 20.99
44798,VESUVIO00044798.log,97,temp,2021-05-11T02:06:43 Water_Bath_Temp 21
44798,VESUVIO00044798.log,98,temp,2021-05-11T02:07:10 Water_Bath_Temp 20.99
44798,VESUVIO00044798.log,103,sample,2021-05-11T02:09:46 Sample 829.4179356845098
44798,VESUVIO00044798.log,110,temp,2021-05-11T02:10:41 Water_Bath_Temp 21
44798,VESUVIO00044798.log,111,temp,2021-05-11T02:11:13 Water_Bath_Temp 20.99
44798,VESUVIO00044798.log,112,temp,2021-05-11T02:12:15 Water_Bath_Temp 21
44798,VESUVIO00044798.log,113,temp,2021-05-11T02:15:37 Water_Bath_Temp 20.99
44798,VESUVIO00044798.log,114,temp,2021-05-11T02:16:46 Water_Bath_Temp 21
44798,VESUVIO00044798.log,115,temp,2021-05-11T02:17:11 Water_Bath_Temp 20.99
44798,VESUVIO00044798.log,116,temp,2021-05-11T02:18:15 Water_Bath_Temp 21
44798,VESUVIO00044798.log,117,temp,2021-05-11T02:18:44 Water_Bath_Temp 20.99
44798,VESUVIO00044798.log,118,temp,2021-05-11T02:19:12 Water_Bath_Temp 21
44798,VESUVIO00044798.log,119,temp,2021-05-11T02:19:45 Water_Bath_Temp 20.99
44798,VESUVIO00044798.log,120,temp,2021-05-11T02:20:42 Water_Bath_Temp 21
44798,VESUVIO00044798.log,121,temp,2021-05-11T02:21:46 Water_Bath_Temp 20.99
44798,VESUVIO00044798.log,122,temp,2021-05-11T02:22:46 Water_Bath_Temp 21
44798,VESUVIO00044798.log,123,temp,2021-05-11T02:23:15 Water_Bath_Temp 20.99
44798,VESUVIO00044798.log,124,temp,2021-05-11T02:24:46 Water_Bath_Temp 21
44798,VESUVIO00044798.log,126,temp,2021-05-11T02:26:45 Water_Bath_Temp 20.99
44798,VESUVIO00044798.log,127,temp,2021-05-11T02:27:10 Water_Bath_Temp 21
44798,VESUVIO00044798.log,128,temp,2021-05-11T02:27:46 Water_Bath_Temp 20.99
44798,VESUVIO00044798.log,129,temp,2021-05-11T02:28:15 Water_Bath_Temp 21
44798,VESUVIO00044798.log,130,temp,2021-05-11T02:29:14 Water_Bath_Temp 20.99
44798,VESUVIO00044798.log,131,temp,2021-05-11T02:30:46 Water_Bath_Temp 21
44798,VESUVIO00044798.log,132,temp,2021-05-11T02:31:15 Water_Bath_Temp 20.99
44798,VESUVIO00044798.log,133,temp,2021-05-11T02:32:16 Water_Bath_Temp 21
44798,VESUVIO00044798.log,134,temp,2021-05-11T02:35:42 Water_Bath_Temp 20.99
44798,VESUVIO00044798.log,135,temp,2021-05-11T02:36:01 Water_Bath_Temp 21
44798,VESUVIO00044798.log,137,temp,2021-05-11T02:39:15 Water_Bath_Temp 20.99
44798,VESUVIO00044798.log,141,sample,2021-05-11T02:39:46 Sample 829.4179356845098
44798,VESUVIO00044798.log,147,temp,2021-05-11T02:40:13 Water_Bath_Temp 21
44798,VESUVIO00044798.log,149,temp,2021-05-11T02:41:12 Water_Bath_Temp 20.99
44798,VESUVIO00044798.log,150,temp,2021-05-11T02:41:35 Water_Bath_Temp 21
44798,VESUVIO00044798.log,151,temp,2021-05-11T02:42:15 Water_Bath_Temp 20.99
44798,VESUVIO00044798.log,152,temp,2021-05-11T02:42:32 Water_Bath_Temp 21
44798,VESUVIO00044798.log,153,temp,2021-05-11T02:44:43 Water_Bath_Temp 20.99
44798,VESUVIO00044798.log,154,temp,2021-05-11T02:45:15 Water_Bath_Temp 21
44798,VESUVIO00044798.log,155,temp,2021-05-11T02:46:43 Water_Bath_Temp 20.99
44798,VESUVIO00044798.log,156,temp,2021-05-11T02:47:45 Water_Bath_Temp 21
44798,VESUVIO00044798.log,157,temp,2021-05-11T02:48:14 Water_Bath_Temp 20.99
44798,VESUVIO00044798.log,158,temp,2021-05-11T02:48:46 Water_Bath_Temp 21
44798,VESUVIO00044798.log,159,temp,2021-05-11T02:49:15 Water_Bath_Temp 20.99
44798,VESUVIO00044798.log,160,temp,2021-05-11T02:49:45 Water_Bath_Temp 21
44798,VESUVIO00044798.log,161,temp,2021-05-11T02:50:45 Water_Bath_Temp 20.99
44798,VESUVIO00044798.log,162,temp,2021-05-11T02:51:10 Water_Bath_Temp 21
44798,VESUVIO00044798.log,163,temp,2021-05-11T02:51:44 Water_Bath_Temp 20.99
44798,VESUVIO00044798.log,164,temp,2021-05-11T02:52:08 Water_Bath_Temp 21
44798,VESUVIO00044798.log,165,temp,2021-05-11T02:53:15 Water_Bath_Temp 20.99
44798,VESUVIO00044798.log,166,temp,2021-05-11T02:53:44 Water_Bath_Temp 21
44798,VESUVIO00044798.log,168,temp,2021-05-11T02:56:37 Water_Bath_Temp 20.99
44798,VESUVIO00044798.log,169,temp,2021-05-11T02:57:38 Water_Bath_Temp 21
44798,VESUVIO00044798.log,170,temp,2021-05-11T02:59:15 Water_Bath_Temp 20.99
44798,VESUVIO00044798.log,171,temp,2021-05-11T03:00:15 Water_Bath_Temp 21
44798,VESUVIO00044798.log,172,temp,2021-05-11T03:00:40 Water_Bath_Temp 20.99
44798,VESUVIO00044798.log,173,temp,2021-05-11T03:01:41 Water_Bath_Temp 21
44798,VESUVIO00044798.log,174,temp,2021-05-11T03:02:45 Water_Bath_Temp 20.99
44798,VESUVIO00044798.log,175,temp,2021-05-11T03:03:08 Water_Bath_Temp 21
44798,VESUVIO00044798.log,176,temp,2021-05-11T03:05:16 Water_Bath_Temp 20.99
44798,VESUVIO00044798.log,177,temp,2021-05-11T03:05:43 Water_Bath_Temp 21
44798,VESUVIO00044798.log,182,sample,2021-05-11T03:09:46 Sample 829.4179356845098
44798,VESUVIO00044798.log,189,temp,2021-05-11T03:16:16 Water_Bath_Temp 20.99
44798,VESUVIO00044798.log,190,temp,2021-05-11T03:16:42 Water_Bath_Temp 21
44798,VESUVIO00044798.log,215,sample,2021-05-11T03:39:46 Sample 829.4179356845098
44798,VESUVIO00044798.log,224,temp,2021-05-11T03:46:46 Water_Bath_Temp 21
44798,VESUVIO00044798.log,229,sample,2021-05-11T04:09:46 Sample 829.4179356845098
44798,VESUVIO00044798.log,237,temp,2021-05-11T04:16:47 Water_Bath_Temp 21
44798,VESUVIO00044798.log,242,sample,2021-05-11T04:39:47 Sample 829.4179356845098
44798,VESUVIO00044798.log,250,temp,2021-05-11T04:46:47 Water_Bath_Temp 21
44798,VESUVIO00044798.log,255,sample,2021-05-11T05:09:47 Sample 829.4179356845098
44798,VESUVIO00044798.log,263,temp,2021-05-11T05:16:47 Water_Bath_Temp 21
44798,VESUVIO00044798.log,265,temp,2021-05-11T05:28:47 Water_Bath_Temp 20.99
44798,VESUVIO00044798.log,266,temp,2021-05-11T05:29:12 Water_Bath_Temp 21
44798,VESUVIO00044798.log,267,temp,2021-05-11T05:29:46 Water_Bath_Temp 20.99
44798,VESUVIO00044798.log,268,temp,2021-05-11T05:29:55 Water_Bath_Temp 21
44798,VESUVIO00044798.log,269,temp,2021-05-11T05:30:45 Water_Bath_Temp 20.99
44798,VESUVIO00044798.log,270,temp,2021-05-11T05:31:46 Water_Bath_Temp 21
44798,VESUVIO00044798.log,271,temp,2021-05-11T05:32:42 Water_Bath_Temp 20.99
44798,VESUVIO00044798.log,272,temp,2021-05-11T05:33:46 Water_Bath_Temp 21
44798,VESUVIO00044798.log,273,temp,2021-05-11T05:34:16 Water_Bath_Temp 20.99
44798,VESUVIO00044798.log,274,temp,2021-05-11T05:34:45 Water_Bath_Temp 21
44798,VESUVIO00044798.log,275,temp,2021-05-11T05:35:46 Water_Bath_Temp 20.99
44798,VESUVIO00044798.log,276,temp,2021-05-11T05:36:16 Water_Bath_Temp 21
44798,VESUVIO00044798.log,277,temp,2021-05-11T05:38:16 Water_Bath_Temp 20.99
44798,VESUVIO00044798.log,284,sample,2021-05-11T05:39:47 Sample 829.4179356845098
44798,VESUVIO00044798.log,290,temp,2021-05-11T05:40:15 Water_Bath_Temp 21
44798,VESUVIO00044798.log,292,temp,2021-05-11T05:40:43 Water_Bath_Temp 20.99
44798,VESUVIO00044798.log,294,temp,2021-05-11T05:44:46 Water_Bath_Temp 21
44798,VESUVIO00044798.log,295,temp,2021-05-11T05:45:10 Water_Bath_Temp 20.99
44798,VESUVIO00044798.log,302,sample,2021-05-11T06:09:47 Sample 829.4179356845098
44798,VESUVIO00044798.log,309,temp,2021-05-11T06:14:16 Water_Bath_Temp 20.98
44798,VESUVIO00044798.log,310,temp,2021-05-11T06:14:42 Water_Bath_Temp 20.99
44798,VESUVIO00044798.log,311,temp,2021-05-11T06:17:47 Water_Bath_Temp 20.98
44798,VESUVIO00044798.log,312,temp,2021-05-11T06:17:51 Water_Bath_Temp 20.99
44798,VESUVIO00044798.log,313,temp,2021-05-11T06:21:16 Water_Bath_Temp 20.98
44798,VESUVIO00044798.log,314,temp,2021-05-11T06:21:35 Water_Bath_Temp 20.99
44798,VESUVIO00044798.log,315,temp,2021-05-11T06:22:44 Water_Bath_Temp 20.98
44798,VESUVIO00044798.log,317,temp,2021-05-11T06:24:16 Water_Bath_Temp 20.99
44798,VESUVIO00044798.log,318,temp,2021-05-11T06:25:14 Water_Bath_Temp 20.98
44798,VESUVIO00044798.log,319,temp,2021-05-11T06:25:46 Water_Bath_Temp 20.99
44798,VESUVIO00044798.log,320,temp,2021-05-11T06:26:44 Water_Bath_Temp 20.98
44798,VESUVIO00044798.log,322,temp,2021-05-11T06:27:14 Water_Bath_Temp 20.99
44798,VESUVIO00044798.log,323,temp,2021-05-11T06:28:15 Water_Bath_Temp 20.98
44798,VESUVIO00044798.log,324,temp,2021-05-11T06:29:16 Water_Bath_Temp 20.99
44798,VESUVIO00044798.log,325,temp,2021-05-11T06:29:42 Water_Bath_Temp 20.98
44798,VESUVIO00044798.log,327,temp,2021-05-11T06:31:15 Water_Bath_Temp 20.99
44798,VESUVIO00044798.log,330,temp,2021-05-11T06:31:45 Water_Bath_Temp 20.98
44798,VESUVIO00044798.log,340,sample,2021-05-11T06:39:47 Sample 829.4179356845098
44798,VESUVIO00044798.log,355,temp,2021-05-11T07:01:47 Water_Bath_Temp 20.98
44798,VESUVIO00044798.log,359,sample,2021-05-11T07:09:47 Sample 829.4179356845098
44798,VESUVIO00044798.log,366,temp,2021-05-11T07:15:17 Water_Bath_Temp 20.97
44798,VESUVIO00044798.log,368,temp,2021-05-11T07:16:46 Water_Bath_Temp 20.98
44798,VESUVIO00044798.log,369,temp,2021-05-11T07:18:15 Water_Bath_Temp 20.97
44798,VESUVIO00044798.log,370,temp,2021-05-11T07:19:15 Water_Bath_Temp 20.98
44798,VESUVIO00044798.log,372,temp,2021-05-11T07:19:47 Water_Bath_Temp 20.97
44798,VESUVIO00044798.log,373,temp,2021-05-11T07:21:45 Water_Bath_Temp 20.98
44798,VESUVIO00044798.log,374,temp,2021-05-11T07:22:06 Water_Bath_Temp 20.97
44798,VESUVIO00044798.log,376,temp,2021-05-11T07:25:46 Water_Bath_Temp 20.98
44798,VESUVIO00044798.log,377,temp,2021-05-11T07:26:18 Water_Bath_Temp 20.97
44798,VESUVIO00044798.log,389,sample,2021-05-11T07:39:47 Sample 829.4179356845098
44798,VESUVIO00044798.log,403,temp,2021-05-11T07:56:47 Water_Bath_Temp 20.97
44798,VESUVIO00044798.log,411,temp,2021-05-11T08:01:16 Water_Bath_Temp 20.96
44798,VESUVIO00044798.log,412,temp,2021-05-11T08:01:42 Water_Bath_Temp 20.97
44798,VESUVIO00044798.log,415,temp,2021-05-11T08:03:47 Water_Bath_Temp 20.96
44798,VESUVIO00044798.log,417,temp,2021-05-11T08:04:55 Water_Bath_Temp 20.97
44798,VESUVIO00044798.log,418,temp,2021-05-11T08:05:45 Water_Bath_Temp 20.96
44798,VESUVIO00044798.log,419,temp,2021-05-11T08:06:46 Water_Bath_Temp 20.97
44798,VESUVIO00044798.log,420,temp,2021-05-11T08:07:08 Water_Bath_Temp 20.96
44798,VESUVIO00044798.log,421,temp,2021-05-11T08:08:14 Water_Bath_Temp 20.97
44798,VESUVIO00044798.log,422,temp,2021-05-11T08:08:46 Water_Bath_Temp 20.96
44798,VESUVIO00044798.log,423,temp,2021-05-11T08:09:13 Water_Bath_Temp 20.97
44798,VESUVIO00044798.log,427,sample,2021-05-11T08:09:47 Sample 829.4179356845098
44798,VESUVIO00044798.log,434,temp,2021-05-11T08:11:17 Water_Bath_Temp 20.96
44798,VESUVIO00044798.log,435,temp,2021-05-11T08:12:12 Water_Bath_Temp 20.97
44798,VESUVIO00044798.log,436,temp,2021-05-11T08:12:46 Water_Bath_Temp 20.96
44798,VESUVIO00044798.log,437,temp,2021-05-11T08:14:42 Water_Bath_Temp 20.97
44798,VESUVIO00044798.log,438,temp,2021-05-11T08:16:02 Water_Bath_Temp 20.96
44798,VESUVIO00044798.log,441,temp,2021-05-11T08:17:45 Water_Bath_Temp 20.97
44798,VESUVIO00044798.log,442,temp,2021-05-11T08:18:11 Water_Bath_Temp 20.96
44798,VESUVIO00044798.log,443,temp,2021-05-11T08:19:17 Water_Bath_Temp 20.97
44798,VESUVIO00044798.log,444,temp,2021-05-11T08:19:47 Water_Bath_Temp 20.96
44798,VESUVIO00044798.log,445,temp,2021-05-11T08:24:17 Water_Bath_Temp 20.97
44798,VESUVIO00044798.log,446,temp,2021-05-11T08:24:27 Water_Bath_Temp 20.96
44798,VESUVIO00044798.log,448,temp,2021-05-11T08:32:17 Water_Bath_Temp 20.97
44798,VESUVIO00044798.log,449,temp,2021-05-11T08:32:17 Water_Bath_Temp 20.96
44798,VESUVIO00044798.log,453,sample,2021-05-11T08:39:47 Sample 829.4179356845098
44798,VESUVIO00044798.log,466,temp,2021-05-11T09:02:47 Water_Bath_Temp 20.96
44798,VESUVIO00044798.log,470,sample,2021-05-11T09:09:47 Sample 829.4179356845098
44798,VESUVIO00044798.log,489,temp,2021-05-11T09:32:47 Water_Bath_Temp 20.96
44798,VESUVIO00044798.log,500,sample,2021-05-11T09:39:47 Sample 829.4179356845098
44798,VESUVIO00044798.log,515,sample,2021-05-11T09:53:43 Sample 829.4179356845098
44798,VESUVIO00044798.log,587,sample,2021-05-11T10:23:42 Sample 829.4179356845098
44798,VESUVIO00044798.log,662,sample,2021-05-11T10:53:28 Sample 829.4179356845098
44757,VESUVIO00044757_ICPdebug.txt,13,detector,"2021-05-09T13:53:43 Highest dae, detector card, crate number used = 0, 2, 2"
44757,VESUVIO00044757_ICPdebug.txt,36,channel,2021-05-09T13:54:43 Programming Time channels
44757,VESUVIO00044757_ICPdebug.txt,39,channel,2021-05-09T13:54:43 Setting 9729 time channels from 5.000000 to 39999.000000 us on card 0
44757,VESUVIO00044757_ICPdebug.txt,41,channel,2021-05-09T13:54:43 Setting 9729 time channels from 5.000000 to 39999.000000 us on card 1
44757,VESUVIO00044757_ICPdebug.txt,43,channel,2021-05-09T13:54:43 Setting 9729 time channels from 5.000000 to 39999.000000 us on card 2
44796,VESUVIO00044796_ICPdebug.txt,13,detector,"2021-05-10T21:40:09 Highest dae, detector card, crate number used = 0, 2, 2"
44796,VESUVIO00044796_ICPdebug.txt,34,channel,2021-05-10T21:40:11 Programming Time channels
44796,VESUVIO00044796_ICPdebug.txt,37,channel,2021-05-10T21:40:11 Setting 9729 time channels from 5.000000 to 39999.000000 us on card 0
44796,VESUVIO00044796_ICPdebug.txt,39,channel,2021-05-10T21:40:11 Setting 9729 time channels from 5.000000 to 39999.000000 us on card 1
44796,VESUVIO00044796_ICPdebug.txt,41,channel,2021-05-10T21:40:11 Setting 9729 time channels from 5.000000 to 39999.000000 us on card 2
44478,VESUVIO00044478.log,9,sample,2021-04-28T23:39:45 Sample 829.4179356845098
44478,VESUVIO00044478.log,117,sample,2021-04-29T00:09:44 Sample 829.4179356845098
44478,VESUVIO00044478.log,231,sample,2021-04-29T00:39:44 Sample 829.4179356845098
44478,VESUVIO00044478.log,273,sample,2021-04-29T00:46:51 Sample 829.4179356845098
44719,VESUVIO00044719_ICPdebug.txt,13,detector,"2021-05-08T17:33:23 Highest dae, detector card, crate number used = 0, 2, 2"
44719,VESUVIO00044719_ICPdebug.txt,34,channel,2021-05-08T17:33:25 Programming Time channels
44719,VESUVIO00044719_ICPdebug.txt,37,channel,2021-05-08T17:33:25 Setting 9729 time channels from 5.000000 to 39999.000000 us on card 0
44719,VESUVIO00044719_ICPdebug.txt,39,channel,2021-05-08T17:33:25 Setting 9729 time channels from 5.000000 to 39999.000000 us on card 1
44719,VESUVIO00044719_ICPdebug.txt,41,channel,2021-05-08T17:33:25 Setting 9729 time channels from 5.000000 to 39999.000000 us on card 2
44745,VESUVIO00044745.log,12,sample,2021-05-09T11:20:08 Sample 829.4179356845098
44745,VESUVIO00044745.log,15,temp,2021-05-09T11:20:08 Water_Bath_Temp 20.1
44745,VESUVIO00044745.log,29,temp,2021-05-09T11:22:58 Water_Bath_Temp 20.11
44745,VESUVIO00044745.log,34,temp,2021-05-09T11:24:06 Water_Bath_Temp 20.1
44745,VESUVIO00044745.log,35,temp,2021-05-09T11:24:30 Water_Bath_Temp 20.11
44745,VESUVIO00044745.log,56,sample,2021-05-09T11:27:12 Sample 829.4179356845098
44745,VESUVIO00044745.log,58,temp,2021-05-09T11:27:12 Water_Bath_Temp 20.11
44774,VESUVIO00044774.log,10,sample,2021-05-10T07:31:51 Sample 829.4179356845098
44774,VESUVIO00044774.log,13,temp,2021-05-10T07:31:51 Water_Bath_Temp 21.28
44774,VESUVIO00044774.log,21,temp,2021-05-10T07:33:19 Water_Bath_Temp 21.27
44774,VESUVIO00044774.log,24,temp,2021-05-10T07:34:19 Water_Bath_Temp 21.28
44774,VESUVIO00044774.log,26,temp,2021-05-10T07:35:10 Water_Bath_Temp 21.27
44774,VESUVIO00044774.log,58,temp,2021-05-10T07:48:43 Water_Bath_Temp 21.26
44774,VESUVIO00044774.log,61,temp,2021-05-10T07:49:19 Water_Bath_Temp 21.27
44774,VESUVIO00044774.log,63,temp,2021-05-10T07:49:58 Water_Bath_Temp 21.26
44774,VESUVIO00044774.log,94,sample,2021-05-10T08:01:50 Sample 829.4179356845098
44774,VESUVIO00044774.log,105,temp,2021-05-10T08:03:49 Water_Bath_Temp 21.25
44774,VESUVIO00044774.log,106,temp,2021-05-10T08:03:50 Water_Bath_Temp 21.26
44774,VESUVIO00044774.log,109,temp,2021-05-10T08:05:17 Water_Bath_Temp 21.25
44774,VESUVIO00044774.log,111,temp,2021-05-10T08:05:31 Water_Bath_Temp 21.26
44774,VESUVIO00044774.log,116,temp,2021-05-10T08:07:43 Water_Bath_Temp 21.25
44774,VESUVIO00044774.log,148,temp,2021-05-10T08:22:49 Water_Bath_Temp 21.24
44774,VESUVIO00044774.log,149,temp,2021-05-10T08:23:16 Water_Bath_Temp 21.25
44774,VESUVIO00044774.log,153,temp,2021-05-10T08:24:18 Water_Bath_Temp 21.24
44774,VESUVIO00044774.log,155,temp,2021-05-10T08:24:48 Water_Bath_Temp 21.25
44774,VESUVIO00044774.log,158,temp,2021-05-10T08:26:10 Water_Bath_Temp 21.24
44774,VESUVIO00044774.log,175,sample,2021-05-10T08:31:50 Sample 829.4179356845098
44774,VESUVIO00044774.log,188,sample,2021-05-10T08:34:44 Sample 829.4179356845098
44774,VESUVIO00044774.log,191,temp,2021-05-10T08:34:44 Water_Bath_Temp 21.24
44480,VESUVIO00044480.log,9,sample,2021-04-29T01:54:05 Sample 829.4179356845098
44480,VESUVIO00044480.log,77,sample,2021-04-29T02:24:04 Sample 829.4179356845098
44480,VESUVIO00044480.log,115,sample,2021-04-29T02:54:04 Sample 829.4179356845098
44480,VESUVIO00044480.log,146,sample,2021-04-29T03:24:04 Sample 829.4179356845098
44480,VESUVIO00044480.log,188,sample,2021-04-29T03:54:04 Sample 829.4179356845098
44480,VESUVIO00044480.log,222,sample,2021-04-29T04:24:04 Sample 829.4179356845098
44480,VESUVIO00044480.log,250,sample,2021-04-29T04:54:04 Sample 829.4179356845098
44480,VESUVIO00044480.log,338,sample,2021-04-29T05:24:04 Sample 829.4179356845098
44480,VESUVIO00044480.log,437,sample,2021-04-29T05:54:04 Sample 829.4179356845098
44480,VESUVIO00044480.log,476,sample,2021-04-29T06:02:17 Sample 829.4179356845098
44780,VESUVIO00044780.log,13,sample,2021-05-10T12:57:58 Sample 829.4179356845098
44780,VESUVIO00044780.log,16,temp,2021-05-10T12:57:58 Water_Bath_Temp 21.08
44780,VESUVIO00044780.log,52,sample,2021-05-10T13:04:37 Sample 829.4179356845098
44780,VESUVIO00044780.log,55,temp,2021-05-10T13:04:37 Water_Bath_Temp 21.08
45134,VESUVIO00045134_ICPdebug.txt,13,detector,"2021-05-25T13:25:41 Highest dae, detector card, crate number used = 0, 2, 2"
45134,VESUVIO00045134_ICPdebug.txt,34,channel,2021-05-25T13:25:43 Programming Time channels
45134,VESUVIO00045134_ICPdebug.txt,37,channel,2021-05-25T13:25:43 Setting 9729 time channels from 5.000000 to 39999.000000 us on card 0
45134,VESUVIO00045134_ICPdebug.txt,39,channel,2021-05-25T13:25:43 Setting 9729 time channels from 5.000000 to 39999.000000 us on card 1
45134,VESUVIO00045134_ICPdebug.txt,41,channel,2021-05-25T13:25:43 Setting 9729 time channels from 5.000000 to 39999.000000 us on card 2
45134,VESUVIO00045134_ICPdebug.txt,132,detector,"2021-05-25T13:41:00 Highest dae, detector card, crate number used = 0, 2, 2"
45134,VESUVIO00045134_ICPdebug.txt,153,channel,2021-05-25T13:41:02 Programming Time channels
45134,VESUVIO00045134_ICPdebug.txt,156,channel,2021-05-25T13:41:02 Setting 9729 time channels from 5.000000 to 39999.000000 us on card 0
45134,VESUVIO00045134_ICPdebug.txt,158,channel,2021-05-25T13:41:02 Setting 9729 time channels from 5.000000 to 39999.000000 us on card 1
45134,VESUVIO00045134_ICPdebug.txt,160,channel,2021-05-25T13:41:02 Setting 9729 time channels from 5.000000 to 39999.000000 us on card 2
44775,VESUVIO00044775.log,10,sample,2021-05-10T08:35:53 Sample 829.4179356845098
44775,VESUVIO00044775.log,13,temp,2021-05-10T08:35:53 Water_Bath_Temp 21.24
44775,VESUVIO00044775.log,20,temp,2021-05-10T08:37:19 Water_Bath_Temp 21.23
44775,VESUVIO00044775.log,22,temp,2021-05-10T08:37:40 Water_Bath_Temp 21.24
44775,VESUVIO00044775.log,27,temp,2021-05-10T08:39:21 Water_Bath_Temp 21.23
44775,VESUVIO00044775.log,33,temp,2021-05-10T08:41:51 Water_Bath_Temp 21.24
44775,VESUVIO00044775.log,35,temp,2021-05-10T08:42:51 Water_Bath_Temp 21.23
44775,VESUVIO00044775.log,62,temp,2021-05-10T08:53:51 Water_Bath_Temp 21.22
44775,VESUVIO00044775.log,63,temp,2021-05-10T08:54:18 Water_Bath_Temp 21.23
44775,VESUVIO00044775.log,67,temp,2021-05-10T08:54:51 Water_Bath_Temp 21.22
44775,VESUVIO00044775.log,91,temp,2021-05-10T09:05:21 Water_Bath_Temp 21.21
44775,VESUVIO00044775.log,92,temp,2021-05-10T09:05:43 Water_Bath_Temp 21.22
44775,VESUVIO00044775.log,97,sample,2021-05-10T09:05:52 Sample 829.4179356845098
44775,VESUVIO00044775.log,105,temp,2021-05-10T09:06:48 Water_Bath_Temp 21.21
44775,VESUVIO00044775.log,109,temp,2021-05-10T09:07:49 Water_Bath_Temp 21.22
44775,VESUVIO00044775.log,111,temp,2021-05-10T09:08:16 Water_Bath_Temp 21.21
44775,VESUVIO00044775.log,133,temp,2021-05-10T09:18:19 Water_Bath_Temp 21.2
44775,VESUVIO00044775.log,135,temp,2021-05-10T09:18:51 Water_Bath_Temp 21.21
44775,VESUVIO00044775.log,136,temp,2021-05-10T09:19:05 Water_Bath_Temp 21.2
44775,VESUVIO00044775.log,157,temp,2021-05-10T09:28:50 Water_Bath_Temp 21.19
44775,VESUVIO00044775.log,159,temp,2021-05-10T09:29:19 Water_Bath_Temp 21.2
44775,VESUVIO00044775.log,162,temp,2021-05-10T09:30:19 Water_Bath_Temp 21.19
44775,VESUVIO00044775.log,163,temp,2021-05-10T09:30:49 Water_Bath_Temp 21.2
44775,VESUVIO00044775.log,165,temp,2021-05-10T09:31:14 Water_Bath_Temp 21.19
44775,VESUVIO00044775.log,186,sample,2021-05-10T09:35:36 Sample 829.4179356845098
44775,VESUVIO00044775.log,189,temp,2021-05-10T09:35:36 Water_Bath_Temp 21.19
44740,VESUVIO00044740_ICPdebug.txt,13,detector,"2021-05-09T07:56:23 Highest dae, detector card, crate number used = 0, 2, 2"
44740,VESUVIO00044740_ICPdebug.txt,36,channel,2021-05-09T07:57:23 Programming Time channels
44740,VESUVIO00044740_ICPdebug.txt,39,channel,2021-05-09T07:57:23 Setting 9729 time channels from 5.000000 to 39999.000000 us on card 0
44740,VESUVIO00044740_ICPdebug.txt,41,channel,2021-05-09T07:57:23 Setting 9729 time channels from 5.000000 to 39999.000000 us on card 1
44740,VESUVIO00044740_ICPdebug.txt,43,channel,2021-05-09T07:57:23 Setting 9729 time channels from 5.000000 to 39999.000000 us on card 2
44747,VESUVIO00044747.log,12,sample,2021-05-09T11:36:31 Sample 829.4179356845098
44747,VESUVIO00044747.log,15,temp,2021-05-09T11:36:31 Water_Bath_Temp 20.12
44747,VESUVIO00044747.log,29,temp,2021-05-09T11:39:57 Water_Bath_Temp 20.13
44747,VESUVIO00044747.log,30,temp,2021-05-09T11:40:23 Water_Bath_Temp 20.12
44747,VESUVIO00044747.log,33,temp,2021-05-09T11:40:53 Water_Bath_Temp 20.13
44747,VESUVIO00044747.log,52,sample,2021-05-09T11:43:36 Sample 829.4179356845098
44747,VESUVIO00044747.log,55,temp,2021-05-09T11:43:36 Water_Bath_Temp 20.13
44480,VESUVIO00044480_ICPdebug.txt,13,detector,"2021-04-29T01:53:59 Highest dae, detector card, crate number used = 0, 2, 2"
44480,VESUVIO00044480_ICPdebug.txt,34,channel,2021-04-29T01:54:01 Programming Time channels
44480,VESUVIO00044480_ICPdebug.txt,37,channel,2021-04-29T01:54:01 Setting 9729 time channels from 5.000000 to 39999.000000 us on card 0
44480,VESUVIO00044480_ICPdebug.txt,39,channel,2021-04-29T01:54:01 Setting 9729 time channels from 5.000000 to 39999.000000 us on card 1
44480,VESUVIO00044480_ICPdebug.txt,41,channel,2021-04-29T01:54:01 Setting 9729 time channels from 5.000000 to 39999.000000 us on card 2
44716,VESUVIO00044716.log,9,sample,2021-05-08T16:48:53 Sample 829.4179356845098
44716,VESUVIO00044716.log,12,temp,2021-05-08T16:48:53 Water_Bath_Temp 20.48
44716,VESUVIO00044716.log,51,sample,2021-05-08T16:59:28 Sample 829.4179356845098
44716,VESUVIO00044716.log,54,temp,2021-05-08T16:59:28 Water_Bath_Temp 20.48
44773,VESUVIO00044773_ICPdebug.txt,13,detector,"2021-05-10T06:26:00 Highest dae, detector card, crate number used = 0, 2, 2"
44773,VESUVIO00044773_ICPdebug.txt,36,channel,2021-05-10T06:27:00 Programming Time channels
44773,VESUVIO00044773_ICPdebug.txt,39,channel,2021-05-10T06:27:00 Setting 9729 time channels from 5.000000 to 39999.000000 us on card 0
44773,VESUVIO00044773_ICPdebug.txt,41,channel,2021-05-10T06:27:00 Setting 9729 time channels from 5.000000 to 39999.000000 us on card 1
44773,VESUVIO00044773_ICPdebug.txt,43,channel,2021-05-10T06:27:00 Setting 9729 time channels from 5.000000 to 39999.000000 us on card 2
44750,VESUVIO00044750.log,14,sample,2021-05-09T12:16:15 Sample 829.4179356845098
44750,VESUVIO00044750.log,17,temp,2021-05-09T12:16:15 Water_Bath_Temp 20.16
44750,VESUVIO00044750.log,24,temp,2021-05-09T12:16:43 Water_Bath_Temp 20.17
44750,VESUVIO00044750.log,57,sample,2021-05-09T12:23:19 Sample 829.4179356845098
44750,VESUVIO00044750.log,60,temp,2021-05-09T12:23:19 Water_Bath_Temp 20.17
44746,VESUVIO00044746_ICPdebug.txt,13,detector,"2021-05-09T11:27:15 Highest dae, detector card, crate number used = 0, 2, 2"
44746,VESUVIO00044746_ICPdebug.txt,36,channel,2021-05-09T11:28:16 Programming Time channels
44746,VESUVIO00044746_ICPdebug.txt,39,channel,2021-05-09T11:28:16 Setting 9729 time channels from 5.000000 to 39999.000000 us on card 0
44746,VESUVIO00044746_ICPdebug.txt,41,channel,2021-05-09T11:28:16 Setting 9729 time channels from 5.000000 to 39999.000000 us on card 1
44746,VESUVIO00044746_ICPdebug.txt,43,channel,2021-05-09T11:28:16 Setting 9729 time channels from 5.000000 to 39999.000000 us on card 2
44753,VESUVIO00044753_ICPdebug.txt,13,detector,"2021-05-09T12:39:46 Highest dae, detector card, crate number used = 0, 2, 2"
44753,VESUVIO00044753_ICPdebug.txt,36,channel,2021-05-09T12:40:46 Programming Time channels
44753,VESUVIO00044753_ICPdebug.txt,39,channel,2021-05-09T12:40:46 Setting 9729 time channels from 5.000000 to 39999.000000 us on card 0
44753,VESUVIO00044753_ICPdebug.txt,41,channel,2021-05-09T12:40:46 Setting 9729 time channels from 5.000000 to 39999.000000 us on card 1
44753,VESUVIO00044753_ICPdebug.txt,43,channel,2021-05-09T12:40:47 Setting 9729 time channels from 5.000000 to 39999.000000 us on card 2
44721,VESUVIO00044721_ICPdebug.txt,13,detector,"2021-05-08T17:54:50 Highest dae, detector card, crate number used = 0, 2, 2"
44721,VESUVIO00044721_ICPdebug.txt,34,channel,2021-05-08T17:54:52 Programming Time channels
44721,VESUVIO00044721_ICPdebug.txt,37,channel,2021-05-08T17:54:52 Setting 9729 time channels from 5.000000 to 39999.000000 us on card 0
44721,VESUVIO00044721_ICPdebug.txt,39,channel,2021-05-08T17:54:52 Setting 9729 time channels from 5.000000 to 39999.000000 us on card 1
44721,VESUVIO00044721_ICPdebug.txt,41,channel,2021-05-08T17:54:52 Setting 9729 time channels from 5.000000 to 39999.000000 us on card 2
44786,VESUVIO00044786.log,12,sample,2021-05-10T14:12:39 Sample 829.4179356845098
44786,VESUVIO00044786.log,15,temp,2021-05-10T14:12:39 Water_Bath_Temp 21.04
44786,VESUVIO00044786.log,36,temp,2021-05-10T14:21:05 Water_Bath_Temp 21.03
44786,VESUVIO00044786.log,41,temp,2021-05-10T14:21:36 Water_Bath_Temp 21.04
44786,VESUVIO00044786.log,43,temp,2021-05-10T14:22:04 Water_Bath_Temp 21.03
44786,VESUVIO00044786.log,45,temp,2021-05-10T14:22:37 Water_Bath_Temp 21.04
44786,VESUVIO00044786.log,47,temp,2021-05-10T14:23:04 Water_Bath_Temp 21.03
44786,VESUVIO00044786.log,59,sample,2021-05-10T14:24:35 Sample 829.4179356845098
44786,VESUVIO00044786.log,62,temp,2021-05-10T14:24:35 Water_Bath_Temp 21.03
44475,VESUVIO00044475.log,35,sample,2021-04-28T13:16:52 Sample 829.4179356845098
44475,VESUVIO00044475.log,65,sample,2021-04-28T13:46:52 Sample 829.4179356845098
44475,VESUVIO00044475.log,107,sample,2021-04-28T14:16:52 Sample 829.4179356845098
44475,VESUVIO00044475.log,142,sample,2021-04-28T14:46:52 Sample 829.4179356845098
44475,VESUVIO00044475.log,170,sample,2021-04-28T15:16:52 Sample 829.4179356845098
44475,VESUVIO00044475.log,244,sample,2021-04-28T15:46:52 Sample 829.4179356845098
44475,VESUVIO00044475.log,296,sample,2021-04-28T16:16:52 Sample 829.4179356845098
44475,VESUVIO00044475.log,322,sample,2021-04-28T16:46:52 Sample 829.4179356845098
44475,VESUVIO00044475.log,338,sample,2021-04-28T17:16:52 Sample 829.4179356845098
44475,VESUVIO00044475.log,352,sample,2021-04-28T17:46:52 Sample 829.4179356845098
44475,VESUVIO00044475.log,366,sample,2021-04-28T18:16:52 Sample 829.4179356845098
44475,VESUVIO00044475.log,381,sample,2021-04-28T18:46:52 Sample 829.4179356845098
44475,VESUVIO00044475.log,396,sample,2021-04-28T19:16:52 Sample 829.4179356845098
44475,VESUVIO00044475.log,415,sample,2021-04-28T19:38:23 Sample 829.4179356845098
44475,VESUVIO00044475.log,472,sample,2021-04-28T20:05:23 Sample 829.4179356845098
44475,VESUVIO00044475.log,489,sample,2021-04-28T20:12:15 Sample 829.4179356845098
44475,VESUVIO00044475.log,509,sample,2021-04-28T20:16:54 Sample 829.4179356845098
44475,VESUVIO00044475.log,530,sample,2021-04-28T20:20:08 Sample 829.4179356845098
44475,VESUVIO00044475.log,613,sample,2021-04-28T20:50:07 Sample 829.4179356845098
44475,VESUVIO00044475.log,703,sample,2021-04-28T21:20:07 Sample 829.4179356845098
44475,VESUVIO00044475.log,732,sample,2021-04-28T21:25:08 Sample 829.4179356845098
44714,VESUVIO00044714_ICPdebug.txt,13,detector,"2021-05-08T16:22:47 Highest dae, detector card, crate number used = 0, 2, 2"
44714,VESUVIO00044714_ICPdebug.txt,34,channel,2021-05-08T16:22:49 Programming Time channels
44714,VESUVIO00044714_ICPdebug.txt,37,channel,2021-05-08T16:22:49 Setting 9729 time channels from 5.000000 to 39999.000000 us on card 0
44714,VESUVIO00044714_ICPdebug.txt,39,channel,2021-05-08T16:22:49 Setting 9729 time channels from 5.000000 to 39999.000000 us on card 1
44714,VESUVIO00044714_ICPdebug.txt,41,channel,2021-05-08T16:22:49 Setting 9729 time channels from 5.000000 to 39999.000000 us on card 2
44793,VESUVIO00044793_ICPdebug.txt,13,detector,"2021-05-10T18:40:27 Highest dae, detector card, crate number used = 0, 2, 2"
44793,VESUVIO00044793_ICPdebug.txt,34,channel,2021-05-10T18:40:29 Programming Time channels
44793,VESUVIO00044793_ICPdebug.txt,37,channel,2021-05-10T18:40:29 Setting 9729 time channels from 5.000000 to 39999.000000 us on card 0
44793,VESUVIO00044793_ICPdebug.txt,39,channel,2021-05-10T18:40:29 Setting 9729 time channels from 5.000000 to 39999.000000 us on card 1
44793,VESUVIO00044793_ICPdebug.txt,41,channel,2021-05-10T18:40:29 Setting 9729 time channels from 5.000000 to 39999.000000 us on card 2
44773,VESUVIO00044773.log,10,sample,2021-05-10T06:27:04 Sample 829.4179356845098
44773,VESUVIO00044773.log,13,temp,2021-05-10T06:27:04 Water_Bath_Temp 21.32
44773,VESUVIO00044773.log,28,temp,2021-05-10T06:32:01 Water_Bath_Temp 21.31
44773,VESUVIO00044773.log,29,temp,2021-05-10T06:32:20 Water_Bath_Temp 21.32
44773,VESUVIO00044773.log,35,temp,2021-05-10T06:34:22 Water_Bath_Temp 21.31
44773,VESUVIO00044773.log,40,temp,2021-05-10T06:36:01 Water_Bath_Temp 21.32
44773,VESUVIO00044773.log,41,temp,2021-05-10T06:36:27 Water_Bath_Temp 21.31
44773,VESUVIO00044773.log,69,temp,2021-05-10T06:48:28 Water_Bath_Temp 21.3
44773,VESUVIO00044773.log,73,temp,2021-05-10T06:49:31 Water_Bath_Temp 21.31
44773,VESUVIO00044773.log,74,temp,2021-05-10T06:49:52 Water_Bath_Temp 21.3
44773,VESUVIO00044773.log,94,sample,2021-05-10T06:57:03 Sample 829.4179356845098
44773,VESUVIO00044773.log,110,temp,2021-05-10T07:01:59 Water_Bath_Temp 21.29
44773,VESUVIO00044773.log,112,temp,2021-05-10T07:02:26 Water_Bath_Temp 21.3
44773,VESUVIO00044773.log,116,temp,2021-05-10T07:04:02 Water_Bath_Temp 21.29
44773,VESUVIO00044773.log,137,temp,2021-05-10T07:13:32 Water_Bath_Temp 21.28
44773,VESUVIO00044773.log,138,temp,2021-05-10T07:13:50 Water_Bath_Temp 21.29
44773,VESUVIO00044773.log,143,temp,2021-05-10T07:15:28 Water_Bath_Temp 21.28
44773,VESUVIO00044773.log,171,sample,2021-05-10T07:27:03 Sample 829.4179356845098
44773,VESUVIO00044773.log,193,sample,2021-05-10T07:30:43 Sample 829.4179356845098
44773,VESUVIO00044773.log,196,temp,2021-05-10T07:30:43 Water_Bath_Temp 21.28
44731,VESUVIO00044731_ICPdebug.txt,13,detector,"2021-05-08T21:55:36 Highest dae, detector card, crate number used = 0, 2, 2"
44731,VESUVIO00044731_ICPdebug.txt,36,channel,2021-05-08T21:56:37 Programming Time channels
44731,VESUVIO00044731_ICPdebug.txt,39,channel,2021-05-08T21:56:37 Setting 9729 time channels from 5.000000 to 39999.000000 us on card 0
44731,VESUVIO00044731_ICPdebug.txt,41,channel,2021-05-08T21:56:37 Setting 9729 time channels from 5.000000 to 39999.000000 us on card 1
44731,VESUVIO00044731_ICPdebug.txt,43,channel,2021-05-08T21:56:37 Setting 9729 time channels from 5.000000 to 39999.000000 us on card 2
44715,VESUVIO00044715.log,16,sample,2021-05-08T16:38:10 Sample 829.4179356845098
44715,VESUVIO00044715.log,19,temp,2021-05-08T16:38:10 Water_Bath_Temp 20.49
44715,VESUVIO00044715.log,29,temp,2021-05-08T16:40:08 Water_Bath_Temp 20.48
44715,VESUVIO00044715.log,31,temp,2021-05-08T16:40:36 Water_Bath_Temp 20.49
44715,VESUVIO00044715.log,35,temp,2021-05-08T16:41:36 Water_Bath_Temp 20.48
44715,VESUVIO00044715.log,37,temp,2021-05-08T16:42:08 Water_Bath_Temp 20.49
44715,VESUVIO00044715.log,40,temp,2021-05-08T16:42:35 Water_Bath_Temp 20.48
44715,VESUVIO00044715.log,65,sample,2021-05-08T16:48:44 Sample 829.4179356845098
44715,VESUVIO00044715.log,68,temp,2021-05-08T16:48:44 Water_Bath_Temp 20.48
44741,VESUVIO00044741.log,2,temp,2021-05-09T09:01:32 Water_Bath_Temp 19.97
44741,VESUVIO00044741.log,3,temp,2021-05-09T09:02:00 Water_Bath_Temp 19.98
44741,VESUVIO00044741.log,12,sample,2021-05-09T09:02:12 Sample 829.4179356845098
44741,VESUVIO00044741.log,15,temp,2021-05-09T09:02:12 Water_Bath_Temp 19.97
44741,VESUVIO00044741.log,20,temp,2021-05-09T09:02:35 Water_Bath_Temp 19.98
44741,VESUVIO00044741.log,57,temp,2021-05-09T09:19:39 Water_Bath_Temp 19.99
44741,VESUVIO00044741.log,58,temp,2021-05-09T09:20:04 Water_Bath_Temp 19.98
44741,VESUVIO00044741.log,60,temp,2021-05-09T09:20:38 Water_Bath_Temp 19.99
44741,VESUVIO00044741.log,63,temp,2021-05-09T09:21:09 Water_Bath_Temp 19.98
44741,VESUVIO00044741.log,64,temp,2021-05-09T09:21:35 Water_Bath_Temp 19.99
44741,VESUVIO00044741.log,91,sample,2021-05-09T09:32:11 Sample 829.4179356845098
44741,VESUVIO00044741.log,99,temp,2021-05-09T09:32:40 Water_Bath_Temp 20
44741,VESUVIO00044741.log,100,temp,2021-05-09T09:33:01 Water_Bath_Temp 19.99
44741,VESUVIO00044741.log,103,temp,2021-05-09T09:34:08 Water_Bath_Temp 20
44741,VESUVIO00044741.log,131,temp,2021-05-09T09:47:39 Water_Bath_Temp 20.01
44741,VESUVIO00044741.log,155,temp,2021-05-09T09:58:08 Water_Bath_Temp 20.02
44741,VESUVIO00044741.log,167,sample,2021-05-09T10:02:11 Sample 829.4179356845098
44741,VESUVIO00044741.log,190,sample,2021-05-09T10:05:46 Sample 829.4179356845098
44741,VESUVIO00044741.log,193,temp,2021-05-09T10:05:46 Water_Bath_Temp 20.02
44729,VESUVIO00044729_ICPdebug.txt,15,detector,"2021-05-08T19:47:27 Highest dae, detector card, crate number used = 0, 2, 2"
44729,VESUVIO00044729_ICPdebug.txt,36,channel,2021-05-08T19:47:29 Programming Time channels
44729,VESUVIO00044729_ICPdebug.txt,39,channel,2021-05-08T19:47:29 Setting 9729 time channels from 5.000000 to 39999.000000 us on card 0
44729,VESUVIO00044729_ICPdebug.txt,41,channel,2021-05-08T19:47:29 Setting 9729 time channels from 5.000000 to 39999.000000 us on card 1
44729,VESUVIO00044729_ICPdebug.txt,43,channel,2021-05-08T19:47:29 Setting 9729 time channels from 5.000000 to 39999.000000 us on card 2
44760,VESUVIO00044760_ICPdebug.txt,13,detector,"2021-05-09T14:19:00 Highest dae, detector card, crate number used = 0, 2, 2"
44760,VESUVIO00044760_ICPdebug.txt,36,channel,2021-05-09T14:20:01 Programming Time channels
44760,VESUVIO00044760_ICPdebug.txt,39,channel,2021-05-09T14:20:01 Setting 9729 time channels from 5.000000 to 39999.000000 us on card 0
44760,VESUVIO00044760_ICPdebug.txt,41,channel,2021-05-09T14:20:01 Setting 9729 time channels from 5.000000 to 39999.000000 us on card 1
44760,VESUVIO00044760_ICPdebug.txt,43,channel,2021-05-09T14:20:01 Setting 9729 time channels from 5.000000 to 39999.000000 us on card 2
44729,VESUVIO00044729.log,2,temp,2021-05-08T19:37:17 Water_Bath_Temp 20.43
44729,VESUVIO00044729.log,3,temp,2021-05-08T19:37:30 Water_Bath_Temp 20.44
44729,VESUVIO00044729.log,4,temp,2021-05-08T19:38:17 Water_Bath_Temp 20.43
44729,VESUVIO00044729.log,5,temp,2021-05-08T19:38:37 Water_Bath_Temp 20.44
44729,VESUVIO00044729.log,6,temp,2021-05-08T19:39:16 Water_Bath_Temp 20.43
44729,VESUVIO00044729.log,9,temp,2021-05-08T19:40:46 Water_Bath_Temp 20.44
44729,VESUVIO00044729.log,11,temp,2021-05-08T19:41:16 Water_Bath_Temp 20.43
44729,VESUVIO00044729.log,15,temp,2021-05-08T19:42:46 Water_Bath_Temp 20.44
44729,VESUVIO00044729.log,17,temp,2021-05-08T19:43:37 Water_Bath_Temp 20.43
44729,VESUVIO00044729.log,20,temp,2021-05-08T19:44:47 Water_Bath_Temp 20.44
44729,VESUVIO00044729.log,21,temp,2021-05-08T19:45:13 Water_Bath_Temp 20.43
44729,VESUVIO00044729.log,26,temp,2021-05-08T19:47:17 Water_Bath_Temp 20.44
44729,VESUVIO00044729.log,35,sample,2021-05-08T19:47:33 Sample 829.4179356845098
44729,VESUVIO00044729.log,38,temp,2021-05-08T19:47:33 Water_Bath_Temp 20.43
44729,VESUVIO00044729.log,168,temp,2021-05-08T20:16:01 Water_Bath_Temp 20.42
44729,VESUVIO00044729.log,169,temp,2021-05-08T20:16:21 Water_Bath_Temp 20.43
44729,VESUVIO00044729.log,178,sample,2021-05-08T20:17:32 Sample 829.4179356845098
44729,VESUVIO00044729.log,192,temp,2021-05-08T20:19:31 Water_Bath_Temp 20.42
44729,VESUVIO00044729.log,194,temp,2021-05-08T20:19:58 Water_Bath_Temp 20.43
44729,VESUVIO00044729.log,201,temp,2021-05-08T20:21:31 Water_Bath_Temp 20.42
44729,VESUVIO00044729.log,203,temp,2021-05-08T20:21:53 Water_Bath_Temp 20.43
44729,VESUVIO00044729.log,213,temp,2021-05-08T20:24:27 Water_Bath_Temp 20.42
44729,VESUVIO00044729.log,219,temp,2021-05-08T20:25:31 Water_Bath_Temp 20.43
44729,VESUVIO00044729.log,220,temp,2021-05-08T20:26:00 Water_Bath_Temp 20.42
44729,VESUVIO00044729.log,223,temp,2021-05-08T20:26:30 Water_Bath_Temp 20.43
44729,VESUVIO00044729.log,230,temp,2021-05-08T20:28:23 Water_Bath_Temp 20.42
44729,VESUVIO00044729.log,235,temp,2021-05-08T20:29:31 Water_Bath_Temp 20.43
44729,VESUVIO00044729.log,237,temp,2021-05-08T20:29:59 Water_Bath_Temp 20.42
44729,VESUVIO00044729.log,242,temp,2021-05-08T20:31:20 Water_Bath_Temp 20.43
44729,VESUVIO00044729.log,245,temp,2021-05-08T20:32:01 Water_Bath_Temp 20.42
44729,VESUVIO00044729.log,258,temp,2021-05-08T20:36:30 Water_Bath_Temp 20.43
44729,VESUVIO00044729.log,259,temp,2021-05-08T20:36:39 Water_Bath_Temp 20.42
44729,VESUVIO00044729.log,272,temp,2021-05-08T20:41:01 Water_Bath_Temp 20.43
44729,VESUVIO00044729.log,274,temp,2021-05-08T20:41:02 Water_Bath_Temp 20.42
44729,VESUVIO00044729.log,279,temp,2021-05-08T20:42:31 Water_Bath_Temp 20.43
44729,VESUVIO00044729.log,280,temp,2021-05-08T20:42:32 Water_Bath_Temp 20.42
44729,VESUVIO00044729.log,296,sample,2021-05-08T20:47:32 Sample 829.4179356845098
44729,VESUVIO00044729.log,317,sample,2021-05-08T20:50:59 Sample 829.4179356845098
44729,VESUVIO00044729.log,320,temp,2021-05-08T20:50:59 Water_Bath_Temp 20.42
44479,VESUVIO00044479.log,9,sample,2021-04-29T00:47:04 Sample 829.4179356845098
44479,VESUVIO00044479.log,140,sample,2021-04-29T01:17:03 Sample 829.4179356845098
44479,VESUVIO00044479.log,274,sample,2021-04-29T01:47:03 Sample 829.4179356845098
44479,VESUVIO00044479.log,313,sample,2021-04-29T01:53:52 Sample 829.4179356845098
44718,VESUVIO00044718_ICPdebug.txt,13,detector,"2021-05-08T17:22:39 Highest dae, detector card, crate number used = 0, 2, 2"
44718,VESUVIO00044718_ICPdebug.txt,34,channel,2021-05-08T17:22:41 Programming Time channels
44718,VESUVIO00044718_ICPdebug.txt,37,channel,2021-05-08T17:22:41 Setting 9729 time channels from 5.000000 to 39999.000000 us on card 0
44718,VESUVIO00044718_ICPdebug.txt,39,channel,2021-05-08T17:22:41 Setting 9729 time channels from 5.000000 to 39999.000000 us on card 1
44718,VESUVIO00044718_ICPdebug.txt,41,channel,2021-05-08T17:22:41 Setting 9729 time channels from 5.000000 to 39999.000000 us on card 2
44783,VESUVIO00044783_ICPdebug.txt,13,detector,"2021-05-10T13:27:57 Highest dae, detector card, crate number used = 0, 2, 2"
44783,VESUVIO00044783_ICPdebug.txt,36,channel,2021-05-10T13:28:57 Programming Time channels
44783,VESUVIO00044783_ICPdebug.txt,39,channel,2021-05-10T13:28:57 Setting 9729 time channels from 5.000000 to 39999.000000 us on card 0
44783,VESUVIO00044783_ICPdebug.txt,41,channel,2021-05-10T13:28:57 Setting 9729 time channels from 5.000000 to 39999.000000 us on card 1
44783,VESUVIO00044783_ICPdebug.txt,43,channel,2021-05-10T13:28:57 Setting 9729 time channels from 5.000000 to 39999.000000 us on card 2
44738,VESUVIO00044738_ICPdebug.txt,13,detector,"2021-05-09T05:46:52 Highest dae, detector card, crate number used = 0, 2, 2"
44738,VESUVIO00044738_ICPdebug.txt,36,channel,2021-05-09T05:47:53 Programming Time channels
44738,VESUVIO00044738_ICPdebug.txt,39,channel,2021-05-09T05:47:53 Setting 9729 time channels from 5.000000 to 39999.000000 us on card 0
44738,VESUVIO00044738_ICPdebug.txt,41,channel,2021-05-09T05:47:53 Setting 9729 time channels from 5.000000 to 39999.000000 us on card 1
44738,VESUVIO00044738_ICPdebug.txt,43,channel,2021-05-09T05:47:53 Setting 9729 time channels from 5.000000 to 39999.000000 us on card 2
44789,VESUVIO00044789.log,10,sample,2021-05-10T14:41:15 Sample 829.4179356845098
44789,VESUVIO00044789.log,13,temp,2021-05-10T14:41:15 Water_Bath_Temp 21.03
44789,VESUVIO00044789.log,27,temp,2021-05-10T14:44:13 Water_Bath_Temp 21.02
44789,VESUVIO00044789.log,30,temp,2021-05-10T14:44:44 Water_Bath_Temp 21.03
44789,VESUVIO00044789.log,36,temp,2021-05-10T14:46:14 Water_Bath_Temp 21.02
44789,VESUVIO00044789.log,50,sample,2021-05-10T14:47:54 Sample 829.4179356845098
44789,VESUVIO00044789.log,53,temp,2021-05-10T14:47:54 Water_Bath_Temp 21.02
44754,VESUVIO00044754.log,11,sample,2021-05-09T12:49:01 Sample 829.4179356845098
44754,VESUVIO00044754.log,14,temp,2021-05-09T12:49:01 Water_Bath_Temp 20.2
44754,VESUVIO00044754.log,35,temp,2021-05-09T12:54:28 Water_Bath_Temp 20.21
44754,VESUVIO00044754.log,38,temp,2021-05-09T12:54:59 Water_Bath_Temp 20.2
44754,VESUVIO00044754.log,39,temp,2021-05-09T12:55:01 Water_Bath_Temp 20.21
44754,VESUVIO00044754.log,51,sample,2021-05-09T12:56:06 Sample 829.4179356845098
44754,VESUVIO00044754.log,54,temp,2021-05-09T12:56:06 Water_Bath_Temp 20.21
44716,VESUVIO00044716_ICPdebug.txt,13,detector,"2021-05-08T16:48:48 Highest dae, detector card, crate number used = 0, 2, 2"
44716,VESUVIO00044716_ICPdebug.txt,34,channel,2021-05-08T16:48:50 Programming Time channels
44716,VESUVIO00044716_ICPdebug.txt,37,channel,2021-05-08T16:48:50 Setting 9729 time channels from 5.000000 to 39999.000000 us on card 0
44716,VESUVIO00044716_ICPdebug.txt,39,channel,2021-05-08T16:48:50 Setting 9729 time channels from 5.000000 to 39999.000000 us on card 1
44716,VESUVIO00044716_ICPdebug.txt,41,channel,2021-05-08T16:48:50 Setting 9729 time channels from 5.000000 to 39999.000000 us on card 2
44477,VESUVIO00044477.log,12,sample,2021-04-28T22:31:47 Sample 829.4179356845098
44477,VESUVIO00044477.log,28,sample,2021-04-28T22:34:35 Sample 829.4179356845098
44477,VESUVIO00044477.log,137,sample,2021-04-28T23:04:35 Sample 829.4179356845098
44477,VESUVIO00044477.log,240,sample,2021-04-28T23:34:35 Sample 829.4179356845098
44477,VESUVIO00044477.log,267,sample,2021-04-28T23:39:34 Sample 829.4179356845098
44743,VESUVIO00044743_ICPdebug.txt,15,detector,"2021-05-09T11:01:32 Highest dae, detector card, crate number used = 0, 2, 2"
44743,VESUVIO00044743_ICPdebug.txt,38,channel,2021-05-09T11:02:32 Programming Time channels
44743,VESUVIO00044743_ICPdebug.txt,41,channel,2021-05-09T11:02:32 Setting 9729 time channels from 5.000000 to 39999.000000 us on card 0
44743,VESUVIO00044743_ICPdebug.txt,43,channel,2021-05-09T11:02:32 Setting 9729 time channels from 5.000000 to 39999.000000 us on card 1
44743,VESUVIO00044743_ICPdebug.txt,45,channel,2021-05-09T11:02:33 Setting 9729 time channels from 5.000000 to 39999.000000 us on card 2
44766,VESUVIO00044766.log,10,sample,2021-05-09T22:52:51 Sample 829.4179356845098
44766,VESUVIO00044766.log,13,temp,2021-05-09T22:52:51 Water_Bath_Temp 21.19
44766,VESUVIO00044766.log,24,temp,2021-05-09T22:55:49 Water_Bath_Temp 21.2
44766,VESUVIO00044766.log,29,temp,2021-05-09T22:57:49 Water_Bath_Temp 21.19
44766,VESUVIO00044766.log,30,temp,2021-05-09T22:57:50 Water_Bath_Temp 21.2
44766,VESUVIO00044766.log,42,temp,2021-05-09T23:02:47 Water_Bath_Temp 21.21
44766,VESUVIO00044766.log,61,temp,2021-05-09T23:11:49 Water_Bath_Temp 21.22
44766,VESUVIO00044766.log,63,temp,2021-05-09T23:12:18 Water_Bath_Temp 21.21
44766,VESUVIO00044766.log,64,temp,2021-05-09T23:12:33 Water_Bath_Temp 21.22
44766,VESUVIO00044766.log,81,temp,2021-05-09T23:19:48 Water_Bath_Temp 21.23
44766,VESUVIO00044766.log,91,sample,2021-05-09T23:22:50 Sample 829.4179356845098
44766,VESUVIO00044766.log,108,temp,2021-05-09T23:27:48 Water_Bath_Temp 21.24
44766,VESUVIO00044766.log,110,temp,2021-05-09T23:28:17 Water_Bath_Temp 21.23
44766,VESUVIO00044766.log,112,temp,2021-05-09T23:28:33 Water_Bath_Temp 21.24
44766,VESUVIO00044766.log,130,temp,2021-05-09T23:37:10 Water_Bath_Temp 21.25
44766,VESUVIO00044766.log,151,temp,2021-05-09T23:46:18 Water_Bath_Temp 21.26
44766,VESUVIO00044766.log,168,sample,2021-05-09T23:52:50 Sample 829.4179356845098
44766,VESUVIO00044766.log,194,sample,2021-05-09T23:56:54 Sample 829.4179356845098
44766,VESUVIO00044766.log,197,temp,2021-05-09T23:56:54 Water_Bath_Temp 21.27
44746,VESUVIO00044746.log,12,sample,2021-05-09T11:28:20 Sample 829.4179356845098
44746,VESUVIO00044746.log,15,temp,2021-05-09T11:28:20 Water_Bath_Temp 20.11
44746,VESUVIO00044746.log,22,temp,2021-05-09T11:29:18 Water_Bath_Temp 20.12
44746,VESUVIO00044746.log,24,temp,2021-05-09T11:29:45 Water_Bath_Temp 20.11
44746,VESUVIO00044746.log,28,temp,2021-05-09T11:31:11 Water_Bath_Temp 20.12
44746,VESUVIO00044746.log,52,sample,2021-05-09T11:35:24 Sample 829.4179356845098
44746,VESUVIO00044746.log,55,temp,2021-05-09T11:35:24 Water_Bath_Temp 20.12
44755,VESUVIO00044755_ICPdebug.txt,15,detector,"2021-05-09T13:37:19 Highest dae, detector card, crate number used = 0, 2, 2"
44755,VESUVIO00044755_ICPdebug.txt,38,channel,2021-05-09T13:38:20 Programming Time channels
44755,VESUVIO00044755_ICPdebug.txt,41,channel,2021-05-09T13:38:20 Setting 9729 time channels from 5.000000 to 39999.000000 us on card 0
44755,VESUVIO00044755_ICPdebug.txt,43,channel,2021-05-09T13:38:20 Setting 9729 time channels from 5.000000 to 39999.000000 us on card 1
44755,VESUVIO00044755_ICPdebug.txt,45,channel,2021-05-09T13:38:20 Setting 9729 time channels from 5.000000 to 39999.000000 us on card 2
44781,VESUVIO00044781_ICPdebug.txt,13,detector,"2021-05-10T13:04:40 Highest dae, detector card, crate number used = 0, 2, 2"
44781,VESUVIO00044781_ICPdebug.txt,36,channel,2021-05-10T13:05:40 Programming Time channels
44781,VESUVIO00044781_ICPdebug.txt,39,channel,2021-05-10T13:05:40 Setting 9729 time channels from 5.000000 to 39999.000000 us on card 0
44781,VESUVIO00044781_ICPdebug.txt,41,channel,2021-05-10T13:05:40 Setting 9729 time channels from 5.000000 to 39999.000000 us on card 1
44781,VESUVIO00044781_ICPdebug.txt,43,channel,2021-05-10T13:05:40 Setting 9729 time channels from 5.000000 to 39999.000000 us on card 2
44720,VESUVIO00044720_ICPdebug.txt,13,detector,"2021-05-08T17:44:06 Highest dae, detector card, crate number used = 0, 2, 2"
44720,VESUVIO00044720_ICPdebug.txt,34,channel,2021-05-08T17:44:09 Programming Time channels
44720,VESUVIO00044720_ICPdebug.txt,37,channel,2021-05-08T17:44:09 Setting 9729 time channels from 5.000000 to 39999.000000 us on card 0
44720,VESUVIO00044720_ICPdebug.txt,39,channel,2021-05-08T17:44:09 Setting 9729 time channels from 5.000000 to 39999.000000 us on card 1
44720,VESUVIO00044720_ICPdebug.txt,41,channel,2021-05-08T17:44:09 Setting 9729 time channels from 5.000000 to 39999.000000 us on card 2
44790,VESUVIO00044790_ICPdebug.txt,13,detector,"2021-05-10T14:47:58 Highest dae, detector card, crate number used = 0, 2, 2"
44790,VESUVIO00044790_ICPdebug.txt,36,channel,2021-05-10T14:48:58 Programming Time channels
44790,VESUVIO00044790_ICPdebug.txt,39,channel,2021-05-10T14:48:58 Setting 9729 time channels from 5.000000 to 39999.000000 us on card 0
44790,VESUVIO00044790_ICPdebug.txt,41,channel,2021-05-10T14:48:58 Setting 9729 time channels from 5.000000 to 39999.000000 us on card 1
44790,VESUVIO00044790_ICPdebug.txt,43,channel,2021-05-10T14:48:59 Setting 9729 time channels from 5.000000 to 39999.000000 us on card 2
45133,VESUVIO00045133.log,9,sample,2021-05-25T12:52:36 Sample 827.6352577318944
45133,VESUVIO00045133.log,141,sample,2021-05-25T13:22:35 Sample 827.6352577318944
45133,VESUVIO00045133.log,164,sample,2021-05-25T13:25:35 Sample 827.6352577318944
44712,VESUVIO00044712_ICPdebug.txt,8,detector,"2021-05-08T16:00:04 Detector table ""C:/Instrument/Settings/config/NDXVESUVIO/configurations/tables/detector_dae3_00.dat"" is unchanged - reload skipped"
44712,VESUVIO00044712_ICPdebug.txt,9,spectrum,2021-05-08T16:00:04 Spectra table C:/Instrument/Settings/config/NDXVESUVIO/configurations/tables/spectrum_dae3_00.dat is unchanged - reload skipped
44712,VESUVIO00044712_ICPdebug.txt,14,detector,"2021-05-08T16:00:10 Detector table ""C:/Instrument/Settings/config/NDXVESUVIO/configurations/tables/detector_dae3_00.dat"" is unchanged - reload skipped"
44712,VESUVIO00044712_ICPdebug.txt,15,spectrum,2021-05-08T16:00:10 Spectra table C:/Instrument/Settings/config/NDXVESUVIO/configurations/tables/spectrum_dae3_00.dat is unchanged - reload skipped
44712,VESUVIO00044712_ICPdebug.txt,27,detector,"2021-05-08T16:01:20 Highest dae, detector card, crate number used = 0, 2, 2"
44712,VESUVIO00044712_ICPdebug.txt,48,channel,2021-05-08T16:01:22 Programming Time channels
44712,VESUVIO00044712_ICPdebug.txt,51,channel,2021-05-08T16:01:22 Setting 9729 time channels from 5.000000 to 39999.000000 us on card 0
44712,VESUVIO00044712_ICPdebug.txt,53,channel,2021-05-08T16:01:22 Setting 9729 time channels from 5.000000 to 39999.000000 us on card 1
44712,VESUVIO00044712_ICPdebug.txt,55,channel,2021-05-08T16:01:22 Setting 9729 time channels from 5.000000 to 39999.000000 us on card 2
44782,VESUVIO00044782_ICPdebug.txt,13,detector,"2021-05-10T13:12:26 Highest dae, detector card, crate number used = 0, 2, 2"
44782,VESUVIO00044782_ICPdebug.txt,36,channel,2021-05-10T13:13:27 Programming Time channels
44782,VESUVIO00044782_ICPdebug.txt,39,channel,2021-05-10T13:13:27 Setting 9729 time channels from 5.000000 to 39999.000000 us on card 0
44782,VESUVIO00044782_ICPdebug.txt,41,channel,2021-05-10T13:13:27 Setting 9729 time channels from 5.000000 to 39999.000000 us on card 1
44782,VESUVIO00044782_ICPdebug.txt,43,channel,2021-05-10T13:13:27 Setting 9729 time channels from 5.000000 to 39999.000000 us on card 2
44769,VESUVIO00044769_ICPdebug.txt,13,detector,"2021-05-10T02:06:33 Highest dae, detector card, crate number used = 0, 2, 2"
44769,VESUVIO00044769_ICPdebug.txt,36,channel,2021-05-10T02:07:34 Programming Time channels
44769,VESUVIO00044769_ICPdebug.txt,39,channel,2021-05-10T02:07:34 Setting 9729 time channels from 5.000000 to 39999.000000 us on card 0
44769,VESUVIO00044769_ICPdebug.txt,41,channel,2021-05-10T02:07:34 Setting 9729 time channels from 5.000000 to 39999.000000 us on card 1
44769,VESUVIO00044769_ICPdebug.txt,43,channel,2021-05-10T02:07:34 Setting 9729 time channels from 5.000000 to 39999.000000 us on card 2
44754,VESUVIO00044754_ICPdebug.txt,13,detector,"2021-05-09T12:47:58 Highest dae, detector card, crate number used = 0, 2, 2"
44754,VESUVIO00044754_ICPdebug.txt,36,channel,2021-05-09T12:48:58 Programming Time channels
44754,VESUVIO00044754_ICPdebug.txt,39,channel,2021-05-09T12:48:58 Setting 9729 time channels from 5.000000 to 39999.000000 us on card 0
44754,VESUVIO00044754_ICPdebug.txt,41,channel,2021-05-09T12:48:58 Setting 9729 time channels from 5.000000 to 39999.000000 us on card 1
44754,VESUVIO00044754_ICPdebug.txt,43,channel,2021-05-09T12:48:58 Setting 9729 time channels from 5.000000 to 39999.000000 us on card 2
44761,VESUVIO00044761.log,2,temp,2021-05-09T14:28:05 Water_Bath_Temp 20.33
44761,VESUVIO00044761.log,8,temp,2021-05-09T14:33:35 Water_Bath_Temp 20.34
44761,VESUVIO00044761.log,13,temp,2021-05-09T14:35:05 Water_Bath_Temp 20.33
44761,VESUVIO00044761.log,14,temp,2021-05-09T14:35:18 Water_Bath_Temp 20.34
44761,VESUVIO00044761.log,21,temp,2021-05-09T14:40:01 Water_Bath_Temp 20.35
44761,VESUVIO00044761.log,23,temp,2021-05-09T14:40:20 Water_Bath_Temp 20.34
44761,VESUVIO00044761.log,25,temp,2021-05-09T14:41:01 Water_Bath_Temp 20.35
44761,VESUVIO00044761.log,36,sample,2021-05-09T14:41:50 Sample 829.4179356845098
44761,VESUVIO00044761.log,39,temp,2021-05-09T14:41:50 Water_Bath_Temp 20.35
44761,VESUVIO00044761.log,70,temp,2021-05-09T14:46:18 Water_Bath_Temp 20.36
44761,VESUVIO00044761.log,71,temp,2021-05-09T14:46:39 Water_Bath_Temp 20.35
44761,VESUVIO00044761.log,81,temp,2021-05-09T14:48:19 Water_Bath_Temp 20.36
44761,VESUVIO00044761.log,97,temp,2021-05-09T14:52:48 Water_Bath_Temp 20.37
44761,VESUVIO00044761.log,99,temp,2021-05-09T14:53:18 Water_Bath_Temp 20.36
44761,VESUVIO00044761.log,101,temp,2021-05-09T14:53:48 Water_Bath_Temp 20.37
44761,VESUVIO00044761.log,102,temp,2021-05-09T14:54:18 Water_Bath_Temp 20.36
44761,VESUVIO00044761.log,103,temp,2021-05-09T14:54:20 Water_Bath_Temp 20.37
44761,VESUVIO00044761.log,110,temp,2021-05-09T14:59:59 Water_Bath_Temp 20.38
44761,VESUVIO00044761.log,123,temp,2021-05-09T15:05:45 Water_Bath_Temp 20.39
44761,VESUVIO00044761.log,125,temp,2021-05-09T15:06:15 Water_Bath_Temp 20.38
44761,VESUVIO00044761.log,127,temp,2021-05-09T15:06:45 Water_Bath_Temp 20.39
44761,VESUVIO00044761.log,140,sample,2021-05-09T15:11:49 Sample 829.4179356845098
44761,VESUVIO00044761.log,149,temp,2021-05-09T15:12:45 Water_Bath_Temp 20.4
44761,VESUVIO00044761.log,162,temp,2021-05-09T15:19:18 Water_Bath_Temp 20.41
44761,VESUVIO00044761.log,169,temp,2021-05-09T15:25:13 Water_Bath_Temp 20.42
44761,VESUVIO00044761.log,171,temp,2021-05-09T15:25:48 Water_Bath_Temp 20.41
44761,VESUVIO00044761.log,172,temp,2021-05-09T15:26:04 Water_Bath_Temp 20.42
44761,VESUVIO00044761.log,177,temp,2021-05-09T15:31:16 Water_Bath_Temp 20.43
44761,VESUVIO00044761.log,181,temp,2021-05-09T15:37:16 Water_Bath_Temp 20.44
44761,VESUVIO00044761.log,182,temp,2021-05-09T15:37:47 Water_Bath_Temp 20.43
44761,VESUVIO00044761.log,183,temp,2021-05-09T15:38:25 Water_Bath_Temp 20.44
44761,VESUVIO00044761.log,187,sample,2021-05-09T15:41:49 Sample 829.4179356845098
44761,VESUVIO00044761.log,195,temp,2021-05-09T15:44:14 Water_Bath_Temp 20.45
44761,VESUVIO00044761.log,201,temp,2021-05-09T15:51:30 Water_Bath_Temp 20.46
44761,VESUVIO00044761.log,204,temp,2021-05-09T15:58:18 Water_Bath_Temp 20.47
44761,VESUVIO00044761.log,206,temp,2021-05-09T16:04:48 Water_Bath_Temp 20.48
44761,VESUVIO00044761.log,208,temp,2021-05-09T16:10:14 Water_Bath_Temp 20.49
44761,VESUVIO00044761.log,212,sample,2021-05-09T16:11:49 Sample 829.4179356845098
44761,VESUVIO00044761.log,221,temp,2021-05-09T16:17:16 Water_Bath_Temp 20.5
44761,VESUVIO00044761.log,222,temp,2021-05-09T16:18:16 Water_Bath_Temp 20.49
44761,VESUVIO00044761.log,223,temp,2021-05-09T16:18:38 Water_Bath_Temp 20.5
44761,VESUVIO00044761.log,226,temp,2021-05-09T16:24:13 Water_Bath_Temp 20.51
44761,VESUVIO00044761.log,237,temp,2021-05-09T16:29:48 Water_Bath_Temp 20.52
44761,VESUVIO00044761.log,238,temp,2021-05-09T16:30:12 Water_Bath_Temp 20.51
44761,VESUVIO00044761.log,243,temp,2021-05-09T16:31:42 Water_Bath_Temp 20.52
44761,VESUVIO00044761.log,257,temp,2021-05-09T16:38:15 Water_Bath_Temp 20.53
44761,VESUVIO00044761.log,272,sample,2021-05-09T16:41:49 Sample 829.4179356845098
44761,VESUVIO00044761.log,283,temp,2021-05-09T16:44:46 Water_Bath_Temp 20.54
44761,VESUVIO00044761.log,297,temp,2021-05-09T16:50:47 Water_Bath_Temp 20.55
44761,VESUVIO00044761.log,317,temp,2021-05-09T16:58:47 Water_Bath_Temp 20.56
44761,VESUVIO00044761.log,331,temp,2021-05-09T17:05:18 Water_Bath_Temp 20.57
44761,VESUVIO00044761.log,336,temp,2021-05-09T17:06:48 Water_Bath_Temp 20.56
44761,VESUVIO00044761.log,337,temp,2021-05-09T17:07:11 Water_Bath_Temp 20.57
44761,VESUVIO00044761.log,348,temp,2021-05-09T17:11:48 Water_Bath_Temp 20.58
44761,VESUVIO00044761.log,351,sample,2021-05-09T17:11:49 Sample 829.4179356845098
44761,VESUVIO00044761.log,357,temp,2021-05-09T17:12:14 Water_Bath_Temp 20.57
44761,VESUVIO00044761.log,359,temp,2021-05-09T17:12:42 Water_Bath_Temp 20.58
44761,VESUVIO00044761.log,374,temp,2021-05-09T17:18:48 Water_Bath_Temp 20.59
44761,VESUVIO00044761.log,376,temp,2021-05-09T17:19:17 Water_Bath_Temp 20.58
44761,VESUVIO00044761.log,377,temp,2021-05-09T17:19:42 Water_Bath_Temp 20.59
44761,VESUVIO00044761.log,379,temp,2021-05-09T17:20:16 Water_Bath_Temp 20.58
44761,VESUVIO00044761.log,381,temp,2021-05-09T17:20:43 Water_Bath_Temp 20.59
44761,VESUVIO00044761.log,396,sample,2021-05-09T17:23:41 Sample 829.4179356845098
44761,VESUVIO00044761.log,399,temp,2021-05-09T17:23:41 Water_Bath_Temp 20.59
44748,VESUVIO00044748_ICPdebug.txt,13,detector,"2021-05-09T11:43:39 Highest dae, detector card, crate number used = 0, 2, 2"
44748,VESUVIO00044748_ICPdebug.txt,36,channel,2021-05-09T11:44:40 Programming Time channels
44748,VESUVIO00044748_ICPdebug.txt,39,channel,2021-05-09T11:44:40 Setting 9729 time channels from 5.000000 to 39999.000000 us on card 0
44748,VESUVIO00044748_ICPdebug.txt,41,channel,2021-05-09T11:44:40 Setting 9729 time channels from 5.000000 to 39999.000000 us on card 1
44748,VESUVIO00044748_ICPdebug.txt,43,channel,2021-05-09T11:44:40 Setting 9729 time channels from 5.000000 to 39999.000000 us on card 2
44751,VESUVIO00044751_ICPdebug.txt,13,detector,"2021-05-09T12:23:22 Highest dae, detector card, crate number used = 0, 2, 2"
44751,VESUVIO00044751_ICPdebug.txt,36,channel,2021-05-09T12:24:23 Programming Time channels
44751,VESUVIO00044751_ICPdebug.txt,39,channel,2021-05-09T12:24:23 Setting 9729 time channels from 5.000000 to 39999.000000 us on card 0
44751,VESUVIO00044751_ICPdebug.txt,41,channel,2021-05-09T12:24:23 Setting 9729 time channels from 5.000000 to 39999.000000 us on card 1
44751,VESUVIO00044751_ICPdebug.txt,43,channel,2021-05-09T12:24:23 Setting 9729 time channels from 5.000000 to 39999.000000 us on card 2
44738,VESUVIO00044738.log,10,sample,2021-05-09T05:47:56 Sample 829.4179356845098
44738,VESUVIO00044738.log,13,temp,2021-05-09T05:47:56 Water_Bath_Temp 20.02
44738,VESUVIO00044738.log,36,temp,2021-05-09T05:56:25 Water_Bath_Temp 20.01
44738,VESUVIO00044738.log,38,temp,2021-05-09T05:56:54 Water_Bath_Temp 20.02
44738,VESUVIO00044738.log,42,temp,2021-05-09T05:58:25 Water_Bath_Temp 20.01
44738,VESUVIO00044738.log,45,temp,2021-05-09T05:59:25 Water_Bath_Temp 20.02
44738,VESUVIO00044738.log,47,temp,2021-05-09T06:00:17 Water_Bath_Temp 20.01
44738,VESUVIO00044738.log,80,temp,2021-05-09T06:14:55 Water_Bath_Temp 20
44738,VESUVIO00044738.log,82,temp,2021-05-09T06:15:24 Water_Bath_Temp 20.01
44738,VESUVIO00044738.log,90,temp,2021-05-09T06:17:25 Water_Bath_Temp 20
44738,VESUVIO00044738.log,95,sample,2021-05-09T06:17:56 Sample 829.4179356845098
44738,VESUVIO00044738.log,102,temp,2021-05-09T06:18:23 Water_Bath_Temp 20.01
44738,VESUVIO00044738.log,105,temp,2021-05-09T06:18:55 Water_Bath_Temp 20
44738,VESUVIO00044738.log,106,temp,2021-05-09T06:19:18 Water_Bath_Temp 20.01
44738,VESUVIO00044738.log,110,temp,2021-05-09T06:20:38 Water_Bath_Temp 20
44738,VESUVIO00044738.log,163,temp,2021-05-09T06:39:55 Water_Bath_Temp 19.99
44738,VESUVIO00044738.log,164,temp,2021-05-09T06:40:17 Water_Bath_Temp 20
44738,VESUVIO00044738.log,168,temp,2021-05-09T06:41:24 Water_Bath_Temp 19.99
44738,VESUVIO00044738.log,172,temp,2021-05-09T06:43:02 Water_Bath_Temp 20
44738,VESUVIO00044738.log,175,temp,2021-05-09T06:43:54 Water_Bath_Temp 19.99
44738,VESUVIO00044738.log,178,temp,2021-05-09T06:44:55 Water_Bath_Temp 20
44738,VESUVIO00044738.log,181,temp,2021-05-09T06:45:55 Water_Bath_Temp 19.99
44738,VESUVIO00044738.log,189,sample,2021-05-09T06:47:56 Sample 829.4179356845098
44738,VESUVIO00044738.log,206,sample,2021-05-09T06:51:34 Sample 829.4179356845098
44738,VESUVIO00044738.log,209,temp,2021-05-09T06:51:34 Water_Bath_Temp 19.99
44761,VESUVIO00044761_ICPdebug.txt,15,detector,"2021-05-09T14:40:46 Highest dae, detector card, crate number used = 0, 2, 2"
44761,VESUVIO00044761_ICPdebug.txt,38,channel,2021-05-09T14:41:46 Programming Time channels
44761,VESUVIO00044761_ICPdebug.txt,41,channel,2021-05-09T14:41:46 Setting 9729 time channels from 5.000000 to 39999.000000 us on card 0
44761,VESUVIO00044761_ICPdebug.txt,43,channel,2021-05-09T14:41:46 Setting 9729 time channels from 5.000000 to 39999.000000 us on card 1
44761,VESUVIO00044761_ICPdebug.txt,45,channel,2021-05-09T14:41:46 Setting 9729 time channels from 5.000000 to 39999.000000 us on card 2
45132,VESUVIO00045132_ICPdebug.txt,13,detector,"2021-05-25T12:19:19 Highest dae, detector card, crate number used = 0, 2, 2"
45132,VESUVIO00045132_ICPdebug.txt,34,channel,2021-05-25T12:19:21 Programming Time channels
45132,VESUVIO00045132_ICPdebug.txt,37,channel,2021-05-25T12:19:21 Setting 9729 time channels from 5.000000 to 39999.000000 us on card 0
45132,VESUVIO00045132_ICPdebug.txt,39,channel,2021-05-25T12:19:21 Setting 9729 time channels from 5.000000 to 39999.000000 us on card 1
45132,VESUVIO00045132_ICPdebug.txt,41,channel,2021-05-25T12:19:21 Setting 9729 time channels from 5.000000 to 39999.000000 us on card 2
44725,VESUVIO00044725.log,12,sample,2021-05-08T18:54:03 Sample 829.4179356845098
44725,VESUVIO00044725.log,15,temp,2021-05-08T18:54:03 Water_Bath_Temp 20.44
44725,VESUVIO00044725.log,26,temp,2021-05-08T18:56:52 Water_Bath_Temp 20.45
44725,VESUVIO00044725.log,29,temp,2021-05-08T18:57:30 Water_Bath_Temp 20.44
44725,VESUVIO00044725.log,32,temp,2021-05-08T18:57:59 Water_Bath_Temp 20.45
44725,VESUVIO00044725.log,36,temp,2021-05-08T18:58:28 Water_Bath_Temp 20.44
44725,VESUVIO00044725.log,42,temp,2021-05-08T18:59:31 Water_Bath_Temp 20.45
44725,VESUVIO00044725.log,43,temp,2021-05-08T18:59:50 Water_Bath_Temp 20.44
44725,VESUVIO00044725.log,53,temp,2021-05-08T19:02:31 Water_Bath_Temp 20.45
44725,VESUVIO00044725.log,54,temp,2021-05-08T19:02:53 Water_Bath_Temp 20.44
44725,VESUVIO00044725.log,69,sample,2021-05-08T19:04:37 Sample 829.4179356845098
44725,VESUVIO00044725.log,72,temp,2021-05-08T19:04:37 Water_Bath_Temp 20.44
44722,VESUVIO00044722_ICPdebug.txt,15,detector,"2021-05-08T18:09:06 Highest dae, detector card, crate number used = 0, 2, 2"
44722,VESUVIO00044722_ICPdebug.txt,36,channel,2021-05-08T18:09:09 Programming Time channels
44722,VESUVIO00044722_ICPdebug.txt,39,channel,2021-05-08T18:09:09 Setting 9729 time channels from 5.000000 to 39999.000000 us on card 0
44722,VESUVIO00044722_ICPdebug.txt,41,channel,2021-05-08T18:09:09 Setting 9729 time channels from 5.000000 to 39999.000000 us on card 1
44722,VESUVIO00044722_ICPdebug.txt,43,channel,2021-05-08T18:09:09 Setting 9729 time channels from 5.000000 to 39999.000000 us on card 2
44766,VESUVIO00044766_ICPdebug.txt,13,detector,"2021-05-09T22:51:47 Highest dae, detector card, crate number used = 0, 2, 2"
44766,VESUVIO00044766_ICPdebug.txt,36,channel,2021-05-09T22:52:47 Programming Time channels
44766,VESUVIO00044766_ICPdebug.txt,39,channel,2021-05-09T22:52:47 Setting 9729 time channels from 5.000000 to 39999.000000 us on card 0
44766,VESUVIO00044766_ICPdebug.txt,41,channel,2021-05-09T22:52:47 Setting 9729 time channels from 5.000000 to 39999.000000 us on card 1
44766,VESUVIO00044766_ICPdebug.txt,43,channel,2021-05-09T22:52:47 Setting 9729 time channels from 5.000000 to 39999.000000 us on card 2
44750,VESUVIO00044750_ICPdebug.txt,13,detector,"2021-05-09T12:15:10 Highest dae, detector card, crate number used = 0, 2, 2"
44750,VESUVIO00044750_ICPdebug.txt,36,channel,2021-05-09T12:16:11 Programming Time channels
44750,VESUVIO00044750_ICPdebug.txt,39,channel,2021-05-09T12:16:11 Setting 9729 time channels from 5.000000 to 39999.000000 us on card 0
44750,VESUVIO00044750_ICPdebug.txt,41,channel,2021-05-09T12:16:11 Setting 9729 time channels from 5.000000 to 39999.000000 us on card 1
44750,VESUVIO00044750_ICPdebug.txt,43,channel,2021-05-09T12:16:11 Setting 9729 time channels from 5.000000 to 39999.000000 us on card 2
44785,VESUVIO00044785_ICPdebug.txt,15,detector,"2021-05-10T14:03:49 Highest dae, detector card, crate number used = 0, 2, 2"
44785,VESUVIO00044785_ICPdebug.txt,38,channel,2021-05-10T14:04:50 Programming Time channels
44785,VESUVIO00044785_ICPdebug.txt,41,channel,2021-05-10T14:04:50 Setting 9729 time channels from 5.000000 to 39999.000000 us on card 0
44785,VESUVIO00044785_ICPdebug.txt,43,channel,2021-05-10T14:04:50 Setting 9729 time channels from 5.000000 to 39999.000000 us on card 1
44785,VESUVIO00044785_ICPdebug.txt,45,channel,2021-05-10T14:04:50 Setting 9729 time channels from 5.000000 to 39999.000000 us on card 2
44762,VESUVIO00044762_ICPdebug.txt,13,detector,"2021-05-09T17:23:42 Highest dae, detector card, crate number used = 0, 2, 2"
44762,VESUVIO00044762_ICPdebug.txt,36,channel,2021-05-09T17:24:43 Programming Time channels
44762,VESUVIO00044762_ICPdebug.txt,39,channel,2021-05-09T17:24:43 Setting 9729 time channels from 5.000000 to 39999.000000 us on card 0
44762,VESUVIO00044762_ICPdebug.txt,41,channel,2021-05-09T17:24:43 Setting 9729 time channels from 5.000000 to 39999.000000 us on card 1
44762,VESUVIO00044762_ICPdebug.txt,43,channel,2021-05-09T17:24:43 Setting 9729 time channels from 5.000000 to 39999.000000 us on card 2
44762,VESUVIO00044762_ICPdebug.txt,108,detector,"2021-05-09T18:26:48 Highest dae, detector card, crate number used = 0, 2, 2"
44762,VESUVIO00044762_ICPdebug.txt,131,channel,2021-05-09T18:27:49 Programming Time channels
44762,VESUVIO00044762_ICPdebug.txt,134,channel,2021-05-09T18:27:49 Setting 9729 time channels from 5.000000 to 39999.000000 us on card 0
44762,VESUVIO00044762_ICPdebug.txt,136,channel,2021-05-09T18:27:49 Setting 9729 time channels from 5.000000 to 39999.000000 us on card 1
44762,VESUVIO00044762_ICPdebug.txt,138,channel,2021-05-09T18:27:49 Setting 9729 time channels from 5.000000 to 39999.000000 us on card 2
44717,VESUVIO00044717.log,2,temp,2021-05-08T16:59:55 Water_Bath_Temp 20.47
44717,VESUVIO00044717.log,4,temp,2021-05-08T17:00:25 Water_Bath_Temp 20.48
44717,VESUVIO00044717.log,6,temp,2021-05-08T17:00:53 Water_Bath_Temp 20.47
44717,VESUVIO00044717.log,12,temp,2021-05-08T17:03:24 Water_Bath_Temp 20.48
44717,VESUVIO00044717.log,13,temp,2021-05-08T17:03:53 Water_Bath_Temp 20.47
44717,VESUVIO00044717.log,36,sample,2021-05-08T17:12:01 Sample 829.4179356845098
44717,VESUVIO00044717.log,39,temp,2021-05-08T17:12:01 Water_Bath_Temp 20.47
44717,VESUVIO00044717.log,101,sample,2021-05-08T17:22:35 Sample 829.4179356845098
44717,VESUVIO00044717.log,104,temp,2021-05-08T17:22:35 Water_Bath_Temp 20.47
44484,VESUVIO00044484.log,9,sample,2021-04-29T09:28:04 Sample 829.4179356845098
44484,VESUVIO00044484.log,112,sample,2021-04-29T09:58:03 Sample 829.4179356845098
44484,VESUVIO00044484.log,210,sample,2021-04-29T10:28:03 Sample 829.4179356845098
44484,VESUVIO00044484.log,250,sample,2021-04-29T10:34:35 Sample 829.4179356845098
44734,VESUVIO00044734.log,10,sample,2021-05-09T01:29:06 Sample 829.4179356845098
44734,VESUVIO00044734.log,13,temp,2021-05-09T01:29:06 Water_Bath_Temp 20.24
44734,VESUVIO00044734.log,23,temp,2021-05-09T01:32:01 Water_Bath_Temp 20.23
44734,VESUVIO00044734.log,26,temp,2021-05-09T01:32:32 Water_Bath_Temp 20.24
44734,VESUVIO00044734.log,27,temp,2021-05-09T01:32:59 Water_Bath_Temp 20.23
44734,VESUVIO00044734.log,46,temp,2021-05-09T01:42:05 Water_Bath_Temp 20.22
44734,VESUVIO00044734.log,48,temp,2021-05-09T01:42:34 Water_Bath_Temp 20.23
44734,VESUVIO00044734.log,49,temp,2021-05-09T01:42:56 Water_Bath_Temp 20.22
44734,VESUVIO00044734.log,52,temp,2021-05-09T01:43:35 Water_Bath_Temp 20.23
44734,VESUVIO00044734.log,54,temp,2021-05-09T01:44:07 Water_Bath_Temp 20.22
44734,VESUVIO00044734.log,67,temp,2021-05-09T01:50:04 Water_Bath_Temp 20.21
44734,VESUVIO00044734.log,68,temp,2021-05-09T01:50:07 Water_Bath_Temp 20.22
44734,VESUVIO00044734.log,71,temp,2021-05-09T01:51:30 Water_Bath_Temp 20.21
44734,VESUVIO00044734.log,74,temp,2021-05-09T01:52:03 Water_Bath_Temp 20.22
44734,VESUVIO00044734.log,75,temp,2021-05-09T01:52:13 Water_Bath_Temp 20.21
44734,VESUVIO00044734.log,94,sample,2021-05-09T01:59:05 Sample 829.4179356845098
44734,VESUVIO00044734.log,104,temp,2021-05-09T02:01:01 Water_Bath_Temp 20.2
44734,VESUVIO00044734.log,123,temp,2021-05-09T02:10:02 Water_Bath_Temp 20.19
44734,VESUVIO00044734.log,125,temp,2021-05-09T02:10:33 Water_Bath_Temp 20.2
44734,VESUVIO00044734.log,128,temp,2021-05-09T02:11:04 Water_Bath_Temp 20.19
44734,VESUVIO00044734.log,150,temp,2021-05-09T02:20:24 Water_Bath_Temp 20.18
44734,VESUVIO00044734.log,173,sample,2021-05-09T02:29:05 Sample 829.4179356845098
44734,VESUVIO00044734.log,185,temp,2021-05-09T02:31:35 Water_Bath_Temp 20.17
44734,VESUVIO00044734.log,196,sample,2021-05-09T02:32:39 Sample 829.4179356845098
44734,VESUVIO00044734.log,199,temp,2021-05-09T02:32:39 Water_Bath_Temp 20.17
44735,VESUVIO00044735_ICPdebug.txt,13,detector,"2021-05-09T02:32:44 Highest dae, detector card, crate number used = 0, 2, 2"
44735,VESUVIO00044735_ICPdebug.txt,36,channel,2021-05-09T02:33:44 Programming Time channels
44735,VESUVIO00044735_ICPdebug.txt,39,channel,2021-05-09T02:33:44 Setting 9729 time channels from 5.000000 to 39999.000000 us on card 0
44735,VESUVIO00044735_ICPdebug.txt,41,channel,2021-05-09T02:33:44 Setting 9729 time channels from 5.000000 to 39999.000000 us on card 1
44735,VESUVIO00044735_ICPdebug.txt,43,channel,2021-05-09T02:33:44 Setting 9729 time channels from 5.000000 to 39999.000000 us on card 2
44755,VESUVIO00044755.log,5,temp,2021-05-09T13:01:34 Water_Bath_Temp 20.22
44755,VESUVIO00044755.log,6,temp,2021-05-09T13:02:01 Water_Bath_Temp 20.21
44755,VESUVIO00044755.log,8,temp,2021-05-09T13:02:28 Water_Bath_Temp 20.22
44755,VESUVIO00044755.log,16,temp,2021-05-09T13:09:33 Water_Bath_Temp 20.23
44755,VESUVIO00044755.log,17,temp,2021-05-09T13:09:50 Water_Bath_Temp 20.22
44755,VESUVIO00044755.log,19,temp,2021-05-09T13:11:34 Water_Bath_Temp 20.23
44755,VESUVIO00044755.log,24,temp,2021-05-09T13:19:34 Water_Bath_Temp 20.24
44755,VESUVIO00044755.log,25,temp,2021-05-09T13:20:00 Water_Bath_Temp 20.23
44755,VESUVIO00044755.log,26,temp,2021-05-09T13:20:29 Water_Bath_Temp 20.24
44755,VESUVIO00044755.log,32,sample,2021-05-09T13:26:05 Sample 829.4179356845098
44755,VESUVIO00044755.log,41,temp,2021-05-09T13:28:33 Water_Bath_Temp 20.25
44755,VESUVIO00044755.log,43,temp,2021-05-09T13:29:02 Water_Bath_Temp 20.24
44755,VESUVIO00044755.log,46,temp,2021-05-09T13:29:42 Water_Bath_Temp 20.25
44755,VESUVIO00044755.log,53,temp,2021-05-09T13:35:33 Water_Bath_Temp 20.26
44755,VESUVIO00044755.log,68,sample,2021-05-09T13:38:23 Sample 829.4179356845098
44755,VESUVIO00044755.log,71,temp,2021-05-09T13:38:23 Water_Bath_Temp 20.26
44755,VESUVIO00044755.log,97,temp,2021-05-09T13:43:51 Water_Bath_Temp 20.27
44755,VESUVIO00044755.log,98,temp,2021-05-09T13:44:20 Water_Bath_Temp 20.26
44755,VESUVIO00044755.log,100,temp,2021-05-09T13:44:45 Water_Bath_Temp 20.27
44755,VESUVIO00044755.log,104,temp,2021-05-09T13:45:22 Water_Bath_Temp 20.26
44755,VESUVIO00044755.log,113,sample,2021-05-09T13:45:27 Sample 829.4179356845098
44755,VESUVIO00044755.log,116,temp,2021-05-09T13:45:27 Water_Bath_Temp 20.27
44776,VESUVIO00044776_ICPdebug.txt,13,detector,"2021-05-10T09:35:39 Highest dae, detector card, crate number used = 0, 2, 2"
44776,VESUVIO00044776_ICPdebug.txt,36,channel,2021-05-10T09:36:40 Programming Time channels
44776,VESUVIO00044776_ICPdebug.txt,39,channel,2021-05-10T09:36:40 Setting 9729 time channels from 5.000000 to 39999.000000 us on card 0
44776,VESUVIO00044776_ICPdebug.txt,41,channel,2021-05-10T09:36:40 Setting 9729 time channels from 5.000000 to 39999.000000 us on card 1
44776,VESUVIO00044776_ICPdebug.txt,43,channel,2021-05-10T09:36:40 Setting 9729 time channels from 5.000000 to 39999.000000 us on card 2
44776,VESUVIO00044776_ICPdebug.txt,108,detector,"2021-05-10T10:21:25 Highest dae, detector card, crate number used = 0, 2, 2"
44776,VESUVIO00044776_ICPdebug.txt,131,channel,2021-05-10T10:22:25 Programming Time channels
44776,VESUVIO00044776_ICPdebug.txt,134,channel,2021-05-10T10:22:25 Setting 9729 time channels from 5.000000 to 39999.000000 us on card 0
44776,VESUVIO00044776_ICPdebug.txt,136,channel,2021-05-10T10:22:25 Setting 9729 time channels from 5.000000 to 39999.000000 us on card 1
44776,VESUVIO00044776_ICPdebug.txt,138,channel,2021-05-10T10:22:25 Setting 9729 time channels from 5.000000 to 39999.000000 us on card 2
44777,VESUVIO00044777_ICPdebug.txt,13,detector,"2021-05-10T11:22:18 Highest dae, detector card, crate number used = 0, 2, 2"
44777,VESUVIO00044777_ICPdebug.txt,36,channel,2021-05-10T11:23:19 Programming Time channels
44777,VESUVIO00044777_ICPdebug.txt,39,channel,2021-05-10T11:23:19 Setting 9729 time channels from 5.000000 to 39999.000000 us on card 0
44777,VESUVIO00044777_ICPdebug.txt,41,channel,2021-05-10T11:23:19 Setting 9729 time channels from 5.000000 to 39999.000000 us on card 1
44777,VESUVIO00044777_ICPdebug.txt,43,channel,2021-05-10T11:23:19 Setting 9729 time channels from 5.000000 to 39999.000000 us on card 2
44756,VESUVIO00044756_ICPdebug.txt,13,detector,"2021-05-09T13:45:31 Highest dae, detector card, crate number used = 0, 2, 2"
44756,VESUVIO00044756_ICPdebug.txt,36,channel,2021-05-09T13:46:31 Programming Time channels
44756,VESUVIO00044756_ICPdebug.txt,39,channel,2021-05-09T13:46:31 Setting 9729 time channels from 5.000000 to 39999.000000 us on card 0
44756,VESUVIO00044756_ICPdebug.txt,41,channel,2021-05-09T13:46:31 Setting 9729 time channels from 5.000000 to 39999.000000 us on card 1
44756,VESUVIO00044756_ICPdebug.txt,43,channel,2021-05-09T13:46:31 Setting 9729 time channels from 5.000000 to 39999.000000 us on card 2
44797,VESUVIO00044797.log,9,sample,2021-05-10T22:40:06 Sample 829.4179356845098
44797,VESUVIO00044797.log,12,temp,2021-05-10T22:40:06 Water_Bath_Temp 20.95
44797,VESUVIO00044797.log,25,temp,2021-05-10T22:44:04 Water_Bath_Temp 20.96
44797,VESUVIO00044797.log,26,temp,2021-05-10T22:44:29 Water_Bath_Temp 20.95
44797,VESUVIO00044797.log,29,temp,2021-05-10T22:45:03 Water_Bath_Temp 20.96
44797,VESUVIO00044797.log,30,temp,2021-05-10T22:45:30 Water_Bath_Temp 20.95
44797,VESUVIO00044797.log,41,temp,2021-05-10T22:50:03 Water_Bath_Temp 20.96
44797,VESUVIO00044797.log,42,temp,2021-05-10T22:50:32 Water_Bath_Temp 20.95
44797,VESUVIO00044797.log,46,temp,2021-05-10T22:51:33 Water_Bath_Temp 20.96
44797,VESUVIO00044797.log,49,temp,2021-05-10T22:53:00 Water_Bath_Temp 20.95
44797,VESUVIO00044797.log,52,temp,2021-05-10T22:53:33 Water_Bath_Temp 20.96
44797,VESUVIO00044797.log,54,temp,2021-05-10T22:54:02 Water_Bath_Temp 20.95
44797,VESUVIO00044797.log,56,temp,2021-05-10T22:55:00 Water_Bath_Temp 20.96
44797,VESUVIO00044797.log,58,temp,2021-05-10T22:55:29 Water_Bath_Temp 20.95
44797,VESUVIO00044797.log,62,temp,2021-05-10T22:56:03 Water_Bath_Temp 20.96
44797,VESUVIO00044797.log,67,temp,2021-05-10T22:58:04 Water_Bath_Temp 20.95
44797,VESUVIO00044797.log,69,temp,2021-05-10T22:58:34 Water_Bath_Temp 20.96
44797,VESUVIO00044797.log,73,temp,2021-05-10T23:00:03 Water_Bath_Temp 20.95
44797,VESUVIO00044797.log,75,temp,2021-05-10T23:00:49 Water_Bath_Temp 20.96
44797,VESUVIO00044797.log,78,temp,2021-05-10T23:01:32 Water_Bath_Temp 20.95
44797,VESUVIO00044797.log,81,temp,2021-05-10T23:02:34 Water_Bath_Temp 20.96
44797,VESUVIO00044797.log,84,temp,2021-05-10T23:03:34 Water_Bath_Temp 20.95
44797,VESUVIO00044797.log,86,temp,2021-05-10T23:04:03 Water_Bath_Temp 20.96
44797,VESUVIO00044797.log,102,sample,2021-05-10T23:10:05 Sample 829.4179356845098
44797,VESUVIO00044797.log,158,temp,2021-05-10T23:34:05 Water_Bath_Temp 20.96
44797,VESUVIO00044797.log,165,temp,2021-05-10T23:37:02 Water_Bath_Temp 20.97
44797,VESUVIO00044797.log,166,temp,2021-05-10T23:37:24 Water_Bath_Temp 20.96
44797,VESUVIO00044797.log,169,temp,2021-05-10T23:38:28 Water_Bath_Temp 20.97
44797,VESUVIO00044797.log,171,temp,2021-05-10T23:39:01 Water_Bath_Temp 20.96
44797,VESUVIO00044797.log,174,temp,2021-05-10T23:39:31 Water_Bath_Temp 20.97
44797,VESUVIO00044797.log,183,sample,2021-05-10T23:39:47 Sample 829.4179356845098
44797,VESUVIO00044797.log,186,temp,2021-05-10T23:39:47 Water_Bath_Temp 20.97
44728,VESUVIO00044728_ICPdebug.txt,13,detector,"2021-05-08T19:26:09 Highest dae, detector card, crate number used = 0, 2, 2"
44728,VESUVIO00044728_ICPdebug.txt,34,channel,2021-05-08T19:26:11 Programming Time channels
44728,VESUVIO00044728_ICPdebug.txt,37,channel,2021-05-08T19:26:11 Setting 9729 time channels from 5.000000 to 39999.000000 us on card 0
44728,VESUVIO00044728_ICPdebug.txt,39,channel,2021-05-08T19:26:11 Setting 9729 time channels from 5.000000 to 39999.000000 us on card 1
44728,VESUVIO00044728_ICPdebug.txt,41,channel,2021-05-08T19:26:11 Setting 9729 time channels from 5.000000 to 39999.000000 us on card 2
44757,VESUVIO00044757.log,11,sample,2021-05-09T13:54:47 Sample 829.4179356845098
44757,VESUVIO00044757.log,14,temp,2021-05-09T13:54:47 Water_Bath_Temp 20.28
44757,VESUVIO00044757.log,35,temp,2021-05-09T13:59:14 Water_Bath_Temp 20.29
44757,VESUVIO00044757.log,37,temp,2021-05-09T13:59:44 Water_Bath_Temp 20.28
44757,VESUVIO00044757.log,38,temp,2021-05-09T14:00:13 Water_Bath_Temp 20.29
44757,VESUVIO00044757.log,53,sample,2021-05-09T14:01:50 Sample 829.4179356845098
44757,VESUVIO00044757.log,56,temp,2021-05-09T14:01:50 Water_Bath_Temp 20.29
44759,VESUVIO00044759_ICPdebug.txt,13,detector,"2021-05-09T14:10:06 Highest dae, detector card, crate number used = 0, 2, 2"
44759,VESUVIO00044759_ICPdebug.txt,36,channel,2021-05-09T14:11:06 Programming Time channels
44759,VESUVIO00044759_ICPdebug.txt,39,channel,2021-05-09T14:11:06 Setting 9729 time channels from 5.000000 to 39999.000000 us on card 0
44759,VESUVIO00044759_ICPdebug.txt,41,channel,2021-05-09T14:11:06 Setting 9729 time channels from 5.000000 to 39999.000000 us on card 1
44759,VESUVIO00044759_ICPdebug.txt,43,channel,2021-05-09T14:11:06 Setting 9729 time channels from 5.000000 to 39999.000000 us on card 2
44744,VESUVIO00044744_ICPdebug.txt,13,detector,"2021-05-09T11:09:44 Highest dae, detector card, crate number used = 0, 2, 2"
44744,VESUVIO00044744_ICPdebug.txt,36,channel,2021-05-09T11:10:45 Programming Time channels
44744,VESUVIO00044744_ICPdebug.txt,39,channel,2021-05-09T11:10:45 Setting 9729 time channels from 5.000000 to 39999.000000 us on card 0
44744,VESUVIO00044744_ICPdebug.txt,41,channel,2021-05-09T11:10:45 Setting 9729 time channels from 5.000000 to 39999.000000 us on card 1
44744,VESUVIO00044744_ICPdebug.txt,43,channel,2021-05-09T11:10:45 Setting 9729 time channels from 5.000000 to 39999.000000 us on card 2
44798,VESUVIO00044798_ICPdebug.txt,15,detector,"2021-05-11T09:53:37 Highest dae, detector card, crate number used = 0, 2, 2"
44798,VESUVIO00044798_ICPdebug.txt,36,channel,2021-05-11T09:53:39 Programming Time channels
44798,VESUVIO00044798_ICPdebug.txt,39,channel,2021-05-11T09:53:39 Setting 9729 time channels from 5.000000 to 39999.000000 us on card 0
44798,VESUVIO00044798_ICPdebug.txt,41,channel,2021-05-11T09:53:39 Setting 9729 time channels from 5.000000 to 39999.000000 us on card 1
44798,VESUVIO00044798_ICPdebug.txt,43,channel,2021-05-11T09:53:39 Setting 9729 time channels from 5.000000 to 39999.000000 us on card 2
44760,VESUVIO00044760.log,11,sample,2021-05-09T14:20:04 Sample 829.4179356845098
44760,VESUVIO00044760.log,14,temp,2021-05-09T14:20:04 Water_Bath_Temp 20.32
44760,VESUVIO00044760.log,39,temp,2021-05-09T14:26:31 Water_Bath_Temp 20.33
44760,VESUVIO00044760.log,41,temp,2021-05-09T14:26:57 Water_Bath_Temp 20.32
44760,VESUVIO00044760.log,51,sample,2021-05-09T14:27:07 Sample 829.4179356845098
44760,VESUVIO00044760.log,54,temp,2021-05-09T14:27:07 Water_Bath_Temp 20.32
44764,VESUVIO00044764.log,10,sample,2021-05-09T20:37:21 Sample 829.4179356845098
44764,VESUVIO00044764.log,13,temp,2021-05-09T20:37:21 Water_Bath_Temp 20.95
44764,VESUVIO00044764.log,19,temp,2021-05-09T20:38:15 Water_Bath_Temp 20.96
44764,VESUVIO00044764.log,34,sample,2021-05-09T20:43:20 Sample 829.4179356845098
44764,VESUVIO00044764.log,37,temp,2021-05-09T20:43:20 Water_Bath_Temp 20.97
44764,VESUVIO00044764.log,50,temp,2021-05-09T20:47:34 Water_Bath_Temp 20.98
44764,VESUVIO00044764.log,64,temp,2021-05-09T20:52:42 Water_Bath_Temp 20.99
44764,VESUVIO00044764.log,75,temp,2021-05-09T20:57:11 Water_Bath_Temp 21
44764,VESUVIO00044764.log,87,temp,2021-05-09T21:02:16 Water_Bath_Temp 21.01
44764,VESUVIO00044764.log,100,temp,2021-05-09T21:07:47 Water_Bath_Temp 21.02
44764,VESUVIO00044764.log,112,temp,2021-05-09T21:12:18 Water_Bath_Temp 21.03
44764,VESUVIO00044764.log,118,sample,2021-05-09T21:13:19 Sample 829.4179356845098
44764,VESUVIO00044764.log,131,temp,2021-05-09T21:16:46 Water_Bath_Temp 21.04
44764,VESUVIO00044764.log,133,temp,2021-05-09T21:17:17 Water_Bath_Temp 21.03
44764,VESUVIO00044764.log,136,temp,2021-05-09T21:17:39 Water_Bath_Temp 21.04
44764,VESUVIO00044764.log,149,temp,2021-05-09T21:22:44 Water_Bath_Temp 21.05
44764,VESUVIO00044764.log,162,temp,2021-05-09T21:28:09 Water_Bath_Temp 21.06
44764,VESUVIO00044764.log,176,temp,2021-05-09T21:33:17 Water_Bath_Temp 21.07
44764,VESUVIO00044764.log,189,temp,2021-05-09T21:39:12 Water_Bath_Temp 21.08
44764,VESUVIO00044764.log,202,sample,2021-05-09T21:43:19 Sample 829.4179356845098
44764,VESUVIO00044764.log,210,temp,2021-05-09T21:43:46 Water_Bath_Temp 21.09
44764,VESUVIO00044764.log,211,temp,2021-05-09T21:44:06 Water_Bath_Temp 21.08
44764,VESUVIO00044764.log,214,temp,2021-05-09T21:44:48 Water_Bath_Temp 21.09
44764,VESUVIO00044764.log,230,sample,2021-05-09T21:46:56 Sample 829.4179356845098
44764,VESUVIO00044764.log,233,temp,2021-05-09T21:46:56 Water_Bath_Temp 21.09
45134,VESUVIO00045134.log,9,sample,2021-05-25T13:25:46 Sample 827.6352577318944
45134,VESUVIO00045134.log,65,sample,2021-05-25T13:41:05 Sample 827.6352577318944
45134,VESUVIO00045134.log,207,sample,2021-05-25T14:11:04 Sample 827.6352577318944
45134,VESUVIO00045134.log,228,sample,2021-05-25T14:12:47 Sample 827.6352577318944
44741,VESUVIO00044741_ICPdebug.txt,13,detector,"2021-05-09T09:01:08 Highest dae, detector card, crate number used = 0, 2, 2"
44741,VESUVIO00044741_ICPdebug.txt,36,channel,2021-05-09T09:02:08 Programming Time channels
44741,VESUVIO00044741_ICPdebug.txt,39,channel,2021-05-09T09:02:08 Setting 9729 time channels from 5.000000 to 39999.000000 us on card 0
44741,VESUVIO00044741_ICPdebug.txt,41,channel,2021-05-09T09:02:08 Setting 9729 time channels from 5.000000 to 39999.000000 us on card 1
44741,VESUVIO00044741_ICPdebug.txt,43,channel,2021-05-09T09:02:08 Setting 9729 time channels from 5.000000 to 39999.000000 us on card 2
44713,VESUVIO00044713.log,9,sample,2021-05-08T16:12:08 Sample 829.4179356845098
44713,VESUVIO00044713.log,12,temp,2021-05-08T16:12:08 Water_Bath_Temp 20.5
44713,VESUVIO00044713.log,19,temp,2021-05-08T16:12:37 Water_Bath_Temp 20.51
44713,VESUVIO00044713.log,20,temp,2021-05-08T16:12:51 Water_Bath_Temp 20.5
44713,VESUVIO00044713.log,73,sample,2021-05-08T16:22:44 Sample 829.4179356845098
44713,VESUVIO00044713.log,76,temp,2021-05-08T16:22:44 Water_Bath_Temp 20.49
45133,VESUVIO00045133_ICPdebug.txt,13,detector,"2021-05-25T12:52:31 Highest dae, detector card, crate number used = 0, 2, 2"
45133,VESUVIO00045133_ICPdebug.txt,34,channel,2021-05-25T12:52:33 Programming Time channels
45133,VESUVIO00045133_ICPdebug.txt,37,channel,2021-05-25T12:52:33 Setting 9729 time channels from 5.000000 to 39999.000000 us on card 0
45133,VESUVIO00045133_ICPdebug.txt,39,channel,2021-05-25T12:52:33 Setting 9729 time channels from 5.000000 to 39999.000000 us on card 1
45133,VESUVIO00045133_ICPdebug.txt,41,channel,2021-05-25T12:52:33 Setting 9729 time channels from 5.000000 to 39999.000000 us on card 2
44737,VESUVIO00044737.log,11,sample,2021-05-09T04:43:14 Sample 829.4179356845098
44737,VESUVIO00044737.log,14,temp,2021-05-09T04:43:14 Water_Bath_Temp 20.06
44737,VESUVIO00044737.log,32,temp,2021-05-09T04:48:39 Water_Bath_Temp 20.05
44737,VESUVIO00044737.log,65,temp,2021-05-09T05:04:12 Water_Bath_Temp 20.04
44737,VESUVIO00044737.log,73,temp,2021-05-09T05:06:12 Water_Bath_Temp 20.05
44737,VESUVIO00044737.log,74,temp,2021-05-09T05:06:36 Water_Bath_Temp 20.04
44737,VESUVIO00044737.log,78,temp,2021-05-09T05:07:12 Water_Bath_Temp 20.05
44737,VESUVIO00044737.log,79,temp,2021-05-09T05:07:13 Water_Bath_Temp 20.04
44737,VESUVIO00044737.log,83,temp,2021-05-09T05:08:12 Water_Bath_Temp 20.05
44737,VESUVIO00044737.log,84,temp,2021-05-09T05:08:30 Water_Bath_Temp 20.04
44737,VESUVIO00044737.log,100,sample,2021-05-09T05:13:13 Sample 829.4179356845098
44737,VESUVIO00044737.log,119,temp,2021-05-09T05:19:12 Water_Bath_Temp 20.03
44737,VESUVIO00044737.log,120,temp,2021-05-09T05:19:33 Water_Bath_Temp 20.04
44737,VESUVIO00044737.log,123,temp,2021-05-09T05:20:40 Water_Bath_Temp 20.03
44737,VESUVIO00044737.log,125,temp,2021-05-09T05:21:11 Water_Bath_Temp 20.04
44737,VESUVIO00044737.log,128,temp,2021-05-09T05:21:42 Water_Bath_Temp 20.03
44737,VESUVIO00044737.log,133,temp,2021-05-09T05:23:12 Water_Bath_Temp 20.04
44737,VESUVIO00044737.log,135,temp,2021-05-09T05:23:42 Water_Bath_Temp 20.03
44737,VESUVIO00044737.log,168,temp,2021-05-09T05:36:42 Water_Bath_Temp 20.02
44737,VESUVIO00044737.log,170,temp,2021-05-09T05:37:10 Water_Bath_Temp 20.03
44737,VESUVIO00044737.log,173,temp,2021-05-09T05:38:30 Water_Bath_Temp 20.02
44737,VESUVIO00044737.log,180,temp,2021-05-09T05:40:41 Water_Bath_Temp 20.03
44737,VESUVIO00044737.log,181,temp,2021-05-09T05:40:50 Water_Bath_Temp 20.02
44737,VESUVIO00044737.log,190,sample,2021-05-09T05:43:13 Sample 829.4179356845098
44737,VESUVIO00044737.log,212,sample,2021-05-09T05:46:48 Sample 829.4179356845098
44737,VESUVIO00044737.log,215,temp,2021-05-09T05:46:48 Water_Bath_Temp 20.02
44772,VESUVIO00044772.log,10,sample,2021-05-10T05:22:17 Sample 829.4179356845098
44772,VESUVIO00044772.log,13,temp,2021-05-10T05:22:17 Water_Bath_Temp 21.35
44772,VESUVIO00044772.log,51,temp,2021-05-10T05:36:44 Water_Bath_Temp 21.34
44772,VESUVIO00044772.log,59,temp,2021-05-10T05:39:15 Water_Bath_Temp 21.35
44772,VESUVIO00044772.log,60,temp,2021-05-10T05:39:39 Water_Bath_Temp 21.34
44772,VESUVIO00044772.log,92,sample,2021-05-10T05:52:16 Sample 829.4179356845098
44772,VESUVIO00044772.log,113,temp,2021-05-10T05:59:42 Water_Bath_Temp 21.33
44772,VESUVIO00044772.log,117,temp,2021-05-10T06:00:44 Water_Bath_Temp 21.34
44772,VESUVIO00044772.log,119,temp,2021-05-10T06:01:33 Water_Bath_Temp 21.33
44772,VESUVIO00044772.log,151,temp,2021-05-10T06:17:11 Water_Bath_Temp 21.32
44772,VESUVIO00044772.log,153,temp,2021-05-10T06:17:38 Water_Bath_Temp 21.33
44772,VESUVIO00044772.log,158,temp,2021-05-10T06:19:32 Water_Bath_Temp 21.32
44772,VESUVIO00044772.log,169,sample,2021-05-10T06:22:16 Sample 829.4179356845098
44772,VESUVIO00044772.log,191,sample,2021-05-10T06:25:55 Sample 829.4179356845098
44772,VESUVIO00044772.log,194,temp,2021-05-10T06:25:55 Water_Bath_Temp 21.32
44482,VESUVIO00044482.log,9,sample,2021-04-29T07:14:02 Sample 829.4179356845098
44482,VESUVIO00044482.log,94,sample,2021-04-29T07:44:01 Sample 829.4179356845098
44482,VESUVIO00044482.log,178,sample,2021-04-29T08:14:01 Sample 829.4179356845098
44482,VESUVIO00044482.log,210,sample,2021-04-29T08:20:40 Sample 829.4179356845098
44721,VESUVIO00044721.log,9,sample,2021-05-08T17:54:56 Sample 829.4179356845098
44721,VESUVIO00044721.log,12,temp,2021-05-08T17:54:56 Water_Bath_Temp 20.46
44721,VESUVIO00044721.log,36,temp,2021-05-08T18:01:52 Water_Bath_Temp 20.45
44721,VESUVIO00044721.log,38,temp,2021-05-08T18:01:55 Water_Bath_Temp 20.46
44721,VESUVIO00044721.log,42,temp,2021-05-08T18:03:23 Water_Bath_Temp 20.45
44721,VESUVIO00044721.log,45,temp,2021-05-08T18:03:50 Water_Bath_Temp 20.46
44721,VESUVIO00044721.log,48,temp,2021-05-08T18:04:51 Water_Bath_Temp 20.45
44721,VESUVIO00044721.log,59,sample,2021-05-08T18:05:30 Sample 829.4179356845098
44721,VESUVIO00044721.log,62,temp,2021-05-08T18:05:30 Water_Bath_Temp 20.45
44758,VESUVIO00044758.log,13,sample,2021-05-09T14:02:58 Sample 829.4179356845098
44758,VESUVIO00044758.log,16,temp,2021-05-09T14:02:58 Water_Bath_Temp 20.29
44758,VESUVIO00044758.log,35,temp,2021-05-09T14:06:54 Water_Bath_Temp 20.3
44758,VESUVIO00044758.log,54,sample,2021-05-09T14:10:02 Sample 829.4179356845098
44758,VESUVIO00044758.log,57,temp,2021-05-09T14:10:02 Water_Bath_Temp 20.3
44759,VESUVIO00044759.log,11,sample,2021-05-09T14:11:10 Sample 829.4179356845098
44759,VESUVIO00044759.log,14,temp,2021-05-09T14:11:10 Water_Bath_Temp 20.3
44759,VESUVIO00044759.log,27,temp,2021-05-09T14:14:06 Water_Bath_Temp 20.31
44759,VESUVIO00044759.log,29,temp,2021-05-09T14:14:34 Water_Bath_Temp 20.3
44759,VESUVIO00044759.log,30,temp,2021-05-09T14:14:51 Water_Bath_Temp 20.31
44759,VESUVIO00044759.log,51,sample,2021-05-09T14:18:56 Sample 829.4179356845098
44759,VESUVIO00044759.log,54,temp,2021-05-09T14:18:56 Water_Bath_Temp 20.31
44763,VESUVIO00044763.log,10,sample,2021-05-09T19:32:36 Sample 829.4179356845098
44763,VESUVIO00044763.log,13,temp,2021-05-09T19:32:36 Water_Bath_Temp 20.82
44763,VESUVIO00044763.log,18,temp,2021-05-09T19:33:02 Water_Bath_Temp 20.81
44763,VESUVIO00044763.log,20,temp,2021-05-09T19:33:34 Water_Bath_Temp 20.82
44763,VESUVIO00044763.log,31,temp,2021-05-09T19:38:07 Water_Bath_Temp 20.83
44763,VESUVIO00044763.log,42,temp,2021-05-09T19:43:02 Water_Bath_Temp 20.84
44763,VESUVIO00044763.log,53,temp,2021-05-09T19:48:28 Water_Bath_Temp 20.85
44763,VESUVIO00044763.log,66,temp,2021-05-09T19:52:41 Water_Bath_Temp 20.86
44763,VESUVIO00044763.log,76,temp,2021-05-09T19:57:33 Water_Bath_Temp 20.87
44763,VESUVIO00044763.log,86,temp,2021-05-09T20:02:03 Water_Bath_Temp 20.88
44763,VESUVIO00044763.log,92,sample,2021-05-09T20:02:35 Sample 829.4179356845098
44763,VESUVIO00044763.log,106,temp,2021-05-09T20:06:23 Water_Bath_Temp 20.89
44763,VESUVIO00044763.log,116,temp,2021-05-09T20:11:01 Water_Bath_Temp 20.9
44763,VESUVIO00044763.log,126,temp,2021-05-09T20:15:26 Water_Bath_Temp 20.91
44763,VESUVIO00044763.log,137,temp,2021-05-09T20:20:25 Water_Bath_Temp 20.92
44763,VESUVIO00044763.log,149,temp,2021-05-09T20:25:03 Water_Bath_Temp 20.93
44763,VESUVIO00044763.log,157,temp,2021-05-09T20:28:34 Water_Bath_Temp 20.94
44763,VESUVIO00044763.log,169,sample,2021-05-09T20:32:35 Sample 829.4179356845098
44763,VESUVIO00044763.log,178,temp,2021-05-09T20:33:33 Water_Bath_Temp 20.95
44763,VESUVIO00044763.log,192,sample,2021-05-09T20:36:15 Sample 829.4179356845098
44763,VESUVIO00044763.log,195,temp,2021-05-09T20:36:15 Water_Bath_Temp 20.95
44751,VESUVIO00044751.log,14,sample,2021-05-09T12:24:26 Sample 829.4179356845098
44751,VESUVIO00044751.log,17,temp,2021-05-09T12:24:26 Water_Bath_Temp 20.17
44751,VESUVIO00044751.log,25,temp,2021-05-09T12:27:13 Water_Bath_Temp 20.18
44751,VESUVIO00044751.log,48,sample,2021-05-09T12:31:31 Sample 829.4179356845098
44751,VESUVIO00044751.log,51,temp,2021-05-09T12:31:31 Water_Bath_Temp 20.18
44769,VESUVIO00044769.log,10,sample,2021-05-10T02:07:38 Sample 829.4179356845098
44769,VESUVIO00044769.log,13,temp,2021-05-10T02:07:38 Water_Bath_Temp 21.34
44769,VESUVIO00044769.log,27,temp,2021-05-10T02:11:36 Water_Bath_Temp 21.35
44769,VESUVIO00044769.log,28,temp,2021-05-10T02:12:00 Water_Bath_Temp 21.34
44769,VESUVIO00044769.log,32,temp,2021-05-10T02:13:32 Water_Bath_Temp 21.35
44769,VESUVIO00044769.log,34,temp,2021-05-10T02:13:41 Water_Bath_Temp 21.34
44769,VESUVIO00044769.log,38,temp,2021-05-10T02:15:06 Water_Bath_Temp 21.35
44769,VESUVIO00044769.log,41,temp,2021-05-10T02:16:05 Water_Bath_Temp 21.34
44769,VESUVIO00044769.log,42,temp,2021-05-10T02:16:28 Water_Bath_Temp 21.35
44769,VESUVIO00044769.log,45,temp,2021-05-10T02:17:06 Water_Bath_Temp 21.34
44769,VESUVIO00044769.log,48,temp,2021-05-10T02:18:05 Water_Bath_Temp 21.35
44769,VESUVIO00044769.log,49,temp,2021-05-10T02:18:32 Water_Bath_Temp 21.34
44769,VESUVIO00044769.log,51,temp,2021-05-10T02:18:37 Water_Bath_Temp 21.35
44769,VESUVIO00044769.log,94,sample,2021-05-10T02:37:37 Sample 829.4179356845098
44769,VESUVIO00044769.log,107,temp,2021-05-10T02:41:03 Water_Bath_Temp 21.36
44769,VESUVIO00044769.log,109,temp,2021-05-10T02:41:30 Water_Bath_Temp 21.35
44769,VESUVIO00044769.log,111,temp,2021-05-10T02:42:04 Water_Bath_Temp 21.36
44769,VESUVIO00044769.log,113,temp,2021-05-10T02:42:32 Water_Bath_Temp 21.35
44769,VESUVIO00044769.log,115,temp,2021-05-10T02:43:04 Water_Bath_Temp 21.36
44769,VESUVIO00044769.log,117,temp,2021-05-10T02:43:35 Water_Bath_Temp 21.35
44769,VESUVIO00044769.log,120,temp,2021-05-10T02:44:33 Water_Bath_Temp 21.36
44769,VESUVIO00044769.log,123,temp,2021-05-10T02:45:36 Water_Bath_Temp 21.35
44769,VESUVIO00044769.log,126,temp,2021-05-10T02:46:05 Water_Bath_Temp 21.36
44769,VESUVIO00044769.log,164,temp,2021-05-10T03:03:05 Water_Bath_Temp 21.37
44769,VESUVIO00044769.log,168,temp,2021-05-10T03:03:34 Water_Bath_Temp 21.36
44769,VESUVIO00044769.log,170,temp,2021-05-10T03:04:04 Water_Bath_Temp 21.37
44769,VESUVIO00044769.log,171,temp,2021-05-10T03:04:32 Water_Bath_Temp 21.36
44769,VESUVIO00044769.log,175,temp,2021-05-10T03:05:35 Water_Bath_Temp 21.37
44769,VESUVIO00044769.log,177,temp,2021-05-10T03:06:04 Water_Bath_Temp 21.36
44769,VESUVIO00044769.log,178,temp,2021-05-10T03:06:28 Water_Bath_Temp 21.37
44769,VESUVIO00044769.log,181,temp,2021-05-10T03:07:03 Water_Bath_Temp 21.36
44769,VESUVIO00044769.log,186,sample,2021-05-10T03:07:37 Sample 829.4179356845098
44769,VESUVIO00044769.log,193,temp,2021-05-10T03:07:59 Water_Bath_Temp 21.37
44769,VESUVIO00044769.log,196,temp,2021-05-10T03:08:36 Water_Bath_Temp 21.36
44769,VESUVIO00044769.log,198,temp,2021-05-10T03:09:03 Water_Bath_Temp 21.37
44769,VESUVIO00044769.log,211,sample,2021-05-10T03:11:17 Sample 829.4179356845098
44769,VESUVIO00044769.log,214,temp,2021-05-10T03:11:17 Water_Bath_Temp 21.37
44756,VESUVIO00044756.log,11,sample,2021-05-09T13:46:36 Sample 829.4179356845098
44756,VESUVIO00044756.log,14,temp,2021-05-09T13:46:36 Water_Bath_Temp 20.27
44756,VESUVIO00044756.log,35,temp,2021-05-09T13:52:03 Water_Bath_Temp 20.28
44756,VESUVIO00044756.log,37,temp,2021-05-09T13:52:32 Water_Bath_Temp 20.27
44756,VESUVIO00044756.log,42,temp,2021-05-09T13:53:04 Water_Bath_Temp 20.28
44756,VESUVIO00044756.log,53,sample,2021-05-09T13:53:39 Sample 829.4179356845098
44756,VESUVIO00044756.log,56,temp,2021-05-09T13:53:39 Water_Bath_Temp 20.28
44731,VESUVIO00044731.log,2,temp,2021-05-08T21:55:59 Water_Bath_Temp 20.4
44731,VESUVIO00044731.log,3,temp,2021-05-08T21:56:30 Water_Bath_Temp 20.41
44731,VESUVIO00044731.log,12,sample,2021-05-08T21:56:41 Sample 829.4179356845098
44731,VESUVIO00044731.log,15,temp,2021-05-08T21:56:41 Water_Bath_Temp 20.4
44731,VESUVIO00044731.log,28,temp,2021-05-08T22:00:35 Water_Bath_Temp 20.41
44731,VESUVIO00044731.log,29,temp,2021-05-08T22:00:49 Water_Bath_Temp 20.4
44731,VESUVIO00044731.log,63,temp,2021-05-08T22:16:39 Water_Bath_Temp 20.39
44731,VESUVIO00044731.log,64,temp,2021-05-08T22:16:48 Water_Bath_Temp 20.4
44731,VESUVIO00044731.log,67,temp,2021-05-08T22:17:38 Water_Bath_Temp 20.39
44731,VESUVIO00044731.log,68,temp,2021-05-08T22:17:43 Water_Bath_Temp 20.4
44731,VESUVIO00044731.log,73,temp,2021-05-08T22:19:38 Water_Bath_Temp 20.39
44731,VESUVIO00044731.log,76,temp,2021-05-08T22:20:08 Water_Bath_Temp 20.4
44731,VESUVIO00044731.log,78,temp,2021-05-08T22:20:39 Water_Bath_Temp 20.39
44731,VESUVIO00044731.log,79,temp,2021-05-08T22:21:07 Water_Bath_Temp 20.4
44731,VESUVIO00044731.log,82,temp,2021-05-08T22:22:00 Water_Bath_Temp 20.39
44731,VESUVIO00044731.log,85,temp,2021-05-08T22:22:39 Water_Bath_Temp 20.4
44731,VESUVIO00044731.log,86,temp,2021-05-08T22:22:58 Water_Bath_Temp 20.39
44731,VESUVIO00044731.log,98,sample,2021-05-08T22:26:40 Sample 829.4179356845098
44731,VESUVIO00044731.log,134,temp,2021-05-08T22:41:06 Water_Bath_Temp 20.38
44731,VESUVIO00044731.log,137,temp,2021-05-08T22:41:37 Water_Bath_Temp 20.39
44731,VESUVIO00044731.log,139,temp,2021-05-08T22:42:04 Water_Bath_Temp 20.38
44731,VESUVIO00044731.log,140,temp,2021-05-08T22:42:38 Water_Bath_Temp 20.39
44731,VESUVIO00044731.log,141,temp,2021-05-08T22:43:09 Water_Bath_Temp 20.38
44731,VESUVIO00044731.log,142,temp,2021-05-08T22:47:39 Water_Bath_Temp 20.39
44731,VESUVIO00044731.log,143,temp,2021-05-08T22:47:40 Water_Bath_Temp 20.38
44731,VESUVIO00044731.log,144,temp,2021-05-08T22:56:38 Water_Bath_Temp 20.37
44731,VESUVIO00044731.log,148,sample,2021-05-08T22:56:40 Sample 829.4179356845098
44731,VESUVIO00044731.log,154,temp,2021-05-08T22:57:38 Water_Bath_Temp 20.38
44731,VESUVIO00044731.log,157,temp,2021-05-08T22:58:38 Water_Bath_Temp 20.37
44731,VESUVIO00044731.log,159,temp,2021-05-08T22:59:07 Water_Bath_Temp 20.38
44731,VESUVIO00044731.log,161,temp,2021-05-08T22:59:28 Water_Bath_Temp 20.37
44731,VESUVIO00044731.log,164,temp,2021-05-08T23:00:08 Water_Bath_Temp 20.38
44731,VESUVIO00044731.log,165,temp,2021-05-08T23:00:30 Water_Bath_Temp 20.37
44731,VESUVIO00044731.log,189,temp,2021-05-08T23:11:35 Water_Bath_Temp 20.36
44731,VESUVIO00044731.log,194,temp,2021-05-08T23:13:08 Water_Bath_Temp 20.37
44731,VESUVIO00044731.log,196,temp,2021-05-08T23:13:38 Water_Bath_Temp 20.36
44731,VESUVIO00044731.log,213,sample,2021-05-08T23:18:05 Sample 829.4179356845098
44731,VESUVIO00044731.log,216,temp,2021-05-08T23:18:05 Water_Bath_Temp 20.36
44781,VESUVIO00044781.log,12,sample,2021-05-10T13:05:44 Sample 829.4179356845098
44781,VESUVIO00044781.log,15,temp,2021-05-10T13:05:44 Water_Bath_Temp 21.08
44781,VESUVIO00044781.log,28,temp,2021-05-10T13:09:12 Water_Bath_Temp 21.07
44781,VESUVIO00044781.log,35,temp,2021-05-10T13:10:42 Water_Bath_Temp 21.08
44781,VESUVIO00044781.log,39,temp,2021-05-10T13:11:11 Water_Bath_Temp 21.07
44781,VESUVIO00044781.log,52,sample,2021-05-10T13:12:23 Sample 829.4179356845098
44781,VESUVIO00044781.log,55,temp,2021-05-10T13:12:23 Water_Bath_Temp 21.07
44744,VESUVIO00044744.log,12,sample,2021-05-09T11:10:48 Sample 829.4179356845098
44744,VESUVIO00044744.log,15,temp,2021-05-09T11:10:48 Water_Bath_Temp 20.09
44744,VESUVIO00044744.log,32,temp,2021-05-09T11:14:10 Water_Bath_Temp 20.1
44744,VESUVIO00044744.log,38,temp,2021-05-09T11:15:15 Water_Bath_Temp 20.09
44744,VESUVIO00044744.log,41,temp,2021-05-09T11:15:35 Water_Bath_Temp 20.1
44744,VESUVIO00044744.log,63,sample,2021-05-09T11:18:59 Sample 829.4179356845098
44744,VESUVIO00044744.log,66,temp,2021-05-09T11:18:59 Water_Bath_Temp 20.1
44790,VESUVIO00044790.log,10,sample,2021-05-10T14:49:02 Sample 829.4179356845098
44790,VESUVIO00044790.log,13,temp,2021-05-10T14:49:02 Water_Bath_Temp 21.02
44790,VESUVIO00044790.log,45,sample,2021-05-10T14:55:41 Sample 829.4179356845098
44790,VESUVIO00044790.log,48,temp,2021-05-10T14:55:41 Water_Bath_Temp 21.02
44739,VESUVIO00044739_ICPdebug.txt,13,detector,"2021-05-09T06:51:38 Highest dae, detector card, crate number used = 0, 2, 2"
44739,VESUVIO00044739_ICPdebug.txt,36,channel,2021-05-09T06:52:38 Programming Time channels
44739,VESUVIO00044739_ICPdebug.txt,39,channel,2021-05-09T06:52:38 Setting 9729 time channels from 5.000000 to 39999.000000 us on card 0
44739,VESUVIO00044739_ICPdebug.txt,41,channel,2021-05-09T06:52:38 Setting 9729 time channels from 5.000000 to 39999.000000 us on card 1
44739,VESUVIO00044739_ICPdebug.txt,43,channel,2021-05-09T06:52:38 Setting 9729 time channels from 5.000000 to 39999.000000 us on card 2
44788,VESUVIO00044788.log,11,sample,2021-05-10T14:33:29 Sample 829.4179356845098
44788,VESUVIO00044788.log,14,temp,2021-05-10T14:33:29 Water_Bath_Temp 21.03
44788,VESUVIO00044788.log,47,sample,2021-05-10T14:40:08 Sample 829.4179356845098
44788,VESUVIO00044788.log,50,temp,2021-05-10T14:40:08 Water_Bath_Temp 21.03
44727,VESUVIO00044727_ICPdebug.txt,13,detector,"2021-05-08T19:15:26 Highest dae, detector card, crate number used = 0, 2, 2"
44727,VESUVIO00044727_ICPdebug.txt,34,channel,2021-05-08T19:15:28 Programming Time channels
44727,VESUVIO00044727_ICPdebug.txt,37,channel,2021-05-08T19:15:28 Setting 9729 time channels from 5.000000 to 39999.000000 us on card 0
44727,VESUVIO00044727_ICPdebug.txt,39,channel,2021-05-08T19:15:28 Setting 9729 time channels from 5.000000 to 39999.000000 us on card 1
44727,VESUVIO00044727_ICPdebug.txt,41,channel,2021-05-08T19:15:28 Setting 9729 time channels from 5.000000 to 39999.000000 us on card 2
44730,VESUVIO00044730_ICPdebug.txt,13,detector,"2021-05-08T20:51:03 Highest dae, detector card, crate number used = 0, 2, 2"
44730,VESUVIO00044730_ICPdebug.txt,36,channel,2021-05-08T20:52:04 Programming Time channels
44730,VESUVIO00044730_ICPdebug.txt,39,channel,2021-05-08T20:52:04 Setting 9729 time channels from 5.000000 to 39999.000000 us on card 0
44730,VESUVIO00044730_ICPdebug.txt,41,channel,2021-05-08T20:52:04 Setting 9729 time channels from 5.000000 to 39999.000000 us on card 1
44730,VESUVIO00044730_ICPdebug.txt,43,channel,2021-05-08T20:52:04 Setting 9729 time channels from 5.000000 to 39999.000000 us on card 2
44788,VESUVIO00044788_ICPdebug.txt,13,detector,"2021-05-10T14:32:25 Highest dae, detector card, crate number used = 0, 2, 2"
44788,VESUVIO00044788_ICPdebug.txt,36,channel,2021-05-10T14:33:25 Programming Time channels
44788,VESUVIO00044788_ICPdebug.txt,39,channel,2021-05-10T14:33:25 Setting 9729 time channels from 5.000000 to 39999.000000 us on card 0
44788,VESUVIO00044788_ICPdebug.txt,41,channel,2021-05-10T14:33:25 Setting 9729 time channels from 5.000000 to 39999.000000 us on card 1
44788,VESUVIO00044788_ICPdebug.txt,43,channel,2021-05-10T14:33:25 Setting 9729 time channels from 5.000000 to 39999.000000 us on card 2
44768,VESUVIO00044768.log,10,sample,2021-05-10T01:02:50 Sample 829.4179356845098
44768,VESUVIO00044768.log,13,temp,2021-05-10T01:02:50 Water_Bath_Temp 21.31
44768,VESUVIO00044768.log,38,temp,2021-05-10T01:12:18 Water_Bath_Temp 21.32
44768,VESUVIO00044768.log,47,temp,2021-05-10T01:16:19 Water_Bath_Temp 21.31
44768,VESUVIO00044768.log,48,temp,2021-05-10T01:16:21 Water_Bath_Temp 21.32
44768,VESUVIO00044768.log,84,temp,2021-05-10T01:31:49 Water_Bath_Temp 21.33
44768,VESUVIO00044768.log,85,temp,2021-05-10T01:32:15 Water_Bath_Temp 21.32
44768,VESUVIO00044768.log,91,sample,2021-05-10T01:32:50 Sample 829.4179356845098
44768,VESUVIO00044768.log,98,temp,2021-05-10T01:33:18 Water_Bath_Temp 21.33
44768,VESUVIO00044768.log,134,temp,2021-05-10T01:49:46 Water_Bath_Temp 21.34
44768,VESUVIO00044768.log,136,temp,2021-05-10T01:50:16 Water_Bath_Temp 21.33
44768,VESUVIO00044768.log,141,temp,2021-05-10T01:52:48 Water_Bath_Temp 21.34
44768,VESUVIO00044768.log,145,temp,2021-05-10T01:53:49 Water_Bath_Temp 21.33
44768,VESUVIO00044768.log,147,temp,2021-05-10T01:54:16 Water_Bath_Temp 21.34
44768,VESUVIO00044768.log,170,sample,2021-05-10T02:02:50 Sample 829.4179356845098
44768,VESUVIO00044768.log,195,sample,2021-05-10T02:06:29 Sample 829.4179356845098
44768,VESUVIO00044768.log,198,temp,2021-05-10T02:06:29 Water_Bath_Temp 21.34
44734,VESUVIO00044734_ICPdebug.txt,13,detector,"2021-05-09T01:28:02 Highest dae, detector card, crate number used = 0, 2, 2"
44734,VESUVIO00044734_ICPdebug.txt,36,channel,2021-05-09T01:29:03 Programming Time channels
44734,VESUVIO00044734_ICPdebug.txt,39,channel,2021-05-09T01:29:03 Setting 9729 time channels from 5.000000 to 39999.000000 us on card 0
44734,VESUVIO00044734_ICPdebug.txt,41,channel,2021-05-09T01:29:03 Setting 9729 time channels from 5.000000 to 39999.000000 us on card 1
44734,VESUVIO00044734_ICPdebug.txt,43,channel,2021-05-09T01:29:03 Setting 9729 time channels from 5.000000 to 39999.000000 us on card 2
44739,VESUVIO00044739.log,14,sample,2021-05-09T06:52:42 Sample 829.4179356845098
44739,VESUVIO00044739.log,17,temp,2021-05-09T06:52:42 Water_Bath_Temp 19.99
44739,VESUVIO00044739.log,50,temp,2021-05-09T07:08:10 Water_Bath_Temp 19.98
44739,VESUVIO00044739.log,52,temp,2021-05-09T07:09:05 Water_Bath_Temp 19.99
44739,VESUVIO00044739.log,56,temp,2021-05-09T07:10:36 Water_Bath_Temp 19.98
44739,VESUVIO00044739.log,59,temp,2021-05-09T07:11:10 Water_Bath_Temp 19.99
44739,VESUVIO00044739.log,60,temp,2021-05-09T07:11:32 Water_Bath_Temp 19.98
44739,VESUVIO00044739.log,63,temp,2021-05-09T07:12:10 Water_Bath_Temp 19.99
44739,VESUVIO00044739.log,64,temp,2021-05-09T07:12:32 Water_Bath_Temp 19.98
44739,VESUVIO00044739.log,70,temp,2021-05-09T07:14:40 Water_Bath_Temp 19.99
44739,VESUVIO00044739.log,71,temp,2021-05-09T07:15:00 Water_Bath_Temp 19.98
44739,VESUVIO00044739.log,92,sample,2021-05-09T07:22:41 Sample 829.4179356845098
44739,VESUVIO00044739.log,124,temp,2021-05-09T07:35:11 Water_Bath_Temp 19.97
44739,VESUVIO00044739.log,125,temp,2021-05-09T07:35:34 Water_Bath_Temp 19.98
44739,VESUVIO00044739.log,129,temp,2021-05-09T07:36:40 Water_Bath_Temp 19.97
44739,VESUVIO00044739.log,131,temp,2021-05-09T07:37:33 Water_Bath_Temp 19.98
44739,VESUVIO00044739.log,134,temp,2021-05-09T07:38:37 Water_Bath_Temp 19.97
44739,VESUVIO00044739.log,136,temp,2021-05-09T07:39:03 Water_Bath_Temp 19.98
44739,VESUVIO00044739.log,147,temp,2021-05-09T07:43:11 Water_Bath_Temp 19.97
44739,VESUVIO00044739.log,149,temp,2021-05-09T07:44:10 Water_Bath_Temp 19.98
44739,VESUVIO00044739.log,153,temp,2021-05-09T07:45:08 Water_Bath_Temp 19.97
44739,VESUVIO00044739.log,161,temp,2021-05-09T07:47:10 Water_Bath_Temp 19.98
44739,VESUVIO00044739.log,163,temp,2021-05-09T07:47:12 Water_Bath_Temp 19.97
44739,VESUVIO00044739.log,179,sample,2021-05-09T07:52:41 Sample 829.4179356845098
44739,VESUVIO00044739.log,189,temp,2021-05-09T07:54:10 Water_Bath_Temp 19.98
44739,VESUVIO00044739.log,193,temp,2021-05-09T07:54:40 Water_Bath_Temp 19.97
44739,VESUVIO00044739.log,207,sample,2021-05-09T07:56:19 Sample 829.4179356845098
44739,VESUVIO00044739.log,210,temp,2021-05-09T07:56:19 Water_Bath_Temp 19.97
44770,VESUVIO00044770_ICPdebug.txt,13,detector,"2021-05-10T03:11:21 Highest dae, detector card, crate number used = 0, 2, 2"
44770,VESUVIO00044770_ICPdebug.txt,36,channel,2021-05-10T03:12:22 Programming Time channels
44770,VESUVIO00044770_ICPdebug.txt,39,channel,2021-05-10T03:12:22 Setting 9729 time channels from 5.000000 to 39999.000000 us on card 0
44770,VESUVIO00044770_ICPdebug.txt,41,channel,2021-05-10T03:12:22 Setting 9729 time channels from 5.000000 to 39999.000000 us on card 1
44770,VESUVIO00044770_ICPdebug.txt,43,channel,2021-05-10T03:12:22 Setting 9729 time channels from 5.000000 to 39999.000000 us on card 2
44753,VESUVIO00044753.log,11,sample,2021-05-09T12:40:50 Sample 829.4179356845098
44753,VESUVIO00044753.log,14,temp,2021-05-09T12:40:50 Water_Bath_Temp 20.19
44753,VESUVIO00044753.log,30,temp,2021-05-09T12:44:14 Water_Bath_Temp 20.2
44753,VESUVIO00044753.log,35,temp,2021-05-09T12:45:18 Water_Bath_Temp 20.19
44753,VESUVIO00044753.log,37,temp,2021-05-09T12:45:50 Water_Bath_Temp 20.2
44753,VESUVIO00044753.log,51,sample,2021-05-09T12:47:54 Sample 829.4179356845098
44753,VESUVIO00044753.log,54,temp,2021-05-09T12:47:54 Water_Bath_Temp 20.2
44719,VESUVIO00044719.log,9,sample,2021-05-08T17:33:28 Sample 829.4179356845098
44719,VESUVIO00044719.log,12,temp,2021-05-08T17:33:28 Water_Bath_Temp 20.46
44719,VESUVIO00044719.log,74,sample,2021-05-08T17:44:02 Sample 829.4179356845098
44719,VESUVIO00044719.log,77,temp,2021-05-08T17:44:02 Water_Bath_Temp 20.46
44763,VESUVIO00044763_ICPdebug.txt,13,detector,"2021-05-09T19:31:32 Highest dae, detector card, crate number used = 0, 2, 2"
44763,VESUVIO00044763_ICPdebug.txt,36,channel,2021-05-09T19:32:32 Programming Time channels
44763,VESUVIO00044763_ICPdebug.txt,39,channel,2021-05-09T19:32:32 Setting 9729 time channels from 5.000000 to 39999.000000 us on card 0
44763,VESUVIO00044763_ICPdebug.txt,41,channel,2021-05-09T19:32:32 Setting 9729 time channels from 5.000000 to 39999.000000 us on card 1
44763,VESUVIO00044763_ICPdebug.txt,43,channel,2021-05-09T19:32:32 Setting 9729 time channels from 5.000000 to 39999.000000 us on card 2
45135,VESUVIO00045135_ICPdebug.txt,13,detector,"2021-05-25T14:12:53 Highest dae, detector card, crate number used = 0, 2, 2"
45135,VESUVIO00045135_ICPdebug.txt,34,channel,2021-05-25T14:12:56 Programming Time channels
45135,VESUVIO00045135_ICPdebug.txt,37,channel,2021-05-25T14:12:56 Setting 9729 time channels from 5.000000 to 39999.000000 us on card 0
45135,VESUVIO00045135_ICPdebug.txt,39,channel,2021-05-25T14:12:56 Setting 9729 time channels from 5.000000 to 39999.000000 us on card 1
45135,VESUVIO00045135_ICPdebug.txt,41,channel,2021-05-25T14:12:56 Setting 9729 time channels from 5.000000 to 39999.000000 us on card 2
44737,VESUVIO00044737_ICPdebug.txt,13,detector,"2021-05-09T04:42:09 Highest dae, detector card, crate number used = 0, 2, 2"
44737,VESUVIO00044737_ICPdebug.txt,36,channel,2021-05-09T04:43:10 Programming Time channels
44737,VESUVIO00044737_ICPdebug.txt,39,channel,2021-05-09T04:43:10 Setting 9729 time channels from 5.000000 to 39999.000000 us on card 0
44737,VESUVIO00044737_ICPdebug.txt,41,channel,2021-05-09T04:43:10 Setting 9729 time channels from 5.000000 to 39999.000000 us on card 1
44737,VESUVIO00044737_ICPdebug.txt,43,channel,2021-05-09T04:43:10 Setting 9729 time channels from 5.000000 to 39999.000000 us on card 2
44477,VESUVIO00044477_ICPdebug.txt,13,detector,"2021-04-28T22:31:41 Highest dae, detector card, crate number used = 0, 2, 2"
44477,VESUVIO00044477_ICPdebug.txt,34,channel,2021-04-28T22:31:43 Programming Time channels
44477,VESUVIO00044477_ICPdebug.txt,37,channel,2021-04-28T22:31:43 Setting 9729 time channels from 5.000000 to 39999.000000 us on card 0
44477,VESUVIO00044477_ICPdebug.txt,39,channel,2021-04-28T22:31:43 Setting 9729 time channels from 5.000000 to 39999.000000 us on card 1
44477,VESUVIO00044477_ICPdebug.txt,41,channel,2021-04-28T22:31:43 Setting 9729 time channels from 5.000000 to 39999.000000 us on card 2
44477,VESUVIO00044477_ICPdebug.txt,109,detector,"2021-04-28T22:34:29 Highest dae, detector card, crate number used = 0, 2, 2"
44477,VESUVIO00044477_ICPdebug.txt,130,channel,2021-04-28T22:34:31 Programming Time channels
44477,VESUVIO00044477_ICPdebug.txt,133,channel,2021-04-28T22:34:31 Setting 9729 time channels from 5.000000 to 39999.000000 us on card 0
44477,VESUVIO00044477_ICPdebug.txt,135,channel,2021-04-28T22:34:31 Setting 9729 time channels from 5.000000 to 39999.000000 us on card 1
44477,VESUVIO00044477_ICPdebug.txt,137,channel,2021-04-28T22:34:31 Setting 9729 time channels from 5.000000 to 39999.000000 us on card 2
44758,VESUVIO00044758_ICPdebug.txt,13,detector,"2021-05-09T14:01:54 Highest dae, detector card, crate number used = 0, 2, 2"
44758,VESUVIO00044758_ICPdebug.txt,36,channel,2021-05-09T14:02:55 Programming Time channels
44758,VESUVIO00044758_ICPdebug.txt,39,channel,2021-05-09T14:02:55 Setting 9729 time channels from 5.000000 to 39999.000000 us on card 0
44758,VESUVIO00044758_ICPdebug.txt,41,channel,2021-05-09T14:02:55 Setting 9729 time channels from 5.000000 to 39999.000000 us on card 1
44758,VESUVIO00044758_ICPdebug.txt,43,channel,2021-05-09T14:02:55 Setting 9729 time channels from 5.000000 to 39999.000000 us on card 2
44736,VESUVIO00044736_ICPdebug.txt,13,detector,"2021-05-09T03:37:26 Highest dae, detector card, crate number used = 0, 2, 2"
44736,VESUVIO00044736_ICPdebug.txt,36,channel,2021-05-09T03:38:26 Programming Time channels
44736,VESUVIO00044736_ICPdebug.txt,39,channel,2021-05-09T03:38:26 Setting 9729 time channels from 5.000000 to 39999.000000 us on card 0
44736,VESUVIO00044736_ICPdebug.txt,41,channel,2021-05-09T03:38:26 Setting 9729 time channels from 5.000000 to 39999.000000 us on card 1
44736,VESUVIO00044736_ICPdebug.txt,43,channel,2021-05-09T03:38:26 Setting 9729 time channels from 5.000000 to 39999.000000 us on card 2
44792,VESUVIO00044792.log,2,temp,2021-05-10T16:25:48 Water_Bath_Temp 21
44792,VESUVIO00044792.log,36,sample,2021-05-10T16:55:35 Sample 829.4179356845098
44792,VESUVIO00044792.log,44,temp,2021-05-10T16:56:05 Water_Bath_Temp 21
44792,VESUVIO00044792.log,71,sample,2021-05-10T17:25:35 Sample 829.4179356845098
44792,VESUVIO00044792.log,80,temp,2021-05-10T17:26:05 Water_Bath_Temp 21
44792,VESUVIO00044792.log,101,sample,2021-05-10T17:40:39 Sample 829.4179356845098
44792,VESUVIO00044792.log,104,temp,2021-05-10T17:40:39 Water_Bath_Temp 21
44792,VESUVIO00044792.log,143,temp,2021-05-10T17:47:06 Water_Bath_Temp 20.99
44792,VESUVIO00044792.log,144,temp,2021-05-10T17:47:09 Water_Bath_Temp 21
44792,VESUVIO00044792.log,181,temp,2021-05-10T17:54:37 Water_Bath_Temp 20.99
44792,VESUVIO00044792.log,184,temp,2021-05-10T17:55:07 Water_Bath_Temp 21
44792,VESUVIO00044792.log,202,temp,2021-05-10T18:00:36 Water_Bath_Temp 20.99
44792,VESUVIO00044792.log,204,temp,2021-05-10T18:01:03 Water_Bath_Temp 21
44792,VESUVIO00044792.log,208,temp,2021-05-10T18:02:07 Water_Bath_Temp 20.99
44792,VESUVIO00044792.log,209,temp,2021-05-10T18:02:10 Water_Bath_Temp 21
44792,VESUVIO00044792.log,213,temp,2021-05-10T18:03:07 Water_Bath_Temp 20.99
44792,VESUVIO00044792.log,215,temp,2021-05-10T18:03:49 Water_Bath_Temp 21
44792,VESUVIO00044792.log,241,temp,2021-05-10T18:09:35 Water_Bath_Temp 20.99
44792,VESUVIO00044792.log,244,temp,2021-05-10T18:10:03 Water_Bath_Temp 21
44792,VESUVIO00044792.log,249,sample,2021-05-10T18:10:38 Sample 829.4179356845098
44792,VESUVIO00044792.log,256,temp,2021-05-10T18:11:05 Water_Bath_Temp 20.99
44792,VESUVIO00044792.log,260,temp,2021-05-10T18:11:34 Water_Bath_Temp 21
44792,VESUVIO00044792.log,267,temp,2021-05-10T18:13:07 Water_Bath_Temp 20.99
44792,VESUVIO00044792.log,273,temp,2021-05-10T18:14:04 Water_Bath_Temp 21
44792,VESUVIO00044792.log,277,temp,2021-05-10T18:14:35 Water_Bath_Temp 20.99
44792,VESUVIO00044792.log,283,temp,2021-05-10T18:15:38 Water_Bath_Temp 21
44792,VESUVIO00044792.log,284,temp,2021-05-10T18:16:06 Water_Bath_Temp 20.99
44792,VESUVIO00044792.log,303,temp,2021-05-10T18:19:35 Water_Bath_Temp 21
44792,VESUVIO00044792.log,305,temp,2021-05-10T18:19:55 Water_Bath_Temp 20.99
44792,VESUVIO00044792.log,316,temp,2021-05-10T18:22:35 Water_Bath_Temp 21
44792,VESUVIO00044792.log,318,temp,2021-05-10T18:22:59 Water_Bath_Temp 20.99
44792,VESUVIO00044792.log,329,temp,2021-05-10T18:25:37 Water_Bath_Temp 21
44792,VESUVIO00044792.log,332,temp,2021-05-10T18:26:04 Water_Bath_Temp 20.99
44792,VESUVIO00044792.log,338,temp,2021-05-10T18:27:37 Water_Bath_Temp 21
44792,VESUVIO00044792.log,339,temp,2021-05-10T18:27:41 Water_Bath_Temp 20.99
44792,VESUVIO00044792.log,385,sample,2021-05-10T18:40:23 Sample 829.4179356845098
44792,VESUVIO00044792.log,388,temp,2021-05-10T18:40:23 Water_Bath_Temp 20.99
44786,VESUVIO00044786_ICPdebug.txt,13,detector,"2021-05-10T14:11:35 Highest dae, detector card, crate number used = 0, 2, 2"
44786,VESUVIO00044786_ICPdebug.txt,36,channel,2021-05-10T14:12:36 Programming Time channels
44786,VESUVIO00044786_ICPdebug.txt,39,channel,2021-05-10T14:12:36 Setting 9729 time channels from 5.000000 to 39999.000000 us on card 0
44786,VESUVIO00044786_ICPdebug.txt,41,channel,2021-05-10T14:12:36 Setting 9729 time channels from 5.000000 to 39999.000000 us on card 1
44786,VESUVIO00044786_ICPdebug.txt,43,channel,2021-05-10T14:12:36 Setting 9729 time channels from 5.000000 to 39999.000000 us on card 2
44483,VESUVIO00044483_ICPdebug.txt,13,detector,"2021-04-29T08:20:46 Highest dae, detector card, crate number used = 0, 2, 2"
44483,VESUVIO00044483_ICPdebug.txt,34,channel,2021-04-29T08:20:49 Programming Time channels
44483,VESUVIO00044483_ICPdebug.txt,37,channel,2021-04-29T08:20:49 Setting 9729 time channels from 5.000000 to 39999.000000 us on card 0
44483,VESUVIO00044483_ICPdebug.txt,39,channel,2021-04-29T08:20:49 Setting 9729 time channels from 5.000000 to 39999.000000 us on card 1
44483,VESUVIO00044483_ICPdebug.txt,41,channel,2021-04-29T08:20:49 Setting 9729 time channels from 5.000000 to 39999.000000 us on card 2
44748,VESUVIO00044748.log,10,sample,2021-05-09T11:44:43 Sample 829.4179356845098
44748,VESUVIO00044748.log,13,temp,2021-05-09T11:44:43 Water_Bath_Temp 20.13
44748,VESUVIO00044748.log,28,temp,2021-05-09T11:49:09 Water_Bath_Temp 20.14
44748,VESUVIO00044748.log,30,temp,2021-05-09T11:49:39 Water_Bath_Temp 20.13
44748,VESUVIO00044748.log,31,temp,2021-05-09T11:50:05 Water_Bath_Temp 20.14
44748,VESUVIO00044748.log,35,temp,2021-05-09T11:51:12 Water_Bath_Temp 20.13
44748,VESUVIO00044748.log,36,temp,2021-05-09T11:51:14 Water_Bath_Temp 20.14
44748,VESUVIO00044748.log,46,sample,2021-05-09T11:51:47 Sample 829.4179356845098
44748,VESUVIO00044748.log,49,temp,2021-05-09T11:51:47 Water_Bath_Temp 20.14
44742,VESUVIO00044742.log,10,sample,2021-05-09T10:06:53 Sample 829.4179356845098
44742,VESUVIO00044742.log,13,temp,2021-05-09T10:06:53 Water_Bath_Temp 20.02
44742,VESUVIO00044742.log,20,temp,2021-05-09T10:07:50 Water_Bath_Temp 20.03
44742,VESUVIO00044742.log,24,temp,2021-05-09T10:08:21 Water_Bath_Temp 20.02
44742,VESUVIO00044742.log,27,temp,2021-05-09T10:09:09 Water_Bath_Temp 20.03
44742,VESUVIO00044742.log,52,temp,2021-05-09T10:19:50 Water_Bath_Temp 20.04
44742,VESUVIO00044742.log,71,temp,2021-05-09T10:29:04 Water_Bath_Temp 20.05
44742,VESUVIO00044742.log,76,temp,2021-05-09T10:30:52 Water_Bath_Temp 20.04
44742,VESUVIO00044742.log,77,temp,2021-05-09T10:31:07 Water_Bath_Temp 20.05
44742,VESUVIO00044742.log,93,sample,2021-05-09T10:34:20 Sample 829.4179356845098
44742,VESUVIO00044742.log,96,temp,2021-05-09T10:34:20 Water_Bath_Temp 20.05
44484,VESUVIO00044484_ICPdebug.txt,13,detector,"2021-04-29T09:27:58 Highest dae, detector card, crate number used = 0, 2, 2"
44484,VESUVIO00044484_ICPdebug.txt,34,channel,2021-04-29T09:28:00 Programming Time channels
44484,VESUVIO00044484_ICPdebug.txt,37,channel,2021-04-29T09:28:00 Setting 9729 time channels from 5.000000 to 39999.000000 us on card 0
44484,VESUVIO00044484_ICPdebug.txt,39,channel,2021-04-29T09:28:01 Setting 9729 time channels from 5.000000 to 39999.000000 us on card 1
44484,VESUVIO00044484_ICPdebug.txt,41,channel,2021-04-29T09:28:01 Setting 9729 time channels from 5.000000 to 39999.000000 us on card 2
44784,VESUVIO00044784.log,10,sample,2021-05-10T13:36:47 Sample 829.4179356845098
44784,VESUVIO00044784.log,13,temp,2021-05-10T13:36:47 Water_Bath_Temp 21.06
44784,VESUVIO00044784.log,47,sample,2021-05-10T13:43:25 Sample 829.4179356845098
44784,VESUVIO00044784.log,50,temp,2021-05-10T13:43:25 Water_Bath_Temp 21.06
45130,VESUVIO00045130_ICPdebug.txt,13,detector,"2021-05-25T10:11:29 Highest dae, detector card, crate number used = 0, 2, 2"
45130,VESUVIO00045130_ICPdebug.txt,34,channel,2021-05-25T10:11:31 Programming Time channels
45130,VESUVIO00045130_ICPdebug.txt,37,channel,2021-05-25T10:11:31 Setting 9729 time channels from 5.000000 to 39999.000000 us on card 0
45130,VESUVIO00045130_ICPdebug.txt,39,channel,2021-05-25T10:11:31 Setting 9729 time channels from 5.000000 to 39999.000000 us on card 1
45130,VESUVIO00045130_ICPdebug.txt,41,channel,2021-05-25T10:11:31 Setting 9729 time channels from 5.000000 to 39999.000000 us on card 2
45130,VESUVIO00045130_ICPdebug.txt,314,detector,"2021-05-25T11:01:58 Highest dae, detector card, crate number used = 0, 2, 2"
45130,VESUVIO00045130_ICPdebug.txt,335,channel,2021-05-25T11:02:01 Programming Time channels
45130,VESUVIO00045130_ICPdebug.txt,338,channel,2021-05-25T11:02:01 Setting 9729 time channels from 5.000000 to 39999.000000 us on card 0
45130,VESUVIO00045130_ICPdebug.txt,340,channel,2021-05-25T11:02:01 Setting 9729 time channels from 5.000000 to 39999.000000 us on card 1
45130,VESUVIO00045130_ICPdebug.txt,342,channel,2021-05-25T11:02:01 Setting 9729 time channels from 5.000000 to 39999.000000 us on card 2
44767,VESUVIO00044767_ICPdebug.txt,13,detector,"2021-05-09T23:56:58 Highest dae, detector card, crate number used = 0, 2, 2"
44767,VESUVIO00044767_ICPdebug.txt,36,channel,2021-05-09T23:57:58 Programming Time channels
44767,VESUVIO00044767_ICPdebug.txt,39,channel,2021-05-09T23:57:58 Setting 9729 time channels from 5.000000 to 39999.000000 us on card 0
44767,VESUVIO00044767_ICPdebug.txt,41,channel,2021-05-09T23:57:58 Setting 9729 time channels from 5.000000 to 39999.000000 us on card 1
44767,VESUVIO00044767_ICPdebug.txt,43,channel,2021-05-09T23:57:58 Setting 9729 time channels from 5.000000 to 39999.000000 us on card 2
44749,VESUVIO00044749.log,5,temp,2021-05-09T11:58:16 Water_Bath_Temp 20.15
44749,VESUVIO00044749.log,6,temp,2021-05-09T11:58:46 Water_Bath_Temp 20.14
44749,VESUVIO00044749.log,7,temp,2021-05-09T11:59:08 Water_Bath_Temp 20.15
44749,VESUVIO00044749.log,22,temp,2021-05-09T12:07:46 Water_Bath_Temp 20.16
44749,VESUVIO00044749.log,26,sample,2021-05-09T12:08:02 Sample 829.4179356845098
44749,VESUVIO00044749.log,29,temp,2021-05-09T12:08:02 Water_Bath_Temp 20.16
44749,VESUVIO00044749.log,47,temp,2021-05-09T12:09:30 Water_Bath_Temp 20.15
44749,VESUVIO00044749.log,49,temp,2021-05-09T12:09:51 Water_Bath_Temp 20.16
44749,VESUVIO00044749.log,88,sample,2021-05-09T12:15:06 Sample 829.4179356845098
44749,VESUVIO00044749.log,91,temp,2021-05-09T12:15:06 Water_Bath_Temp 20.16
44714,VESUVIO00044714.log,9,sample,2021-05-08T16:22:53 Sample 829.4179356845098
44714,VESUVIO00044714.log,12,temp,2021-05-08T16:22:53 Water_Bath_Temp 20.5
44714,VESUVIO00044714.log,20,temp,2021-05-08T16:23:48 Water_Bath_Temp 20.49
44714,VESUVIO00044714.log,25,temp,2021-05-08T16:24:51 Water_Bath_Temp 20.5
44714,VESUVIO00044714.log,28,temp,2021-05-08T16:25:21 Water_Bath_Temp 20.49
44714,VESUVIO00044714.log,67,sample,2021-05-08T16:33:26 Sample 829.4179356845098
44714,VESUVIO00044714.log,70,temp,2021-05-08T16:33:26 Water_Bath_Temp 20.49
44777,VESUVIO00044777.log,10,sample,2021-05-10T11:23:23 Sample 829.4179356845098
44777,VESUVIO00044777.log,13,temp,2021-05-10T11:23:23 Water_Bath_Temp 21.15
44777,VESUVIO00044777.log,25,temp,2021-05-10T11:26:50 Water_Bath_Temp 21.14
44777,VESUVIO00044777.log,27,temp,2021-05-10T11:27:19 Water_Bath_Temp 21.15
44777,VESUVIO00044777.log,30,temp,2021-05-10T11:28:21 Water_Bath_Temp 21.14
44777,VESUVIO00044777.log,58,temp,2021-05-10T11:40:19 Water_Bath_Temp 21.13
44777,VESUVIO00044777.log,101,sample,2021-05-10T11:53:22 Sample 829.4179356845098
44777,VESUVIO00044777.log,112,temp,2021-05-10T11:55:21 Water_Bath_Temp 21.12
44777,VESUVIO00044777.log,139,temp,2021-05-10T12:08:20 Water_Bath_Temp 21.11
44777,VESUVIO00044777.log,141,temp,2021-05-10T12:08:41 Water_Bath_Temp 21.12
44777,VESUVIO00044777.log,143,temp,2021-05-10T12:09:14 Water_Bath_Temp 21.11
44777,VESUVIO00044777.log,146,temp,2021-05-10T12:09:50 Water_Bath_Temp 21.12
44777,VESUVIO00044777.log,148,temp,2021-05-10T12:10:21 Water_Bath_Temp 21.11
44777,VESUVIO00044777.log,151,temp,2021-05-10T12:11:21 Water_Bath_Temp 21.12
44777,VESUVIO00044777.log,152,temp,2021-05-10T12:11:25 Water_Bath_Temp 21.11
44777,VESUVIO00044777.log,174,temp,2021-05-10T12:21:51 Water_Bath_Temp 21.1
44777,VESUVIO00044777.log,175,temp,2021-05-10T12:22:14 Water_Bath_Temp 21.11
44777,VESUVIO00044777.log,189,sample,2021-05-10T12:23:08 Sample 829.4179356845098
44777,VESUVIO00044777.log,192,temp,2021-05-10T12:23:08 Water_Bath_Temp 21.11
44775,VESUVIO00044775_ICPdebug.txt,13,detector,"2021-05-10T08:34:48 Highest dae, detector card, crate number used = 0, 2, 2"
44775,VESUVIO00044775_ICPdebug.txt,36,channel,2021-05-10T08:35:49 Programming Time channels
44775,VESUVIO00044775_ICPdebug.txt,39,channel,2021-05-10T08:35:49 Setting 9729 time channels from 5.000000 to 39999.000000 us on card 0
44775,VESUVIO00044775_ICPdebug.txt,41,channel,2021-05-10T08:35:49 Setting 9729 time channels from 5.000000 to 39999.000000 us on card 1
44775,VESUVIO00044775_ICPdebug.txt,43,channel,2021-05-10T08:35:49 Setting 9729 time channels from 5.000000 to 39999.000000 us on card 2
44797,VESUVIO00044797_ICPdebug.txt,13,detector,"2021-05-10T22:40:00 Highest dae, detector card, crate number used = 0, 2, 2"
44797,VESUVIO00044797_ICPdebug.txt,34,channel,2021-05-10T22:40:02 Programming Time channels
44797,VESUVIO00044797_ICPdebug.txt,37,channel,2021-05-10T22:40:02 Setting 9729 time channels from 5.000000 to 39999.000000 us on card 0
44797,VESUVIO00044797_ICPdebug.txt,39,channel,2021-05-10T22:40:02 Setting 9729 time channels from 5.000000 to 39999.000000 us on card 1
44797,VESUVIO00044797_ICPdebug.txt,41,channel,2021-05-10T22:40:02 Setting 9729 time channels from 5.000000 to 39999.000000 us on card 2
44752,VESUVIO00044752_ICPdebug.txt,13,detector,"2021-05-09T12:31:34 Highest dae, detector card, crate number used = 0, 2, 2"
44752,VESUVIO00044752_ICPdebug.txt,36,channel,2021-05-09T12:32:34 Programming Time channels
44752,VESUVIO00044752_ICPdebug.txt,39,channel,2021-05-09T12:32:34 Setting 9729 time channels from 5.000000 to 39999.000000 us on card 0
44752,VESUVIO00044752_ICPdebug.txt,41,channel,2021-05-09T12:32:34 Setting 9729 time channels from 5.000000 to 39999.000000 us on card 1
44752,VESUVIO00044752_ICPdebug.txt,43,channel,2021-05-09T12:32:34 Setting 9729 time channels from 5.000000 to 39999.000000 us on card 2
44724,VESUVIO00044724_ICPdebug.txt,13,detector,"2021-05-08T18:38:09 Highest dae, detector card, crate number used = 0, 2, 2"
44724,VESUVIO00044724_ICPdebug.txt,34,channel,2021-05-08T18:38:11 Programming Time channels
44724,VESUVIO00044724_ICPdebug.txt,37,channel,2021-05-08T18:38:11 Setting 9729 time channels from 5.000000 to 39999.000000 us on card 0
44724,VESUVIO00044724_ICPdebug.txt,39,channel,2021-05-08T18:38:11 Setting 9729 time channels from 5.000000 to 39999.000000 us on card 1
44724,VESUVIO00044724_ICPdebug.txt,41,channel,2021-05-08T18:38:11 Setting 9729 time channels from 5.000000 to 39999.000000 us on card 2
44724,VESUVIO00044724_ICPdebug.txt,106,detector,"2021-05-08T18:42:11 Highest dae, detector card, crate number used = 0, 2, 2"
44724,VESUVIO00044724_ICPdebug.txt,127,channel,2021-05-08T18:42:13 Programming Time channels
44724,VESUVIO00044724_ICPdebug.txt,130,channel,2021-05-08T18:42:13 Setting 9729 time channels from 5.000000 to 39999.000000 us on card 0
44724,VESUVIO00044724_ICPdebug.txt,132,channel,2021-05-08T18:42:13 Setting 9729 time channels from 5.000000 to 39999.000000 us on card 1
44724,VESUVIO00044724_ICPdebug.txt,134,channel,2021-05-08T18:42:13 Setting 9729 time channels from 5.000000 to 39999.000000 us on card 2
44724,VESUVIO00044724_ICPdebug.txt,199,detector,"2021-05-08T18:43:14 Highest dae, detector card, crate number used = 0, 2, 2"
44724,VESUVIO00044724_ICPdebug.txt,220,channel,2021-05-08T18:43:16 Programming Time channels
44724,VESUVIO00044724_ICPdebug.txt,223,channel,2021-05-08T18:43:16 Setting 9729 time channels from 5.000000 to 39999.000000 us on card 0
44724,VESUVIO00044724_ICPdebug.txt,225,channel,2021-05-08T18:43:16 Setting 9729 time channels from 5.000000 to 39999.000000 us on card 1
44724,VESUVIO00044724_ICPdebug.txt,227,channel,2021-05-08T18:43:16 Setting 9729 time channels from 5.000000 to 39999.000000 us on card 2
44771,VESUVIO00044771_ICPdebug.txt,13,detector,"2021-05-10T04:16:08 Highest dae, detector card, crate number used = 0, 2, 2"
44771,VESUVIO00044771_ICPdebug.txt,36,channel,2021-05-10T04:17:08 Programming Time channels
44771,VESUVIO00044771_ICPdebug.txt,39,channel,2021-05-10T04:17:08 Setting 9729 time channels from 5.000000 to 39999.000000 us on card 0
44771,VESUVIO00044771_ICPdebug.txt,41,channel,2021-05-10T04:17:08 Setting 9729 time channels from 5.000000 to 39999.000000 us on card 1
44771,VESUVIO00044771_ICPdebug.txt,43,channel,2021-05-10T04:17:08 Setting 9729 time channels from 5.000000 to 39999.000000 us on card 2
44742,VESUVIO00044742_ICPdebug.txt,13,detector,"2021-05-09T10:05:50 Highest dae, detector card, crate number used = 0, 2, 2"
44742,VESUVIO00044742_ICPdebug.txt,36,channel,2021-05-09T10:06:50 Programming Time channels
44742,VESUVIO00044742_ICPdebug.txt,39,channel,2021-05-09T10:06:50 Setting 9729 time channels from 5.000000 to 39999.000000 us on card 0
44742,VESUVIO00044742_ICPdebug.txt,41,channel,2021-05-09T10:06:50 Setting 9729 time channels from 5.000000 to 39999.000000 us on card 1
44742,VESUVIO00044742_ICPdebug.txt,43,channel,2021-05-09T10:06:50 Setting 9729 time channels from 5.000000 to 39999.000000 us on card 2
44762,VESUVIO00044762.log,11,sample,2021-05-09T17:24:46 Sample 829.4179356845098
44762,VESUVIO00044762.log,14,temp,2021-05-09T17:24:46 Water_Bath_Temp 20.59
44762,VESUVIO00044762.log,21,temp,2021-05-09T17:26:14 Water_Bath_Temp 20.6
44762,VESUVIO00044762.log,23,temp,2021-05-09T17:26:40 Water_Bath_Temp 20.59
44762,VESUVIO00044762.log,25,temp,2021-05-09T17:27:03 Water_Bath_Temp 20.6
44762,VESUVIO00044762.log,39,temp,2021-05-09T17:33:40 Water_Bath_Temp 20.61
44762,VESUVIO00044762.log,53,temp,2021-05-09T17:39:42 Water_Bath_Temp 20.62
44762,VESUVIO00044762.log,56,temp,2021-05-09T17:40:42 Water_Bath_Temp 20.61
44762,VESUVIO00044762.log,57,temp,2021-05-09T17:40:47 Water_Bath_Temp 20.62
44762,VESUVIO00044762.log,70,temp,2021-05-09T17:46:45 Water_Bath_Temp 20.63
44762,VESUVIO00044762.log,85,temp,2021-05-09T17:53:15 Water_Bath_Temp 20.64
44762,VESUVIO00044762.log,92,sample,2021-05-09T17:54:46 Sample 829.4179356845098
44762,VESUVIO00044762.log,109,temp,2021-05-09T17:59:45 Water_Bath_Temp 20.65
44762,VESUVIO00044762.log,121,temp,2021-05-09T18:05:42 Water_Bath_Temp 20.66
44762,VESUVIO00044762.log,136,temp,2021-05-09T18:12:14 Water_Bath_Temp 20.67
44762,VESUVIO00044762.log,148,temp,2021-05-09T18:17:43 Water_Bath_Temp 20.68
44762,VESUVIO00044762.log,160,temp,2021-05-09T18:21:45 Water_Bath_Temp 20.69
44762,VESUVIO00044762.log,161,temp,2021-05-09T18:21:46 Water_Bath_Temp 20.68
44762,VESUVIO00044762.log,165,temp,2021-05-09T18:23:15 Water_Bath_Temp 20.69
44762,VESUVIO00044762.log,167,temp,2021-05-09T18:23:45 Water_Bath_Temp 20.68
44762,VESUVIO00044762.log,170,temp,2021-05-09T18:24:45 Water_Bath_Temp 20.69
44762,VESUVIO00044762.log,174,sample,2021-05-09T18:24:46 Sample 829.4179356845098
44762,VESUVIO00044762.log,192,sample,2021-05-09T18:27:52 Sample 829.4179356845098
44762,VESUVIO00044762.log,195,temp,2021-05-09T18:27:52 Water_Bath_Temp 20.69
44762,VESUVIO00044762.log,202,temp,2021-05-09T18:29:20 Water_Bath_Temp 20.7
44762,VESUVIO00044762.log,205,temp,2021-05-09T18:29:49 Water_Bath_Temp 20.69
44762,VESUVIO00044762.log,207,temp,2021-05-09T18:30:20 Water_Bath_Temp 20.7
44762,VESUVIO00044762.log,218,temp,2021-05-09T18:35:38 Water_Bath_Temp 20.71
44762,VESUVIO00044762.log,230,temp,2021-05-09T18:41:15 Water_Bath_Temp 20.72
44762,VESUVIO00044762.log,242,temp,2021-05-09T18:46:20 Water_Bath_Temp 20.73
44762,VESUVIO00044762.log,253,temp,2021-05-09T18:51:48 Water_Bath_Temp 20.74
44762,VESUVIO00044762.log,264,temp,2021-05-09T18:56:49 Water_Bath_Temp 20.75
44762,VESUVIO00044762.log,272,sample,2021-05-09T18:57:51 Sample 829.4179356845098
44762,VESUVIO00044762.log,289,temp,2021-05-09T19:02:20 Water_Bath_Temp 20.76
44762,VESUVIO00044762.log,290,temp,2021-05-09T19:02:48 Water_Bath_Temp 20.75
44762,VESUVIO00044762.log,292,temp,2021-05-09T19:03:20 Water_Bath_Temp 20.76
44762,VESUVIO00044762.log,301,temp,2021-05-09T19:07:19 Water_Bath_Temp 20.77
44762,VESUVIO00044762.log,303,temp,2021-05-09T19:07:50 Water_Bath_Temp 20.76
44762,VESUVIO00044762.log,305,temp,2021-05-09T19:08:06 Water_Bath_Temp 20.77
44762,VESUVIO00044762.log,316,temp,2021-05-09T19:13:11 Water_Bath_Temp 20.78
44762,VESUVIO00044762.log,328,temp,2021-05-09T19:18:45 Water_Bath_Temp 20.79
44762,VESUVIO00044762.log,337,temp,2021-05-09T19:22:42 Water_Bath_Temp 20.8
44762,VESUVIO00044762.log,349,temp,2021-05-09T19:27:48 Water_Bath_Temp 20.81
44762,VESUVIO00044762.log,353,sample,2021-05-09T19:27:51 Sample 829.4179356845098
44762,VESUVIO00044762.log,375,sample,2021-05-09T19:31:30 Sample 829.4179356845098
44762,VESUVIO00044762.log,378,temp,2021-05-09T19:31:30 Water_Bath_Temp 20.81
44776,VESUVIO00044776.log,10,sample,2021-05-10T09:36:43 Sample 829.4179356845098
44776,VESUVIO00044776.log,13,temp,2021-05-10T09:36:43 Water_Bath_Temp 21.19
44776,VESUVIO00044776.log,36,temp,2021-05-10T09:45:41 Water_Bath_Temp 21.18
44776,VESUVIO00044776.log,38,temp,2021-05-10T09:46:12 Water_Bath_Temp 21.19
44776,VESUVIO00044776.log,40,temp,2021-05-10T09:46:40 Water_Bath_Temp 21.18
44776,VESUVIO00044776.log,43,temp,2021-05-10T09:47:41 Water_Bath_Temp 21.19
44776,VESUVIO00044776.log,45,temp,2021-05-10T09:48:10 Water_Bath_Temp 21.18
44776,VESUVIO00044776.log,46,temp,2021-05-10T09:48:38 Water_Bath_Temp 21.19
44776,VESUVIO00044776.log,48,temp,2021-05-10T09:49:03 Water_Bath_Temp 21.18
44776,VESUVIO00044776.log,60,temp,2021-05-10T09:54:11 Water_Bath_Temp 21.19
44776,VESUVIO00044776.log,61,temp,2021-05-10T09:54:35 Water_Bath_Temp 21.18
44776,VESUVIO00044776.log,70,temp,2021-05-10T09:58:11 Water_Bath_Temp 21.19
44776,VESUVIO00044776.log,73,temp,2021-05-10T09:59:11 Water_Bath_Temp 21.18
44776,VESUVIO00044776.log,98,sample,2021-05-10T10:06:42 Sample 829.4179356845098
44776,VESUVIO00044776.log,112,temp,2021-05-10T10:10:12 Water_Bath_Temp 21.19
44776,VESUVIO00044776.log,113,temp,2021-05-10T10:10:24 Water_Bath_Temp 21.18
44776,VESUVIO00044776.log,135,sample,2021-05-10T10:22:28 Sample 829.4179356845098
44776,VESUVIO00044776.log,138,temp,2021-05-10T10:22:28 Water_Bath_Temp 21.18
44776,VESUVIO00044776.log,195,temp,2021-05-10T10:48:26 Water_Bath_Temp 21.17
44776,VESUVIO00044776.log,205,temp,2021-05-10T10:52:27 Water_Bath_Temp 21.18
44776,VESUVIO00044776.log,209,sample,2021-05-10T10:52:28 Sample 829.4179356845098
44776,VESUVIO00044776.log,216,temp,2021-05-10T10:52:56 Water_Bath_Temp 21.17
44776,VESUVIO00044776.log,241,temp,2021-05-10T11:03:57 Water_Bath_Temp 21.16
44776,VESUVIO00044776.log,243,temp,2021-05-10T11:04:25 Water_Bath_Temp 21.17
44776,VESUVIO00044776.log,245,temp,2021-05-10T11:04:57 Water_Bath_Temp 21.16
44776,VESUVIO00044776.log,269,temp,2021-05-10T11:16:24 Water_Bath_Temp 21.15
44776,VESUVIO00044776.log,273,temp,2021-05-10T11:17:57 Water_Bath_Temp 21.16
44776,VESUVIO00044776.log,274,temp,2021-05-10T11:18:23 Water_Bath_Temp 21.15
44776,VESUVIO00044776.log,277,temp,2021-05-10T11:18:57 Water_Bath_Temp 21.16
44776,VESUVIO00044776.log,278,temp,2021-05-10T11:18:59 Water_Bath_Temp 21.15
44776,VESUVIO00044776.log,296,sample,2021-05-10T11:22:14 Sample 829.4179356845098
44776,VESUVIO00044776.log,299,temp,2021-05-10T11:22:14 Water_Bath_Temp 21.15
44784,VESUVIO00044784_ICPdebug.txt,13,detector,"2021-05-10T13:35:43 Highest dae, detector card, crate number used = 0, 2, 2"
44784,VESUVIO00044784_ICPdebug.txt,36,channel,2021-05-10T13:36:43 Programming Time channels
44784,VESUVIO00044784_ICPdebug.txt,39,channel,2021-05-10T13:36:43 Setting 9729 time channels from 5.000000 to 39999.000000 us on card 0
44784,VESUVIO00044784_ICPdebug.txt,41,channel,2021-05-10T13:36:43 Setting 9729 time channels from 5.000000 to 39999.000000 us on card 1
44784,VESUVIO00044784_ICPdebug.txt,43,channel,2021-05-10T13:36:43 Setting 9729 time channels from 5.000000 to 39999.000000 us on card 2
44732,VESUVIO00044732_ICPdebug.txt,13,detector,"2021-05-08T23:18:09 Highest dae, detector card, crate number used = 0, 2, 2"
44732,VESUVIO00044732_ICPdebug.txt,36,channel,2021-05-08T23:19:09 Programming Time channels
44732,VESUVIO00044732_ICPdebug.txt,39,channel,2021-05-08T23:19:09 Setting 9729 time channels from 5.000000 to 39999.000000 us on card 0
44732,VESUVIO00044732_ICPdebug.txt,41,channel,2021-05-08T23:19:09 Setting 9729 time channels from 5.000000 to 39999.000000 us on card 1
44732,VESUVIO00044732_ICPdebug.txt,43,channel,2021-05-08T23:19:09 Setting 9729 time channels from 5.000000 to 39999.000000 us on card 2
44718,VESUVIO00044718.log,12,sample,2021-05-08T17:22:44 Sample 829.4179356845098
44718,VESUVIO00044718.log,15,temp,2021-05-08T17:22:44 Water_Bath_Temp 20.47
44718,VESUVIO00044718.log,35,temp,2021-05-08T17:28:03 Water_Bath_Temp 20.46
44718,VESUVIO00044718.log,44,temp,2021-05-08T17:30:43 Water_Bath_Temp 20.47
44718,VESUVIO00044718.log,46,temp,2021-05-08T17:31:05 Water_Bath_Temp 20.46
44718,VESUVIO00044718.log,62,sample,2021-05-08T17:33:19 Sample 829.4179356845098
44718,VESUVIO00044718.log,65,temp,2021-05-08T17:33:19 Water_Bath_Temp 20.46
44778,VESUVIO00044778_ICPdebug.txt,13,detector,"2021-05-10T12:23:12 Highest dae, detector card, crate number used = 0, 2, 2"
44778,VESUVIO00044778_ICPdebug.txt,36,channel,2021-05-10T12:24:13 Programming Time channels
44778,VESUVIO00044778_ICPdebug.txt,39,channel,2021-05-10T12:24:13 Setting 9729 time channels from 5.000000 to 39999.000000 us on card 0
44778,VESUVIO00044778_ICPdebug.txt,41,channel,2021-05-10T12:24:13 Setting 9729 time channels from 5.000000 to 39999.000000 us on card 1
44778,VESUVIO00044778_ICPdebug.txt,43,channel,2021-05-10T12:24:13 Setting 9729 time channels from 5.000000 to 39999.000000 us on card 2
44780,VESUVIO00044780_ICPdebug.txt,13,detector,"2021-05-10T12:56:54 Highest dae, detector card, crate number used = 0, 2, 2"
44780,VESUVIO00044780_ICPdebug.txt,36,channel,2021-05-10T12:57:54 Programming Time channels
44780,VESUVIO00044780_ICPdebug.txt,39,channel,2021-05-10T12:57:54 Setting 9729 time channels from 5.000000 to 39999.000000 us on card 0
44780,VESUVIO00044780_ICPdebug.txt,41,channel,2021-05-10T12:57:54 Setting 9729 time channels from 5.000000 to 39999.000000 us on card 1
44780,VESUVIO00044780_ICPdebug.txt,43,channel,2021-05-10T12:57:54 Setting 9729 time channels from 5.000000 to 39999.000000 us on card 2
44765,VESUVIO00044765.log,10,sample,2021-05-09T21:48:05 Sample 829.4179356845098
44765,VESUVIO00044765.log,13,temp,2021-05-09T21:48:05 Water_Bath_Temp 21.09
44765,VESUVIO00044765.log,24,temp,2021-05-09T21:50:33 Water_Bath_Temp 21.1
44765,VESUVIO00044765.log,36,temp,2021-05-09T21:56:01 Water_Bath_Temp 21.11
44765,VESUVIO00044765.log,38,temp,2021-05-09T21:56:31 Water_Bath_Temp 21.1
44765,VESUVIO00044765.log,40,temp,2021-05-09T21:57:24 Water_Bath_Temp 21.11
44765,VESUVIO00044765.log,51,temp,2021-05-09T22:02:03 Water_Bath_Temp 21.12
44765,VESUVIO00044765.log,56,temp,2021-05-09T22:03:32 Water_Bath_Temp 21.11
44765,VESUVIO00044765.log,57,temp,2021-05-09T22:03:43 Water_Bath_Temp 21.12
44765,VESUVIO00044765.log,69,temp,2021-05-09T22:09:01 Water_Bath_Temp 21.13
44765,VESUVIO00044765.log,83,temp,2021-05-09T22:15:02 Water_Bath_Temp 21.14
44765,VESUVIO00044765.log,86,temp,2021-05-09T22:16:03 Water_Bath_Temp 21.13
44765,VESUVIO00044765.log,87,temp,2021-05-09T22:16:18 Water_Bath_Temp 21.14
44765,VESUVIO00044765.log,95,sample,2021-05-09T22:18:04 Sample 829.4179356845098
44765,VESUVIO00044765.log,112,temp,2021-05-09T22:22:03 Water_Bath_Temp 21.15
44765,VESUVIO00044765.log,126,temp,2021-05-09T22:28:32 Water_Bath_Temp 21.16
44765,VESUVIO00044765.log,142,temp,2021-05-09T22:35:03 Water_Bath_Temp 21.17
44765,VESUVIO00044765.log,156,temp,2021-05-09T22:40:33 Water_Bath_Temp 21.18
44765,VESUVIO00044765.log,157,temp,2021-05-09T22:40:58 Water_Bath_Temp 21.17
44765,VESUVIO00044765.log,161,temp,2021-05-09T22:42:00 Water_Bath_Temp 21.18
44765,VESUVIO00044765.log,178,sample,2021-05-09T22:48:04 Sample 829.4179356845098
44765,VESUVIO00044765.log,186,temp,2021-05-09T22:48:32 Water_Bath_Temp 21.19
44765,VESUVIO00044765.log,204,sample,2021-05-09T22:51:43 Sample 829.4179356845098
44765,VESUVIO00044765.log,207,temp,2021-05-09T22:51:43 Water_Bath_Temp 21.19
44478,VESUVIO00044478_ICPdebug.txt,13,detector,"2021-04-28T23:39:40 Highest dae, detector card, crate number used = 0, 2, 2"
44478,VESUVIO00044478_ICPdebug.txt,34,channel,2021-04-28T23:39:42 Programming Time channels
44478,VESUVIO00044478_ICPdebug.txt,37,channel,2021-04-28T23:39:42 Setting 9729 time channels from 5.000000 to 39999.000000 us on card 0
44478,VESUVIO00044478_ICPdebug.txt,39,channel,2021-04-28T23:39:42 Setting 9729 time channels from 5.000000 to 39999.000000 us on card 1
44478,VESUVIO00044478_ICPdebug.txt,41,channel,2021-04-28T23:39:42 Setting 9729 time channels from 5.000000 to 39999.000000 us on card 2
44745,VESUVIO00044745_ICPdebug.txt,13,detector,"2021-05-09T11:19:03 Highest dae, detector card, crate number used = 0, 2, 2"
44745,VESUVIO00044745_ICPdebug.txt,36,channel,2021-05-09T11:20:04 Programming Time channels
44745,VESUVIO00044745_ICPdebug.txt,39,channel,2021-05-09T11:20:04 Setting 9729 time channels from 5.000000 to 39999.000000 us on card 0
44745,VESUVIO00044745_ICPdebug.txt,41,channel,2021-05-09T11:20:04 Setting 9729 time channels from 5.000000 to 39999.000000 us on card 1
44745,VESUVIO00044745_ICPdebug.txt,43,channel,2021-05-09T11:20:04 Setting 9729 time channels from 5.000000 to 39999.000000 us on card 2
44715,VESUVIO00044715_ICPdebug.txt,15,detector,"2021-05-08T16:38:04 Highest dae, detector card, crate number used = 0, 2, 2"
44715,VESUVIO00044715_ICPdebug.txt,36,channel,2021-05-08T16:38:07 Programming Time channels
44715,VESUVIO00044715_ICPdebug.txt,39,channel,2021-05-08T16:38:07 Setting 9729 time channels from 5.000000 to 39999.000000 us on card 0
44715,VESUVIO00044715_ICPdebug.txt,41,channel,2021-05-08T16:38:07 Setting 9729 time channels from 5.000000 to 39999.000000 us on card 1
44715,VESUVIO00044715_ICPdebug.txt,43,channel,2021-05-08T16:38:07 Setting 9729 time channels from 5.000000 to 39999.000000 us on card 2
45131,VESUVIO00045131.log,12,sample,2021-05-25T11:34:00 Sample 827.6352577318944
45131,VESUVIO00045131.log,120,sample,2021-05-25T12:03:59 Sample 827.6352577318944
45131,VESUVIO00045131.log,193,sample,2021-05-25T12:19:13 Sample 827.6352577318944
44785,VESUVIO00044785.log,3,temp,2021-05-10T13:44:53 Water_Bath_Temp 21.05
44785,VESUVIO00044785.log,6,temp,2021-05-10T13:45:23 Water_Bath_Temp 21.06
44785,VESUVIO00044785.log,7,temp,2021-05-10T13:45:51 Water_Bath_Temp 21.05
44785,VESUVIO00044785.log,9,temp,2021-05-10T13:46:51 Water_Bath_Temp 21.06
44785,VESUVIO00044785.log,10,temp,2021-05-10T13:47:41 Water_Bath_Temp 21.05
44785,VESUVIO00044785.log,29,temp,2021-05-10T14:04:21 Water_Bath_Temp 21.04
44785,VESUVIO00044785.log,39,sample,2021-05-10T14:04:53 Sample 829.4179356845098
44785,VESUVIO00044785.log,42,temp,2021-05-10T14:04:53 Water_Bath_Temp 21.05
44785,VESUVIO00044785.log,47,temp,2021-05-10T14:05:19 Water_Bath_Temp 21.04
44785,VESUVIO00044785.log,95,sample,2021-05-10T14:11:32 Sample 829.4179356845098
44785,VESUVIO00044785.log,98,temp,2021-05-10T14:11:32 Water_Bath_Temp 21.04
44726,VESUVIO00044726.log,9,sample,2021-05-08T19:04:46 Sample 829.4179356845098
44726,VESUVIO00044726.log,12,temp,2021-05-08T19:04:46 Water_Bath_Temp 20.44
44726,VESUVIO00044726.log,55,sample,2021-05-08T19:15:22 Sample 829.4179356845098
44726,VESUVIO00044726.log,58,temp,2021-05-08T19:15:22 Water_Bath_Temp 20.44
44736,VESUVIO00044736.log,10,sample,2021-05-09T03:38:30 Sample 829.4179356845098
44736,VESUVIO00044736.log,13,temp,2021-05-09T03:38:30 Water_Bath_Temp 20.11
44736,VESUVIO00044736.log,29,temp,2021-05-09T03:43:57 Water_Bath_Temp 20.1
44736,VESUVIO00044736.log,55,temp,2021-05-09T03:55:27 Water_Bath_Temp 20.09
44736,VESUVIO00044736.log,56,temp,2021-05-09T03:55:37 Water_Bath_Temp 20.1
44736,VESUVIO00044736.log,61,temp,2021-05-09T03:57:27 Water_Bath_Temp 20.09
44736,VESUVIO00044736.log,90,temp,2021-05-09T04:07:58 Water_Bath_Temp 20.08
44736,VESUVIO00044736.log,95,sample,2021-05-09T04:08:29 Sample 829.4179356845098
44736,VESUVIO00044736.log,103,temp,2021-05-09T04:09:24 Water_Bath_Temp 20.09
44736,VESUVIO00044736.log,106,temp,2021-05-09T04:10:19 Water_Bath_Temp 20.08
44736,VESUVIO00044736.log,125,temp,2021-05-09T04:19:27 Water_Bath_Temp 20.07
44736,VESUVIO00044736.log,127,temp,2021-05-09T04:19:51 Water_Bath_Temp 20.08
44736,VESUVIO00044736.log,135,temp,2021-05-09T04:22:26 Water_Bath_Temp 20.07
44736,VESUVIO00044736.log,164,temp,2021-05-09T04:35:56 Water_Bath_Temp 20.06
44736,VESUVIO00044736.log,166,temp,2021-05-09T04:36:28 Water_Bath_Temp 20.07
44736,VESUVIO00044736.log,168,temp,2021-05-09T04:36:56 Water_Bath_Temp 20.06
44736,VESUVIO00044736.log,169,temp,2021-05-09T04:37:26 Water_Bath_Temp 20.07
44736,VESUVIO00044736.log,171,temp,2021-05-09T04:37:31 Water_Bath_Temp 20.06
44736,VESUVIO00044736.log,177,sample,2021-05-09T04:38:29 Sample 829.4179356845098
44736,VESUVIO00044736.log,199,sample,2021-05-09T04:42:05 Sample 829.4179356845098
44736,VESUVIO00044736.log,202,temp,2021-05-09T04:42:05 Water_Bath_Temp 20.06
44791,VESUVIO00044791_ICPdebug.txt,12,"channel,area",2021-05-10T15:55:31 Qxtrm_channel::RDMARead failed rdma1 address 0x0 nbytes 128(Quixtream: The timeout period on this channel expired before the transfer commenced. Channel status: Transfer failed. Data packet not received before timeout. )
44791,VESUVIO00044791_ICPdebug.txt,13,"channel,area",2021-05-10T15:56:06 Qxtrm_channel::RDMARead failed rdma1 address 0x0 nbytes 128(Quixtream: The timeout period on this channel expired before the transfer commenced. Channel status: Transfer failed. Data packet not received before timeout. )
44791,VESUVIO00044791_ICPdebug.txt,14,"channel,area",2021-05-10T15:56:40 Qxtrm_channel::RDMARead failed rdma1 address 0x0 nbytes 128(Quixtream: The timeout period on this channel expired before the transfer commenced. Channel status: Transfer failed. Data packet not received before timeout. )
44791,VESUVIO00044791_ICPdebug.txt,15,"channel,area",2021-05-10T15:57:15 Qxtrm_channel::RDMARead failed rdma1 address 0x0 nbytes 128(Quixtream: The timeout period on this channel expired before the transfer commenced. Channel status: Transfer failed. Data packet not received before timeout. )
44791,VESUVIO00044791_ICPdebug.txt,16,"channel,area",2021-05-10T15:57:50 Qxtrm_channel::RDMARead failed rdma1 address 0x0 nbytes 128(Quixtream: The timeout period on this channel expired before the transfer commenced. Channel status: Transfer failed. Data packet not received before timeout. )
44791,VESUVIO00044791_ICPdebug.txt,19,"channel,area",2021-05-10T16:05:24 Qxtrm_channel::RDMARead failed rdma2 address 0x4 nbytes 4(Quixtream: The timeout period on this channel expired before the transfer commenced. Channel status: Transfer failed. Data packet not received before timeout. )
44791,VESUVIO00044791_ICPdebug.txt,20,"channel,area",2021-05-10T16:06:02 Qxtrm_channel::RDMARead failed rdma2 address 0x4 nbytes 4(Quixtream: The timeout period on this channel expired before the transfer commenced. Channel status: Transfer failed. Data packet not received before timeout. )
44791,VESUVIO00044791_ICPdebug.txt,21,"channel,area",2021-05-10T16:06:41 Qxtrm_channel::RDMARead failed rdma2 address 0x4 nbytes 4(Quixtream: The timeout period on this channel expired before the transfer commenced. Channel status: Transfer failed. Data packet not received before timeout. )
44791,VESUVIO00044791_ICPdebug.txt,28,"channel,area",2021-05-10T16:07:22 Qxtrm_channel::RDMARead failed rdma1 address 0x0 nbytes 128(Quixtream: The timeout period on this channel expired before the transfer commenced. Channel status: Transfer failed. Data packet not received before timeout. )
44791,VESUVIO00044791_ICPdebug.txt,29,"channel,area",2021-05-10T16:07:56 Qxtrm_channel::RDMARead failed rdma1 address 0x0 nbytes 128(Quixtream: The timeout period on this channel expired before the transfer commenced. Channel status: Transfer failed. Data packet not received before timeout. )
44791,VESUVIO00044791_ICPdebug.txt,30,"channel,area",2021-05-10T16:08:31 Qxtrm_channel::RDMARead failed rdma1 address 0x0 nbytes 128(Quixtream: The timeout period on this channel expired before the transfer commenced. Channel status: Transfer failed. Data packet not received before timeout. )
44791,VESUVIO00044791_ICPdebug.txt,31,"channel,area",2021-05-10T16:09:06 Qxtrm_channel::RDMARead failed rdma1 address 0x0 nbytes 128(Quixtream: The timeout period on this channel expired before the transfer commenced. Channel status: Transfer failed. Data packet not received before timeout. )
44791,VESUVIO00044791_ICPdebug.txt,32,"channel,area",2021-05-10T16:09:41 Qxtrm_channel::RDMARead failed rdma1 address 0x0 nbytes 128(Quixtream: The timeout period on this channel expired before the transfer commenced. Channel status: Transfer failed. Data packet not received before timeout. )
44791,VESUVIO00044791_ICPdebug.txt,120,detector,"2021-05-10T16:24:06 Highest dae, detector card, crate number used = 0, 2, 2"
44791,VESUVIO00044791_ICPdebug.txt,141,channel,2021-05-10T16:24:09 Programming Time channels
44791,VESUVIO00044791_ICPdebug.txt,144,channel,2021-05-10T16:24:09 Setting 9729 time channels from 5.000000 to 39999.000000 us on card 0
44791,VESUVIO00044791_ICPdebug.txt,146,channel,2021-05-10T16:24:09 Setting 9729 time channels from 5.000000 to 39999.000000 us on card 1
44791,VESUVIO00044791_ICPdebug.txt,148,channel,2021-05-10T16:24:09 Setting 9729 time channels from 5.000000 to 39999.000000 us on card 2
44794,VESUVIO00044794_ICPdebug.txt,13,detector,"2021-05-10T19:40:20 Highest dae, detector card, crate number used = 0, 2, 2"
44794,VESUVIO00044794_ICPdebug.txt,34,channel,2021-05-10T19:40:22 Programming Time channels
44794,VESUVIO00044794_ICPdebug.txt,37,channel,2021-05-10T19:40:22 Setting 9729 time channels from 5.000000 to 39999.000000 us on card 0
44794,VESUVIO00044794_ICPdebug.txt,39,channel,2021-05-10T19:40:22 Setting 9729 time channels from 5.000000 to 39999.000000 us on card 1
44794,VESUVIO00044794_ICPdebug.txt,41,channel,2021-05-10T19:40:22 Setting 9729 time channels from 5.000000 to 39999.000000 us on card 2
44787,VESUVIO00044787.log,2,temp,2021-05-10T14:25:33 Water_Bath_Temp 21.04
44787,VESUVIO00044787.log,11,sample,2021-05-10T14:25:42 Sample 829.4179356845098
44787,VESUVIO00044787.log,14,temp,2021-05-10T14:25:42 Water_Bath_Temp 21.03
44787,VESUVIO00044787.log,46,sample,2021-05-10T14:32:21 Sample 829.4179356845098
44787,VESUVIO00044787.log,49,temp,2021-05-10T14:32:21 Water_Bath_Temp 21.03
44743,VESUVIO00044743.log,2,temp,2021-05-09T10:37:12 Water_Bath_Temp 20.06
44743,VESUVIO00044743.log,7,temp,2021-05-09T10:46:48 Water_Bath_Temp 20.07
44743,VESUVIO00044743.log,8,temp,2021-05-09T10:47:17 Water_Bath_Temp 20.06
44743,VESUVIO00044743.log,10,temp,2021-05-09T10:47:43 Water_Bath_Temp 20.07
44743,VESUVIO00044743.log,18,temp,2021-05-09T10:54:48 Water_Bath_Temp 20.08
44743,VESUVIO00044743.log,19,temp,2021-05-09T10:55:14 Water_Bath_Temp 20.07
44743,VESUVIO00044743.log,21,temp,2021-05-09T10:56:48 Water_Bath_Temp 20.08
44743,VESUVIO00044743.log,22,temp,2021-05-09T10:57:15 Water_Bath_Temp 20.07
44743,VESUVIO00044743.log,24,temp,2021-05-09T10:57:47 Water_Bath_Temp 20.08
44743,VESUVIO00044743.log,41,sample,2021-05-09T11:02:36 Sample 829.4179356845098
44743,VESUVIO00044743.log,44,temp,2021-05-09T11:02:36 Water_Bath_Temp 20.08
44743,VESUVIO00044743.log,64,temp,2021-05-09T11:05:34 Water_Bath_Temp 20.09
44743,VESUVIO00044743.log,67,temp,2021-05-09T11:06:02 Water_Bath_Temp 20.08
44743,VESUVIO00044743.log,72,temp,2021-05-09T11:07:04 Water_Bath_Temp 20.09
44743,VESUVIO00044743.log,78,temp,2021-05-09T11:08:04 Water_Bath_Temp 20.08
44743,VESUVIO00044743.log,80,temp,2021-05-09T11:08:25 Water_Bath_Temp 20.09
44743,VESUVIO00044743.log,94,sample,2021-05-09T11:09:40 Sample 829.4179356845098
44743,VESUVIO00044743.log,97,temp,2021-05-09T11:09:40 Water_Bath_Temp 20.09
44791,VESUVIO00044791.log,15,temp,2021-05-10T15:12:38 Water_Bath_Temp 21.01
44791,VESUVIO00044791.log,18,temp,2021-05-10T15:13:04 Water_Bath_Temp 21.02
44791,VESUVIO00044791.log,29,temp,2021-05-10T15:17:38 Water_Bath_Temp 21.01
44791,VESUVIO00044791.log,30,temp,2021-05-10T15:17:40 Water_Bath_Temp 21.02
44791,VESUVIO00044791.log,32,temp,2021-05-10T15:18:39 Water_Bath_Temp 21.01
44791,VESUVIO00044791.log,33,temp,2021-05-10T15:19:09 Water_Bath_Temp 21.02
44791,VESUVIO00044791.log,35,temp,2021-05-10T15:20:09 Water_Bath_Temp 21.01
44791,VESUVIO00044791.log,37,temp,2021-05-10T15:21:09 Water_Bath_Temp 21.02
44791,VESUVIO00044791.log,40,temp,2021-05-10T15:23:06 Water_Bath_Temp 21.01
44791,VESUVIO00044791.log,44,sample,2021-05-10T15:25:40 Sample 829.4179356845098
44791,VESUVIO00044791.log,51,temp,2021-05-10T15:26:09 Water_Bath_Temp 21.02
44791,VESUVIO00044791.log,53,temp,2021-05-10T15:26:29 Water_Bath_Temp 21.01
44791,VESUVIO00044791.log,54,temp,2021-05-10T15:27:07 Water_Bath_Temp 21.02
44791,VESUVIO00044791.log,55,temp,2021-05-10T15:27:10 Water_Bath_Temp 21.01
44791,VESUVIO00044791.log,100,sample,2021-05-10T15:55:40 Sample 829.4179356845098
44791,VESUVIO00044791.log,108,temp,2021-05-10T15:57:40 Water_Bath_Temp 21.01
44791,VESUVIO00044791.log,119,temp,2021-05-10T16:07:38 Water_Bath_Temp 21
44791,VESUVIO00044791.log,120,temp,2021-05-10T16:08:05 Water_Bath_Temp 21.01
44791,VESUVIO00044791.log,122,temp,2021-05-10T16:08:38 Water_Bath_Temp 21
44791,VESUVIO00044791.log,125,temp,2021-05-10T16:09:08 Water_Bath_Temp 21.01
44791,VESUVIO00044791.log,127,temp,2021-05-10T16:09:39 Water_Bath_Temp 21
44791,VESUVIO00044791.log,128,temp,2021-05-10T16:10:08 Water_Bath_Temp 21.01
44791,VESUVIO00044791.log,132,temp,2021-05-10T16:11:39 Water_Bath_Temp 21
44791,VESUVIO00044791.log,134,temp,2021-05-10T16:12:36 Water_Bath_Temp 21.01
44791,VESUVIO00044791.log,136,temp,2021-05-10T16:13:31 Water_Bath_Temp 21
44791,VESUVIO00044791.log,138,temp,2021-05-10T16:14:09 Water_Bath_Temp 21.01
44791,VESUVIO00044791.log,141,temp,2021-05-10T16:15:33 Water_Bath_Temp 21
44791,VESUVIO00044791.log,143,temp,2021-05-10T16:16:09 Water_Bath_Temp 21.01
44791,VESUVIO00044791.log,144,temp,2021-05-10T16:16:31 Water_Bath_Temp 21
44791,VESUVIO00044791.log,148,temp,2021-05-10T16:17:04 Water_Bath_Temp 21.01
44791,VESUVIO00044791.log,150,temp,2021-05-10T16:18:07 Water_Bath_Temp 21
44791,VESUVIO00044791.log,152,temp,2021-05-10T16:18:39 Water_Bath_Temp 21.01
44791,VESUVIO00044791.log,154,temp,2021-05-10T16:19:06 Water_Bath_Temp 21
44791,VESUVIO00044791.log,164,temp,2021-05-10T16:23:38 Water_Bath_Temp 21.01
44791,VESUVIO00044791.log,165,temp,2021-05-10T16:24:08 Water_Bath_Temp 21
44791,VESUVIO00044791.log,174,sample,2021-05-10T16:24:12 Sample 829.4179356845098
44791,VESUVIO00044791.log,177,temp,2021-05-10T16:24:12 Water_Bath_Temp 21.01
44791,VESUVIO00044791.log,182,temp,2021-05-10T16:24:20 Water_Bath_Temp 21
44791,VESUVIO00044791.log,194,sample,2021-05-10T16:25:36 Sample 829.4179356845098
44791,VESUVIO00044791.log,197,temp,2021-05-10T16:25:36 Water_Bath_Temp 21.01
44482,VESUVIO00044482_ICPdebug.txt,13,detector,"2021-04-29T07:13:57 Highest dae, detector card, crate number used = 0, 2, 2"
44482,VESUVIO00044482_ICPdebug.txt,34,channel,2021-04-29T07:13:59 Programming Time channels
44482,VESUVIO00044482_ICPdebug.txt,37,channel,2021-04-29T07:13:59 Setting 9729 time channels from 5.000000 to 39999.000000 us on card 0
44482,VESUVIO00044482_ICPdebug.txt,39,channel,2021-04-29T07:13:59 Setting 9729 time channels from 5.000000 to 39999.000000 us on card 1
44482,VESUVIO00044482_ICPdebug.txt,41,channel,2021-04-29T07:13:59 Setting 9729 time channels from 5.000000 to 39999.000000 us on card 2
44778,VESUVIO00044778.log,2,temp,2021-05-10T12:23:34 Water_Bath_Temp 21.1
44778,VESUVIO00044778.log,3,temp,2021-05-10T12:24:06 Water_Bath_Temp 21.11
44778,VESUVIO00044778.log,12,sample,2021-05-10T12:24:16 Sample 829.4179356845098
44778,VESUVIO00044778.log,15,temp,2021-05-10T12:24:16 Water_Bath_Temp 21.11
44778,VESUVIO00044778.log,22,temp,2021-05-10T12:25:40 Water_Bath_Temp 21.1
44778,VESUVIO00044778.log,36,sample,2021-05-10T12:27:49 Sample 829.4179356845098
44778,VESUVIO00044778.log,39,temp,2021-05-10T12:27:49 Water_Bath_Temp 21.1
44713,VESUVIO00044713_ICPdebug.txt,13,detector,"2021-05-08T16:12:03 Highest dae, detector card, crate number used = 0, 2, 2"
44713,VESUVIO00044713_ICPdebug.txt,34,channel,2021-05-08T16:12:05 Programming Time channels
44713,VESUVIO00044713_ICPdebug.txt,37,channel,2021-05-08T16:12:05 Setting 9729 time channels from 5.000000 to 39999.000000 us on card 0
44713,VESUVIO00044713_ICPdebug.txt,39,channel,2021-05-08T16:12:05 Setting 9729 time channels from 5.000000 to 39999.000000 us on card 1
44713,VESUVIO00044713_ICPdebug.txt,41,channel,2021-05-08T16:12:05 Setting 9729 time channels from 5.000000 to 39999.000000 us on card 2
44476,VESUVIO00044476.log,9,sample,2021-04-28T21:25:19 Sample 829.4179356845098
44476,VESUVIO00044476.log,102,sample,2021-04-28T21:55:18 Sample 829.4179356845098
44476,VESUVIO00044476.log,201,sample,2021-04-28T22:25:18 Sample 829.4179356845098
44476,VESUVIO00044476.log,235,sample,2021-04-28T22:31:35 Sample 829.4179356845098
44733,VESUVIO00044733.log,10,sample,2021-05-09T00:24:26 Sample 829.4179356845098
44733,VESUVIO00044733.log,13,temp,2021-05-09T00:24:26 Water_Bath_Temp 20.3
44733,VESUVIO00044733.log,18,temp,2021-05-09T00:24:54 Water_Bath_Temp 20.31
44733,VESUVIO00044733.log,20,temp,2021-05-09T00:24:55 Water_Bath_Temp 20.3
44733,VESUVIO00044733.log,37,temp,2021-05-09T00:32:24 Water_Bath_Temp 20.29
44733,VESUVIO00044733.log,39,temp,2021-05-09T00:32:50 Water_Bath_Temp 20.3
44733,VESUVIO00044733.log,41,temp,2021-05-09T00:33:20 Water_Bath_Temp 20.29
44733,VESUVIO00044733.log,42,temp,2021-05-09T00:33:46 Water_Bath_Temp 20.3
44733,VESUVIO00044733.log,45,temp,2021-05-09T00:34:23 Water_Bath_Temp 20.29
44733,VESUVIO00044733.log,64,temp,2021-05-09T00:43:50 Water_Bath_Temp 20.28
44733,VESUVIO00044733.log,67,temp,2021-05-09T00:44:22 Water_Bath_Temp 20.29
44733,VESUVIO00044733.log,68,temp,2021-05-09T00:44:43 Water_Bath_Temp 20.28
44733,VESUVIO00044733.log,92,sample,2021-05-09T00:54:25 Sample 829.4179356845098
44733,VESUVIO00044733.log,100,temp,2021-05-09T00:55:18 Water_Bath_Temp 20.27
44733,VESUVIO00044733.log,118,temp,2021-05-09T01:02:54 Water_Bath_Temp 20.26
44733,VESUVIO00044733.log,140,temp,2021-05-09T01:13:24 Water_Bath_Temp 20.25
44733,VESUVIO00044733.log,141,temp,2021-05-09T01:13:48 Water_Bath_Temp 20.26
44733,VESUVIO00044733.log,144,temp,2021-05-09T01:14:46 Water_Bath_Temp 20.25
44733,VESUVIO00044733.log,161,temp,2021-05-09T01:22:23 Water_Bath_Temp 20.24
44733,VESUVIO00044733.log,162,temp,2021-05-09T01:22:47 Water_Bath_Temp 20.25
44733,VESUVIO00044733.log,165,temp,2021-05-09T01:23:24 Water_Bath_Temp 20.24
44733,VESUVIO00044733.log,172,sample,2021-05-09T01:24:25 Sample 829.4179356845098
44733,VESUVIO00044733.log,198,sample,2021-05-09T01:27:59 Sample 829.4179356845098
44733,VESUVIO00044733.log,201,temp,2021-05-09T01:27:59 Water_Bath_Temp 20.24
44725,VESUVIO00044725_ICPdebug.txt,13,detector,"2021-05-08T18:53:57 Highest dae, detector card, crate number used = 0, 2, 2"
44725,VESUVIO00044725_ICPdebug.txt,34,channel,2021-05-08T18:54:00 Programming Time channels
44725,VESUVIO00044725_ICPdebug.txt,37,channel,2021-05-08T18:54:00 Setting 9729 time channels from 5.000000 to 39999.000000 us on card 0
44725,VESUVIO00044725_ICPdebug.txt,39,channel,2021-05-08T18:54:00 Setting 9729 time channels from 5.000000 to 39999.000000 us on card 1
44725,VESUVIO00044725_ICPdebug.txt,41,channel,2021-05-08T18:54:00 Setting 9729 time channels from 5.000000 to 39999.000000 us on card 2
