keywords,text
channel,2021-04-28T19:38:19 Programming Time channels
channel,2021-04-28T19:38:19 Setting 9729 time channels from 5.000000 to 39999.000000 us on card 0
channel,2021-04-28T19:38:19 Setting 9729 time channels from 5.000000 to 39999.000000 us on card 1
channel,2021-04-28T19:38:19 Setting 9729 time channels from 5.000000 to 39999.000000 us on card 2
channel,2021-04-28T20:05:20 Programming Time channels
channel,2021-04-28T20:05:20 Setting 9729 time channels from 5.000000 to 39999.000000 us on card 0
channel,2021-04-28T20:05:20 Setting 9729 time channels from 5.000000 to 39999.000000 us on card 1
channel,2021-04-28T20:05:20 Setting 9729 time channels from 5.000000 to 39999.000000 us on card 2
channel,2021-04-28T20:12:12 Programming Time channels
channel,2021-04-28T20:12:12 Setting 9729 time channels from 5.000000 to 39999.000000 us on card 0
channel,2021-04-28T20:12:12 Setting 9729 time channels from 5.000000 to 39999.000000 us on card 1
channel,2021-04-28T20:12:12 Setting 9729 time channels from 5.000000 to 39999.000000 us on card 2
channel,2021-04-28T20:16:51 Programming Time channels
channel,2021-04-28T20:16:51 Setting 9729 time channels from 5.000000 to 39999.000000 us on card 0
channel,2021-04-28T20:16:51 Setting 9729 time channels from 5.000000 to 39999.000000 us on card 1
channel,2021-04-28T20:16:51 Setting 9729 time channels from 5.000000 to 39999.000000 us on card 2
channel,2021-04-28T20:20:04 Programming Time channels
channel,2021-04-28T20:20:04 Setting 9729 time channels from 5.000000 to 39999.000000 us on card 0
channel,2021-04-28T20:20:04 Setting 9729 time channels from 5.000000 to 39999.000000 us on card 1
channel,2021-04-28T20:20:04 Setting 9729 time channels from 5.000000 to 39999.000000 us on card 2
channel,2021-04-28T21:25:16 Programming Time channels
channel,2021-04-28T21:25:16 Setting 9729 time channels from 5.000000 to 39999.000000 us on card 0
channel,2021-04-28T21:25:16 Setting 9729 time channels from 5.000000 to 39999.000000 us on card 1
channel,2021-04-28T21:25:16 Setting 9729 time channels from 5.000000 to 39999.000000 us on card 2
channel,2021-04-28T22:31:43 Programming Time channels
channel,2021-04-28T22:31:43 Setting 9729 time channels from 5.000000 to 39999.000000 us on card 0
channel,2021-04-28T22:31:43 Setting 9729 time channels from 5.000000 to 39999.000000 us on card 1
channel,2021-04-28T22:31:43 Setting 9729 time channels from 5.000000 to 39999.000000 us on card 2
channel,2021-04-28T22:34:31 Programming Time channels
channel,2021-04-28T22:34:31 Setting 9729 time channels from 5.000000 to 39999.000000 us on card 0
channel,2021-04-28T22:34:31 Setting 9729 time channels from 5.000000 to 39999.000000 us on card 1
channel,2021-04-28T22:34:31 Setting 9729 time channels from 5.000000 to 39999.000000 us on card 2
channel,2021-04-28T23:39:42 Programming Time channels
channel,2021-04-28T23:39:42 Setting 9729 time channels from 5.000000 to 39999.000000 us on card 0
channel,2021-04-28T23:39:42 Setting 9729 time channels from 5.000000 to 39999.000000 us on card 1
channel,2021-04-28T23:39:42 Setting 9729 time channels from 5.000000 to 39999.000000 us on card 2
channel,2021-04-29T00:47:00 Programming Time channels
channel,2021-04-29T00:47:00 Setting 9729 time channels from 5.000000 to 39999.000000 us on card 0
channel,2021-04-29T00:47:00 Setting 9729 time channels from 5.000000 to 39999.000000 us on card 1
channel,2021-04-29T00:47:00 Setting 9729 time channels from 5.000000 to 39999.000000 us on card 2
channel,2021-04-29T01:54:01 Programming Time channels
channel,2021-04-29T01:54:01 Setting 9729 time channels from 5.000000 to 39999.000000 us on card 0
channel,2021-04-29T01:54:01 Setting 9729 time channels from 5.000000 to 39999.000000 us on card 1
channel,2021-04-29T01:54:01 Setting 9729 time channels from 5.000000 to 39999.000000 us on card 2
channel,2021-04-29T06:02:25 Programming Time channels
channel,2021-04-29T06:02:25 Setting 9729 time channels from 5.000000 to 39999.000000 us on card 0
channel,2021-04-29T06:02:25 Setting 9729 time channels from 5.000000 to 39999.000000 us on card 1
channel,2021-04-29T06:02:25 Setting 9729 time channels from 5.000000 to 39999.000000 us on card 2
channel,2021-04-29T07:13:59 Programming Time channels
channel,2021-04-29T07:13:59 Setting 9729 time channels from 5.000000 to 39999.000000 us on card 0
channel,2021-04-29T07:13:59 Setting 9729 time channels from 5.000000 to 39999.000000 us on card 1
channel,2021-04-29T07:13:59 Setting 9729 time channels from 5.000000 to 39999.000000 us on card 2
channel,2021-04-29T08:20:49 Programming Time channels
channel,2021-04-29T08:20:49 Setting 9729 time channels from 5.000000 to 39999.000000 us on card 0
channel,2021-04-29T08:20:49 Setting 9729 time channels from 5.000000 to 39999.000000 us on card 1
channel,2021-04-29T08:20:49 Setting 9729 time channels from 5.000000 to 39999.000000 us on card 2
channel,2021-04-29T09:28:00 Programming Time channels
channel,2021-04-29T09:28:00 Setting 9729 time channels from 5.000000 to 39999.000000 us on card 0
channel,2021-04-29T09:28:01 Setting 9729 time channels from 5.000000 to 39999.000000 us on card 1
channel,2021-04-29T09:28:01 Setting 9729 time channels from 5.000000 to 39999.000000 us on card 2
channel,2021-05-08T16:01:22 Programming Time channels
channel,2021-05-08T16:01:22 Setting 9729 time channels from 5.000000 to 39999.000000 us on card 0
channel,2021-05-08T16:01:22 Setting 9729 time channels from 5.000000 to 39999.000000 us on card 1
channel,2021-05-08T16:01:22 Setting 9729 time channels from 5.000000 to 39999.000000 us on card 2
channel,2021-05-08T16:12:05 Programming Time channels
channel,2021-05-08T16:12:05 Setting 9729 time channels from 5.000000 to 39999.000000 us on card 0
channel,2021-05-08T16:12:05 Setting 9729 time channels from 5.000000 to 39999.000000 us on card 1
channel,2021-05-08T16:12:05 Setting 9729 time channels from 5.000000 to 39999.000000 us on card 2
channel,2021-05-08T16:22:49 Programming Time channels
channel,2021-05-08T16:22:49 Setting 9729 time channels from 5.000000 to 39999.000000 us on card 0
channel,2021-05-08T16:22:49 Setting 9729 time channels from 5.000000 to 39999.000000 us on card 1
channel,2021-05-08T16:22:49 Setting 9729 time channels from 5.000000 to 39999.000000 us on card 2
channel,2021-05-08T16:38:07 Programming Time channels
channel,2021-05-08T16:38:07 Setting 9729 time channels from 5.000000 to 39999.000000 us on card 0
channel,2021-05-08T16:38:07 Setting 9729 time channels from 5.000000 to 39999.000000 us on card 1
channel,2021-05-08T16:38:07 Setting 9729 time channels from 5.000000 to 39999.000000 us on card 2
channel,2021-05-08T16:48:50 Programming Time channels
channel,2021-05-08T16:48:50 Setting 9729 time channels from 5.000000 to 39999.000000 us on card 0
channel,2021-05-08T16:48:50 Setting 9729 time channels from 5.000000 to 39999.000000 us on card 1
channel,2021-05-08T16:48:50 Setting 9729 time channels from 5.000000 to 39999.000000 us on card 2
channel,2021-05-08T17:11:57 Programming Time channels
channel,2021-05-08T17:11:57 Setting 9729 time channels from 5.000000 to 39999.000000 us on card 0
channel,2021-05-08T17:11:57 Setting 9729 time channels from 5.000000 to 39999.000000 us on card 1
channel,2021-05-08T17:11:57 Setting 9729 time channels from 5.000000 to 39999.000000 us on card 2
channel,2021-05-08T17:22:41 Programming Time channels
channel,2021-05-08T17:22:41 Setting 9729 time channels from 5.000000 to 39999.000000 us on card 0
channel,2021-05-08T17:22:41 Setting 9729 time channels from 5.000000 to 39999.000000 us on card 1
channel,2021-05-08T17:22:41 Setting 9729 time channels from 5.000000 to 39999.000000 us on card 2
channel,2021-05-08T17:33:25 Programming Time channels
channel,2021-05-08T17:33:25 Setting 9729 time channels from 5.000000 to 39999.000000 us on card 0
channel,2021-05-08T17:33:25 Setting 9729 time channels from 5.000000 to 39999.000000 us on card 1
channel,2021-05-08T17:33:25 Setting 9729 time channels from 5.000000 to 39999.000000 us on card 2
channel,2021-05-08T17:44:09 Programming Time channels
channel,2021-05-08T17:44:09 Setting 9729 time channels from 5.000000 to 39999.000000 us on card 0
channel,2021-05-08T17:44:09 Setting 9729 time channels from 5.000000 to 39999.000000 us on card 1
channel,2021-05-08T17:44:09 Setting 9729 time channels from 5.000000 to 39999.000000 us on card 2
channel,2021-05-08T17:54:52 Programming Time channels
channel,2021-05-08T17:54:52 Setting 9729 time channels from 5.000000 to 39999.000000 us on card 0
channel,2021-05-08T17:54:52 Setting 9729 time channels from 5.000000 to 39999.000000 us on card 1
channel,2021-05-08T17:54:52 Setting 9729 time channels from 5.000000 to 39999.000000 us on card 2
channel,2021-05-08T18:09:09 Programming Time channels
channel,2021-05-08T18:09:09 Setting 9729 time channels from 5.000000 to 39999.000000 us on card 0
channel,2021-05-08T18:09:09 Setting 9729 time channels from 5.000000 to 39999.000000 us on card 1
channel,2021-05-08T18:09:09 Setting 9729 time channels from 5.000000 to 39999.000000 us on card 2
channel,2021-05-08T18:27:26 Programming Time channels
channel,2021-05-08T18:27:26 Setting 9729 time channels from 5.000000 to 39999.000000 us on card 0
channel,2021-05-08T18:27:26 Setting 9729 time channels from 5.000000 to 39999.000000 us on card 1
channel,2021-05-08T18:27:26 Setting 9729 time channels from 5.000000 to 39999.000000 us on card 2
channel,2021-05-08T18:38:11 Programming Time channels
channel,2021-05-08T18:38:11 Setting 9729 time channels from 5.000000 to 39999.000000 us on card 0
channel,2021-05-08T18:38:11 Setting 9729 time channels from 5.000000 to 39999.000000 us on card 1
channel,2021-05-08T18:38:11 Setting 9729 time channels from 5.000000 to 39999.000000 us on card 2
channel,2021-05-08T18:42:13 Programming Time channels
channel,2021-05-08T18:42:13 Setting 9729 time channels from 5.000000 to 39999.000000 us on card 0
channel,2021-05-08T18:42:13 Setting 9729 time channels from 5.000000 to 39999.000000 us on card 1
channel,2021-05-08T18:42:13 Setting 9729 time channels from 5.000000 to 39999.000000 us on card 2
channel,2021-05-08T18:43:16 Programming Time channels
channel,2021-05-08T18:43:16 Setting 9729 time channels from 5.000000 to 39999.000000 us on card 0
channel,2021-05-08T18:43:16 Setting 9729 time channels from 5.000000 to 39999.000000 us on card 1
channel,2021-05-08T18:43:16 Setting 9729 time channels from 5.000000 to 39999.000000 us on card 2
channel,2021-05-08T18:54:00 Programming Time channels
channel,2021-05-08T18:54:00 Setting 9729 time channels from 5.000000 to 39999.000000 us on card 0
channel,2021-05-08T18:54:00 Setting 9729 time channels from 5.000000 to 39999.000000 us on card 1
channel,2021-05-08T18:54:00 Setting 9729 time channels from 5.000000 to 39999.000000 us on card 2
channel,2021-05-08T19:04:43 Programming Time channels
channel,2021-05-08T19:04:43 Setting 9729 time channels from 5.000000 to 39999.000000 us on card 0
channel,2021-05-08T19:04:43 Setting 9729 time channels from 5.000000 to 39999.000000 us on card 1
channel,2021-05-08T19:04:43 Setting 9729 time channels from 5.000000 to 39999.000000 us on card 2
channel,2021-05-08T19:15:28 Programming Time channels
channel,2021-05-08T19:15:28 Setting 9729 time channels from 5.000000 to 39999.000000 us on card 0
channel,2021-05-08T19:15:28 Setting 9729 time channels from 5.000000 to 39999.000000 us on card 1
channel,2021-05-08T19:15:28 Setting 9729 time channels from 5.000000 to 39999.000000 us on card 2
channel,2021-05-08T19:26:11 Programming Time channels
channel,2021-05-08T19:26:11 Setting 9729 time channels from 5.000000 to 39999.000000 us on card 0
channel,2021-05-08T19:26:11 Setting 9729 time channels from 5.000000 to 39999.000000 us on card 1
channel,2021-05-08T19:26:11 Setting 9729 time channels from 5.000000 to 39999.000000 us on card 2
channel,2021-05-08T19:47:29 Programming Time channels
channel,2021-05-08T19:47:29 Setting 9729 time channels from 5.000000 to 39999.000000 us on card 0
channel,2021-05-08T19:47:29 Setting 9729 time channels from 5.000000 to 39999.000000 us on card 1
channel,2021-05-08T19:47:29 Setting 9729 time channels from 5.000000 to 39999.000000 us on card 2
channel,2021-05-08T20:52:04 Programming Time channels
channel,2021-05-08T20:52:04 Setting 9729 time channels from 5.000000 to 39999.000000 us on card 0
channel,2021-05-08T20:52:04 Setting 9729 time channels from 5.000000 to 39999.000000 us on card 1
channel,2021-05-08T20:52:04 Setting 9729 time channels from 5.000000 to 39999.000000 us on card 2
channel,2021-05-08T21:56:37 Programming Time channels
channel,2021-05-08T21:56:37 Setting 9729 time channels from 5.000000 to 39999.000000 us on card 0
channel,2021-05-08T21:56:37 Setting 9729 time channels from 5.000000 to 39999.000000 us on card 1
channel,2021-05-08T21:56:37 Setting 9729 time channels from 5.000000 to 39999.000000 us on card 2
channel,2021-05-08T23:19:09 Programming Time channels
channel,2021-05-08T23:19:09 Setting 9729 time channels from 5.000000 to 39999.000000 us on card 0
channel,2021-05-08T23:19:09 Setting 9729 time channels from 5.000000 to 39999.000000 us on card 1
channel,2021-05-08T23:19:09 Setting 9729 time channels from 5.000000 to 39999.000000 us on card 2
channel,2021-05-09T00:24:22 Programming Time channels
channel,2021-05-09T00:24:22 Setting 9729 time channels from 5.000000 to 39999.000000 us on card 0
channel,2021-05-09T00:24:22 Setting 9729 time channels from 5.000000 to 39999.000000 us on card 1
channel,2021-05-09T00:24:22 Setting 9729 time channels from 5.000000 to 39999.000000 us on card 2
channel,2021-05-09T01:29:03 Programming Time channels
channel,2021-05-09T01:29:03 Setting 9729 time channels from 5.000000 to 39999.000000 us on card 0
channel,2021-05-09T01:29:03 Setting 9729 time channels from 5.000000 to 39999.000000 us on card 1
channel,2021-05-09T01:29:03 Setting 9729 time channels from 5.000000 to 39999.000000 us on card 2
channel,2021-05-09T02:33:44 Programming Time channels
channel,2021-05-09T02:33:44 Setting 9729 time channels from 5.000000 to 39999.000000 us on card 0
channel,2021-05-09T02:33:44 Setting 9729 time channels from 5.000000 to 39999.000000 us on card 1
channel,2021-05-09T02:33:44 Setting 9729 time channels from 5.000000 to 39999.000000 us on card 2
channel,2021-05-09T03:38:26 Programming Time channels
channel,2021-05-09T03:38:26 Setting 9729 time channels from 5.000000 to 39999.000000 us on card 0
channel,2021-05-09T03:38:26 Setting 9729 time channels from 5.000000 to 39999.000000 us on card 1
channel,2021-05-09T03:38:26 Setting 9729 time channels from 5.000000 to 39999.000000 us on card 2
channel,2021-05-09T04:43:10 Programming Time channels
channel,2021-05-09T04:43:10 Setting 9729 time channels from 5.000000 to 39999.000000 us on card 0
channel,2021-05-09T04:43:10 Setting 9729 time channels from 5.000000 to 39999.000000 us on card 1
channel,2021-05-09T04:43:10 Setting 9729 time channels from 5.000000 to 39999.000000 us on card 2
channel,2021-05-09T05:47:53 Programming Time channels
channel,2021-05-09T05:47:53 Setting 9729 time channels from 5.000000 to 39999.000000 us on card 0
channel,2021-05-09T05:47:53 Setting 9729 time channels from 5.000000 to 39999.000000 us on card 1
channel,2021-05-09T05:47:53 Setting 9729 time channels from 5.000000 to 39999.000000 us on card 2
channel,2021-05-09T06:52:38 Programming Time channels
channel,2021-05-09T06:52:38 Setting 9729 time channels from 5.000000 to 39999.000000 us on card 0
channel,2021-05-09T06:52:38 Setting 9729 time channels from 5.000000 to 39999.000000 us on card 1
channel,2021-05-09T06:52:38 Setting 9729 time channels from 5.000000 to 39999.000000 us on card 2
channel,2021-05-09T07:57:23 Programming Time channels
channel,2021-05-09T07:57:23 Setting 9729 time channels from 5.000000 to 39999.000000 us on card 0
channel,2021-05-09T07:57:23 Setting 9729 time channels from 5.000000 to 39999.000000 us on card 1
channel,2021-05-09T07:57:23 Setting 9729 time channels from 5.000000 to 39999.000000 us on card 2
channel,2021-05-09T09:02:08 Programming Time channels
channel,2021-05-09T09:02:08 Setting 9729 time channels from 5.000000 to 39999.000000 us on card 0
channel,2021-05-09T09:02:08 Setting 9729 time channels from 5.000000 to 39999.000000 us on card 1
channel,2021-05-09T09:02:08 Setting 9729 time channels from 5.000000 to 39999.000000 us on card 2
channel,2021-05-09T10:06:50 Programming Time channels
channel,2021-05-09T10:06:50 Setting 9729 time channels from 5.000000 to 39999.000000 us on card 0
channel,2021-05-09T10:06:50 Setting 9729 time channels from 5.000000 to 39999.000000 us on card 1
channel,2021-05-09T10:06:50 Setting 9729 time channels from 5.000000 to 39999.000000 us on card 2
channel,2021-05-09T11:02:32 Programming Time channels
channel,2021-05-09T11:02:32 Setting 9729 time channels from 5.000000 to 39999.000000 us on card 0
channel,2021-05-09T11:02:32 Setting 9729 time channels from 5.000000 to 39999.000000 us on card 1
channel,2021-05-09T11:02:33 Setting 9729 time channels from 5.000000 to 39999.000000 us on card 2
channel,2021-05-09T11:10:45 Programming Time channels
channel,2021-05-09T11:10:45 Setting 9729 time channels from 5.000000 to 39999.000000 us on card 0
channel,2021-05-09T11:10:45 Setting 9729 time channels from 5.000000 to 39999.000000 us on card 1
channel,2021-05-09T11:10:45 Setting 9729 time channels from 5.000000 to 39999.000000 us on card 2
channel,2021-05-09T11:20:04 Programming Time channels
channel,2021-05-09T11:20:04 Setting 9729 time channels from 5.000000 to 39999.000000 us on card 0
channel,2021-05-09T11:20:04 Setting 9729 time channels from 5.000000 to 39999.000000 us on card 1
channel,2021-05-09T11:20:04 Setting 9729 time channels from 5.000000 to 39999.000000 us on card 2
channel,2021-05-09T11:28:16 Programming Time channels
channel,2021-05-09T11:28:16 Setting 9729 time channels from 5.000000 to 39999.000000 us on card 0
channel,2021-05-09T11:28:16 Setting 9729 time channels from 5.000000 to 39999.000000 us on card 1
channel,2021-05-09T11:28:16 Setting 9729 time channels from 5.000000 to 39999.000000 us on card 2
channel,2021-05-09T11:36:28 Programming Time channels
channel,2021-05-09T11:36:28 Setting 9729 time channels from 5.000000 to 39999.000000 us on card 0
channel,2021-05-09T11:36:28 Setting 9729 time channels from 5.000000 to 39999.000000 us on card 1
channel,2021-05-09T11:36:28 Setting 9729 time channels from 5.000000 to 39999.000000 us on card 2
channel,2021-05-09T11:44:40 Programming Time channels
channel,2021-05-09T11:44:40 Setting 9729 time channels from 5.000000 to 39999.000000 us on card 0
channel,2021-05-09T11:44:40 Setting 9729 time channels from 5.000000 to 39999.000000 us on card 1
channel,2021-05-09T11:44:40 Setting 9729 time channels from 5.000000 to 39999.000000 us on card 2
channel,2021-05-09T12:07:59 Programming Time channels
channel,2021-05-09T12:07:59 Setting 9729 time channels from 5.000000 to 39999.000000 us on card 0
channel,2021-05-09T12:07:59 Setting 9729 time channels from 5.000000 to 39999.000000 us on card 1
channel,2021-05-09T12:07:59 Setting 9729 time channels from 5.000000 to 39999.000000 us on card 2
channel,2021-05-09T12:16:11 Programming Time channels
channel,2021-05-09T12:16:11 Setting 9729 time channels from 5.000000 to 39999.000000 us on card 0
channel,2021-05-09T12:16:11 Setting 9729 time channels from 5.000000 to 39999.000000 us on card 1
channel,2021-05-09T12:16:11 Setting 9729 time channels from 5.000000 to 39999.000000 us on card 2
channel,2021-05-09T12:24:23 Programming Time channels
channel,2021-05-09T12:24:23 Setting 9729 time channels from 5.000000 to 39999.000000 us on card 0
channel,2021-05-09T12:24:23 Setting 9729 time channels from 5.000000 to 39999.000000 us on card 1
channel,2021-05-09T12:24:23 Setting 9729 time channels from 5.000000 to 39999.000000 us on card 2
channel,2021-05-09T12:32:34 Programming Time channels
channel,2021-05-09T12:32:34 Setting 9729 time channels from 5.000000 to 39999.000000 us on card 0
channel,2021-05-09T12:32:34 Setting 9729 time channels from 5.000000 to 39999.000000 us on card 1
channel,2021-05-09T12:32:34 Setting 9729 time channels from 5.000000 to 39999.000000 us on card 2
channel,2021-05-09T12:40:46 Programming Time channels
channel,2021-05-09T12:40:46 Setting 9729 time channels from 5.000000 to 39999.000000 us on card 0
channel,2021-05-09T12:40:46 Setting 9729 time channels from 5.000000 to 39999.000000 us on card 1
channel,2021-05-09T12:40:47 Setting 9729 time channels from 5.000000 to 39999.000000 us on card 2
channel,2021-05-09T12:48:58 Programming Time channels
channel,2021-05-09T12:48:58 Setting 9729 time channels from 5.000000 to 39999.000000 us on card 0
channel,2021-05-09T12:48:58 Setting 9729 time channels from 5.000000 to 39999.000000 us on card 1
channel,2021-05-09T12:48:58 Setting 9729 time channels from 5.000000 to 39999.000000 us on card 2
channel,2021-05-09T13:38:20 Programming Time channels
channel,2021-05-09T13:38:20 Setting 9729 time channels from 5.000000 to 39999.000000 us on card 0
channel,2021-05-09T13:38:20 Setting 9729 time channels from 5.000000 to 39999.000000 us on card 1
channel,2021-05-09T13:38:20 Setting 9729 time channels from 5.000000 to 39999.000000 us on card 2
channel,2021-05-09T13:46:31 Programming Time channels
channel,2021-05-09T13:46:31 Setting 9729 time channels from 5.000000 to 39999.000000 us on card 0
channel,2021-05-09T13:46:31 Setting 9729 time channels from 5.000000 to 39999.000000 us on card 1
channel,2021-05-09T13:46:31 Setting 9729 time channels from 5.000000 to 39999.000000 us on card 2
channel,2021-05-09T13:54:43 Programming Time channels
channel,2021-05-09T13:54:43 Setting 9729 time channels from 5.000000 to 39999.000000 us on card 0
channel,2021-05-09T13:54:43 Setting 9729 time channels from 5.000000 to 39999.000000 us on card 1
channel,2021-05-09T13:54:43 Setting 9729 time channels from 5.000000 to 39999.000000 us on card 2
channel,2021-05-09T14:02:55 Programming Time channels
channel,2021-05-09T14:02:55 Setting 9729 time channels from 5.000000 to 39999.000000 us on card 0
channel,2021-05-09T14:02:55 Setting 9729 time channels from 5.000000 to 39999.000000 us on card 1
channel,2021-05-09T14:02:55 Setting 9729 time channels from 5.000000 to 39999.000000 us on card 2
channel,2021-05-09T14:11:06 Programming Time channels
channel,2021-05-09T14:11:06 Setting 9729 time channels from 5.000000 to 39999.000000 us on card 0
channel,2021-05-09T14:11:06 Setting 9729 time channels from 5.000000 to 39999.000000 us on card 1
channel,2021-05-09T14:11:06 Setting 9729 time channels from 5.000000 to 39999.000000 us on card 2
channel,2021-05-09T14:20:01 Programming Time channels
channel,2021-05-09T14:20:01 Setting 9729 time channels from 5.000000 to 39999.000000 us on card 0
channel,2021-05-09T14:20:01 Setting 9729 time channels from 5.000000 to 39999.000000 us on card 1
channel,2021-05-09T14:20:01 Setting 9729 time channels from 5.000000 to 39999.000000 us on card 2
channel,2021-05-09T14:41:46 Programming Time channels
channel,2021-05-09T14:41:46 Setting 9729 time channels from 5.000000 to 39999.000000 us on card 0
channel,2021-05-09T14:41:46 Setting 9729 time channels from 5.000000 to 39999.000000 us on card 1
channel,2021-05-09T14:41:46 Setting 9729 time channels from 5.000000 to 39999.000000 us on card 2
channel,2021-05-09T17:24:43 Programming Time channels
channel,2021-05-09T17:24:43 Setting 9729 time channels from 5.000000 to 39999.000000 us on card 0
channel,2021-05-09T17:24:43 Setting 9729 time channels from 5.000000 to 39999.000000 us on card 1
channel,2021-05-09T17:24:43 Setting 9729 time channels from 5.000000 to 39999.000000 us on card 2
channel,2021-05-09T18:27:49 Programming Time channels
channel,2021-05-09T18:27:49 Setting 9729 time channels from 5.000000 to 39999.000000 us on card 0
channel,2021-05-09T18:27:49 Setting 9729 time channels from 5.000000 to 39999.000000 us on card 1
channel,2021-05-09T18:27:49 Setting 9729 time channels from 5.000000 to 39999.000000 us on card 2
channel,2021-05-09T19:32:32 Programming Time channels
channel,2021-05-09T19:32:32 Setting 9729 time channels from 5.000000 to 39999.000000 us on card 0
channel,2021-05-09T19:32:32 Setting 9729 time channels from 5.000000 to 39999.000000 us on card 1
channel,2021-05-09T19:32:32 Setting 9729 time channels from 5.000000 to 39999.000000 us on card 2
channel,2021-05-09T20:37:17 Programming Time channels
channel,2021-05-09T20:37:17 Setting 9729 time channels from 5.000000 to 39999.000000 us on card 0
channel,2021-05-09T20:37:17 Setting 9729 time channels from 5.000000 to 39999.000000 us on card 1
channel,2021-05-09T20:37:17 Setting 9729 time channels from 5.000000 to 39999.000000 us on card 2
channel,2021-05-09T20:43:17 Programming Time channels
channel,2021-05-09T20:43:17 Setting 9729 time channels from 5.000000 to 39999.000000 us on card 0
channel,2021-05-09T20:43:17 Setting 9729 time channels from 5.000000 to 39999.000000 us on card 1
channel,2021-05-09T20:43:17 Setting 9729 time channels from 5.000000 to 39999.000000 us on card 2
channel,2021-05-09T21:48:01 Programming Time channels
channel,2021-05-09T21:48:01 Setting 9729 time channels from 5.000000 to 39999.000000 us on card 0
channel,2021-05-09T21:48:01 Setting 9729 time channels from 5.000000 to 39999.000000 us on card 1
channel,2021-05-09T21:48:01 Setting 9729 time channels from 5.000000 to 39999.000000 us on card 2
channel,2021-05-09T22:52:47 Programming Time channels
channel,2021-05-09T22:52:47 Setting 9729 time channels from 5.000000 to 39999.000000 us on card 0
channel,2021-05-09T22:52:47 Setting 9729 time channels from 5.000000 to 39999.000000 us on card 1
channel,2021-05-09T22:52:47 Setting 9729 time channels from 5.000000 to 39999.000000 us on card 2
channel,2021-05-09T23:57:58 Programming Time channels
channel,2021-05-09T23:57:58 Setting 9729 time channels from 5.000000 to 39999.000000 us on card 0
channel,2021-05-09T23:57:58 Setting 9729 time channels from 5.000000 to 39999.000000 us on card 1
channel,2021-05-09T23:57:58 Setting 9729 time channels from 5.000000 to 39999.000000 us on card 2
channel,2021-05-10T01:02:47 Programming Time channels
channel,2021-05-10T01:02:47 Setting 9729 time channels from 5.000000 to 39999.000000 us on card 0
channel,2021-05-10T01:02:47 Setting 9729 time channels from 5.000000 to 39999.000000 us on card 1
channel,2021-05-10T01:02:47 Setting 9729 time channels from 5.000000 to 39999.000000 us on card 2
channel,2021-05-10T02:07:34 Programming Time channels
channel,2021-05-10T02:07:34 Setting 9729 time channels from 5.000000 to 39999.000000 us on card 0
channel,2021-05-10T02:07:34 Setting 9729 time channels from 5.000000 to 39999.000000 us on card 1
channel,2021-05-10T02:07:34 Setting 9729 time channels from 5.000000 to 39999.000000 us on card 2
channel,2021-05-10T03:12:22 Programming Time channels
channel,2021-05-10T03:12:22 Setting 9729 time channels from 5.000000 to 39999.000000 us on card 0
channel,2021-05-10T03:12:22 Setting 9729 time channels from 5.000000 to 39999.000000 us on card 1
channel,2021-05-10T03:12:22 Setting 9729 time channels from 5.000000 to 39999.000000 us on card 2
channel,2021-05-10T04:17:08 Programming Time channels
channel,2021-05-10T04:17:08 Setting 9729 time channels from 5.000000 to 39999.000000 us on card 0
channel,2021-05-10T04:17:08 Setting 9729 time channels from 5.000000 to 39999.000000 us on card 1
channel,2021-05-10T04:17:08 Setting 9729 time channels from 5.000000 to 39999.000000 us on card 2
channel,2021-05-10T05:22:13 Programming Time channels
channel,2021-05-10T05:22:13 Setting 9729 time channels from 5.000000 to 39999.000000 us on card 0
channel,2021-05-10T05:22:13 Setting 9729 time channels from 5.000000 to 39999.000000 us on card 1
channel,2021-05-10T05:22:13 Setting 9729 time channels from 5.000000 to 39999.000000 us on card 2
channel,2021-05-10T06:27:00 Programming Time channels
channel,2021-05-10T06:27:00 Setting 9729 time channels from 5.000000 to 39999.000000 us on card 0
channel,2021-05-10T06:27:00 Setting 9729 time channels from 5.000000 to 39999.000000 us on card 1
channel,2021-05-10T06:27:00 Setting 9729 time channels from 5.000000 to 39999.000000 us on card 2
channel,2021-05-10T07:31:48 Programming Time channels
channel,2021-05-10T07:31:48 Setting 9729 time channels from 5.000000 to 39999.000000 us on card 0
channel,2021-05-10T07:31:48 Setting 9729 time channels from 5.000000 to 39999.000000 us on card 1
channel,2021-05-10T07:31:48 Setting 9729 time channels from 5.000000 to 39999.000000 us on card 2
channel,2021-05-10T08:35:49 Programming Time channels
channel,2021-05-10T08:35:49 Setting 9729 time channels from 5.000000 to 39999.000000 us on card 0
channel,2021-05-10T08:35:49 Setting 9729 time channels from 5.000000 to 39999.000000 us on card 1
channel,2021-05-10T08:35:49 Setting 9729 time channels from 5.000000 to 39999.000000 us on card 2
channel,2021-05-10T09:36:40 Programming Time channels
channel,2021-05-10T09:36:40 Setting 9729 time channels from 5.000000 to 39999.000000 us on card 0
channel,2021-05-10T09:36:40 Setting 9729 time channels from 5.000000 to 39999.000000 us on card 1
channel,2021-05-10T09:36:40 Setting 9729 time channels from 5.000000 to 39999.000000 us on card 2
channel,2021-05-10T10:22:25 Programming Time channels
channel,2021-05-10T10:22:25 Setting 9729 time channels from 5.000000 to 39999.000000 us on card 0
channel,2021-05-10T10:22:25 Setting 9729 time channels from 5.000000 to 39999.000000 us on card 1
channel,2021-05-10T10:22:25 Setting 9729 time channels from 5.000000 to 39999.000000 us on card 2
channel,2021-05-10T11:23:19 Programming Time channels
channel,2021-05-10T11:23:19 Setting 9729 time channels from 5.000000 to 39999.000000 us on card 0
channel,2021-05-10T11:23:19 Setting 9729 time channels from 5.000000 to 39999.000000 us on card 1
channel,2021-05-10T11:23:19 Setting 9729 time channels from 5.000000 to 39999.000000 us on card 2
channel,2021-05-10T12:24:13 Programming Time channels
channel,2021-05-10T12:24:13 Setting 9729 time channels from 5.000000 to 39999.000000 us on card 0
channel,2021-05-10T12:24:13 Setting 9729 time channels from 5.000000 to 39999.000000 us on card 1
channel,2021-05-10T12:24:13 Setting 9729 time channels from 5.000000 to 39999.000000 us on card 2
channel,2021-05-10T12:50:08 Programming Time channels
channel,2021-05-10T12:50:08 Setting 9729 time channels from 5.000000 to 39999.000000 us on card 0
channel,2021-05-10T12:50:08 Setting 9729 time channels from 5.000000 to 39999.000000 us on card 1
channel,2021-05-10T12:50:08 Setting 9729 time channels from 5.000000 to 39999.000000 us on card 2
channel,2021-05-10T12:57:54 Programming Time channels
channel,2021-05-10T12:57:54 Setting 9729 time channels from 5.000000 to 39999.000000 us on card 0
channel,2021-05-10T12:57:54 Setting 9729 time channels from 5.000000 to 39999.000000 us on card 1
channel,2021-05-10T12:57:54 Setting 9729 time channels from 5.000000 to 39999.000000 us on card 2
channel,2021-05-10T13:05:40 Programming Time channels
channel,2021-05-10T13:05:40 Setting 9729 time channels from 5.000000 to 39999.000000 us on card 0
channel,2021-05-10T13:05:40 Setting 9729 time channels from 5.000000 to 39999.000000 us on card 1
channel,2021-05-10T13:05:40 Setting 9729 time channels from 5.000000 to 39999.000000 us on card 2
channel,2021-05-10T13:13:27 Programming Time channels
channel,2021-05-10T13:13:27 Setting 9729 time channels from 5.000000 to 39999.000000 us on card 0
channel,2021-05-10T13:13:27 Setting 9729 time channels from 5.000000 to 39999.000000 us on card 1
channel,2021-05-10T13:13:27 Setting 9729 time channels from 5.000000 to 39999.000000 us on card 2
channel,2021-05-10T13:28:57 Programming Time channels
channel,2021-05-10T13:28:57 Setting 9729 time channels from 5.000000 to 39999.000000 us on card 0
channel,2021-05-10T13:28:57 Setting 9729 time channels from 5.000000 to 39999.000000 us on card 1
channel,2021-05-10T13:28:57 Setting 9729 time channels from 5.000000 to 39999.000000 us on card 2
channel,2021-05-10T13:36:43 Programming Time channels
channel,2021-05-10T13:36:43 Setting 9729 time channels from 5.000000 to 39999.000000 us on card 0
channel,2021-05-10T13:36:43 Setting 9729 time channels from 5.000000 to 39999.000000 us on card 1
channel,2021-05-10T13:36:43 Setting 9729 time channels from 5.000000 to 39999.000000 us on card 2
channel,2021-05-10T14:04:50 Programming Time channels
channel,2021-05-10T14:04:50 Setting 9729 time channels from 5.000000 to 39999.000000 us on card 0
channel,2021-05-10T14:04:50 Setting 9729 time channels from 5.000000 to 39999.000000 us on card 1
channel,2021-05-10T14:04:50 Setting 9729 time channels from 5.000000 to 39999.000000 us on card 2
channel,2021-05-10T14:12:36 Programming Time channels
channel,2021-05-10T14:12:36 Setting 9729 time channels from 5.000000 to 39999.000000 us on card 0
channel,2021-05-10T14:12:36 Setting 9729 time channels from 5.000000 to 39999.000000 us on card 1
channel,2021-05-10T14:12:36 Setting 9729 time channels from 5.000000 to 39999.000000 us on card 2
channel,2021-05-10T14:25:39 Programming Time channels
channel,2021-05-10T14:25:39 Setting 9729 time channels from 5.000000 to 39999.000000 us on card 0
channel,2021-05-10T14:25:39 Setting 9729 time channels from 5.000000 to 39999.000000 us on card 1
channel,2021-05-10T14:25:39 Setting 9729 time channels from 5.000000 to 39999.000000 us on card 2
channel,2021-05-10T14:33:25 Programming Time channels
channel,2021-05-10T14:33:25 Setting 9729 time channels from 5.000000 to 39999.000000 us on card 0
channel,2021-05-10T14:33:25 Setting 9729 time channels from 5.000000 to 39999.000000 us on card 1
channel,2021-05-10T14:33:25 Setting 9729 time channels from 5.000000 to 39999.000000 us on card 2
channel,2021-05-10T14:41:12 Programming Time channels
channel,2021-05-10T14:41:12 Setting 9729 time channels from 5.000000 to 39999.000000 us on card 0
channel,2021-05-10T14:41:12 Setting 9729 time channels from 5.000000 to 39999.000000 us on card 1
channel,2021-05-10T14:41:12 Setting 9729 time channels from 5.000000 to 39999.000000 us on card 2
channel,2021-05-10T14:48:58 Programming Time channels
channel,2021-05-10T14:48:58 Setting 9729 time channels from 5.000000 to 39999.000000 us on card 0
channel,2021-05-10T14:48:58 Setting 9729 time channels from 5.000000 to 39999.000000 us on card 1
channel,2021-05-10T14:48:59 Setting 9729 time channels from 5.000000 to 39999.000000 us on card 2
channel,2021-05-10T16:24:09 Programming Time channels
channel,2021-05-10T16:24:09 Setting 9729 time channels from 5.000000 to 39999.000000 us on card 0
channel,2021-05-10T16:24:09 Setting 9729 time channels from 5.000000 to 39999.000000 us on card 1
channel,2021-05-10T16:24:09 Setting 9729 time channels from 5.000000 to 39999.000000 us on card 2
channel,2021-05-10T17:40:35 Programming Time channels
channel,2021-05-10T17:40:35 Setting 9729 time channels from 5.000000 to 39999.000000 us on card 0
channel,2021-05-10T17:40:35 Setting 9729 time channels from 5.000000 to 39999.000000 us on card 1
channel,2021-05-10T17:40:35 Setting 9729 time channels from 5.000000 to 39999.000000 us on card 2
channel,2021-05-10T18:40:29 Programming Time channels
channel,2021-05-10T18:40:29 Setting 9729 time channels from 5.000000 to 39999.000000 us on card 0
channel,2021-05-10T18:40:29 Setting 9729 time channels from 5.000000 to 39999.000000 us on card 1
channel,2021-05-10T18:40:29 Setting 9729 time channels from 5.000000 to 39999.000000 us on card 2
channel,2021-05-10T19:40:22 Programming Time channels
channel,2021-05-10T19:40:22 Setting 9729 time channels from 5.000000 to 39999.000000 us on card 0
channel,2021-05-10T19:40:22 Setting 9729 time channels from 5.000000 to 39999.000000 us on card 1
channel,2021-05-10T19:40:22 Setting 9729 time channels from 5.000000 to 39999.000000 us on card 2
channel,2021-05-10T20:40:17 Programming Time channels
channel,2021-05-10T20:40:17 Setting 9729 time channels from 5.000000 to 39999.000000 us on card 0
channel,2021-05-10T20:40:17 Setting 9729 time channels from 5.000000 to 39999.000000 us on card 1
channel,2021-05-10T20:40:17 Setting 9729 time channels from 5.000000 to 39999.000000 us on card 2
channel,2021-05-10T21:40:11 Programming Time channels
channel,2021-05-10T21:40:11 Setting 9729 time channels from 5.000000 to 39999.000000 us on card 0
channel,2021-05-10T21:40:11 Setting 9729 time channels from 5.000000 to 39999.000000 us on card 1
channel,2021-05-10T21:40:11 Setting 9729 time channels from 5.000000 to 39999.000000 us on card 2
channel,2021-05-10T22:40:02 Programming Time channels
channel,2021-05-10T22:40:02 Setting 9729 time channels from 5.000000 to 39999.000000 us on card 0
channel,2021-05-10T22:40:02 Setting 9729 time channels from 5.000000 to 39999.000000 us on card 1
channel,2021-05-10T22:40:02 Setting 9729 time channels from 5.000000 to 39999.000000 us on card 2
channel,2021-05-11T09:53:39 Programming Time channels
channel,2021-05-11T09:53:39 Setting 9729 time channels from 5.000000 to 39999.000000 us on card 0
channel,2021-05-11T09:53:39 Setting 9729 time channels from 5.000000 to 39999.000000 us on card 1
channel,2021-05-11T09:53:39 Setting 9729 time channels from 5.000000 to 39999.000000 us on card 2
channel,2021-05-25T10:11:31 Programming Time channels
channel,2021-05-25T10:11:31 Setting 9729 time channels from 5.000000 to 39999.000000 us on card 0
channel,2021-05-25T10:11:31 Setting 9729 time channels from 5.000000 to 39999.000000 us on card 1
channel,2021-05-25T10:11:31 Setting 9729 time channels from 5.000000 to 39999.000000 us on card 2
channel,2021-05-25T11:02:01 Programming Time channels
channel,2021-05-25T11:02:01 Setting 9729 time channels from 5.000000 to 39999.000000 us on card 0
channel,2021-05-25T11:02:01 Setting 9729 time channels from 5.000000 to 39999.000000 us on card 1
channel,2021-05-25T11:02:01 Setting 9729 time channels from 5.000000 to 39999.000000 us on card 2
channel,2021-05-25T11:33:57 Programming Time channels
channel,2021-05-25T11:33:57 Setting 9729 time channels from 5.000000 to 39999.000000 us on card 0
channel,2021-05-25T11:33:57 Setting 9729 time channels from 5.000000 to 39999.000000 us on card 1
channel,2021-05-25T11:33:57 Setting 9729 time channels from 5.000000 to 39999.000000 us on card 2
channel,2021-05-25T12:19:21 Programming Time channels
channel,2021-05-25T12:19:21 Setting 9729 time channels from 5.000000 to 39999.000000 us on card 0
channel,2021-05-25T12:19:21 Setting 9729 time channels from 5.000000 to 39999.000000 us on card 1
channel,2021-05-25T12:19:21 Setting 9729 time channels from 5.000000 to 39999.000000 us on card 2
channel,2021-05-25T12:52:33 Programming Time channels
channel,2021-05-25T12:52:33 Setting 9729 time channels from 5.000000 to 39999.000000 us on card 0
channel,2021-05-25T12:52:33 Setting 9729 time channels from 5.000000 to 39999.000000 us on card 1
channel,2021-05-25T12:52:33 Setting 9729 time channels from 5.000000 to 39999.000000 us on card 2
channel,2021-05-25T13:25:43 Programming Time channels
channel,2021-05-25T13:25:43 Setting 9729 time channels from 5.000000 to 39999.000000 us on card 0
channel,2021-05-25T13:25:43 Setting 9729 time channels from 5.000000 to 39999.000000 us on card 1
channel,2021-05-25T13:25:43 Setting 9729 time channels from 5.000000 to 39999.000000 us on card 2
channel,2021-05-25T13:41:02 Programming Time channels
channel,2021-05-25T13:41:02 Setting 9729 time channels from 5.000000 to 39999.000000 us on card 0
channel,2021-05-25T13:41:02 Setting 9729 time channels from 5.000000 to 39999.000000 us on card 1
channel,2021-05-25T13:41:02 Setting 9729 time channels from 5.000000 to 39999.000000 us on card 2
channel,2021-05-25T14:12:56 Programming Time channels
channel,2021-05-25T14:12:56 Setting 9729 time channels from 5.000000 to 39999.000000 us on card 0
channel,2021-05-25T14:12:56 Setting 9729 time channels from 5.000000 to 39999.000000 us on card 1
channel,2021-05-25T14:12:56 Setting 9729 time channels from 5.000000 to 39999.000000 us on card 2
"channel,area",2021-05-10T15:55:31 Qxtrm_channel::RDMARead failed rdma1 address 0x0 nbytes 128(Quixtream: The timeout period on this channel expired before the transfer commenced. Channel status: Transfer failed. Data packet not received before timeout. )
"channel,area",2021-05-10T15:56:06 Qxtrm_channel::RDMARead failed rdma1 address 0x0 nbytes 128(Quixtream: The timeout period on this channel expired before the transfer commenced. Channel status: Transfer failed. Data packet not received before timeout. )
"channel,area",2021-05-10T15:56:40 Qxtrm_channel::RDMARead failed rdma1 address 0x0 nbytes 128(Quixtream: The timeout period on this channel expired before the transfer commenced. Channel status: Transfer failed. Data packet not received before timeout. )
"channel,area",2021-05-10T15:57:15 Qxtrm_channel::RDMARead failed rdma1 address 0x0 nbytes 128(Quixtream: The timeout period on this channel expired before the transfer commenced. Channel status: Transfer failed. Data packet not received before timeout. )
"channel,area",2021-05-10T15:57:50 Qxtrm_channel::RDMARead failed rdma1 address 0x0 nbytes 128(Quixtream: The timeout period on this channel expired before the transfer commenced. Channel status: Transfer failed. Data packet not received before timeout. )
"channel,area",2021-05-10T16:05:24 Qxtrm_channel::RDMARead failed rdma2 address 0x4 nbytes 4(Quixtream: The timeout period on this channel expired before the transfer commenced. Channel status: Transfer failed. Data packet not received before timeout. )
"channel,area",2021-05-10T16:06:02 Qxtrm_channel::RDMARead failed rdma2 address 0x4 nbytes 4(Quixtream: The timeout period on this channel expired before the transfer commenced. Channel status: Transfer failed. Data packet not received before timeout. )
"channel,area",2021-05-10T16:06:41 Qxtrm_channel::RDMARead failed rdma2 address 0x4 nbytes 4(Quixtream: The timeout period on this channel expired before the transfer commenced. Channel status: Transfer failed. Data packet not received before timeout. )
"channel,area",2021-05-10T16:07:22 Qxtrm_channel::RDMARead failed rdma1 address 0x0 nbytes 128(Quixtream: The timeout period on this channel expired before the transfer commenced. Channel status: Transfer failed. Data packet not received before timeout. )
"channel,area",2021-05-10T16:07:56 Qxtrm_channel::RDMARead failed rdma1 address 0x0 nbytes 128(Quixtream: The timeout period on this channel expired before the transfer commenced. Channel status: Transfer failed. Data packet not received before timeout. )
"channel,area",2021-05-10T16:08:31 Qxtrm_channel::RDMARead failed rdma1 address 0x0 nbytes 128(Quixtream: The timeout period on this channel expired before the transfer commenced. Channel status: Transfer failed. Data packet not received before timeout. )
"channel,area",2021-05-10T16:09:06 Qxtrm_channel::RDMARead failed rdma1 address 0x0 nbytes 128(Quixtream: The timeout period on this channel expired before the transfer commenced. Channel status: Transfer failed. Data packet not received before timeout. )
"channel,area",2021-05-10T16:09:41 Qxtrm_channel::RDMARead failed rdma1 address 0x0 nbytes 128(Quixtream: The timeout period on this channel expired before the transfer commenced. Channel status: Transfer failed. Data packet not received before timeout. )
detector,"2021-04-28T19:38:17 Highest dae, detector card, crate number used = 0, 2, 2"
detector,"2021-04-28T20:05:18 Highest dae, detector card, crate number used = 0, 2, 2"
detector,"2021-04-28T20:12:09 Highest dae, detector card, crate number used = 0, 2, 2"
detector,"2021-04-28T20:16:49 Highest dae, detector card, crate number used = 0, 2, 2"
detector,"2021-04-28T20:20:02 Highest dae, detector card, crate number used = 0, 2, 2"
detector,"2021-04-28T21:25:14 Highest dae, detector card, crate number used = 0, 2, 2"
detector,"2021-04-28T22:31:41 Highest dae, detector card, crate number used = 0, 2, 2"
detector,"2021-04-28T22:34:29 Highest dae, detector card, crate number used = 0, 2, 2"
detector,"2021-04-28T23:39:40 Highest dae, detector card, crate number used = 0, 2, 2"
detector,"2021-04-29T00:46:58 Highest dae, detector card, crate number used = 0, 2, 2"
detector,"2021-04-29T01:53:59 Highest dae, detector card, crate number used = 0, 2, 2"
detector,"2021-04-29T06:02:23 Highest dae, detector card, crate number used = 0, 2, 2"
detector,"2021-04-29T07:13:57 Highest dae, detector card, crate number used = 0, 2, 2"
detector,"2021-04-29T08:20:46 Highest dae, detector card, crate number used = 0, 2, 2"
detector,"2021-04-29T09:27:58 Highest dae, detector card, crate number used = 0, 2, 2"
detector,"2021-05-08T16:00:04 Detector table ""C:/Instrument/Settings/config/NDXVESUVIO/configurations/tables/detector_dae3_00.dat"" is unchanged - reload skipped"
detector,"2021-05-08T16:00:10 Detector table ""C:/Instrument/Settings/config/NDXVESUVIO/configurations/tables/detector_dae3_00.dat"" is unchanged - reload skipped"
detector,"2021-05-08T16:01:20 Highest dae, detector card, crate number used = 0, 2, 2"
detector,"2021-05-08T16:12:03 Highest dae, detector card, crate number used = 0, 2, 2"
detector,"2021-05-08T16:22:47 Highest dae, detector card, crate number used = 0, 2, 2"
detector,"2021-05-08T16:38:04 Highest dae, detector card, crate number used = 0, 2, 2"
detector,"2021-05-08T16:48:48 Highest dae, detector card, crate number used = 0, 2, 2"
detector,"2021-05-08T17:11:55 Highest dae, detector card, crate number used = 0, 2, 2"
detector,"2021-05-08T17:22:39 Highest dae, detector card, crate number used = 0, 2, 2"
detector,"2021-05-08T17:33:23 Highest dae, detector card, crate number used = 0, 2, 2"
detector,"2021-05-08T17:44:06 Highest dae, detector card, crate number used = 0, 2, 2"
detector,"2021-05-08T17:54:50 Highest dae, detector card, crate number used = 0, 2, 2"
detector,"2021-05-08T18:09:06 Highest dae, detector card, crate number used = 0, 2, 2"
detector,"2021-05-08T18:27:24 Highest dae, detector card, crate number used = 0, 2, 2"
detector,"2021-05-08T18:38:09 Highest dae, detector card, crate number used = 0, 2, 2"
detector,"2021-05-08T18:42:11 Highest dae, detector card, crate number used = 0, 2, 2"
detector,"2021-05-08T18:43:14 Highest dae, detector card, crate number used = 0, 2, 2"
detector,"2021-05-08T18:53:57 Highest dae, detector card, crate number used = 0, 2, 2"
detector,"2021-05-08T19:04:41 Highest dae, detector card, crate number used = 0, 2, 2"
detector,"2021-05-08T19:15:26 Highest dae, detector card, crate number used = 0, 2, 2"
detector,"2021-05-08T19:26:09 Highest dae, detector card, crate number used = 0, 2, 2"
detector,"2021-05-08T19:47:27 Highest dae, detector card, crate number used = 0, 2, 2"
detector,"2021-05-08T20:51:03 Highest dae, detector card, crate number used = 0, 2, 2"
detector,"2021-05-08T21:55:36 Highest dae, detector card, crate number used = 0, 2, 2"
detector,"2021-05-08T23:18:09 Highest dae, detector card, crate number used = 0, 2, 2"
detector,"2021-05-09T00:23:22 Highest dae, detector card, crate number used = 0, 2, 2"
detector,"2021-05-09T01:28:02 Highest dae, detector card, crate number used = 0, 2, 2"
detector,"2021-05-09T02:32:44 Highest dae, detector card, crate number used = 0, 2, 2"
detector,"2021-05-09T03:37:26 Highest dae, detector card, crate number used = 0, 2, 2"
detector,"2021-05-09T04:42:09 Highest dae, detector card, crate number used = 0, 2, 2"
detector,"2021-05-09T05:46:52 Highest dae, detector card, crate number used = 0, 2, 2"
detector,"2021-05-09T06:51:38 Highest dae, detector card, crate number used = 0, 2, 2"
detector,"2021-05-09T07:56:23 Highest dae, detector card, crate number used = 0, 2, 2"
detector,"2021-05-09T09:01:08 Highest dae, detector card, crate number used = 0, 2, 2"
detector,"2021-05-09T10:05:50 Highest dae, detector card, crate number used = 0, 2, 2"
detector,"2021-05-09T11:01:32 Highest dae, detector card, crate number used = 0, 2, 2"
detector,"2021-05-09T11:09:44 Highest dae, detector card, crate number used = 0, 2, 2"
detector,"2021-05-09T11:19:03 Highest dae, detector card, crate number used = 0, 2, 2"
detector,"2021-05-09T11:27:15 Highest dae, detector card, crate number used = 0, 2, 2"
detector,"2021-05-09T11:35:27 Highest dae, detector card, crate number used = 0, 2, 2"
detector,"2021-05-09T11:43:39 Highest dae, detector card, crate number used = 0, 2, 2"
detector,"2021-05-09T12:06:58 Highest dae, detector card, crate number used = 0, 2, 2"
detector,"2021-05-09T12:15:10 Highest dae, detector card, crate number used = 0, 2, 2"
detector,"2021-05-09T12:23:22 Highest dae, detector card, crate number used = 0, 2, 2"
detector,"2021-05-09T12:31:34 Highest dae, detector card, crate number used = 0, 2, 2"
detector,"2021-05-09T12:39:46 Highest dae, detector card, crate number used = 0, 2, 2"
detector,"2021-05-09T12:47:58 Highest dae, detector card, crate number used = 0, 2, 2"
detector,"2021-05-09T13:37:19 Highest dae, detector card, crate number used = 0, 2, 2"
detector,"2021-05-09T13:45:31 Highest dae, detector card, crate number used = 0, 2, 2"
detector,"2021-05-09T13:53:43 Highest dae, detector card, crate number used = 0, 2, 2"
detector,"2021-05-09T14:01:54 Highest dae, detector card, crate number used = 0, 2, 2"
detector,"2021-05-09T14:10:06 Highest dae, detector card, crate number used = 0, 2, 2"
detector,"2021-05-09T14:19:00 Highest dae, detector card, crate number used = 0, 2, 2"
detector,"2021-05-09T14:40:46 Highest dae, detector card, crate number used = 0, 2, 2"
detector,"2021-05-09T17:23:42 Highest dae, detector card, crate number used = 0, 2, 2"
detector,"2021-05-09T18:26:48 Highest dae, detector card, crate number used = 0, 2, 2"
detector,"2021-05-09T19:31:32 Highest dae, detector card, crate number used = 0, 2, 2"
detector,"2021-05-09T20:36:16 Highest dae, detector card, crate number used = 0, 2, 2"
detector,"2021-05-09T20:42:17 Highest dae, detector card, crate number used = 0, 2, 2"
detector,"2021-05-09T21:47:01 Highest dae, detector card, crate number used = 0, 2, 2"
detector,"2021-05-09T22:51:47 Highest dae, detector card, crate number used = 0, 2, 2"
detector,"2021-05-09T23:56:58 Highest dae, detector card, crate number used = 0, 2, 2"
detector,"2021-05-10T01:01:47 Highest dae, detector card, crate number used = 0, 2, 2"
detector,"2021-05-10T02:06:33 Highest dae, detector card, crate number used = 0, 2, 2"
detector,"2021-05-10T03:11:21 Highest dae, detector card, crate number used = 0, 2, 2"
detector,"2021-05-10T04:16:08 Highest dae, detector card, crate number used = 0, 2, 2"
detector,"2021-05-10T05:21:13 Highest dae, detector card, crate number used = 0, 2, 2"
detector,"2021-05-10T06:26:00 Highest dae, detector card, crate number used = 0, 2, 2"
detector,"2021-05-10T07:30:47 Highest dae, detector card, crate number used = 0, 2, 2"
detector,"2021-05-10T08:34:48 Highest dae, detector card, crate number used = 0, 2, 2"
detector,"2021-05-10T09:35:39 Highest dae, detector card, crate number used = 0, 2, 2"
detector,"2021-05-10T10:21:25 Highest dae, detector card, crate number used = 0, 2, 2"
detector,"2021-05-10T11:22:18 Highest dae, detector card, crate number used = 0, 2, 2"
detector,"2021-05-10T12:23:12 Highest dae, detector card, crate number used = 0, 2, 2"
detector,"2021-05-10T12:49:07 Highest dae, detector card, crate number used = 0, 2, 2"
detector,"2021-05-10T12:56:54 Highest dae, detector card, crate number used = 0, 2, 2"
detector,"2021-05-10T13:04:40 Highest dae, detector card, crate number used = 0, 2, 2"
detector,"2021-05-10T13:12:26 Highest dae, detector card, crate number used = 0, 2, 2"
detector,"2021-05-10T13:27:57 Highest dae, detector card, crate number used = 0, 2, 2"
detector,"2021-05-10T13:35:43 Highest dae, detector card, crate number used = 0, 2, 2"
detector,"2021-05-10T14:03:49 Highest dae, detector card, crate number used = 0, 2, 2"
detector,"2021-05-10T14:11:35 Highest dae, detector card, crate number used = 0, 2, 2"
detector,"2021-05-10T14:24:39 Highest dae, detector card, crate number used = 0, 2, 2"
detector,"2021-05-10T14:32:25 Highest dae, detector card, crate number used = 0, 2, 2"
detector,"2021-05-10T14:40:11 Highest dae, detector card, crate number used = 0, 2, 2"
detector,"2021-05-10T14:47:58 Highest dae, detector card, crate number used = 0, 2, 2"
detector,"2021-05-10T16:24:06 Highest dae, detector card, crate number used = 0, 2, 2"
detector,"2021-05-10T17:40:33 Highest dae, detector card, crate number used = 0, 2, 2"
detector,"2021-05-10T18:40:27 Highest dae, detector card, crate number used = 0, 2, 2"
detector,"2021-05-10T19:40:20 Highest dae, detector card, crate number used = 0, 2, 2"
detector,"2021-05-10T20:40:15 Highest dae, detector card, crate number used = 0, 2, 2"
detector,"2021-05-10T21:40:09 Highest dae, detector card, crate number used = 0, 2, 2"
detector,"2021-05-10T22:40:00 Highest dae, detector card, crate number used = 0, 2, 2"
detector,"2021-05-11T09:53:37 Highest dae, detector card, crate number used = 0, 2, 2"
detector,"2021-05-25T10:11:29 Highest dae, detector card, crate number used = 0, 2, 2"
detector,"2021-05-25T11:01:58 Highest dae, detector card, crate number used = 0, 2, 2"
detector,"2021-05-25T11:33:54 Highest dae, detector card, crate number used = 0, 2, 2"
detector,"2021-05-25T12:19:19 Highest dae, detector card, crate number used = 0, 2, 2"
detector,"2021-05-25T12:52:31 Highest dae, detector card, crate number used = 0, 2, 2"
detector,"2021-05-25T13:25:41 Highest dae, detector card, crate number used = 0, 2, 2"
detector,"2021-05-25T13:41:00 Highest dae, detector card, crate number used = 0, 2, 2"
detector,"2021-05-25T14:12:53 Highest dae, detector card, crate number used = 0, 2, 2"
sample,2021-04-28T13:16:52 Sample 829.4179356845098
sample,2021-04-28T13:46:52 Sample 829.4179356845098
sample,2021-04-28T14:16:52 Sample 829.4179356845098
sample,2021-04-28T14:46:52 Sample 829.4179356845098
sample,2021-04-28T15:16:52 Sample 829.4179356845098
sample,2021-04-28T15:46:52 Sample 829.4179356845098
sample,2021-04-28T16:16:52 Sample 829.4179356845098
sample,2021-04-28T16:46:52 Sample 829.4179356845098
sample,2021-04-28T17:16:52 Sample 829.4179356845098
sample,2021-04-28T17:46:52 Sample 829.4179356845098
sample,2021-04-28T18:16:52 Sample 829.4179356845098
sample,2021-04-28T18:46:52 Sample 829.4179356845098
sample,2021-04-28T19:16:52 Sample 829.4179356845098
sample,2021-04-28T19:38:23 Sample 829.4179356845098
sample,2021-04-28T20:05:23 Sample 829.4179356845098
sample,2021-04-28T20:12:15 Sample 829.4179356845098
sample,2021-04-28T20:16:54 Sample 829.4179356845098
sample,2021-04-28T20:20:08 Sample 829.4179356845098
sample,2021-04-28T20:50:07 Sample 829.4179356845098
sample,2021-04-28T21:20:07 Sample 829.4179356845098
sample,2021-04-28T21:25:08 Sample 829.4179356845098
sample,2021-04-28T21:25:19 Sample 829.4179356845098
sample,2021-04-28T21:55:18 Sample 829.4179356845098
sample,2021-04-28T22:25:18 Sample 829.4179356845098
sample,2021-04-28T22:31:35 Sample 829.4179356845098
sample,2021-04-28T22:31:47 Sample 829.4179356845098
sample,2021-04-28T22:34:35 Sample 829.4179356845098
sample,2021-04-28T23:04:35 Sample 829.4179356845098
sample,2021-04-28T23:34:35 Sample 829.4179356845098
sample,2021-04-28T23:39:34 Sample 829.4179356845098
sample,2021-04-28T23:39:45 Sample 829.4179356845098
sample,2021-04-29T00:09:44 Sample 829.4179356845098
sample,2021-04-29T00:39:44 Sample 829.4179356845098
sample,2021-04-29T00:46:51 Sample 829.4179356845098
sample,2021-04-29T00:47:04 Sample 829.4179356845098
sample,2021-04-29T01:17:03 Sample 829.4179356845098
sample,2021-04-29T01:47:03 Sample 829.4179356845098
sample,2021-04-29T01:53:52 Sample 829.4179356845098
sample,2021-04-29T01:54:05 Sample 829.4179356845098
sample,2021-04-29T02:24:04 Sample 829.4179356845098
sample,2021-04-29T02:54:04 Sample 829.4179356845098
sample,2021-04-29T03:24:04 Sample 829.4179356845098
sample,2021-04-29T03:54:04 Sample 829.4179356845098
sample,2021-04-29T04:24:04 Sample 829.4179356845098
sample,2021-04-29T04:54:04 Sample 829.4179356845098
sample,2021-04-29T05:24:04 Sample 829.4179356845098
sample,2021-04-29T05:54:04 Sample 829.4179356845098
sample,2021-04-29T06:02:17 Sample 829.4179356845098
sample,2021-04-29T06:02:30 Sample 829.4179356845098
sample,2021-04-29T06:32:29 Sample 829.4179356845098
sample,2021-04-29T07:02:29 Sample 829.4179356845098
sample,2021-04-29T07:13:51 Sample 829.4179356845098
sample,2021-04-29T07:14:02 Sample 829.4179356845098
sample,2021-04-29T07:44:01 Sample 829.4179356845098
sample,2021-04-29T08:14:01 Sample 829.4179356845098
sample,2021-04-29T08:20:40 Sample 829.4179356845098
sample,2021-04-29T08:20:51 Sample 829.4179356845098
sample,2021-04-29T08:50:51 Sample 829.4179356845098
sample,2021-04-29T09:20:51 Sample 829.4179356845098
sample,2021-04-29T09:27:53 Sample 829.4179356845098
sample,2021-04-29T09:28:04 Sample 829.4179356845098
sample,2021-04-29T09:58:03 Sample 829.4179356845098
sample,2021-04-29T10:28:03 Sample 829.4179356845098
sample,2021-04-29T10:34:35 Sample 829.4179356845098
sample,2021-05-08T15:46:45 Sample 829.4179356845098
sample,2021-05-08T16:01:26 Sample 829.4179356845098
sample,2021-05-08T16:11:59 Sample 829.4179356845098
sample,2021-05-08T16:12:08 Sample 829.4179356845098
sample,2021-05-08T16:22:44 Sample 829.4179356845098
sample,2021-05-08T16:22:53 Sample 829.4179356845098
sample,2021-05-08T16:33:26 Sample 829.4179356845098
sample,2021-05-08T16:38:10 Sample 829.4179356845098
sample,2021-05-08T16:48:44 Sample 829.4179356845098
sample,2021-05-08T16:48:53 Sample 829.4179356845098
sample,2021-05-08T16:59:28 Sample 829.4179356845098
sample,2021-05-08T17:12:01 Sample 829.4179356845098
sample,2021-05-08T17:22:35 Sample 829.4179356845098
sample,2021-05-08T17:22:44 Sample 829.4179356845098
sample,2021-05-08T17:33:19 Sample 829.4179356845098
sample,2021-05-08T17:33:28 Sample 829.4179356845098
sample,2021-05-08T17:44:02 Sample 829.4179356845098
sample,2021-05-08T17:44:11 Sample 829.4179356845098
sample,2021-05-08T17:54:46 Sample 829.4179356845098
sample,2021-05-08T17:54:56 Sample 829.4179356845098
sample,2021-05-08T18:05:30 Sample 829.4179356845098
sample,2021-05-08T18:09:12 Sample 829.4179356845098
sample,2021-05-08T18:19:49 Sample 829.4179356845098
sample,2021-05-08T18:27:29 Sample 829.4179356845098
sample,2021-05-08T18:38:05 Sample 829.4179356845098
sample,2021-05-08T18:38:14 Sample 829.4179356845098
sample,2021-05-08T18:42:17 Sample 829.4179356845098
sample,2021-05-08T18:43:20 Sample 829.4179356845098
sample,2021-05-08T18:53:54 Sample 829.4179356845098
sample,2021-05-08T18:54:03 Sample 829.4179356845098
sample,2021-05-08T19:04:37 Sample 829.4179356845098
sample,2021-05-08T19:04:46 Sample 829.4179356845098
sample,2021-05-08T19:15:22 Sample 829.4179356845098
sample,2021-05-08T19:15:31 Sample 829.4179356845098
sample,2021-05-08T19:26:06 Sample 829.4179356845098
sample,2021-05-08T19:26:15 Sample 829.4179356845098
sample,2021-05-08T19:36:48 Sample 829.4179356845098
sample,2021-05-08T19:47:33 Sample 829.4179356845098
sample,2021-05-08T20:17:32 Sample 829.4179356845098
sample,2021-05-08T20:47:32 Sample 829.4179356845098
sample,2021-05-08T20:50:59 Sample 829.4179356845098
sample,2021-05-08T20:52:07 Sample 829.4179356845098
sample,2021-05-08T21:22:06 Sample 829.4179356845098
sample,2021-05-08T21:52:06 Sample 829.4179356845098
sample,2021-05-08T21:55:32 Sample 829.4179356845098
sample,2021-05-08T21:56:41 Sample 829.4179356845098
sample,2021-05-08T22:26:40 Sample 829.4179356845098
sample,2021-05-08T22:56:40 Sample 829.4179356845098
sample,2021-05-08T23:18:05 Sample 829.4179356845098
sample,2021-05-08T23:19:13 Sample 829.4179356845098
sample,2021-05-08T23:49:12 Sample 829.4179356845098
sample,2021-05-09T00:19:12 Sample 829.4179356845098
sample,2021-05-09T00:23:18 Sample 829.4179356845098
sample,2021-05-09T00:24:26 Sample 829.4179356845098
sample,2021-05-09T00:54:25 Sample 829.4179356845098
sample,2021-05-09T01:24:25 Sample 829.4179356845098
sample,2021-05-09T01:27:59 Sample 829.4179356845098
sample,2021-05-09T01:29:06 Sample 829.4179356845098
sample,2021-05-09T01:59:05 Sample 829.4179356845098
sample,2021-05-09T02:29:05 Sample 829.4179356845098
sample,2021-05-09T02:32:39 Sample 829.4179356845098
sample,2021-05-09T02:33:48 Sample 829.4179356845098
sample,2021-05-09T03:03:47 Sample 829.4179356845098
sample,2021-05-09T03:33:47 Sample 829.4179356845098
sample,2021-05-09T03:37:21 Sample 829.4179356845098
sample,2021-05-09T03:38:30 Sample 829.4179356845098
sample,2021-05-09T04:08:29 Sample 829.4179356845098
sample,2021-05-09T04:38:29 Sample 829.4179356845098
sample,2021-05-09T04:42:05 Sample 829.4179356845098
sample,2021-05-09T04:43:14 Sample 829.4179356845098
sample,2021-05-09T05:13:13 Sample 829.4179356845098
sample,2021-05-09T05:43:13 Sample 829.4179356845098
sample,2021-05-09T05:46:48 Sample 829.4179356845098
sample,2021-05-09T05:47:56 Sample 829.4179356845098
sample,2021-05-09T06:17:56 Sample 829.4179356845098
sample,2021-05-09T06:47:56 Sample 829.4179356845098
sample,2021-05-09T06:51:34 Sample 829.4179356845098
sample,2021-05-09T06:52:42 Sample 829.4179356845098
sample,2021-05-09T07:22:41 Sample 829.4179356845098
sample,2021-05-09T07:52:41 Sample 829.4179356845098
sample,2021-05-09T07:56:19 Sample 829.4179356845098
sample,2021-05-09T07:57:26 Sample 829.4179356845098
sample,2021-05-09T08:27:25 Sample 829.4179356845098
sample,2021-05-09T08:57:25 Sample 829.4179356845098
sample,2021-05-09T09:01:04 Sample 829.4179356845098
sample,2021-05-09T09:02:12 Sample 829.4179356845098
sample,2021-05-09T09:32:11 Sample 829.4179356845098
sample,2021-05-09T10:02:11 Sample 829.4179356845098
sample,2021-05-09T10:05:46 Sample 829.4179356845098
sample,2021-05-09T10:06:53 Sample 829.4179356845098
sample,2021-05-09T10:34:20 Sample 829.4179356845098
sample,2021-05-09T11:02:36 Sample 829.4179356845098
sample,2021-05-09T11:09:40 Sample 829.4179356845098
sample,2021-05-09T11:10:48 Sample 829.4179356845098
sample,2021-05-09T11:18:59 Sample 829.4179356845098
sample,2021-05-09T11:20:08 Sample 829.4179356845098
sample,2021-05-09T11:27:12 Sample 829.4179356845098
sample,2021-05-09T11:28:20 Sample 829.4179356845098
sample,2021-05-09T11:35:24 Sample 829.4179356845098
sample,2021-05-09T11:36:31 Sample 829.4179356845098
sample,2021-05-09T11:43:36 Sample 829.4179356845098
sample,2021-05-09T11:44:43 Sample 829.4179356845098
sample,2021-05-09T11:51:47 Sample 829.4179356845098
sample,2021-05-09T12:08:02 Sample 829.4179356845098
sample,2021-05-09T12:15:06 Sample 829.4179356845098
sample,2021-05-09T12:16:15 Sample 829.4179356845098
sample,2021-05-09T12:23:19 Sample 829.4179356845098
sample,2021-05-09T12:24:26 Sample 829.4179356845098
sample,2021-05-09T12:31:31 Sample 829.4179356845098
sample,2021-05-09T12:32:38 Sample 829.4179356845098
sample,2021-05-09T12:39:43 Sample 829.4179356845098
sample,2021-05-09T12:40:50 Sample 829.4179356845098
sample,2021-05-09T12:47:54 Sample 829.4179356845098
sample,2021-05-09T12:49:01 Sample 829.4179356845098
sample,2021-05-09T12:56:06 Sample 829.4179356845098
sample,2021-05-09T13:26:05 Sample 829.4179356845098
sample,2021-05-09T13:38:23 Sample 829.4179356845098
sample,2021-05-09T13:45:27 Sample 829.4179356845098
sample,2021-05-09T13:46:36 Sample 829.4179356845098
sample,2021-05-09T13:53:39 Sample 829.4179356845098
sample,2021-05-09T13:54:47 Sample 829.4179356845098
sample,2021-05-09T14:01:50 Sample 829.4179356845098
sample,2021-05-09T14:02:58 Sample 829.4179356845098
sample,2021-05-09T14:10:02 Sample 829.4179356845098
sample,2021-05-09T14:11:10 Sample 829.4179356845098
sample,2021-05-09T14:18:56 Sample 829.4179356845098
sample,2021-05-09T14:20:04 Sample 829.4179356845098
sample,2021-05-09T14:27:07 Sample 829.4179356845098
sample,2021-05-09T14:41:50 Sample 829.4179356845098
sample,2021-05-09T15:11:49 Sample 829.4179356845098
sample,2021-05-09T15:41:49 Sample 829.4179356845098
sample,2021-05-09T16:11:49 Sample 829.4179356845098
sample,2021-05-09T16:41:49 Sample 829.4179356845098
sample,2021-05-09T17:11:49 Sample 829.4179356845098
sample,2021-05-09T17:23:41 Sample 829.4179356845098
sample,2021-05-09T17:24:46 Sample 829.4179356845098
sample,2021-05-09T17:54:46 Sample 829.4179356845098
sample,2021-05-09T18:24:46 Sample 829.4179356845098
sample,2021-05-09T18:27:52 Sample 829.4179356845098
sample,2021-05-09T18:57:51 Sample 829.4179356845098
sample,2021-05-09T19:27:51 Sample 829.4179356845098
sample,2021-05-09T19:31:30 Sample 829.4179356845098
sample,2021-05-09T19:32:36 Sample 829.4179356845098
sample,2021-05-09T20:02:35 Sample 829.4179356845098
sample,2021-05-09T20:32:35 Sample 829.4179356845098
sample,2021-05-09T20:36:15 Sample 829.4179356845098
sample,2021-05-09T20:37:21 Sample 829.4179356845098
sample,2021-05-09T20:43:20 Sample 829.4179356845098
sample,2021-05-09T21:13:19 Sample 829.4179356845098
sample,2021-05-09T21:43:19 Sample 829.4179356845098
sample,2021-05-09T21:46:56 Sample 829.4179356845098
sample,2021-05-09T21:48:05 Sample 829.4179356845098
sample,2021-05-09T22:18:04 Sample 829.4179356845098
sample,2021-05-09T22:48:04 Sample 829.4179356845098
sample,2021-05-09T22:51:43 Sample 829.4179356845098
sample,2021-05-09T22:52:51 Sample 829.4179356845098
sample,2021-05-09T23:22:50 Sample 829.4179356845098
sample,2021-05-09T23:52:50 Sample 829.4179356845098
sample,2021-05-09T23:56:54 Sample 829.4179356845098
sample,2021-05-09T23:58:02 Sample 829.4179356845098
sample,2021-05-10T00:28:01 Sample 829.4179356845098
sample,2021-05-10T00:58:01 Sample 829.4179356845098
sample,2021-05-10T01:01:43 Sample 829.4179356845098
sample,2021-05-10T01:02:50 Sample 829.4179356845098
sample,2021-05-10T01:32:50 Sample 829.4179356845098
sample,2021-05-10T02:02:50 Sample 829.4179356845098
sample,2021-05-10T02:06:29 Sample 829.4179356845098
sample,2021-05-10T02:07:38 Sample 829.4179356845098
sample,2021-05-10T02:37:37 Sample 829.4179356845098
sample,2021-05-10T03:07:37 Sample 829.4179356845098
sample,2021-05-10T03:11:17 Sample 829.4179356845098
sample,2021-05-10T03:12:25 Sample 829.4179356845098
sample,2021-05-10T03:42:24 Sample 829.4179356845098
sample,2021-05-10T04:12:24 Sample 829.4179356845098
sample,2021-05-10T04:16:04 Sample 829.4179356845098
sample,2021-05-10T04:17:12 Sample 829.4179356845098
sample,2021-05-10T04:47:12 Sample 829.4179356845098
sample,2021-05-10T05:17:12 Sample 829.4179356845098
sample,2021-05-10T05:21:09 Sample 829.4179356845098
sample,2021-05-10T05:22:17 Sample 829.4179356845098
sample,2021-05-10T05:52:16 Sample 829.4179356845098
sample,2021-05-10T06:22:16 Sample 829.4179356845098
sample,2021-05-10T06:25:55 Sample 829.4179356845098
sample,2021-05-10T06:27:04 Sample 829.4179356845098
sample,2021-05-10T06:57:03 Sample 829.4179356845098
sample,2021-05-10T07:27:03 Sample 829.4179356845098
sample,2021-05-10T07:30:43 Sample 829.4179356845098
sample,2021-05-10T07:31:51 Sample 829.4179356845098
sample,2021-05-10T08:01:50 Sample 829.4179356845098
sample,2021-05-10T08:31:50 Sample 829.4179356845098
sample,2021-05-10T08:34:44 Sample 829.4179356845098
sample,2021-05-10T08:35:53 Sample 829.4179356845098
sample,2021-05-10T09:05:52 Sample 829.4179356845098
sample,2021-05-10T09:35:36 Sample 829.4179356845098
sample,2021-05-10T09:36:43 Sample 829.4179356845098
sample,2021-05-10T10:06:42 Sample 829.4179356845098
sample,2021-05-10T10:22:28 Sample 829.4179356845098
sample,2021-05-10T10:52:28 Sample 829.4179356845098
sample,2021-05-10T11:22:14 Sample 829.4179356845098
sample,2021-05-10T11:23:23 Sample 829.4179356845098
sample,2021-05-10T11:53:22 Sample 829.4179356845098
sample,2021-05-10T12:23:08 Sample 829.4179356845098
sample,2021-05-10T12:24:16 Sample 829.4179356845098
sample,2021-05-10T12:27:49 Sample 829.4179356845098
sample,2021-05-10T12:50:11 Sample 829.4179356845098
sample,2021-05-10T12:56:50 Sample 829.4179356845098
sample,2021-05-10T12:57:58 Sample 829.4179356845098
sample,2021-05-10T13:04:37 Sample 829.4179356845098
sample,2021-05-10T13:05:44 Sample 829.4179356845098
sample,2021-05-10T13:12:23 Sample 829.4179356845098
sample,2021-05-10T13:13:30 Sample 829.4179356845098
sample,2021-05-10T13:27:52 Sample 829.4179356845098
sample,2021-05-10T13:29:01 Sample 829.4179356845098
sample,2021-05-10T13:35:39 Sample 829.4179356845098
sample,2021-05-10T13:36:47 Sample 829.4179356845098
sample,2021-05-10T13:43:25 Sample 829.4179356845098
sample,2021-05-10T14:04:53 Sample 829.4179356845098
sample,2021-05-10T14:11:32 Sample 829.4179356845098
sample,2021-05-10T14:12:39 Sample 829.4179356845098
sample,2021-05-10T14:24:35 Sample 829.4179356845098
sample,2021-05-10T14:25:42 Sample 829.4179356845098
sample,2021-05-10T14:32:21 Sample 829.4179356845098
sample,2021-05-10T14:33:29 Sample 829.4179356845098
sample,2021-05-10T14:40:08 Sample 829.4179356845098
sample,2021-05-10T14:41:15 Sample 829.4179356845098
sample,2021-05-10T14:47:54 Sample 829.4179356845098
sample,2021-05-10T14:49:02 Sample 829.4179356845098
sample,2021-05-10T14:55:41 Sample 829.4179356845098
sample,2021-05-10T15:25:40 Sample 829.4179356845098
sample,2021-05-10T15:55:40 Sample 829.4179356845098
sample,2021-05-10T16:24:12 Sample 829.4179356845098
sample,2021-05-10T16:25:36 Sample 829.4179356845098
sample,2021-05-10T16:55:35 Sample 829.4179356845098
sample,2021-05-10T17:25:35 Sample 829.4179356845098
sample,2021-05-10T17:40:39 Sample 829.4179356845098
sample,2021-05-10T18:10:38 Sample 829.4179356845098
sample,2021-05-10T18:40:23 Sample 829.4179356845098
sample,2021-05-10T18:40:32 Sample 829.4179356845098
sample,2021-05-10T19:10:31 Sample 829.4179356845098
sample,2021-05-10T19:40:16 Sample 829.4179356845098
sample,2021-05-10T19:40:26 Sample 829.4179356845098
sample,2021-05-10T20:10:25 Sample 829.4179356845098
sample,2021-05-10T20:40:11 Sample 829.4179356845098
sample,2021-05-10T20:40:20 Sample 829.4179356845098
sample,2021-05-10T21:10:20 Sample 829.4179356845098
sample,2021-05-10T21:40:05 Sample 829.4179356845098
sample,2021-05-10T21:40:15 Sample 829.4179356845098
sample,2021-05-10T22:10:14 Sample 829.4179356845098
sample,2021-05-10T22:39:55 Sample 829.4179356845098
sample,2021-05-10T22:40:06 Sample 829.4179356845098
sample,2021-05-10T23:10:05 Sample 829.4179356845098
sample,2021-05-10T23:39:47 Sample 829.4179356845098
sample,2021-05-11T00:09:46 Sample 829.4179356845098
sample,2021-05-11T00:39:46 Sample 829.4179356845098
sample,2021-05-11T01:09:46 Sample 829.4179356845098
sample,2021-05-11T01:39:46 Sample 829.4179356845098
sample,2021-05-11T02:09:46 Sample 829.4179356845098
sample,2021-05-11T02:39:46 Sample 829.4179356845098
sample,2021-05-11T03:09:46 Sample 829.4179356845098
sample,2021-05-11T03:39:46 Sample 829.4179356845098
sample,2021-05-11T04:09:46 Sample 829.4179356845098
sample,2021-05-11T04:39:47 Sample 829.4179356845098
sample,2021-05-11T05:09:47 Sample 829.4179356845098
sample,2021-05-11T05:39:47 Sample 829.4179356845098
sample,2021-05-11T06:09:47 Sample 829.4179356845098
sample,2021-05-11T06:39:47 Sample 829.4179356845098
sample,2021-05-11T07:09:47 Sample 829.4179356845098
sample,2021-05-11T07:39:47 Sample 829.4179356845098
sample,2021-05-11T08:09:47 Sample 829.4179356845098
sample,2021-05-11T08:39:47 Sample 829.4179356845098
sample,2021-05-11T09:09:47 Sample 829.4179356845098
sample,2021-05-11T09:39:47 Sample 829.4179356845098
sample,2021-05-11T09:53:43 Sample 829.4179356845098
sample,2021-05-11T10:23:42 Sample 829.4179356845098
sample,2021-05-11T10:53:28 Sample 829.4179356845098
sample,2021-05-25T10:11:34 Sample 827.6352577318944
sample,2021-05-25T10:41:34 Sample 827.6352577318944
sample,2021-05-25T11:02:04 Sample 827.6352577318944
sample,2021-05-25T11:32:03 Sample 827.6352577318944
sample,2021-05-25T11:33:48 Sample 827.6352577318944
sample,2021-05-25T11:34:00 Sample 827.6352577318944
sample,2021-05-25T12:03:59 Sample 827.6352577318944
sample,2021-05-25T12:19:13 Sample 827.6352577318944
sample,2021-05-25T12:19:24 Sample 827.6352577318944
sample,2021-05-25T12:49:23 Sample 827.6352577318944
sample,2021-05-25T12:52:24 Sample 827.6352577318944
sample,2021-05-25T12:52:36 Sample 827.6352577318944
sample,2021-05-25T13:22:35 Sample 827.6352577318944
sample,2021-05-25T13:25:35 Sample 827.6352577318944
sample,2021-05-25T13:25:46 Sample 827.6352577318944
sample,2021-05-25T13:41:05 Sample 827.6352577318944
sample,2021-05-25T14:11:04 Sample 827.6352577318944
sample,2021-05-25T14:12:47 Sample 827.6352577318944
sample,2021-05-25T14:12:59 Sample 827.6352577318944
sample,2021-05-25T14:42:58 Sample 827.6352577318944
sample,2021-05-25T14:50:01 Sample 827.6352577318944
spectrum,2021-05-08T16:00:04 Spectra table C:/Instrument/Settings/config/NDXVESUVIO/configurations/tables/spectrum_dae3_00.dat is unchanged - reload skipped
spectrum,2021-05-08T16:00:10 Spectra table C:/Instrument/Settings/config/NDXVESUVIO/configurations/tables/spectrum_dae3_00.dat is unchanged - reload skipped
temp,2021-05-08T15:28:12 Water_Bath_Temp 20.53
temp,2021-05-08T15:40:14 Water_Bath_Temp 20.52
temp,2021-05-08T15:40:38 Water_Bath_Temp 20.53
temp,2021-05-08T15:41:12 Water_Bath_Temp 20.52
temp,2021-05-08T15:41:44 Water_Bath_Temp 20.53
temp,2021-05-08T15:42:09 Water_Bath_Temp 20.52
temp,2021-05-08T15:54:37 Water_Bath_Temp 20.51
temp,2021-05-08T15:55:43 Water_Bath_Temp 20.52
temp,2021-05-08T15:56:05 Water_Bath_Temp 20.51
temp,2021-05-08T16:01:26 Water_Bath_Temp 20.51
temp,2021-05-08T16:07:54 Water_Bath_Temp 20.5
temp,2021-05-08T16:09:54 Water_Bath_Temp 20.51
temp,2021-05-08T16:11:20 Water_Bath_Temp 20.5
temp,2021-05-08T16:11:59 Water_Bath_Temp 20.5
temp,2021-05-08T16:12:08 Water_Bath_Temp 20.5
temp,2021-05-08T16:12:37 Water_Bath_Temp 20.51
temp,2021-05-08T16:12:51 Water_Bath_Temp 20.5
temp,2021-05-08T16:22:44 Water_Bath_Temp 20.49
temp,2021-05-08T16:22:53 Water_Bath_Temp 20.5
temp,2021-05-08T16:23:48 Water_Bath_Temp 20.49
temp,2021-05-08T16:24:51 Water_Bath_Temp 20.5
temp,2021-05-08T16:25:21 Water_Bath_Temp 20.49
temp,2021-05-08T16:33:26 Water_Bath_Temp 20.49
temp,2021-05-08T16:38:10 Water_Bath_Temp 20.49
temp,2021-05-08T16:40:08 Water_Bath_Temp 20.48
temp,2021-05-08T16:40:36 Water_Bath_Temp 20.49
temp,2021-05-08T16:41:36 Water_Bath_Temp 20.48
temp,2021-05-08T16:42:08 Water_Bath_Temp 20.49
temp,2021-05-08T16:42:35 Water_Bath_Temp 20.48
temp,2021-05-08T16:48:44 Water_Bath_Temp 20.48
temp,2021-05-08T16:48:53 Water_Bath_Temp 20.48
temp,2021-05-08T16:59:28 Water_Bath_Temp 20.48
temp,2021-05-08T16:59:55 Water_Bath_Temp 20.47
temp,2021-05-08T17:00:25 Water_Bath_Temp 20.48
temp,2021-05-08T17:00:53 Water_Bath_Temp 20.47
temp,2021-05-08T17:03:24 Water_Bath_Temp 20.48
temp,2021-05-08T17:03:53 Water_Bath_Temp 20.47
temp,2021-05-08T17:12:01 Water_Bath_Temp 20.47
temp,2021-05-08T17:22:35 Water_Bath_Temp 20.47
temp,2021-05-08T17:22:44 Water_Bath_Temp 20.47
temp,2021-05-08T17:28:03 Water_Bath_Temp 20.46
temp,2021-05-08T17:30:43 Water_Bath_Temp 20.47
temp,2021-05-08T17:31:05 Water_Bath_Temp 20.46
temp,2021-05-08T17:33:19 Water_Bath_Temp 20.46
temp,2021-05-08T17:33:28 Water_Bath_Temp 20.46
temp,2021-05-08T17:44:02 Water_Bath_Temp 20.46
temp,2021-05-08T17:44:11 Water_Bath_Temp 20.46
temp,2021-05-08T17:54:46 Water_Bath_Temp 20.46
temp,2021-05-08T17:54:56 Water_Bath_Temp 20.46
temp,2021-05-08T18:01:52 Water_Bath_Temp 20.45
temp,2021-05-08T18:01:55 Water_Bath_Temp 20.46
temp,2021-05-08T18:03:23 Water_Bath_Temp 20.45
temp,2021-05-08T18:03:50 Water_Bath_Temp 20.46
temp,2021-05-08T18:04:51 Water_Bath_Temp 20.45
temp,2021-05-08T18:05:30 Water_Bath_Temp 20.45
temp,2021-05-08T18:05:58 Water_Bath_Temp 20.46
temp,2021-05-08T18:08:28 Water_Bath_Temp 20.45
temp,2021-05-08T18:09:12 Water_Bath_Temp 20.45
temp,2021-05-08T18:09:41 Water_Bath_Temp 20.46
temp,2021-05-08T18:10:03 Water_Bath_Temp 20.45
temp,2021-05-08T18:19:49 Water_Bath_Temp 20.45
temp,2021-05-08T18:27:29 Water_Bath_Temp 20.45
temp,2021-05-08T18:38:05 Water_Bath_Temp 20.45
temp,2021-05-08T18:38:14 Water_Bath_Temp 20.45
temp,2021-05-08T18:42:17 Water_Bath_Temp 20.45
temp,2021-05-08T18:43:20 Water_Bath_Temp 20.45
temp,2021-05-08T18:46:16 Water_Bath_Temp 20.44
temp,2021-05-08T18:46:20 Water_Bath_Temp 20.45
temp,2021-05-08T18:47:17 Water_Bath_Temp 20.44
temp,2021-05-08T18:47:46 Water_Bath_Temp 20.45
temp,2021-05-08T18:49:18 Water_Bath_Temp 20.44
temp,2021-05-08T18:49:21 Water_Bath_Temp 20.45
temp,2021-05-08T18:51:17 Water_Bath_Temp 20.44
temp,2021-05-08T18:51:40 Water_Bath_Temp 20.45
temp,2021-05-08T18:52:45 Water_Bath_Temp 20.44
temp,2021-05-08T18:53:16 Water_Bath_Temp 20.45
temp,2021-05-08T18:53:54 Water_Bath_Temp 20.45
temp,2021-05-08T18:54:03 Water_Bath_Temp 20.44
temp,2021-05-08T18:56:52 Water_Bath_Temp 20.45
temp,2021-05-08T18:57:30 Water_Bath_Temp 20.44
temp,2021-05-08T18:57:59 Water_Bath_Temp 20.45
temp,2021-05-08T18:58:28 Water_Bath_Temp 20.44
temp,2021-05-08T18:59:31 Water_Bath_Temp 20.45
temp,2021-05-08T18:59:50 Water_Bath_Temp 20.44
temp,2021-05-08T19:02:31 Water_Bath_Temp 20.45
temp,2021-05-08T19:02:53 Water_Bath_Temp 20.44
temp,2021-05-08T19:04:37 Water_Bath_Temp 20.44
temp,2021-05-08T19:04:46 Water_Bath_Temp 20.44
temp,2021-05-08T19:15:22 Water_Bath_Temp 20.44
temp,2021-05-08T19:15:31 Water_Bath_Temp 20.44
temp,2021-05-08T19:26:06 Water_Bath_Temp 20.44
temp,2021-05-08T19:26:15 Water_Bath_Temp 20.44
temp,2021-05-08T19:35:44 Water_Bath_Temp 20.43
temp,2021-05-08T19:36:11 Water_Bath_Temp 20.44
temp,2021-05-08T19:36:48 Water_Bath_Temp 20.44
temp,2021-05-08T19:37:17 Water_Bath_Temp 20.43
temp,2021-05-08T19:37:30 Water_Bath_Temp 20.44
temp,2021-05-08T19:38:17 Water_Bath_Temp 20.43
temp,2021-05-08T19:38:37 Water_Bath_Temp 20.44
temp,2021-05-08T19:39:16 Water_Bath_Temp 20.43
temp,2021-05-08T19:40:46 Water_Bath_Temp 20.44
temp,2021-05-08T19:41:16 Water_Bath_Temp 20.43
temp,2021-05-08T19:42:46 Water_Bath_Temp 20.44
temp,2021-05-08T19:43:37 Water_Bath_Temp 20.43
temp,2021-05-08T19:44:47 Water_Bath_Temp 20.44
temp,2021-05-08T19:45:13 Water_Bath_Temp 20.43
temp,2021-05-08T19:47:17 Water_Bath_Temp 20.44
temp,2021-05-08T19:47:33 Water_Bath_Temp 20.43
temp,2021-05-08T20:16:01 Water_Bath_Temp 20.42
temp,2021-05-08T20:16:21 Water_Bath_Temp 20.43
temp,2021-05-08T20:19:31 Water_Bath_Temp 20.42
temp,2021-05-08T20:19:58 Water_Bath_Temp 20.43
temp,2021-05-08T20:21:31 Water_Bath_Temp 20.42
temp,2021-05-08T20:21:53 Water_Bath_Temp 20.43
temp,2021-05-08T20:24:27 Water_Bath_Temp 20.42
temp,2021-05-08T20:25:31 Water_Bath_Temp 20.43
temp,2021-05-08T20:26:00 Water_Bath_Temp 20.42
temp,2021-05-08T20:26:30 Water_Bath_Temp 20.43
temp,2021-05-08T20:28:23 Water_Bath_Temp 20.42
temp,2021-05-08T20:29:31 Water_Bath_Temp 20.43
temp,2021-05-08T20:29:59 Water_Bath_Temp 20.42
temp,2021-05-08T20:31:20 Water_Bath_Temp 20.43
temp,2021-05-08T20:32:01 Water_Bath_Temp 20.42
temp,2021-05-08T20:36:30 Water_Bath_Temp 20.43
temp,2021-05-08T20:36:39 Water_Bath_Temp 20.42
temp,2021-05-08T20:41:01 Water_Bath_Temp 20.43
temp,2021-05-08T20:41:02 Water_Bath_Temp 20.42
temp,2021-05-08T20:42:31 Water_Bath_Temp 20.43
temp,2021-05-08T20:42:32 Water_Bath_Temp 20.42
temp,2021-05-08T20:50:59 Water_Bath_Temp 20.42
temp,2021-05-08T20:52:07 Water_Bath_Temp 20.42
temp,2021-05-08T21:17:35 Water_Bath_Temp 20.41
temp,2021-05-08T21:17:55 Water_Bath_Temp 20.42
temp,2021-05-08T21:19:01 Water_Bath_Temp 20.41
temp,2021-05-08T21:20:05 Water_Bath_Temp 20.42
temp,2021-05-08T21:23:02 Water_Bath_Temp 20.41
temp,2021-05-08T21:24:34 Water_Bath_Temp 20.42
temp,2021-05-08T21:24:55 Water_Bath_Temp 20.41
temp,2021-05-08T21:25:34 Water_Bath_Temp 20.42
temp,2021-05-08T21:25:55 Water_Bath_Temp 20.41
temp,2021-05-08T21:26:35 Water_Bath_Temp 20.42
temp,2021-05-08T21:26:58 Water_Bath_Temp 20.41
temp,2021-05-08T21:53:03 Water_Bath_Temp 20.4
temp,2021-05-08T21:55:32 Water_Bath_Temp 20.41
temp,2021-05-08T21:55:59 Water_Bath_Temp 20.4
temp,2021-05-08T21:56:30 Water_Bath_Temp 20.41
temp,2021-05-08T21:56:41 Water_Bath_Temp 20.4
temp,2021-05-08T22:00:35 Water_Bath_Temp 20.41
temp,2021-05-08T22:00:49 Water_Bath_Temp 20.4
temp,2021-05-08T22:16:39 Water_Bath_Temp 20.39
temp,2021-05-08T22:16:48 Water_Bath_Temp 20.4
temp,2021-05-08T22:17:38 Water_Bath_Temp 20.39
temp,2021-05-08T22:17:43 Water_Bath_Temp 20.4
temp,2021-05-08T22:19:38 Water_Bath_Temp 20.39
temp,2021-05-08T22:20:08 Water_Bath_Temp 20.4
temp,2021-05-08T22:20:39 Water_Bath_Temp 20.39
temp,2021-05-08T22:21:07 Water_Bath_Temp 20.4
temp,2021-05-08T22:22:00 Water_Bath_Temp 20.39
temp,2021-05-08T22:22:39 Water_Bath_Temp 20.4
temp,2021-05-08T22:22:58 Water_Bath_Temp 20.39
temp,2021-05-08T22:41:06 Water_Bath_Temp 20.38
temp,2021-05-08T22:41:37 Water_Bath_Temp 20.39
temp,2021-05-08T22:42:04 Water_Bath_Temp 20.38
temp,2021-05-08T22:42:38 Water_Bath_Temp 20.39
temp,2021-05-08T22:43:09 Water_Bath_Temp 20.38
temp,2021-05-08T22:47:39 Water_Bath_Temp 20.39
temp,2021-05-08T22:47:40 Water_Bath_Temp 20.38
temp,2021-05-08T22:56:38 Water_Bath_Temp 20.37
temp,2021-05-08T22:57:38 Water_Bath_Temp 20.38
temp,2021-05-08T22:58:38 Water_Bath_Temp 20.37
temp,2021-05-08T22:59:07 Water_Bath_Temp 20.38
temp,2021-05-08T22:59:28 Water_Bath_Temp 20.37
temp,2021-05-08T23:00:08 Water_Bath_Temp 20.38
temp,2021-05-08T23:00:30 Water_Bath_Temp 20.37
temp,2021-05-08T23:11:35 Water_Bath_Temp 20.36
temp,2021-05-08T23:13:08 Water_Bath_Temp 20.37
temp,2021-05-08T23:13:38 Water_Bath_Temp 20.36
temp,2021-05-08T23:18:05 Water_Bath_Temp 20.36
temp,2021-05-08T23:19:13 Water_Bath_Temp 20.36
temp,2021-05-08T23:24:42 Water_Bath_Temp 20.35
temp,2021-05-08T23:25:12 Water_Bath_Temp 20.36
temp,2021-05-08T23:26:42 Water_Bath_Temp 20.35
temp,2021-05-08T23:37:11 Water_Bath_Temp 20.34
temp,2021-05-08T23:37:42 Water_Bath_Temp 20.35
temp,2021-05-08T23:37:58 Water_Bath_Temp 20.34
temp,2021-05-08T23:49:12 Water_Bath_Temp 20.33
temp,2021-05-08T23:49:40 Water_Bath_Temp 20.34
temp,2021-05-08T23:50:09 Water_Bath_Temp 20.33
temp,2021-05-08T23:50:42 Water_Bath_Temp 20.34
temp,2021-05-08T23:51:38 Water_Bath_Temp 20.33
temp,2021-05-09T00:01:12 Water_Bath_Temp 20.32
temp,2021-05-09T00:01:37 Water_Bath_Temp 20.33
temp,2021-05-09T00:02:35 Water_Bath_Temp 20.32
temp,2021-05-09T00:11:42 Water_Bath_Temp 20.31
temp,2021-05-09T00:12:39 Water_Bath_Temp 20.32
temp,2021-05-09T00:13:10 Water_Bath_Temp 20.31
temp,2021-05-09T00:23:18 Water_Bath_Temp 20.3
temp,2021-05-09T00:24:26 Water_Bath_Temp 20.3
temp,2021-05-09T00:24:54 Water_Bath_Temp 20.31
temp,2021-05-09T00:24:55 Water_Bath_Temp 20.3
temp,2021-05-09T00:32:24 Water_Bath_Temp 20.29
temp,2021-05-09T00:32:50 Water_Bath_Temp 20.3
temp,2021-05-09T00:33:20 Water_Bath_Temp 20.29
temp,2021-05-09T00:33:46 Water_Bath_Temp 20.3
temp,2021-05-09T00:34:23 Water_Bath_Temp 20.29
temp,2021-05-09T00:43:50 Water_Bath_Temp 20.28
temp,2021-05-09T00:44:22 Water_Bath_Temp 20.29
temp,2021-05-09T00:44:43 Water_Bath_Temp 20.28
temp,2021-05-09T00:55:18 Water_Bath_Temp 20.27
temp,2021-05-09T01:02:54 Water_Bath_Temp 20.26
temp,2021-05-09T01:13:24 Water_Bath_Temp 20.25
temp,2021-05-09T01:13:48 Water_Bath_Temp 20.26
temp,2021-05-09T01:14:46 Water_Bath_Temp 20.25
temp,2021-05-09T01:22:23 Water_Bath_Temp 20.24
temp,2021-05-09T01:22:47 Water_Bath_Temp 20.25
temp,2021-05-09T01:23:24 Water_Bath_Temp 20.24
temp,2021-05-09T01:27:59 Water_Bath_Temp 20.24
temp,2021-05-09T01:29:06 Water_Bath_Temp 20.24
temp,2021-05-09T01:32:01 Water_Bath_Temp 20.23
temp,2021-05-09T01:32:32 Water_Bath_Temp 20.24
temp,2021-05-09T01:32:59 Water_Bath_Temp 20.23
temp,2021-05-09T01:42:05 Water_Bath_Temp 20.22
temp,2021-05-09T01:42:34 Water_Bath_Temp 20.23
temp,2021-05-09T01:42:56 Water_Bath_Temp 20.22
temp,2021-05-09T01:43:35 Water_Bath_Temp 20.23
temp,2021-05-09T01:44:07 Water_Bath_Temp 20.22
temp,2021-05-09T01:50:04 Water_Bath_Temp 20.21
temp,2021-05-09T01:50:07 Water_Bath_Temp 20.22
temp,2021-05-09T01:51:30 Water_Bath_Temp 20.21
temp,2021-05-09T01:52:03 Water_Bath_Temp 20.22
temp,2021-05-09T01:52:13 Water_Bath_Temp 20.21
temp,2021-05-09T02:01:01 Water_Bath_Temp 20.2
temp,2021-05-09T02:10:02 Water_Bath_Temp 20.19
temp,2021-05-09T02:10:33 Water_Bath_Temp 20.2
temp,2021-05-09T02:11:04 Water_Bath_Temp 20.19
temp,2021-05-09T02:20:24 Water_Bath_Temp 20.18
temp,2021-05-09T02:31:35 Water_Bath_Temp 20.17
temp,2021-05-09T02:32:39 Water_Bath_Temp 20.17
temp,2021-05-09T02:33:48 Water_Bath_Temp 20.17
temp,2021-05-09T02:39:44 Water_Bath_Temp 20.16
temp,2021-05-09T02:40:15 Water_Bath_Temp 20.17
temp,2021-05-09T02:40:38 Water_Bath_Temp 20.16
temp,2021-05-09T02:51:36 Water_Bath_Temp 20.15
temp,2021-05-09T02:59:46 Water_Bath_Temp 20.14
temp,2021-05-09T03:00:10 Water_Bath_Temp 20.15
temp,2021-05-09T03:01:43 Water_Bath_Temp 20.14
temp,2021-05-09T03:10:44 Water_Bath_Temp 20.13
temp,2021-05-09T03:11:11 Water_Bath_Temp 20.14
temp,2021-05-09T03:11:44 Water_Bath_Temp 20.13
temp,2021-05-09T03:21:42 Water_Bath_Temp 20.12
temp,2021-05-09T03:22:14 Water_Bath_Temp 20.13
temp,2021-05-09T03:22:28 Water_Bath_Temp 20.12
temp,2021-05-09T03:32:34 Water_Bath_Temp 20.11
temp,2021-05-09T03:37:21 Water_Bath_Temp 20.11
temp,2021-05-09T03:38:30 Water_Bath_Temp 20.11
temp,2021-05-09T03:43:57 Water_Bath_Temp 20.1
temp,2021-05-09T03:55:27 Water_Bath_Temp 20.09
temp,2021-05-09T03:55:37 Water_Bath_Temp 20.1
temp,2021-05-09T03:57:27 Water_Bath_Temp 20.09
temp,2021-05-09T04:07:58 Water_Bath_Temp 20.08
temp,2021-05-09T04:09:24 Water_Bath_Temp 20.09
temp,2021-05-09T04:10:19 Water_Bath_Temp 20.08
temp,2021-05-09T04:19:27 Water_Bath_Temp 20.07
temp,2021-05-09T04:19:51 Water_Bath_Temp 20.08
temp,2021-05-09T04:22:26 Water_Bath_Temp 20.07
temp,2021-05-09T04:35:56 Water_Bath_Temp 20.06
temp,2021-05-09T04:36:28 Water_Bath_Temp 20.07
temp,2021-05-09T04:36:56 Water_Bath_Temp 20.06
temp,2021-05-09T04:37:26 Water_Bath_Temp 20.07
temp,2021-05-09T04:37:31 Water_Bath_Temp 20.06
temp,2021-05-09T04:42:05 Water_Bath_Temp 20.06
temp,2021-05-09T04:43:14 Water_Bath_Temp 20.06
temp,2021-05-09T04:48:39 Water_Bath_Temp 20.05
temp,2021-05-09T05:04:12 Water_Bath_Temp 20.04
temp,2021-05-09T05:06:12 Water_Bath_Temp 20.05
temp,2021-05-09T05:06:36 Water_Bath_Temp 20.04
temp,2021-05-09T05:07:12 Water_Bath_Temp 20.05
temp,2021-05-09T05:07:13 Water_Bath_Temp 20.04
temp,2021-05-09T05:08:12 Water_Bath_Temp 20.05
temp,2021-05-09T05:08:30 Water_Bath_Temp 20.04
temp,2021-05-09T05:19:12 Water_Bath_Temp 20.03
temp,2021-05-09T05:19:33 Water_Bath_Temp 20.04
temp,2021-05-09T05:20:40 Water_Bath_Temp 20.03
temp,2021-05-09T05:21:11 Water_Bath_Temp 20.04
temp,2021-05-09T05:21:42 Water_Bath_Temp 20.03
temp,2021-05-09T05:23:12 Water_Bath_Temp 20.04
temp,2021-05-09T05:23:42 Water_Bath_Temp 20.03
temp,2021-05-09T05:36:42 Water_Bath_Temp 20.02
temp,2021-05-09T05:37:10 Water_Bath_Temp 20.03
temp,2021-05-09T05:38:30 Water_Bath_Temp 20.02
temp,2021-05-09T05:40:41 Water_Bath_Temp 20.03
temp,2021-05-09T05:40:50 Water_Bath_Temp 20.02
temp,2021-05-09T05:46:48 Water_Bath_Temp 20.02
temp,2021-05-09T05:47:56 Water_Bath_Temp 20.02
temp,2021-05-09T05:56:25 Water_Bath_Temp 20.01
temp,2021-05-09T05:56:54 Water_Bath_Temp 20.02
temp,2021-05-09T05:58:25 Water_Bath_Temp 20.01
temp,2021-05-09T05:59:25 Water_Bath_Temp 20.02
temp,2021-05-09T06:00:17 Water_Bath_Temp 20.01
temp,2021-05-09T06:14:55 Water_Bath_Temp 20
temp,2021-05-09T06:15:24 Water_Bath_Temp 20.01
temp,2021-05-09T06:17:25 Water_Bath_Temp 20
temp,2021-05-09T06:18:23 Water_Bath_Temp 20.01
temp,2021-05-09T06:18:55 Water_Bath_Temp 20
temp,2021-05-09T06:19:18 Water_Bath_Temp 20.01
temp,2021-05-09T06:20:38 Water_Bath_Temp 20
temp,2021-05-09T06:39:55 Water_Bath_Temp 19.99
temp,2021-05-09T06:40:17 Water_Bath_Temp 20
temp,2021-05-09T06:41:24 Water_Bath_Temp 19.99
temp,2021-05-09T06:43:02 Water_Bath_Temp 20
temp,2021-05-09T06:43:54 Water_Bath_Temp 19.99
temp,2021-05-09T06:44:55 Water_Bath_Temp 20
temp,2021-05-09T06:45:55 Water_Bath_Temp 19.99
temp,2021-05-09T06:51:34 Water_Bath_Temp 19.99
temp,2021-05-09T06:52:42 Water_Bath_Temp 19.99
temp,2021-05-09T07:08:10 Water_Bath_Temp 19.98
temp,2021-05-09T07:09:05 Water_Bath_Temp 19.99
temp,2021-05-09T07:10:36 Water_Bath_Temp 19.98
temp,2021-05-09T07:11:10 Water_Bath_Temp 19.99
temp,2021-05-09T07:11:32 Water_Bath_Temp 19.98
temp,2021-05-09T07:12:10 Water_Bath_Temp 19.99
temp,2021-05-09T07:12:32 Water_Bath_Temp 19.98
temp,2021-05-09T07:14:40 Water_Bath_Temp 19.99
temp,2021-05-09T07:15:00 Water_Bath_Temp 19.98
temp,2021-05-09T07:35:11 Water_Bath_Temp 19.97
temp,2021-05-09T07:35:34 Water_Bath_Temp 19.98
temp,2021-05-09T07:36:40 Water_Bath_Temp 19.97
temp,2021-05-09T07:37:33 Water_Bath_Temp 19.98
temp,2021-05-09T07:38:37 Water_Bath_Temp 19.97
temp,2021-05-09T07:39:03 Water_Bath_Temp 19.98
temp,2021-05-09T07:43:11 Water_Bath_Temp 19.97
temp,2021-05-09T07:44:10 Water_Bath_Temp 19.98
temp,2021-05-09T07:45:08 Water_Bath_Temp 19.97
temp,2021-05-09T07:47:10 Water_Bath_Temp 19.98
temp,2021-05-09T07:47:12 Water_Bath_Temp 19.97
temp,2021-05-09T07:54:10 Water_Bath_Temp 19.98
temp,2021-05-09T07:54:40 Water_Bath_Temp 19.97
temp,2021-05-09T07:56:19 Water_Bath_Temp 19.97
temp,2021-05-09T07:57:26 Water_Bath_Temp 19.97
temp,2021-05-09T08:27:25 Water_Bath_Temp 19.97
temp,2021-05-09T08:57:25 Water_Bath_Temp 19.98
temp,2021-05-09T08:57:44 Water_Bath_Temp 19.97
temp,2021-05-09T09:00:22 Water_Bath_Temp 19.98
temp,2021-05-09T09:01:04 Water_Bath_Temp 19.98
temp,2021-05-09T09:01:32 Water_Bath_Temp 19.97
temp,2021-05-09T09:02:00 Water_Bath_Temp 19.98
temp,2021-05-09T09:02:12 Water_Bath_Temp 19.97
temp,2021-05-09T09:02:35 Water_Bath_Temp 19.98
temp,2021-05-09T09:19:39 Water_Bath_Temp 19.99
temp,2021-05-09T09:20:04 Water_Bath_Temp 19.98
temp,2021-05-09T09:20:38 Water_Bath_Temp 19.99
temp,2021-05-09T09:21:09 Water_Bath_Temp 19.98
temp,2021-05-09T09:21:35 Water_Bath_Temp 19.99
temp,2021-05-09T09:32:40 Water_Bath_Temp 20
temp,2021-05-09T09:33:01 Water_Bath_Temp 19.99
temp,2021-05-09T09:34:08 Water_Bath_Temp 20
temp,2021-05-09T09:47:39 Water_Bath_Temp 20.01
temp,2021-05-09T09:58:08 Water_Bath_Temp 20.02
temp,2021-05-09T10:05:46 Water_Bath_Temp 20.02
temp,2021-05-09T10:06:53 Water_Bath_Temp 20.02
temp,2021-05-09T10:07:50 Water_Bath_Temp 20.03
temp,2021-05-09T10:08:21 Water_Bath_Temp 20.02
temp,2021-05-09T10:09:09 Water_Bath_Temp 20.03
temp,2021-05-09T10:19:50 Water_Bath_Temp 20.04
temp,2021-05-09T10:29:04 Water_Bath_Temp 20.05
temp,2021-05-09T10:30:52 Water_Bath_Temp 20.04
temp,2021-05-09T10:31:07 Water_Bath_Temp 20.05
temp,2021-05-09T10:34:20 Water_Bath_Temp 20.05
temp,2021-05-09T10:37:12 Water_Bath_Temp 20.06
temp,2021-05-09T10:46:48 Water_Bath_Temp 20.07
temp,2021-05-09T10:47:17 Water_Bath_Temp 20.06
temp,2021-05-09T10:47:43 Water_Bath_Temp 20.07
temp,2021-05-09T10:54:48 Water_Bath_Temp 20.08
temp,2021-05-09T10:55:14 Water_Bath_Temp 20.07
temp,2021-05-09T10:56:48 Water_Bath_Temp 20.08
temp,2021-05-09T10:57:15 Water_Bath_Temp 20.07
temp,2021-05-09T10:57:47 Water_Bath_Temp 20.08
temp,2021-05-09T11:02:36 Water_Bath_Temp 20.08
temp,2021-05-09T11:05:34 Water_Bath_Temp 20.09
temp,2021-05-09T11:06:02 Water_Bath_Temp 20.08
temp,2021-05-09T11:07:04 Water_Bath_Temp 20.09
temp,2021-05-09T11:08:04 Water_Bath_Temp 20.08
temp,2021-05-09T11:08:25 Water_Bath_Temp 20.09
temp,2021-05-09T11:09:40 Water_Bath_Temp 20.09
temp,2021-05-09T11:10:48 Water_Bath_Temp 20.09
temp,2021-05-09T11:14:10 Water_Bath_Temp 20.1
temp,2021-05-09T11:15:15 Water_Bath_Temp 20.09
temp,2021-05-09T11:15:35 Water_Bath_Temp 20.1
temp,2021-05-09T11:18:59 Water_Bath_Temp 20.1
temp,2021-05-09T11:20:08 Water_Bath_Temp 20.1
temp,2021-05-09T11:22:58 Water_Bath_Temp 20.11
temp,2021-05-09T11:24:06 Water_Bath_Temp 20.1
temp,2021-05-09T11:24:30 Water_Bath_Temp 20.11
temp,2021-05-09T11:27:12 Water_Bath_Temp 20.11
temp,2021-05-09T11:28:20 Water_Bath_Temp 20.11
temp,2021-05-09T11:29:18 Water_Bath_Temp 20.12
temp,2021-05-09T11:29:45 Water_Bath_Temp 20.11
temp,2021-05-09T11:31:11 Water_Bath_Temp 20.12
temp,2021-05-09T11:35:24 Water_Bath_Temp 20.12
temp,2021-05-09T11:36:31 Water_Bath_Temp 20.12
temp,2021-05-09T11:39:57 Water_Bath_Temp 20.13
temp,2021-05-09T11:40:23 Water_Bath_Temp 20.12
temp,2021-05-09T11:40:53 Water_Bath_Temp 20.13
temp,2021-05-09T11:43:36 Water_Bath_Temp 20.13
temp,2021-05-09T11:44:43 Water_Bath_Temp 20.13
temp,2021-05-09T11:49:09 Water_Bath_Temp 20.14
temp,2021-05-09T11:49:39 Water_Bath_Temp 20.13
temp,2021-05-09T11:50:05 Water_Bath_Temp 20.14
temp,2021-05-09T11:51:12 Water_Bath_Temp 20.13
temp,2021-05-09T11:51:14 Water_Bath_Temp 20.14
temp,2021-05-09T11:51:47 Water_Bath_Temp 20.14
temp,2021-05-09T11:58:16 Water_Bath_Temp 20.15
temp,2021-05-09T11:58:46 Water_Bath_Temp 20.14
temp,2021-05-09T11:59:08 Water_Bath_Temp 20.15
temp,2021-05-09T12:07:46 Water_Bath_Temp 20.16
temp,2021-05-09T12:08:02 Water_Bath_Temp 20.16
temp,2021-05-09T12:09:30 Water_Bath_Temp 20.15
temp,2021-05-09T12:09:51 Water_Bath_Temp 20.16
temp,2021-05-09T12:15:06 Water_Bath_Temp 20.16
temp,2021-05-09T12:16:15 Water_Bath_Temp 20.16
temp,2021-05-09T12:16:43 Water_Bath_Temp 20.17
temp,2021-05-09T12:23:19 Water_Bath_Temp 20.17
temp,2021-05-09T12:24:26 Water_Bath_Temp 20.17
temp,2021-05-09T12:27:13 Water_Bath_Temp 20.18
temp,2021-05-09T12:31:31 Water_Bath_Temp 20.18
temp,2021-05-09T12:32:38 Water_Bath_Temp 20.18
temp,2021-05-09T12:35:04 Water_Bath_Temp 20.19
temp,2021-05-09T12:35:32 Water_Bath_Temp 20.18
temp,2021-05-09T12:36:06 Water_Bath_Temp 20.19
temp,2021-05-09T12:39:43 Water_Bath_Temp 20.19
temp,2021-05-09T12:40:50 Water_Bath_Temp 20.19
temp,2021-05-09T12:44:14 Water_Bath_Temp 20.2
temp,2021-05-09T12:45:18 Water_Bath_Temp 20.19
temp,2021-05-09T12:45:50 Water_Bath_Temp 20.2
temp,2021-05-09T12:47:54 Water_Bath_Temp 20.2
temp,2021-05-09T12:49:01 Water_Bath_Temp 20.2
temp,2021-05-09T12:54:28 Water_Bath_Temp 20.21
temp,2021-05-09T12:54:59 Water_Bath_Temp 20.2
temp,2021-05-09T12:55:01 Water_Bath_Temp 20.21
temp,2021-05-09T12:56:06 Water_Bath_Temp 20.21
temp,2021-05-09T13:01:34 Water_Bath_Temp 20.22
temp,2021-05-09T13:02:01 Water_Bath_Temp 20.21
temp,2021-05-09T13:02:28 Water_Bath_Temp 20.22
temp,2021-05-09T13:09:33 Water_Bath_Temp 20.23
temp,2021-05-09T13:09:50 Water_Bath_Temp 20.22
temp,2021-05-09T13:11:34 Water_Bath_Temp 20.23
temp,2021-05-09T13:19:34 Water_Bath_Temp 20.24
temp,2021-05-09T13:20:00 Water_Bath_Temp 20.23
temp,2021-05-09T13:20:29 Water_Bath_Temp 20.24
temp,2021-05-09T13:28:33 Water_Bath_Temp 20.25
temp,2021-05-09T13:29:02 Water_Bath_Temp 20.24
temp,2021-05-09T13:29:42 Water_Bath_Temp 20.25
temp,2021-05-09T13:35:33 Water_Bath_Temp 20.26
temp,2021-05-09T13:38:23 Water_Bath_Temp 20.26
temp,2021-05-09T13:43:51 Water_Bath_Temp 20.27
temp,2021-05-09T13:44:20 Water_Bath_Temp 20.26
temp,2021-05-09T13:44:45 Water_Bath_Temp 20.27
temp,2021-05-09T13:45:22 Water_Bath_Temp 20.26
temp,2021-05-09T13:45:27 Water_Bath_Temp 20.27
temp,2021-05-09T13:46:36 Water_Bath_Temp 20.27
temp,2021-05-09T13:52:03 Water_Bath_Temp 20.28
temp,2021-05-09T13:52:32 Water_Bath_Temp 20.27
temp,2021-05-09T13:53:04 Water_Bath_Temp 20.28
temp,2021-05-09T13:53:39 Water_Bath_Temp 20.28
temp,2021-05-09T13:54:47 Water_Bath_Temp 20.28
temp,2021-05-09T13:59:14 Water_Bath_Temp 20.29
temp,2021-05-09T13:59:44 Water_Bath_Temp 20.28
temp,2021-05-09T14:00:13 Water_Bath_Temp 20.29
temp,2021-05-09T14:01:50 Water_Bath_Temp 20.29
temp,2021-05-09T14:02:58 Water_Bath_Temp 20.29
temp,2021-05-09T14:06:54 Water_Bath_Temp 20.3
temp,2021-05-09T14:10:02 Water_Bath_Temp 20.3
temp,2021-05-09T14:11:10 Water_Bath_Temp 20.3
temp,2021-05-09T14:14:06 Water_Bath_Temp 20.31
temp,2021-05-09T14:14:34 Water_Bath_Temp 20.3
temp,2021-05-09T14:14:51 Water_Bath_Temp 20.31
temp,2021-05-09T14:18:56 Water_Bath_Temp 20.31
temp,2021-05-09T14:20:04 Water_Bath_Temp 20.32
temp,2021-05-09T14:26:31 Water_Bath_Temp 20.33
temp,2021-05-09T14:26:57 Water_Bath_Temp 20.32
temp,2021-05-09T14:27:07 Water_Bath_Temp 20.32
temp,2021-05-09T14:28:05 Water_Bath_Temp 20.33
temp,2021-05-09T14:33:35 Water_Bath_Temp 20.34
temp,2021-05-09T14:35:05 Water_Bath_Temp 20.33
temp,2021-05-09T14:35:18 Water_Bath_Temp 20.34
temp,2021-05-09T14:40:01 Water_Bath_Temp 20.35
temp,2021-05-09T14:40:20 Water_Bath_Temp 20.34
temp,2021-05-09T14:41:01 Water_Bath_Temp 20.35
temp,2021-05-09T14:41:50 Water_Bath_Temp 20.35
temp,2021-05-09T14:46:18 Water_Bath_Temp 20.36
temp,2021-05-09T14:46:39 Water_Bath_Temp 20.35
temp,2021-05-09T14:48:19 Water_Bath_Temp 20.36
temp,2021-05-09T14:52:48 Water_Bath_Temp 20.37
temp,2021-05-09T14:53:18 Water_Bath_Temp 20.36
temp,2021-05-09T14:53:48 Water_Bath_Temp 20.37
temp,2021-05-09T14:54:18 Water_Bath_Temp 20.36
temp,2021-05-09T14:54:20 Water_Bath_Temp 20.37
temp,2021-05-09T14:59:59 Water_Bath_Temp 20.38
temp,2021-05-09T15:05:45 Water_Bath_Temp 20.39
temp,2021-05-09T15:06:15 Water_Bath_Temp 20.38
temp,2021-05-09T15:06:45 Water_Bath_Temp 20.39
temp,2021-05-09T15:12:45 Water_Bath_Temp 20.4
temp,2021-05-09T15:19:18 Water_Bath_Temp 20.41
temp,2021-05-09T15:25:13 Water_Bath_Temp 20.42
temp,2021-05-09T15:25:48 Water_Bath_Temp 20.41
temp,2021-05-09T15:26:04 Water_Bath_Temp 20.42
temp,2021-05-09T15:31:16 Water_Bath_Temp 20.43
temp,2021-05-09T15:37:16 Water_Bath_Temp 20.44
temp,2021-05-09T15:37:47 Water_Bath_Temp 20.43
temp,2021-05-09T15:38:25 Water_Bath_Temp 20.44
temp,2021-05-09T15:44:14 Water_Bath_Temp 20.45
temp,2021-05-09T15:51:30 Water_Bath_Temp 20.46
temp,2021-05-09T15:58:18 Water_Bath_Temp 20.47
temp,2021-05-09T16:04:48 Water_Bath_Temp 20.48
temp,2021-05-09T16:10:14 Water_Bath_Temp 20.49
temp,2021-05-09T16:17:16 Water_Bath_Temp 20.5
temp,2021-05-09T16:18:16 Water_Bath_Temp 20.49
temp,2021-05-09T16:18:38 Water_Bath_Temp 20.5
temp,2021-05-09T16:24:13 Water_Bath_Temp 20.51
temp,2021-05-09T16:29:48 Water_Bath_Temp 20.52
temp,2021-05-09T16:30:12 Water_Bath_Temp 20.51
temp,2021-05-09T16:31:42 Water_Bath_Temp 20.52
temp,2021-05-09T16:38:15 Water_Bath_Temp 20.53
temp,2021-05-09T16:44:46 Water_Bath_Temp 20.54
temp,2021-05-09T16:50:47 Water_Bath_Temp 20.55
temp,2021-05-09T16:58:47 Water_Bath_Temp 20.56
temp,2021-05-09T17:05:18 Water_Bath_Temp 20.57
temp,2021-05-09T17:06:48 Water_Bath_Temp 20.56
temp,2021-05-09T17:07:11 Water_Bath_Temp 20.57
temp,2021-05-09T17:11:48 Water_Bath_Temp 20.58
temp,2021-05-09T17:12:14 Water_Bath_Temp 20.57
temp,2021-05-09T17:12:42 Water_Bath_Temp 20.58
temp,2021-05-09T17:18:48 Water_Bath_Temp 20.59
temp,2021-05-09T17:19:17 Water_Bath_Temp 20.58
temp,2021-05-09T17:19:42 Water_Bath_Temp 20.59
temp,2021-05-09T17:20:16 Water_Bath_Temp 20.58
temp,2021-05-09T17:20:43 Water_Bath_Temp 20.59
temp,2021-05-09T17:23:41 Water_Bath_Temp 20.59
temp,2021-05-09T17:24:46 Water_Bath_Temp 20.59
temp,2021-05-09T17:26:14 Water_Bath_Temp 20.6
temp,2021-05-09T17:26:40 Water_Bath_Temp 20.59
temp,2021-05-09T17:27:03 Water_Bath_Temp 20.6
temp,2021-05-09T17:33:40 Water_Bath_Temp 20.61
temp,2021-05-09T17:39:42 Water_Bath_Temp 20.62
temp,2021-05-09T17:40:42 Water_Bath_Temp 20.61
temp,2021-05-09T17:40:47 Water_Bath_Temp 20.62
temp,2021-05-09T17:46:45 Water_Bath_Temp 20.63
temp,2021-05-09T17:53:15 Water_Bath_Temp 20.64
temp,2021-05-09T17:59:45 Water_Bath_Temp 20.65
temp,2021-05-09T18:05:42 Water_Bath_Temp 20.66
temp,2021-05-09T18:12:14 Water_Bath_Temp 20.67
temp,2021-05-09T18:17:43 Water_Bath_Temp 20.68
temp,2021-05-09T18:21:45 Water_Bath_Temp 20.69
temp,2021-05-09T18:21:46 Water_Bath_Temp 20.68
temp,2021-05-09T18:23:15 Water_Bath_Temp 20.69
temp,2021-05-09T18:23:45 Water_Bath_Temp 20.68
temp,2021-05-09T18:24:45 Water_Bath_Temp 20.69
temp,2021-05-09T18:27:52 Water_Bath_Temp 20.69
temp,2021-05-09T18:29:20 Water_Bath_Temp 20.7
temp,2021-05-09T18:29:49 Water_Bath_Temp 20.69
temp,2021-05-09T18:30:20 Water_Bath_Temp 20.7
temp,2021-05-09T18:35:38 Water_Bath_Temp 20.71
temp,2021-05-09T18:41:15 Water_Bath_Temp 20.72
temp,2021-05-09T18:46:20 Water_Bath_Temp 20.73
temp,2021-05-09T18:51:48 Water_Bath_Temp 20.74
temp,2021-05-09T18:56:49 Water_Bath_Temp 20.75
temp,2021-05-09T19:02:20 Water_Bath_Temp 20.76
temp,2021-05-09T19:02:48 Water_Bath_Temp 20.75
temp,2021-05-09T19:03:20 Water_Bath_Temp 20.76
temp,2021-05-09T19:07:19 Water_Bath_Temp 20.77
temp,2021-05-09T19:07:50 Water_Bath_Temp 20.76
temp,2021-05-09T19:08:06 Water_Bath_Temp 20.77
temp,2021-05-09T19:13:11 Water_Bath_Temp 20.78
temp,2021-05-09T19:18:45 Water_Bath_Temp 20.79
temp,2021-05-09T19:22:42 Water_Bath_Temp 20.8
temp,2021-05-09T19:27:48 Water_Bath_Temp 20.81
temp,2021-05-09T19:31:30 Water_Bath_Temp 20.81
temp,2021-05-09T19:32:36 Water_Bath_Temp 20.82
temp,2021-05-09T19:33:02 Water_Bath_Temp 20.81
temp,2021-05-09T19:33:34 Water_Bath_Temp 20.82
temp,2021-05-09T19:38:07 Water_Bath_Temp 20.83
temp,2021-05-09T19:43:02 Water_Bath_Temp 20.84
temp,2021-05-09T19:48:28 Water_Bath_Temp 20.85
temp,2021-05-09T19:52:41 Water_Bath_Temp 20.86
temp,2021-05-09T19:57:33 Water_Bath_Temp 20.87
temp,2021-05-09T20:02:03 Water_Bath_Temp 20.88
temp,2021-05-09T20:06:23 Water_Bath_Temp 20.89
temp,2021-05-09T20:11:01 Water_Bath_Temp 20.9
temp,2021-05-09T20:15:26 Water_Bath_Temp 20.91
temp,2021-05-09T20:20:25 Water_Bath_Temp 20.92
temp,2021-05-09T20:25:03 Water_Bath_Temp 20.93
temp,2021-05-09T20:28:34 Water_Bath_Temp 20.94
temp,2021-05-09T20:33:33 Water_Bath_Temp 20.95
temp,2021-05-09T20:36:15 Water_Bath_Temp 20.95
temp,2021-05-09T20:37:21 Water_Bath_Temp 20.95
temp,2021-05-09T20:38:15 Water_Bath_Temp 20.96
temp,2021-05-09T20:43:20 Water_Bath_Temp 20.97
temp,2021-05-09T20:47:34 Water_Bath_Temp 20.98
temp,2021-05-09T20:52:42 Water_Bath_Temp 20.99
temp,2021-05-09T20:57:11 Water_Bath_Temp 21
temp,2021-05-09T21:02:16 Water_Bath_Temp 21.01
temp,2021-05-09T21:07:47 Water_Bath_Temp 21.02
temp,2021-05-09T21:12:18 Water_Bath_Temp 21.03
temp,2021-05-09T21:16:46 Water_Bath_Temp 21.04
temp,2021-05-09T21:17:17 Water_Bath_Temp 21.03
temp,2021-05-09T21:17:39 Water_Bath_Temp 21.04
temp,2021-05-09T21:22:44 Water_Bath_Temp 21.05
temp,2021-05-09T21:28:09 Water_Bath_Temp 21.06
temp,2021-05-09T21:33:17 Water_Bath_Temp 21.07
temp,2021-05-09T21:39:12 Water_Bath_Temp 21.08
temp,2021-05-09T21:43:46 Water_Bath_Temp 21.09
temp,2021-05-09T21:44:06 Water_Bath_Temp 21.08
temp,2021-05-09T21:44:48 Water_Bath_Temp 21.09
temp,2021-05-09T21:46:56 Water_Bath_Temp 21.09
temp,2021-05-09T21:48:05 Water_Bath_Temp 21.09
temp,2021-05-09T21:50:33 Water_Bath_Temp 21.1
temp,2021-05-09T21:56:01 Water_Bath_Temp 21.11
temp,2021-05-09T21:56:31 Water_Bath_Temp 21.1
temp,2021-05-09T21:57:24 Water_Bath_Temp 21.11
temp,2021-05-09T22:02:03 Water_Bath_Temp 21.12
temp,2021-05-09T22:03:32 Water_Bath_Temp 21.11
temp,2021-05-09T22:03:43 Water_Bath_Temp 21.12
temp,2021-05-09T22:09:01 Water_Bath_Temp 21.13
temp,2021-05-09T22:15:02 Water_Bath_Temp 21.14
temp,2021-05-09T22:16:03 Water_Bath_Temp 21.13
temp,2021-05-09T22:16:18 Water_Bath_Temp 21.14
temp,2021-05-09T22:22:03 Water_Bath_Temp 21.15
temp,2021-05-09T22:28:32 Water_Bath_Temp 21.16
temp,2021-05-09T22:35:03 Water_Bath_Temp 21.17
temp,2021-05-09T22:40:33 Water_Bath_Temp 21.18
temp,2021-05-09T22:40:58 Water_Bath_Temp 21.17
temp,2021-05-09T22:42:00 Water_Bath_Temp 21.18
temp,2021-05-09T22:48:32 Water_Bath_Temp 21.19
temp,2021-05-09T22:51:43 Water_Bath_Temp 21.19
temp,2021-05-09T22:52:51 Water_Bath_Temp 21.19
temp,2021-05-09T22:55:49 Water_Bath_Temp 21.2
temp,2021-05-09T22:57:49 Water_Bath_Temp 21.19
temp,2021-05-09T22:57:50 Water_Bath_Temp 21.2
temp,2021-05-09T23:02:47 Water_Bath_Temp 21.21
temp,2021-05-09T23:11:49 Water_Bath_Temp 21.22
temp,2021-05-09T23:12:18 Water_Bath_Temp 21.21
temp,2021-05-09T23:12:33 Water_Bath_Temp 21.22
temp,2021-05-09T23:19:48 Water_Bath_Temp 21.23
temp,2021-05-09T23:27:48 Water_Bath_Temp 21.24
temp,2021-05-09T23:28:17 Water_Bath_Temp 21.23
temp,2021-05-09T23:28:33 Water_Bath_Temp 21.24
temp,2021-05-09T23:37:10 Water_Bath_Temp 21.25
temp,2021-05-09T23:46:18 Water_Bath_Temp 21.26
temp,2021-05-09T23:56:54 Water_Bath_Temp 21.27
temp,2021-05-09T23:57:20 Water_Bath_Temp 21.26
temp,2021-05-09T23:58:02 Water_Bath_Temp 21.27
temp,2021-05-10T00:09:31 Water_Bath_Temp 21.28
temp,2021-05-10T00:20:57 Water_Bath_Temp 21.29
temp,2021-05-10T00:21:28 Water_Bath_Temp 21.28
temp,2021-05-10T00:22:59 Water_Bath_Temp 21.29
temp,2021-05-10T00:35:01 Water_Bath_Temp 21.3
temp,2021-05-10T00:35:16 Water_Bath_Temp 21.29
temp,2021-05-10T00:36:31 Water_Bath_Temp 21.3
temp,2021-05-10T00:37:28 Water_Bath_Temp 21.29
temp,2021-05-10T00:37:56 Water_Bath_Temp 21.3
temp,2021-05-10T00:39:00 Water_Bath_Temp 21.29
temp,2021-05-10T00:39:01 Water_Bath_Temp 21.3
temp,2021-05-10T00:52:31 Water_Bath_Temp 21.31
temp,2021-05-10T00:53:00 Water_Bath_Temp 21.3
temp,2021-05-10T00:54:55 Water_Bath_Temp 21.31
temp,2021-05-10T01:01:43 Water_Bath_Temp 21.31
temp,2021-05-10T01:02:50 Water_Bath_Temp 21.31
temp,2021-05-10T01:12:18 Water_Bath_Temp 21.32
temp,2021-05-10T01:16:19 Water_Bath_Temp 21.31
temp,2021-05-10T01:16:21 Water_Bath_Temp 21.32
temp,2021-05-10T01:31:49 Water_Bath_Temp 21.33
temp,2021-05-10T01:32:15 Water_Bath_Temp 21.32
temp,2021-05-10T01:33:18 Water_Bath_Temp 21.33
temp,2021-05-10T01:49:46 Water_Bath_Temp 21.34
temp,2021-05-10T01:50:16 Water_Bath_Temp 21.33
temp,2021-05-10T01:52:48 Water_Bath_Temp 21.34
temp,2021-05-10T01:53:49 Water_Bath_Temp 21.33
temp,2021-05-10T01:54:16 Water_Bath_Temp 21.34
temp,2021-05-10T02:06:29 Water_Bath_Temp 21.34
temp,2021-05-10T02:07:38 Water_Bath_Temp 21.34
temp,2021-05-10T02:11:36 Water_Bath_Temp 21.35
temp,2021-05-10T02:12:00 Water_Bath_Temp 21.34
temp,2021-05-10T02:13:32 Water_Bath_Temp 21.35
temp,2021-05-10T02:13:41 Water_Bath_Temp 21.34
temp,2021-05-10T02:15:06 Water_Bath_Temp 21.35
temp,2021-05-10T02:16:05 Water_Bath_Temp 21.34
temp,2021-05-10T02:16:28 Water_Bath_Temp 21.35
temp,2021-05-10T02:17:06 Water_Bath_Temp 21.34
temp,2021-05-10T02:18:05 Water_Bath_Temp 21.35
temp,2021-05-10T02:18:32 Water_Bath_Temp 21.34
temp,2021-05-10T02:18:37 Water_Bath_Temp 21.35
temp,2021-05-10T02:41:03 Water_Bath_Temp 21.36
temp,2021-05-10T02:41:30 Water_Bath_Temp 21.35
temp,2021-05-10T02:42:04 Water_Bath_Temp 21.36
temp,2021-05-10T02:42:32 Water_Bath_Temp 21.35
temp,2021-05-10T02:43:04 Water_Bath_Temp 21.36
temp,2021-05-10T02:43:35 Water_Bath_Temp 21.35
temp,2021-05-10T02:44:33 Water_Bath_Temp 21.36
temp,2021-05-10T02:45:36 Water_Bath_Temp 21.35
temp,2021-05-10T02:46:05 Water_Bath_Temp 21.36
temp,2021-05-10T03:03:05 Water_Bath_Temp 21.37
temp,2021-05-10T03:03:34 Water_Bath_Temp 21.36
temp,2021-05-10T03:04:04 Water_Bath_Temp 21.37
temp,2021-05-10T03:04:32 Water_Bath_Temp 21.36
temp,2021-05-10T03:05:35 Water_Bath_Temp 21.37
temp,2021-05-10T03:06:04 Water_Bath_Temp 21.36
temp,2021-05-10T03:06:28 Water_Bath_Temp 21.37
temp,2021-05-10T03:07:03 Water_Bath_Temp 21.36
temp,2021-05-10T03:07:59 Water_Bath_Temp 21.37
temp,2021-05-10T03:08:36 Water_Bath_Temp 21.36
temp,2021-05-10T03:09:03 Water_Bath_Temp 21.37
temp,2021-05-10T03:11:17 Water_Bath_Temp 21.37
temp,2021-05-10T03:12:25 Water_Bath_Temp 21.37
temp,2021-05-10T03:42:24 Water_Bath_Temp 21.37
temp,2021-05-10T04:12:24 Water_Bath_Temp 21.37
temp,2021-05-10T04:16:04 Water_Bath_Temp 21.37
temp,2021-05-10T04:17:12 Water_Bath_Temp 21.37
temp,2021-05-10T04:23:40 Water_Bath_Temp 21.36
temp,2021-05-10T04:24:03 Water_Bath_Temp 21.37
temp,2021-05-10T04:27:09 Water_Bath_Temp 21.36
temp,2021-05-10T04:28:10 Water_Bath_Temp 21.37
temp,2021-05-10T04:29:08 Water_Bath_Temp 21.36
temp,2021-05-10T04:30:11 Water_Bath_Temp 21.37
temp,2021-05-10T04:30:41 Water_Bath_Temp 21.36
temp,2021-05-10T04:31:40 Water_Bath_Temp 21.37
temp,2021-05-10T04:31:53 Water_Bath_Temp 21.36
temp,2021-05-10T04:32:41 Water_Bath_Temp 21.37
temp,2021-05-10T04:33:34 Water_Bath_Temp 21.36
temp,2021-05-10T04:35:39 Water_Bath_Temp 21.37
temp,2021-05-10T04:36:07 Water_Bath_Temp 21.36
temp,2021-05-10T05:02:11 Water_Bath_Temp 21.35
temp,2021-05-10T05:02:13 Water_Bath_Temp 21.36
temp,2021-05-10T05:10:39 Water_Bath_Temp 21.35
temp,2021-05-10T05:11:06 Water_Bath_Temp 21.36
temp,2021-05-10T05:12:03 Water_Bath_Temp 21.35
temp,2021-05-10T05:12:41 Water_Bath_Temp 21.36
temp,2021-05-10T05:13:37 Water_Bath_Temp 21.35
temp,2021-05-10T05:21:09 Water_Bath_Temp 21.35
temp,2021-05-10T05:22:17 Water_Bath_Temp 21.35
temp,2021-05-10T05:36:44 Water_Bath_Temp 21.34
temp,2021-05-10T05:39:15 Water_Bath_Temp 21.35
temp,2021-05-10T05:39:39 Water_Bath_Temp 21.34
temp,2021-05-10T05:59:42 Water_Bath_Temp 21.33
temp,2021-05-10T06:00:44 Water_Bath_Temp 21.34
temp,2021-05-10T06:01:33 Water_Bath_Temp 21.33
temp,2021-05-10T06:17:11 Water_Bath_Temp 21.32
temp,2021-05-10T06:17:38 Water_Bath_Temp 21.33
temp,2021-05-10T06:19:32 Water_Bath_Temp 21.32
temp,2021-05-10T06:25:55 Water_Bath_Temp 21.32
temp,2021-05-10T06:27:04 Water_Bath_Temp 21.32
temp,2021-05-10T06:32:01 Water_Bath_Temp 21.31
temp,2021-05-10T06:32:20 Water_Bath_Temp 21.32
temp,2021-05-10T06:34:22 Water_Bath_Temp 21.31
temp,2021-05-10T06:36:01 Water_Bath_Temp 21.32
temp,2021-05-10T06:36:27 Water_Bath_Temp 21.31
temp,2021-05-10T06:48:28 Water_Bath_Temp 21.3
temp,2021-05-10T06:49:31 Water_Bath_Temp 21.31
temp,2021-05-10T06:49:52 Water_Bath_Temp 21.3
temp,2021-05-10T07:01:59 Water_Bath_Temp 21.29
temp,2021-05-10T07:02:26 Water_Bath_Temp 21.3
temp,2021-05-10T07:04:02 Water_Bath_Temp 21.29
temp,2021-05-10T07:13:32 Water_Bath_Temp 21.28
temp,2021-05-10T07:13:50 Water_Bath_Temp 21.29
temp,2021-05-10T07:15:28 Water_Bath_Temp 21.28
temp,2021-05-10T07:30:43 Water_Bath_Temp 21.28
temp,2021-05-10T07:31:51 Water_Bath_Temp 21.28
temp,2021-05-10T07:33:19 Water_Bath_Temp 21.27
temp,2021-05-10T07:34:19 Water_Bath_Temp 21.28
temp,2021-05-10T07:35:10 Water_Bath_Temp 21.27
temp,2021-05-10T07:48:43 Water_Bath_Temp 21.26
temp,2021-05-10T07:49:19 Water_Bath_Temp 21.27
temp,2021-05-10T07:49:58 Water_Bath_Temp 21.26
temp,2021-05-10T08:03:49 Water_Bath_Temp 21.25
temp,2021-05-10T08:03:50 Water_Bath_Temp 21.26
temp,2021-05-10T08:05:17 Water_Bath_Temp 21.25
temp,2021-05-10T08:05:31 Water_Bath_Temp 21.26
temp,2021-05-10T08:07:43 Water_Bath_Temp 21.25
temp,2021-05-10T08:22:49 Water_Bath_Temp 21.24
temp,2021-05-10T08:23:16 Water_Bath_Temp 21.25
temp,2021-05-10T08:24:18 Water_Bath_Temp 21.24
temp,2021-05-10T08:24:48 Water_Bath_Temp 21.25
temp,2021-05-10T08:26:10 Water_Bath_Temp 21.24
temp,2021-05-10T08:34:44 Water_Bath_Temp 21.24
temp,2021-05-10T08:35:53 Water_Bath_Temp 21.24
temp,2021-05-10T08:37:19 Water_Bath_Temp 21.23
temp,2021-05-10T08:37:40 Water_Bath_Temp 21.24
temp,2021-05-10T08:39:21 Water_Bath_Temp 21.23
temp,2021-05-10T08:41:51 Water_Bath_Temp 21.24
temp,2021-05-10T08:42:51 Water_Bath_Temp 21.23
temp,2021-05-10T08:53:51 Water_Bath_Temp 21.22
temp,2021-05-10T08:54:18 Water_Bath_Temp 21.23
temp,2021-05-10T08:54:51 Water_Bath_Temp 21.22
temp,2021-05-10T09:05:21 Water_Bath_Temp 21.21
temp,2021-05-10T09:05:43 Water_Bath_Temp 21.22
temp,2021-05-10T09:06:48 Water_Bath_Temp 21.21
temp,2021-05-10T09:07:49 Water_Bath_Temp 21.22
temp,2021-05-10T09:08:16 Water_Bath_Temp 21.21
temp,2021-05-10T09:18:19 Water_Bath_Temp 21.2
temp,2021-05-10T09:18:51 Water_Bath_Temp 21.21
temp,2021-05-10T09:19:05 Water_Bath_Temp 21.2
temp,2021-05-10T09:28:50 Water_Bath_Temp 21.19
temp,2021-05-10T09:29:19 Water_Bath_Temp 21.2
temp,2021-05-10T09:30:19 Water_Bath_Temp 21.19
temp,2021-05-10T09:30:49 Water_Bath_Temp 21.2
temp,2021-05-10T09:31:14 Water_Bath_Temp 21.19
temp,2021-05-10T09:35:36 Water_Bath_Temp 21.19
temp,2021-05-10T09:36:43 Water_Bath_Temp 21.19
temp,2021-05-10T09:45:41 Water_Bath_Temp 21.18
temp,2021-05-10T09:46:12 Water_Bath_Temp 21.19
temp,2021-05-10T09:46:40 Water_Bath_Temp 21.18
temp,2021-05-10T09:47:41 Water_Bath_Temp 21.19
temp,2021-05-10T09:48:10 Water_Bath_Temp 21.18
temp,2021-05-10T09:48:38 Water_Bath_Temp 21.19
temp,2021-05-10T09:49:03 Water_Bath_Temp 21.18
temp,2021-05-10T09:54:11 Water_Bath_Temp 21.19
temp,2021-05-10T09:54:35 Water_Bath_Temp 21.18
temp,2021-05-10T09:58:11 Water_Bath_Temp 21.19
temp,2021-05-10T09:59:11 Water_Bath_Temp 21.18
temp,2021-05-10T10:10:12 Water_Bath_Temp 21.19
temp,2021-05-10T10:10:24 Water_Bath_Temp 21.18
temp,2021-05-10T10:22:28 Water_Bath_Temp 21.18
temp,2021-05-10T10:48:26 Water_Bath_Temp 21.17
temp,2021-05-10T10:52:27 Water_Bath_Temp 21.18
temp,2021-05-10T10:52:56 Water_Bath_Temp 21.17
temp,2021-05-10T11:03:57 Water_Bath_Temp 21.16
temp,2021-05-10T11:04:25 Water_Bath_Temp 21.17
temp,2021-05-10T11:04:57 Water_Bath_Temp 21.16
temp,2021-05-10T11:16:24 Water_Bath_Temp 21.15
temp,2021-05-10T11:17:57 Water_Bath_Temp 21.16
temp,2021-05-10T11:18:23 Water_Bath_Temp 21.15
temp,2021-05-10T11:18:57 Water_Bath_Temp 21.16
temp,2021-05-10T11:18:59 Water_Bath_Temp 21.15
temp,2021-05-10T11:22:14 Water_Bath_Temp 21.15
temp,2021-05-10T11:23:23 Water_Bath_Temp 21.15
temp,2021-05-10T11:26:50 Water_Bath_Temp 21.14
temp,2021-05-10T11:27:19 Water_Bath_Temp 21.15
temp,2021-05-10T11:28:21 Water_Bath_Temp 21.14
temp,2021-05-10T11:40:19 Water_Bath_Temp 21.13
temp,2021-05-10T11:55:21 Water_Bath_Temp 21.12
temp,2021-05-10T12:08:20 Water_Bath_Temp 21.11
temp,2021-05-10T12:08:41 Water_Bath_Temp 21.12
temp,2021-05-10T12:09:14 Water_Bath_Temp 21.11
temp,2021-05-10T12:09:50 Water_Bath_Temp 21.12
temp,2021-05-10T12:10:21 Water_Bath_Temp 21.11
temp,2021-05-10T12:11:21 Water_Bath_Temp 21.12
temp,2021-05-10T12:11:25 Water_Bath_Temp 21.11
temp,2021-05-10T12:21:51 Water_Bath_Temp 21.1
temp,2021-05-10T12:22:14 Water_Bath_Temp 21.11
temp,2021-05-10T12:23:08 Water_Bath_Temp 21.11
temp,2021-05-10T12:23:34 Water_Bath_Temp 21.1
temp,2021-05-10T12:24:06 Water_Bath_Temp 21.11
temp,2021-05-10T12:24:16 Water_Bath_Temp 21.11
temp,2021-05-10T12:25:40 Water_Bath_Temp 21.1
temp,2021-05-10T12:27:49 Water_Bath_Temp 21.1
temp,2021-05-10T12:39:17 Water_Bath_Temp 21.09
temp,2021-05-10T12:39:22 Water_Bath_Temp 21.1
temp,2021-05-10T12:41:43 Water_Bath_Temp 21.09
temp,2021-05-10T12:50:11 Water_Bath_Temp 21.09
temp,2021-05-10T12:55:27 Water_Bath_Temp 21.08
temp,2021-05-10T12:56:36 Water_Bath_Temp 21.09
temp,2021-05-10T12:56:50 Water_Bath_Temp 21.08
temp,2021-05-10T12:57:58 Water_Bath_Temp 21.08
temp,2021-05-10T13:04:37 Water_Bath_Temp 21.08
temp,2021-05-10T13:05:44 Water_Bath_Temp 21.08
temp,2021-05-10T13:09:12 Water_Bath_Temp 21.07
temp,2021-05-10T13:10:42 Water_Bath_Temp 21.08
temp,2021-05-10T13:11:11 Water_Bath_Temp 21.07
temp,2021-05-10T13:12:23 Water_Bath_Temp 21.07
temp,2021-05-10T13:13:30 Water_Bath_Temp 21.07
temp,2021-05-10T13:25:58 Water_Bath_Temp 21.06
temp,2021-05-10T13:26:00 Water_Bath_Temp 21.07
temp,2021-05-10T13:27:52 Water_Bath_Temp 21.07
temp,2021-05-10T13:28:47 Water_Bath_Temp 21.06
temp,2021-05-10T13:29:01 Water_Bath_Temp 21.07
temp,2021-05-10T13:29:25 Water_Bath_Temp 21.06
temp,2021-05-10T13:29:58 Water_Bath_Temp 21.07
temp,2021-05-10T13:30:14 Water_Bath_Temp 21.06
temp,2021-05-10T13:30:59 Water_Bath_Temp 21.07
temp,2021-05-10T13:31:26 Water_Bath_Temp 21.06
temp,2021-05-10T13:35:39 Water_Bath_Temp 21.06
temp,2021-05-10T13:36:47 Water_Bath_Temp 21.06
temp,2021-05-10T13:43:25 Water_Bath_Temp 21.06
temp,2021-05-10T13:44:53 Water_Bath_Temp 21.05
temp,2021-05-10T13:45:23 Water_Bath_Temp 21.06
temp,2021-05-10T13:45:51 Water_Bath_Temp 21.05
temp,2021-05-10T13:46:51 Water_Bath_Temp 21.06
temp,2021-05-10T13:47:41 Water_Bath_Temp 21.05
temp,2021-05-10T14:04:21 Water_Bath_Temp 21.04
temp,2021-05-10T14:04:53 Water_Bath_Temp 21.05
temp,2021-05-10T14:05:19 Water_Bath_Temp 21.04
temp,2021-05-10T14:11:32 Water_Bath_Temp 21.04
temp,2021-05-10T14:12:39 Water_Bath_Temp 21.04
temp,2021-05-10T14:21:05 Water_Bath_Temp 21.03
temp,2021-05-10T14:21:36 Water_Bath_Temp 21.04
temp,2021-05-10T14:22:04 Water_Bath_Temp 21.03
temp,2021-05-10T14:22:37 Water_Bath_Temp 21.04
temp,2021-05-10T14:23:04 Water_Bath_Temp 21.03
temp,2021-05-10T14:24:35 Water_Bath_Temp 21.03
temp,2021-05-10T14:25:33 Water_Bath_Temp 21.04
temp,2021-05-10T14:25:42 Water_Bath_Temp 21.03
temp,2021-05-10T14:32:21 Water_Bath_Temp 21.03
temp,2021-05-10T14:33:29 Water_Bath_Temp 21.03
temp,2021-05-10T14:40:08 Water_Bath_Temp 21.03
temp,2021-05-10T14:41:15 Water_Bath_Temp 21.03
temp,2021-05-10T14:44:13 Water_Bath_Temp 21.02
temp,2021-05-10T14:44:44 Water_Bath_Temp 21.03
temp,2021-05-10T14:46:14 Water_Bath_Temp 21.02
temp,2021-05-10T14:47:54 Water_Bath_Temp 21.02
temp,2021-05-10T14:49:02 Water_Bath_Temp 21.02
temp,2021-05-10T14:55:41 Water_Bath_Temp 21.02
temp,2021-05-10T15:12:38 Water_Bath_Temp 21.01
temp,2021-05-10T15:13:04 Water_Bath_Temp 21.02
temp,2021-05-10T15:17:38 Water_Bath_Temp 21.01
temp,2021-05-10T15:17:40 Water_Bath_Temp 21.02
temp,2021-05-10T15:18:39 Water_Bath_Temp 21.01
temp,2021-05-10T15:19:09 Water_Bath_Temp 21.02
temp,2021-05-10T15:20:09 Water_Bath_Temp 21.01
temp,2021-05-10T15:21:09 Water_Bath_Temp 21.02
temp,2021-05-10T15:23:06 Water_Bath_Temp 21.01
temp,2021-05-10T15:26:09 Water_Bath_Temp 21.02
temp,2021-05-10T15:26:29 Water_Bath_Temp 21.01
temp,2021-05-10T15:27:07 Water_Bath_Temp 21.02
temp,2021-05-10T15:27:10 Water_Bath_Temp 21.01
temp,2021-05-10T15:57:40 Water_Bath_Temp 21.01
temp,2021-05-10T16:07:38 Water_Bath_Temp 21
temp,2021-05-10T16:08:05 Water_Bath_Temp 21.01
temp,2021-05-10T16:08:38 Water_Bath_Temp 21
temp,2021-05-10T16:09:08 Water_Bath_Temp 21.01
temp,2021-05-10T16:09:39 Water_Bath_Temp 21
temp,2021-05-10T16:10:08 Water_Bath_Temp 21.01
temp,2021-05-10T16:11:39 Water_Bath_Temp 21
temp,2021-05-10T16:12:36 Water_Bath_Temp 21.01
temp,2021-05-10T16:13:31 Water_Bath_Temp 21
temp,2021-05-10T16:14:09 Water_Bath_Temp 21.01
temp,2021-05-10T16:15:33 Water_Bath_Temp 21
temp,2021-05-10T16:16:09 Water_Bath_Temp 21.01
temp,2021-05-10T16:16:31 Water_Bath_Temp 21
temp,2021-05-10T16:17:04 Water_Bath_Temp 21.01
temp,2021-05-10T16:18:07 Water_Bath_Temp 21
temp,2021-05-10T16:18:39 Water_Bath_Temp 21.01
temp,2021-05-10T16:19:06 Water_Bath_Temp 21
temp,2021-05-10T16:23:38 Water_Bath_Temp 21.01
temp,2021-05-10T16:24:08 Water_Bath_Temp 21
temp,2021-05-10T16:24:12 Water_Bath_Temp 21.01
temp,2021-05-10T16:24:20 Water_Bath_Temp 21
temp,2021-05-10T16:25:36 Water_Bath_Temp 21.01
temp,2021-05-10T16:25:48 Water_Bath_Temp 21
temp,2021-05-10T16:56:05 Water_Bath_Temp 21
temp,2021-05-10T17:26:05 Water_Bath_Temp 21
temp,2021-05-10T17:40:39 Water_Bath_Temp 21
temp,2021-05-10T17:47:06 Water_Bath_Temp 20.99
temp,2021-05-10T17:47:09 Water_Bath_Temp 21
temp,2021-05-10T17:54:37 Water_Bath_Temp 20.99
temp,2021-05-10T17:55:07 Water_Bath_Temp 21
temp,2021-05-10T18:00:36 Water_Bath_Temp 20.99
temp,2021-05-10T18:01:03 Water_Bath_Temp 21
temp,2021-05-10T18:02:07 Water_Bath_Temp 20.99
temp,2021-05-10T18:02:10 Water_Bath_Temp 21
temp,2021-05-10T18:03:07 Water_Bath_Temp 20.99
temp,2021-05-10T18:03:49 Water_Bath_Temp 21
temp,2021-05-10T18:09:35 Water_Bath_Temp 20.99
temp,2021-05-10T18:10:03 Water_Bath_Temp 21
temp,2021-05-10T18:11:05 Water_Bath_Temp 20.99
temp,2021-05-10T18:11:34 Water_Bath_Temp 21
temp,2021-05-10T18:13:07 Water_Bath_Temp 20.99
temp,2021-05-10T18:14:04 Water_Bath_Temp 21
temp,2021-05-10T18:14:35 Water_Bath_Temp 20.99
temp,2021-05-10T18:15:38 Water_Bath_Temp 21
temp,2021-05-10T18:16:06 Water_Bath_Temp 20.99
temp,2021-05-10T18:19:35 Water_Bath_Temp 21
temp,2021-05-10T18:19:55 Water_Bath_Temp 20.99
temp,2021-05-10T18:22:35 Water_Bath_Temp 21
temp,2021-05-10T18:22:59 Water_Bath_Temp 20.99
temp,2021-05-10T18:25:37 Water_Bath_Temp 21
temp,2021-05-10T18:26:04 Water_Bath_Temp 20.99
temp,2021-05-10T18:27:37 Water_Bath_Temp 21
temp,2021-05-10T18:27:41 Water_Bath_Temp 20.99
temp,2021-05-10T18:40:23 Water_Bath_Temp 20.99
temp,2021-05-10T18:40:32 Water_Bath_Temp 20.99
temp,2021-05-10T19:10:31 Water_Bath_Temp 20.99
temp,2021-05-10T19:16:00 Water_Bath_Temp 20.98
temp,2021-05-10T19:16:18 Water_Bath_Temp 20.99
temp,2021-05-10T19:23:30 Water_Bath_Temp 20.98
temp,2021-05-10T19:24:27 Water_Bath_Temp 20.99
temp,2021-05-10T19:25:30 Water_Bath_Temp 20.98
temp,2021-05-10T19:25:59 Water_Bath_Temp 20.99
temp,2021-05-10T19:28:00 Water_Bath_Temp 20.98
temp,2021-05-10T19:28:56 Water_Bath_Temp 20.99
temp,2021-05-10T19:31:49 Water_Bath_Temp 20.98
temp,2021-05-10T19:32:26 Water_Bath_Temp 20.99
temp,2021-05-10T19:33:27 Water_Bath_Temp 20.98
temp,2021-05-10T19:34:00 Water_Bath_Temp 20.99
temp,2021-05-10T19:35:30 Water_Bath_Temp 20.98
temp,2021-05-10T19:36:28 Water_Bath_Temp 20.99
temp,2021-05-10T19:37:49 Water_Bath_Temp 20.98
temp,2021-05-10T19:39:00 Water_Bath_Temp 20.99
temp,2021-05-10T19:39:27 Water_Bath_Temp 20.98
temp,2021-05-10T19:40:16 Water_Bath_Temp 20.99
temp,2021-05-10T19:40:26 Water_Bath_Temp 20.98
temp,2021-05-10T19:42:21 Water_Bath_Temp 20.99
temp,2021-05-10T19:42:47 Water_Bath_Temp 20.98
temp,2021-05-10T20:12:55 Water_Bath_Temp 20.98
temp,2021-05-10T20:23:54 Water_Bath_Temp 20.97
temp,2021-05-10T20:23:55 Water_Bath_Temp 20.98
temp,2021-05-10T20:28:54 Water_Bath_Temp 20.97
temp,2021-05-10T20:29:39 Water_Bath_Temp 20.98
temp,2021-05-10T20:30:22 Water_Bath_Temp 20.97
temp,2021-05-10T20:30:45 Water_Bath_Temp 20.98
temp,2021-05-10T20:34:24 Water_Bath_Temp 20.97
temp,2021-05-10T20:34:52 Water_Bath_Temp 20.98
temp,2021-05-10T20:35:24 Water_Bath_Temp 20.97
temp,2021-05-10T20:35:54 Water_Bath_Temp 20.98
temp,2021-05-10T20:36:53 Water_Bath_Temp 20.97
temp,2021-05-10T20:38:42 Water_Bath_Temp 20.98
temp,2021-05-10T20:39:52 Water_Bath_Temp 20.97
temp,2021-05-10T20:40:11 Water_Bath_Temp 20.98
temp,2021-05-10T20:40:20 Water_Bath_Temp 20.97
temp,2021-05-10T20:40:48 Water_Bath_Temp 20.98
temp,2021-05-10T20:41:18 Water_Bath_Temp 20.97
temp,2021-05-10T20:46:19 Water_Bath_Temp 20.98
temp,2021-05-10T20:46:33 Water_Bath_Temp 20.97
temp,2021-05-10T21:16:50 Water_Bath_Temp 20.97
temp,2021-05-10T21:18:19 Water_Bath_Temp 20.96
temp,2021-05-10T21:18:42 Water_Bath_Temp 20.97
temp,2021-05-10T21:19:49 Water_Bath_Temp 20.96
temp,2021-05-10T21:21:08 Water_Bath_Temp 20.97
temp,2021-05-10T21:21:46 Water_Bath_Temp 20.96
temp,2021-05-10T21:22:13 Water_Bath_Temp 20.97
temp,2021-05-10T21:22:49 Water_Bath_Temp 20.96
temp,2021-05-10T21:23:19 Water_Bath_Temp 20.97
temp,2021-05-10T21:24:19 Water_Bath_Temp 20.96
temp,2021-05-10T21:25:18 Water_Bath_Temp 20.97
temp,2021-05-10T21:25:50 Water_Bath_Temp 20.96
temp,2021-05-10T21:27:19 Water_Bath_Temp 20.97
temp,2021-05-10T21:27:45 Water_Bath_Temp 20.96
temp,2021-05-10T21:29:49 Water_Bath_Temp 20.97
temp,2021-05-10T21:30:10 Water_Bath_Temp 20.96
temp,2021-05-10T21:40:05 Water_Bath_Temp 20.96
temp,2021-05-10T21:40:15 Water_Bath_Temp 20.96
temp,2021-05-10T21:58:41 Water_Bath_Temp 20.95
temp,2021-05-10T21:59:08 Water_Bath_Temp 20.96
temp,2021-05-10T22:01:41 Water_Bath_Temp 20.95
temp,2021-05-10T22:02:13 Water_Bath_Temp 20.96
temp,2021-05-10T22:03:44 Water_Bath_Temp 20.95
temp,2021-05-10T22:05:26 Water_Bath_Temp 20.96
temp,2021-05-10T22:06:10 Water_Bath_Temp 20.95
temp,2021-05-10T22:06:39 Water_Bath_Temp 20.96
temp,2021-05-10T22:07:12 Water_Bath_Temp 20.95
temp,2021-05-10T22:09:31 Water_Bath_Temp 20.96
temp,2021-05-10T22:10:02 Water_Bath_Temp 20.95
temp,2021-05-10T22:10:42 Water_Bath_Temp 20.96
temp,2021-05-10T22:12:43 Water_Bath_Temp 20.95
temp,2021-05-10T22:13:12 Water_Bath_Temp 20.96
temp,2021-05-10T22:14:33 Water_Bath_Temp 20.95
temp,2021-05-10T22:15:12 Water_Bath_Temp 20.96
temp,2021-05-10T22:15:37 Water_Bath_Temp 20.95
temp,2021-05-10T22:16:14 Water_Bath_Temp 20.96
temp,2021-05-10T22:17:13 Water_Bath_Temp 20.95
temp,2021-05-10T22:22:39 Water_Bath_Temp 20.96
temp,2021-05-10T22:23:13 Water_Bath_Temp 20.95
temp,2021-05-10T22:25:42 Water_Bath_Temp 20.96
temp,2021-05-10T22:25:44 Water_Bath_Temp 20.95
temp,2021-05-10T22:28:44 Water_Bath_Temp 20.96
temp,2021-05-10T22:29:42 Water_Bath_Temp 20.95
temp,2021-05-10T22:31:13 Water_Bath_Temp 20.96
temp,2021-05-10T22:31:41 Water_Bath_Temp 20.95
temp,2021-05-10T22:39:55 Water_Bath_Temp 20.95
temp,2021-05-10T22:40:06 Water_Bath_Temp 20.95
temp,2021-05-10T22:44:04 Water_Bath_Temp 20.96
temp,2021-05-10T22:44:29 Water_Bath_Temp 20.95
temp,2021-05-10T22:45:03 Water_Bath_Temp 20.96
temp,2021-05-10T22:45:30 Water_Bath_Temp 20.95
temp,2021-05-10T22:50:03 Water_Bath_Temp 20.96
temp,2021-05-10T22:50:32 Water_Bath_Temp 20.95
temp,2021-05-10T22:51:33 Water_Bath_Temp 20.96
temp,2021-05-10T22:53:00 Water_Bath_Temp 20.95
temp,2021-05-10T22:53:33 Water_Bath_Temp 20.96
temp,2021-05-10T22:54:02 Water_Bath_Temp 20.95
temp,2021-05-10T22:55:00 Water_Bath_Temp 20.96
temp,2021-05-10T22:55:29 Water_Bath_Temp 20.95
temp,2021-05-10T22:56:03 Water_Bath_Temp 20.96
temp,2021-05-10T22:58:04 Water_Bath_Temp 20.95
temp,2021-05-10T22:58:34 Water_Bath_Temp 20.96
temp,2021-05-10T23:00:03 Water_Bath_Temp 20.95
temp,2021-05-10T23:00:49 Water_Bath_Temp 20.96
temp,2021-05-10T23:01:32 Water_Bath_Temp 20.95
temp,2021-05-10T23:02:34 Water_Bath_Temp 20.96
temp,2021-05-10T23:03:34 Water_Bath_Temp 20.95
temp,2021-05-10T23:04:03 Water_Bath_Temp 20.96
temp,2021-05-10T23:34:05 Water_Bath_Temp 20.96
temp,2021-05-10T23:37:02 Water_Bath_Temp 20.97
temp,2021-05-10T23:37:24 Water_Bath_Temp 20.96
temp,2021-05-10T23:38:28 Water_Bath_Temp 20.97
temp,2021-05-10T23:39:01 Water_Bath_Temp 20.96
temp,2021-05-10T23:39:31 Water_Bath_Temp 20.97
temp,2021-05-10T23:39:47 Water_Bath_Temp 20.97
temp,2021-05-10T23:41:44 Water_Bath_Temp 20.96
temp,2021-05-10T23:42:13 Water_Bath_Temp 20.97
temp,2021-05-10T23:42:44 Water_Bath_Temp 20.96
temp,2021-05-10T23:43:07 Water_Bath_Temp 20.97
temp,2021-05-10T23:47:14 Water_Bath_Temp 20.96
temp,2021-05-10T23:47:41 Water_Bath_Temp 20.97
temp,2021-05-11T00:13:14 Water_Bath_Temp 20.98
temp,2021-05-11T00:13:46 Water_Bath_Temp 20.97
temp,2021-05-11T00:14:16 Water_Bath_Temp 20.98
temp,2021-05-11T00:16:13 Water_Bath_Temp 20.97
temp,2021-05-11T00:17:05 Water_Bath_Temp 20.98
temp,2021-05-11T00:44:16 Water_Bath_Temp 20.99
temp,2021-05-11T00:44:45 Water_Bath_Temp 20.98
temp,2021-05-11T00:45:15 Water_Bath_Temp 20.99
temp,2021-05-11T00:45:16 Water_Bath_Temp 20.98
temp,2021-05-11T00:48:16 Water_Bath_Temp 20.99
temp,2021-05-11T00:48:40 Water_Bath_Temp 20.98
temp,2021-05-11T00:49:36 Water_Bath_Temp 20.99
temp,2021-05-11T00:52:44 Water_Bath_Temp 20.98
temp,2021-05-11T00:53:15 Water_Bath_Temp 20.99
temp,2021-05-11T00:54:12 Water_Bath_Temp 20.98
temp,2021-05-11T00:54:42 Water_Bath_Temp 20.99
temp,2021-05-11T00:55:14 Water_Bath_Temp 20.98
temp,2021-05-11T00:55:40 Water_Bath_Temp 20.99
temp,2021-05-11T00:56:45 Water_Bath_Temp 20.98
temp,2021-05-11T00:57:15 Water_Bath_Temp 20.99
temp,2021-05-11T01:27:16 Water_Bath_Temp 20.99
temp,2021-05-11T01:44:14 Water_Bath_Temp 21
temp,2021-05-11T01:44:35 Water_Bath_Temp 20.99
temp,2021-05-11T01:49:14 Water_Bath_Temp 21
temp,2021-05-11T01:49:45 Water_Bath_Temp 20.99
temp,2021-05-11T01:52:43 Water_Bath_Temp 21
temp,2021-05-11T01:53:13 Water_Bath_Temp 20.99
temp,2021-05-11T01:57:15 Water_Bath_Temp 21
temp,2021-05-11T01:57:25 Water_Bath_Temp 20.99
temp,2021-05-11T02:04:13 Water_Bath_Temp 21
temp,2021-05-11T02:04:46 Water_Bath_Temp 20.99
temp,2021-05-11T02:05:42 Water_Bath_Temp 21
temp,2021-05-11T02:06:11 Water_Bath_Temp 20.99
temp,2021-05-11T02:06:43 Water_Bath_Temp 21
temp,2021-05-11T02:07:10 Water_Bath_Temp 20.99
temp,2021-05-11T02:10:41 Water_Bath_Temp 21
temp,2021-05-11T02:11:13 Water_Bath_Temp 20.99
temp,2021-05-11T02:12:15 Water_Bath_Temp 21
temp,2021-05-11T02:15:37 Water_Bath_Temp 20.99
temp,2021-05-11T02:16:46 Water_Bath_Temp 21
temp,2021-05-11T02:17:11 Water_Bath_Temp 20.99
temp,2021-05-11T02:18:15 Water_Bath_Temp 21
temp,2021-05-11T02:18:44 Water_Bath_Temp 20.99
temp,2021-05-11T02:19:12 Water_Bath_Temp 21
temp,2021-05-11T02:19:45 Water_Bath_Temp 20.99
temp,2021-05-11T02:20:42 Water_Bath_Temp 21
temp,2021-05-11T02:21:46 Water_Bath_Temp 20.99
temp,2021-05-11T02:22:46 Water_Bath_Temp 21
temp,2021-05-11T02:23:15 Water_Bath_Temp 20.99
temp,2021-05-11T02:24:46 Water_Bath_Temp 21
temp,2021-05-11T02:26:45 Water_Bath_Temp 20.99
temp,2021-05-11T02:27:10 Water_Bath_Temp 21
temp,2021-05-11T02:27:46 Water_Bath_Temp 20.99
temp,2021-05-11T02:28:15 Water_Bath_Temp 21
temp,2021-05-11T02:29:14 Water_Bath_Temp 20.99
temp,2021-05-11T02:30:46 Water_Bath_Temp 21
temp,2021-05-11T02:31:15 Water_Bath_Temp 20.99
temp,2021-05-11T02:32:16 Water_Bath_Temp 21
temp,2021-05-11T02:35:42 Water_Bath_Temp 20.99
temp,2021-05-11T02:36:01 Water_Bath_Temp 21
temp,2021-05-11T02:39:15 Water_Bath_Temp 20.99
temp,2021-05-11T02:40:13 Water_Bath_Temp 21
temp,2021-05-11T02:41:12 Water_Bath_Temp 20.99
temp,2021-05-11T02:41:35 Water_Bath_Temp 21
temp,2021-05-11T02:42:15 Water_Bath_Temp 20.99
temp,2021-05-11T02:42:32 Water_Bath_Temp 21
temp,2021-05-11T02:44:43 Water_Bath_Temp 20.99
temp,2021-05-11T02:45:15 Water_Bath_Temp 21
temp,2021-05-11T02:46:43 Water_Bath_Temp 20.99
temp,2021-05-11T02:47:45 Water_Bath_Temp 21
temp,2021-05-11T02:48:14 Water_Bath_Temp 20.99
temp,2021-05-11T02:48:46 Water_Bath_Temp 21
temp,2021-05-11T02:49:15 Water_Bath_Temp 20.99
temp,2021-05-11T02:49:45 Water_Bath_Temp 21
temp,2021-05-11T02:50:45 Water_Bath_Temp 20.99
temp,2021-05-11T02:51:10 Water_Bath_Temp 21
temp,2021-05-11T02:51:44 Water_Bath_Temp 20.99
temp,2021-05-11T02:52:08 Water_Bath_Temp 21
temp,2021-05-11T02:53:15 Water_Bath_Temp 20.99
temp,2021-05-11T02:53:44 Water_Bath_Temp 21
temp,2021-05-11T02:56:37 Water_Bath_Temp 20.99
temp,2021-05-11T02:57:38 Water_Bath_Temp 21
temp,2021-05-11T02:59:15 Water_Bath_Temp 20.99
temp,2021-05-11T03:00:15 Water_Bath_Temp 21
temp,2021-05-11T03:00:40 Water_Bath_Temp 20.99
temp,2021-05-11T03:01:41 Water_Bath_Temp 21
temp,2021-05-11T03:02:45 Water_Bath_Temp 20.99
temp,2021-05-11T03:03:08 Water_Bath_Temp 21
temp,2021-05-11T03:05:16 Water_Bath_Temp 20.99
temp,2021-05-11T03:05:43 Water_Bath_Temp 21
temp,2021-05-11T03:16:16 Water_Bath_Temp 20.99
temp,2021-05-11T03:16:42 Water_Bath_Temp 21
temp,2021-05-11T03:46:46 Water_Bath_Temp 21
temp,2021-05-11T04:16:47 Water_Bath_Temp 21
temp,2021-05-11T04:46:47 Water_Bath_Temp 21
temp,2021-05-11T05:16:47 Water_Bath_Temp 21
temp,2021-05-11T05:28:47 Water_Bath_Temp 20.99
temp,2021-05-11T05:29:12 Water_Bath_Temp 21
temp,2021-05-11T05:29:46 Water_Bath_Temp 20.99
temp,2021-05-11T05:29:55 Water_Bath_Temp 21
temp,2021-05-11T05:30:45 Water_Bath_Temp 20.99
temp,2021-05-11T05:31:46 Water_Bath_Temp 21
temp,2021-05-11T05:32:42 Water_Bath_Temp 20.99
temp,2021-05-11T05:33:46 Water_Bath_Temp 21
temp,2021-05-11T05:34:16 Water_Bath_Temp 20.99
temp,2021-05-11T05:34:45 Water_Bath_Temp 21
temp,2021-05-11T05:35:46 Water_Bath_Temp 20.99
temp,2021-05-11T05:36:16 Water_Bath_Temp 21
temp,2021-05-11T05:38:16 Water_Bath_Temp 20.99
temp,2021-05-11T05:40:15 Water_Bath_Temp 21
temp,2021-05-11T05:40:43 Water_Bath_Temp 20.99
temp,2021-05-11T05:44:46 Water_Bath_Temp 21
temp,2021-05-11T05:45:10 Water_Bath_Temp 20.99
temp,2021-05-11T06:14:16 Water_Bath_Temp 20.98
temp,2021-05-11T06:14:42 Water_Bath_Temp 20.99
temp,2021-05-11T06:17:47 Water_Bath_Temp 20.98
temp,2021-05-11T06:17:51 Water_Bath_Temp 20.99
temp,2021-05-11T06:21:16 Water_Bath_Temp 20.98
temp,2021-05-11T06:21:35 Water_Bath_Temp 20.99
temp,2021-05-11T06:22:44 Water_Bath_Temp 20.98
temp,2021-05-11T06:24:16 Water_Bath_Temp 20.99
temp,2021-05-11T06:25:14 Water_Bath_Temp 20.98
temp,2021-05-11T06:25:46 Water_Bath_Temp 20.99
temp,2021-05-11T06:26:44 Water_Bath_Temp 20.98
temp,2021-05-11T06:27:14 Water_Bath_Temp 20.99
temp,2021-05-11T06:28:15 Water_Bath_Temp 20.98
temp,2021-05-11T06:29:16 Water_Bath_Temp 20.99
temp,2021-05-11T06:29:42 Water_Bath_Temp 20.98
temp,2021-05-11T06:31:15 Water_Bath_Temp 20.99
temp,2021-05-11T06:31:45 Water_Bath_Temp 20.98
temp,2021-05-11T07:01:47 Water_Bath_Temp 20.98
temp,2021-05-11T07:15:17 Water_Bath_Temp 20.97
temp,2021-05-11T07:16:46 Water_Bath_Temp 20.98
temp,2021-05-11T07:18:15 Water_Bath_Temp 20.97
temp,2021-05-11T07:19:15 Water_Bath_Temp 20.98
temp,2021-05-11T07:19:47 Water_Bath_Temp 20.97
temp,2021-05-11T07:21:45 Water_Bath_Temp 20.98
temp,2021-05-11T07:22:06 Water_Bath_Temp 20.97
temp,2021-05-11T07:25:46 Water_Bath_Temp 20.98
temp,2021-05-11T07:26:18 Water_Bath_Temp 20.97
temp,2021-05-11T07:56:47 Water_Bath_Temp 20.97
temp,2021-05-11T08:01:16 Water_Bath_Temp 20.96
temp,2021-05-11T08:01:42 Water_Bath_Temp 20.97
temp,2021-05-11T08:03:47 Water_Bath_Temp 20.96
temp,2021-05-11T08:04:55 Water_Bath_Temp 20.97
temp,2021-05-11T08:05:45 Water_Bath_Temp 20.96
temp,2021-05-11T08:06:46 Water_Bath_Temp 20.97
temp,2021-05-11T08:07:08 Water_Bath_Temp 20.96
temp,2021-05-11T08:08:14 Water_Bath_Temp 20.97
temp,2021-05-11T08:08:46 Water_Bath_Temp 20.96
temp,2021-05-11T08:09:13 Water_Bath_Temp 20.97
temp,2021-05-11T08:11:17 Water_Bath_Temp 20.96
temp,2021-05-11T08:12:12 Water_Bath_Temp 20.97
temp,2021-05-11T08:12:46 Water_Bath_Temp 20.96
temp,2021-05-11T08:14:42 Water_Bath_Temp 20.97
temp,2021-05-11T08:16:02 Water_Bath_Temp 20.96
temp,2021-05-11T08:17:45 Water_Bath_Temp 20.97
temp,2021-05-11T08:18:11 Water_Bath_Temp 20.96
temp,2021-05-11T08:19:17 Water_Bath_Temp 20.97
temp,2021-05-11T08:19:47 Water_Bath_Temp 20.96
temp,2021-05-11T08:24:17 Water_Bath_Temp 20.97
temp,2021-05-11T08:24:27 Water_Bath_Temp 20.96
temp,2021-05-11T08:32:17 Water_Bath_Temp 20.96
temp,2021-05-11T08:32:17 Water_Bath_Temp 20.97
temp,2021-05-11T09:02:47 Water_Bath_Temp 20.96
temp,2021-05-11T09:32:47 Water_Bath_Temp 20.96
temp,2021-05-11T09:53:43 Water_Bath_Temp STAT=STAT_WRITE_ALARM SEVR=SEVR_INVALID
