run_number,path,shape,dtype,size,role
44712,raw_data_1/beamline,"(1,)",|S7,1,early_empty_control
44712,raw_data_1/collection_time,"(1,)",float32,1,early_empty_control
44712,raw_data_1/definition,"(1,)",|S6,1,early_empty_control
44712,raw_data_1/definition_local,"(1,)",|S10,1,early_empty_control
44712,raw_data_1/detector_1/counts,"(1, 196, 9729)",int32,1906884,early_empty_control
44712,raw_data_1/detector_1/period_index,"(1,)",int32,1,early_empty_control
44712,raw_data_1/detector_1/spectrum_index,"(196,)",int32,196,early_empty_control
44712,raw_data_1/detector_1/time_of_flight,"(9730,)",float32,9730,early_empty_control
44712,raw_data_1/duration,"(1,)",float32,1,early_empty_control
44712,raw_data_1/end_time,"(1,)",|S19,1,early_empty_control
44712,raw_data_1/experiment_identifier,"(1,)",|S7,1,early_empty_control
44712,raw_data_1/good_frames,"(1,)",int32,1,early_empty_control
44712,raw_data_1/instrument/dae/detector_table_file,"(1,)",|S83,1,early_empty_control
44712,raw_data_1/instrument/dae/spectra_table_file,"(1,)",|S83,1,early_empty_control
44712,raw_data_1/instrument/dae/time_channels_1/time_of_flight_raw,"(9730,)",int32,9730,early_empty_control
44712,raw_data_1/instrument/dae/type,"(1,)",|S9,1,early_empty_control
44712,raw_data_1/instrument/dae/vetos/ISIS_50Hz,"(1,)",int32,1,early_empty_control
44712,raw_data_1/instrument/dae/vetos/TS2_pulse,"(1,)",int32,1,early_empty_control
44712,raw_data_1/instrument/dae/vetos/ext0,"(1,)",int32,1,early_empty_control
44712,raw_data_1/instrument/dae/vetos/ext1,"(1,)",int32,1,early_empty_control
44712,raw_data_1/instrument/dae/vetos/ext2,"(1,)",int32,1,early_empty_control
44712,raw_data_1/instrument/dae/vetos/ext3,"(1,)",int32,1,early_empty_control
44712,raw_data_1/instrument/dae/vetos/fermi_chopper0,"(1,)",int32,1,early_empty_control
44712,raw_data_1/instrument/dae/vetos/fermi_chopper1,"(1,)",int32,1,early_empty_control
44712,raw_data_1/instrument/dae/vetos/fermi_chopper2,"(1,)",int32,1,early_empty_control
44712,raw_data_1/instrument/dae/vetos/fermi_chopper3,"(1,)",int32,1,early_empty_control
44712,raw_data_1/instrument/dae/vetos/fifo,"(1,)",int32,1,early_empty_control
44712,raw_data_1/instrument/dae/vetos/internal,"(1,)",int32,1,early_empty_control
44712,raw_data_1/instrument/dae/vetos/msmode,"(1,)",int32,1,early_empty_control
44712,raw_data_1/instrument/dae/vetos/smp,"(1,)",int32,1,early_empty_control
44712,raw_data_1/instrument/dae/wiring_table_file,"(1,)",|S86,1,early_empty_control
44712,raw_data_1/instrument/detector_1/delt,"(196,)",float32,196,early_empty_control
44712,raw_data_1/instrument/detector_1/distance,"(196,)",float32,196,early_empty_control
44712,raw_data_1/instrument/detector_1/polar_angle,"(196,)",float32,196,early_empty_control
44712,raw_data_1/instrument/detector_1/source_detector_distance,"(1,)",float32,1,early_empty_control
44712,raw_data_1/instrument/moderator/distance,"(1,)",float32,1,early_empty_control
44712,raw_data_1/instrument/name,"(1,)",|S7,1,early_empty_control
44712,raw_data_1/instrument/source/name,"(1,)",|S4,1,early_empty_control
44712,raw_data_1/instrument/source/probe,"(1,)",|S8,1,early_empty_control
44712,raw_data_1/instrument/source/type,"(1,)",|S21,1,early_empty_control
44712,raw_data_1/isis_vms_compat/ADD,"(9,)",int32,9,early_empty_control
44712,raw_data_1/isis_vms_compat/CODE,"(198,)",int32,198,early_empty_control
44712,raw_data_1/isis_vms_compat/CRAT,"(198,)",int32,198,early_empty_control
44712,raw_data_1/isis_vms_compat/CRPB,"(32, 1)",|S4,32,early_empty_control
44712,raw_data_1/isis_vms_compat/CSPB,"(64, 1)",|S4,64,early_empty_control
44712,raw_data_1/isis_vms_compat/DAEP,"(64,)",int32,64,early_empty_control
44712,raw_data_1/isis_vms_compat/DELT,"(198,)",float32,198,early_empty_control
44712,raw_data_1/isis_vms_compat/FORM,"(1,)",int32,1,early_empty_control
44712,raw_data_1/isis_vms_compat/HDR,"(1,)",|S80,1,early_empty_control
44712,raw_data_1/isis_vms_compat/IRPB,"(32,)",int32,32,early_empty_control
44712,raw_data_1/isis_vms_compat/ISPB,"(64,)",int32,64,early_empty_control
44712,raw_data_1/isis_vms_compat/IVPB,"(64,)",int32,64,early_empty_control
44712,raw_data_1/isis_vms_compat/LEN2,"(198,)",float32,198,early_empty_control
44712,raw_data_1/isis_vms_compat/MDET,"(2,)",int32,2,early_empty_control
44712,raw_data_1/isis_vms_compat/MODN,"(198,)",int32,198,early_empty_control
44712,raw_data_1/isis_vms_compat/MONP,"(2,)",int32,2,early_empty_control
44712,raw_data_1/isis_vms_compat/MPOS,"(198,)",int32,198,early_empty_control
44712,raw_data_1/isis_vms_compat/NAME,"(1,)",|S8,1,early_empty_control
44712,raw_data_1/isis_vms_compat/NDET,"(1,)",int32,1,early_empty_control
44712,raw_data_1/isis_vms_compat/NFPP,"(1,)",int32,1,early_empty_control
44712,raw_data_1/isis_vms_compat/NMON,"(1,)",int32,1,early_empty_control
44712,raw_data_1/isis_vms_compat/NOTE,"(1,)",|S19,1,early_empty_control
44712,raw_data_1/isis_vms_compat/NPER,"(1,)",int32,1,early_empty_control
44712,raw_data_1/isis_vms_compat/NSEP,"(1,)",int32,1,early_empty_control
44712,raw_data_1/isis_vms_compat/NSP1,"(1,)",int32,1,early_empty_control
44712,raw_data_1/isis_vms_compat/NTC1,"(1,)",int32,1,early_empty_control
44712,raw_data_1/isis_vms_compat/NTLL,"(1,)",int32,1,early_empty_control
44712,raw_data_1/isis_vms_compat/NTNL,"(1,)",int32,1,early_empty_control
44712,raw_data_1/isis_vms_compat/NTRG,"(1,)",int32,1,early_empty_control
44712,raw_data_1/isis_vms_compat/NUSE,"(1,)",int32,1,early_empty_control
44712,raw_data_1/isis_vms_compat/PMAP,"(256,)",int32,256,early_empty_control
44712,raw_data_1/isis_vms_compat/PRE1,"(1,)",int32,1,early_empty_control
44712,raw_data_1/isis_vms_compat/RRPB,"(32,)",float32,32,early_empty_control
44712,raw_data_1/isis_vms_compat/RSPB,"(64,)",float32,64,early_empty_control
44712,raw_data_1/isis_vms_compat/RUN,"(1,)",int32,1,early_empty_control
44712,raw_data_1/isis_vms_compat/RVPB,"(64,)",float32,64,early_empty_control
44712,raw_data_1/isis_vms_compat/SPB,"(64,)",int32,64,early_empty_control
44712,raw_data_1/isis_vms_compat/SPEC,"(198,)",int32,198,early_empty_control
44712,raw_data_1/isis_vms_compat/TCM1,"(5,)",int32,5,early_empty_control
44712,raw_data_1/isis_vms_compat/TCP1,"(20,)",float32,20,early_empty_control
44712,raw_data_1/isis_vms_compat/TIMR,"(198,)",int32,198,early_empty_control
44712,raw_data_1/isis_vms_compat/TITL,"(1,)",|S80,1,early_empty_control
44712,raw_data_1/isis_vms_compat/TTHE,"(198,)",float32,198,early_empty_control
44712,raw_data_1/isis_vms_compat/UDET,"(198,)",int32,198,early_empty_control
44712,raw_data_1/isis_vms_compat/ULEN,"(1,)",int32,1,early_empty_control
44712,raw_data_1/isis_vms_compat/USER,"(1,)",|S160,1,early_empty_control
44712,raw_data_1/isis_vms_compat/VER1,"(1,)",int32,1,early_empty_control
44712,raw_data_1/isis_vms_compat/VER2,"(1,)",int32,1,early_empty_control
44712,raw_data_1/isis_vms_compat/VER3,"(1,)",int32,1,early_empty_control
44712,raw_data_1/isis_vms_compat/VER4,"(1,)",int32,1,early_empty_control
44712,raw_data_1/isis_vms_compat/VER5,"(1,)",int32,1,early_empty_control
44712,raw_data_1/isis_vms_compat/VER6,"(1,)",int32,1,early_empty_control
44712,raw_data_1/isis_vms_compat/VER7,"(1,)",int32,1,early_empty_control
44712,raw_data_1/isis_vms_compat/VER8,"(1,)",int32,1,early_empty_control
44712,raw_data_1/isis_vms_compat/VER9,"(1,)",int32,1,early_empty_control
44712,raw_data_1/measurement/first_run,"(1,)",int32,1,early_empty_control
44712,raw_data_1/measurement/id,"(1,)",|S1,1,early_empty_control
44712,raw_data_1/measurement/label,"(1,)",|S1,1,early_empty_control
44712,raw_data_1/measurement/subid,"(1,)",|S1,1,early_empty_control
44712,raw_data_1/measurement/type,"(1,)",|S1,1,early_empty_control
44712,raw_data_1/measurement_first_run,"(1,)",int32,1,early_empty_control
44712,raw_data_1/measurement_id,"(1,)",|S1,1,early_empty_control
44712,raw_data_1/measurement_label,"(1,)",|S1,1,early_empty_control
44712,raw_data_1/measurement_subid,"(1,)",|S1,1,early_empty_control
44712,raw_data_1/measurement_type,"(1,)",|S1,1,early_empty_control
44712,raw_data_1/monitor_1/data,"(1, 1, 9729)",int32,9729,early_empty_control
44712,raw_data_1/monitor_1/monitor_number,"(1,)",int32,1,early_empty_control
44712,raw_data_1/monitor_1/spectrum_index,"(1,)",int32,1,early_empty_control
44712,raw_data_1/monitor_2/data,"(1, 1, 9729)",int32,9729,early_empty_control
44712,raw_data_1/monitor_2/monitor_number,"(1,)",int32,1,early_empty_control
44712,raw_data_1/monitor_2/spectrum_index,"(1,)",int32,1,early_empty_control
44712,raw_data_1/monitor_events_not_saved,"(1,)",int64,1,early_empty_control
44712,raw_data_1/name,"(1,)",|S7,1,early_empty_control
44712,raw_data_1/notes,"(1,)",|S1,1,early_empty_control
44712,raw_data_1/periods/frames_requested,"(1,)",int32,1,early_empty_control
44712,raw_data_1/periods/good_frames,"(1,)",int32,1,early_empty_control
44712,raw_data_1/periods/good_frames_daq,"(1,)",int32,1,early_empty_control
44712,raw_data_1/periods/highest_used,"(1,)",int32,1,early_empty_control
44712,raw_data_1/periods/labels,"(1,)",|S8,1,early_empty_control
44712,raw_data_1/periods/number,"(1,)",int32,1,early_empty_control
44712,raw_data_1/periods/output,"(1,)",int32,1,early_empty_control
44712,raw_data_1/periods/proton_charge,"(1,)",float32,1,early_empty_control
44712,raw_data_1/periods/proton_charge_raw,"(1,)",float32,1,early_empty_control
44712,raw_data_1/periods/raw_frames,"(1,)",int32,1,early_empty_control
44712,raw_data_1/periods/sequences,"(1,)",int32,1,early_empty_control
44712,raw_data_1/periods/total_counts,"(1,)",float32,1,early_empty_control
44712,raw_data_1/periods/type,"(1,)",int32,1,early_empty_control
44712,raw_data_1/program_name,"(1,)",|S11,1,early_empty_control
44712,raw_data_1/proton_charge,"(1,)",float32,1,early_empty_control
44712,raw_data_1/proton_charge_raw,"(1,)",float32,1,early_empty_control
44712,raw_data_1/raw_frames,"(1,)",int32,1,early_empty_control
44712,raw_data_1/run_cycle,"(1,)",|S4,1,early_empty_control
44712,raw_data_1/run_number,"(1,)",int32,1,early_empty_control
44712,raw_data_1/runlog/count_rate/time,"(111,)",float32,111,early_empty_control
44712,raw_data_1/runlog/count_rate/value,"(111,)",float32,111,early_empty_control
44712,raw_data_1/runlog/dae_beam_current/time,"(111,)",float32,111,early_empty_control
44712,raw_data_1/runlog/dae_beam_current/value,"(111,)",float32,111,early_empty_control
44712,raw_data_1/runlog/good_frames/time,"(111,)",float32,111,early_empty_control
44712,raw_data_1/runlog/good_frames/value,"(111,)",int32,111,early_empty_control
44712,raw_data_1/runlog/good_uah_log/time,"(111,)",float32,111,early_empty_control
44712,raw_data_1/runlog/good_uah_log/value,"(111,)",float32,111,early_empty_control
44712,raw_data_1/runlog/icp_event/time,"(6,)",float32,6,early_empty_control
44712,raw_data_1/runlog/icp_event/value,"(6, 1)",|S65,6,early_empty_control
44712,raw_data_1/runlog/is_running/time,"(111,)",float32,111,early_empty_control
44712,raw_data_1/runlog/is_running/value,"(111,)",int32,111,early_empty_control
44712,raw_data_1/runlog/is_waiting/time,"(111,)",float32,111,early_empty_control
44712,raw_data_1/runlog/is_waiting/value,"(111,)",int32,111,early_empty_control
44712,raw_data_1/runlog/monitor_sum_1/time,"(111,)",float32,111,early_empty_control
44712,raw_data_1/runlog/monitor_sum_1/value,"(111,)",int32,111,early_empty_control
44712,raw_data_1/runlog/np_ratio/time,"(111,)",float32,111,early_empty_control
44712,raw_data_1/runlog/np_ratio/value,"(111,)",float32,111,early_empty_control
44712,raw_data_1/runlog/period/time,"(111,)",float32,111,early_empty_control
44712,raw_data_1/runlog/period/value,"(111,)",int32,111,early_empty_control
44712,raw_data_1/runlog/raw_frames/time,"(111,)",float32,111,early_empty_control
44712,raw_data_1/runlog/raw_frames/value,"(111,)",int32,111,early_empty_control
44712,raw_data_1/runlog/raw_uah_log/time,"(111,)",float32,111,early_empty_control
44712,raw_data_1/runlog/raw_uah_log/value,"(111,)",float32,111,early_empty_control
44712,raw_data_1/runlog/run_status/time,"(111,)",float32,111,early_empty_control
44712,raw_data_1/runlog/run_status/value,"(111,)",int32,111,early_empty_control
44712,raw_data_1/runlog/total_counts/time,"(111,)",float32,111,early_empty_control
44712,raw_data_1/runlog/total_counts/value,"(111,)",int32,111,early_empty_control
44712,raw_data_1/sample/distance,"(1,)",float64,1,early_empty_control
44712,raw_data_1/sample/height,"(1,)",float32,1,early_empty_control
44712,raw_data_1/sample/id,"(1,)",|S1,1,early_empty_control
44712,raw_data_1/sample/name,"(1,)",|S1,1,early_empty_control
44712,raw_data_1/sample/shape,"(1,)",|S1,1,early_empty_control
44712,raw_data_1/sample/thickness,"(1,)",float32,1,early_empty_control
44712,raw_data_1/sample/type,"(1,)",|S1,1,early_empty_control
44712,raw_data_1/sample/width,"(1,)",float32,1,early_empty_control
44712,raw_data_1/script_name,"(1,)",|S1,1,early_empty_control
44712,raw_data_1/seci_config,"(1,)",|S5,1,early_empty_control
44712,raw_data_1/selog/BackFoil/read_control,"(1,)",|S1,1,early_empty_control
44712,raw_data_1/selog/BackFoil/set_control,"(1,)",|S1,1,early_empty_control
44712,raw_data_1/selog/BackFoil/setpoint,"(1,)",float32,1,early_empty_control
44712,raw_data_1/selog/BackFoil/setpoint_spread,"(1,)",float32,1,early_empty_control
44712,raw_data_1/selog/BackFoil/value,"(1,)",float32,1,early_empty_control
44712,raw_data_1/selog/BackFoil/value_log/alarm_severity,"(1, 1)",|S4,1,early_empty_control
44712,raw_data_1/selog/BackFoil/value_log/alarm_status,"(1, 1)",|S8,1,early_empty_control
44712,raw_data_1/selog/BackFoil/value_log/alarm_time,"(1,)",float32,1,early_empty_control
44712,raw_data_1/selog/BackFoil/value_log/name,"(1,)",|S1,1,early_empty_control
44712,raw_data_1/selog/BackFoil/value_log/time,"(2,)",float32,2,early_empty_control
44712,raw_data_1/selog/BackFoil/value_log/value,"(2,)",float32,2,early_empty_control
44712,raw_data_1/selog/BackFoil/value_log/value_valid,"(2,)",int32,2,early_empty_control
44712,raw_data_1/selog/BackFoil/value_spread,"(1,)",float32,1,early_empty_control
44712,raw_data_1/selog/BackFoil/vi_name,"(1,)",|S1,1,early_empty_control
44712,raw_data_1/selog/Beam_Current/read_control,"(1,)",|S1,1,early_empty_control
44712,raw_data_1/selog/Beam_Current/set_control,"(1,)",|S1,1,early_empty_control
44712,raw_data_1/selog/Beam_Current/setpoint,"(1,)",float32,1,early_empty_control
44712,raw_data_1/selog/Beam_Current/setpoint_spread,"(1,)",float32,1,early_empty_control
44712,raw_data_1/selog/Beam_Current/value,"(1,)",float32,1,early_empty_control
44712,raw_data_1/selog/Beam_Current/value_log/alarm_severity,"(1, 1)",|S4,1,early_empty_control
44712,raw_data_1/selog/Beam_Current/value_log/alarm_status,"(1, 1)",|S8,1,early_empty_control
44712,raw_data_1/selog/Beam_Current/value_log/alarm_time,"(1,)",float32,1,early_empty_control
44712,raw_data_1/selog/Beam_Current/value_log/name,"(1,)",|S1,1,early_empty_control
44712,raw_data_1/selog/Beam_Current/value_log/time,"(25,)",float32,25,early_empty_control
44712,raw_data_1/selog/Beam_Current/value_log/value,"(25,)",float32,25,early_empty_control
44712,raw_data_1/selog/Beam_Current/value_log/value_valid,"(25,)",int32,25,early_empty_control
44712,raw_data_1/selog/Beam_Current/value_spread,"(1,)",float32,1,early_empty_control
44712,raw_data_1/selog/Beam_Current/vi_name,"(1,)",|S1,1,early_empty_control
44712,raw_data_1/selog/CCR/read_control,"(1,)",|S1,1,early_empty_control
44712,raw_data_1/selog/CCR/set_control,"(1,)",|S1,1,early_empty_control
44712,raw_data_1/selog/CCR/setpoint,"(1,)",float32,1,early_empty_control
44712,raw_data_1/selog/CCR/setpoint_spread,"(1,)",float32,1,early_empty_control
44712,raw_data_1/selog/CCR/value,"(1,)",float32,1,early_empty_control
44712,raw_data_1/selog/CCR/value_log/alarm_severity,"(1, 1)",|S4,1,early_empty_control
44712,raw_data_1/selog/CCR/value_log/alarm_status,"(1, 1)",|S8,1,early_empty_control
44712,raw_data_1/selog/CCR/value_log/alarm_time,"(1,)",float32,1,early_empty_control
44712,raw_data_1/selog/CCR/value_log/name,"(1,)",|S1,1,early_empty_control
44712,raw_data_1/selog/CCR/value_log/time,"(3,)",float32,3,early_empty_control
44712,raw_data_1/selog/CCR/value_log/value,"(3,)",float32,3,early_empty_control
44712,raw_data_1/selog/CCR/value_log/value_valid,"(3,)",int32,3,early_empty_control
44712,raw_data_1/selog/CCR/value_spread,"(1,)",float32,1,early_empty_control
44712,raw_data_1/selog/CCR/vi_name,"(1,)",|S1,1,early_empty_control
44712,raw_data_1/selog/Collimator_Tube/read_control,"(1,)",|S1,1,early_empty_control
44712,raw_data_1/selog/Collimator_Tube/set_control,"(1,)",|S1,1,early_empty_control
44712,raw_data_1/selog/Collimator_Tube/setpoint,"(1,)",float32,1,early_empty_control
44712,raw_data_1/selog/Collimator_Tube/setpoint_spread,"(1,)",float32,1,early_empty_control
44712,raw_data_1/selog/Collimator_Tube/value,"(1,)",float32,1,early_empty_control
44712,raw_data_1/selog/Collimator_Tube/value_log/alarm_severity,"(1, 1)",|S4,1,early_empty_control
44712,raw_data_1/selog/Collimator_Tube/value_log/alarm_status,"(1, 1)",|S8,1,early_empty_control
44712,raw_data_1/selog/Collimator_Tube/value_log/alarm_time,"(1,)",float32,1,early_empty_control
44712,raw_data_1/selog/Collimator_Tube/value_log/name,"(1,)",|S1,1,early_empty_control
44712,raw_data_1/selog/Collimator_Tube/value_log/time,"(3,)",float32,3,early_empty_control
44712,raw_data_1/selog/Collimator_Tube/value_log/value,"(3,)",float32,3,early_empty_control
44712,raw_data_1/selog/Collimator_Tube/value_log/value_valid,"(3,)",int32,3,early_empty_control
44712,raw_data_1/selog/Collimator_Tube/value_spread,"(1,)",float32,1,early_empty_control
44712,raw_data_1/selog/Collimator_Tube/vi_name,"(1,)",|S1,1,early_empty_control
44712,raw_data_1/selog/DAE_timing/read_control,"(1,)",|S1,1,early_empty_control
44712,raw_data_1/selog/DAE_timing/set_control,"(1,)",|S1,1,early_empty_control
44712,raw_data_1/selog/DAE_timing/setpoint,"(1, 1)",|S3,1,early_empty_control
44712,raw_data_1/selog/DAE_timing/value,"(1, 1)",|S8,1,early_empty_control
44712,raw_data_1/selog/DAE_timing/value_log/alarm_severity,"(1, 1)",|S4,1,early_empty_control
44712,raw_data_1/selog/DAE_timing/value_log/alarm_status,"(1, 1)",|S8,1,early_empty_control
44712,raw_data_1/selog/DAE_timing/value_log/alarm_time,"(1,)",float32,1,early_empty_control
44712,raw_data_1/selog/DAE_timing/value_log/name,"(1,)",|S1,1,early_empty_control
44712,raw_data_1/selog/DAE_timing/value_log/time,"(3,)",float32,3,early_empty_control
44712,raw_data_1/selog/DAE_timing/value_log/value,"(3, 1)",|S8,3,early_empty_control
44712,raw_data_1/selog/DAE_timing/value_log/value_valid,"(3,)",int32,3,early_empty_control
44712,raw_data_1/selog/DAE_timing/vi_name,"(1,)",|S1,1,early_empty_control
44712,raw_data_1/selog/EPICS_PUTLOG/read_control,"(1,)",|S1,1,early_empty_control
44712,raw_data_1/selog/EPICS_PUTLOG/set_control,"(1,)",|S1,1,early_empty_control
44712,raw_data_1/selog/EPICS_PUTLOG/setpoint,"(1, 1)",|S3,1,early_empty_control
44712,raw_data_1/selog/EPICS_PUTLOG/value,"(1, 1)",|S50,1,early_empty_control
44712,raw_data_1/selog/EPICS_PUTLOG/value_log/alarm_severity,"(1, 1)",|S2,1,early_empty_control
44712,raw_data_1/selog/EPICS_PUTLOG/value_log/alarm_status,"(1, 1)",|S2,1,early_empty_control
44712,raw_data_1/selog/EPICS_PUTLOG/value_log/alarm_time,"(1,)",float32,1,early_empty_control
44712,raw_data_1/selog/EPICS_PUTLOG/value_log/name,"(1,)",|S1,1,early_empty_control
44712,raw_data_1/selog/EPICS_PUTLOG/value_log/time,"(22,)",float32,22,early_empty_control
44712,raw_data_1/selog/EPICS_PUTLOG/value_log/value,"(22, 1)",|S66,22,early_empty_control
44712,raw_data_1/selog/EPICS_PUTLOG/value_log/value_valid,"(22,)",int32,22,early_empty_control
44712,raw_data_1/selog/EPICS_PUTLOG/vi_name,"(1,)",|S1,1,early_empty_control
44712,raw_data_1/selog/FoilChangerDownstream/read_control,"(1,)",|S1,1,early_empty_control
44712,raw_data_1/selog/FoilChangerDownstream/set_control,"(1,)",|S1,1,early_empty_control
44712,raw_data_1/selog/FoilChangerDownstream/setpoint,"(1, 1)",|S3,1,early_empty_control
44712,raw_data_1/selog/FoilChangerDownstream/value,"(1, 1)",|S5,1,early_empty_control
44712,raw_data_1/selog/FoilChangerDownstream/value_log/alarm_severity,"(1, 1)",|S4,1,early_empty_control
44712,raw_data_1/selog/FoilChangerDownstream/value_log/alarm_status,"(1, 1)",|S8,1,early_empty_control
44712,raw_data_1/selog/FoilChangerDownstream/value_log/alarm_time,"(1,)",float32,1,early_empty_control
44712,raw_data_1/selog/FoilChangerDownstream/value_log/name,"(1,)",|S1,1,early_empty_control
44712,raw_data_1/selog/FoilChangerDownstream/value_log/time,"(3,)",float32,3,early_empty_control
44712,raw_data_1/selog/FoilChangerDownstream/value_log/value,"(3, 1)",|S5,3,early_empty_control
44712,raw_data_1/selog/FoilChangerDownstream/value_log/value_valid,"(3,)",int32,3,early_empty_control
44712,raw_data_1/selog/FoilChangerDownstream/vi_name,"(1,)",|S1,1,early_empty_control
44712,raw_data_1/selog/FoilChangerUpstream/read_control,"(1,)",|S1,1,early_empty_control
44712,raw_data_1/selog/FoilChangerUpstream/set_control,"(1,)",|S1,1,early_empty_control
44712,raw_data_1/selog/FoilChangerUpstream/setpoint,"(1, 1)",|S3,1,early_empty_control
44712,raw_data_1/selog/FoilChangerUpstream/value,"(1, 1)",|S5,1,early_empty_control
44712,raw_data_1/selog/FoilChangerUpstream/value_log/alarm_severity,"(1, 1)",|S4,1,early_empty_control
44712,raw_data_1/selog/FoilChangerUpstream/value_log/alarm_status,"(1, 1)",|S8,1,early_empty_control
44712,raw_data_1/selog/FoilChangerUpstream/value_log/alarm_time,"(1,)",float32,1,early_empty_control
44712,raw_data_1/selog/FoilChangerUpstream/value_log/name,"(1,)",|S1,1,early_empty_control
44712,raw_data_1/selog/FoilChangerUpstream/value_log/time,"(3,)",float32,3,early_empty_control
44712,raw_data_1/selog/FoilChangerUpstream/value_log/value,"(3, 1)",|S5,3,early_empty_control
44712,raw_data_1/selog/FoilChangerUpstream/value_log/value_valid,"(3,)",int32,3,early_empty_control
44712,raw_data_1/selog/FoilChangerUpstream/vi_name,"(1,)",|S1,1,early_empty_control
44712,raw_data_1/selog/ForwardFoilLeft/read_control,"(1,)",|S1,1,early_empty_control
44712,raw_data_1/selog/ForwardFoilLeft/set_control,"(1,)",|S1,1,early_empty_control
44712,raw_data_1/selog/ForwardFoilLeft/setpoint,"(1,)",float32,1,early_empty_control
44712,raw_data_1/selog/ForwardFoilLeft/setpoint_spread,"(1,)",float32,1,early_empty_control
44712,raw_data_1/selog/ForwardFoilLeft/value,"(1,)",float32,1,early_empty_control
44712,raw_data_1/selog/ForwardFoilLeft/value_log/alarm_severity,"(1, 1)",|S4,1,early_empty_control
44712,raw_data_1/selog/ForwardFoilLeft/value_log/alarm_status,"(1, 1)",|S8,1,early_empty_control
44712,raw_data_1/selog/ForwardFoilLeft/value_log/alarm_time,"(1,)",float32,1,early_empty_control
44712,raw_data_1/selog/ForwardFoilLeft/value_log/name,"(1,)",|S1,1,early_empty_control
44712,raw_data_1/selog/ForwardFoilLeft/value_log/time,"(2,)",float32,2,early_empty_control
44712,raw_data_1/selog/ForwardFoilLeft/value_log/value,"(2,)",float32,2,early_empty_control
44712,raw_data_1/selog/ForwardFoilLeft/value_log/value_valid,"(2,)",int32,2,early_empty_control
44712,raw_data_1/selog/ForwardFoilLeft/value_spread,"(1,)",float32,1,early_empty_control
44712,raw_data_1/selog/ForwardFoilLeft/vi_name,"(1,)",|S1,1,early_empty_control
44712,raw_data_1/selog/ForwardFoilRight/read_control,"(1,)",|S1,1,early_empty_control
44712,raw_data_1/selog/ForwardFoilRight/set_control,"(1,)",|S1,1,early_empty_control
44712,raw_data_1/selog/ForwardFoilRight/setpoint,"(1,)",float32,1,early_empty_control
44712,raw_data_1/selog/ForwardFoilRight/setpoint_spread,"(1,)",float32,1,early_empty_control
44712,raw_data_1/selog/ForwardFoilRight/value,"(1,)",float32,1,early_empty_control
44712,raw_data_1/selog/ForwardFoilRight/value_log/alarm_severity,"(1, 1)",|S4,1,early_empty_control
44712,raw_data_1/selog/ForwardFoilRight/value_log/alarm_status,"(1, 1)",|S8,1,early_empty_control
44712,raw_data_1/selog/ForwardFoilRight/value_log/alarm_time,"(1,)",float32,1,early_empty_control
44712,raw_data_1/selog/ForwardFoilRight/value_log/name,"(1,)",|S1,1,early_empty_control
44712,raw_data_1/selog/ForwardFoilRight/value_log/time,"(2,)",float32,2,early_empty_control
44712,raw_data_1/selog/ForwardFoilRight/value_log/value,"(2,)",float32,2,early_empty_control
44712,raw_data_1/selog/ForwardFoilRight/value_log/value_valid,"(2,)",int32,2,early_empty_control
44712,raw_data_1/selog/ForwardFoilRight/value_spread,"(1,)",float32,1,early_empty_control
44712,raw_data_1/selog/ForwardFoilRight/vi_name,"(1,)",|S1,1,early_empty_control
44712,raw_data_1/selog/ICP_DAE_TD/read_control,"(1,)",|S1,1,early_empty_control
44712,raw_data_1/selog/ICP_DAE_TD/set_control,"(1,)",|S1,1,early_empty_control
44712,raw_data_1/selog/ICP_DAE_TD/value_log/alarm_severity,"(1, 1)",|S2,1,early_empty_control
44712,raw_data_1/selog/ICP_DAE_TD/value_log/alarm_status,"(1, 1)",|S2,1,early_empty_control
44712,raw_data_1/selog/ICP_DAE_TD/value_log/alarm_time,"(1,)",float32,1,early_empty_control
44712,raw_data_1/selog/ICP_DAE_TD/value_log/name,"(1,)",|S1,1,early_empty_control
44712,raw_data_1/selog/ICP_DAE_TD/value_log/time,"(110,)",float32,110,early_empty_control
44712,raw_data_1/selog/ICP_DAE_TD/value_log/value,"(110,)",float32,110,early_empty_control
44712,raw_data_1/selog/ICP_DAE_TD/value_log/value_valid,"(110,)",int32,110,early_empty_control
44712,raw_data_1/selog/ICP_DAE_TD/vi_name,"(1,)",|S1,1,early_empty_control
44712,raw_data_1/selog/ICP_SYS_TD/read_control,"(1,)",|S1,1,early_empty_control
44712,raw_data_1/selog/ICP_SYS_TD/set_control,"(1,)",|S1,1,early_empty_control
44712,raw_data_1/selog/ICP_SYS_TD/value_log/alarm_severity,"(1, 1)",|S2,1,early_empty_control
44712,raw_data_1/selog/ICP_SYS_TD/value_log/alarm_status,"(1, 1)",|S2,1,early_empty_control
44712,raw_data_1/selog/ICP_SYS_TD/value_log/alarm_time,"(1,)",float32,1,early_empty_control
44712,raw_data_1/selog/ICP_SYS_TD/value_log/name,"(1,)",|S1,1,early_empty_control
44712,raw_data_1/selog/ICP_SYS_TD/value_log/time,"(110,)",float32,110,early_empty_control
44712,raw_data_1/selog/ICP_SYS_TD/value_log/value,"(110,)",float32,110,early_empty_control
44712,raw_data_1/selog/ICP_SYS_TD/value_log/value_valid,"(110,)",int32,110,early_empty_control
44712,raw_data_1/selog/ICP_SYS_TD/vi_name,"(1,)",|S1,1,early_empty_control
44712,raw_data_1/selog/Parani/read_control,"(1,)",|S1,1,early_empty_control
44712,raw_data_1/selog/Parani/set_control,"(1,)",|S1,1,early_empty_control
44712,raw_data_1/selog/Parani/setpoint,"(1,)",float32,1,early_empty_control
44712,raw_data_1/selog/Parani/setpoint_spread,"(1,)",float32,1,early_empty_control
44712,raw_data_1/selog/Parani/value,"(1,)",float32,1,early_empty_control
44712,raw_data_1/selog/Parani/value_log/alarm_severity,"(1, 1)",|S4,1,early_empty_control
44712,raw_data_1/selog/Parani/value_log/alarm_status,"(1, 1)",|S8,1,early_empty_control
44712,raw_data_1/selog/Parani/value_log/alarm_time,"(1,)",float32,1,early_empty_control
44712,raw_data_1/selog/Parani/value_log/name,"(1,)",|S1,1,early_empty_control
44712,raw_data_1/selog/Parani/value_log/time,"(48,)",float32,48,early_empty_control
44712,raw_data_1/selog/Parani/value_log/value,"(48,)",float32,48,early_empty_control
44712,raw_data_1/selog/Parani/value_log/value_valid,"(48,)",int32,48,early_empty_control
44712,raw_data_1/selog/Parani/value_spread,"(1,)",float32,1,early_empty_control
44712,raw_data_1/selog/Parani/vi_name,"(1,)",|S1,1,early_empty_control
44712,raw_data_1/selog/Penning/read_control,"(1,)",|S1,1,early_empty_control
44712,raw_data_1/selog/Penning/set_control,"(1,)",|S1,1,early_empty_control
44712,raw_data_1/selog/Penning/setpoint,"(1,)",float32,1,early_empty_control
44712,raw_data_1/selog/Penning/setpoint_spread,"(1,)",float32,1,early_empty_control
44712,raw_data_1/selog/Penning/value,"(1,)",float32,1,early_empty_control
44712,raw_data_1/selog/Penning/value_log/alarm_severity,"(1, 1)",|S4,1,early_empty_control
44712,raw_data_1/selog/Penning/value_log/alarm_status,"(1, 1)",|S8,1,early_empty_control
44712,raw_data_1/selog/Penning/value_log/alarm_time,"(1,)",float32,1,early_empty_control
44712,raw_data_1/selog/Penning/value_log/name,"(1,)",|S1,1,early_empty_control
44712,raw_data_1/selog/Penning/value_log/time,"(33,)",float32,33,early_empty_control
44712,raw_data_1/selog/Penning/value_log/value,"(33,)",float32,33,early_empty_control
44712,raw_data_1/selog/Penning/value_log/value_valid,"(33,)",int32,33,early_empty_control
44712,raw_data_1/selog/Penning/value_spread,"(1,)",float32,1,early_empty_control
44712,raw_data_1/selog/Penning/vi_name,"(1,)",|S1,1,early_empty_control
44712,raw_data_1/selog/Sample/read_control,"(1,)",|S1,1,early_empty_control
44712,raw_data_1/selog/Sample/set_control,"(1,)",|S1,1,early_empty_control
44712,raw_data_1/selog/Sample/setpoint,"(1,)",float32,1,early_empty_control
44712,raw_data_1/selog/Sample/setpoint_spread,"(1,)",float32,1,early_empty_control
44712,raw_data_1/selog/Sample/value,"(1,)",float32,1,early_empty_control
44712,raw_data_1/selog/Sample/value_log/alarm_severity,"(1, 1)",|S4,1,early_empty_control
44712,raw_data_1/selog/Sample/value_log/alarm_status,"(1, 1)",|S8,1,early_empty_control
44712,raw_data_1/selog/Sample/value_log/alarm_time,"(1,)",float32,1,early_empty_control
44712,raw_data_1/selog/Sample/value_log/name,"(1,)",|S1,1,early_empty_control
44712,raw_data_1/selog/Sample/value_log/time,"(3,)",float32,3,early_empty_control
44712,raw_data_1/selog/Sample/value_log/value,"(3,)",float32,3,early_empty_control
44712,raw_data_1/selog/Sample/value_log/value_valid,"(3,)",int32,3,early_empty_control
44712,raw_data_1/selog/Sample/value_spread,"(1,)",float32,1,early_empty_control
44712,raw_data_1/selog/Sample/vi_name,"(1,)",|S1,1,early_empty_control
44712,raw_data_1/selog/Stick/read_control,"(1,)",|S1,1,early_empty_control
44712,raw_data_1/selog/Stick/set_control,"(1,)",|S1,1,early_empty_control
44712,raw_data_1/selog/Stick/setpoint,"(1,)",float32,1,early_empty_control
44712,raw_data_1/selog/Stick/setpoint_spread,"(1,)",float32,1,early_empty_control
44712,raw_data_1/selog/Stick/value,"(1,)",float32,1,early_empty_control
44712,raw_data_1/selog/Stick/value_log/alarm_severity,"(1, 1)",|S4,1,early_empty_control
44712,raw_data_1/selog/Stick/value_log/alarm_status,"(1, 1)",|S8,1,early_empty_control
44712,raw_data_1/selog/Stick/value_log/alarm_time,"(1,)",float32,1,early_empty_control
44712,raw_data_1/selog/Stick/value_log/name,"(1,)",|S1,1,early_empty_control
44712,raw_data_1/selog/Stick/value_log/time,"(3,)",float32,3,early_empty_control
44712,raw_data_1/selog/Stick/value_log/value,"(3,)",float32,3,early_empty_control
44712,raw_data_1/selog/Stick/value_log/value_valid,"(3,)",int32,3,early_empty_control
44712,raw_data_1/selog/Stick/value_spread,"(1,)",float32,1,early_empty_control
44712,raw_data_1/selog/Stick/vi_name,"(1,)",|S1,1,early_empty_control
44712,raw_data_1/selog/TS1_Freq/read_control,"(1,)",|S1,1,early_empty_control
44712,raw_data_1/selog/TS1_Freq/set_control,"(1,)",|S1,1,early_empty_control
44712,raw_data_1/selog/TS1_Freq/setpoint,"(1,)",float32,1,early_empty_control
44712,raw_data_1/selog/TS1_Freq/setpoint_spread,"(1,)",float32,1,early_empty_control
44712,raw_data_1/selog/TS1_Freq/value,"(1,)",float32,1,early_empty_control
44712,raw_data_1/selog/TS1_Freq/value_log/alarm_severity,"(1, 1)",|S4,1,early_empty_control
44712,raw_data_1/selog/TS1_Freq/value_log/alarm_status,"(1, 1)",|S8,1,early_empty_control
44712,raw_data_1/selog/TS1_Freq/value_log/alarm_time,"(1,)",float32,1,early_empty_control
44712,raw_data_1/selog/TS1_Freq/value_log/name,"(1,)",|S1,1,early_empty_control
44712,raw_data_1/selog/TS1_Freq/value_log/time,"(6,)",float32,6,early_empty_control
44712,raw_data_1/selog/TS1_Freq/value_log/value,"(6,)",float32,6,early_empty_control
44712,raw_data_1/selog/TS1_Freq/value_log/value_valid,"(6,)",int32,6,early_empty_control
44712,raw_data_1/selog/TS1_Freq/value_spread,"(1,)",float32,1,early_empty_control
44712,raw_data_1/selog/TS1_Freq/vi_name,"(1,)",|S1,1,early_empty_control
44712,raw_data_1/selog/Water_Bath_Temp/read_control,"(1,)",|S1,1,early_empty_control
44712,raw_data_1/selog/Water_Bath_Temp/set_control,"(1,)",|S1,1,early_empty_control
44712,raw_data_1/selog/Water_Bath_Temp/setpoint,"(1,)",float32,1,early_empty_control
44712,raw_data_1/selog/Water_Bath_Temp/setpoint_spread,"(1,)",float32,1,early_empty_control
44712,raw_data_1/selog/Water_Bath_Temp/value,"(1,)",float32,1,early_empty_control
44712,raw_data_1/selog/Water_Bath_Temp/value_log/alarm_severity,"(1, 1)",|S4,1,early_empty_control
44712,raw_data_1/selog/Water_Bath_Temp/value_log/alarm_status,"(1, 1)",|S8,1,early_empty_control
44712,raw_data_1/selog/Water_Bath_Temp/value_log/alarm_time,"(1,)",float32,1,early_empty_control
44712,raw_data_1/selog/Water_Bath_Temp/value_log/name,"(1,)",|S1,1,early_empty_control
44712,raw_data_1/selog/Water_Bath_Temp/value_log/time,"(14,)",float32,14,early_empty_control
44712,raw_data_1/selog/Water_Bath_Temp/value_log/value,"(14,)",float32,14,early_empty_control
44712,raw_data_1/selog/Water_Bath_Temp/value_log/value_valid,"(14,)",int32,14,early_empty_control
44712,raw_data_1/selog/Water_Bath_Temp/value_spread,"(1,)",float32,1,early_empty_control
44712,raw_data_1/selog/Water_Bath_Temp/vi_name,"(1,)",|S1,1,early_empty_control
44712,raw_data_1/selog/vetoed_frames/read_control,"(1,)",|S1,1,early_empty_control
44712,raw_data_1/selog/vetoed_frames/set_control,"(1,)",|S1,1,early_empty_control
44712,raw_data_1/selog/vetoed_frames/setpoint,"(1,)",float32,1,early_empty_control
44712,raw_data_1/selog/vetoed_frames/setpoint_spread,"(1,)",float32,1,early_empty_control
44712,raw_data_1/selog/vetoed_frames/value,"(1,)",float32,1,early_empty_control
44712,raw_data_1/selog/vetoed_frames/value_log/alarm_severity,"(1, 1)",|S4,1,early_empty_control
44712,raw_data_1/selog/vetoed_frames/value_log/alarm_status,"(1, 1)",|S8,1,early_empty_control
44712,raw_data_1/selog/vetoed_frames/value_log/alarm_time,"(1,)",float32,1,early_empty_control
44712,raw_data_1/selog/vetoed_frames/value_log/name,"(1,)",|S1,1,early_empty_control
44712,raw_data_1/selog/vetoed_frames/value_log/time,"(3,)",float32,3,early_empty_control
44712,raw_data_1/selog/vetoed_frames/value_log/value,"(3,)",float32,3,early_empty_control
44712,raw_data_1/selog/vetoed_frames/value_log/value_valid,"(3,)",int32,3,early_empty_control
44712,raw_data_1/selog/vetoed_frames/value_spread,"(1,)",float32,1,early_empty_control
44712,raw_data_1/selog/vetoed_frames/vi_name,"(1,)",|S1,1,early_empty_control
44712,raw_data_1/start_time,"(1,)",|S19,1,early_empty_control
44712,raw_data_1/title,"(1,)",|S19,1,early_empty_control
44712,raw_data_1/total_counts,"(1,)",uint64,1,early_empty_control
44712,raw_data_1/total_uncounted_counts,"(1,)",int32,1,early_empty_control
44712,raw_data_1/user_1/affiliation,"(1,)",|S1,1,early_empty_control
44712,raw_data_1/user_1/name,"(1,)",|S11,1,early_empty_control
44724,raw_data_1/beamline,"(1,)",|S7,1,concrete_sample_1
44724,raw_data_1/collection_time,"(1,)",float32,1,concrete_sample_1
44724,raw_data_1/definition,"(1,)",|S6,1,concrete_sample_1
44724,raw_data_1/definition_local,"(1,)",|S10,1,concrete_sample_1
44724,raw_data_1/detector_1/counts,"(1, 196, 9729)",int32,1906884,concrete_sample_1
44724,raw_data_1/detector_1/period_index,"(1,)",int32,1,concrete_sample_1
44724,raw_data_1/detector_1/spectrum_index,"(196,)",int32,196,concrete_sample_1
44724,raw_data_1/detector_1/time_of_flight,"(9730,)",float32,9730,concrete_sample_1
44724,raw_data_1/duration,"(1,)",float32,1,concrete_sample_1
44724,raw_data_1/end_time,"(1,)",|S19,1,concrete_sample_1
44724,raw_data_1/experiment_identifier,"(1,)",|S7,1,concrete_sample_1
44724,raw_data_1/good_frames,"(1,)",int32,1,concrete_sample_1
44724,raw_data_1/instrument/dae/detector_table_file,"(1,)",|S83,1,concrete_sample_1
44724,raw_data_1/instrument/dae/spectra_table_file,"(1,)",|S83,1,concrete_sample_1
44724,raw_data_1/instrument/dae/time_channels_1/time_of_flight_raw,"(9730,)",int32,9730,concrete_sample_1
44724,raw_data_1/instrument/dae/type,"(1,)",|S9,1,concrete_sample_1
44724,raw_data_1/instrument/dae/vetos/ISIS_50Hz,"(1,)",int32,1,concrete_sample_1
44724,raw_data_1/instrument/dae/vetos/TS2_pulse,"(1,)",int32,1,concrete_sample_1
44724,raw_data_1/instrument/dae/vetos/ext0,"(1,)",int32,1,concrete_sample_1
44724,raw_data_1/instrument/dae/vetos/ext1,"(1,)",int32,1,concrete_sample_1
44724,raw_data_1/instrument/dae/vetos/ext2,"(1,)",int32,1,concrete_sample_1
44724,raw_data_1/instrument/dae/vetos/ext3,"(1,)",int32,1,concrete_sample_1
44724,raw_data_1/instrument/dae/vetos/fermi_chopper0,"(1,)",int32,1,concrete_sample_1
44724,raw_data_1/instrument/dae/vetos/fermi_chopper1,"(1,)",int32,1,concrete_sample_1
44724,raw_data_1/instrument/dae/vetos/fermi_chopper2,"(1,)",int32,1,concrete_sample_1
44724,raw_data_1/instrument/dae/vetos/fermi_chopper3,"(1,)",int32,1,concrete_sample_1
44724,raw_data_1/instrument/dae/vetos/fifo,"(1,)",int32,1,concrete_sample_1
44724,raw_data_1/instrument/dae/vetos/internal,"(1,)",int32,1,concrete_sample_1
44724,raw_data_1/instrument/dae/vetos/msmode,"(1,)",int32,1,concrete_sample_1
44724,raw_data_1/instrument/dae/vetos/smp,"(1,)",int32,1,concrete_sample_1
44724,raw_data_1/instrument/dae/wiring_table_file,"(1,)",|S86,1,concrete_sample_1
44724,raw_data_1/instrument/detector_1/delt,"(196,)",float32,196,concrete_sample_1
44724,raw_data_1/instrument/detector_1/distance,"(196,)",float32,196,concrete_sample_1
44724,raw_data_1/instrument/detector_1/polar_angle,"(196,)",float32,196,concrete_sample_1
44724,raw_data_1/instrument/detector_1/source_detector_distance,"(1,)",float32,1,concrete_sample_1
44724,raw_data_1/instrument/moderator/distance,"(1,)",float32,1,concrete_sample_1
44724,raw_data_1/instrument/name,"(1,)",|S7,1,concrete_sample_1
44724,raw_data_1/instrument/source/name,"(1,)",|S4,1,concrete_sample_1
44724,raw_data_1/instrument/source/probe,"(1,)",|S8,1,concrete_sample_1
44724,raw_data_1/instrument/source/type,"(1,)",|S21,1,concrete_sample_1
44724,raw_data_1/isis_vms_compat/ADD,"(9,)",int32,9,concrete_sample_1
44724,raw_data_1/isis_vms_compat/CODE,"(198,)",int32,198,concrete_sample_1
44724,raw_data_1/isis_vms_compat/CRAT,"(198,)",int32,198,concrete_sample_1
44724,raw_data_1/isis_vms_compat/CRPB,"(32, 1)",|S4,32,concrete_sample_1
44724,raw_data_1/isis_vms_compat/CSPB,"(64, 1)",|S4,64,concrete_sample_1
44724,raw_data_1/isis_vms_compat/DAEP,"(64,)",int32,64,concrete_sample_1
44724,raw_data_1/isis_vms_compat/DELT,"(198,)",float32,198,concrete_sample_1
44724,raw_data_1/isis_vms_compat/FORM,"(1,)",int32,1,concrete_sample_1
44724,raw_data_1/isis_vms_compat/HDR,"(1,)",|S80,1,concrete_sample_1
44724,raw_data_1/isis_vms_compat/IRPB,"(32,)",int32,32,concrete_sample_1
44724,raw_data_1/isis_vms_compat/ISPB,"(64,)",int32,64,concrete_sample_1
44724,raw_data_1/isis_vms_compat/IVPB,"(64,)",int32,64,concrete_sample_1
44724,raw_data_1/isis_vms_compat/LEN2,"(198,)",float32,198,concrete_sample_1
44724,raw_data_1/isis_vms_compat/MDET,"(2,)",int32,2,concrete_sample_1
44724,raw_data_1/isis_vms_compat/MODN,"(198,)",int32,198,concrete_sample_1
44724,raw_data_1/isis_vms_compat/MONP,"(2,)",int32,2,concrete_sample_1
44724,raw_data_1/isis_vms_compat/MPOS,"(198,)",int32,198,concrete_sample_1
44724,raw_data_1/isis_vms_compat/NAME,"(1,)",|S8,1,concrete_sample_1
44724,raw_data_1/isis_vms_compat/NDET,"(1,)",int32,1,concrete_sample_1
44724,raw_data_1/isis_vms_compat/NFPP,"(1,)",int32,1,concrete_sample_1
44724,raw_data_1/isis_vms_compat/NMON,"(1,)",int32,1,concrete_sample_1
44724,raw_data_1/isis_vms_compat/NOTE,"(1,)",|S19,1,concrete_sample_1
44724,raw_data_1/isis_vms_compat/NPER,"(1,)",int32,1,concrete_sample_1
44724,raw_data_1/isis_vms_compat/NSEP,"(1,)",int32,1,concrete_sample_1
44724,raw_data_1/isis_vms_compat/NSP1,"(1,)",int32,1,concrete_sample_1
44724,raw_data_1/isis_vms_compat/NTC1,"(1,)",int32,1,concrete_sample_1
44724,raw_data_1/isis_vms_compat/NTLL,"(1,)",int32,1,concrete_sample_1
44724,raw_data_1/isis_vms_compat/NTNL,"(1,)",int32,1,concrete_sample_1
44724,raw_data_1/isis_vms_compat/NTRG,"(1,)",int32,1,concrete_sample_1
44724,raw_data_1/isis_vms_compat/NUSE,"(1,)",int32,1,concrete_sample_1
44724,raw_data_1/isis_vms_compat/PMAP,"(256,)",int32,256,concrete_sample_1
44724,raw_data_1/isis_vms_compat/PRE1,"(1,)",int32,1,concrete_sample_1
44724,raw_data_1/isis_vms_compat/RRPB,"(32,)",float32,32,concrete_sample_1
44724,raw_data_1/isis_vms_compat/RSPB,"(64,)",float32,64,concrete_sample_1
44724,raw_data_1/isis_vms_compat/RUN,"(1,)",int32,1,concrete_sample_1
44724,raw_data_1/isis_vms_compat/RVPB,"(64,)",float32,64,concrete_sample_1
44724,raw_data_1/isis_vms_compat/SPB,"(64,)",int32,64,concrete_sample_1
44724,raw_data_1/isis_vms_compat/SPEC,"(198,)",int32,198,concrete_sample_1
44724,raw_data_1/isis_vms_compat/TCM1,"(5,)",int32,5,concrete_sample_1
44724,raw_data_1/isis_vms_compat/TCP1,"(20,)",float32,20,concrete_sample_1
44724,raw_data_1/isis_vms_compat/TIMR,"(198,)",int32,198,concrete_sample_1
44724,raw_data_1/isis_vms_compat/TITL,"(1,)",|S80,1,concrete_sample_1
44724,raw_data_1/isis_vms_compat/TTHE,"(198,)",float32,198,concrete_sample_1
44724,raw_data_1/isis_vms_compat/UDET,"(198,)",int32,198,concrete_sample_1
44724,raw_data_1/isis_vms_compat/ULEN,"(1,)",int32,1,concrete_sample_1
44724,raw_data_1/isis_vms_compat/USER,"(1,)",|S160,1,concrete_sample_1
44724,raw_data_1/isis_vms_compat/VER1,"(1,)",int32,1,concrete_sample_1
44724,raw_data_1/isis_vms_compat/VER2,"(1,)",int32,1,concrete_sample_1
44724,raw_data_1/isis_vms_compat/VER3,"(1,)",int32,1,concrete_sample_1
44724,raw_data_1/isis_vms_compat/VER4,"(1,)",int32,1,concrete_sample_1
44724,raw_data_1/isis_vms_compat/VER5,"(1,)",int32,1,concrete_sample_1
44724,raw_data_1/isis_vms_compat/VER6,"(1,)",int32,1,concrete_sample_1
44724,raw_data_1/isis_vms_compat/VER7,"(1,)",int32,1,concrete_sample_1
44724,raw_data_1/isis_vms_compat/VER8,"(1,)",int32,1,concrete_sample_1
44724,raw_data_1/isis_vms_compat/VER9,"(1,)",int32,1,concrete_sample_1
44724,raw_data_1/measurement/first_run,"(1,)",int32,1,concrete_sample_1
44724,raw_data_1/measurement/id,"(1,)",|S1,1,concrete_sample_1
44724,raw_data_1/measurement/label,"(1,)",|S1,1,concrete_sample_1
44724,raw_data_1/measurement/subid,"(1,)",|S1,1,concrete_sample_1
44724,raw_data_1/measurement/type,"(1,)",|S1,1,concrete_sample_1
44724,raw_data_1/measurement_first_run,"(1,)",int32,1,concrete_sample_1
44724,raw_data_1/measurement_id,"(1,)",|S1,1,concrete_sample_1
44724,raw_data_1/measurement_label,"(1,)",|S1,1,concrete_sample_1
44724,raw_data_1/measurement_subid,"(1,)",|S1,1,concrete_sample_1
44724,raw_data_1/measurement_type,"(1,)",|S1,1,concrete_sample_1
44724,raw_data_1/monitor_1/data,"(1, 1, 9729)",int32,9729,concrete_sample_1
44724,raw_data_1/monitor_1/monitor_number,"(1,)",int32,1,concrete_sample_1
44724,raw_data_1/monitor_1/spectrum_index,"(1,)",int32,1,concrete_sample_1
44724,raw_data_1/monitor_2/data,"(1, 1, 9729)",int32,9729,concrete_sample_1
44724,raw_data_1/monitor_2/monitor_number,"(1,)",int32,1,concrete_sample_1
44724,raw_data_1/monitor_2/spectrum_index,"(1,)",int32,1,concrete_sample_1
44724,raw_data_1/monitor_events_not_saved,"(1,)",int64,1,concrete_sample_1
44724,raw_data_1/name,"(1,)",|S7,1,concrete_sample_1
44724,raw_data_1/notes,"(1,)",|S1,1,concrete_sample_1
44724,raw_data_1/periods/frames_requested,"(1,)",int32,1,concrete_sample_1
44724,raw_data_1/periods/good_frames,"(1,)",int32,1,concrete_sample_1
44724,raw_data_1/periods/good_frames_daq,"(1,)",int32,1,concrete_sample_1
44724,raw_data_1/periods/highest_used,"(1,)",int32,1,concrete_sample_1
44724,raw_data_1/periods/labels,"(1,)",|S8,1,concrete_sample_1
44724,raw_data_1/periods/number,"(1,)",int32,1,concrete_sample_1
44724,raw_data_1/periods/output,"(1,)",int32,1,concrete_sample_1
44724,raw_data_1/periods/proton_charge,"(1,)",float32,1,concrete_sample_1
44724,raw_data_1/periods/proton_charge_raw,"(1,)",float32,1,concrete_sample_1
44724,raw_data_1/periods/raw_frames,"(1,)",int32,1,concrete_sample_1
44724,raw_data_1/periods/sequences,"(1,)",int32,1,concrete_sample_1
44724,raw_data_1/periods/total_counts,"(1,)",float32,1,concrete_sample_1
44724,raw_data_1/periods/type,"(1,)",int32,1,concrete_sample_1
44724,raw_data_1/program_name,"(1,)",|S11,1,concrete_sample_1
44724,raw_data_1/proton_charge,"(1,)",float32,1,concrete_sample_1
44724,raw_data_1/proton_charge_raw,"(1,)",float32,1,concrete_sample_1
44724,raw_data_1/raw_frames,"(1,)",int32,1,concrete_sample_1
44724,raw_data_1/run_cycle,"(1,)",|S4,1,concrete_sample_1
44724,raw_data_1/run_number,"(1,)",int32,1,concrete_sample_1
44724,raw_data_1/runlog/count_rate/time,"(33,)",float32,33,concrete_sample_1
44724,raw_data_1/runlog/count_rate/value,"(33,)",float32,33,concrete_sample_1
44724,raw_data_1/runlog/dae_beam_current/time,"(33,)",float32,33,concrete_sample_1
44724,raw_data_1/runlog/dae_beam_current/value,"(33,)",float32,33,concrete_sample_1
44724,raw_data_1/runlog/good_frames/time,"(33,)",float32,33,concrete_sample_1
44724,raw_data_1/runlog/good_frames/value,"(33,)",int32,33,concrete_sample_1
44724,raw_data_1/runlog/good_uah_log/time,"(33,)",float32,33,concrete_sample_1
44724,raw_data_1/runlog/good_uah_log/value,"(33,)",float32,33,concrete_sample_1
44724,raw_data_1/runlog/icp_event/time,"(18,)",float32,18,concrete_sample_1
44724,raw_data_1/runlog/icp_event/value,"(18, 1)",|S65,18,concrete_sample_1
44724,raw_data_1/runlog/is_running/time,"(33,)",float32,33,concrete_sample_1
44724,raw_data_1/runlog/is_running/value,"(33,)",int32,33,concrete_sample_1
44724,raw_data_1/runlog/is_waiting/time,"(33,)",float32,33,concrete_sample_1
44724,raw_data_1/runlog/is_waiting/value,"(33,)",int32,33,concrete_sample_1
44724,raw_data_1/runlog/monitor_sum_1/time,"(33,)",float32,33,concrete_sample_1
44724,raw_data_1/runlog/monitor_sum_1/value,"(33,)",int32,33,concrete_sample_1
44724,raw_data_1/runlog/np_ratio/time,"(33,)",float32,33,concrete_sample_1
44724,raw_data_1/runlog/np_ratio/value,"(33,)",float32,33,concrete_sample_1
44724,raw_data_1/runlog/period/time,"(33,)",float32,33,concrete_sample_1
44724,raw_data_1/runlog/period/value,"(33,)",int32,33,concrete_sample_1
44724,raw_data_1/runlog/raw_frames/time,"(33,)",float32,33,concrete_sample_1
44724,raw_data_1/runlog/raw_frames/value,"(33,)",int32,33,concrete_sample_1
44724,raw_data_1/runlog/raw_uah_log/time,"(33,)",float32,33,concrete_sample_1
44724,raw_data_1/runlog/raw_uah_log/value,"(33,)",float32,33,concrete_sample_1
44724,raw_data_1/runlog/run_status/time,"(33,)",float32,33,concrete_sample_1
44724,raw_data_1/runlog/run_status/value,"(33,)",int32,33,concrete_sample_1
44724,raw_data_1/runlog/total_counts/time,"(33,)",float32,33,concrete_sample_1
44724,raw_data_1/runlog/total_counts/value,"(33,)",int32,33,concrete_sample_1
44724,raw_data_1/sample/distance,"(1,)",float64,1,concrete_sample_1
44724,raw_data_1/sample/height,"(1,)",float32,1,concrete_sample_1
44724,raw_data_1/sample/id,"(1,)",|S1,1,concrete_sample_1
44724,raw_data_1/sample/name,"(1,)",|S1,1,concrete_sample_1
44724,raw_data_1/sample/shape,"(1,)",|S1,1,concrete_sample_1
44724,raw_data_1/sample/thickness,"(1,)",float32,1,concrete_sample_1
44724,raw_data_1/sample/type,"(1,)",|S1,1,concrete_sample_1
44724,raw_data_1/sample/width,"(1,)",float32,1,concrete_sample_1
44724,raw_data_1/script_name,"(1,)",|S1,1,concrete_sample_1
44724,raw_data_1/seci_config,"(1,)",|S5,1,concrete_sample_1
44724,raw_data_1/selog/BackFoil/read_control,"(1,)",|S1,1,concrete_sample_1
44724,raw_data_1/selog/BackFoil/set_control,"(1,)",|S1,1,concrete_sample_1
44724,raw_data_1/selog/BackFoil/setpoint,"(1,)",float32,1,concrete_sample_1
44724,raw_data_1/selog/BackFoil/setpoint_spread,"(1,)",float32,1,concrete_sample_1
44724,raw_data_1/selog/BackFoil/value,"(1,)",float32,1,concrete_sample_1
44724,raw_data_1/selog/BackFoil/value_log/alarm_severity,"(1, 1)",|S4,1,concrete_sample_1
44724,raw_data_1/selog/BackFoil/value_log/alarm_status,"(1, 1)",|S8,1,concrete_sample_1
44724,raw_data_1/selog/BackFoil/value_log/alarm_time,"(1,)",float32,1,concrete_sample_1
44724,raw_data_1/selog/BackFoil/value_log/name,"(1,)",|S1,1,concrete_sample_1
44724,raw_data_1/selog/BackFoil/value_log/time,"(4,)",float32,4,concrete_sample_1
44724,raw_data_1/selog/BackFoil/value_log/value,"(4,)",float32,4,concrete_sample_1
44724,raw_data_1/selog/BackFoil/value_log/value_valid,"(4,)",int32,4,concrete_sample_1
44724,raw_data_1/selog/BackFoil/value_spread,"(1,)",float32,1,concrete_sample_1
44724,raw_data_1/selog/BackFoil/vi_name,"(1,)",|S1,1,concrete_sample_1
44724,raw_data_1/selog/Beam_Current/read_control,"(1,)",|S1,1,concrete_sample_1
44724,raw_data_1/selog/Beam_Current/set_control,"(1,)",|S1,1,concrete_sample_1
44724,raw_data_1/selog/Beam_Current/setpoint,"(1,)",float32,1,concrete_sample_1
44724,raw_data_1/selog/Beam_Current/setpoint_spread,"(1,)",float32,1,concrete_sample_1
44724,raw_data_1/selog/Beam_Current/value,"(1,)",float32,1,concrete_sample_1
44724,raw_data_1/selog/Beam_Current/value_log/alarm_severity,"(1, 1)",|S4,1,concrete_sample_1
44724,raw_data_1/selog/Beam_Current/value_log/alarm_status,"(1, 1)",|S8,1,concrete_sample_1
44724,raw_data_1/selog/Beam_Current/value_log/alarm_time,"(1,)",float32,1,concrete_sample_1
44724,raw_data_1/selog/Beam_Current/value_log/name,"(1,)",|S1,1,concrete_sample_1
44724,raw_data_1/selog/Beam_Current/value_log/time,"(35,)",float32,35,concrete_sample_1
44724,raw_data_1/selog/Beam_Current/value_log/value,"(35,)",float32,35,concrete_sample_1
44724,raw_data_1/selog/Beam_Current/value_log/value_valid,"(35,)",int32,35,concrete_sample_1
44724,raw_data_1/selog/Beam_Current/value_spread,"(1,)",float32,1,concrete_sample_1
44724,raw_data_1/selog/Beam_Current/vi_name,"(1,)",|S1,1,concrete_sample_1
44724,raw_data_1/selog/CCR/read_control,"(1,)",|S1,1,concrete_sample_1
44724,raw_data_1/selog/CCR/set_control,"(1,)",|S1,1,concrete_sample_1
44724,raw_data_1/selog/CCR/setpoint,"(1,)",float32,1,concrete_sample_1
44724,raw_data_1/selog/CCR/setpoint_spread,"(1,)",float32,1,concrete_sample_1
44724,raw_data_1/selog/CCR/value,"(1,)",float32,1,concrete_sample_1
44724,raw_data_1/selog/CCR/value_log/alarm_severity,"(1, 1)",|S4,1,concrete_sample_1
44724,raw_data_1/selog/CCR/value_log/alarm_status,"(1, 1)",|S8,1,concrete_sample_1
44724,raw_data_1/selog/CCR/value_log/alarm_time,"(1,)",float32,1,concrete_sample_1
44724,raw_data_1/selog/CCR/value_log/name,"(1,)",|S1,1,concrete_sample_1
44724,raw_data_1/selog/CCR/value_log/time,"(4,)",float32,4,concrete_sample_1
44724,raw_data_1/selog/CCR/value_log/value,"(4,)",float32,4,concrete_sample_1
44724,raw_data_1/selog/CCR/value_log/value_valid,"(4,)",int32,4,concrete_sample_1
44724,raw_data_1/selog/CCR/value_spread,"(1,)",float32,1,concrete_sample_1
44724,raw_data_1/selog/CCR/vi_name,"(1,)",|S1,1,concrete_sample_1
44724,raw_data_1/selog/Collimator_Tube/read_control,"(1,)",|S1,1,concrete_sample_1
44724,raw_data_1/selog/Collimator_Tube/set_control,"(1,)",|S1,1,concrete_sample_1
44724,raw_data_1/selog/Collimator_Tube/setpoint,"(1,)",float32,1,concrete_sample_1
44724,raw_data_1/selog/Collimator_Tube/setpoint_spread,"(1,)",float32,1,concrete_sample_1
44724,raw_data_1/selog/Collimator_Tube/value,"(1,)",float32,1,concrete_sample_1
44724,raw_data_1/selog/Collimator_Tube/value_log/alarm_severity,"(1, 1)",|S4,1,concrete_sample_1
44724,raw_data_1/selog/Collimator_Tube/value_log/alarm_status,"(1, 1)",|S8,1,concrete_sample_1
44724,raw_data_1/selog/Collimator_Tube/value_log/alarm_time,"(1,)",float32,1,concrete_sample_1
44724,raw_data_1/selog/Collimator_Tube/value_log/name,"(1,)",|S1,1,concrete_sample_1
44724,raw_data_1/selog/Collimator_Tube/value_log/time,"(4,)",float32,4,concrete_sample_1
44724,raw_data_1/selog/Collimator_Tube/value_log/value,"(4,)",float32,4,concrete_sample_1
44724,raw_data_1/selog/Collimator_Tube/value_log/value_valid,"(4,)",int32,4,concrete_sample_1
44724,raw_data_1/selog/Collimator_Tube/value_spread,"(1,)",float32,1,concrete_sample_1
44724,raw_data_1/selog/Collimator_Tube/vi_name,"(1,)",|S1,1,concrete_sample_1
44724,raw_data_1/selog/DAE_timing/read_control,"(1,)",|S1,1,concrete_sample_1
44724,raw_data_1/selog/DAE_timing/set_control,"(1,)",|S1,1,concrete_sample_1
44724,raw_data_1/selog/DAE_timing/setpoint,"(1, 1)",|S3,1,concrete_sample_1
44724,raw_data_1/selog/DAE_timing/value,"(1, 1)",|S8,1,concrete_sample_1
44724,raw_data_1/selog/DAE_timing/value_log/alarm_severity,"(1, 1)",|S4,1,concrete_sample_1
44724,raw_data_1/selog/DAE_timing/value_log/alarm_status,"(1, 1)",|S8,1,concrete_sample_1
44724,raw_data_1/selog/DAE_timing/value_log/alarm_time,"(1,)",float32,1,concrete_sample_1
44724,raw_data_1/selog/DAE_timing/value_log/name,"(1,)",|S1,1,concrete_sample_1
44724,raw_data_1/selog/DAE_timing/value_log/time,"(4,)",float32,4,concrete_sample_1
44724,raw_data_1/selog/DAE_timing/value_log/value,"(4, 1)",|S8,4,concrete_sample_1
44724,raw_data_1/selog/DAE_timing/value_log/value_valid,"(4,)",int32,4,concrete_sample_1
44724,raw_data_1/selog/DAE_timing/vi_name,"(1,)",|S1,1,concrete_sample_1
44724,raw_data_1/selog/EPICS_PUTLOG/read_control,"(1,)",|S1,1,concrete_sample_1
44724,raw_data_1/selog/EPICS_PUTLOG/set_control,"(1,)",|S1,1,concrete_sample_1
44724,raw_data_1/selog/EPICS_PUTLOG/setpoint,"(1, 1)",|S3,1,concrete_sample_1
44724,raw_data_1/selog/EPICS_PUTLOG/value,"(1, 1)",|S50,1,concrete_sample_1
44724,raw_data_1/selog/EPICS_PUTLOG/value_log/alarm_severity,"(1, 1)",|S2,1,concrete_sample_1
44724,raw_data_1/selog/EPICS_PUTLOG/value_log/alarm_status,"(1, 1)",|S2,1,concrete_sample_1
44724,raw_data_1/selog/EPICS_PUTLOG/value_log/alarm_time,"(1,)",float32,1,concrete_sample_1
44724,raw_data_1/selog/EPICS_PUTLOG/value_log/name,"(1,)",|S1,1,concrete_sample_1
44724,raw_data_1/selog/EPICS_PUTLOG/value_log/time,"(19,)",float32,19,concrete_sample_1
44724,raw_data_1/selog/EPICS_PUTLOG/value_log/value,"(19, 1)",|S60,19,concrete_sample_1
44724,raw_data_1/selog/EPICS_PUTLOG/value_log/value_valid,"(19,)",int32,19,concrete_sample_1
44724,raw_data_1/selog/EPICS_PUTLOG/vi_name,"(1,)",|S1,1,concrete_sample_1
44724,raw_data_1/selog/FoilChangerDownstream/read_control,"(1,)",|S1,1,concrete_sample_1
44724,raw_data_1/selog/FoilChangerDownstream/set_control,"(1,)",|S1,1,concrete_sample_1
44724,raw_data_1/selog/FoilChangerDownstream/setpoint,"(1, 1)",|S3,1,concrete_sample_1
44724,raw_data_1/selog/FoilChangerDownstream/value,"(1, 1)",|S5,1,concrete_sample_1
44724,raw_data_1/selog/FoilChangerDownstream/value_log/alarm_severity,"(1, 1)",|S4,1,concrete_sample_1
44724,raw_data_1/selog/FoilChangerDownstream/value_log/alarm_status,"(1, 1)",|S8,1,concrete_sample_1
44724,raw_data_1/selog/FoilChangerDownstream/value_log/alarm_time,"(1,)",float32,1,concrete_sample_1
44724,raw_data_1/selog/FoilChangerDownstream/value_log/name,"(1,)",|S1,1,concrete_sample_1
44724,raw_data_1/selog/FoilChangerDownstream/value_log/time,"(4,)",float32,4,concrete_sample_1
44724,raw_data_1/selog/FoilChangerDownstream/value_log/value,"(4, 1)",|S5,4,concrete_sample_1
44724,raw_data_1/selog/FoilChangerDownstream/value_log/value_valid,"(4,)",int32,4,concrete_sample_1
44724,raw_data_1/selog/FoilChangerDownstream/vi_name,"(1,)",|S1,1,concrete_sample_1
44724,raw_data_1/selog/FoilChangerUpstream/read_control,"(1,)",|S1,1,concrete_sample_1
44724,raw_data_1/selog/FoilChangerUpstream/set_control,"(1,)",|S1,1,concrete_sample_1
44724,raw_data_1/selog/FoilChangerUpstream/setpoint,"(1, 1)",|S3,1,concrete_sample_1
44724,raw_data_1/selog/FoilChangerUpstream/value,"(1, 1)",|S5,1,concrete_sample_1
44724,raw_data_1/selog/FoilChangerUpstream/value_log/alarm_severity,"(1, 1)",|S4,1,concrete_sample_1
44724,raw_data_1/selog/FoilChangerUpstream/value_log/alarm_status,"(1, 1)",|S8,1,concrete_sample_1
44724,raw_data_1/selog/FoilChangerUpstream/value_log/alarm_time,"(1,)",float32,1,concrete_sample_1
44724,raw_data_1/selog/FoilChangerUpstream/value_log/name,"(1,)",|S1,1,concrete_sample_1
44724,raw_data_1/selog/FoilChangerUpstream/value_log/time,"(4,)",float32,4,concrete_sample_1
44724,raw_data_1/selog/FoilChangerUpstream/value_log/value,"(4, 1)",|S5,4,concrete_sample_1
44724,raw_data_1/selog/FoilChangerUpstream/value_log/value_valid,"(4,)",int32,4,concrete_sample_1
44724,raw_data_1/selog/FoilChangerUpstream/vi_name,"(1,)",|S1,1,concrete_sample_1
44724,raw_data_1/selog/ForwardFoilLeft/read_control,"(1,)",|S1,1,concrete_sample_1
44724,raw_data_1/selog/ForwardFoilLeft/set_control,"(1,)",|S1,1,concrete_sample_1
44724,raw_data_1/selog/ForwardFoilLeft/setpoint,"(1,)",float32,1,concrete_sample_1
44724,raw_data_1/selog/ForwardFoilLeft/setpoint_spread,"(1,)",float32,1,concrete_sample_1
44724,raw_data_1/selog/ForwardFoilLeft/value,"(1,)",float32,1,concrete_sample_1
44724,raw_data_1/selog/ForwardFoilLeft/value_log/alarm_severity,"(1, 1)",|S4,1,concrete_sample_1
44724,raw_data_1/selog/ForwardFoilLeft/value_log/alarm_status,"(1, 1)",|S8,1,concrete_sample_1
44724,raw_data_1/selog/ForwardFoilLeft/value_log/alarm_time,"(1,)",float32,1,concrete_sample_1
44724,raw_data_1/selog/ForwardFoilLeft/value_log/name,"(1,)",|S1,1,concrete_sample_1
44724,raw_data_1/selog/ForwardFoilLeft/value_log/time,"(4,)",float32,4,concrete_sample_1
44724,raw_data_1/selog/ForwardFoilLeft/value_log/value,"(4,)",float32,4,concrete_sample_1
44724,raw_data_1/selog/ForwardFoilLeft/value_log/value_valid,"(4,)",int32,4,concrete_sample_1
44724,raw_data_1/selog/ForwardFoilLeft/value_spread,"(1,)",float32,1,concrete_sample_1
44724,raw_data_1/selog/ForwardFoilLeft/vi_name,"(1,)",|S1,1,concrete_sample_1
44724,raw_data_1/selog/ForwardFoilRight/read_control,"(1,)",|S1,1,concrete_sample_1
44724,raw_data_1/selog/ForwardFoilRight/set_control,"(1,)",|S1,1,concrete_sample_1
44724,raw_data_1/selog/ForwardFoilRight/setpoint,"(1,)",float32,1,concrete_sample_1
44724,raw_data_1/selog/ForwardFoilRight/setpoint_spread,"(1,)",float32,1,concrete_sample_1
44724,raw_data_1/selog/ForwardFoilRight/value,"(1,)",float32,1,concrete_sample_1
44724,raw_data_1/selog/ForwardFoilRight/value_log/alarm_severity,"(1, 1)",|S4,1,concrete_sample_1
44724,raw_data_1/selog/ForwardFoilRight/value_log/alarm_status,"(1, 1)",|S8,1,concrete_sample_1
44724,raw_data_1/selog/ForwardFoilRight/value_log/alarm_time,"(1,)",float32,1,concrete_sample_1
44724,raw_data_1/selog/ForwardFoilRight/value_log/name,"(1,)",|S1,1,concrete_sample_1
44724,raw_data_1/selog/ForwardFoilRight/value_log/time,"(4,)",float32,4,concrete_sample_1
44724,raw_data_1/selog/ForwardFoilRight/value_log/value,"(4,)",float32,4,concrete_sample_1
44724,raw_data_1/selog/ForwardFoilRight/value_log/value_valid,"(4,)",int32,4,concrete_sample_1
44724,raw_data_1/selog/ForwardFoilRight/value_spread,"(1,)",float32,1,concrete_sample_1
44724,raw_data_1/selog/ForwardFoilRight/vi_name,"(1,)",|S1,1,concrete_sample_1
44724,raw_data_1/selog/ICP_DAE_TD/read_control,"(1,)",|S1,1,concrete_sample_1
44724,raw_data_1/selog/ICP_DAE_TD/set_control,"(1,)",|S1,1,concrete_sample_1
44724,raw_data_1/selog/ICP_DAE_TD/value_log/alarm_severity,"(1, 1)",|S2,1,concrete_sample_1
44724,raw_data_1/selog/ICP_DAE_TD/value_log/alarm_status,"(1, 1)",|S2,1,concrete_sample_1
44724,raw_data_1/selog/ICP_DAE_TD/value_log/alarm_time,"(1,)",float32,1,concrete_sample_1
44724,raw_data_1/selog/ICP_DAE_TD/value_log/name,"(1,)",|S1,1,concrete_sample_1
44724,raw_data_1/selog/ICP_DAE_TD/value_log/time,"(32,)",float32,32,concrete_sample_1
44724,raw_data_1/selog/ICP_DAE_TD/value_log/value,"(32,)",float32,32,concrete_sample_1
44724,raw_data_1/selog/ICP_DAE_TD/value_log/value_valid,"(32,)",int32,32,concrete_sample_1
44724,raw_data_1/selog/ICP_DAE_TD/vi_name,"(1,)",|S1,1,concrete_sample_1
44724,raw_data_1/selog/ICP_SYS_TD/read_control,"(1,)",|S1,1,concrete_sample_1
44724,raw_data_1/selog/ICP_SYS_TD/set_control,"(1,)",|S1,1,concrete_sample_1
44724,raw_data_1/selog/ICP_SYS_TD/value_log/alarm_severity,"(1, 1)",|S2,1,concrete_sample_1
44724,raw_data_1/selog/ICP_SYS_TD/value_log/alarm_status,"(1, 1)",|S2,1,concrete_sample_1
44724,raw_data_1/selog/ICP_SYS_TD/value_log/alarm_time,"(1,)",float32,1,concrete_sample_1
44724,raw_data_1/selog/ICP_SYS_TD/value_log/name,"(1,)",|S1,1,concrete_sample_1
44724,raw_data_1/selog/ICP_SYS_TD/value_log/time,"(32,)",float32,32,concrete_sample_1
44724,raw_data_1/selog/ICP_SYS_TD/value_log/value,"(32,)",float32,32,concrete_sample_1
44724,raw_data_1/selog/ICP_SYS_TD/value_log/value_valid,"(32,)",int32,32,concrete_sample_1
44724,raw_data_1/selog/ICP_SYS_TD/vi_name,"(1,)",|S1,1,concrete_sample_1
44724,raw_data_1/selog/Parani/read_control,"(1,)",|S1,1,concrete_sample_1
44724,raw_data_1/selog/Parani/set_control,"(1,)",|S1,1,concrete_sample_1
44724,raw_data_1/selog/Parani/setpoint,"(1,)",float32,1,concrete_sample_1
44724,raw_data_1/selog/Parani/setpoint_spread,"(1,)",float32,1,concrete_sample_1
44724,raw_data_1/selog/Parani/value,"(1,)",float32,1,concrete_sample_1
44724,raw_data_1/selog/Parani/value_log/alarm_severity,"(1, 1)",|S4,1,concrete_sample_1
44724,raw_data_1/selog/Parani/value_log/alarm_status,"(1, 1)",|S8,1,concrete_sample_1
44724,raw_data_1/selog/Parani/value_log/alarm_time,"(1,)",float32,1,concrete_sample_1
44724,raw_data_1/selog/Parani/value_log/name,"(1,)",|S1,1,concrete_sample_1
44724,raw_data_1/selog/Parani/value_log/time,"(10,)",float32,10,concrete_sample_1
44724,raw_data_1/selog/Parani/value_log/value,"(10,)",float32,10,concrete_sample_1
44724,raw_data_1/selog/Parani/value_log/value_valid,"(10,)",int32,10,concrete_sample_1
44724,raw_data_1/selog/Parani/value_spread,"(1,)",float32,1,concrete_sample_1
44724,raw_data_1/selog/Parani/vi_name,"(1,)",|S1,1,concrete_sample_1
44724,raw_data_1/selog/Penning/read_control,"(1,)",|S1,1,concrete_sample_1
44724,raw_data_1/selog/Penning/set_control,"(1,)",|S1,1,concrete_sample_1
44724,raw_data_1/selog/Penning/setpoint,"(1,)",float32,1,concrete_sample_1
44724,raw_data_1/selog/Penning/setpoint_spread,"(1,)",float32,1,concrete_sample_1
44724,raw_data_1/selog/Penning/value,"(1,)",float32,1,concrete_sample_1
44724,raw_data_1/selog/Penning/value_log/alarm_severity,"(1, 1)",|S4,1,concrete_sample_1
44724,raw_data_1/selog/Penning/value_log/alarm_status,"(1, 1)",|S8,1,concrete_sample_1
44724,raw_data_1/selog/Penning/value_log/alarm_time,"(1,)",float32,1,concrete_sample_1
44724,raw_data_1/selog/Penning/value_log/name,"(1,)",|S1,1,concrete_sample_1
44724,raw_data_1/selog/Penning/value_log/time,"(26,)",float32,26,concrete_sample_1
44724,raw_data_1/selog/Penning/value_log/value,"(26,)",float32,26,concrete_sample_1
44724,raw_data_1/selog/Penning/value_log/value_valid,"(26,)",int32,26,concrete_sample_1
44724,raw_data_1/selog/Penning/value_spread,"(1,)",float32,1,concrete_sample_1
44724,raw_data_1/selog/Penning/vi_name,"(1,)",|S1,1,concrete_sample_1
44724,raw_data_1/selog/Sample/read_control,"(1,)",|S1,1,concrete_sample_1
44724,raw_data_1/selog/Sample/set_control,"(1,)",|S1,1,concrete_sample_1
44724,raw_data_1/selog/Sample/setpoint,"(1,)",float32,1,concrete_sample_1
44724,raw_data_1/selog/Sample/setpoint_spread,"(1,)",float32,1,concrete_sample_1
44724,raw_data_1/selog/Sample/value,"(1,)",float32,1,concrete_sample_1
44724,raw_data_1/selog/Sample/value_log/alarm_severity,"(1, 1)",|S4,1,concrete_sample_1
44724,raw_data_1/selog/Sample/value_log/alarm_status,"(1, 1)",|S8,1,concrete_sample_1
44724,raw_data_1/selog/Sample/value_log/alarm_time,"(1,)",float32,1,concrete_sample_1
44724,raw_data_1/selog/Sample/value_log/name,"(1,)",|S1,1,concrete_sample_1
44724,raw_data_1/selog/Sample/value_log/time,"(4,)",float32,4,concrete_sample_1
44724,raw_data_1/selog/Sample/value_log/value,"(4,)",float32,4,concrete_sample_1
44724,raw_data_1/selog/Sample/value_log/value_valid,"(4,)",int32,4,concrete_sample_1
44724,raw_data_1/selog/Sample/value_spread,"(1,)",float32,1,concrete_sample_1
44724,raw_data_1/selog/Sample/vi_name,"(1,)",|S1,1,concrete_sample_1
44724,raw_data_1/selog/Stick/read_control,"(1,)",|S1,1,concrete_sample_1
44724,raw_data_1/selog/Stick/set_control,"(1,)",|S1,1,concrete_sample_1
44724,raw_data_1/selog/Stick/setpoint,"(1,)",float32,1,concrete_sample_1
44724,raw_data_1/selog/Stick/setpoint_spread,"(1,)",float32,1,concrete_sample_1
44724,raw_data_1/selog/Stick/value,"(1,)",float32,1,concrete_sample_1
44724,raw_data_1/selog/Stick/value_log/alarm_severity,"(1, 1)",|S4,1,concrete_sample_1
44724,raw_data_1/selog/Stick/value_log/alarm_status,"(1, 1)",|S8,1,concrete_sample_1
44724,raw_data_1/selog/Stick/value_log/alarm_time,"(1,)",float32,1,concrete_sample_1
44724,raw_data_1/selog/Stick/value_log/name,"(1,)",|S1,1,concrete_sample_1
44724,raw_data_1/selog/Stick/value_log/time,"(4,)",float32,4,concrete_sample_1
44724,raw_data_1/selog/Stick/value_log/value,"(4,)",float32,4,concrete_sample_1
44724,raw_data_1/selog/Stick/value_log/value_valid,"(4,)",int32,4,concrete_sample_1
44724,raw_data_1/selog/Stick/value_spread,"(1,)",float32,1,concrete_sample_1
44724,raw_data_1/selog/Stick/vi_name,"(1,)",|S1,1,concrete_sample_1
44724,raw_data_1/selog/TS1_Freq/read_control,"(1,)",|S1,1,concrete_sample_1
44724,raw_data_1/selog/TS1_Freq/set_control,"(1,)",|S1,1,concrete_sample_1
44724,raw_data_1/selog/TS1_Freq/setpoint,"(1,)",float32,1,concrete_sample_1
44724,raw_data_1/selog/TS1_Freq/setpoint_spread,"(1,)",float32,1,concrete_sample_1
44724,raw_data_1/selog/TS1_Freq/value,"(1,)",float32,1,concrete_sample_1
44724,raw_data_1/selog/TS1_Freq/value_log/alarm_severity,"(1, 1)",|S4,1,concrete_sample_1
44724,raw_data_1/selog/TS1_Freq/value_log/alarm_status,"(1, 1)",|S8,1,concrete_sample_1
44724,raw_data_1/selog/TS1_Freq/value_log/alarm_time,"(1,)",float32,1,concrete_sample_1
44724,raw_data_1/selog/TS1_Freq/value_log/name,"(1,)",|S1,1,concrete_sample_1
44724,raw_data_1/selog/TS1_Freq/value_log/time,"(4,)",float32,4,concrete_sample_1
44724,raw_data_1/selog/TS1_Freq/value_log/value,"(4,)",float32,4,concrete_sample_1
44724,raw_data_1/selog/TS1_Freq/value_log/value_valid,"(4,)",int32,4,concrete_sample_1
44724,raw_data_1/selog/TS1_Freq/value_spread,"(1,)",float32,1,concrete_sample_1
44724,raw_data_1/selog/TS1_Freq/vi_name,"(1,)",|S1,1,concrete_sample_1
44724,raw_data_1/selog/Water_Bath_Temp/read_control,"(1,)",|S1,1,concrete_sample_1
44724,raw_data_1/selog/Water_Bath_Temp/set_control,"(1,)",|S1,1,concrete_sample_1
44724,raw_data_1/selog/Water_Bath_Temp/setpoint,"(1,)",float32,1,concrete_sample_1
44724,raw_data_1/selog/Water_Bath_Temp/setpoint_spread,"(1,)",float32,1,concrete_sample_1
44724,raw_data_1/selog/Water_Bath_Temp/value,"(1,)",float32,1,concrete_sample_1
44724,raw_data_1/selog/Water_Bath_Temp/value_log/alarm_severity,"(1, 1)",|S4,1,concrete_sample_1
44724,raw_data_1/selog/Water_Bath_Temp/value_log/alarm_status,"(1, 1)",|S8,1,concrete_sample_1
44724,raw_data_1/selog/Water_Bath_Temp/value_log/alarm_time,"(1,)",float32,1,concrete_sample_1
44724,raw_data_1/selog/Water_Bath_Temp/value_log/name,"(1,)",|S1,1,concrete_sample_1
44724,raw_data_1/selog/Water_Bath_Temp/value_log/time,"(14,)",float32,14,concrete_sample_1
44724,raw_data_1/selog/Water_Bath_Temp/value_log/value,"(14,)",float32,14,concrete_sample_1
44724,raw_data_1/selog/Water_Bath_Temp/value_log/value_valid,"(14,)",int32,14,concrete_sample_1
44724,raw_data_1/selog/Water_Bath_Temp/value_spread,"(1,)",float32,1,concrete_sample_1
44724,raw_data_1/selog/Water_Bath_Temp/vi_name,"(1,)",|S1,1,concrete_sample_1
44724,raw_data_1/selog/vetoed_frames/read_control,"(1,)",|S1,1,concrete_sample_1
44724,raw_data_1/selog/vetoed_frames/set_control,"(1,)",|S1,1,concrete_sample_1
44724,raw_data_1/selog/vetoed_frames/setpoint,"(1,)",float32,1,concrete_sample_1
44724,raw_data_1/selog/vetoed_frames/setpoint_spread,"(1,)",float32,1,concrete_sample_1
44724,raw_data_1/selog/vetoed_frames/value,"(1,)",float32,1,concrete_sample_1
44724,raw_data_1/selog/vetoed_frames/value_log/alarm_severity,"(1, 1)",|S4,1,concrete_sample_1
44724,raw_data_1/selog/vetoed_frames/value_log/alarm_status,"(1, 1)",|S8,1,concrete_sample_1
44724,raw_data_1/selog/vetoed_frames/value_log/alarm_time,"(1,)",float32,1,concrete_sample_1
44724,raw_data_1/selog/vetoed_frames/value_log/name,"(1,)",|S1,1,concrete_sample_1
44724,raw_data_1/selog/vetoed_frames/value_log/time,"(4,)",float32,4,concrete_sample_1
44724,raw_data_1/selog/vetoed_frames/value_log/value,"(4,)",float32,4,concrete_sample_1
44724,raw_data_1/selog/vetoed_frames/value_log/value_valid,"(4,)",int32,4,concrete_sample_1
44724,raw_data_1/selog/vetoed_frames/value_spread,"(1,)",float32,1,concrete_sample_1
44724,raw_data_1/selog/vetoed_frames/vi_name,"(1,)",|S1,1,concrete_sample_1
44724,raw_data_1/start_time,"(1,)",|S19,1,concrete_sample_1
44724,raw_data_1/title,"(1,)",|S44,1,concrete_sample_1
44724,raw_data_1/total_counts,"(1,)",uint64,1,concrete_sample_1
44724,raw_data_1/total_uncounted_counts,"(1,)",int32,1,concrete_sample_1
44724,raw_data_1/user_1/affiliation,"(1,)",|S1,1,concrete_sample_1
44724,raw_data_1/user_1/name,"(1,)",|S11,1,concrete_sample_1
44749,raw_data_1/beamline,"(1,)",|S7,1,concrete_sample_3M
44749,raw_data_1/collection_time,"(1,)",float32,1,concrete_sample_3M
44749,raw_data_1/definition,"(1,)",|S6,1,concrete_sample_3M
44749,raw_data_1/definition_local,"(1,)",|S10,1,concrete_sample_3M
44749,raw_data_1/detector_1/counts,"(1, 196, 9729)",int32,1906884,concrete_sample_3M
44749,raw_data_1/detector_1/period_index,"(1,)",int32,1,concrete_sample_3M
44749,raw_data_1/detector_1/spectrum_index,"(196,)",int32,196,concrete_sample_3M
44749,raw_data_1/detector_1/time_of_flight,"(9730,)",float32,9730,concrete_sample_3M
44749,raw_data_1/duration,"(1,)",float32,1,concrete_sample_3M
44749,raw_data_1/end_time,"(1,)",|S19,1,concrete_sample_3M
44749,raw_data_1/experiment_identifier,"(1,)",|S7,1,concrete_sample_3M
44749,raw_data_1/good_frames,"(1,)",int32,1,concrete_sample_3M
44749,raw_data_1/instrument/dae/detector_table_file,"(1,)",|S83,1,concrete_sample_3M
44749,raw_data_1/instrument/dae/spectra_table_file,"(1,)",|S83,1,concrete_sample_3M
44749,raw_data_1/instrument/dae/time_channels_1/time_of_flight_raw,"(9730,)",int32,9730,concrete_sample_3M
44749,raw_data_1/instrument/dae/type,"(1,)",|S9,1,concrete_sample_3M
44749,raw_data_1/instrument/dae/vetos/ISIS_50Hz,"(1,)",int32,1,concrete_sample_3M
44749,raw_data_1/instrument/dae/vetos/TS2_pulse,"(1,)",int32,1,concrete_sample_3M
44749,raw_data_1/instrument/dae/vetos/ext0,"(1,)",int32,1,concrete_sample_3M
44749,raw_data_1/instrument/dae/vetos/ext1,"(1,)",int32,1,concrete_sample_3M
44749,raw_data_1/instrument/dae/vetos/ext2,"(1,)",int32,1,concrete_sample_3M
44749,raw_data_1/instrument/dae/vetos/ext3,"(1,)",int32,1,concrete_sample_3M
44749,raw_data_1/instrument/dae/vetos/fermi_chopper0,"(1,)",int32,1,concrete_sample_3M
44749,raw_data_1/instrument/dae/vetos/fermi_chopper1,"(1,)",int32,1,concrete_sample_3M
44749,raw_data_1/instrument/dae/vetos/fermi_chopper2,"(1,)",int32,1,concrete_sample_3M
44749,raw_data_1/instrument/dae/vetos/fermi_chopper3,"(1,)",int32,1,concrete_sample_3M
44749,raw_data_1/instrument/dae/vetos/fifo,"(1,)",int32,1,concrete_sample_3M
44749,raw_data_1/instrument/dae/vetos/internal,"(1,)",int32,1,concrete_sample_3M
44749,raw_data_1/instrument/dae/vetos/msmode,"(1,)",int32,1,concrete_sample_3M
44749,raw_data_1/instrument/dae/vetos/smp,"(1,)",int32,1,concrete_sample_3M
44749,raw_data_1/instrument/dae/wiring_table_file,"(1,)",|S86,1,concrete_sample_3M
44749,raw_data_1/instrument/detector_1/delt,"(196,)",float32,196,concrete_sample_3M
44749,raw_data_1/instrument/detector_1/distance,"(196,)",float32,196,concrete_sample_3M
44749,raw_data_1/instrument/detector_1/polar_angle,"(196,)",float32,196,concrete_sample_3M
44749,raw_data_1/instrument/detector_1/source_detector_distance,"(1,)",float32,1,concrete_sample_3M
44749,raw_data_1/instrument/moderator/distance,"(1,)",float32,1,concrete_sample_3M
44749,raw_data_1/instrument/name,"(1,)",|S7,1,concrete_sample_3M
44749,raw_data_1/instrument/source/name,"(1,)",|S4,1,concrete_sample_3M
44749,raw_data_1/instrument/source/probe,"(1,)",|S8,1,concrete_sample_3M
44749,raw_data_1/instrument/source/type,"(1,)",|S21,1,concrete_sample_3M
44749,raw_data_1/isis_vms_compat/ADD,"(9,)",int32,9,concrete_sample_3M
44749,raw_data_1/isis_vms_compat/CODE,"(198,)",int32,198,concrete_sample_3M
44749,raw_data_1/isis_vms_compat/CRAT,"(198,)",int32,198,concrete_sample_3M
44749,raw_data_1/isis_vms_compat/CRPB,"(32, 1)",|S4,32,concrete_sample_3M
44749,raw_data_1/isis_vms_compat/CSPB,"(64, 1)",|S4,64,concrete_sample_3M
44749,raw_data_1/isis_vms_compat/DAEP,"(64,)",int32,64,concrete_sample_3M
44749,raw_data_1/isis_vms_compat/DELT,"(198,)",float32,198,concrete_sample_3M
44749,raw_data_1/isis_vms_compat/FORM,"(1,)",int32,1,concrete_sample_3M
44749,raw_data_1/isis_vms_compat/HDR,"(1,)",|S80,1,concrete_sample_3M
44749,raw_data_1/isis_vms_compat/IRPB,"(32,)",int32,32,concrete_sample_3M
44749,raw_data_1/isis_vms_compat/ISPB,"(64,)",int32,64,concrete_sample_3M
44749,raw_data_1/isis_vms_compat/IVPB,"(64,)",int32,64,concrete_sample_3M
44749,raw_data_1/isis_vms_compat/LEN2,"(198,)",float32,198,concrete_sample_3M
44749,raw_data_1/isis_vms_compat/MDET,"(2,)",int32,2,concrete_sample_3M
44749,raw_data_1/isis_vms_compat/MODN,"(198,)",int32,198,concrete_sample_3M
44749,raw_data_1/isis_vms_compat/MONP,"(2,)",int32,2,concrete_sample_3M
44749,raw_data_1/isis_vms_compat/MPOS,"(198,)",int32,198,concrete_sample_3M
44749,raw_data_1/isis_vms_compat/NAME,"(1,)",|S8,1,concrete_sample_3M
44749,raw_data_1/isis_vms_compat/NDET,"(1,)",int32,1,concrete_sample_3M
44749,raw_data_1/isis_vms_compat/NFPP,"(1,)",int32,1,concrete_sample_3M
44749,raw_data_1/isis_vms_compat/NMON,"(1,)",int32,1,concrete_sample_3M
44749,raw_data_1/isis_vms_compat/NOTE,"(1,)",|S19,1,concrete_sample_3M
44749,raw_data_1/isis_vms_compat/NPER,"(1,)",int32,1,concrete_sample_3M
44749,raw_data_1/isis_vms_compat/NSEP,"(1,)",int32,1,concrete_sample_3M
44749,raw_data_1/isis_vms_compat/NSP1,"(1,)",int32,1,concrete_sample_3M
44749,raw_data_1/isis_vms_compat/NTC1,"(1,)",int32,1,concrete_sample_3M
44749,raw_data_1/isis_vms_compat/NTLL,"(1,)",int32,1,concrete_sample_3M
44749,raw_data_1/isis_vms_compat/NTNL,"(1,)",int32,1,concrete_sample_3M
44749,raw_data_1/isis_vms_compat/NTRG,"(1,)",int32,1,concrete_sample_3M
44749,raw_data_1/isis_vms_compat/NUSE,"(1,)",int32,1,concrete_sample_3M
44749,raw_data_1/isis_vms_compat/PMAP,"(256,)",int32,256,concrete_sample_3M
44749,raw_data_1/isis_vms_compat/PRE1,"(1,)",int32,1,concrete_sample_3M
44749,raw_data_1/isis_vms_compat/RRPB,"(32,)",float32,32,concrete_sample_3M
44749,raw_data_1/isis_vms_compat/RSPB,"(64,)",float32,64,concrete_sample_3M
44749,raw_data_1/isis_vms_compat/RUN,"(1,)",int32,1,concrete_sample_3M
44749,raw_data_1/isis_vms_compat/RVPB,"(64,)",float32,64,concrete_sample_3M
44749,raw_data_1/isis_vms_compat/SPB,"(64,)",int32,64,concrete_sample_3M
44749,raw_data_1/isis_vms_compat/SPEC,"(198,)",int32,198,concrete_sample_3M
44749,raw_data_1/isis_vms_compat/TCM1,"(5,)",int32,5,concrete_sample_3M
44749,raw_data_1/isis_vms_compat/TCP1,"(20,)",float32,20,concrete_sample_3M
44749,raw_data_1/isis_vms_compat/TIMR,"(198,)",int32,198,concrete_sample_3M
44749,raw_data_1/isis_vms_compat/TITL,"(1,)",|S80,1,concrete_sample_3M
44749,raw_data_1/isis_vms_compat/TTHE,"(198,)",float32,198,concrete_sample_3M
44749,raw_data_1/isis_vms_compat/UDET,"(198,)",int32,198,concrete_sample_3M
44749,raw_data_1/isis_vms_compat/ULEN,"(1,)",int32,1,concrete_sample_3M
44749,raw_data_1/isis_vms_compat/USER,"(1,)",|S160,1,concrete_sample_3M
44749,raw_data_1/isis_vms_compat/VER1,"(1,)",int32,1,concrete_sample_3M
44749,raw_data_1/isis_vms_compat/VER2,"(1,)",int32,1,concrete_sample_3M
44749,raw_data_1/isis_vms_compat/VER3,"(1,)",int32,1,concrete_sample_3M
44749,raw_data_1/isis_vms_compat/VER4,"(1,)",int32,1,concrete_sample_3M
44749,raw_data_1/isis_vms_compat/VER5,"(1,)",int32,1,concrete_sample_3M
44749,raw_data_1/isis_vms_compat/VER6,"(1,)",int32,1,concrete_sample_3M
44749,raw_data_1/isis_vms_compat/VER7,"(1,)",int32,1,concrete_sample_3M
44749,raw_data_1/isis_vms_compat/VER8,"(1,)",int32,1,concrete_sample_3M
44749,raw_data_1/isis_vms_compat/VER9,"(1,)",int32,1,concrete_sample_3M
44749,raw_data_1/measurement/first_run,"(1,)",int32,1,concrete_sample_3M
44749,raw_data_1/measurement/id,"(1,)",|S1,1,concrete_sample_3M
44749,raw_data_1/measurement/label,"(1,)",|S1,1,concrete_sample_3M
44749,raw_data_1/measurement/subid,"(1,)",|S1,1,concrete_sample_3M
44749,raw_data_1/measurement/type,"(1,)",|S1,1,concrete_sample_3M
44749,raw_data_1/measurement_first_run,"(1,)",int32,1,concrete_sample_3M
44749,raw_data_1/measurement_id,"(1,)",|S1,1,concrete_sample_3M
44749,raw_data_1/measurement_label,"(1,)",|S1,1,concrete_sample_3M
44749,raw_data_1/measurement_subid,"(1,)",|S1,1,concrete_sample_3M
44749,raw_data_1/measurement_type,"(1,)",|S1,1,concrete_sample_3M
44749,raw_data_1/monitor_1/data,"(1, 1, 9729)",int32,9729,concrete_sample_3M
44749,raw_data_1/monitor_1/monitor_number,"(1,)",int32,1,concrete_sample_3M
44749,raw_data_1/monitor_1/spectrum_index,"(1,)",int32,1,concrete_sample_3M
44749,raw_data_1/monitor_2/data,"(1, 1, 9729)",int32,9729,concrete_sample_3M
44749,raw_data_1/monitor_2/monitor_number,"(1,)",int32,1,concrete_sample_3M
44749,raw_data_1/monitor_2/spectrum_index,"(1,)",int32,1,concrete_sample_3M
44749,raw_data_1/monitor_events_not_saved,"(1,)",int64,1,concrete_sample_3M
44749,raw_data_1/name,"(1,)",|S7,1,concrete_sample_3M
44749,raw_data_1/notes,"(1,)",|S1,1,concrete_sample_3M
44749,raw_data_1/periods/frames_requested,"(1,)",int32,1,concrete_sample_3M
44749,raw_data_1/periods/good_frames,"(1,)",int32,1,concrete_sample_3M
44749,raw_data_1/periods/good_frames_daq,"(1,)",int32,1,concrete_sample_3M
44749,raw_data_1/periods/highest_used,"(1,)",int32,1,concrete_sample_3M
44749,raw_data_1/periods/labels,"(1,)",|S8,1,concrete_sample_3M
44749,raw_data_1/periods/number,"(1,)",int32,1,concrete_sample_3M
44749,raw_data_1/periods/output,"(1,)",int32,1,concrete_sample_3M
44749,raw_data_1/periods/proton_charge,"(1,)",float32,1,concrete_sample_3M
44749,raw_data_1/periods/proton_charge_raw,"(1,)",float32,1,concrete_sample_3M
44749,raw_data_1/periods/raw_frames,"(1,)",int32,1,concrete_sample_3M
44749,raw_data_1/periods/sequences,"(1,)",int32,1,concrete_sample_3M
44749,raw_data_1/periods/total_counts,"(1,)",float32,1,concrete_sample_3M
44749,raw_data_1/periods/type,"(1,)",int32,1,concrete_sample_3M
44749,raw_data_1/program_name,"(1,)",|S11,1,concrete_sample_3M
44749,raw_data_1/proton_charge,"(1,)",float32,1,concrete_sample_3M
44749,raw_data_1/proton_charge_raw,"(1,)",float32,1,concrete_sample_3M
44749,raw_data_1/raw_frames,"(1,)",int32,1,concrete_sample_3M
44749,raw_data_1/run_cycle,"(1,)",|S4,1,concrete_sample_3M
44749,raw_data_1/run_number,"(1,)",int32,1,concrete_sample_3M
44749,raw_data_1/runlog/count_rate/time,"(46,)",float32,46,concrete_sample_3M
44749,raw_data_1/runlog/count_rate/value,"(46,)",float32,46,concrete_sample_3M
44749,raw_data_1/runlog/dae_beam_current/time,"(46,)",float32,46,concrete_sample_3M
44749,raw_data_1/runlog/dae_beam_current/value,"(46,)",float32,46,concrete_sample_3M
44749,raw_data_1/runlog/good_frames/time,"(46,)",float32,46,concrete_sample_3M
44749,raw_data_1/runlog/good_frames/value,"(46,)",int32,46,concrete_sample_3M
44749,raw_data_1/runlog/good_uah_log/time,"(46,)",float32,46,concrete_sample_3M
44749,raw_data_1/runlog/good_uah_log/value,"(46,)",float32,46,concrete_sample_3M
44749,raw_data_1/runlog/icp_event/time,"(6,)",float32,6,concrete_sample_3M
44749,raw_data_1/runlog/icp_event/value,"(6, 1)",|S65,6,concrete_sample_3M
44749,raw_data_1/runlog/is_running/time,"(46,)",float32,46,concrete_sample_3M
44749,raw_data_1/runlog/is_running/value,"(46,)",int32,46,concrete_sample_3M
44749,raw_data_1/runlog/is_waiting/time,"(46,)",float32,46,concrete_sample_3M
44749,raw_data_1/runlog/is_waiting/value,"(46,)",int32,46,concrete_sample_3M
44749,raw_data_1/runlog/monitor_sum_1/time,"(46,)",float32,46,concrete_sample_3M
44749,raw_data_1/runlog/monitor_sum_1/value,"(46,)",int32,46,concrete_sample_3M
44749,raw_data_1/runlog/np_ratio/time,"(46,)",float32,46,concrete_sample_3M
44749,raw_data_1/runlog/np_ratio/value,"(46,)",float32,46,concrete_sample_3M
44749,raw_data_1/runlog/period/time,"(46,)",float32,46,concrete_sample_3M
44749,raw_data_1/runlog/period/value,"(46,)",int32,46,concrete_sample_3M
44749,raw_data_1/runlog/raw_frames/time,"(46,)",float32,46,concrete_sample_3M
44749,raw_data_1/runlog/raw_frames/value,"(46,)",int32,46,concrete_sample_3M
44749,raw_data_1/runlog/raw_uah_log/time,"(46,)",float32,46,concrete_sample_3M
44749,raw_data_1/runlog/raw_uah_log/value,"(46,)",float32,46,concrete_sample_3M
44749,raw_data_1/runlog/run_status/time,"(46,)",float32,46,concrete_sample_3M
44749,raw_data_1/runlog/run_status/value,"(46,)",int32,46,concrete_sample_3M
44749,raw_data_1/runlog/total_counts/time,"(46,)",float32,46,concrete_sample_3M
44749,raw_data_1/runlog/total_counts/value,"(46,)",int32,46,concrete_sample_3M
44749,raw_data_1/sample/distance,"(1,)",float64,1,concrete_sample_3M
44749,raw_data_1/sample/height,"(1,)",float32,1,concrete_sample_3M
44749,raw_data_1/sample/id,"(1,)",|S1,1,concrete_sample_3M
44749,raw_data_1/sample/name,"(1,)",|S1,1,concrete_sample_3M
44749,raw_data_1/sample/shape,"(1,)",|S1,1,concrete_sample_3M
44749,raw_data_1/sample/thickness,"(1,)",float32,1,concrete_sample_3M
44749,raw_data_1/sample/type,"(1,)",|S1,1,concrete_sample_3M
44749,raw_data_1/sample/width,"(1,)",float32,1,concrete_sample_3M
44749,raw_data_1/script_name,"(1,)",|S1,1,concrete_sample_3M
44749,raw_data_1/seci_config,"(1,)",|S5,1,concrete_sample_3M
44749,raw_data_1/selog/BackFoil/read_control,"(1,)",|S1,1,concrete_sample_3M
44749,raw_data_1/selog/BackFoil/set_control,"(1,)",|S1,1,concrete_sample_3M
44749,raw_data_1/selog/BackFoil/setpoint,"(1,)",float32,1,concrete_sample_3M
44749,raw_data_1/selog/BackFoil/setpoint_spread,"(1,)",float32,1,concrete_sample_3M
44749,raw_data_1/selog/BackFoil/value,"(1,)",float32,1,concrete_sample_3M
44749,raw_data_1/selog/BackFoil/value_log/alarm_severity,"(1, 1)",|S4,1,concrete_sample_3M
44749,raw_data_1/selog/BackFoil/value_log/alarm_status,"(1, 1)",|S8,1,concrete_sample_3M
44749,raw_data_1/selog/BackFoil/value_log/alarm_time,"(1,)",float32,1,concrete_sample_3M
44749,raw_data_1/selog/BackFoil/value_log/name,"(1,)",|S1,1,concrete_sample_3M
44749,raw_data_1/selog/BackFoil/value_log/time,"(2,)",float32,2,concrete_sample_3M
44749,raw_data_1/selog/BackFoil/value_log/value,"(2,)",float32,2,concrete_sample_3M
44749,raw_data_1/selog/BackFoil/value_log/value_valid,"(2,)",int32,2,concrete_sample_3M
44749,raw_data_1/selog/BackFoil/value_spread,"(1,)",float32,1,concrete_sample_3M
44749,raw_data_1/selog/BackFoil/vi_name,"(1,)",|S1,1,concrete_sample_3M
44749,raw_data_1/selog/Beam_Current/read_control,"(1,)",|S1,1,concrete_sample_3M
44749,raw_data_1/selog/Beam_Current/set_control,"(1,)",|S1,1,concrete_sample_3M
44749,raw_data_1/selog/Beam_Current/setpoint,"(1,)",float32,1,concrete_sample_3M
44749,raw_data_1/selog/Beam_Current/setpoint_spread,"(1,)",float32,1,concrete_sample_3M
44749,raw_data_1/selog/Beam_Current/value,"(1,)",float32,1,concrete_sample_3M
44749,raw_data_1/selog/Beam_Current/value_log/alarm_severity,"(1, 1)",|S4,1,concrete_sample_3M
44749,raw_data_1/selog/Beam_Current/value_log/alarm_status,"(1, 1)",|S8,1,concrete_sample_3M
44749,raw_data_1/selog/Beam_Current/value_log/alarm_time,"(1,)",float32,1,concrete_sample_3M
44749,raw_data_1/selog/Beam_Current/value_log/name,"(1,)",|S1,1,concrete_sample_3M
44749,raw_data_1/selog/Beam_Current/value_log/time,"(17,)",float32,17,concrete_sample_3M
44749,raw_data_1/selog/Beam_Current/value_log/value,"(17,)",float32,17,concrete_sample_3M
44749,raw_data_1/selog/Beam_Current/value_log/value_valid,"(17,)",int32,17,concrete_sample_3M
44749,raw_data_1/selog/Beam_Current/value_spread,"(1,)",float32,1,concrete_sample_3M
44749,raw_data_1/selog/Beam_Current/vi_name,"(1,)",|S1,1,concrete_sample_3M
44749,raw_data_1/selog/CCR/read_control,"(1,)",|S1,1,concrete_sample_3M
44749,raw_data_1/selog/CCR/set_control,"(1,)",|S1,1,concrete_sample_3M
44749,raw_data_1/selog/CCR/setpoint,"(1,)",float32,1,concrete_sample_3M
44749,raw_data_1/selog/CCR/setpoint_spread,"(1,)",float32,1,concrete_sample_3M
44749,raw_data_1/selog/CCR/value,"(1,)",float32,1,concrete_sample_3M
44749,raw_data_1/selog/CCR/value_log/alarm_severity,"(1, 1)",|S4,1,concrete_sample_3M
44749,raw_data_1/selog/CCR/value_log/alarm_status,"(1, 1)",|S8,1,concrete_sample_3M
44749,raw_data_1/selog/CCR/value_log/alarm_time,"(1,)",float32,1,concrete_sample_3M
44749,raw_data_1/selog/CCR/value_log/name,"(1,)",|S1,1,concrete_sample_3M
44749,raw_data_1/selog/CCR/value_log/time,"(2,)",float32,2,concrete_sample_3M
44749,raw_data_1/selog/CCR/value_log/value,"(2,)",float32,2,concrete_sample_3M
44749,raw_data_1/selog/CCR/value_log/value_valid,"(2,)",int32,2,concrete_sample_3M
44749,raw_data_1/selog/CCR/value_spread,"(1,)",float32,1,concrete_sample_3M
44749,raw_data_1/selog/CCR/vi_name,"(1,)",|S1,1,concrete_sample_3M
44749,raw_data_1/selog/Collimator_Tube/read_control,"(1,)",|S1,1,concrete_sample_3M
44749,raw_data_1/selog/Collimator_Tube/set_control,"(1,)",|S1,1,concrete_sample_3M
44749,raw_data_1/selog/Collimator_Tube/setpoint,"(1,)",float32,1,concrete_sample_3M
44749,raw_data_1/selog/Collimator_Tube/setpoint_spread,"(1,)",float32,1,concrete_sample_3M
44749,raw_data_1/selog/Collimator_Tube/value,"(1,)",float32,1,concrete_sample_3M
44749,raw_data_1/selog/Collimator_Tube/value_log/alarm_severity,"(1, 1)",|S4,1,concrete_sample_3M
44749,raw_data_1/selog/Collimator_Tube/value_log/alarm_status,"(1, 1)",|S8,1,concrete_sample_3M
44749,raw_data_1/selog/Collimator_Tube/value_log/alarm_time,"(1,)",float32,1,concrete_sample_3M
44749,raw_data_1/selog/Collimator_Tube/value_log/name,"(1,)",|S1,1,concrete_sample_3M
44749,raw_data_1/selog/Collimator_Tube/value_log/time,"(2,)",float32,2,concrete_sample_3M
44749,raw_data_1/selog/Collimator_Tube/value_log/value,"(2,)",float32,2,concrete_sample_3M
44749,raw_data_1/selog/Collimator_Tube/value_log/value_valid,"(2,)",int32,2,concrete_sample_3M
44749,raw_data_1/selog/Collimator_Tube/value_spread,"(1,)",float32,1,concrete_sample_3M
44749,raw_data_1/selog/Collimator_Tube/vi_name,"(1,)",|S1,1,concrete_sample_3M
44749,raw_data_1/selog/DAE_timing/read_control,"(1,)",|S1,1,concrete_sample_3M
44749,raw_data_1/selog/DAE_timing/set_control,"(1,)",|S1,1,concrete_sample_3M
44749,raw_data_1/selog/DAE_timing/setpoint,"(1, 1)",|S3,1,concrete_sample_3M
44749,raw_data_1/selog/DAE_timing/value,"(1, 1)",|S8,1,concrete_sample_3M
44749,raw_data_1/selog/DAE_timing/value_log/alarm_severity,"(1, 1)",|S4,1,concrete_sample_3M
44749,raw_data_1/selog/DAE_timing/value_log/alarm_status,"(1, 1)",|S8,1,concrete_sample_3M
44749,raw_data_1/selog/DAE_timing/value_log/alarm_time,"(1,)",float32,1,concrete_sample_3M
44749,raw_data_1/selog/DAE_timing/value_log/name,"(1,)",|S1,1,concrete_sample_3M
44749,raw_data_1/selog/DAE_timing/value_log/time,"(2,)",float32,2,concrete_sample_3M
44749,raw_data_1/selog/DAE_timing/value_log/value,"(2, 1)",|S8,2,concrete_sample_3M
44749,raw_data_1/selog/DAE_timing/value_log/value_valid,"(2,)",int32,2,concrete_sample_3M
44749,raw_data_1/selog/DAE_timing/vi_name,"(1,)",|S1,1,concrete_sample_3M
44749,raw_data_1/selog/EPICS_PUTLOG/read_control,"(1,)",|S1,1,concrete_sample_3M
44749,raw_data_1/selog/EPICS_PUTLOG/set_control,"(1,)",|S1,1,concrete_sample_3M
44749,raw_data_1/selog/EPICS_PUTLOG/setpoint,"(1, 1)",|S3,1,concrete_sample_3M
44749,raw_data_1/selog/EPICS_PUTLOG/value,"(1, 1)",|S50,1,concrete_sample_3M
44749,raw_data_1/selog/EPICS_PUTLOG/value_log/alarm_severity,"(1, 1)",|S2,1,concrete_sample_3M
44749,raw_data_1/selog/EPICS_PUTLOG/value_log/alarm_status,"(1, 1)",|S2,1,concrete_sample_3M
44749,raw_data_1/selog/EPICS_PUTLOG/value_log/alarm_time,"(1,)",float32,1,concrete_sample_3M
44749,raw_data_1/selog/EPICS_PUTLOG/value_log/name,"(1,)",|S1,1,concrete_sample_3M
44749,raw_data_1/selog/EPICS_PUTLOG/value_log/time,"(7,)",float32,7,concrete_sample_3M
44749,raw_data_1/selog/EPICS_PUTLOG/value_log/value,"(7, 1)",|S60,7,concrete_sample_3M
44749,raw_data_1/selog/EPICS_PUTLOG/value_log/value_valid,"(7,)",int32,7,concrete_sample_3M
44749,raw_data_1/selog/EPICS_PUTLOG/vi_name,"(1,)",|S1,1,concrete_sample_3M
44749,raw_data_1/selog/FoilChangerDownstream/read_control,"(1,)",|S1,1,concrete_sample_3M
44749,raw_data_1/selog/FoilChangerDownstream/set_control,"(1,)",|S1,1,concrete_sample_3M
44749,raw_data_1/selog/FoilChangerDownstream/setpoint,"(1, 1)",|S3,1,concrete_sample_3M
44749,raw_data_1/selog/FoilChangerDownstream/value,"(1, 1)",|S5,1,concrete_sample_3M
44749,raw_data_1/selog/FoilChangerDownstream/value_log/alarm_severity,"(1, 1)",|S4,1,concrete_sample_3M
44749,raw_data_1/selog/FoilChangerDownstream/value_log/alarm_status,"(1, 1)",|S8,1,concrete_sample_3M
44749,raw_data_1/selog/FoilChangerDownstream/value_log/alarm_time,"(1,)",float32,1,concrete_sample_3M
44749,raw_data_1/selog/FoilChangerDownstream/value_log/name,"(1,)",|S1,1,concrete_sample_3M
44749,raw_data_1/selog/FoilChangerDownstream/value_log/time,"(2,)",float32,2,concrete_sample_3M
44749,raw_data_1/selog/FoilChangerDownstream/value_log/value,"(2, 1)",|S5,2,concrete_sample_3M
44749,raw_data_1/selog/FoilChangerDownstream/value_log/value_valid,"(2,)",int32,2,concrete_sample_3M
44749,raw_data_1/selog/FoilChangerDownstream/vi_name,"(1,)",|S1,1,concrete_sample_3M
44749,raw_data_1/selog/FoilChangerUpstream/read_control,"(1,)",|S1,1,concrete_sample_3M
44749,raw_data_1/selog/FoilChangerUpstream/set_control,"(1,)",|S1,1,concrete_sample_3M
44749,raw_data_1/selog/FoilChangerUpstream/setpoint,"(1, 1)",|S3,1,concrete_sample_3M
44749,raw_data_1/selog/FoilChangerUpstream/value,"(1, 1)",|S5,1,concrete_sample_3M
44749,raw_data_1/selog/FoilChangerUpstream/value_log/alarm_severity,"(1, 1)",|S4,1,concrete_sample_3M
44749,raw_data_1/selog/FoilChangerUpstream/value_log/alarm_status,"(1, 1)",|S8,1,concrete_sample_3M
44749,raw_data_1/selog/FoilChangerUpstream/value_log/alarm_time,"(1,)",float32,1,concrete_sample_3M
44749,raw_data_1/selog/FoilChangerUpstream/value_log/name,"(1,)",|S1,1,concrete_sample_3M
44749,raw_data_1/selog/FoilChangerUpstream/value_log/time,"(2,)",float32,2,concrete_sample_3M
44749,raw_data_1/selog/FoilChangerUpstream/value_log/value,"(2, 1)",|S5,2,concrete_sample_3M
44749,raw_data_1/selog/FoilChangerUpstream/value_log/value_valid,"(2,)",int32,2,concrete_sample_3M
44749,raw_data_1/selog/FoilChangerUpstream/vi_name,"(1,)",|S1,1,concrete_sample_3M
44749,raw_data_1/selog/ForwardFoilLeft/read_control,"(1,)",|S1,1,concrete_sample_3M
44749,raw_data_1/selog/ForwardFoilLeft/set_control,"(1,)",|S1,1,concrete_sample_3M
44749,raw_data_1/selog/ForwardFoilLeft/setpoint,"(1,)",float32,1,concrete_sample_3M
44749,raw_data_1/selog/ForwardFoilLeft/setpoint_spread,"(1,)",float32,1,concrete_sample_3M
44749,raw_data_1/selog/ForwardFoilLeft/value,"(1,)",float32,1,concrete_sample_3M
44749,raw_data_1/selog/ForwardFoilLeft/value_log/alarm_severity,"(1, 1)",|S4,1,concrete_sample_3M
44749,raw_data_1/selog/ForwardFoilLeft/value_log/alarm_status,"(1, 1)",|S8,1,concrete_sample_3M
44749,raw_data_1/selog/ForwardFoilLeft/value_log/alarm_time,"(1,)",float32,1,concrete_sample_3M
44749,raw_data_1/selog/ForwardFoilLeft/value_log/name,"(1,)",|S1,1,concrete_sample_3M
44749,raw_data_1/selog/ForwardFoilLeft/value_log/time,"(2,)",float32,2,concrete_sample_3M
44749,raw_data_1/selog/ForwardFoilLeft/value_log/value,"(2,)",float32,2,concrete_sample_3M
44749,raw_data_1/selog/ForwardFoilLeft/value_log/value_valid,"(2,)",int32,2,concrete_sample_3M
44749,raw_data_1/selog/ForwardFoilLeft/value_spread,"(1,)",float32,1,concrete_sample_3M
44749,raw_data_1/selog/ForwardFoilLeft/vi_name,"(1,)",|S1,1,concrete_sample_3M
44749,raw_data_1/selog/ForwardFoilRight/read_control,"(1,)",|S1,1,concrete_sample_3M
44749,raw_data_1/selog/ForwardFoilRight/set_control,"(1,)",|S1,1,concrete_sample_3M
44749,raw_data_1/selog/ForwardFoilRight/setpoint,"(1,)",float32,1,concrete_sample_3M
44749,raw_data_1/selog/ForwardFoilRight/setpoint_spread,"(1,)",float32,1,concrete_sample_3M
44749,raw_data_1/selog/ForwardFoilRight/value,"(1,)",float32,1,concrete_sample_3M
44749,raw_data_1/selog/ForwardFoilRight/value_log/alarm_severity,"(1, 1)",|S4,1,concrete_sample_3M
44749,raw_data_1/selog/ForwardFoilRight/value_log/alarm_status,"(1, 1)",|S8,1,concrete_sample_3M
44749,raw_data_1/selog/ForwardFoilRight/value_log/alarm_time,"(1,)",float32,1,concrete_sample_3M
44749,raw_data_1/selog/ForwardFoilRight/value_log/name,"(1,)",|S1,1,concrete_sample_3M
44749,raw_data_1/selog/ForwardFoilRight/value_log/time,"(2,)",float32,2,concrete_sample_3M
44749,raw_data_1/selog/ForwardFoilRight/value_log/value,"(2,)",float32,2,concrete_sample_3M
44749,raw_data_1/selog/ForwardFoilRight/value_log/value_valid,"(2,)",int32,2,concrete_sample_3M
44749,raw_data_1/selog/ForwardFoilRight/value_spread,"(1,)",float32,1,concrete_sample_3M
44749,raw_data_1/selog/ForwardFoilRight/vi_name,"(1,)",|S1,1,concrete_sample_3M
44749,raw_data_1/selog/ICP_DAE_TD/read_control,"(1,)",|S1,1,concrete_sample_3M
44749,raw_data_1/selog/ICP_DAE_TD/set_control,"(1,)",|S1,1,concrete_sample_3M
44749,raw_data_1/selog/ICP_DAE_TD/value_log/alarm_severity,"(1, 1)",|S2,1,concrete_sample_3M
44749,raw_data_1/selog/ICP_DAE_TD/value_log/alarm_status,"(1, 1)",|S2,1,concrete_sample_3M
44749,raw_data_1/selog/ICP_DAE_TD/value_log/alarm_time,"(1,)",float32,1,concrete_sample_3M
44749,raw_data_1/selog/ICP_DAE_TD/value_log/name,"(1,)",|S1,1,concrete_sample_3M
44749,raw_data_1/selog/ICP_DAE_TD/value_log/time,"(45,)",float32,45,concrete_sample_3M
44749,raw_data_1/selog/ICP_DAE_TD/value_log/value,"(45,)",float32,45,concrete_sample_3M
44749,raw_data_1/selog/ICP_DAE_TD/value_log/value_valid,"(45,)",int32,45,concrete_sample_3M
44749,raw_data_1/selog/ICP_DAE_TD/vi_name,"(1,)",|S1,1,concrete_sample_3M
44749,raw_data_1/selog/ICP_SYS_TD/read_control,"(1,)",|S1,1,concrete_sample_3M
44749,raw_data_1/selog/ICP_SYS_TD/set_control,"(1,)",|S1,1,concrete_sample_3M
44749,raw_data_1/selog/ICP_SYS_TD/value_log/alarm_severity,"(1, 1)",|S2,1,concrete_sample_3M
44749,raw_data_1/selog/ICP_SYS_TD/value_log/alarm_status,"(1, 1)",|S2,1,concrete_sample_3M
44749,raw_data_1/selog/ICP_SYS_TD/value_log/alarm_time,"(1,)",float32,1,concrete_sample_3M
44749,raw_data_1/selog/ICP_SYS_TD/value_log/name,"(1,)",|S1,1,concrete_sample_3M
44749,raw_data_1/selog/ICP_SYS_TD/value_log/time,"(45,)",float32,45,concrete_sample_3M
44749,raw_data_1/selog/ICP_SYS_TD/value_log/value,"(45,)",float32,45,concrete_sample_3M
44749,raw_data_1/selog/ICP_SYS_TD/value_log/value_valid,"(45,)",int32,45,concrete_sample_3M
44749,raw_data_1/selog/ICP_SYS_TD/vi_name,"(1,)",|S1,1,concrete_sample_3M
44749,raw_data_1/selog/Parani/read_control,"(1,)",|S1,1,concrete_sample_3M
44749,raw_data_1/selog/Parani/set_control,"(1,)",|S1,1,concrete_sample_3M
44749,raw_data_1/selog/Parani/setpoint,"(1,)",float32,1,concrete_sample_3M
44749,raw_data_1/selog/Parani/setpoint_spread,"(1,)",float32,1,concrete_sample_3M
44749,raw_data_1/selog/Parani/value,"(1,)",float32,1,concrete_sample_3M
44749,raw_data_1/selog/Parani/value_log/alarm_severity,"(1, 1)",|S4,1,concrete_sample_3M
44749,raw_data_1/selog/Parani/value_log/alarm_status,"(1, 1)",|S8,1,concrete_sample_3M
44749,raw_data_1/selog/Parani/value_log/alarm_time,"(1,)",float32,1,concrete_sample_3M
44749,raw_data_1/selog/Parani/value_log/name,"(1,)",|S1,1,concrete_sample_3M
44749,raw_data_1/selog/Parani/value_log/time,"(30,)",float32,30,concrete_sample_3M
44749,raw_data_1/selog/Parani/value_log/value,"(30,)",float32,30,concrete_sample_3M
44749,raw_data_1/selog/Parani/value_log/value_valid,"(30,)",int32,30,concrete_sample_3M
44749,raw_data_1/selog/Parani/value_spread,"(1,)",float32,1,concrete_sample_3M
44749,raw_data_1/selog/Parani/vi_name,"(1,)",|S1,1,concrete_sample_3M
44749,raw_data_1/selog/Penning/read_control,"(1,)",|S1,1,concrete_sample_3M
44749,raw_data_1/selog/Penning/set_control,"(1,)",|S1,1,concrete_sample_3M
44749,raw_data_1/selog/Penning/setpoint,"(1,)",float32,1,concrete_sample_3M
44749,raw_data_1/selog/Penning/setpoint_spread,"(1,)",float32,1,concrete_sample_3M
44749,raw_data_1/selog/Penning/value,"(1,)",float32,1,concrete_sample_3M
44749,raw_data_1/selog/Penning/value_log/alarm_severity,"(1, 1)",|S4,1,concrete_sample_3M
44749,raw_data_1/selog/Penning/value_log/alarm_status,"(1, 1)",|S8,1,concrete_sample_3M
44749,raw_data_1/selog/Penning/value_log/alarm_time,"(1,)",float32,1,concrete_sample_3M
44749,raw_data_1/selog/Penning/value_log/name,"(1,)",|S1,1,concrete_sample_3M
44749,raw_data_1/selog/Penning/value_log/time,"(16,)",float32,16,concrete_sample_3M
44749,raw_data_1/selog/Penning/value_log/value,"(16,)",float32,16,concrete_sample_3M
44749,raw_data_1/selog/Penning/value_log/value_valid,"(16,)",int32,16,concrete_sample_3M
44749,raw_data_1/selog/Penning/value_spread,"(1,)",float32,1,concrete_sample_3M
44749,raw_data_1/selog/Penning/vi_name,"(1,)",|S1,1,concrete_sample_3M
44749,raw_data_1/selog/Sample/read_control,"(1,)",|S1,1,concrete_sample_3M
44749,raw_data_1/selog/Sample/set_control,"(1,)",|S1,1,concrete_sample_3M
44749,raw_data_1/selog/Sample/setpoint,"(1,)",float32,1,concrete_sample_3M
44749,raw_data_1/selog/Sample/setpoint_spread,"(1,)",float32,1,concrete_sample_3M
44749,raw_data_1/selog/Sample/value,"(1,)",float32,1,concrete_sample_3M
44749,raw_data_1/selog/Sample/value_log/alarm_severity,"(1, 1)",|S4,1,concrete_sample_3M
44749,raw_data_1/selog/Sample/value_log/alarm_status,"(1, 1)",|S8,1,concrete_sample_3M
44749,raw_data_1/selog/Sample/value_log/alarm_time,"(1,)",float32,1,concrete_sample_3M
44749,raw_data_1/selog/Sample/value_log/name,"(1,)",|S1,1,concrete_sample_3M
44749,raw_data_1/selog/Sample/value_log/time,"(2,)",float32,2,concrete_sample_3M
44749,raw_data_1/selog/Sample/value_log/value,"(2,)",float32,2,concrete_sample_3M
44749,raw_data_1/selog/Sample/value_log/value_valid,"(2,)",int32,2,concrete_sample_3M
44749,raw_data_1/selog/Sample/value_spread,"(1,)",float32,1,concrete_sample_3M
44749,raw_data_1/selog/Sample/vi_name,"(1,)",|S1,1,concrete_sample_3M
44749,raw_data_1/selog/Stick/read_control,"(1,)",|S1,1,concrete_sample_3M
44749,raw_data_1/selog/Stick/set_control,"(1,)",|S1,1,concrete_sample_3M
44749,raw_data_1/selog/Stick/setpoint,"(1,)",float32,1,concrete_sample_3M
44749,raw_data_1/selog/Stick/setpoint_spread,"(1,)",float32,1,concrete_sample_3M
44749,raw_data_1/selog/Stick/value,"(1,)",float32,1,concrete_sample_3M
44749,raw_data_1/selog/Stick/value_log/alarm_severity,"(1, 1)",|S4,1,concrete_sample_3M
44749,raw_data_1/selog/Stick/value_log/alarm_status,"(1, 1)",|S8,1,concrete_sample_3M
44749,raw_data_1/selog/Stick/value_log/alarm_time,"(1,)",float32,1,concrete_sample_3M
44749,raw_data_1/selog/Stick/value_log/name,"(1,)",|S1,1,concrete_sample_3M
44749,raw_data_1/selog/Stick/value_log/time,"(2,)",float32,2,concrete_sample_3M
44749,raw_data_1/selog/Stick/value_log/value,"(2,)",float32,2,concrete_sample_3M
44749,raw_data_1/selog/Stick/value_log/value_valid,"(2,)",int32,2,concrete_sample_3M
44749,raw_data_1/selog/Stick/value_spread,"(1,)",float32,1,concrete_sample_3M
44749,raw_data_1/selog/Stick/vi_name,"(1,)",|S1,1,concrete_sample_3M
44749,raw_data_1/selog/TS1_Freq/read_control,"(1,)",|S1,1,concrete_sample_3M
44749,raw_data_1/selog/TS1_Freq/set_control,"(1,)",|S1,1,concrete_sample_3M
44749,raw_data_1/selog/TS1_Freq/setpoint,"(1,)",float32,1,concrete_sample_3M
44749,raw_data_1/selog/TS1_Freq/setpoint_spread,"(1,)",float32,1,concrete_sample_3M
44749,raw_data_1/selog/TS1_Freq/value,"(1,)",float32,1,concrete_sample_3M
44749,raw_data_1/selog/TS1_Freq/value_log/alarm_severity,"(1, 1)",|S4,1,concrete_sample_3M
44749,raw_data_1/selog/TS1_Freq/value_log/alarm_status,"(1, 1)",|S8,1,concrete_sample_3M
44749,raw_data_1/selog/TS1_Freq/value_log/alarm_time,"(1,)",float32,1,concrete_sample_3M
44749,raw_data_1/selog/TS1_Freq/value_log/name,"(1,)",|S1,1,concrete_sample_3M
44749,raw_data_1/selog/TS1_Freq/value_log/time,"(2,)",float32,2,concrete_sample_3M
44749,raw_data_1/selog/TS1_Freq/value_log/value,"(2,)",float32,2,concrete_sample_3M
44749,raw_data_1/selog/TS1_Freq/value_log/value_valid,"(2,)",int32,2,concrete_sample_3M
44749,raw_data_1/selog/TS1_Freq/value_spread,"(1,)",float32,1,concrete_sample_3M
44749,raw_data_1/selog/TS1_Freq/vi_name,"(1,)",|S1,1,concrete_sample_3M
44749,raw_data_1/selog/Water_Bath_Temp/read_control,"(1,)",|S1,1,concrete_sample_3M
44749,raw_data_1/selog/Water_Bath_Temp/set_control,"(1,)",|S1,1,concrete_sample_3M
44749,raw_data_1/selog/Water_Bath_Temp/setpoint,"(1,)",float32,1,concrete_sample_3M
44749,raw_data_1/selog/Water_Bath_Temp/setpoint_spread,"(1,)",float32,1,concrete_sample_3M
44749,raw_data_1/selog/Water_Bath_Temp/value,"(1,)",float32,1,concrete_sample_3M
44749,raw_data_1/selog/Water_Bath_Temp/value_log/alarm_severity,"(1, 1)",|S4,1,concrete_sample_3M
44749,raw_data_1/selog/Water_Bath_Temp/value_log/alarm_status,"(1, 1)",|S8,1,concrete_sample_3M
44749,raw_data_1/selog/Water_Bath_Temp/value_log/alarm_time,"(1,)",float32,1,concrete_sample_3M
44749,raw_data_1/selog/Water_Bath_Temp/value_log/name,"(1,)",|S1,1,concrete_sample_3M
44749,raw_data_1/selog/Water_Bath_Temp/value_log/time,"(8,)",float32,8,concrete_sample_3M
44749,raw_data_1/selog/Water_Bath_Temp/value_log/value,"(8,)",float32,8,concrete_sample_3M
44749,raw_data_1/selog/Water_Bath_Temp/value_log/value_valid,"(8,)",int32,8,concrete_sample_3M
44749,raw_data_1/selog/Water_Bath_Temp/value_spread,"(1,)",float32,1,concrete_sample_3M
44749,raw_data_1/selog/Water_Bath_Temp/vi_name,"(1,)",|S1,1,concrete_sample_3M
44749,raw_data_1/selog/vetoed_frames/read_control,"(1,)",|S1,1,concrete_sample_3M
44749,raw_data_1/selog/vetoed_frames/set_control,"(1,)",|S1,1,concrete_sample_3M
44749,raw_data_1/selog/vetoed_frames/setpoint,"(1,)",float32,1,concrete_sample_3M
44749,raw_data_1/selog/vetoed_frames/setpoint_spread,"(1,)",float32,1,concrete_sample_3M
44749,raw_data_1/selog/vetoed_frames/value,"(1,)",float32,1,concrete_sample_3M
44749,raw_data_1/selog/vetoed_frames/value_log/alarm_severity,"(1, 1)",|S4,1,concrete_sample_3M
44749,raw_data_1/selog/vetoed_frames/value_log/alarm_status,"(1, 1)",|S8,1,concrete_sample_3M
44749,raw_data_1/selog/vetoed_frames/value_log/alarm_time,"(1,)",float32,1,concrete_sample_3M
44749,raw_data_1/selog/vetoed_frames/value_log/name,"(1,)",|S1,1,concrete_sample_3M
44749,raw_data_1/selog/vetoed_frames/value_log/time,"(2,)",float32,2,concrete_sample_3M
44749,raw_data_1/selog/vetoed_frames/value_log/value,"(2,)",float32,2,concrete_sample_3M
44749,raw_data_1/selog/vetoed_frames/value_log/value_valid,"(2,)",int32,2,concrete_sample_3M
44749,raw_data_1/selog/vetoed_frames/value_spread,"(1,)",float32,1,concrete_sample_3M
44749,raw_data_1/selog/vetoed_frames/vi_name,"(1,)",|S1,1,concrete_sample_3M
44749,raw_data_1/start_time,"(1,)",|S19,1,concrete_sample_3M
44749,raw_data_1/title,"(1,)",|S45,1,concrete_sample_3M
44749,raw_data_1/total_counts,"(1,)",uint64,1,concrete_sample_3M
44749,raw_data_1/total_uncounted_counts,"(1,)",int32,1,concrete_sample_3M
44749,raw_data_1/user_1/affiliation,"(1,)",|S1,1,concrete_sample_3M
44749,raw_data_1/user_1/name,"(1,)",|S11,1,concrete_sample_3M
44779,raw_data_1/beamline,"(1,)",|S7,1,concrete_sample_5I
44779,raw_data_1/collection_time,"(1,)",float32,1,concrete_sample_5I
44779,raw_data_1/definition,"(1,)",|S6,1,concrete_sample_5I
44779,raw_data_1/definition_local,"(1,)",|S10,1,concrete_sample_5I
44779,raw_data_1/detector_1/counts,"(1, 196, 9729)",int32,1906884,concrete_sample_5I
44779,raw_data_1/detector_1/period_index,"(1,)",int32,1,concrete_sample_5I
44779,raw_data_1/detector_1/spectrum_index,"(196,)",int32,196,concrete_sample_5I
44779,raw_data_1/detector_1/time_of_flight,"(9730,)",float32,9730,concrete_sample_5I
44779,raw_data_1/duration,"(1,)",float32,1,concrete_sample_5I
44779,raw_data_1/end_time,"(1,)",|S19,1,concrete_sample_5I
44779,raw_data_1/experiment_identifier,"(1,)",|S7,1,concrete_sample_5I
44779,raw_data_1/good_frames,"(1,)",int32,1,concrete_sample_5I
44779,raw_data_1/instrument/dae/detector_table_file,"(1,)",|S83,1,concrete_sample_5I
44779,raw_data_1/instrument/dae/spectra_table_file,"(1,)",|S83,1,concrete_sample_5I
44779,raw_data_1/instrument/dae/time_channels_1/time_of_flight_raw,"(9730,)",int32,9730,concrete_sample_5I
44779,raw_data_1/instrument/dae/type,"(1,)",|S9,1,concrete_sample_5I
44779,raw_data_1/instrument/dae/vetos/ISIS_50Hz,"(1,)",int32,1,concrete_sample_5I
44779,raw_data_1/instrument/dae/vetos/TS2_pulse,"(1,)",int32,1,concrete_sample_5I
44779,raw_data_1/instrument/dae/vetos/ext0,"(1,)",int32,1,concrete_sample_5I
44779,raw_data_1/instrument/dae/vetos/ext1,"(1,)",int32,1,concrete_sample_5I
44779,raw_data_1/instrument/dae/vetos/ext2,"(1,)",int32,1,concrete_sample_5I
44779,raw_data_1/instrument/dae/vetos/ext3,"(1,)",int32,1,concrete_sample_5I
44779,raw_data_1/instrument/dae/vetos/fermi_chopper0,"(1,)",int32,1,concrete_sample_5I
44779,raw_data_1/instrument/dae/vetos/fermi_chopper1,"(1,)",int32,1,concrete_sample_5I
44779,raw_data_1/instrument/dae/vetos/fermi_chopper2,"(1,)",int32,1,concrete_sample_5I
44779,raw_data_1/instrument/dae/vetos/fermi_chopper3,"(1,)",int32,1,concrete_sample_5I
44779,raw_data_1/instrument/dae/vetos/fifo,"(1,)",int32,1,concrete_sample_5I
44779,raw_data_1/instrument/dae/vetos/internal,"(1,)",int32,1,concrete_sample_5I
44779,raw_data_1/instrument/dae/vetos/msmode,"(1,)",int32,1,concrete_sample_5I
44779,raw_data_1/instrument/dae/vetos/smp,"(1,)",int32,1,concrete_sample_5I
44779,raw_data_1/instrument/dae/wiring_table_file,"(1,)",|S86,1,concrete_sample_5I
44779,raw_data_1/instrument/detector_1/delt,"(196,)",float32,196,concrete_sample_5I
44779,raw_data_1/instrument/detector_1/distance,"(196,)",float32,196,concrete_sample_5I
44779,raw_data_1/instrument/detector_1/polar_angle,"(196,)",float32,196,concrete_sample_5I
44779,raw_data_1/instrument/detector_1/source_detector_distance,"(1,)",float32,1,concrete_sample_5I
44779,raw_data_1/instrument/moderator/distance,"(1,)",float32,1,concrete_sample_5I
44779,raw_data_1/instrument/name,"(1,)",|S7,1,concrete_sample_5I
44779,raw_data_1/instrument/source/name,"(1,)",|S4,1,concrete_sample_5I
44779,raw_data_1/instrument/source/probe,"(1,)",|S8,1,concrete_sample_5I
44779,raw_data_1/instrument/source/type,"(1,)",|S21,1,concrete_sample_5I
44779,raw_data_1/isis_vms_compat/ADD,"(9,)",int32,9,concrete_sample_5I
44779,raw_data_1/isis_vms_compat/CODE,"(198,)",int32,198,concrete_sample_5I
44779,raw_data_1/isis_vms_compat/CRAT,"(198,)",int32,198,concrete_sample_5I
44779,raw_data_1/isis_vms_compat/CRPB,"(32, 1)",|S4,32,concrete_sample_5I
44779,raw_data_1/isis_vms_compat/CSPB,"(64, 1)",|S4,64,concrete_sample_5I
44779,raw_data_1/isis_vms_compat/DAEP,"(64,)",int32,64,concrete_sample_5I
44779,raw_data_1/isis_vms_compat/DELT,"(198,)",float32,198,concrete_sample_5I
44779,raw_data_1/isis_vms_compat/FORM,"(1,)",int32,1,concrete_sample_5I
44779,raw_data_1/isis_vms_compat/HDR,"(1,)",|S80,1,concrete_sample_5I
44779,raw_data_1/isis_vms_compat/IRPB,"(32,)",int32,32,concrete_sample_5I
44779,raw_data_1/isis_vms_compat/ISPB,"(64,)",int32,64,concrete_sample_5I
44779,raw_data_1/isis_vms_compat/IVPB,"(64,)",int32,64,concrete_sample_5I
44779,raw_data_1/isis_vms_compat/LEN2,"(198,)",float32,198,concrete_sample_5I
44779,raw_data_1/isis_vms_compat/MDET,"(2,)",int32,2,concrete_sample_5I
44779,raw_data_1/isis_vms_compat/MODN,"(198,)",int32,198,concrete_sample_5I
44779,raw_data_1/isis_vms_compat/MONP,"(2,)",int32,2,concrete_sample_5I
44779,raw_data_1/isis_vms_compat/MPOS,"(198,)",int32,198,concrete_sample_5I
44779,raw_data_1/isis_vms_compat/NAME,"(1,)",|S8,1,concrete_sample_5I
44779,raw_data_1/isis_vms_compat/NDET,"(1,)",int32,1,concrete_sample_5I
44779,raw_data_1/isis_vms_compat/NFPP,"(1,)",int32,1,concrete_sample_5I
44779,raw_data_1/isis_vms_compat/NMON,"(1,)",int32,1,concrete_sample_5I
44779,raw_data_1/isis_vms_compat/NOTE,"(1,)",|S19,1,concrete_sample_5I
44779,raw_data_1/isis_vms_compat/NPER,"(1,)",int32,1,concrete_sample_5I
44779,raw_data_1/isis_vms_compat/NSEP,"(1,)",int32,1,concrete_sample_5I
44779,raw_data_1/isis_vms_compat/NSP1,"(1,)",int32,1,concrete_sample_5I
44779,raw_data_1/isis_vms_compat/NTC1,"(1,)",int32,1,concrete_sample_5I
44779,raw_data_1/isis_vms_compat/NTLL,"(1,)",int32,1,concrete_sample_5I
44779,raw_data_1/isis_vms_compat/NTNL,"(1,)",int32,1,concrete_sample_5I
44779,raw_data_1/isis_vms_compat/NTRG,"(1,)",int32,1,concrete_sample_5I
44779,raw_data_1/isis_vms_compat/NUSE,"(1,)",int32,1,concrete_sample_5I
44779,raw_data_1/isis_vms_compat/PMAP,"(256,)",int32,256,concrete_sample_5I
44779,raw_data_1/isis_vms_compat/PRE1,"(1,)",int32,1,concrete_sample_5I
44779,raw_data_1/isis_vms_compat/RRPB,"(32,)",float32,32,concrete_sample_5I
44779,raw_data_1/isis_vms_compat/RSPB,"(64,)",float32,64,concrete_sample_5I
44779,raw_data_1/isis_vms_compat/RUN,"(1,)",int32,1,concrete_sample_5I
44779,raw_data_1/isis_vms_compat/RVPB,"(64,)",float32,64,concrete_sample_5I
44779,raw_data_1/isis_vms_compat/SPB,"(64,)",int32,64,concrete_sample_5I
44779,raw_data_1/isis_vms_compat/SPEC,"(198,)",int32,198,concrete_sample_5I
44779,raw_data_1/isis_vms_compat/TCM1,"(5,)",int32,5,concrete_sample_5I
44779,raw_data_1/isis_vms_compat/TCP1,"(20,)",float32,20,concrete_sample_5I
44779,raw_data_1/isis_vms_compat/TIMR,"(198,)",int32,198,concrete_sample_5I
44779,raw_data_1/isis_vms_compat/TITL,"(1,)",|S80,1,concrete_sample_5I
44779,raw_data_1/isis_vms_compat/TTHE,"(198,)",float32,198,concrete_sample_5I
44779,raw_data_1/isis_vms_compat/UDET,"(198,)",int32,198,concrete_sample_5I
44779,raw_data_1/isis_vms_compat/ULEN,"(1,)",int32,1,concrete_sample_5I
44779,raw_data_1/isis_vms_compat/USER,"(1,)",|S160,1,concrete_sample_5I
44779,raw_data_1/isis_vms_compat/VER1,"(1,)",int32,1,concrete_sample_5I
44779,raw_data_1/isis_vms_compat/VER2,"(1,)",int32,1,concrete_sample_5I
44779,raw_data_1/isis_vms_compat/VER3,"(1,)",int32,1,concrete_sample_5I
44779,raw_data_1/isis_vms_compat/VER4,"(1,)",int32,1,concrete_sample_5I
44779,raw_data_1/isis_vms_compat/VER5,"(1,)",int32,1,concrete_sample_5I
44779,raw_data_1/isis_vms_compat/VER6,"(1,)",int32,1,concrete_sample_5I
44779,raw_data_1/isis_vms_compat/VER7,"(1,)",int32,1,concrete_sample_5I
44779,raw_data_1/isis_vms_compat/VER8,"(1,)",int32,1,concrete_sample_5I
44779,raw_data_1/isis_vms_compat/VER9,"(1,)",int32,1,concrete_sample_5I
44779,raw_data_1/measurement/first_run,"(1,)",int32,1,concrete_sample_5I
44779,raw_data_1/measurement/id,"(1,)",|S1,1,concrete_sample_5I
44779,raw_data_1/measurement/label,"(1,)",|S1,1,concrete_sample_5I
44779,raw_data_1/measurement/subid,"(1,)",|S1,1,concrete_sample_5I
44779,raw_data_1/measurement/type,"(1,)",|S1,1,concrete_sample_5I
44779,raw_data_1/measurement_first_run,"(1,)",int32,1,concrete_sample_5I
44779,raw_data_1/measurement_id,"(1,)",|S1,1,concrete_sample_5I
44779,raw_data_1/measurement_label,"(1,)",|S1,1,concrete_sample_5I
44779,raw_data_1/measurement_subid,"(1,)",|S1,1,concrete_sample_5I
44779,raw_data_1/measurement_type,"(1,)",|S1,1,concrete_sample_5I
44779,raw_data_1/monitor_1/data,"(1, 1, 9729)",int32,9729,concrete_sample_5I
44779,raw_data_1/monitor_1/monitor_number,"(1,)",int32,1,concrete_sample_5I
44779,raw_data_1/monitor_1/spectrum_index,"(1,)",int32,1,concrete_sample_5I
44779,raw_data_1/monitor_2/data,"(1, 1, 9729)",int32,9729,concrete_sample_5I
44779,raw_data_1/monitor_2/monitor_number,"(1,)",int32,1,concrete_sample_5I
44779,raw_data_1/monitor_2/spectrum_index,"(1,)",int32,1,concrete_sample_5I
44779,raw_data_1/monitor_events_not_saved,"(1,)",int64,1,concrete_sample_5I
44779,raw_data_1/name,"(1,)",|S7,1,concrete_sample_5I
44779,raw_data_1/notes,"(1,)",|S1,1,concrete_sample_5I
44779,raw_data_1/periods/frames_requested,"(1,)",int32,1,concrete_sample_5I
44779,raw_data_1/periods/good_frames,"(1,)",int32,1,concrete_sample_5I
44779,raw_data_1/periods/good_frames_daq,"(1,)",int32,1,concrete_sample_5I
44779,raw_data_1/periods/highest_used,"(1,)",int32,1,concrete_sample_5I
44779,raw_data_1/periods/labels,"(1,)",|S8,1,concrete_sample_5I
44779,raw_data_1/periods/number,"(1,)",int32,1,concrete_sample_5I
44779,raw_data_1/periods/output,"(1,)",int32,1,concrete_sample_5I
44779,raw_data_1/periods/proton_charge,"(1,)",float32,1,concrete_sample_5I
44779,raw_data_1/periods/proton_charge_raw,"(1,)",float32,1,concrete_sample_5I
44779,raw_data_1/periods/raw_frames,"(1,)",int32,1,concrete_sample_5I
44779,raw_data_1/periods/sequences,"(1,)",int32,1,concrete_sample_5I
44779,raw_data_1/periods/total_counts,"(1,)",float32,1,concrete_sample_5I
44779,raw_data_1/periods/type,"(1,)",int32,1,concrete_sample_5I
44779,raw_data_1/program_name,"(1,)",|S11,1,concrete_sample_5I
44779,raw_data_1/proton_charge,"(1,)",float32,1,concrete_sample_5I
44779,raw_data_1/proton_charge_raw,"(1,)",float32,1,concrete_sample_5I
44779,raw_data_1/raw_frames,"(1,)",int32,1,concrete_sample_5I
44779,raw_data_1/run_cycle,"(1,)",|S4,1,concrete_sample_5I
44779,raw_data_1/run_number,"(1,)",int32,1,concrete_sample_5I
44779,raw_data_1/runlog/count_rate/time,"(57,)",float32,57,concrete_sample_5I
44779,raw_data_1/runlog/count_rate/value,"(57,)",float32,57,concrete_sample_5I
44779,raw_data_1/runlog/dae_beam_current/time,"(57,)",float32,57,concrete_sample_5I
44779,raw_data_1/runlog/dae_beam_current/value,"(57,)",float32,57,concrete_sample_5I
44779,raw_data_1/runlog/good_frames/time,"(57,)",float32,57,concrete_sample_5I
44779,raw_data_1/runlog/good_frames/value,"(57,)",int32,57,concrete_sample_5I
44779,raw_data_1/runlog/good_uah_log/time,"(57,)",float32,57,concrete_sample_5I
44779,raw_data_1/runlog/good_uah_log/value,"(57,)",float32,57,concrete_sample_5I
44779,raw_data_1/runlog/icp_event/time,"(6,)",float32,6,concrete_sample_5I
44779,raw_data_1/runlog/icp_event/value,"(6, 1)",|S65,6,concrete_sample_5I
44779,raw_data_1/runlog/is_running/time,"(57,)",float32,57,concrete_sample_5I
44779,raw_data_1/runlog/is_running/value,"(57,)",int32,57,concrete_sample_5I
44779,raw_data_1/runlog/is_waiting/time,"(57,)",float32,57,concrete_sample_5I
44779,raw_data_1/runlog/is_waiting/value,"(57,)",int32,57,concrete_sample_5I
44779,raw_data_1/runlog/monitor_sum_1/time,"(57,)",float32,57,concrete_sample_5I
44779,raw_data_1/runlog/monitor_sum_1/value,"(57,)",int32,57,concrete_sample_5I
44779,raw_data_1/runlog/np_ratio/time,"(57,)",float32,57,concrete_sample_5I
44779,raw_data_1/runlog/np_ratio/value,"(57,)",float32,57,concrete_sample_5I
44779,raw_data_1/runlog/period/time,"(57,)",float32,57,concrete_sample_5I
44779,raw_data_1/runlog/period/value,"(57,)",int32,57,concrete_sample_5I
44779,raw_data_1/runlog/raw_frames/time,"(57,)",float32,57,concrete_sample_5I
44779,raw_data_1/runlog/raw_frames/value,"(57,)",int32,57,concrete_sample_5I
44779,raw_data_1/runlog/raw_uah_log/time,"(57,)",float32,57,concrete_sample_5I
44779,raw_data_1/runlog/raw_uah_log/value,"(57,)",float32,57,concrete_sample_5I
44779,raw_data_1/runlog/run_status/time,"(57,)",float32,57,concrete_sample_5I
44779,raw_data_1/runlog/run_status/value,"(57,)",int32,57,concrete_sample_5I
44779,raw_data_1/runlog/total_counts/time,"(57,)",float32,57,concrete_sample_5I
44779,raw_data_1/runlog/total_counts/value,"(57,)",int32,57,concrete_sample_5I
44779,raw_data_1/sample/distance,"(1,)",float64,1,concrete_sample_5I
44779,raw_data_1/sample/height,"(1,)",float32,1,concrete_sample_5I
44779,raw_data_1/sample/id,"(1,)",|S1,1,concrete_sample_5I
44779,raw_data_1/sample/name,"(1,)",|S1,1,concrete_sample_5I
44779,raw_data_1/sample/shape,"(1,)",|S1,1,concrete_sample_5I
44779,raw_data_1/sample/thickness,"(1,)",float32,1,concrete_sample_5I
44779,raw_data_1/sample/type,"(1,)",|S1,1,concrete_sample_5I
44779,raw_data_1/sample/width,"(1,)",float32,1,concrete_sample_5I
44779,raw_data_1/script_name,"(1,)",|S1,1,concrete_sample_5I
44779,raw_data_1/seci_config,"(1,)",|S5,1,concrete_sample_5I
44779,raw_data_1/selog/BackFoil/read_control,"(1,)",|S1,1,concrete_sample_5I
44779,raw_data_1/selog/BackFoil/set_control,"(1,)",|S1,1,concrete_sample_5I
44779,raw_data_1/selog/BackFoil/setpoint,"(1,)",float32,1,concrete_sample_5I
44779,raw_data_1/selog/BackFoil/setpoint_spread,"(1,)",float32,1,concrete_sample_5I
44779,raw_data_1/selog/BackFoil/value,"(1,)",float32,1,concrete_sample_5I
44779,raw_data_1/selog/BackFoil/value_log/alarm_severity,"(1, 1)",|S4,1,concrete_sample_5I
44779,raw_data_1/selog/BackFoil/value_log/alarm_status,"(1, 1)",|S8,1,concrete_sample_5I
44779,raw_data_1/selog/BackFoil/value_log/alarm_time,"(1,)",float32,1,concrete_sample_5I
44779,raw_data_1/selog/BackFoil/value_log/name,"(1,)",|S1,1,concrete_sample_5I
44779,raw_data_1/selog/BackFoil/value_log/time,"(2,)",float32,2,concrete_sample_5I
44779,raw_data_1/selog/BackFoil/value_log/value,"(2,)",float32,2,concrete_sample_5I
44779,raw_data_1/selog/BackFoil/value_log/value_valid,"(2,)",int32,2,concrete_sample_5I
44779,raw_data_1/selog/BackFoil/value_spread,"(1,)",float32,1,concrete_sample_5I
44779,raw_data_1/selog/BackFoil/vi_name,"(1,)",|S1,1,concrete_sample_5I
44779,raw_data_1/selog/Beam_Current/read_control,"(1,)",|S1,1,concrete_sample_5I
44779,raw_data_1/selog/Beam_Current/set_control,"(1,)",|S1,1,concrete_sample_5I
44779,raw_data_1/selog/Beam_Current/setpoint,"(1,)",float32,1,concrete_sample_5I
44779,raw_data_1/selog/Beam_Current/setpoint_spread,"(1,)",float32,1,concrete_sample_5I
44779,raw_data_1/selog/Beam_Current/value,"(1,)",float32,1,concrete_sample_5I
44779,raw_data_1/selog/Beam_Current/value_log/alarm_severity,"(1, 1)",|S4,1,concrete_sample_5I
44779,raw_data_1/selog/Beam_Current/value_log/alarm_status,"(1, 1)",|S8,1,concrete_sample_5I
44779,raw_data_1/selog/Beam_Current/value_log/alarm_time,"(1,)",float32,1,concrete_sample_5I
44779,raw_data_1/selog/Beam_Current/value_log/name,"(1,)",|S1,1,concrete_sample_5I
44779,raw_data_1/selog/Beam_Current/value_log/time,"(16,)",float32,16,concrete_sample_5I
44779,raw_data_1/selog/Beam_Current/value_log/value,"(16,)",float32,16,concrete_sample_5I
44779,raw_data_1/selog/Beam_Current/value_log/value_valid,"(16,)",int32,16,concrete_sample_5I
44779,raw_data_1/selog/Beam_Current/value_spread,"(1,)",float32,1,concrete_sample_5I
44779,raw_data_1/selog/Beam_Current/vi_name,"(1,)",|S1,1,concrete_sample_5I
44779,raw_data_1/selog/CCR/read_control,"(1,)",|S1,1,concrete_sample_5I
44779,raw_data_1/selog/CCR/set_control,"(1,)",|S1,1,concrete_sample_5I
44779,raw_data_1/selog/CCR/setpoint,"(1,)",float32,1,concrete_sample_5I
44779,raw_data_1/selog/CCR/setpoint_spread,"(1,)",float32,1,concrete_sample_5I
44779,raw_data_1/selog/CCR/value,"(1,)",float32,1,concrete_sample_5I
44779,raw_data_1/selog/CCR/value_log/alarm_severity,"(1, 1)",|S4,1,concrete_sample_5I
44779,raw_data_1/selog/CCR/value_log/alarm_status,"(1, 1)",|S8,1,concrete_sample_5I
44779,raw_data_1/selog/CCR/value_log/alarm_time,"(1,)",float32,1,concrete_sample_5I
44779,raw_data_1/selog/CCR/value_log/name,"(1,)",|S1,1,concrete_sample_5I
44779,raw_data_1/selog/CCR/value_log/time,"(2,)",float32,2,concrete_sample_5I
44779,raw_data_1/selog/CCR/value_log/value,"(2,)",float32,2,concrete_sample_5I
44779,raw_data_1/selog/CCR/value_log/value_valid,"(2,)",int32,2,concrete_sample_5I
44779,raw_data_1/selog/CCR/value_spread,"(1,)",float32,1,concrete_sample_5I
44779,raw_data_1/selog/CCR/vi_name,"(1,)",|S1,1,concrete_sample_5I
44779,raw_data_1/selog/Collimator_Tube/read_control,"(1,)",|S1,1,concrete_sample_5I
44779,raw_data_1/selog/Collimator_Tube/set_control,"(1,)",|S1,1,concrete_sample_5I
44779,raw_data_1/selog/Collimator_Tube/setpoint,"(1,)",float32,1,concrete_sample_5I
44779,raw_data_1/selog/Collimator_Tube/setpoint_spread,"(1,)",float32,1,concrete_sample_5I
44779,raw_data_1/selog/Collimator_Tube/value,"(1,)",float32,1,concrete_sample_5I
44779,raw_data_1/selog/Collimator_Tube/value_log/alarm_severity,"(1, 1)",|S4,1,concrete_sample_5I
44779,raw_data_1/selog/Collimator_Tube/value_log/alarm_status,"(1, 1)",|S8,1,concrete_sample_5I
44779,raw_data_1/selog/Collimator_Tube/value_log/alarm_time,"(1,)",float32,1,concrete_sample_5I
44779,raw_data_1/selog/Collimator_Tube/value_log/name,"(1,)",|S1,1,concrete_sample_5I
44779,raw_data_1/selog/Collimator_Tube/value_log/time,"(2,)",float32,2,concrete_sample_5I
44779,raw_data_1/selog/Collimator_Tube/value_log/value,"(2,)",float32,2,concrete_sample_5I
44779,raw_data_1/selog/Collimator_Tube/value_log/value_valid,"(2,)",int32,2,concrete_sample_5I
44779,raw_data_1/selog/Collimator_Tube/value_spread,"(1,)",float32,1,concrete_sample_5I
44779,raw_data_1/selog/Collimator_Tube/vi_name,"(1,)",|S1,1,concrete_sample_5I
44779,raw_data_1/selog/DAE_timing/read_control,"(1,)",|S1,1,concrete_sample_5I
44779,raw_data_1/selog/DAE_timing/set_control,"(1,)",|S1,1,concrete_sample_5I
44779,raw_data_1/selog/DAE_timing/setpoint,"(1, 1)",|S3,1,concrete_sample_5I
44779,raw_data_1/selog/DAE_timing/value,"(1, 1)",|S8,1,concrete_sample_5I
44779,raw_data_1/selog/DAE_timing/value_log/alarm_severity,"(1, 1)",|S4,1,concrete_sample_5I
44779,raw_data_1/selog/DAE_timing/value_log/alarm_status,"(1, 1)",|S8,1,concrete_sample_5I
44779,raw_data_1/selog/DAE_timing/value_log/alarm_time,"(1,)",float32,1,concrete_sample_5I
44779,raw_data_1/selog/DAE_timing/value_log/name,"(1,)",|S1,1,concrete_sample_5I
44779,raw_data_1/selog/DAE_timing/value_log/time,"(2,)",float32,2,concrete_sample_5I
44779,raw_data_1/selog/DAE_timing/value_log/value,"(2, 1)",|S8,2,concrete_sample_5I
44779,raw_data_1/selog/DAE_timing/value_log/value_valid,"(2,)",int32,2,concrete_sample_5I
44779,raw_data_1/selog/DAE_timing/vi_name,"(1,)",|S1,1,concrete_sample_5I
44779,raw_data_1/selog/EPICS_PUTLOG/read_control,"(1,)",|S1,1,concrete_sample_5I
44779,raw_data_1/selog/EPICS_PUTLOG/set_control,"(1,)",|S1,1,concrete_sample_5I
44779,raw_data_1/selog/EPICS_PUTLOG/setpoint,"(1, 1)",|S3,1,concrete_sample_5I
44779,raw_data_1/selog/EPICS_PUTLOG/value,"(1, 1)",|S50,1,concrete_sample_5I
44779,raw_data_1/selog/EPICS_PUTLOG/value_log/alarm_severity,"(1, 1)",|S2,1,concrete_sample_5I
44779,raw_data_1/selog/EPICS_PUTLOG/value_log/alarm_status,"(1, 1)",|S2,1,concrete_sample_5I
44779,raw_data_1/selog/EPICS_PUTLOG/value_log/alarm_time,"(1,)",float32,1,concrete_sample_5I
44779,raw_data_1/selog/EPICS_PUTLOG/value_log/name,"(1,)",|S1,1,concrete_sample_5I
44779,raw_data_1/selog/EPICS_PUTLOG/value_log/time,"(9,)",float32,9,concrete_sample_5I
44779,raw_data_1/selog/EPICS_PUTLOG/value_log/value,"(9, 1)",|S71,9,concrete_sample_5I
44779,raw_data_1/selog/EPICS_PUTLOG/value_log/value_valid,"(9,)",int32,9,concrete_sample_5I
44779,raw_data_1/selog/EPICS_PUTLOG/vi_name,"(1,)",|S1,1,concrete_sample_5I
44779,raw_data_1/selog/FoilChangerDownstream/read_control,"(1,)",|S1,1,concrete_sample_5I
44779,raw_data_1/selog/FoilChangerDownstream/set_control,"(1,)",|S1,1,concrete_sample_5I
44779,raw_data_1/selog/FoilChangerDownstream/setpoint,"(1, 1)",|S3,1,concrete_sample_5I
44779,raw_data_1/selog/FoilChangerDownstream/value,"(1, 1)",|S5,1,concrete_sample_5I
44779,raw_data_1/selog/FoilChangerDownstream/value_log/alarm_severity,"(1, 1)",|S4,1,concrete_sample_5I
44779,raw_data_1/selog/FoilChangerDownstream/value_log/alarm_status,"(1, 1)",|S8,1,concrete_sample_5I
44779,raw_data_1/selog/FoilChangerDownstream/value_log/alarm_time,"(1,)",float32,1,concrete_sample_5I
44779,raw_data_1/selog/FoilChangerDownstream/value_log/name,"(1,)",|S1,1,concrete_sample_5I
44779,raw_data_1/selog/FoilChangerDownstream/value_log/time,"(3,)",float32,3,concrete_sample_5I
44779,raw_data_1/selog/FoilChangerDownstream/value_log/value,"(3, 1)",|S5,3,concrete_sample_5I
44779,raw_data_1/selog/FoilChangerDownstream/value_log/value_valid,"(3,)",int32,3,concrete_sample_5I
44779,raw_data_1/selog/FoilChangerDownstream/vi_name,"(1,)",|S1,1,concrete_sample_5I
44779,raw_data_1/selog/FoilChangerUpstream/read_control,"(1,)",|S1,1,concrete_sample_5I
44779,raw_data_1/selog/FoilChangerUpstream/set_control,"(1,)",|S1,1,concrete_sample_5I
44779,raw_data_1/selog/FoilChangerUpstream/setpoint,"(1, 1)",|S3,1,concrete_sample_5I
44779,raw_data_1/selog/FoilChangerUpstream/value,"(1, 1)",|S5,1,concrete_sample_5I
44779,raw_data_1/selog/FoilChangerUpstream/value_log/alarm_severity,"(1, 1)",|S4,1,concrete_sample_5I
44779,raw_data_1/selog/FoilChangerUpstream/value_log/alarm_status,"(1, 1)",|S8,1,concrete_sample_5I
44779,raw_data_1/selog/FoilChangerUpstream/value_log/alarm_time,"(1,)",float32,1,concrete_sample_5I
44779,raw_data_1/selog/FoilChangerUpstream/value_log/name,"(1,)",|S1,1,concrete_sample_5I
44779,raw_data_1/selog/FoilChangerUpstream/value_log/time,"(3,)",float32,3,concrete_sample_5I
44779,raw_data_1/selog/FoilChangerUpstream/value_log/value,"(3, 1)",|S5,3,concrete_sample_5I
44779,raw_data_1/selog/FoilChangerUpstream/value_log/value_valid,"(3,)",int32,3,concrete_sample_5I
44779,raw_data_1/selog/FoilChangerUpstream/vi_name,"(1,)",|S1,1,concrete_sample_5I
44779,raw_data_1/selog/ForwardFoilLeft/read_control,"(1,)",|S1,1,concrete_sample_5I
44779,raw_data_1/selog/ForwardFoilLeft/set_control,"(1,)",|S1,1,concrete_sample_5I
44779,raw_data_1/selog/ForwardFoilLeft/setpoint,"(1,)",float32,1,concrete_sample_5I
44779,raw_data_1/selog/ForwardFoilLeft/setpoint_spread,"(1,)",float32,1,concrete_sample_5I
44779,raw_data_1/selog/ForwardFoilLeft/value,"(1,)",float32,1,concrete_sample_5I
44779,raw_data_1/selog/ForwardFoilLeft/value_log/alarm_severity,"(1, 1)",|S4,1,concrete_sample_5I
44779,raw_data_1/selog/ForwardFoilLeft/value_log/alarm_status,"(1, 1)",|S8,1,concrete_sample_5I
44779,raw_data_1/selog/ForwardFoilLeft/value_log/alarm_time,"(1,)",float32,1,concrete_sample_5I
44779,raw_data_1/selog/ForwardFoilLeft/value_log/name,"(1,)",|S1,1,concrete_sample_5I
44779,raw_data_1/selog/ForwardFoilLeft/value_log/time,"(2,)",float32,2,concrete_sample_5I
44779,raw_data_1/selog/ForwardFoilLeft/value_log/value,"(2,)",float32,2,concrete_sample_5I
44779,raw_data_1/selog/ForwardFoilLeft/value_log/value_valid,"(2,)",int32,2,concrete_sample_5I
44779,raw_data_1/selog/ForwardFoilLeft/value_spread,"(1,)",float32,1,concrete_sample_5I
44779,raw_data_1/selog/ForwardFoilLeft/vi_name,"(1,)",|S1,1,concrete_sample_5I
44779,raw_data_1/selog/ForwardFoilRight/read_control,"(1,)",|S1,1,concrete_sample_5I
44779,raw_data_1/selog/ForwardFoilRight/set_control,"(1,)",|S1,1,concrete_sample_5I
44779,raw_data_1/selog/ForwardFoilRight/setpoint,"(1,)",float32,1,concrete_sample_5I
44779,raw_data_1/selog/ForwardFoilRight/setpoint_spread,"(1,)",float32,1,concrete_sample_5I
44779,raw_data_1/selog/ForwardFoilRight/value,"(1,)",float32,1,concrete_sample_5I
44779,raw_data_1/selog/ForwardFoilRight/value_log/alarm_severity,"(1, 1)",|S4,1,concrete_sample_5I
44779,raw_data_1/selog/ForwardFoilRight/value_log/alarm_status,"(1, 1)",|S8,1,concrete_sample_5I
44779,raw_data_1/selog/ForwardFoilRight/value_log/alarm_time,"(1,)",float32,1,concrete_sample_5I
44779,raw_data_1/selog/ForwardFoilRight/value_log/name,"(1,)",|S1,1,concrete_sample_5I
44779,raw_data_1/selog/ForwardFoilRight/value_log/time,"(2,)",float32,2,concrete_sample_5I
44779,raw_data_1/selog/ForwardFoilRight/value_log/value,"(2,)",float32,2,concrete_sample_5I
44779,raw_data_1/selog/ForwardFoilRight/value_log/value_valid,"(2,)",int32,2,concrete_sample_5I
44779,raw_data_1/selog/ForwardFoilRight/value_spread,"(1,)",float32,1,concrete_sample_5I
44779,raw_data_1/selog/ForwardFoilRight/vi_name,"(1,)",|S1,1,concrete_sample_5I
44779,raw_data_1/selog/ICP_DAE_TD/read_control,"(1,)",|S1,1,concrete_sample_5I
44779,raw_data_1/selog/ICP_DAE_TD/set_control,"(1,)",|S1,1,concrete_sample_5I
44779,raw_data_1/selog/ICP_DAE_TD/value_log/alarm_severity,"(1, 1)",|S2,1,concrete_sample_5I
44779,raw_data_1/selog/ICP_DAE_TD/value_log/alarm_status,"(1, 1)",|S2,1,concrete_sample_5I
44779,raw_data_1/selog/ICP_DAE_TD/value_log/alarm_time,"(1,)",float32,1,concrete_sample_5I
44779,raw_data_1/selog/ICP_DAE_TD/value_log/name,"(1,)",|S1,1,concrete_sample_5I
44779,raw_data_1/selog/ICP_DAE_TD/value_log/time,"(56,)",float32,56,concrete_sample_5I
44779,raw_data_1/selog/ICP_DAE_TD/value_log/value,"(56,)",float32,56,concrete_sample_5I
44779,raw_data_1/selog/ICP_DAE_TD/value_log/value_valid,"(56,)",int32,56,concrete_sample_5I
44779,raw_data_1/selog/ICP_DAE_TD/vi_name,"(1,)",|S1,1,concrete_sample_5I
44779,raw_data_1/selog/ICP_SYS_TD/read_control,"(1,)",|S1,1,concrete_sample_5I
44779,raw_data_1/selog/ICP_SYS_TD/set_control,"(1,)",|S1,1,concrete_sample_5I
44779,raw_data_1/selog/ICP_SYS_TD/value_log/alarm_severity,"(1, 1)",|S2,1,concrete_sample_5I
44779,raw_data_1/selog/ICP_SYS_TD/value_log/alarm_status,"(1, 1)",|S2,1,concrete_sample_5I
44779,raw_data_1/selog/ICP_SYS_TD/value_log/alarm_time,"(1,)",float32,1,concrete_sample_5I
44779,raw_data_1/selog/ICP_SYS_TD/value_log/name,"(1,)",|S1,1,concrete_sample_5I
44779,raw_data_1/selog/ICP_SYS_TD/value_log/time,"(56,)",float32,56,concrete_sample_5I
44779,raw_data_1/selog/ICP_SYS_TD/value_log/value,"(56,)",float32,56,concrete_sample_5I
44779,raw_data_1/selog/ICP_SYS_TD/value_log/value_valid,"(56,)",int32,56,concrete_sample_5I
44779,raw_data_1/selog/ICP_SYS_TD/vi_name,"(1,)",|S1,1,concrete_sample_5I
44779,raw_data_1/selog/Parani/read_control,"(1,)",|S1,1,concrete_sample_5I
44779,raw_data_1/selog/Parani/set_control,"(1,)",|S1,1,concrete_sample_5I
44779,raw_data_1/selog/Parani/setpoint,"(1,)",float32,1,concrete_sample_5I
44779,raw_data_1/selog/Parani/setpoint_spread,"(1,)",float32,1,concrete_sample_5I
44779,raw_data_1/selog/Parani/value,"(1,)",float32,1,concrete_sample_5I
44779,raw_data_1/selog/Parani/value_log/alarm_severity,"(1, 1)",|S4,1,concrete_sample_5I
44779,raw_data_1/selog/Parani/value_log/alarm_status,"(1, 1)",|S8,1,concrete_sample_5I
44779,raw_data_1/selog/Parani/value_log/alarm_time,"(1,)",float32,1,concrete_sample_5I
44779,raw_data_1/selog/Parani/value_log/name,"(1,)",|S1,1,concrete_sample_5I
44779,raw_data_1/selog/Parani/value_log/time,"(28,)",float32,28,concrete_sample_5I
44779,raw_data_1/selog/Parani/value_log/value,"(28,)",float32,28,concrete_sample_5I
44779,raw_data_1/selog/Parani/value_log/value_valid,"(28,)",int32,28,concrete_sample_5I
44779,raw_data_1/selog/Parani/value_spread,"(1,)",float32,1,concrete_sample_5I
44779,raw_data_1/selog/Parani/vi_name,"(1,)",|S1,1,concrete_sample_5I
44779,raw_data_1/selog/Penning/read_control,"(1,)",|S1,1,concrete_sample_5I
44779,raw_data_1/selog/Penning/set_control,"(1,)",|S1,1,concrete_sample_5I
44779,raw_data_1/selog/Penning/setpoint,"(1,)",float32,1,concrete_sample_5I
44779,raw_data_1/selog/Penning/setpoint_spread,"(1,)",float32,1,concrete_sample_5I
44779,raw_data_1/selog/Penning/value,"(1,)",float32,1,concrete_sample_5I
44779,raw_data_1/selog/Penning/value_log/alarm_severity,"(1, 1)",|S4,1,concrete_sample_5I
44779,raw_data_1/selog/Penning/value_log/alarm_status,"(1, 1)",|S8,1,concrete_sample_5I
44779,raw_data_1/selog/Penning/value_log/alarm_time,"(1,)",float32,1,concrete_sample_5I
44779,raw_data_1/selog/Penning/value_log/name,"(1,)",|S1,1,concrete_sample_5I
44779,raw_data_1/selog/Penning/value_log/time,"(13,)",float32,13,concrete_sample_5I
44779,raw_data_1/selog/Penning/value_log/value,"(13,)",float32,13,concrete_sample_5I
44779,raw_data_1/selog/Penning/value_log/value_valid,"(13,)",int32,13,concrete_sample_5I
44779,raw_data_1/selog/Penning/value_spread,"(1,)",float32,1,concrete_sample_5I
44779,raw_data_1/selog/Penning/vi_name,"(1,)",|S1,1,concrete_sample_5I
44779,raw_data_1/selog/Sample/read_control,"(1,)",|S1,1,concrete_sample_5I
44779,raw_data_1/selog/Sample/set_control,"(1,)",|S1,1,concrete_sample_5I
44779,raw_data_1/selog/Sample/setpoint,"(1,)",float32,1,concrete_sample_5I
44779,raw_data_1/selog/Sample/setpoint_spread,"(1,)",float32,1,concrete_sample_5I
44779,raw_data_1/selog/Sample/value,"(1,)",float32,1,concrete_sample_5I
44779,raw_data_1/selog/Sample/value_log/alarm_severity,"(1, 1)",|S4,1,concrete_sample_5I
44779,raw_data_1/selog/Sample/value_log/alarm_status,"(1, 1)",|S8,1,concrete_sample_5I
44779,raw_data_1/selog/Sample/value_log/alarm_time,"(1,)",float32,1,concrete_sample_5I
44779,raw_data_1/selog/Sample/value_log/name,"(1,)",|S1,1,concrete_sample_5I
44779,raw_data_1/selog/Sample/value_log/time,"(2,)",float32,2,concrete_sample_5I
44779,raw_data_1/selog/Sample/value_log/value,"(2,)",float32,2,concrete_sample_5I
44779,raw_data_1/selog/Sample/value_log/value_valid,"(2,)",int32,2,concrete_sample_5I
44779,raw_data_1/selog/Sample/value_spread,"(1,)",float32,1,concrete_sample_5I
44779,raw_data_1/selog/Sample/vi_name,"(1,)",|S1,1,concrete_sample_5I
44779,raw_data_1/selog/Stick/read_control,"(1,)",|S1,1,concrete_sample_5I
44779,raw_data_1/selog/Stick/set_control,"(1,)",|S1,1,concrete_sample_5I
44779,raw_data_1/selog/Stick/setpoint,"(1,)",float32,1,concrete_sample_5I
44779,raw_data_1/selog/Stick/setpoint_spread,"(1,)",float32,1,concrete_sample_5I
44779,raw_data_1/selog/Stick/value,"(1,)",float32,1,concrete_sample_5I
44779,raw_data_1/selog/Stick/value_log/alarm_severity,"(1, 1)",|S4,1,concrete_sample_5I
44779,raw_data_1/selog/Stick/value_log/alarm_status,"(1, 1)",|S8,1,concrete_sample_5I
44779,raw_data_1/selog/Stick/value_log/alarm_time,"(1,)",float32,1,concrete_sample_5I
44779,raw_data_1/selog/Stick/value_log/name,"(1,)",|S1,1,concrete_sample_5I
44779,raw_data_1/selog/Stick/value_log/time,"(2,)",float32,2,concrete_sample_5I
44779,raw_data_1/selog/Stick/value_log/value,"(2,)",float32,2,concrete_sample_5I
44779,raw_data_1/selog/Stick/value_log/value_valid,"(2,)",int32,2,concrete_sample_5I
44779,raw_data_1/selog/Stick/value_spread,"(1,)",float32,1,concrete_sample_5I
44779,raw_data_1/selog/Stick/vi_name,"(1,)",|S1,1,concrete_sample_5I
44779,raw_data_1/selog/TS1_Freq/read_control,"(1,)",|S1,1,concrete_sample_5I
44779,raw_data_1/selog/TS1_Freq/set_control,"(1,)",|S1,1,concrete_sample_5I
44779,raw_data_1/selog/TS1_Freq/setpoint,"(1,)",float32,1,concrete_sample_5I
44779,raw_data_1/selog/TS1_Freq/setpoint_spread,"(1,)",float32,1,concrete_sample_5I
44779,raw_data_1/selog/TS1_Freq/value,"(1,)",float32,1,concrete_sample_5I
44779,raw_data_1/selog/TS1_Freq/value_log/alarm_severity,"(1, 1)",|S4,1,concrete_sample_5I
44779,raw_data_1/selog/TS1_Freq/value_log/alarm_status,"(1, 1)",|S8,1,concrete_sample_5I
44779,raw_data_1/selog/TS1_Freq/value_log/alarm_time,"(1,)",float32,1,concrete_sample_5I
44779,raw_data_1/selog/TS1_Freq/value_log/name,"(1,)",|S1,1,concrete_sample_5I
44779,raw_data_1/selog/TS1_Freq/value_log/time,"(2,)",float32,2,concrete_sample_5I
44779,raw_data_1/selog/TS1_Freq/value_log/value,"(2,)",float32,2,concrete_sample_5I
44779,raw_data_1/selog/TS1_Freq/value_log/value_valid,"(2,)",int32,2,concrete_sample_5I
44779,raw_data_1/selog/TS1_Freq/value_spread,"(1,)",float32,1,concrete_sample_5I
44779,raw_data_1/selog/TS1_Freq/vi_name,"(1,)",|S1,1,concrete_sample_5I
44779,raw_data_1/selog/Water_Bath_Temp/read_control,"(1,)",|S1,1,concrete_sample_5I
44779,raw_data_1/selog/Water_Bath_Temp/set_control,"(1,)",|S1,1,concrete_sample_5I
44779,raw_data_1/selog/Water_Bath_Temp/setpoint,"(1,)",float32,1,concrete_sample_5I
44779,raw_data_1/selog/Water_Bath_Temp/setpoint_spread,"(1,)",float32,1,concrete_sample_5I
44779,raw_data_1/selog/Water_Bath_Temp/value,"(1,)",float32,1,concrete_sample_5I
44779,raw_data_1/selog/Water_Bath_Temp/value_log/alarm_severity,"(1, 1)",|S4,1,concrete_sample_5I
44779,raw_data_1/selog/Water_Bath_Temp/value_log/alarm_status,"(1, 1)",|S8,1,concrete_sample_5I
44779,raw_data_1/selog/Water_Bath_Temp/value_log/alarm_time,"(1,)",float32,1,concrete_sample_5I
44779,raw_data_1/selog/Water_Bath_Temp/value_log/name,"(1,)",|S1,1,concrete_sample_5I
44779,raw_data_1/selog/Water_Bath_Temp/value_log/time,"(7,)",float32,7,concrete_sample_5I
44779,raw_data_1/selog/Water_Bath_Temp/value_log/value,"(7,)",float32,7,concrete_sample_5I
44779,raw_data_1/selog/Water_Bath_Temp/value_log/value_valid,"(7,)",int32,7,concrete_sample_5I
44779,raw_data_1/selog/Water_Bath_Temp/value_spread,"(1,)",float32,1,concrete_sample_5I
44779,raw_data_1/selog/Water_Bath_Temp/vi_name,"(1,)",|S1,1,concrete_sample_5I
44779,raw_data_1/selog/vetoed_frames/read_control,"(1,)",|S1,1,concrete_sample_5I
44779,raw_data_1/selog/vetoed_frames/set_control,"(1,)",|S1,1,concrete_sample_5I
44779,raw_data_1/selog/vetoed_frames/setpoint,"(1,)",float32,1,concrete_sample_5I
44779,raw_data_1/selog/vetoed_frames/setpoint_spread,"(1,)",float32,1,concrete_sample_5I
44779,raw_data_1/selog/vetoed_frames/value,"(1,)",float32,1,concrete_sample_5I
44779,raw_data_1/selog/vetoed_frames/value_log/alarm_severity,"(1, 1)",|S4,1,concrete_sample_5I
44779,raw_data_1/selog/vetoed_frames/value_log/alarm_status,"(1, 1)",|S8,1,concrete_sample_5I
44779,raw_data_1/selog/vetoed_frames/value_log/alarm_time,"(1,)",float32,1,concrete_sample_5I
44779,raw_data_1/selog/vetoed_frames/value_log/name,"(1,)",|S1,1,concrete_sample_5I
44779,raw_data_1/selog/vetoed_frames/value_log/time,"(2,)",float32,2,concrete_sample_5I
44779,raw_data_1/selog/vetoed_frames/value_log/value,"(2,)",float32,2,concrete_sample_5I
44779,raw_data_1/selog/vetoed_frames/value_log/value_valid,"(2,)",int32,2,concrete_sample_5I
44779,raw_data_1/selog/vetoed_frames/value_spread,"(1,)",float32,1,concrete_sample_5I
44779,raw_data_1/selog/vetoed_frames/vi_name,"(1,)",|S1,1,concrete_sample_5I
44779,raw_data_1/start_time,"(1,)",|S19,1,concrete_sample_5I
44779,raw_data_1/title,"(1,)",|S45,1,concrete_sample_5I
44779,raw_data_1/total_counts,"(1,)",uint64,1,concrete_sample_5I
44779,raw_data_1/total_uncounted_counts,"(1,)",int32,1,concrete_sample_5I
44779,raw_data_1/user_1/affiliation,"(1,)",|S1,1,concrete_sample_5I
44779,raw_data_1/user_1/name,"(1,)",|S11,1,concrete_sample_5I
44792,raw_data_1/beamline,"(1,)",|S7,1,late_empty_control
44792,raw_data_1/collection_time,"(1,)",float32,1,late_empty_control
44792,raw_data_1/definition,"(1,)",|S6,1,late_empty_control
44792,raw_data_1/definition_local,"(1,)",|S10,1,late_empty_control
44792,raw_data_1/detector_1/counts,"(1, 196, 9729)",int32,1906884,late_empty_control
44792,raw_data_1/detector_1/period_index,"(1,)",int32,1,late_empty_control
44792,raw_data_1/detector_1/spectrum_index,"(196,)",int32,196,late_empty_control
44792,raw_data_1/detector_1/time_of_flight,"(9730,)",float32,9730,late_empty_control
44792,raw_data_1/duration,"(1,)",float32,1,late_empty_control
44792,raw_data_1/end_time,"(1,)",|S19,1,late_empty_control
44792,raw_data_1/experiment_identifier,"(1,)",|S7,1,late_empty_control
44792,raw_data_1/good_frames,"(1,)",int32,1,late_empty_control
44792,raw_data_1/instrument/dae/detector_table_file,"(1,)",|S83,1,late_empty_control
44792,raw_data_1/instrument/dae/spectra_table_file,"(1,)",|S83,1,late_empty_control
44792,raw_data_1/instrument/dae/time_channels_1/time_of_flight_raw,"(9730,)",int32,9730,late_empty_control
44792,raw_data_1/instrument/dae/type,"(1,)",|S9,1,late_empty_control
44792,raw_data_1/instrument/dae/vetos/ISIS_50Hz,"(1,)",int32,1,late_empty_control
44792,raw_data_1/instrument/dae/vetos/TS2_pulse,"(1,)",int32,1,late_empty_control
44792,raw_data_1/instrument/dae/vetos/ext0,"(1,)",int32,1,late_empty_control
44792,raw_data_1/instrument/dae/vetos/ext1,"(1,)",int32,1,late_empty_control
44792,raw_data_1/instrument/dae/vetos/ext2,"(1,)",int32,1,late_empty_control
44792,raw_data_1/instrument/dae/vetos/ext3,"(1,)",int32,1,late_empty_control
44792,raw_data_1/instrument/dae/vetos/fermi_chopper0,"(1,)",int32,1,late_empty_control
44792,raw_data_1/instrument/dae/vetos/fermi_chopper1,"(1,)",int32,1,late_empty_control
44792,raw_data_1/instrument/dae/vetos/fermi_chopper2,"(1,)",int32,1,late_empty_control
44792,raw_data_1/instrument/dae/vetos/fermi_chopper3,"(1,)",int32,1,late_empty_control
44792,raw_data_1/instrument/dae/vetos/fifo,"(1,)",int32,1,late_empty_control
44792,raw_data_1/instrument/dae/vetos/internal,"(1,)",int32,1,late_empty_control
44792,raw_data_1/instrument/dae/vetos/msmode,"(1,)",int32,1,late_empty_control
44792,raw_data_1/instrument/dae/vetos/smp,"(1,)",int32,1,late_empty_control
44792,raw_data_1/instrument/dae/wiring_table_file,"(1,)",|S86,1,late_empty_control
44792,raw_data_1/instrument/detector_1/delt,"(196,)",float32,196,late_empty_control
44792,raw_data_1/instrument/detector_1/distance,"(196,)",float32,196,late_empty_control
44792,raw_data_1/instrument/detector_1/polar_angle,"(196,)",float32,196,late_empty_control
44792,raw_data_1/instrument/detector_1/source_detector_distance,"(1,)",float32,1,late_empty_control
44792,raw_data_1/instrument/moderator/distance,"(1,)",float32,1,late_empty_control
44792,raw_data_1/instrument/name,"(1,)",|S7,1,late_empty_control
44792,raw_data_1/instrument/source/name,"(1,)",|S4,1,late_empty_control
44792,raw_data_1/instrument/source/probe,"(1,)",|S8,1,late_empty_control
44792,raw_data_1/instrument/source/type,"(1,)",|S21,1,late_empty_control
44792,raw_data_1/isis_vms_compat/ADD,"(9,)",int32,9,late_empty_control
44792,raw_data_1/isis_vms_compat/CODE,"(198,)",int32,198,late_empty_control
44792,raw_data_1/isis_vms_compat/CRAT,"(198,)",int32,198,late_empty_control
44792,raw_data_1/isis_vms_compat/CRPB,"(32, 1)",|S4,32,late_empty_control
44792,raw_data_1/isis_vms_compat/CSPB,"(64, 1)",|S4,64,late_empty_control
44792,raw_data_1/isis_vms_compat/DAEP,"(64,)",int32,64,late_empty_control
44792,raw_data_1/isis_vms_compat/DELT,"(198,)",float32,198,late_empty_control
44792,raw_data_1/isis_vms_compat/FORM,"(1,)",int32,1,late_empty_control
44792,raw_data_1/isis_vms_compat/HDR,"(1,)",|S80,1,late_empty_control
44792,raw_data_1/isis_vms_compat/IRPB,"(32,)",int32,32,late_empty_control
44792,raw_data_1/isis_vms_compat/ISPB,"(64,)",int32,64,late_empty_control
44792,raw_data_1/isis_vms_compat/IVPB,"(64,)",int32,64,late_empty_control
44792,raw_data_1/isis_vms_compat/LEN2,"(198,)",float32,198,late_empty_control
44792,raw_data_1/isis_vms_compat/MDET,"(2,)",int32,2,late_empty_control
44792,raw_data_1/isis_vms_compat/MODN,"(198,)",int32,198,late_empty_control
44792,raw_data_1/isis_vms_compat/MONP,"(2,)",int32,2,late_empty_control
44792,raw_data_1/isis_vms_compat/MPOS,"(198,)",int32,198,late_empty_control
44792,raw_data_1/isis_vms_compat/NAME,"(1,)",|S8,1,late_empty_control
44792,raw_data_1/isis_vms_compat/NDET,"(1,)",int32,1,late_empty_control
44792,raw_data_1/isis_vms_compat/NFPP,"(1,)",int32,1,late_empty_control
44792,raw_data_1/isis_vms_compat/NMON,"(1,)",int32,1,late_empty_control
44792,raw_data_1/isis_vms_compat/NOTE,"(1,)",|S19,1,late_empty_control
44792,raw_data_1/isis_vms_compat/NPER,"(1,)",int32,1,late_empty_control
44792,raw_data_1/isis_vms_compat/NSEP,"(1,)",int32,1,late_empty_control
44792,raw_data_1/isis_vms_compat/NSP1,"(1,)",int32,1,late_empty_control
44792,raw_data_1/isis_vms_compat/NTC1,"(1,)",int32,1,late_empty_control
44792,raw_data_1/isis_vms_compat/NTLL,"(1,)",int32,1,late_empty_control
44792,raw_data_1/isis_vms_compat/NTNL,"(1,)",int32,1,late_empty_control
44792,raw_data_1/isis_vms_compat/NTRG,"(1,)",int32,1,late_empty_control
44792,raw_data_1/isis_vms_compat/NUSE,"(1,)",int32,1,late_empty_control
44792,raw_data_1/isis_vms_compat/PMAP,"(256,)",int32,256,late_empty_control
44792,raw_data_1/isis_vms_compat/PRE1,"(1,)",int32,1,late_empty_control
44792,raw_data_1/isis_vms_compat/RRPB,"(32,)",float32,32,late_empty_control
44792,raw_data_1/isis_vms_compat/RSPB,"(64,)",float32,64,late_empty_control
44792,raw_data_1/isis_vms_compat/RUN,"(1,)",int32,1,late_empty_control
44792,raw_data_1/isis_vms_compat/RVPB,"(64,)",float32,64,late_empty_control
44792,raw_data_1/isis_vms_compat/SPB,"(64,)",int32,64,late_empty_control
44792,raw_data_1/isis_vms_compat/SPEC,"(198,)",int32,198,late_empty_control
44792,raw_data_1/isis_vms_compat/TCM1,"(5,)",int32,5,late_empty_control
44792,raw_data_1/isis_vms_compat/TCP1,"(20,)",float32,20,late_empty_control
44792,raw_data_1/isis_vms_compat/TIMR,"(198,)",int32,198,late_empty_control
44792,raw_data_1/isis_vms_compat/TITL,"(1,)",|S80,1,late_empty_control
44792,raw_data_1/isis_vms_compat/TTHE,"(198,)",float32,198,late_empty_control
44792,raw_data_1/isis_vms_compat/UDET,"(198,)",int32,198,late_empty_control
44792,raw_data_1/isis_vms_compat/ULEN,"(1,)",int32,1,late_empty_control
44792,raw_data_1/isis_vms_compat/USER,"(1,)",|S160,1,late_empty_control
44792,raw_data_1/isis_vms_compat/VER1,"(1,)",int32,1,late_empty_control
44792,raw_data_1/isis_vms_compat/VER2,"(1,)",int32,1,late_empty_control
44792,raw_data_1/isis_vms_compat/VER3,"(1,)",int32,1,late_empty_control
44792,raw_data_1/isis_vms_compat/VER4,"(1,)",int32,1,late_empty_control
44792,raw_data_1/isis_vms_compat/VER5,"(1,)",int32,1,late_empty_control
44792,raw_data_1/isis_vms_compat/VER6,"(1,)",int32,1,late_empty_control
44792,raw_data_1/isis_vms_compat/VER7,"(1,)",int32,1,late_empty_control
44792,raw_data_1/isis_vms_compat/VER8,"(1,)",int32,1,late_empty_control
44792,raw_data_1/isis_vms_compat/VER9,"(1,)",int32,1,late_empty_control
44792,raw_data_1/measurement/first_run,"(1,)",int32,1,late_empty_control
44792,raw_data_1/measurement/id,"(1,)",|S1,1,late_empty_control
44792,raw_data_1/measurement/label,"(1,)",|S1,1,late_empty_control
44792,raw_data_1/measurement/subid,"(1,)",|S1,1,late_empty_control
44792,raw_data_1/measurement/type,"(1,)",|S1,1,late_empty_control
44792,raw_data_1/measurement_first_run,"(1,)",int32,1,late_empty_control
44792,raw_data_1/measurement_id,"(1,)",|S1,1,late_empty_control
44792,raw_data_1/measurement_label,"(1,)",|S1,1,late_empty_control
44792,raw_data_1/measurement_subid,"(1,)",|S1,1,late_empty_control
44792,raw_data_1/measurement_type,"(1,)",|S1,1,late_empty_control
44792,raw_data_1/monitor_1/data,"(1, 1, 9729)",int32,9729,late_empty_control
44792,raw_data_1/monitor_1/monitor_number,"(1,)",int32,1,late_empty_control
44792,raw_data_1/monitor_1/spectrum_index,"(1,)",int32,1,late_empty_control
44792,raw_data_1/monitor_2/data,"(1, 1, 9729)",int32,9729,late_empty_control
44792,raw_data_1/monitor_2/monitor_number,"(1,)",int32,1,late_empty_control
44792,raw_data_1/monitor_2/spectrum_index,"(1,)",int32,1,late_empty_control
44792,raw_data_1/monitor_events_not_saved,"(1,)",int64,1,late_empty_control
44792,raw_data_1/name,"(1,)",|S7,1,late_empty_control
44792,raw_data_1/notes,"(1,)",|S1,1,late_empty_control
44792,raw_data_1/periods/frames_requested,"(1,)",int32,1,late_empty_control
44792,raw_data_1/periods/good_frames,"(1,)",int32,1,late_empty_control
44792,raw_data_1/periods/good_frames_daq,"(1,)",int32,1,late_empty_control
44792,raw_data_1/periods/highest_used,"(1,)",int32,1,late_empty_control
44792,raw_data_1/periods/labels,"(1,)",|S8,1,late_empty_control
44792,raw_data_1/periods/number,"(1,)",int32,1,late_empty_control
44792,raw_data_1/periods/output,"(1,)",int32,1,late_empty_control
44792,raw_data_1/periods/proton_charge,"(1,)",float32,1,late_empty_control
44792,raw_data_1/periods/proton_charge_raw,"(1,)",float32,1,late_empty_control
44792,raw_data_1/periods/raw_frames,"(1,)",int32,1,late_empty_control
44792,raw_data_1/periods/sequences,"(1,)",int32,1,late_empty_control
44792,raw_data_1/periods/total_counts,"(1,)",float32,1,late_empty_control
44792,raw_data_1/periods/type,"(1,)",int32,1,late_empty_control
44792,raw_data_1/program_name,"(1,)",|S11,1,late_empty_control
44792,raw_data_1/proton_charge,"(1,)",float32,1,late_empty_control
44792,raw_data_1/proton_charge_raw,"(1,)",float32,1,late_empty_control
44792,raw_data_1/raw_frames,"(1,)",int32,1,late_empty_control
44792,raw_data_1/run_cycle,"(1,)",|S4,1,late_empty_control
44792,raw_data_1/run_number,"(1,)",int32,1,late_empty_control
44792,raw_data_1/runlog/count_rate/time,"(270,)",float32,270,late_empty_control
44792,raw_data_1/runlog/count_rate/value,"(270,)",float32,270,late_empty_control
44792,raw_data_1/runlog/dae_beam_current/time,"(270,)",float32,270,late_empty_control
44792,raw_data_1/runlog/dae_beam_current/value,"(270,)",float32,270,late_empty_control
44792,raw_data_1/runlog/good_frames/time,"(270,)",float32,270,late_empty_control
44792,raw_data_1/runlog/good_frames/value,"(270,)",int32,270,late_empty_control
44792,raw_data_1/runlog/good_uah_log/time,"(270,)",float32,270,late_empty_control
44792,raw_data_1/runlog/good_uah_log/value,"(270,)",float32,270,late_empty_control
44792,raw_data_1/runlog/icp_event/time,"(6,)",float32,6,late_empty_control
44792,raw_data_1/runlog/icp_event/value,"(6, 1)",|S69,6,late_empty_control
44792,raw_data_1/runlog/is_running/time,"(270,)",float32,270,late_empty_control
44792,raw_data_1/runlog/is_running/value,"(270,)",int32,270,late_empty_control
44792,raw_data_1/runlog/is_waiting/time,"(270,)",float32,270,late_empty_control
44792,raw_data_1/runlog/is_waiting/value,"(270,)",int32,270,late_empty_control
44792,raw_data_1/runlog/monitor_sum_1/time,"(270,)",float32,270,late_empty_control
44792,raw_data_1/runlog/monitor_sum_1/value,"(270,)",int32,270,late_empty_control
44792,raw_data_1/runlog/np_ratio/time,"(270,)",float32,270,late_empty_control
44792,raw_data_1/runlog/np_ratio/value,"(270,)",float32,270,late_empty_control
44792,raw_data_1/runlog/period/time,"(270,)",float32,270,late_empty_control
44792,raw_data_1/runlog/period/value,"(270,)",int32,270,late_empty_control
44792,raw_data_1/runlog/raw_frames/time,"(270,)",float32,270,late_empty_control
44792,raw_data_1/runlog/raw_frames/value,"(270,)",int32,270,late_empty_control
44792,raw_data_1/runlog/raw_uah_log/time,"(270,)",float32,270,late_empty_control
44792,raw_data_1/runlog/raw_uah_log/value,"(270,)",float32,270,late_empty_control
44792,raw_data_1/runlog/run_status/time,"(270,)",float32,270,late_empty_control
44792,raw_data_1/runlog/run_status/value,"(270,)",int32,270,late_empty_control
44792,raw_data_1/runlog/total_counts/time,"(270,)",float32,270,late_empty_control
44792,raw_data_1/runlog/total_counts/value,"(270,)",int32,270,late_empty_control
44792,raw_data_1/sample/distance,"(1,)",float64,1,late_empty_control
44792,raw_data_1/sample/height,"(1,)",float32,1,late_empty_control
44792,raw_data_1/sample/id,"(1,)",|S1,1,late_empty_control
44792,raw_data_1/sample/name,"(1,)",|S1,1,late_empty_control
44792,raw_data_1/sample/shape,"(1,)",|S1,1,late_empty_control
44792,raw_data_1/sample/thickness,"(1,)",float32,1,late_empty_control
44792,raw_data_1/sample/type,"(1,)",|S1,1,late_empty_control
44792,raw_data_1/sample/width,"(1,)",float32,1,late_empty_control
44792,raw_data_1/script_name,"(1,)",|S1,1,late_empty_control
44792,raw_data_1/seci_config,"(1,)",|S5,1,late_empty_control
44792,raw_data_1/selog/BackFoil/read_control,"(1,)",|S1,1,late_empty_control
44792,raw_data_1/selog/BackFoil/set_control,"(1,)",|S1,1,late_empty_control
44792,raw_data_1/selog/BackFoil/setpoint,"(1,)",float32,1,late_empty_control
44792,raw_data_1/selog/BackFoil/setpoint_spread,"(1,)",float32,1,late_empty_control
44792,raw_data_1/selog/BackFoil/value,"(1,)",float32,1,late_empty_control
44792,raw_data_1/selog/BackFoil/value_log/alarm_severity,"(1, 1)",|S4,1,late_empty_control
44792,raw_data_1/selog/BackFoil/value_log/alarm_status,"(1, 1)",|S8,1,late_empty_control
44792,raw_data_1/selog/BackFoil/value_log/alarm_time,"(1,)",float32,1,late_empty_control
44792,raw_data_1/selog/BackFoil/value_log/name,"(1,)",|S1,1,late_empty_control
44792,raw_data_1/selog/BackFoil/value_log/time,"(2,)",float32,2,late_empty_control
44792,raw_data_1/selog/BackFoil/value_log/value,"(2,)",float32,2,late_empty_control
44792,raw_data_1/selog/BackFoil/value_log/value_valid,"(2,)",int32,2,late_empty_control
44792,raw_data_1/selog/BackFoil/value_spread,"(1,)",float32,1,late_empty_control
44792,raw_data_1/selog/BackFoil/vi_name,"(1,)",|S1,1,late_empty_control
44792,raw_data_1/selog/Beam_Current/read_control,"(1,)",|S1,1,late_empty_control
44792,raw_data_1/selog/Beam_Current/set_control,"(1,)",|S1,1,late_empty_control
44792,raw_data_1/selog/Beam_Current/setpoint,"(1,)",float32,1,late_empty_control
44792,raw_data_1/selog/Beam_Current/setpoint_spread,"(1,)",float32,1,late_empty_control
44792,raw_data_1/selog/Beam_Current/value,"(1,)",float32,1,late_empty_control
44792,raw_data_1/selog/Beam_Current/value_log/alarm_severity,"(1, 1)",|S4,1,late_empty_control
44792,raw_data_1/selog/Beam_Current/value_log/alarm_status,"(1, 1)",|S8,1,late_empty_control
44792,raw_data_1/selog/Beam_Current/value_log/alarm_time,"(1,)",float32,1,late_empty_control
44792,raw_data_1/selog/Beam_Current/value_log/name,"(1,)",|S1,1,late_empty_control
44792,raw_data_1/selog/Beam_Current/value_log/time,"(124,)",float32,124,late_empty_control
44792,raw_data_1/selog/Beam_Current/value_log/value,"(124,)",float32,124,late_empty_control
44792,raw_data_1/selog/Beam_Current/value_log/value_valid,"(124,)",int32,124,late_empty_control
44792,raw_data_1/selog/Beam_Current/value_spread,"(1,)",float32,1,late_empty_control
44792,raw_data_1/selog/Beam_Current/vi_name,"(1,)",|S1,1,late_empty_control
44792,raw_data_1/selog/CCR/read_control,"(1,)",|S1,1,late_empty_control
44792,raw_data_1/selog/CCR/set_control,"(1,)",|S1,1,late_empty_control
44792,raw_data_1/selog/CCR/setpoint,"(1,)",float32,1,late_empty_control
44792,raw_data_1/selog/CCR/setpoint_spread,"(1,)",float32,1,late_empty_control
44792,raw_data_1/selog/CCR/value,"(1,)",float32,1,late_empty_control
44792,raw_data_1/selog/CCR/value_log/alarm_severity,"(1, 1)",|S4,1,late_empty_control
44792,raw_data_1/selog/CCR/value_log/alarm_status,"(1, 1)",|S8,1,late_empty_control
44792,raw_data_1/selog/CCR/value_log/alarm_time,"(1,)",float32,1,late_empty_control
44792,raw_data_1/selog/CCR/value_log/name,"(1,)",|S1,1,late_empty_control
44792,raw_data_1/selog/CCR/value_log/time,"(5,)",float32,5,late_empty_control
44792,raw_data_1/selog/CCR/value_log/value,"(5,)",float32,5,late_empty_control
44792,raw_data_1/selog/CCR/value_log/value_valid,"(5,)",int32,5,late_empty_control
44792,raw_data_1/selog/CCR/value_spread,"(1,)",float32,1,late_empty_control
44792,raw_data_1/selog/CCR/vi_name,"(1,)",|S1,1,late_empty_control
44792,raw_data_1/selog/Collimator_Tube/read_control,"(1,)",|S1,1,late_empty_control
44792,raw_data_1/selog/Collimator_Tube/set_control,"(1,)",|S1,1,late_empty_control
44792,raw_data_1/selog/Collimator_Tube/setpoint,"(1,)",float32,1,late_empty_control
44792,raw_data_1/selog/Collimator_Tube/setpoint_spread,"(1,)",float32,1,late_empty_control
44792,raw_data_1/selog/Collimator_Tube/value,"(1,)",float32,1,late_empty_control
44792,raw_data_1/selog/Collimator_Tube/value_log/alarm_severity,"(1, 1)",|S4,1,late_empty_control
44792,raw_data_1/selog/Collimator_Tube/value_log/alarm_status,"(1, 1)",|S8,1,late_empty_control
44792,raw_data_1/selog/Collimator_Tube/value_log/alarm_time,"(1,)",float32,1,late_empty_control
44792,raw_data_1/selog/Collimator_Tube/value_log/name,"(1,)",|S1,1,late_empty_control
44792,raw_data_1/selog/Collimator_Tube/value_log/time,"(12,)",float32,12,late_empty_control
44792,raw_data_1/selog/Collimator_Tube/value_log/value,"(12,)",float32,12,late_empty_control
44792,raw_data_1/selog/Collimator_Tube/value_log/value_valid,"(12,)",int32,12,late_empty_control
44792,raw_data_1/selog/Collimator_Tube/value_spread,"(1,)",float32,1,late_empty_control
44792,raw_data_1/selog/Collimator_Tube/vi_name,"(1,)",|S1,1,late_empty_control
44792,raw_data_1/selog/DAE_timing/read_control,"(1,)",|S1,1,late_empty_control
44792,raw_data_1/selog/DAE_timing/set_control,"(1,)",|S1,1,late_empty_control
44792,raw_data_1/selog/DAE_timing/setpoint,"(1, 1)",|S3,1,late_empty_control
44792,raw_data_1/selog/DAE_timing/value,"(1, 1)",|S8,1,late_empty_control
44792,raw_data_1/selog/DAE_timing/value_log/alarm_severity,"(1, 1)",|S4,1,late_empty_control
44792,raw_data_1/selog/DAE_timing/value_log/alarm_status,"(1, 1)",|S8,1,late_empty_control
44792,raw_data_1/selog/DAE_timing/value_log/alarm_time,"(1,)",float32,1,late_empty_control
44792,raw_data_1/selog/DAE_timing/value_log/name,"(1,)",|S1,1,late_empty_control
44792,raw_data_1/selog/DAE_timing/value_log/time,"(5,)",float32,5,late_empty_control
44792,raw_data_1/selog/DAE_timing/value_log/value,"(5, 1)",|S8,5,late_empty_control
44792,raw_data_1/selog/DAE_timing/value_log/value_valid,"(5,)",int32,5,late_empty_control
44792,raw_data_1/selog/DAE_timing/vi_name,"(1,)",|S1,1,late_empty_control
44792,raw_data_1/selog/EPICS_PUTLOG/read_control,"(1,)",|S1,1,late_empty_control
44792,raw_data_1/selog/EPICS_PUTLOG/set_control,"(1,)",|S1,1,late_empty_control
44792,raw_data_1/selog/EPICS_PUTLOG/setpoint,"(1, 1)",|S3,1,late_empty_control
44792,raw_data_1/selog/EPICS_PUTLOG/value,"(1, 1)",|S50,1,late_empty_control
44792,raw_data_1/selog/EPICS_PUTLOG/value_log/alarm_severity,"(1, 1)",|S2,1,late_empty_control
44792,raw_data_1/selog/EPICS_PUTLOG/value_log/alarm_status,"(1, 1)",|S2,1,late_empty_control
44792,raw_data_1/selog/EPICS_PUTLOG/value_log/alarm_time,"(1,)",float32,1,late_empty_control
44792,raw_data_1/selog/EPICS_PUTLOG/value_log/name,"(1,)",|S1,1,late_empty_control
44792,raw_data_1/selog/EPICS_PUTLOG/value_log/time,"(8,)",float32,8,late_empty_control
44792,raw_data_1/selog/EPICS_PUTLOG/value_log/value,"(8, 1)",|S60,8,late_empty_control
44792,raw_data_1/selog/EPICS_PUTLOG/value_log/value_valid,"(8,)",int32,8,late_empty_control
44792,raw_data_1/selog/EPICS_PUTLOG/vi_name,"(1,)",|S1,1,late_empty_control
44792,raw_data_1/selog/FoilChangerDownstream/read_control,"(1,)",|S1,1,late_empty_control
44792,raw_data_1/selog/FoilChangerDownstream/set_control,"(1,)",|S1,1,late_empty_control
44792,raw_data_1/selog/FoilChangerDownstream/setpoint,"(1, 1)",|S3,1,late_empty_control
44792,raw_data_1/selog/FoilChangerDownstream/value,"(1, 1)",|S5,1,late_empty_control
44792,raw_data_1/selog/FoilChangerDownstream/value_log/alarm_severity,"(1, 1)",|S4,1,late_empty_control
44792,raw_data_1/selog/FoilChangerDownstream/value_log/alarm_status,"(1, 1)",|S8,1,late_empty_control
44792,raw_data_1/selog/FoilChangerDownstream/value_log/alarm_time,"(1,)",float32,1,late_empty_control
44792,raw_data_1/selog/FoilChangerDownstream/value_log/name,"(1,)",|S1,1,late_empty_control
44792,raw_data_1/selog/FoilChangerDownstream/value_log/time,"(5,)",float32,5,late_empty_control
44792,raw_data_1/selog/FoilChangerDownstream/value_log/value,"(5, 1)",|S5,5,late_empty_control
44792,raw_data_1/selog/FoilChangerDownstream/value_log/value_valid,"(5,)",int32,5,late_empty_control
44792,raw_data_1/selog/FoilChangerDownstream/vi_name,"(1,)",|S1,1,late_empty_control
44792,raw_data_1/selog/FoilChangerUpstream/read_control,"(1,)",|S1,1,late_empty_control
44792,raw_data_1/selog/FoilChangerUpstream/set_control,"(1,)",|S1,1,late_empty_control
44792,raw_data_1/selog/FoilChangerUpstream/setpoint,"(1, 1)",|S3,1,late_empty_control
44792,raw_data_1/selog/FoilChangerUpstream/value,"(1, 1)",|S5,1,late_empty_control
44792,raw_data_1/selog/FoilChangerUpstream/value_log/alarm_severity,"(1, 1)",|S4,1,late_empty_control
44792,raw_data_1/selog/FoilChangerUpstream/value_log/alarm_status,"(1, 1)",|S8,1,late_empty_control
44792,raw_data_1/selog/FoilChangerUpstream/value_log/alarm_time,"(1,)",float32,1,late_empty_control
44792,raw_data_1/selog/FoilChangerUpstream/value_log/name,"(1,)",|S1,1,late_empty_control
44792,raw_data_1/selog/FoilChangerUpstream/value_log/time,"(5,)",float32,5,late_empty_control
44792,raw_data_1/selog/FoilChangerUpstream/value_log/value,"(5, 1)",|S5,5,late_empty_control
44792,raw_data_1/selog/FoilChangerUpstream/value_log/value_valid,"(5,)",int32,5,late_empty_control
44792,raw_data_1/selog/FoilChangerUpstream/vi_name,"(1,)",|S1,1,late_empty_control
44792,raw_data_1/selog/ForwardFoilLeft/read_control,"(1,)",|S1,1,late_empty_control
44792,raw_data_1/selog/ForwardFoilLeft/set_control,"(1,)",|S1,1,late_empty_control
44792,raw_data_1/selog/ForwardFoilLeft/setpoint,"(1,)",float32,1,late_empty_control
44792,raw_data_1/selog/ForwardFoilLeft/setpoint_spread,"(1,)",float32,1,late_empty_control
44792,raw_data_1/selog/ForwardFoilLeft/value,"(1,)",float32,1,late_empty_control
44792,raw_data_1/selog/ForwardFoilLeft/value_log/alarm_severity,"(1, 1)",|S4,1,late_empty_control
44792,raw_data_1/selog/ForwardFoilLeft/value_log/alarm_status,"(1, 1)",|S8,1,late_empty_control
44792,raw_data_1/selog/ForwardFoilLeft/value_log/alarm_time,"(1,)",float32,1,late_empty_control
44792,raw_data_1/selog/ForwardFoilLeft/value_log/name,"(1,)",|S1,1,late_empty_control
44792,raw_data_1/selog/ForwardFoilLeft/value_log/time,"(2,)",float32,2,late_empty_control
44792,raw_data_1/selog/ForwardFoilLeft/value_log/value,"(2,)",float32,2,late_empty_control
44792,raw_data_1/selog/ForwardFoilLeft/value_log/value_valid,"(2,)",int32,2,late_empty_control
44792,raw_data_1/selog/ForwardFoilLeft/value_spread,"(1,)",float32,1,late_empty_control
44792,raw_data_1/selog/ForwardFoilLeft/vi_name,"(1,)",|S1,1,late_empty_control
44792,raw_data_1/selog/ForwardFoilRight/read_control,"(1,)",|S1,1,late_empty_control
44792,raw_data_1/selog/ForwardFoilRight/set_control,"(1,)",|S1,1,late_empty_control
44792,raw_data_1/selog/ForwardFoilRight/setpoint,"(1,)",float32,1,late_empty_control
44792,raw_data_1/selog/ForwardFoilRight/setpoint_spread,"(1,)",float32,1,late_empty_control
44792,raw_data_1/selog/ForwardFoilRight/value,"(1,)",float32,1,late_empty_control
44792,raw_data_1/selog/ForwardFoilRight/value_log/alarm_severity,"(1, 1)",|S4,1,late_empty_control
44792,raw_data_1/selog/ForwardFoilRight/value_log/alarm_status,"(1, 1)",|S8,1,late_empty_control
44792,raw_data_1/selog/ForwardFoilRight/value_log/alarm_time,"(1,)",float32,1,late_empty_control
44792,raw_data_1/selog/ForwardFoilRight/value_log/name,"(1,)",|S1,1,late_empty_control
44792,raw_data_1/selog/ForwardFoilRight/value_log/time,"(2,)",float32,2,late_empty_control
44792,raw_data_1/selog/ForwardFoilRight/value_log/value,"(2,)",float32,2,late_empty_control
44792,raw_data_1/selog/ForwardFoilRight/value_log/value_valid,"(2,)",int32,2,late_empty_control
44792,raw_data_1/selog/ForwardFoilRight/value_spread,"(1,)",float32,1,late_empty_control
44792,raw_data_1/selog/ForwardFoilRight/vi_name,"(1,)",|S1,1,late_empty_control
44792,raw_data_1/selog/ICP_DAE_TD/read_control,"(1,)",|S1,1,late_empty_control
44792,raw_data_1/selog/ICP_DAE_TD/set_control,"(1,)",|S1,1,late_empty_control
44792,raw_data_1/selog/ICP_DAE_TD/value_log/alarm_severity,"(1, 1)",|S2,1,late_empty_control
44792,raw_data_1/selog/ICP_DAE_TD/value_log/alarm_status,"(1, 1)",|S2,1,late_empty_control
44792,raw_data_1/selog/ICP_DAE_TD/value_log/alarm_time,"(1,)",float32,1,late_empty_control
44792,raw_data_1/selog/ICP_DAE_TD/value_log/name,"(1,)",|S1,1,late_empty_control
44792,raw_data_1/selog/ICP_DAE_TD/value_log/time,"(269,)",float32,269,late_empty_control
44792,raw_data_1/selog/ICP_DAE_TD/value_log/value,"(269,)",float32,269,late_empty_control
44792,raw_data_1/selog/ICP_DAE_TD/value_log/value_valid,"(269,)",int32,269,late_empty_control
44792,raw_data_1/selog/ICP_DAE_TD/vi_name,"(1,)",|S1,1,late_empty_control
44792,raw_data_1/selog/ICP_SYS_TD/read_control,"(1,)",|S1,1,late_empty_control
44792,raw_data_1/selog/ICP_SYS_TD/set_control,"(1,)",|S1,1,late_empty_control
44792,raw_data_1/selog/ICP_SYS_TD/value_log/alarm_severity,"(1, 1)",|S2,1,late_empty_control
44792,raw_data_1/selog/ICP_SYS_TD/value_log/alarm_status,"(1, 1)",|S2,1,late_empty_control
44792,raw_data_1/selog/ICP_SYS_TD/value_log/alarm_time,"(1,)",float32,1,late_empty_control
44792,raw_data_1/selog/ICP_SYS_TD/value_log/name,"(1,)",|S1,1,late_empty_control
44792,raw_data_1/selog/ICP_SYS_TD/value_log/time,"(269,)",float32,269,late_empty_control
44792,raw_data_1/selog/ICP_SYS_TD/value_log/value,"(269,)",float32,269,late_empty_control
44792,raw_data_1/selog/ICP_SYS_TD/value_log/value_valid,"(269,)",int32,269,late_empty_control
44792,raw_data_1/selog/ICP_SYS_TD/vi_name,"(1,)",|S1,1,late_empty_control
44792,raw_data_1/selog/Parani/read_control,"(1,)",|S1,1,late_empty_control
44792,raw_data_1/selog/Parani/set_control,"(1,)",|S1,1,late_empty_control
44792,raw_data_1/selog/Parani/setpoint,"(1,)",float32,1,late_empty_control
44792,raw_data_1/selog/Parani/setpoint_spread,"(1,)",float32,1,late_empty_control
44792,raw_data_1/selog/Parani/value,"(1,)",float32,1,late_empty_control
44792,raw_data_1/selog/Parani/value_log/alarm_severity,"(1, 1)",|S4,1,late_empty_control
44792,raw_data_1/selog/Parani/value_log/alarm_status,"(1, 1)",|S8,1,late_empty_control
44792,raw_data_1/selog/Parani/value_log/alarm_time,"(1,)",float32,1,late_empty_control
44792,raw_data_1/selog/Parani/value_log/name,"(1,)",|S1,1,late_empty_control
44792,raw_data_1/selog/Parani/value_log/time,"(92,)",float32,92,late_empty_control
44792,raw_data_1/selog/Parani/value_log/value,"(92,)",float32,92,late_empty_control
44792,raw_data_1/selog/Parani/value_log/value_valid,"(92,)",int32,92,late_empty_control
44792,raw_data_1/selog/Parani/value_spread,"(1,)",float32,1,late_empty_control
44792,raw_data_1/selog/Parani/vi_name,"(1,)",|S1,1,late_empty_control
44792,raw_data_1/selog/Penning/read_control,"(1,)",|S1,1,late_empty_control
44792,raw_data_1/selog/Penning/set_control,"(1,)",|S1,1,late_empty_control
44792,raw_data_1/selog/Penning/setpoint,"(1,)",float32,1,late_empty_control
44792,raw_data_1/selog/Penning/setpoint_spread,"(1,)",float32,1,late_empty_control
44792,raw_data_1/selog/Penning/value,"(1,)",float32,1,late_empty_control
44792,raw_data_1/selog/Penning/value_log/alarm_severity,"(1, 1)",|S4,1,late_empty_control
44792,raw_data_1/selog/Penning/value_log/alarm_status,"(1, 1)",|S8,1,late_empty_control
44792,raw_data_1/selog/Penning/value_log/alarm_time,"(1,)",float32,1,late_empty_control
44792,raw_data_1/selog/Penning/value_log/name,"(1,)",|S1,1,late_empty_control
44792,raw_data_1/selog/Penning/value_log/time,"(86,)",float32,86,late_empty_control
44792,raw_data_1/selog/Penning/value_log/value,"(86,)",float32,86,late_empty_control
44792,raw_data_1/selog/Penning/value_log/value_valid,"(86,)",int32,86,late_empty_control
44792,raw_data_1/selog/Penning/value_spread,"(1,)",float32,1,late_empty_control
44792,raw_data_1/selog/Penning/vi_name,"(1,)",|S1,1,late_empty_control
44792,raw_data_1/selog/Sample/read_control,"(1,)",|S1,1,late_empty_control
44792,raw_data_1/selog/Sample/set_control,"(1,)",|S1,1,late_empty_control
44792,raw_data_1/selog/Sample/setpoint,"(1,)",float32,1,late_empty_control
44792,raw_data_1/selog/Sample/setpoint_spread,"(1,)",float32,1,late_empty_control
44792,raw_data_1/selog/Sample/value,"(1,)",float32,1,late_empty_control
44792,raw_data_1/selog/Sample/value_log/alarm_severity,"(1, 1)",|S4,1,late_empty_control
44792,raw_data_1/selog/Sample/value_log/alarm_status,"(1, 1)",|S8,1,late_empty_control
44792,raw_data_1/selog/Sample/value_log/alarm_time,"(1,)",float32,1,late_empty_control
44792,raw_data_1/selog/Sample/value_log/name,"(1,)",|S1,1,late_empty_control
44792,raw_data_1/selog/Sample/value_log/time,"(5,)",float32,5,late_empty_control
44792,raw_data_1/selog/Sample/value_log/value,"(5,)",float32,5,late_empty_control
44792,raw_data_1/selog/Sample/value_log/value_valid,"(5,)",int32,5,late_empty_control
44792,raw_data_1/selog/Sample/value_spread,"(1,)",float32,1,late_empty_control
44792,raw_data_1/selog/Sample/vi_name,"(1,)",|S1,1,late_empty_control
44792,raw_data_1/selog/Stick/read_control,"(1,)",|S1,1,late_empty_control
44792,raw_data_1/selog/Stick/set_control,"(1,)",|S1,1,late_empty_control
44792,raw_data_1/selog/Stick/setpoint,"(1,)",float32,1,late_empty_control
44792,raw_data_1/selog/Stick/setpoint_spread,"(1,)",float32,1,late_empty_control
44792,raw_data_1/selog/Stick/value,"(1,)",float32,1,late_empty_control
44792,raw_data_1/selog/Stick/value_log/alarm_severity,"(1, 1)",|S4,1,late_empty_control
44792,raw_data_1/selog/Stick/value_log/alarm_status,"(1, 1)",|S8,1,late_empty_control
44792,raw_data_1/selog/Stick/value_log/alarm_time,"(1,)",float32,1,late_empty_control
44792,raw_data_1/selog/Stick/value_log/name,"(1,)",|S1,1,late_empty_control
44792,raw_data_1/selog/Stick/value_log/time,"(5,)",float32,5,late_empty_control
44792,raw_data_1/selog/Stick/value_log/value,"(5,)",float32,5,late_empty_control
44792,raw_data_1/selog/Stick/value_log/value_valid,"(5,)",int32,5,late_empty_control
44792,raw_data_1/selog/Stick/value_spread,"(1,)",float32,1,late_empty_control
44792,raw_data_1/selog/Stick/vi_name,"(1,)",|S1,1,late_empty_control
44792,raw_data_1/selog/TS1_Freq/read_control,"(1,)",|S1,1,late_empty_control
44792,raw_data_1/selog/TS1_Freq/set_control,"(1,)",|S1,1,late_empty_control
44792,raw_data_1/selog/TS1_Freq/setpoint,"(1,)",float32,1,late_empty_control
44792,raw_data_1/selog/TS1_Freq/setpoint_spread,"(1,)",float32,1,late_empty_control
44792,raw_data_1/selog/TS1_Freq/value,"(1,)",float32,1,late_empty_control
44792,raw_data_1/selog/TS1_Freq/value_log/alarm_severity,"(1, 1)",|S4,1,late_empty_control
44792,raw_data_1/selog/TS1_Freq/value_log/alarm_status,"(1, 1)",|S8,1,late_empty_control
44792,raw_data_1/selog/TS1_Freq/value_log/alarm_time,"(1,)",float32,1,late_empty_control
44792,raw_data_1/selog/TS1_Freq/value_log/name,"(1,)",|S1,1,late_empty_control
44792,raw_data_1/selog/TS1_Freq/value_log/time,"(5,)",float32,5,late_empty_control
44792,raw_data_1/selog/TS1_Freq/value_log/value,"(5,)",float32,5,late_empty_control
44792,raw_data_1/selog/TS1_Freq/value_log/value_valid,"(5,)",int32,5,late_empty_control
44792,raw_data_1/selog/TS1_Freq/value_spread,"(1,)",float32,1,late_empty_control
44792,raw_data_1/selog/TS1_Freq/vi_name,"(1,)",|S1,1,late_empty_control
44792,raw_data_1/selog/Water_Bath_Temp/read_control,"(1,)",|S1,1,late_empty_control
44792,raw_data_1/selog/Water_Bath_Temp/set_control,"(1,)",|S1,1,late_empty_control
44792,raw_data_1/selog/Water_Bath_Temp/setpoint,"(1,)",float32,1,late_empty_control
44792,raw_data_1/selog/Water_Bath_Temp/setpoint_spread,"(1,)",float32,1,late_empty_control
44792,raw_data_1/selog/Water_Bath_Temp/value,"(1,)",float32,1,late_empty_control
44792,raw_data_1/selog/Water_Bath_Temp/value_log/alarm_severity,"(1, 1)",|S4,1,late_empty_control
44792,raw_data_1/selog/Water_Bath_Temp/value_log/alarm_status,"(1, 1)",|S8,1,late_empty_control
44792,raw_data_1/selog/Water_Bath_Temp/value_log/alarm_time,"(1,)",float32,1,late_empty_control
44792,raw_data_1/selog/Water_Bath_Temp/value_log/name,"(1,)",|S1,1,late_empty_control
44792,raw_data_1/selog/Water_Bath_Temp/value_log/time,"(32,)",float32,32,late_empty_control
44792,raw_data_1/selog/Water_Bath_Temp/value_log/value,"(32,)",float32,32,late_empty_control
44792,raw_data_1/selog/Water_Bath_Temp/value_log/value_valid,"(32,)",int32,32,late_empty_control
44792,raw_data_1/selog/Water_Bath_Temp/value_spread,"(1,)",float32,1,late_empty_control
44792,raw_data_1/selog/Water_Bath_Temp/vi_name,"(1,)",|S1,1,late_empty_control
44792,raw_data_1/selog/vetoed_frames/read_control,"(1,)",|S1,1,late_empty_control
44792,raw_data_1/selog/vetoed_frames/set_control,"(1,)",|S1,1,late_empty_control
44792,raw_data_1/selog/vetoed_frames/setpoint,"(1,)",float32,1,late_empty_control
44792,raw_data_1/selog/vetoed_frames/setpoint_spread,"(1,)",float32,1,late_empty_control
44792,raw_data_1/selog/vetoed_frames/value,"(1,)",float32,1,late_empty_control
44792,raw_data_1/selog/vetoed_frames/value_log/alarm_severity,"(1, 1)",|S4,1,late_empty_control
44792,raw_data_1/selog/vetoed_frames/value_log/alarm_status,"(1, 1)",|S8,1,late_empty_control
44792,raw_data_1/selog/vetoed_frames/value_log/alarm_time,"(1,)",float32,1,late_empty_control
44792,raw_data_1/selog/vetoed_frames/value_log/name,"(1,)",|S1,1,late_empty_control
44792,raw_data_1/selog/vetoed_frames/value_log/time,"(5,)",float32,5,late_empty_control
44792,raw_data_1/selog/vetoed_frames/value_log/value,"(5,)",float32,5,late_empty_control
44792,raw_data_1/selog/vetoed_frames/value_log/value_valid,"(5,)",int32,5,late_empty_control
44792,raw_data_1/selog/vetoed_frames/value_spread,"(1,)",float32,1,late_empty_control
44792,raw_data_1/selog/vetoed_frames/vi_name,"(1,)",|S1,1,late_empty_control
44792,raw_data_1/start_time,"(1,)",|S19,1,late_empty_control
44792,raw_data_1/title,"(1,)",|S19,1,late_empty_control
44792,raw_data_1/total_counts,"(1,)",uint64,1,late_empty_control
44792,raw_data_1/total_uncounted_counts,"(1,)",int32,1,late_empty_control
44792,raw_data_1/user_1/affiliation,"(1,)",|S1,1,late_empty_control
44792,raw_data_1/user_1/name,"(1,)",|S11,1,late_empty_control
45130,raw_data_1/beamline,"(1,)",|S7,1,sample_1_RT_Cd_frame
45130,raw_data_1/collection_time,"(1,)",float32,1,sample_1_RT_Cd_frame
45130,raw_data_1/definition,"(1,)",|S6,1,sample_1_RT_Cd_frame
45130,raw_data_1/definition_local,"(1,)",|S10,1,sample_1_RT_Cd_frame
45130,raw_data_1/detector_1/counts,"(6, 196, 9729)",int32,11441304,sample_1_RT_Cd_frame
45130,raw_data_1/detector_1/period_index,"(6,)",int32,6,sample_1_RT_Cd_frame
45130,raw_data_1/detector_1/spectrum_index,"(196,)",int32,196,sample_1_RT_Cd_frame
45130,raw_data_1/detector_1/time_of_flight,"(9730,)",float32,9730,sample_1_RT_Cd_frame
45130,raw_data_1/duration,"(1,)",float32,1,sample_1_RT_Cd_frame
45130,raw_data_1/end_time,"(1,)",|S19,1,sample_1_RT_Cd_frame
45130,raw_data_1/experiment_identifier,"(1,)",|S7,1,sample_1_RT_Cd_frame
45130,raw_data_1/good_frames,"(1,)",int32,1,sample_1_RT_Cd_frame
45130,raw_data_1/instrument/dae/detector_table_file,"(1,)",|S83,1,sample_1_RT_Cd_frame
45130,raw_data_1/instrument/dae/spectra_table_file,"(1,)",|S83,1,sample_1_RT_Cd_frame
45130,raw_data_1/instrument/dae/time_channels_1/time_of_flight_raw,"(9730,)",int32,9730,sample_1_RT_Cd_frame
45130,raw_data_1/instrument/dae/type,"(1,)",|S9,1,sample_1_RT_Cd_frame
45130,raw_data_1/instrument/dae/vetos/ISIS_50Hz,"(1,)",int32,1,sample_1_RT_Cd_frame
45130,raw_data_1/instrument/dae/vetos/TS2_pulse,"(1,)",int32,1,sample_1_RT_Cd_frame
45130,raw_data_1/instrument/dae/vetos/ext0,"(1,)",int32,1,sample_1_RT_Cd_frame
45130,raw_data_1/instrument/dae/vetos/ext1,"(1,)",int32,1,sample_1_RT_Cd_frame
45130,raw_data_1/instrument/dae/vetos/ext2,"(1,)",int32,1,sample_1_RT_Cd_frame
45130,raw_data_1/instrument/dae/vetos/ext3,"(1,)",int32,1,sample_1_RT_Cd_frame
45130,raw_data_1/instrument/dae/vetos/fermi_chopper0,"(1,)",int32,1,sample_1_RT_Cd_frame
45130,raw_data_1/instrument/dae/vetos/fermi_chopper1,"(1,)",int32,1,sample_1_RT_Cd_frame
45130,raw_data_1/instrument/dae/vetos/fermi_chopper2,"(1,)",int32,1,sample_1_RT_Cd_frame
45130,raw_data_1/instrument/dae/vetos/fermi_chopper3,"(1,)",int32,1,sample_1_RT_Cd_frame
45130,raw_data_1/instrument/dae/vetos/fifo,"(1,)",int32,1,sample_1_RT_Cd_frame
45130,raw_data_1/instrument/dae/vetos/internal,"(1,)",int32,1,sample_1_RT_Cd_frame
45130,raw_data_1/instrument/dae/vetos/msmode,"(1,)",int32,1,sample_1_RT_Cd_frame
45130,raw_data_1/instrument/dae/vetos/smp,"(1,)",int32,1,sample_1_RT_Cd_frame
45130,raw_data_1/instrument/dae/wiring_table_file,"(1,)",|S86,1,sample_1_RT_Cd_frame
45130,raw_data_1/instrument/detector_1/delt,"(196,)",float32,196,sample_1_RT_Cd_frame
45130,raw_data_1/instrument/detector_1/distance,"(196,)",float32,196,sample_1_RT_Cd_frame
45130,raw_data_1/instrument/detector_1/polar_angle,"(196,)",float32,196,sample_1_RT_Cd_frame
45130,raw_data_1/instrument/detector_1/source_detector_distance,"(1,)",float32,1,sample_1_RT_Cd_frame
45130,raw_data_1/instrument/moderator/distance,"(1,)",float32,1,sample_1_RT_Cd_frame
45130,raw_data_1/instrument/name,"(1,)",|S7,1,sample_1_RT_Cd_frame
45130,raw_data_1/instrument/source/name,"(1,)",|S4,1,sample_1_RT_Cd_frame
45130,raw_data_1/instrument/source/probe,"(1,)",|S8,1,sample_1_RT_Cd_frame
45130,raw_data_1/instrument/source/type,"(1,)",|S21,1,sample_1_RT_Cd_frame
45130,raw_data_1/isis_vms_compat/ADD,"(9,)",int32,9,sample_1_RT_Cd_frame
45130,raw_data_1/isis_vms_compat/CODE,"(198,)",int32,198,sample_1_RT_Cd_frame
45130,raw_data_1/isis_vms_compat/CRAT,"(198,)",int32,198,sample_1_RT_Cd_frame
45130,raw_data_1/isis_vms_compat/CRPB,"(32, 1)",|S4,32,sample_1_RT_Cd_frame
45130,raw_data_1/isis_vms_compat/CSPB,"(64, 1)",|S4,64,sample_1_RT_Cd_frame
45130,raw_data_1/isis_vms_compat/DAEP,"(64,)",int32,64,sample_1_RT_Cd_frame
45130,raw_data_1/isis_vms_compat/DELT,"(198,)",float32,198,sample_1_RT_Cd_frame
45130,raw_data_1/isis_vms_compat/FORM,"(1,)",int32,1,sample_1_RT_Cd_frame
45130,raw_data_1/isis_vms_compat/HDR,"(1,)",|S80,1,sample_1_RT_Cd_frame
45130,raw_data_1/isis_vms_compat/IRPB,"(32,)",int32,32,sample_1_RT_Cd_frame
45130,raw_data_1/isis_vms_compat/ISPB,"(64,)",int32,64,sample_1_RT_Cd_frame
45130,raw_data_1/isis_vms_compat/IVPB,"(64,)",int32,64,sample_1_RT_Cd_frame
45130,raw_data_1/isis_vms_compat/LEN2,"(198,)",float32,198,sample_1_RT_Cd_frame
45130,raw_data_1/isis_vms_compat/MDET,"(2,)",int32,2,sample_1_RT_Cd_frame
45130,raw_data_1/isis_vms_compat/MODN,"(198,)",int32,198,sample_1_RT_Cd_frame
45130,raw_data_1/isis_vms_compat/MONP,"(2,)",int32,2,sample_1_RT_Cd_frame
45130,raw_data_1/isis_vms_compat/MPOS,"(198,)",int32,198,sample_1_RT_Cd_frame
45130,raw_data_1/isis_vms_compat/NAME,"(1,)",|S8,1,sample_1_RT_Cd_frame
45130,raw_data_1/isis_vms_compat/NDET,"(1,)",int32,1,sample_1_RT_Cd_frame
45130,raw_data_1/isis_vms_compat/NFPP,"(1,)",int32,1,sample_1_RT_Cd_frame
45130,raw_data_1/isis_vms_compat/NMON,"(1,)",int32,1,sample_1_RT_Cd_frame
45130,raw_data_1/isis_vms_compat/NOTE,"(1,)",|S19,1,sample_1_RT_Cd_frame
45130,raw_data_1/isis_vms_compat/NPER,"(1,)",int32,1,sample_1_RT_Cd_frame
45130,raw_data_1/isis_vms_compat/NSEP,"(1,)",int32,1,sample_1_RT_Cd_frame
45130,raw_data_1/isis_vms_compat/NSP1,"(1,)",int32,1,sample_1_RT_Cd_frame
45130,raw_data_1/isis_vms_compat/NTC1,"(1,)",int32,1,sample_1_RT_Cd_frame
45130,raw_data_1/isis_vms_compat/NTLL,"(1,)",int32,1,sample_1_RT_Cd_frame
45130,raw_data_1/isis_vms_compat/NTNL,"(1,)",int32,1,sample_1_RT_Cd_frame
45130,raw_data_1/isis_vms_compat/NTRG,"(1,)",int32,1,sample_1_RT_Cd_frame
45130,raw_data_1/isis_vms_compat/NUSE,"(1,)",int32,1,sample_1_RT_Cd_frame
45130,raw_data_1/isis_vms_compat/PMAP,"(256,)",int32,256,sample_1_RT_Cd_frame
45130,raw_data_1/isis_vms_compat/PRE1,"(1,)",int32,1,sample_1_RT_Cd_frame
45130,raw_data_1/isis_vms_compat/RRPB,"(32,)",float32,32,sample_1_RT_Cd_frame
45130,raw_data_1/isis_vms_compat/RSPB,"(64,)",float32,64,sample_1_RT_Cd_frame
45130,raw_data_1/isis_vms_compat/RUN,"(1,)",int32,1,sample_1_RT_Cd_frame
45130,raw_data_1/isis_vms_compat/RVPB,"(64,)",float32,64,sample_1_RT_Cd_frame
45130,raw_data_1/isis_vms_compat/SPB,"(64,)",int32,64,sample_1_RT_Cd_frame
45130,raw_data_1/isis_vms_compat/SPEC,"(198,)",int32,198,sample_1_RT_Cd_frame
45130,raw_data_1/isis_vms_compat/TCM1,"(5,)",int32,5,sample_1_RT_Cd_frame
45130,raw_data_1/isis_vms_compat/TCP1,"(20,)",float32,20,sample_1_RT_Cd_frame
45130,raw_data_1/isis_vms_compat/TIMR,"(198,)",int32,198,sample_1_RT_Cd_frame
45130,raw_data_1/isis_vms_compat/TITL,"(1,)",|S80,1,sample_1_RT_Cd_frame
45130,raw_data_1/isis_vms_compat/TTHE,"(198,)",float32,198,sample_1_RT_Cd_frame
45130,raw_data_1/isis_vms_compat/UDET,"(198,)",int32,198,sample_1_RT_Cd_frame
45130,raw_data_1/isis_vms_compat/ULEN,"(1,)",int32,1,sample_1_RT_Cd_frame
45130,raw_data_1/isis_vms_compat/USER,"(1,)",|S160,1,sample_1_RT_Cd_frame
45130,raw_data_1/isis_vms_compat/VER1,"(1,)",int32,1,sample_1_RT_Cd_frame
45130,raw_data_1/isis_vms_compat/VER2,"(1,)",int32,1,sample_1_RT_Cd_frame
45130,raw_data_1/isis_vms_compat/VER3,"(1,)",int32,1,sample_1_RT_Cd_frame
45130,raw_data_1/isis_vms_compat/VER4,"(1,)",int32,1,sample_1_RT_Cd_frame
45130,raw_data_1/isis_vms_compat/VER5,"(1,)",int32,1,sample_1_RT_Cd_frame
45130,raw_data_1/isis_vms_compat/VER6,"(1,)",int32,1,sample_1_RT_Cd_frame
45130,raw_data_1/isis_vms_compat/VER7,"(1,)",int32,1,sample_1_RT_Cd_frame
45130,raw_data_1/isis_vms_compat/VER8,"(1,)",int32,1,sample_1_RT_Cd_frame
45130,raw_data_1/isis_vms_compat/VER9,"(1,)",int32,1,sample_1_RT_Cd_frame
45130,raw_data_1/measurement/first_run,"(1,)",int32,1,sample_1_RT_Cd_frame
45130,raw_data_1/measurement/id,"(1,)",|S1,1,sample_1_RT_Cd_frame
45130,raw_data_1/measurement/label,"(1,)",|S1,1,sample_1_RT_Cd_frame
45130,raw_data_1/measurement/subid,"(1,)",|S1,1,sample_1_RT_Cd_frame
45130,raw_data_1/measurement/type,"(1,)",|S1,1,sample_1_RT_Cd_frame
45130,raw_data_1/measurement_first_run,"(1,)",int32,1,sample_1_RT_Cd_frame
45130,raw_data_1/measurement_id,"(1,)",|S1,1,sample_1_RT_Cd_frame
45130,raw_data_1/measurement_label,"(1,)",|S1,1,sample_1_RT_Cd_frame
45130,raw_data_1/measurement_subid,"(1,)",|S1,1,sample_1_RT_Cd_frame
45130,raw_data_1/measurement_type,"(1,)",|S1,1,sample_1_RT_Cd_frame
45130,raw_data_1/monitor_1/data,"(6, 1, 9729)",int32,58374,sample_1_RT_Cd_frame
45130,raw_data_1/monitor_1/monitor_number,"(1,)",int32,1,sample_1_RT_Cd_frame
45130,raw_data_1/monitor_1/spectrum_index,"(1,)",int32,1,sample_1_RT_Cd_frame
45130,raw_data_1/monitor_2/data,"(6, 1, 9729)",int32,58374,sample_1_RT_Cd_frame
45130,raw_data_1/monitor_2/monitor_number,"(1,)",int32,1,sample_1_RT_Cd_frame
45130,raw_data_1/monitor_2/spectrum_index,"(1,)",int32,1,sample_1_RT_Cd_frame
45130,raw_data_1/monitor_events_not_saved,"(1,)",int64,1,sample_1_RT_Cd_frame
45130,raw_data_1/name,"(1,)",|S7,1,sample_1_RT_Cd_frame
45130,raw_data_1/notes,"(1,)",|S1,1,sample_1_RT_Cd_frame
45130,raw_data_1/periods/frames_requested,"(6,)",int32,6,sample_1_RT_Cd_frame
45130,raw_data_1/periods/good_frames,"(6,)",int32,6,sample_1_RT_Cd_frame
45130,raw_data_1/periods/good_frames_daq,"(6,)",int32,6,sample_1_RT_Cd_frame
45130,raw_data_1/periods/highest_used,"(1,)",int32,1,sample_1_RT_Cd_frame
45130,raw_data_1/periods/labels,"(1,)",|S53,1,sample_1_RT_Cd_frame
45130,raw_data_1/periods/number,"(1,)",int32,1,sample_1_RT_Cd_frame
45130,raw_data_1/periods/output,"(6,)",int32,6,sample_1_RT_Cd_frame
45130,raw_data_1/periods/proton_charge,"(6,)",float32,6,sample_1_RT_Cd_frame
45130,raw_data_1/periods/proton_charge_raw,"(6,)",float32,6,sample_1_RT_Cd_frame
45130,raw_data_1/periods/raw_frames,"(6,)",int32,6,sample_1_RT_Cd_frame
45130,raw_data_1/periods/sequences,"(6,)",int32,6,sample_1_RT_Cd_frame
45130,raw_data_1/periods/total_counts,"(6,)",float32,6,sample_1_RT_Cd_frame
45130,raw_data_1/periods/type,"(6,)",int32,6,sample_1_RT_Cd_frame
45130,raw_data_1/program_name,"(1,)",|S11,1,sample_1_RT_Cd_frame
45130,raw_data_1/proton_charge,"(1,)",float32,1,sample_1_RT_Cd_frame
45130,raw_data_1/proton_charge_raw,"(1,)",float32,1,sample_1_RT_Cd_frame
45130,raw_data_1/raw_frames,"(1,)",int32,1,sample_1_RT_Cd_frame
45130,raw_data_1/run_cycle,"(1,)",|S4,1,sample_1_RT_Cd_frame
45130,raw_data_1/run_number,"(1,)",int32,1,sample_1_RT_Cd_frame
45130,raw_data_1/runlog/count_rate/time,"(193,)",float32,193,sample_1_RT_Cd_frame
45130,raw_data_1/runlog/count_rate/value,"(193,)",float32,193,sample_1_RT_Cd_frame
45130,raw_data_1/runlog/dae_beam_current/time,"(193,)",float32,193,sample_1_RT_Cd_frame
45130,raw_data_1/runlog/dae_beam_current/value,"(193,)",float32,193,sample_1_RT_Cd_frame
45130,raw_data_1/runlog/good_frames/time,"(193,)",float32,193,sample_1_RT_Cd_frame
45130,raw_data_1/runlog/good_frames/value,"(193,)",int32,193,sample_1_RT_Cd_frame
45130,raw_data_1/runlog/good_uah_log/time,"(193,)",float32,193,sample_1_RT_Cd_frame
45130,raw_data_1/runlog/good_uah_log/value,"(193,)",float32,193,sample_1_RT_Cd_frame
45130,raw_data_1/runlog/icp_event/time,"(82,)",float32,82,sample_1_RT_Cd_frame
45130,raw_data_1/runlog/icp_event/value,"(82, 1)",|S66,82,sample_1_RT_Cd_frame
45130,raw_data_1/runlog/is_running/time,"(193,)",float32,193,sample_1_RT_Cd_frame
45130,raw_data_1/runlog/is_running/value,"(193,)",int32,193,sample_1_RT_Cd_frame
45130,raw_data_1/runlog/is_waiting/time,"(193,)",float32,193,sample_1_RT_Cd_frame
45130,raw_data_1/runlog/is_waiting/value,"(193,)",int32,193,sample_1_RT_Cd_frame
45130,raw_data_1/runlog/monitor_sum_1/time,"(193,)",float32,193,sample_1_RT_Cd_frame
45130,raw_data_1/runlog/monitor_sum_1/value,"(193,)",int32,193,sample_1_RT_Cd_frame
45130,raw_data_1/runlog/np_ratio/time,"(193,)",float32,193,sample_1_RT_Cd_frame
45130,raw_data_1/runlog/np_ratio/value,"(193,)",float32,193,sample_1_RT_Cd_frame
45130,raw_data_1/runlog/period/time,"(193,)",float32,193,sample_1_RT_Cd_frame
45130,raw_data_1/runlog/period/value,"(193,)",int32,193,sample_1_RT_Cd_frame
45130,raw_data_1/runlog/raw_frames/time,"(193,)",float32,193,sample_1_RT_Cd_frame
45130,raw_data_1/runlog/raw_frames/value,"(193,)",int32,193,sample_1_RT_Cd_frame
45130,raw_data_1/runlog/raw_uah_log/time,"(193,)",float32,193,sample_1_RT_Cd_frame
45130,raw_data_1/runlog/raw_uah_log/value,"(193,)",float32,193,sample_1_RT_Cd_frame
45130,raw_data_1/runlog/run_status/time,"(193,)",float32,193,sample_1_RT_Cd_frame
45130,raw_data_1/runlog/run_status/value,"(193,)",int32,193,sample_1_RT_Cd_frame
45130,raw_data_1/runlog/total_counts/time,"(193,)",float32,193,sample_1_RT_Cd_frame
45130,raw_data_1/runlog/total_counts/value,"(193,)",int32,193,sample_1_RT_Cd_frame
45130,raw_data_1/sample/distance,"(1,)",float64,1,sample_1_RT_Cd_frame
45130,raw_data_1/sample/height,"(1,)",float32,1,sample_1_RT_Cd_frame
45130,raw_data_1/sample/id,"(1,)",|S1,1,sample_1_RT_Cd_frame
45130,raw_data_1/sample/name,"(1,)",|S1,1,sample_1_RT_Cd_frame
45130,raw_data_1/sample/shape,"(1,)",|S1,1,sample_1_RT_Cd_frame
45130,raw_data_1/sample/thickness,"(1,)",float32,1,sample_1_RT_Cd_frame
45130,raw_data_1/sample/type,"(1,)",|S1,1,sample_1_RT_Cd_frame
45130,raw_data_1/sample/width,"(1,)",float32,1,sample_1_RT_Cd_frame
45130,raw_data_1/script_name,"(1,)",|S1,1,sample_1_RT_Cd_frame
45130,raw_data_1/seci_config,"(1,)",|S5,1,sample_1_RT_Cd_frame
45130,raw_data_1/selog/BackFoil/read_control,"(1,)",|S1,1,sample_1_RT_Cd_frame
45130,raw_data_1/selog/BackFoil/set_control,"(1,)",|S1,1,sample_1_RT_Cd_frame
45130,raw_data_1/selog/BackFoil/setpoint,"(6,)",float32,6,sample_1_RT_Cd_frame
45130,raw_data_1/selog/BackFoil/setpoint_spread,"(6,)",float32,6,sample_1_RT_Cd_frame
45130,raw_data_1/selog/BackFoil/value,"(6,)",float32,6,sample_1_RT_Cd_frame
45130,raw_data_1/selog/BackFoil/value_log/alarm_severity,"(1, 1)",|S4,1,sample_1_RT_Cd_frame
45130,raw_data_1/selog/BackFoil/value_log/alarm_status,"(1, 1)",|S8,1,sample_1_RT_Cd_frame
45130,raw_data_1/selog/BackFoil/value_log/alarm_time,"(1,)",float32,1,sample_1_RT_Cd_frame
45130,raw_data_1/selog/BackFoil/value_log/name,"(1,)",|S1,1,sample_1_RT_Cd_frame
45130,raw_data_1/selog/BackFoil/value_log/time,"(11,)",float32,11,sample_1_RT_Cd_frame
45130,raw_data_1/selog/BackFoil/value_log/value,"(11,)",float32,11,sample_1_RT_Cd_frame
45130,raw_data_1/selog/BackFoil/value_log/value_valid,"(11,)",int32,11,sample_1_RT_Cd_frame
45130,raw_data_1/selog/BackFoil/value_spread,"(6,)",float32,6,sample_1_RT_Cd_frame
45130,raw_data_1/selog/BackFoil/vi_name,"(1,)",|S1,1,sample_1_RT_Cd_frame
45130,raw_data_1/selog/Beam_Current/read_control,"(1,)",|S1,1,sample_1_RT_Cd_frame
45130,raw_data_1/selog/Beam_Current/set_control,"(1,)",|S1,1,sample_1_RT_Cd_frame
45130,raw_data_1/selog/Beam_Current/setpoint,"(6,)",float32,6,sample_1_RT_Cd_frame
45130,raw_data_1/selog/Beam_Current/setpoint_spread,"(6,)",float32,6,sample_1_RT_Cd_frame
45130,raw_data_1/selog/Beam_Current/value,"(6,)",float32,6,sample_1_RT_Cd_frame
45130,raw_data_1/selog/Beam_Current/value_log/alarm_severity,"(1, 1)",|S4,1,sample_1_RT_Cd_frame
45130,raw_data_1/selog/Beam_Current/value_log/alarm_status,"(1, 1)",|S8,1,sample_1_RT_Cd_frame
45130,raw_data_1/selog/Beam_Current/value_log/alarm_time,"(1,)",float32,1,sample_1_RT_Cd_frame
45130,raw_data_1/selog/Beam_Current/value_log/name,"(1,)",|S1,1,sample_1_RT_Cd_frame
45130,raw_data_1/selog/Beam_Current/value_log/time,"(147,)",float32,147,sample_1_RT_Cd_frame
45130,raw_data_1/selog/Beam_Current/value_log/value,"(147,)",float32,147,sample_1_RT_Cd_frame
45130,raw_data_1/selog/Beam_Current/value_log/value_valid,"(147,)",int32,147,sample_1_RT_Cd_frame
45130,raw_data_1/selog/Beam_Current/value_spread,"(6,)",float32,6,sample_1_RT_Cd_frame
45130,raw_data_1/selog/Beam_Current/vi_name,"(1,)",|S1,1,sample_1_RT_Cd_frame
45130,raw_data_1/selog/CCR/read_control,"(1,)",|S1,1,sample_1_RT_Cd_frame
45130,raw_data_1/selog/CCR/set_control,"(1,)",|S1,1,sample_1_RT_Cd_frame
45130,raw_data_1/selog/CCR/setpoint,"(6,)",float32,6,sample_1_RT_Cd_frame
45130,raw_data_1/selog/CCR/setpoint_spread,"(6,)",float32,6,sample_1_RT_Cd_frame
45130,raw_data_1/selog/CCR/value,"(6,)",float32,6,sample_1_RT_Cd_frame
45130,raw_data_1/selog/CCR/value_log/alarm_severity,"(1, 1)",|S4,1,sample_1_RT_Cd_frame
45130,raw_data_1/selog/CCR/value_log/alarm_status,"(1, 1)",|S8,1,sample_1_RT_Cd_frame
45130,raw_data_1/selog/CCR/value_log/alarm_time,"(1,)",float32,1,sample_1_RT_Cd_frame
45130,raw_data_1/selog/CCR/value_log/name,"(1,)",|S1,1,sample_1_RT_Cd_frame
45130,raw_data_1/selog/CCR/value_log/time,"(145,)",float32,145,sample_1_RT_Cd_frame
45130,raw_data_1/selog/CCR/value_log/value,"(145,)",float32,145,sample_1_RT_Cd_frame
45130,raw_data_1/selog/CCR/value_log/value_valid,"(145,)",int32,145,sample_1_RT_Cd_frame
45130,raw_data_1/selog/CCR/value_spread,"(6,)",float32,6,sample_1_RT_Cd_frame
45130,raw_data_1/selog/CCR/vi_name,"(1,)",|S1,1,sample_1_RT_Cd_frame
45130,raw_data_1/selog/Collimator_Tube/read_control,"(1,)",|S1,1,sample_1_RT_Cd_frame
45130,raw_data_1/selog/Collimator_Tube/set_control,"(1,)",|S1,1,sample_1_RT_Cd_frame
45130,raw_data_1/selog/Collimator_Tube/setpoint,"(6,)",float32,6,sample_1_RT_Cd_frame
45130,raw_data_1/selog/Collimator_Tube/setpoint_spread,"(6,)",float32,6,sample_1_RT_Cd_frame
45130,raw_data_1/selog/Collimator_Tube/value,"(6,)",float32,6,sample_1_RT_Cd_frame
45130,raw_data_1/selog/Collimator_Tube/value_log/alarm_severity,"(1, 1)",|S4,1,sample_1_RT_Cd_frame
45130,raw_data_1/selog/Collimator_Tube/value_log/alarm_status,"(1, 1)",|S8,1,sample_1_RT_Cd_frame
45130,raw_data_1/selog/Collimator_Tube/value_log/alarm_time,"(1,)",float32,1,sample_1_RT_Cd_frame
45130,raw_data_1/selog/Collimator_Tube/value_log/name,"(1,)",|S1,1,sample_1_RT_Cd_frame
45130,raw_data_1/selog/Collimator_Tube/value_log/time,"(5,)",float32,5,sample_1_RT_Cd_frame
45130,raw_data_1/selog/Collimator_Tube/value_log/value,"(5,)",float32,5,sample_1_RT_Cd_frame
45130,raw_data_1/selog/Collimator_Tube/value_log/value_valid,"(5,)",int32,5,sample_1_RT_Cd_frame
45130,raw_data_1/selog/Collimator_Tube/value_spread,"(6,)",float32,6,sample_1_RT_Cd_frame
45130,raw_data_1/selog/Collimator_Tube/vi_name,"(1,)",|S1,1,sample_1_RT_Cd_frame
45130,raw_data_1/selog/DAE_timing/read_control,"(1,)",|S1,1,sample_1_RT_Cd_frame
45130,raw_data_1/selog/DAE_timing/set_control,"(1,)",|S1,1,sample_1_RT_Cd_frame
45130,raw_data_1/selog/DAE_timing/setpoint,"(6, 1)",|S3,6,sample_1_RT_Cd_frame
45130,raw_data_1/selog/DAE_timing/value,"(6, 1)",|S8,6,sample_1_RT_Cd_frame
45130,raw_data_1/selog/DAE_timing/value_log/alarm_severity,"(1, 1)",|S4,1,sample_1_RT_Cd_frame
45130,raw_data_1/selog/DAE_timing/value_log/alarm_status,"(1, 1)",|S8,1,sample_1_RT_Cd_frame
45130,raw_data_1/selog/DAE_timing/value_log/alarm_time,"(1,)",float32,1,sample_1_RT_Cd_frame
45130,raw_data_1/selog/DAE_timing/value_log/name,"(1,)",|S1,1,sample_1_RT_Cd_frame
45130,raw_data_1/selog/DAE_timing/value_log/time,"(5,)",float32,5,sample_1_RT_Cd_frame
45130,raw_data_1/selog/DAE_timing/value_log/value,"(5, 1)",|S8,5,sample_1_RT_Cd_frame
45130,raw_data_1/selog/DAE_timing/value_log/value_valid,"(5,)",int32,5,sample_1_RT_Cd_frame
45130,raw_data_1/selog/DAE_timing/vi_name,"(1,)",|S1,1,sample_1_RT_Cd_frame
45130,raw_data_1/selog/EPICS_PUTLOG/read_control,"(1,)",|S1,1,sample_1_RT_Cd_frame
45130,raw_data_1/selog/EPICS_PUTLOG/set_control,"(1,)",|S1,1,sample_1_RT_Cd_frame
45130,raw_data_1/selog/EPICS_PUTLOG/setpoint,"(6, 1)",|S3,6,sample_1_RT_Cd_frame
45130,raw_data_1/selog/EPICS_PUTLOG/value,"(6, 1)",|S49,6,sample_1_RT_Cd_frame
45130,raw_data_1/selog/EPICS_PUTLOG/value_log/alarm_severity,"(1, 1)",|S2,1,sample_1_RT_Cd_frame
45130,raw_data_1/selog/EPICS_PUTLOG/value_log/alarm_status,"(1, 1)",|S2,1,sample_1_RT_Cd_frame
45130,raw_data_1/selog/EPICS_PUTLOG/value_log/alarm_time,"(1,)",float32,1,sample_1_RT_Cd_frame
45130,raw_data_1/selog/EPICS_PUTLOG/value_log/name,"(1,)",|S1,1,sample_1_RT_Cd_frame
45130,raw_data_1/selog/EPICS_PUTLOG/value_log/time,"(271,)",float32,271,sample_1_RT_Cd_frame
45130,raw_data_1/selog/EPICS_PUTLOG/value_log/value,"(271, 1)",|S73,271,sample_1_RT_Cd_frame
45130,raw_data_1/selog/EPICS_PUTLOG/value_log/value_valid,"(271,)",int32,271,sample_1_RT_Cd_frame
45130,raw_data_1/selog/EPICS_PUTLOG/vi_name,"(1,)",|S1,1,sample_1_RT_Cd_frame
45130,raw_data_1/selog/FoilChangerDownstream/read_control,"(1,)",|S1,1,sample_1_RT_Cd_frame
45130,raw_data_1/selog/FoilChangerDownstream/set_control,"(1,)",|S1,1,sample_1_RT_Cd_frame
45130,raw_data_1/selog/FoilChangerDownstream/setpoint,"(6, 1)",|S3,6,sample_1_RT_Cd_frame
45130,raw_data_1/selog/FoilChangerDownstream/value,"(6, 1)",|S5,6,sample_1_RT_Cd_frame
45130,raw_data_1/selog/FoilChangerDownstream/value_log/alarm_severity,"(1, 1)",|S4,1,sample_1_RT_Cd_frame
45130,raw_data_1/selog/FoilChangerDownstream/value_log/alarm_status,"(1, 1)",|S8,1,sample_1_RT_Cd_frame
45130,raw_data_1/selog/FoilChangerDownstream/value_log/alarm_time,"(1,)",float32,1,sample_1_RT_Cd_frame
45130,raw_data_1/selog/FoilChangerDownstream/value_log/name,"(1,)",|S1,1,sample_1_RT_Cd_frame
45130,raw_data_1/selog/FoilChangerDownstream/value_log/time,"(5,)",float32,5,sample_1_RT_Cd_frame
45130,raw_data_1/selog/FoilChangerDownstream/value_log/value,"(5, 1)",|S5,5,sample_1_RT_Cd_frame
45130,raw_data_1/selog/FoilChangerDownstream/value_log/value_valid,"(5,)",int32,5,sample_1_RT_Cd_frame
45130,raw_data_1/selog/FoilChangerDownstream/vi_name,"(1,)",|S1,1,sample_1_RT_Cd_frame
45130,raw_data_1/selog/FoilChangerUpstream/read_control,"(1,)",|S1,1,sample_1_RT_Cd_frame
45130,raw_data_1/selog/FoilChangerUpstream/set_control,"(1,)",|S1,1,sample_1_RT_Cd_frame
45130,raw_data_1/selog/FoilChangerUpstream/setpoint,"(6, 1)",|S3,6,sample_1_RT_Cd_frame
45130,raw_data_1/selog/FoilChangerUpstream/value,"(6, 1)",|S5,6,sample_1_RT_Cd_frame
45130,raw_data_1/selog/FoilChangerUpstream/value_log/alarm_severity,"(1, 1)",|S4,1,sample_1_RT_Cd_frame
45130,raw_data_1/selog/FoilChangerUpstream/value_log/alarm_status,"(1, 1)",|S8,1,sample_1_RT_Cd_frame
45130,raw_data_1/selog/FoilChangerUpstream/value_log/alarm_time,"(1,)",float32,1,sample_1_RT_Cd_frame
45130,raw_data_1/selog/FoilChangerUpstream/value_log/name,"(1,)",|S1,1,sample_1_RT_Cd_frame
45130,raw_data_1/selog/FoilChangerUpstream/value_log/time,"(5,)",float32,5,sample_1_RT_Cd_frame
45130,raw_data_1/selog/FoilChangerUpstream/value_log/value,"(5, 1)",|S5,5,sample_1_RT_Cd_frame
45130,raw_data_1/selog/FoilChangerUpstream/value_log/value_valid,"(5,)",int32,5,sample_1_RT_Cd_frame
45130,raw_data_1/selog/FoilChangerUpstream/vi_name,"(1,)",|S1,1,sample_1_RT_Cd_frame
45130,raw_data_1/selog/ForwardFoilLeft/read_control,"(1,)",|S1,1,sample_1_RT_Cd_frame
45130,raw_data_1/selog/ForwardFoilLeft/set_control,"(1,)",|S1,1,sample_1_RT_Cd_frame
45130,raw_data_1/selog/ForwardFoilLeft/setpoint,"(6,)",float32,6,sample_1_RT_Cd_frame
45130,raw_data_1/selog/ForwardFoilLeft/setpoint_spread,"(6,)",float32,6,sample_1_RT_Cd_frame
45130,raw_data_1/selog/ForwardFoilLeft/value,"(6,)",float32,6,sample_1_RT_Cd_frame
45130,raw_data_1/selog/ForwardFoilLeft/value_log/alarm_severity,"(1, 1)",|S4,1,sample_1_RT_Cd_frame
45130,raw_data_1/selog/ForwardFoilLeft/value_log/alarm_status,"(1, 1)",|S8,1,sample_1_RT_Cd_frame
45130,raw_data_1/selog/ForwardFoilLeft/value_log/alarm_time,"(1,)",float32,1,sample_1_RT_Cd_frame
45130,raw_data_1/selog/ForwardFoilLeft/value_log/name,"(1,)",|S1,1,sample_1_RT_Cd_frame
45130,raw_data_1/selog/ForwardFoilLeft/value_log/time,"(17,)",float32,17,sample_1_RT_Cd_frame
45130,raw_data_1/selog/ForwardFoilLeft/value_log/value,"(17,)",float32,17,sample_1_RT_Cd_frame
45130,raw_data_1/selog/ForwardFoilLeft/value_log/value_valid,"(17,)",int32,17,sample_1_RT_Cd_frame
45130,raw_data_1/selog/ForwardFoilLeft/value_spread,"(6,)",float32,6,sample_1_RT_Cd_frame
45130,raw_data_1/selog/ForwardFoilLeft/vi_name,"(1,)",|S1,1,sample_1_RT_Cd_frame
45130,raw_data_1/selog/ForwardFoilRight/read_control,"(1,)",|S1,1,sample_1_RT_Cd_frame
45130,raw_data_1/selog/ForwardFoilRight/set_control,"(1,)",|S1,1,sample_1_RT_Cd_frame
45130,raw_data_1/selog/ForwardFoilRight/setpoint,"(6,)",float32,6,sample_1_RT_Cd_frame
45130,raw_data_1/selog/ForwardFoilRight/setpoint_spread,"(6,)",float32,6,sample_1_RT_Cd_frame
45130,raw_data_1/selog/ForwardFoilRight/value,"(6,)",float32,6,sample_1_RT_Cd_frame
45130,raw_data_1/selog/ForwardFoilRight/value_log/alarm_severity,"(1, 1)",|S4,1,sample_1_RT_Cd_frame
45130,raw_data_1/selog/ForwardFoilRight/value_log/alarm_status,"(1, 1)",|S8,1,sample_1_RT_Cd_frame
45130,raw_data_1/selog/ForwardFoilRight/value_log/alarm_time,"(1,)",float32,1,sample_1_RT_Cd_frame
45130,raw_data_1/selog/ForwardFoilRight/value_log/name,"(1,)",|S1,1,sample_1_RT_Cd_frame
45130,raw_data_1/selog/ForwardFoilRight/value_log/time,"(17,)",float32,17,sample_1_RT_Cd_frame
45130,raw_data_1/selog/ForwardFoilRight/value_log/value,"(17,)",float32,17,sample_1_RT_Cd_frame
45130,raw_data_1/selog/ForwardFoilRight/value_log/value_valid,"(17,)",int32,17,sample_1_RT_Cd_frame
45130,raw_data_1/selog/ForwardFoilRight/value_spread,"(6,)",float32,6,sample_1_RT_Cd_frame
45130,raw_data_1/selog/ForwardFoilRight/vi_name,"(1,)",|S1,1,sample_1_RT_Cd_frame
45130,raw_data_1/selog/ICP_DAE_TD/read_control,"(1,)",|S1,1,sample_1_RT_Cd_frame
45130,raw_data_1/selog/ICP_DAE_TD/set_control,"(1,)",|S1,1,sample_1_RT_Cd_frame
45130,raw_data_1/selog/ICP_DAE_TD/value_log/alarm_severity,"(1, 1)",|S2,1,sample_1_RT_Cd_frame
45130,raw_data_1/selog/ICP_DAE_TD/value_log/alarm_status,"(1, 1)",|S2,1,sample_1_RT_Cd_frame
45130,raw_data_1/selog/ICP_DAE_TD/value_log/alarm_time,"(1,)",float32,1,sample_1_RT_Cd_frame
45130,raw_data_1/selog/ICP_DAE_TD/value_log/name,"(1,)",|S1,1,sample_1_RT_Cd_frame
45130,raw_data_1/selog/ICP_DAE_TD/value_log/time,"(164,)",float32,164,sample_1_RT_Cd_frame
45130,raw_data_1/selog/ICP_DAE_TD/value_log/value,"(164,)",float32,164,sample_1_RT_Cd_frame
45130,raw_data_1/selog/ICP_DAE_TD/value_log/value_valid,"(164,)",int32,164,sample_1_RT_Cd_frame
45130,raw_data_1/selog/ICP_DAE_TD/vi_name,"(1,)",|S1,1,sample_1_RT_Cd_frame
45130,raw_data_1/selog/ICP_SYS_TD/read_control,"(1,)",|S1,1,sample_1_RT_Cd_frame
45130,raw_data_1/selog/ICP_SYS_TD/set_control,"(1,)",|S1,1,sample_1_RT_Cd_frame
45130,raw_data_1/selog/ICP_SYS_TD/value_log/alarm_severity,"(1, 1)",|S2,1,sample_1_RT_Cd_frame
45130,raw_data_1/selog/ICP_SYS_TD/value_log/alarm_status,"(1, 1)",|S2,1,sample_1_RT_Cd_frame
45130,raw_data_1/selog/ICP_SYS_TD/value_log/alarm_time,"(1,)",float32,1,sample_1_RT_Cd_frame
45130,raw_data_1/selog/ICP_SYS_TD/value_log/name,"(1,)",|S1,1,sample_1_RT_Cd_frame
45130,raw_data_1/selog/ICP_SYS_TD/value_log/time,"(164,)",float32,164,sample_1_RT_Cd_frame
45130,raw_data_1/selog/ICP_SYS_TD/value_log/value,"(164,)",float32,164,sample_1_RT_Cd_frame
45130,raw_data_1/selog/ICP_SYS_TD/value_log/value_valid,"(164,)",int32,164,sample_1_RT_Cd_frame
45130,raw_data_1/selog/ICP_SYS_TD/vi_name,"(1,)",|S1,1,sample_1_RT_Cd_frame
45130,raw_data_1/selog/Parani/read_control,"(1,)",|S1,1,sample_1_RT_Cd_frame
45130,raw_data_1/selog/Parani/set_control,"(1,)",|S1,1,sample_1_RT_Cd_frame
45130,raw_data_1/selog/Parani/setpoint,"(6,)",float32,6,sample_1_RT_Cd_frame
45130,raw_data_1/selog/Parani/setpoint_spread,"(6,)",float32,6,sample_1_RT_Cd_frame
45130,raw_data_1/selog/Parani/value,"(6,)",float32,6,sample_1_RT_Cd_frame
45130,raw_data_1/selog/Parani/value_log/alarm_severity,"(1, 1)",|S4,1,sample_1_RT_Cd_frame
45130,raw_data_1/selog/Parani/value_log/alarm_status,"(1, 1)",|S8,1,sample_1_RT_Cd_frame
45130,raw_data_1/selog/Parani/value_log/alarm_time,"(1,)",float32,1,sample_1_RT_Cd_frame
45130,raw_data_1/selog/Parani/value_log/name,"(1,)",|S1,1,sample_1_RT_Cd_frame
45130,raw_data_1/selog/Parani/value_log/time,"(58,)",float32,58,sample_1_RT_Cd_frame
45130,raw_data_1/selog/Parani/value_log/value,"(58,)",float32,58,sample_1_RT_Cd_frame
45130,raw_data_1/selog/Parani/value_log/value_valid,"(58,)",int32,58,sample_1_RT_Cd_frame
45130,raw_data_1/selog/Parani/value_spread,"(6,)",float32,6,sample_1_RT_Cd_frame
45130,raw_data_1/selog/Parani/vi_name,"(1,)",|S1,1,sample_1_RT_Cd_frame
45130,raw_data_1/selog/Penning/read_control,"(1,)",|S1,1,sample_1_RT_Cd_frame
45130,raw_data_1/selog/Penning/set_control,"(1,)",|S1,1,sample_1_RT_Cd_frame
45130,raw_data_1/selog/Penning/setpoint,"(6,)",float32,6,sample_1_RT_Cd_frame
45130,raw_data_1/selog/Penning/setpoint_spread,"(6,)",float32,6,sample_1_RT_Cd_frame
45130,raw_data_1/selog/Penning/value,"(6,)",float32,6,sample_1_RT_Cd_frame
45130,raw_data_1/selog/Penning/value_log/alarm_severity,"(1, 1)",|S4,1,sample_1_RT_Cd_frame
45130,raw_data_1/selog/Penning/value_log/alarm_status,"(1, 1)",|S8,1,sample_1_RT_Cd_frame
45130,raw_data_1/selog/Penning/value_log/alarm_time,"(1,)",float32,1,sample_1_RT_Cd_frame
45130,raw_data_1/selog/Penning/value_log/name,"(1,)",|S1,1,sample_1_RT_Cd_frame
45130,raw_data_1/selog/Penning/value_log/time,"(25,)",float32,25,sample_1_RT_Cd_frame
45130,raw_data_1/selog/Penning/value_log/value,"(25,)",float32,25,sample_1_RT_Cd_frame
45130,raw_data_1/selog/Penning/value_log/value_valid,"(25,)",int32,25,sample_1_RT_Cd_frame
45130,raw_data_1/selog/Penning/value_spread,"(6,)",float32,6,sample_1_RT_Cd_frame
45130,raw_data_1/selog/Penning/vi_name,"(1,)",|S1,1,sample_1_RT_Cd_frame
45130,raw_data_1/selog/Rig_Pressure/read_control,"(1,)",|S1,1,sample_1_RT_Cd_frame
45130,raw_data_1/selog/Rig_Pressure/set_control,"(1,)",|S1,1,sample_1_RT_Cd_frame
45130,raw_data_1/selog/Rig_Pressure/setpoint,"(6,)",float32,6,sample_1_RT_Cd_frame
45130,raw_data_1/selog/Rig_Pressure/setpoint_spread,"(6,)",float32,6,sample_1_RT_Cd_frame
45130,raw_data_1/selog/Rig_Pressure/value,"(6,)",float32,6,sample_1_RT_Cd_frame
45130,raw_data_1/selog/Rig_Pressure/value_log/alarm_severity,"(1, 1)",|S7,1,sample_1_RT_Cd_frame
45130,raw_data_1/selog/Rig_Pressure/value_log/alarm_status,"(1, 1)",|S10,1,sample_1_RT_Cd_frame
45130,raw_data_1/selog/Rig_Pressure/value_log/alarm_time,"(1,)",float32,1,sample_1_RT_Cd_frame
45130,raw_data_1/selog/Rig_Pressure/value_log/name,"(1,)",|S1,1,sample_1_RT_Cd_frame
45130,raw_data_1/selog/Rig_Pressure/value_log/time,"(5,)",float32,5,sample_1_RT_Cd_frame
45130,raw_data_1/selog/Rig_Pressure/value_log/value,"(5,)",float32,5,sample_1_RT_Cd_frame
45130,raw_data_1/selog/Rig_Pressure/value_log/value_valid,"(5,)",int32,5,sample_1_RT_Cd_frame
45130,raw_data_1/selog/Rig_Pressure/value_spread,"(6,)",float32,6,sample_1_RT_Cd_frame
45130,raw_data_1/selog/Rig_Pressure/vi_name,"(1,)",|S1,1,sample_1_RT_Cd_frame
45130,raw_data_1/selog/Sample/read_control,"(1,)",|S1,1,sample_1_RT_Cd_frame
45130,raw_data_1/selog/Sample/set_control,"(1,)",|S1,1,sample_1_RT_Cd_frame
45130,raw_data_1/selog/Sample/setpoint,"(6,)",float32,6,sample_1_RT_Cd_frame
45130,raw_data_1/selog/Sample/setpoint_spread,"(6,)",float32,6,sample_1_RT_Cd_frame
45130,raw_data_1/selog/Sample/value,"(6,)",float32,6,sample_1_RT_Cd_frame
45130,raw_data_1/selog/Sample/value_log/alarm_severity,"(1, 1)",|S4,1,sample_1_RT_Cd_frame
45130,raw_data_1/selog/Sample/value_log/alarm_status,"(1, 1)",|S8,1,sample_1_RT_Cd_frame
45130,raw_data_1/selog/Sample/value_log/alarm_time,"(1,)",float32,1,sample_1_RT_Cd_frame
45130,raw_data_1/selog/Sample/value_log/name,"(1,)",|S1,1,sample_1_RT_Cd_frame
45130,raw_data_1/selog/Sample/value_log/time,"(5,)",float32,5,sample_1_RT_Cd_frame
45130,raw_data_1/selog/Sample/value_log/value,"(5,)",float32,5,sample_1_RT_Cd_frame
45130,raw_data_1/selog/Sample/value_log/value_valid,"(5,)",int32,5,sample_1_RT_Cd_frame
45130,raw_data_1/selog/Sample/value_spread,"(6,)",float32,6,sample_1_RT_Cd_frame
45130,raw_data_1/selog/Sample/vi_name,"(1,)",|S1,1,sample_1_RT_Cd_frame
45130,raw_data_1/selog/Stick/read_control,"(1,)",|S1,1,sample_1_RT_Cd_frame
45130,raw_data_1/selog/Stick/set_control,"(1,)",|S1,1,sample_1_RT_Cd_frame
45130,raw_data_1/selog/Stick/setpoint,"(6,)",float32,6,sample_1_RT_Cd_frame
45130,raw_data_1/selog/Stick/setpoint_spread,"(6,)",float32,6,sample_1_RT_Cd_frame
45130,raw_data_1/selog/Stick/value,"(6,)",float32,6,sample_1_RT_Cd_frame
45130,raw_data_1/selog/Stick/value_log/alarm_severity,"(1, 1)",|S4,1,sample_1_RT_Cd_frame
45130,raw_data_1/selog/Stick/value_log/alarm_status,"(1, 1)",|S8,1,sample_1_RT_Cd_frame
45130,raw_data_1/selog/Stick/value_log/alarm_time,"(1,)",float32,1,sample_1_RT_Cd_frame
45130,raw_data_1/selog/Stick/value_log/name,"(1,)",|S1,1,sample_1_RT_Cd_frame
45130,raw_data_1/selog/Stick/value_log/time,"(5,)",float32,5,sample_1_RT_Cd_frame
45130,raw_data_1/selog/Stick/value_log/value,"(5,)",float32,5,sample_1_RT_Cd_frame
45130,raw_data_1/selog/Stick/value_log/value_valid,"(5,)",int32,5,sample_1_RT_Cd_frame
45130,raw_data_1/selog/Stick/value_spread,"(6,)",float32,6,sample_1_RT_Cd_frame
45130,raw_data_1/selog/Stick/vi_name,"(1,)",|S1,1,sample_1_RT_Cd_frame
45130,raw_data_1/selog/TS1_Freq/read_control,"(1,)",|S1,1,sample_1_RT_Cd_frame
45130,raw_data_1/selog/TS1_Freq/set_control,"(1,)",|S1,1,sample_1_RT_Cd_frame
45130,raw_data_1/selog/TS1_Freq/setpoint,"(6,)",float32,6,sample_1_RT_Cd_frame
45130,raw_data_1/selog/TS1_Freq/setpoint_spread,"(6,)",float32,6,sample_1_RT_Cd_frame
45130,raw_data_1/selog/TS1_Freq/value,"(6,)",float32,6,sample_1_RT_Cd_frame
45130,raw_data_1/selog/TS1_Freq/value_log/alarm_severity,"(1, 1)",|S4,1,sample_1_RT_Cd_frame
45130,raw_data_1/selog/TS1_Freq/value_log/alarm_status,"(1, 1)",|S8,1,sample_1_RT_Cd_frame
45130,raw_data_1/selog/TS1_Freq/value_log/alarm_time,"(1,)",float32,1,sample_1_RT_Cd_frame
45130,raw_data_1/selog/TS1_Freq/value_log/name,"(1,)",|S1,1,sample_1_RT_Cd_frame
45130,raw_data_1/selog/TS1_Freq/value_log/time,"(5,)",float32,5,sample_1_RT_Cd_frame
45130,raw_data_1/selog/TS1_Freq/value_log/value,"(5,)",float32,5,sample_1_RT_Cd_frame
45130,raw_data_1/selog/TS1_Freq/value_log/value_valid,"(5,)",int32,5,sample_1_RT_Cd_frame
45130,raw_data_1/selog/TS1_Freq/value_spread,"(6,)",float32,6,sample_1_RT_Cd_frame
45130,raw_data_1/selog/TS1_Freq/vi_name,"(1,)",|S1,1,sample_1_RT_Cd_frame
45130,raw_data_1/selog/Water_Bath_Temp/read_control,"(1,)",|S1,1,sample_1_RT_Cd_frame
45130,raw_data_1/selog/Water_Bath_Temp/set_control,"(1,)",|S1,1,sample_1_RT_Cd_frame
45130,raw_data_1/selog/Water_Bath_Temp/setpoint,"(6,)",float32,6,sample_1_RT_Cd_frame
45130,raw_data_1/selog/Water_Bath_Temp/setpoint_spread,"(6,)",float32,6,sample_1_RT_Cd_frame
45130,raw_data_1/selog/Water_Bath_Temp/value,"(6,)",float32,6,sample_1_RT_Cd_frame
45130,raw_data_1/selog/Water_Bath_Temp/value_log/alarm_severity,"(1, 1)",|S7,1,sample_1_RT_Cd_frame
45130,raw_data_1/selog/Water_Bath_Temp/value_log/alarm_status,"(1, 1)",|S11,1,sample_1_RT_Cd_frame
45130,raw_data_1/selog/Water_Bath_Temp/value_log/alarm_time,"(1,)",float32,1,sample_1_RT_Cd_frame
45130,raw_data_1/selog/Water_Bath_Temp/value_log/name,"(1,)",|S1,1,sample_1_RT_Cd_frame
45130,raw_data_1/selog/Water_Bath_Temp/value_log/time,"(5,)",float32,5,sample_1_RT_Cd_frame
45130,raw_data_1/selog/Water_Bath_Temp/value_log/value,"(5,)",float32,5,sample_1_RT_Cd_frame
45130,raw_data_1/selog/Water_Bath_Temp/value_log/value_valid,"(5,)",int32,5,sample_1_RT_Cd_frame
45130,raw_data_1/selog/Water_Bath_Temp/value_spread,"(6,)",float32,6,sample_1_RT_Cd_frame
45130,raw_data_1/selog/Water_Bath_Temp/vi_name,"(1,)",|S1,1,sample_1_RT_Cd_frame
45130,raw_data_1/selog/vetoed_frames/read_control,"(1,)",|S1,1,sample_1_RT_Cd_frame
45130,raw_data_1/selog/vetoed_frames/set_control,"(1,)",|S1,1,sample_1_RT_Cd_frame
45130,raw_data_1/selog/vetoed_frames/setpoint,"(6,)",float32,6,sample_1_RT_Cd_frame
45130,raw_data_1/selog/vetoed_frames/setpoint_spread,"(6,)",float32,6,sample_1_RT_Cd_frame
45130,raw_data_1/selog/vetoed_frames/value,"(6,)",float32,6,sample_1_RT_Cd_frame
45130,raw_data_1/selog/vetoed_frames/value_log/alarm_severity,"(1, 1)",|S4,1,sample_1_RT_Cd_frame
45130,raw_data_1/selog/vetoed_frames/value_log/alarm_status,"(1, 1)",|S8,1,sample_1_RT_Cd_frame
45130,raw_data_1/selog/vetoed_frames/value_log/alarm_time,"(1,)",float32,1,sample_1_RT_Cd_frame
45130,raw_data_1/selog/vetoed_frames/value_log/name,"(1,)",|S1,1,sample_1_RT_Cd_frame
45130,raw_data_1/selog/vetoed_frames/value_log/time,"(6,)",float32,6,sample_1_RT_Cd_frame
45130,raw_data_1/selog/vetoed_frames/value_log/value,"(6,)",float32,6,sample_1_RT_Cd_frame
45130,raw_data_1/selog/vetoed_frames/value_log/value_valid,"(6,)",int32,6,sample_1_RT_Cd_frame
45130,raw_data_1/selog/vetoed_frames/value_spread,"(6,)",float32,6,sample_1_RT_Cd_frame
45130,raw_data_1/selog/vetoed_frames/vi_name,"(1,)",|S1,1,sample_1_RT_Cd_frame
45130,raw_data_1/start_time,"(1,)",|S19,1,sample_1_RT_Cd_frame
45130,raw_data_1/title,"(1,)",|S39,1,sample_1_RT_Cd_frame
45130,raw_data_1/total_counts,"(1,)",uint64,1,sample_1_RT_Cd_frame
45130,raw_data_1/total_uncounted_counts,"(1,)",int32,1,sample_1_RT_Cd_frame
45130,raw_data_1/user_1/affiliation,"(1,)",|S1,1,sample_1_RT_Cd_frame
45130,raw_data_1/user_1/name,"(1,)",|S11,1,sample_1_RT_Cd_frame
