run_number,role,workspace,workspace_index,spectrum_number,detector_name,contains_gem
44712,early_empty_control,rb0209_discovery_44712,0,1,Monitor 1 | VESUVIO/Monitor 1,False
44712,early_empty_control,rb0209_discovery_44712,1,2,Monitor 2 | VESUVIO/Monitor 2,False
44712,early_empty_control,rb0209_discovery_44712,2,3,S3 | VESUVIO/back/S3,False
44712,early_empty_control,rb0209_discovery_44712,3,4,S4 | VESUVIO/back/S4,False
44712,early_empty_control,rb0209_discovery_44712,4,5,S5 | VESUVIO/back/S5,False
44712,early_empty_control,rb0209_discovery_44712,5,6,S6 | VESUVIO/back/S6,False
44712,early_empty_control,rb0209_discovery_44712,6,7,S7 | VESUVIO/back/S7,False
44712,early_empty_control,rb0209_discovery_44712,7,8,S8 | VESUVIO/back/S8,False
44712,early_empty_control,rb0209_discovery_44712,8,9,S9 | VESUVIO/back/S9,False
44712,early_empty_control,rb0209_discovery_44712,9,10,S10 | VESUVIO/back/S10,False
44712,early_empty_control,rb0209_discovery_44712,10,11,S11 | VESUVIO/back/S11,False
44712,early_empty_control,rb0209_discovery_44712,11,12,S12 | VESUVIO/back/S12,False
44712,early_empty_control,rb0209_discovery_44712,12,13,S13 | VESUVIO/back/S13,False
44712,early_empty_control,rb0209_discovery_44712,13,14,S14 | VESUVIO/back/S14,False
44712,early_empty_control,rb0209_discovery_44712,14,15,S15 | VESUVIO/back/S15,False
44712,early_empty_control,rb0209_discovery_44712,15,16,S16 | VESUVIO/back/S16,False
44712,early_empty_control,rb0209_discovery_44712,16,17,S17 | VESUVIO/back/S17,False
44712,early_empty_control,rb0209_discovery_44712,17,18,S18 | VESUVIO/back/S18,False
44712,early_empty_control,rb0209_discovery_44712,18,19,S19 | VESUVIO/back/S19,False
44712,early_empty_control,rb0209_discovery_44712,19,20,S20 | VESUVIO/back/S20,False
44712,early_empty_control,rb0209_discovery_44712,20,21,S21 | VESUVIO/back/S21,False
44712,early_empty_control,rb0209_discovery_44712,21,22,S22 | VESUVIO/back/S22,False
44712,early_empty_control,rb0209_discovery_44712,22,23,S23 | VESUVIO/back/S23,False
44712,early_empty_control,rb0209_discovery_44712,23,24,S24 | VESUVIO/back/S24,False
44712,early_empty_control,rb0209_discovery_44712,24,25,S25 | VESUVIO/back/S25,False
44712,early_empty_control,rb0209_discovery_44712,25,26,S26 | VESUVIO/back/S26,False
44712,early_empty_control,rb0209_discovery_44712,26,27,S27 | VESUVIO/back/S27,False
44712,early_empty_control,rb0209_discovery_44712,27,28,S28 | VESUVIO/back/S28,False
44712,early_empty_control,rb0209_discovery_44712,28,29,S29 | VESUVIO/back/S29,False
44712,early_empty_control,rb0209_discovery_44712,29,30,S30 | VESUVIO/back/S30,False
44712,early_empty_control,rb0209_discovery_44712,30,31,S31 | VESUVIO/back/S31,False
44712,early_empty_control,rb0209_discovery_44712,31,32,S32 | VESUVIO/back/S32,False
44712,early_empty_control,rb0209_discovery_44712,32,33,S33 | VESUVIO/back/S33,False
44712,early_empty_control,rb0209_discovery_44712,33,34,S34 | VESUVIO/back/S34,False
44712,early_empty_control,rb0209_discovery_44712,34,35,S35 | VESUVIO/back/S35,False
44712,early_empty_control,rb0209_discovery_44712,35,36,S36 | VESUVIO/back/S36,False
44712,early_empty_control,rb0209_discovery_44712,36,37,S37 | VESUVIO/back/S37,False
44712,early_empty_control,rb0209_discovery_44712,37,38,S38 | VESUVIO/back/S38,False
44712,early_empty_control,rb0209_discovery_44712,38,39,S39 | VESUVIO/back/S39,False
44712,early_empty_control,rb0209_discovery_44712,39,40,S40 | VESUVIO/back/S40,False
44712,early_empty_control,rb0209_discovery_44712,40,41,S41 | VESUVIO/back/S41,False
44712,early_empty_control,rb0209_discovery_44712,41,42,S42 | VESUVIO/back/S42,False
44712,early_empty_control,rb0209_discovery_44712,42,43,S43 | VESUVIO/back/S43,False
44712,early_empty_control,rb0209_discovery_44712,43,44,S44 | VESUVIO/back/S44,False
44712,early_empty_control,rb0209_discovery_44712,44,45,S45 | VESUVIO/back/S45,False
44712,early_empty_control,rb0209_discovery_44712,45,46,S46 | VESUVIO/back/S46,False
44712,early_empty_control,rb0209_discovery_44712,46,47,S47 | VESUVIO/back/S47,False
44712,early_empty_control,rb0209_discovery_44712,47,48,S48 | VESUVIO/back/S48,False
44712,early_empty_control,rb0209_discovery_44712,48,49,S49 | VESUVIO/back/S49,False
44712,early_empty_control,rb0209_discovery_44712,49,50,S50 | VESUVIO/back/S50,False
44712,early_empty_control,rb0209_discovery_44712,50,51,S51 | VESUVIO/back/S51,False
44712,early_empty_control,rb0209_discovery_44712,51,52,S52 | VESUVIO/back/S52,False
44712,early_empty_control,rb0209_discovery_44712,52,53,S53 | VESUVIO/back/S53,False
44712,early_empty_control,rb0209_discovery_44712,53,54,S54 | VESUVIO/back/S54,False
44712,early_empty_control,rb0209_discovery_44712,54,55,S55 | VESUVIO/back/S55,False
44712,early_empty_control,rb0209_discovery_44712,55,56,S56 | VESUVIO/back/S56,False
44712,early_empty_control,rb0209_discovery_44712,56,57,S57 | VESUVIO/back/S57,False
44712,early_empty_control,rb0209_discovery_44712,57,58,S58 | VESUVIO/back/S58,False
44712,early_empty_control,rb0209_discovery_44712,58,59,S59 | VESUVIO/back/S59,False
44712,early_empty_control,rb0209_discovery_44712,59,60,S60 | VESUVIO/back/S60,False
44712,early_empty_control,rb0209_discovery_44712,60,61,S61 | VESUVIO/back/S61,False
44712,early_empty_control,rb0209_discovery_44712,61,62,S62 | VESUVIO/back/S62,False
44712,early_empty_control,rb0209_discovery_44712,62,63,S63 | VESUVIO/back/S63,False
44712,early_empty_control,rb0209_discovery_44712,63,64,S64 | VESUVIO/back/S64,False
44712,early_empty_control,rb0209_discovery_44712,64,65,S65 | VESUVIO/back/S65,False
44712,early_empty_control,rb0209_discovery_44712,65,66,S66 | VESUVIO/back/S66,False
44712,early_empty_control,rb0209_discovery_44712,66,67,S67 | VESUVIO/back/S67,False
44712,early_empty_control,rb0209_discovery_44712,67,68,S68 | VESUVIO/back/S68,False
44712,early_empty_control,rb0209_discovery_44712,68,69,S69 | VESUVIO/back/S69,False
44712,early_empty_control,rb0209_discovery_44712,69,70,S70 | VESUVIO/back/S70,False
44712,early_empty_control,rb0209_discovery_44712,70,71,S71 | VESUVIO/back/S71,False
44712,early_empty_control,rb0209_discovery_44712,71,72,S72 | VESUVIO/back/S72,False
44712,early_empty_control,rb0209_discovery_44712,72,73,S73 | VESUVIO/back/S73,False
44712,early_empty_control,rb0209_discovery_44712,73,74,S74 | VESUVIO/back/S74,False
44712,early_empty_control,rb0209_discovery_44712,74,75,S75 | VESUVIO/back/S75,False
44712,early_empty_control,rb0209_discovery_44712,75,76,S76 | VESUVIO/back/S76,False
44712,early_empty_control,rb0209_discovery_44712,76,77,S77 | VESUVIO/back/S77,False
44712,early_empty_control,rb0209_discovery_44712,77,78,S78 | VESUVIO/back/S78,False
44712,early_empty_control,rb0209_discovery_44712,78,79,S79 | VESUVIO/back/S79,False
44712,early_empty_control,rb0209_discovery_44712,79,80,S80 | VESUVIO/back/S80,False
44712,early_empty_control,rb0209_discovery_44712,80,81,S81 | VESUVIO/back/S81,False
44712,early_empty_control,rb0209_discovery_44712,81,82,S82 | VESUVIO/back/S82,False
44712,early_empty_control,rb0209_discovery_44712,82,83,S83 | VESUVIO/back/S83,False
44712,early_empty_control,rb0209_discovery_44712,83,84,S84 | VESUVIO/back/S84,False
44712,early_empty_control,rb0209_discovery_44712,84,85,S85 | VESUVIO/back/S85,False
44712,early_empty_control,rb0209_discovery_44712,85,86,S86 | VESUVIO/back/S86,False
44712,early_empty_control,rb0209_discovery_44712,86,87,S87 | VESUVIO/back/S87,False
44712,early_empty_control,rb0209_discovery_44712,87,88,S88 | VESUVIO/back/S88,False
44712,early_empty_control,rb0209_discovery_44712,88,89,S89 | VESUVIO/back/S89,False
44712,early_empty_control,rb0209_discovery_44712,89,90,S90 | VESUVIO/back/S90,False
44712,early_empty_control,rb0209_discovery_44712,90,91,S91 | VESUVIO/back/S91,False
44712,early_empty_control,rb0209_discovery_44712,91,92,S92 | VESUVIO/back/S92,False
44712,early_empty_control,rb0209_discovery_44712,92,93,S93 | VESUVIO/back/S93,False
44712,early_empty_control,rb0209_discovery_44712,93,94,S94 | VESUVIO/back/S94,False
44712,early_empty_control,rb0209_discovery_44712,94,95,S95 | VESUVIO/back/S95,False
44712,early_empty_control,rb0209_discovery_44712,95,96,S96 | VESUVIO/back/S96,False
44712,early_empty_control,rb0209_discovery_44712,96,97,S97 | VESUVIO/back/S97,False
44712,early_empty_control,rb0209_discovery_44712,97,98,S98 | VESUVIO/back/S98,False
44712,early_empty_control,rb0209_discovery_44712,98,99,S99 | VESUVIO/back/S99,False
44712,early_empty_control,rb0209_discovery_44712,99,100,S100 | VESUVIO/back/S100,False
44712,early_empty_control,rb0209_discovery_44712,100,101,S101 | VESUVIO/back/S101,False
44712,early_empty_control,rb0209_discovery_44712,101,102,S102 | VESUVIO/back/S102,False
44712,early_empty_control,rb0209_discovery_44712,102,103,S103 | VESUVIO/back/S103,False
44712,early_empty_control,rb0209_discovery_44712,103,104,S104 | VESUVIO/back/S104,False
44712,early_empty_control,rb0209_discovery_44712,104,105,S105 | VESUVIO/back/S105,False
44712,early_empty_control,rb0209_discovery_44712,105,106,S106 | VESUVIO/back/S106,False
44712,early_empty_control,rb0209_discovery_44712,106,107,S107 | VESUVIO/back/S107,False
44712,early_empty_control,rb0209_discovery_44712,107,108,S108 | VESUVIO/back/S108,False
44712,early_empty_control,rb0209_discovery_44712,108,109,S109 | VESUVIO/back/S109,False
44712,early_empty_control,rb0209_discovery_44712,109,110,S110 | VESUVIO/back/S110,False
44712,early_empty_control,rb0209_discovery_44712,110,111,S111 | VESUVIO/back/S111,False
44712,early_empty_control,rb0209_discovery_44712,111,112,S112 | VESUVIO/back/S112,False
44712,early_empty_control,rb0209_discovery_44712,112,113,S113 | VESUVIO/back/S113,False
44712,early_empty_control,rb0209_discovery_44712,113,114,S114 | VESUVIO/back/S114,False
44712,early_empty_control,rb0209_discovery_44712,114,115,S115 | VESUVIO/back/S115,False
44712,early_empty_control,rb0209_discovery_44712,115,116,S116 | VESUVIO/back/S116,False
44712,early_empty_control,rb0209_discovery_44712,116,117,S117 | VESUVIO/back/S117,False
44712,early_empty_control,rb0209_discovery_44712,117,118,S118 | VESUVIO/back/S118,False
44712,early_empty_control,rb0209_discovery_44712,118,119,S119 | VESUVIO/back/S119,False
44712,early_empty_control,rb0209_discovery_44712,119,120,S120 | VESUVIO/back/S120,False
44712,early_empty_control,rb0209_discovery_44712,120,121,S121 | VESUVIO/back/S121,False
44712,early_empty_control,rb0209_discovery_44712,121,122,S122 | VESUVIO/back/S122,False
44712,early_empty_control,rb0209_discovery_44712,122,123,S123 | VESUVIO/back/S123,False
44712,early_empty_control,rb0209_discovery_44712,123,124,S124 | VESUVIO/back/S124,False
44712,early_empty_control,rb0209_discovery_44712,124,125,S125 | VESUVIO/back/S125,False
44712,early_empty_control,rb0209_discovery_44712,125,126,S126 | VESUVIO/back/S126,False
44712,early_empty_control,rb0209_discovery_44712,126,127,S127 | VESUVIO/back/S127,False
44712,early_empty_control,rb0209_discovery_44712,127,128,S128 | VESUVIO/back/S128,False
44712,early_empty_control,rb0209_discovery_44712,128,129,S129 | VESUVIO/back/S129,False
44712,early_empty_control,rb0209_discovery_44712,129,130,S130 | VESUVIO/back/S130,False
44712,early_empty_control,rb0209_discovery_44712,130,131,S131 | VESUVIO/back/S131,False
44712,early_empty_control,rb0209_discovery_44712,131,132,S132 | VESUVIO/back/S132,False
44712,early_empty_control,rb0209_discovery_44712,132,133,S133 | VESUVIO/back/S133,False
44712,early_empty_control,rb0209_discovery_44712,133,134,S134 | VESUVIO/back/S134,False
44712,early_empty_control,rb0209_discovery_44712,134,135,pixel forward | VESUVIO/forward/pixel forward,False
44712,early_empty_control,rb0209_discovery_44712,135,136,pixel forward | VESUVIO/forward/pixel forward,False
44712,early_empty_control,rb0209_discovery_44712,136,137,pixel forward | VESUVIO/forward/pixel forward,False
44712,early_empty_control,rb0209_discovery_44712,137,138,pixel forward | VESUVIO/forward/pixel forward,False
44712,early_empty_control,rb0209_discovery_44712,138,139,pixel forward | VESUVIO/forward/pixel forward,False
44712,early_empty_control,rb0209_discovery_44712,139,140,pixel forward | VESUVIO/forward/pixel forward,False
44712,early_empty_control,rb0209_discovery_44712,140,141,pixel forward | VESUVIO/forward/pixel forward,False
44712,early_empty_control,rb0209_discovery_44712,141,142,pixel forward | VESUVIO/forward/pixel forward,False
44712,early_empty_control,rb0209_discovery_44712,142,143,pixel forward | VESUVIO/forward/pixel forward,False
44712,early_empty_control,rb0209_discovery_44712,143,144,pixel forward | VESUVIO/forward/pixel forward,False
44712,early_empty_control,rb0209_discovery_44712,144,145,pixel forward | VESUVIO/forward/pixel forward,False
44712,early_empty_control,rb0209_discovery_44712,145,146,pixel forward | VESUVIO/forward/pixel forward,False
44712,early_empty_control,rb0209_discovery_44712,146,147,pixel forward | VESUVIO/forward/pixel forward,False
44712,early_empty_control,rb0209_discovery_44712,147,148,pixel forward | VESUVIO/forward/pixel forward,False
44712,early_empty_control,rb0209_discovery_44712,148,149,pixel forward | VESUVIO/forward/pixel forward,False
44712,early_empty_control,rb0209_discovery_44712,149,150,pixel forward | VESUVIO/forward/pixel forward,False
44712,early_empty_control,rb0209_discovery_44712,150,151,pixel forward | VESUVIO/forward/pixel forward,False
44712,early_empty_control,rb0209_discovery_44712,151,152,pixel forward | VESUVIO/forward/pixel forward,False
44712,early_empty_control,rb0209_discovery_44712,152,153,pixel forward | VESUVIO/forward/pixel forward,False
44712,early_empty_control,rb0209_discovery_44712,153,154,pixel forward | VESUVIO/forward/pixel forward,False
44712,early_empty_control,rb0209_discovery_44712,154,155,pixel forward | VESUVIO/forward/pixel forward,False
44712,early_empty_control,rb0209_discovery_44712,155,156,pixel forward | VESUVIO/forward/pixel forward,False
44712,early_empty_control,rb0209_discovery_44712,156,157,pixel forward | VESUVIO/forward/pixel forward,False
44712,early_empty_control,rb0209_discovery_44712,157,158,pixel forward | VESUVIO/forward/pixel forward,False
44712,early_empty_control,rb0209_discovery_44712,158,159,pixel forward | VESUVIO/forward/pixel forward,False
44712,early_empty_control,rb0209_discovery_44712,159,160,pixel forward | VESUVIO/forward/pixel forward,False
44712,early_empty_control,rb0209_discovery_44712,160,161,pixel forward | VESUVIO/forward/pixel forward,False
44712,early_empty_control,rb0209_discovery_44712,161,162,pixel forward | VESUVIO/forward/pixel forward,False
44712,early_empty_control,rb0209_discovery_44712,162,163,pixel forward | VESUVIO/forward/pixel forward,False
44712,early_empty_control,rb0209_discovery_44712,163,164,pixel forward | VESUVIO/forward/pixel forward,False
44712,early_empty_control,rb0209_discovery_44712,164,165,pixel forward | VESUVIO/forward/pixel forward,False
44712,early_empty_control,rb0209_discovery_44712,165,166,pixel forward | VESUVIO/forward/pixel forward,False
44712,early_empty_control,rb0209_discovery_44712,166,167,pixel forward | VESUVIO/forward/pixel forward,False
44712,early_empty_control,rb0209_discovery_44712,167,168,pixel forward | VESUVIO/forward/pixel forward,False
44712,early_empty_control,rb0209_discovery_44712,168,169,pixel forward | VESUVIO/forward/pixel forward,False
44712,early_empty_control,rb0209_discovery_44712,169,170,pixel forward | VESUVIO/forward/pixel forward,False
44712,early_empty_control,rb0209_discovery_44712,170,171,pixel forward | VESUVIO/forward/pixel forward,False
44712,early_empty_control,rb0209_discovery_44712,171,172,pixel forward | VESUVIO/forward/pixel forward,False
44712,early_empty_control,rb0209_discovery_44712,172,173,pixel forward | VESUVIO/forward/pixel forward,False
44712,early_empty_control,rb0209_discovery_44712,173,174,pixel forward | VESUVIO/forward/pixel forward,False
44712,early_empty_control,rb0209_discovery_44712,174,175,pixel forward | VESUVIO/forward/pixel forward,False
44712,early_empty_control,rb0209_discovery_44712,175,176,pixel forward | VESUVIO/forward/pixel forward,False
44712,early_empty_control,rb0209_discovery_44712,176,177,pixel forward | VESUVIO/forward/pixel forward,False
44712,early_empty_control,rb0209_discovery_44712,177,178,pixel forward | VESUVIO/forward/pixel forward,False
44712,early_empty_control,rb0209_discovery_44712,178,179,pixel forward | VESUVIO/forward/pixel forward,False
44712,early_empty_control,rb0209_discovery_44712,179,180,pixel forward | VESUVIO/forward/pixel forward,False
44712,early_empty_control,rb0209_discovery_44712,180,181,pixel forward | VESUVIO/forward/pixel forward,False
44712,early_empty_control,rb0209_discovery_44712,181,182,pixel forward | VESUVIO/forward/pixel forward,False
44712,early_empty_control,rb0209_discovery_44712,182,183,pixel forward | VESUVIO/forward/pixel forward,False
44712,early_empty_control,rb0209_discovery_44712,183,184,pixel forward | VESUVIO/forward/pixel forward,False
44712,early_empty_control,rb0209_discovery_44712,184,185,pixel forward | VESUVIO/forward/pixel forward,False
44712,early_empty_control,rb0209_discovery_44712,185,186,pixel forward | VESUVIO/forward/pixel forward,False
44712,early_empty_control,rb0209_discovery_44712,186,187,pixel forward | VESUVIO/forward/pixel forward,False
44712,early_empty_control,rb0209_discovery_44712,187,188,pixel forward | VESUVIO/forward/pixel forward,False
44712,early_empty_control,rb0209_discovery_44712,188,189,pixel forward | VESUVIO/forward/pixel forward,False
44712,early_empty_control,rb0209_discovery_44712,189,190,pixel forward | VESUVIO/forward/pixel forward,False
44712,early_empty_control,rb0209_discovery_44712,190,191,pixel forward | VESUVIO/forward/pixel forward,False
44712,early_empty_control,rb0209_discovery_44712,191,192,pixel forward | VESUVIO/forward/pixel forward,False
44712,early_empty_control,rb0209_discovery_44712,192,193,pixel forward | VESUVIO/forward/pixel forward,False
44712,early_empty_control,rb0209_discovery_44712,193,194,pixel forward | VESUVIO/forward/pixel forward,False
44712,early_empty_control,rb0209_discovery_44712,194,195,pixel forward | VESUVIO/forward/pixel forward,False
44712,early_empty_control,rb0209_discovery_44712,195,196,pixel forward | VESUVIO/forward/pixel forward,False
44712,early_empty_control,rb0209_discovery_44712,196,197,pixel forward | VESUVIO/forward/pixel forward,False
44712,early_empty_control,rb0209_discovery_44712,197,198,pixel forward | VESUVIO/forward/pixel forward,False
44724,concrete_sample_1,rb0209_discovery_44724,0,1,Monitor 1 | VESUVIO/Monitor 1,False
44724,concrete_sample_1,rb0209_discovery_44724,1,2,Monitor 2 | VESUVIO/Monitor 2,False
44724,concrete_sample_1,rb0209_discovery_44724,2,3,S3 | VESUVIO/back/S3,False
44724,concrete_sample_1,rb0209_discovery_44724,3,4,S4 | VESUVIO/back/S4,False
44724,concrete_sample_1,rb0209_discovery_44724,4,5,S5 | VESUVIO/back/S5,False
44724,concrete_sample_1,rb0209_discovery_44724,5,6,S6 | VESUVIO/back/S6,False
44724,concrete_sample_1,rb0209_discovery_44724,6,7,S7 | VESUVIO/back/S7,False
44724,concrete_sample_1,rb0209_discovery_44724,7,8,S8 | VESUVIO/back/S8,False
44724,concrete_sample_1,rb0209_discovery_44724,8,9,S9 | VESUVIO/back/S9,False
44724,concrete_sample_1,rb0209_discovery_44724,9,10,S10 | VESUVIO/back/S10,False
44724,concrete_sample_1,rb0209_discovery_44724,10,11,S11 | VESUVIO/back/S11,False
44724,concrete_sample_1,rb0209_discovery_44724,11,12,S12 | VESUVIO/back/S12,False
44724,concrete_sample_1,rb0209_discovery_44724,12,13,S13 | VESUVIO/back/S13,False
44724,concrete_sample_1,rb0209_discovery_44724,13,14,S14 | VESUVIO/back/S14,False
44724,concrete_sample_1,rb0209_discovery_44724,14,15,S15 | VESUVIO/back/S15,False
44724,concrete_sample_1,rb0209_discovery_44724,15,16,S16 | VESUVIO/back/S16,False
44724,concrete_sample_1,rb0209_discovery_44724,16,17,S17 | VESUVIO/back/S17,False
44724,concrete_sample_1,rb0209_discovery_44724,17,18,S18 | VESUVIO/back/S18,False
44724,concrete_sample_1,rb0209_discovery_44724,18,19,S19 | VESUVIO/back/S19,False
44724,concrete_sample_1,rb0209_discovery_44724,19,20,S20 | VESUVIO/back/S20,False
44724,concrete_sample_1,rb0209_discovery_44724,20,21,S21 | VESUVIO/back/S21,False
44724,concrete_sample_1,rb0209_discovery_44724,21,22,S22 | VESUVIO/back/S22,False
44724,concrete_sample_1,rb0209_discovery_44724,22,23,S23 | VESUVIO/back/S23,False
44724,concrete_sample_1,rb0209_discovery_44724,23,24,S24 | VESUVIO/back/S24,False
44724,concrete_sample_1,rb0209_discovery_44724,24,25,S25 | VESUVIO/back/S25,False
44724,concrete_sample_1,rb0209_discovery_44724,25,26,S26 | VESUVIO/back/S26,False
44724,concrete_sample_1,rb0209_discovery_44724,26,27,S27 | VESUVIO/back/S27,False
44724,concrete_sample_1,rb0209_discovery_44724,27,28,S28 | VESUVIO/back/S28,False
44724,concrete_sample_1,rb0209_discovery_44724,28,29,S29 | VESUVIO/back/S29,False
44724,concrete_sample_1,rb0209_discovery_44724,29,30,S30 | VESUVIO/back/S30,False
44724,concrete_sample_1,rb0209_discovery_44724,30,31,S31 | VESUVIO/back/S31,False
44724,concrete_sample_1,rb0209_discovery_44724,31,32,S32 | VESUVIO/back/S32,False
44724,concrete_sample_1,rb0209_discovery_44724,32,33,S33 | VESUVIO/back/S33,False
44724,concrete_sample_1,rb0209_discovery_44724,33,34,S34 | VESUVIO/back/S34,False
44724,concrete_sample_1,rb0209_discovery_44724,34,35,S35 | VESUVIO/back/S35,False
44724,concrete_sample_1,rb0209_discovery_44724,35,36,S36 | VESUVIO/back/S36,False
44724,concrete_sample_1,rb0209_discovery_44724,36,37,S37 | VESUVIO/back/S37,False
44724,concrete_sample_1,rb0209_discovery_44724,37,38,S38 | VESUVIO/back/S38,False
44724,concrete_sample_1,rb0209_discovery_44724,38,39,S39 | VESUVIO/back/S39,False
44724,concrete_sample_1,rb0209_discovery_44724,39,40,S40 | VESUVIO/back/S40,False
44724,concrete_sample_1,rb0209_discovery_44724,40,41,S41 | VESUVIO/back/S41,False
44724,concrete_sample_1,rb0209_discovery_44724,41,42,S42 | VESUVIO/back/S42,False
44724,concrete_sample_1,rb0209_discovery_44724,42,43,S43 | VESUVIO/back/S43,False
44724,concrete_sample_1,rb0209_discovery_44724,43,44,S44 | VESUVIO/back/S44,False
44724,concrete_sample_1,rb0209_discovery_44724,44,45,S45 | VESUVIO/back/S45,False
44724,concrete_sample_1,rb0209_discovery_44724,45,46,S46 | VESUVIO/back/S46,False
44724,concrete_sample_1,rb0209_discovery_44724,46,47,S47 | VESUVIO/back/S47,False
44724,concrete_sample_1,rb0209_discovery_44724,47,48,S48 | VESUVIO/back/S48,False
44724,concrete_sample_1,rb0209_discovery_44724,48,49,S49 | VESUVIO/back/S49,False
44724,concrete_sample_1,rb0209_discovery_44724,49,50,S50 | VESUVIO/back/S50,False
44724,concrete_sample_1,rb0209_discovery_44724,50,51,S51 | VESUVIO/back/S51,False
44724,concrete_sample_1,rb0209_discovery_44724,51,52,S52 | VESUVIO/back/S52,False
44724,concrete_sample_1,rb0209_discovery_44724,52,53,S53 | VESUVIO/back/S53,False
44724,concrete_sample_1,rb0209_discovery_44724,53,54,S54 | VESUVIO/back/S54,False
44724,concrete_sample_1,rb0209_discovery_44724,54,55,S55 | VESUVIO/back/S55,False
44724,concrete_sample_1,rb0209_discovery_44724,55,56,S56 | VESUVIO/back/S56,False
44724,concrete_sample_1,rb0209_discovery_44724,56,57,S57 | VESUVIO/back/S57,False
44724,concrete_sample_1,rb0209_discovery_44724,57,58,S58 | VESUVIO/back/S58,False
44724,concrete_sample_1,rb0209_discovery_44724,58,59,S59 | VESUVIO/back/S59,False
44724,concrete_sample_1,rb0209_discovery_44724,59,60,S60 | VESUVIO/back/S60,False
44724,concrete_sample_1,rb0209_discovery_44724,60,61,S61 | VESUVIO/back/S61,False
44724,concrete_sample_1,rb0209_discovery_44724,61,62,S62 | VESUVIO/back/S62,False
44724,concrete_sample_1,rb0209_discovery_44724,62,63,S63 | VESUVIO/back/S63,False
44724,concrete_sample_1,rb0209_discovery_44724,63,64,S64 | VESUVIO/back/S64,False
44724,concrete_sample_1,rb0209_discovery_44724,64,65,S65 | VESUVIO/back/S65,False
44724,concrete_sample_1,rb0209_discovery_44724,65,66,S66 | VESUVIO/back/S66,False
44724,concrete_sample_1,rb0209_discovery_44724,66,67,S67 | VESUVIO/back/S67,False
44724,concrete_sample_1,rb0209_discovery_44724,67,68,S68 | VESUVIO/back/S68,False
44724,concrete_sample_1,rb0209_discovery_44724,68,69,S69 | VESUVIO/back/S69,False
44724,concrete_sample_1,rb0209_discovery_44724,69,70,S70 | VESUVIO/back/S70,False
44724,concrete_sample_1,rb0209_discovery_44724,70,71,S71 | VESUVIO/back/S71,False
44724,concrete_sample_1,rb0209_discovery_44724,71,72,S72 | VESUVIO/back/S72,False
44724,concrete_sample_1,rb0209_discovery_44724,72,73,S73 | VESUVIO/back/S73,False
44724,concrete_sample_1,rb0209_discovery_44724,73,74,S74 | VESUVIO/back/S74,False
44724,concrete_sample_1,rb0209_discovery_44724,74,75,S75 | VESUVIO/back/S75,False
44724,concrete_sample_1,rb0209_discovery_44724,75,76,S76 | VESUVIO/back/S76,False
44724,concrete_sample_1,rb0209_discovery_44724,76,77,S77 | VESUVIO/back/S77,False
44724,concrete_sample_1,rb0209_discovery_44724,77,78,S78 | VESUVIO/back/S78,False
44724,concrete_sample_1,rb0209_discovery_44724,78,79,S79 | VESUVIO/back/S79,False
44724,concrete_sample_1,rb0209_discovery_44724,79,80,S80 | VESUVIO/back/S80,False
44724,concrete_sample_1,rb0209_discovery_44724,80,81,S81 | VESUVIO/back/S81,False
44724,concrete_sample_1,rb0209_discovery_44724,81,82,S82 | VESUVIO/back/S82,False
44724,concrete_sample_1,rb0209_discovery_44724,82,83,S83 | VESUVIO/back/S83,False
44724,concrete_sample_1,rb0209_discovery_44724,83,84,S84 | VESUVIO/back/S84,False
44724,concrete_sample_1,rb0209_discovery_44724,84,85,S85 | VESUVIO/back/S85,False
44724,concrete_sample_1,rb0209_discovery_44724,85,86,S86 | VESUVIO/back/S86,False
44724,concrete_sample_1,rb0209_discovery_44724,86,87,S87 | VESUVIO/back/S87,False
44724,concrete_sample_1,rb0209_discovery_44724,87,88,S88 | VESUVIO/back/S88,False
44724,concrete_sample_1,rb0209_discovery_44724,88,89,S89 | VESUVIO/back/S89,False
44724,concrete_sample_1,rb0209_discovery_44724,89,90,S90 | VESUVIO/back/S90,False
44724,concrete_sample_1,rb0209_discovery_44724,90,91,S91 | VESUVIO/back/S91,False
44724,concrete_sample_1,rb0209_discovery_44724,91,92,S92 | VESUVIO/back/S92,False
44724,concrete_sample_1,rb0209_discovery_44724,92,93,S93 | VESUVIO/back/S93,False
44724,concrete_sample_1,rb0209_discovery_44724,93,94,S94 | VESUVIO/back/S94,False
44724,concrete_sample_1,rb0209_discovery_44724,94,95,S95 | VESUVIO/back/S95,False
44724,concrete_sample_1,rb0209_discovery_44724,95,96,S96 | VESUVIO/back/S96,False
44724,concrete_sample_1,rb0209_discovery_44724,96,97,S97 | VESUVIO/back/S97,False
44724,concrete_sample_1,rb0209_discovery_44724,97,98,S98 | VESUVIO/back/S98,False
44724,concrete_sample_1,rb0209_discovery_44724,98,99,S99 | VESUVIO/back/S99,False
44724,concrete_sample_1,rb0209_discovery_44724,99,100,S100 | VESUVIO/back/S100,False
44724,concrete_sample_1,rb0209_discovery_44724,100,101,S101 | VESUVIO/back/S101,False
44724,concrete_sample_1,rb0209_discovery_44724,101,102,S102 | VESUVIO/back/S102,False
44724,concrete_sample_1,rb0209_discovery_44724,102,103,S103 | VESUVIO/back/S103,False
44724,concrete_sample_1,rb0209_discovery_44724,103,104,S104 | VESUVIO/back/S104,False
44724,concrete_sample_1,rb0209_discovery_44724,104,105,S105 | VESUVIO/back/S105,False
44724,concrete_sample_1,rb0209_discovery_44724,105,106,S106 | VESUVIO/back/S106,False
44724,concrete_sample_1,rb0209_discovery_44724,106,107,S107 | VESUVIO/back/S107,False
44724,concrete_sample_1,rb0209_discovery_44724,107,108,S108 | VESUVIO/back/S108,False
44724,concrete_sample_1,rb0209_discovery_44724,108,109,S109 | VESUVIO/back/S109,False
44724,concrete_sample_1,rb0209_discovery_44724,109,110,S110 | VESUVIO/back/S110,False
44724,concrete_sample_1,rb0209_discovery_44724,110,111,S111 | VESUVIO/back/S111,False
44724,concrete_sample_1,rb0209_discovery_44724,111,112,S112 | VESUVIO/back/S112,False
44724,concrete_sample_1,rb0209_discovery_44724,112,113,S113 | VESUVIO/back/S113,False
44724,concrete_sample_1,rb0209_discovery_44724,113,114,S114 | VESUVIO/back/S114,False
44724,concrete_sample_1,rb0209_discovery_44724,114,115,S115 | VESUVIO/back/S115,False
44724,concrete_sample_1,rb0209_discovery_44724,115,116,S116 | VESUVIO/back/S116,False
44724,concrete_sample_1,rb0209_discovery_44724,116,117,S117 | VESUVIO/back/S117,False
44724,concrete_sample_1,rb0209_discovery_44724,117,118,S118 | VESUVIO/back/S118,False
44724,concrete_sample_1,rb0209_discovery_44724,118,119,S119 | VESUVIO/back/S119,False
44724,concrete_sample_1,rb0209_discovery_44724,119,120,S120 | VESUVIO/back/S120,False
44724,concrete_sample_1,rb0209_discovery_44724,120,121,S121 | VESUVIO/back/S121,False
44724,concrete_sample_1,rb0209_discovery_44724,121,122,S122 | VESUVIO/back/S122,False
44724,concrete_sample_1,rb0209_discovery_44724,122,123,S123 | VESUVIO/back/S123,False
44724,concrete_sample_1,rb0209_discovery_44724,123,124,S124 | VESUVIO/back/S124,False
44724,concrete_sample_1,rb0209_discovery_44724,124,125,S125 | VESUVIO/back/S125,False
44724,concrete_sample_1,rb0209_discovery_44724,125,126,S126 | VESUVIO/back/S126,False
44724,concrete_sample_1,rb0209_discovery_44724,126,127,S127 | VESUVIO/back/S127,False
44724,concrete_sample_1,rb0209_discovery_44724,127,128,S128 | VESUVIO/back/S128,False
44724,concrete_sample_1,rb0209_discovery_44724,128,129,S129 | VESUVIO/back/S129,False
44724,concrete_sample_1,rb0209_discovery_44724,129,130,S130 | VESUVIO/back/S130,False
44724,concrete_sample_1,rb0209_discovery_44724,130,131,S131 | VESUVIO/back/S131,False
44724,concrete_sample_1,rb0209_discovery_44724,131,132,S132 | VESUVIO/back/S132,False
44724,concrete_sample_1,rb0209_discovery_44724,132,133,S133 | VESUVIO/back/S133,False
44724,concrete_sample_1,rb0209_discovery_44724,133,134,S134 | VESUVIO/back/S134,False
44724,concrete_sample_1,rb0209_discovery_44724,134,135,pixel forward | VESUVIO/forward/pixel forward,False
44724,concrete_sample_1,rb0209_discovery_44724,135,136,pixel forward | VESUVIO/forward/pixel forward,False
44724,concrete_sample_1,rb0209_discovery_44724,136,137,pixel forward | VESUVIO/forward/pixel forward,False
44724,concrete_sample_1,rb0209_discovery_44724,137,138,pixel forward | VESUVIO/forward/pixel forward,False
44724,concrete_sample_1,rb0209_discovery_44724,138,139,pixel forward | VESUVIO/forward/pixel forward,False
44724,concrete_sample_1,rb0209_discovery_44724,139,140,pixel forward | VESUVIO/forward/pixel forward,False
44724,concrete_sample_1,rb0209_discovery_44724,140,141,pixel forward | VESUVIO/forward/pixel forward,False
44724,concrete_sample_1,rb0209_discovery_44724,141,142,pixel forward | VESUVIO/forward/pixel forward,False
44724,concrete_sample_1,rb0209_discovery_44724,142,143,pixel forward | VESUVIO/forward/pixel forward,False
44724,concrete_sample_1,rb0209_discovery_44724,143,144,pixel forward | VESUVIO/forward/pixel forward,False
44724,concrete_sample_1,rb0209_discovery_44724,144,145,pixel forward | VESUVIO/forward/pixel forward,False
44724,concrete_sample_1,rb0209_discovery_44724,145,146,pixel forward | VESUVIO/forward/pixel forward,False
44724,concrete_sample_1,rb0209_discovery_44724,146,147,pixel forward | VESUVIO/forward/pixel forward,False
44724,concrete_sample_1,rb0209_discovery_44724,147,148,pixel forward | VESUVIO/forward/pixel forward,False
44724,concrete_sample_1,rb0209_discovery_44724,148,149,pixel forward | VESUVIO/forward/pixel forward,False
44724,concrete_sample_1,rb0209_discovery_44724,149,150,pixel forward | VESUVIO/forward/pixel forward,False
44724,concrete_sample_1,rb0209_discovery_44724,150,151,pixel forward | VESUVIO/forward/pixel forward,False
44724,concrete_sample_1,rb0209_discovery_44724,151,152,pixel forward | VESUVIO/forward/pixel forward,False
44724,concrete_sample_1,rb0209_discovery_44724,152,153,pixel forward | VESUVIO/forward/pixel forward,False
44724,concrete_sample_1,rb0209_discovery_44724,153,154,pixel forward | VESUVIO/forward/pixel forward,False
44724,concrete_sample_1,rb0209_discovery_44724,154,155,pixel forward | VESUVIO/forward/pixel forward,False
44724,concrete_sample_1,rb0209_discovery_44724,155,156,pixel forward | VESUVIO/forward/pixel forward,False
44724,concrete_sample_1,rb0209_discovery_44724,156,157,pixel forward | VESUVIO/forward/pixel forward,False
44724,concrete_sample_1,rb0209_discovery_44724,157,158,pixel forward | VESUVIO/forward/pixel forward,False
44724,concrete_sample_1,rb0209_discovery_44724,158,159,pixel forward | VESUVIO/forward/pixel forward,False
44724,concrete_sample_1,rb0209_discovery_44724,159,160,pixel forward | VESUVIO/forward/pixel forward,False
44724,concrete_sample_1,rb0209_discovery_44724,160,161,pixel forward | VESUVIO/forward/pixel forward,False
44724,concrete_sample_1,rb0209_discovery_44724,161,162,pixel forward | VESUVIO/forward/pixel forward,False
44724,concrete_sample_1,rb0209_discovery_44724,162,163,pixel forward | VESUVIO/forward/pixel forward,False
44724,concrete_sample_1,rb0209_discovery_44724,163,164,pixel forward | VESUVIO/forward/pixel forward,False
44724,concrete_sample_1,rb0209_discovery_44724,164,165,pixel forward | VESUVIO/forward/pixel forward,False
44724,concrete_sample_1,rb0209_discovery_44724,165,166,pixel forward | VESUVIO/forward/pixel forward,False
44724,concrete_sample_1,rb0209_discovery_44724,166,167,pixel forward | VESUVIO/forward/pixel forward,False
44724,concrete_sample_1,rb0209_discovery_44724,167,168,pixel forward | VESUVIO/forward/pixel forward,False
44724,concrete_sample_1,rb0209_discovery_44724,168,169,pixel forward | VESUVIO/forward/pixel forward,False
44724,concrete_sample_1,rb0209_discovery_44724,169,170,pixel forward | VESUVIO/forward/pixel forward,False
44724,concrete_sample_1,rb0209_discovery_44724,170,171,pixel forward | VESUVIO/forward/pixel forward,False
44724,concrete_sample_1,rb0209_discovery_44724,171,172,pixel forward | VESUVIO/forward/pixel forward,False
44724,concrete_sample_1,rb0209_discovery_44724,172,173,pixel forward | VESUVIO/forward/pixel forward,False
44724,concrete_sample_1,rb0209_discovery_44724,173,174,pixel forward | VESUVIO/forward/pixel forward,False
44724,concrete_sample_1,rb0209_discovery_44724,174,175,pixel forward | VESUVIO/forward/pixel forward,False
44724,concrete_sample_1,rb0209_discovery_44724,175,176,pixel forward | VESUVIO/forward/pixel forward,False
44724,concrete_sample_1,rb0209_discovery_44724,176,177,pixel forward | VESUVIO/forward/pixel forward,False
44724,concrete_sample_1,rb0209_discovery_44724,177,178,pixel forward | VESUVIO/forward/pixel forward,False
44724,concrete_sample_1,rb0209_discovery_44724,178,179,pixel forward | VESUVIO/forward/pixel forward,False
44724,concrete_sample_1,rb0209_discovery_44724,179,180,pixel forward | VESUVIO/forward/pixel forward,False
44724,concrete_sample_1,rb0209_discovery_44724,180,181,pixel forward | VESUVIO/forward/pixel forward,False
44724,concrete_sample_1,rb0209_discovery_44724,181,182,pixel forward | VESUVIO/forward/pixel forward,False
44724,concrete_sample_1,rb0209_discovery_44724,182,183,pixel forward | VESUVIO/forward/pixel forward,False
44724,concrete_sample_1,rb0209_discovery_44724,183,184,pixel forward | VESUVIO/forward/pixel forward,False
44724,concrete_sample_1,rb0209_discovery_44724,184,185,pixel forward | VESUVIO/forward/pixel forward,False
44724,concrete_sample_1,rb0209_discovery_44724,185,186,pixel forward | VESUVIO/forward/pixel forward,False
44724,concrete_sample_1,rb0209_discovery_44724,186,187,pixel forward | VESUVIO/forward/pixel forward,False
44724,concrete_sample_1,rb0209_discovery_44724,187,188,pixel forward | VESUVIO/forward/pixel forward,False
44724,concrete_sample_1,rb0209_discovery_44724,188,189,pixel forward | VESUVIO/forward/pixel forward,False
44724,concrete_sample_1,rb0209_discovery_44724,189,190,pixel forward | VESUVIO/forward/pixel forward,False
44724,concrete_sample_1,rb0209_discovery_44724,190,191,pixel forward | VESUVIO/forward/pixel forward,False
44724,concrete_sample_1,rb0209_discovery_44724,191,192,pixel forward | VESUVIO/forward/pixel forward,False
44724,concrete_sample_1,rb0209_discovery_44724,192,193,pixel forward | VESUVIO/forward/pixel forward,False
44724,concrete_sample_1,rb0209_discovery_44724,193,194,pixel forward | VESUVIO/forward/pixel forward,False
44724,concrete_sample_1,rb0209_discovery_44724,194,195,pixel forward | VESUVIO/forward/pixel forward,False
44724,concrete_sample_1,rb0209_discovery_44724,195,196,pixel forward | VESUVIO/forward/pixel forward,False
44724,concrete_sample_1,rb0209_discovery_44724,196,197,pixel forward | VESUVIO/forward/pixel forward,False
44724,concrete_sample_1,rb0209_discovery_44724,197,198,pixel forward | VESUVIO/forward/pixel forward,False
44749,concrete_sample_3M,rb0209_discovery_44749,0,1,Monitor 1 | VESUVIO/Monitor 1,False
44749,concrete_sample_3M,rb0209_discovery_44749,1,2,Monitor 2 | VESUVIO/Monitor 2,False
44749,concrete_sample_3M,rb0209_discovery_44749,2,3,S3 | VESUVIO/back/S3,False
44749,concrete_sample_3M,rb0209_discovery_44749,3,4,S4 | VESUVIO/back/S4,False
44749,concrete_sample_3M,rb0209_discovery_44749,4,5,S5 | VESUVIO/back/S5,False
44749,concrete_sample_3M,rb0209_discovery_44749,5,6,S6 | VESUVIO/back/S6,False
44749,concrete_sample_3M,rb0209_discovery_44749,6,7,S7 | VESUVIO/back/S7,False
44749,concrete_sample_3M,rb0209_discovery_44749,7,8,S8 | VESUVIO/back/S8,False
44749,concrete_sample_3M,rb0209_discovery_44749,8,9,S9 | VESUVIO/back/S9,False
44749,concrete_sample_3M,rb0209_discovery_44749,9,10,S10 | VESUVIO/back/S10,False
44749,concrete_sample_3M,rb0209_discovery_44749,10,11,S11 | VESUVIO/back/S11,False
44749,concrete_sample_3M,rb0209_discovery_44749,11,12,S12 | VESUVIO/back/S12,False
44749,concrete_sample_3M,rb0209_discovery_44749,12,13,S13 | VESUVIO/back/S13,False
44749,concrete_sample_3M,rb0209_discovery_44749,13,14,S14 | VESUVIO/back/S14,False
44749,concrete_sample_3M,rb0209_discovery_44749,14,15,S15 | VESUVIO/back/S15,False
44749,concrete_sample_3M,rb0209_discovery_44749,15,16,S16 | VESUVIO/back/S16,False
44749,concrete_sample_3M,rb0209_discovery_44749,16,17,S17 | VESUVIO/back/S17,False
44749,concrete_sample_3M,rb0209_discovery_44749,17,18,S18 | VESUVIO/back/S18,False
44749,concrete_sample_3M,rb0209_discovery_44749,18,19,S19 | VESUVIO/back/S19,False
44749,concrete_sample_3M,rb0209_discovery_44749,19,20,S20 | VESUVIO/back/S20,False
44749,concrete_sample_3M,rb0209_discovery_44749,20,21,S21 | VESUVIO/back/S21,False
44749,concrete_sample_3M,rb0209_discovery_44749,21,22,S22 | VESUVIO/back/S22,False
44749,concrete_sample_3M,rb0209_discovery_44749,22,23,S23 | VESUVIO/back/S23,False
44749,concrete_sample_3M,rb0209_discovery_44749,23,24,S24 | VESUVIO/back/S24,False
44749,concrete_sample_3M,rb0209_discovery_44749,24,25,S25 | VESUVIO/back/S25,False
44749,concrete_sample_3M,rb0209_discovery_44749,25,26,S26 | VESUVIO/back/S26,False
44749,concrete_sample_3M,rb0209_discovery_44749,26,27,S27 | VESUVIO/back/S27,False
44749,concrete_sample_3M,rb0209_discovery_44749,27,28,S28 | VESUVIO/back/S28,False
44749,concrete_sample_3M,rb0209_discovery_44749,28,29,S29 | VESUVIO/back/S29,False
44749,concrete_sample_3M,rb0209_discovery_44749,29,30,S30 | VESUVIO/back/S30,False
44749,concrete_sample_3M,rb0209_discovery_44749,30,31,S31 | VESUVIO/back/S31,False
44749,concrete_sample_3M,rb0209_discovery_44749,31,32,S32 | VESUVIO/back/S32,False
44749,concrete_sample_3M,rb0209_discovery_44749,32,33,S33 | VESUVIO/back/S33,False
44749,concrete_sample_3M,rb0209_discovery_44749,33,34,S34 | VESUVIO/back/S34,False
44749,concrete_sample_3M,rb0209_discovery_44749,34,35,S35 | VESUVIO/back/S35,False
44749,concrete_sample_3M,rb0209_discovery_44749,35,36,S36 | VESUVIO/back/S36,False
44749,concrete_sample_3M,rb0209_discovery_44749,36,37,S37 | VESUVIO/back/S37,False
44749,concrete_sample_3M,rb0209_discovery_44749,37,38,S38 | VESUVIO/back/S38,False
44749,concrete_sample_3M,rb0209_discovery_44749,38,39,S39 | VESUVIO/back/S39,False
44749,concrete_sample_3M,rb0209_discovery_44749,39,40,S40 | VESUVIO/back/S40,False
44749,concrete_sample_3M,rb0209_discovery_44749,40,41,S41 | VESUVIO/back/S41,False
44749,concrete_sample_3M,rb0209_discovery_44749,41,42,S42 | VESUVIO/back/S42,False
44749,concrete_sample_3M,rb0209_discovery_44749,42,43,S43 | VESUVIO/back/S43,False
44749,concrete_sample_3M,rb0209_discovery_44749,43,44,S44 | VESUVIO/back/S44,False
44749,concrete_sample_3M,rb0209_discovery_44749,44,45,S45 | VESUVIO/back/S45,False
44749,concrete_sample_3M,rb0209_discovery_44749,45,46,S46 | VESUVIO/back/S46,False
44749,concrete_sample_3M,rb0209_discovery_44749,46,47,S47 | VESUVIO/back/S47,False
44749,concrete_sample_3M,rb0209_discovery_44749,47,48,S48 | VESUVIO/back/S48,False
44749,concrete_sample_3M,rb0209_discovery_44749,48,49,S49 | VESUVIO/back/S49,False
44749,concrete_sample_3M,rb0209_discovery_44749,49,50,S50 | VESUVIO/back/S50,False
44749,concrete_sample_3M,rb0209_discovery_44749,50,51,S51 | VESUVIO/back/S51,False
44749,concrete_sample_3M,rb0209_discovery_44749,51,52,S52 | VESUVIO/back/S52,False
44749,concrete_sample_3M,rb0209_discovery_44749,52,53,S53 | VESUVIO/back/S53,False
44749,concrete_sample_3M,rb0209_discovery_44749,53,54,S54 | VESUVIO/back/S54,False
44749,concrete_sample_3M,rb0209_discovery_44749,54,55,S55 | VESUVIO/back/S55,False
44749,concrete_sample_3M,rb0209_discovery_44749,55,56,S56 | VESUVIO/back/S56,False
44749,concrete_sample_3M,rb0209_discovery_44749,56,57,S57 | VESUVIO/back/S57,False
44749,concrete_sample_3M,rb0209_discovery_44749,57,58,S58 | VESUVIO/back/S58,False
44749,concrete_sample_3M,rb0209_discovery_44749,58,59,S59 | VESUVIO/back/S59,False
44749,concrete_sample_3M,rb0209_discovery_44749,59,60,S60 | VESUVIO/back/S60,False
44749,concrete_sample_3M,rb0209_discovery_44749,60,61,S61 | VESUVIO/back/S61,False
44749,concrete_sample_3M,rb0209_discovery_44749,61,62,S62 | VESUVIO/back/S62,False
44749,concrete_sample_3M,rb0209_discovery_44749,62,63,S63 | VESUVIO/back/S63,False
44749,concrete_sample_3M,rb0209_discovery_44749,63,64,S64 | VESUVIO/back/S64,False
44749,concrete_sample_3M,rb0209_discovery_44749,64,65,S65 | VESUVIO/back/S65,False
44749,concrete_sample_3M,rb0209_discovery_44749,65,66,S66 | VESUVIO/back/S66,False
44749,concrete_sample_3M,rb0209_discovery_44749,66,67,S67 | VESUVIO/back/S67,False
44749,concrete_sample_3M,rb0209_discovery_44749,67,68,S68 | VESUVIO/back/S68,False
44749,concrete_sample_3M,rb0209_discovery_44749,68,69,S69 | VESUVIO/back/S69,False
44749,concrete_sample_3M,rb0209_discovery_44749,69,70,S70 | VESUVIO/back/S70,False
44749,concrete_sample_3M,rb0209_discovery_44749,70,71,S71 | VESUVIO/back/S71,False
44749,concrete_sample_3M,rb0209_discovery_44749,71,72,S72 | VESUVIO/back/S72,False
44749,concrete_sample_3M,rb0209_discovery_44749,72,73,S73 | VESUVIO/back/S73,False
44749,concrete_sample_3M,rb0209_discovery_44749,73,74,S74 | VESUVIO/back/S74,False
44749,concrete_sample_3M,rb0209_discovery_44749,74,75,S75 | VESUVIO/back/S75,False
44749,concrete_sample_3M,rb0209_discovery_44749,75,76,S76 | VESUVIO/back/S76,False
44749,concrete_sample_3M,rb0209_discovery_44749,76,77,S77 | VESUVIO/back/S77,False
44749,concrete_sample_3M,rb0209_discovery_44749,77,78,S78 | VESUVIO/back/S78,False
44749,concrete_sample_3M,rb0209_discovery_44749,78,79,S79 | VESUVIO/back/S79,False
44749,concrete_sample_3M,rb0209_discovery_44749,79,80,S80 | VESUVIO/back/S80,False
44749,concrete_sample_3M,rb0209_discovery_44749,80,81,S81 | VESUVIO/back/S81,False
44749,concrete_sample_3M,rb0209_discovery_44749,81,82,S82 | VESUVIO/back/S82,False
44749,concrete_sample_3M,rb0209_discovery_44749,82,83,S83 | VESUVIO/back/S83,False
44749,concrete_sample_3M,rb0209_discovery_44749,83,84,S84 | VESUVIO/back/S84,False
44749,concrete_sample_3M,rb0209_discovery_44749,84,85,S85 | VESUVIO/back/S85,False
44749,concrete_sample_3M,rb0209_discovery_44749,85,86,S86 | VESUVIO/back/S86,False
44749,concrete_sample_3M,rb0209_discovery_44749,86,87,S87 | VESUVIO/back/S87,False
44749,concrete_sample_3M,rb0209_discovery_44749,87,88,S88 | VESUVIO/back/S88,False
44749,concrete_sample_3M,rb0209_discovery_44749,88,89,S89 | VESUVIO/back/S89,False
44749,concrete_sample_3M,rb0209_discovery_44749,89,90,S90 | VESUVIO/back/S90,False
44749,concrete_sample_3M,rb0209_discovery_44749,90,91,S91 | VESUVIO/back/S91,False
44749,concrete_sample_3M,rb0209_discovery_44749,91,92,S92 | VESUVIO/back/S92,False
44749,concrete_sample_3M,rb0209_discovery_44749,92,93,S93 | VESUVIO/back/S93,False
44749,concrete_sample_3M,rb0209_discovery_44749,93,94,S94 | VESUVIO/back/S94,False
44749,concrete_sample_3M,rb0209_discovery_44749,94,95,S95 | VESUVIO/back/S95,False
44749,concrete_sample_3M,rb0209_discovery_44749,95,96,S96 | VESUVIO/back/S96,False
44749,concrete_sample_3M,rb0209_discovery_44749,96,97,S97 | VESUVIO/back/S97,False
44749,concrete_sample_3M,rb0209_discovery_44749,97,98,S98 | VESUVIO/back/S98,False
44749,concrete_sample_3M,rb0209_discovery_44749,98,99,S99 | VESUVIO/back/S99,False
44749,concrete_sample_3M,rb0209_discovery_44749,99,100,S100 | VESUVIO/back/S100,False
44749,concrete_sample_3M,rb0209_discovery_44749,100,101,S101 | VESUVIO/back/S101,False
44749,concrete_sample_3M,rb0209_discovery_44749,101,102,S102 | VESUVIO/back/S102,False
44749,concrete_sample_3M,rb0209_discovery_44749,102,103,S103 | VESUVIO/back/S103,False
44749,concrete_sample_3M,rb0209_discovery_44749,103,104,S104 | VESUVIO/back/S104,False
44749,concrete_sample_3M,rb0209_discovery_44749,104,105,S105 | VESUVIO/back/S105,False
44749,concrete_sample_3M,rb0209_discovery_44749,105,106,S106 | VESUVIO/back/S106,False
44749,concrete_sample_3M,rb0209_discovery_44749,106,107,S107 | VESUVIO/back/S107,False
44749,concrete_sample_3M,rb0209_discovery_44749,107,108,S108 | VESUVIO/back/S108,False
44749,concrete_sample_3M,rb0209_discovery_44749,108,109,S109 | VESUVIO/back/S109,False
44749,concrete_sample_3M,rb0209_discovery_44749,109,110,S110 | VESUVIO/back/S110,False
44749,concrete_sample_3M,rb0209_discovery_44749,110,111,S111 | VESUVIO/back/S111,False
44749,concrete_sample_3M,rb0209_discovery_44749,111,112,S112 | VESUVIO/back/S112,False
44749,concrete_sample_3M,rb0209_discovery_44749,112,113,S113 | VESUVIO/back/S113,False
44749,concrete_sample_3M,rb0209_discovery_44749,113,114,S114 | VESUVIO/back/S114,False
44749,concrete_sample_3M,rb0209_discovery_44749,114,115,S115 | VESUVIO/back/S115,False
44749,concrete_sample_3M,rb0209_discovery_44749,115,116,S116 | VESUVIO/back/S116,False
44749,concrete_sample_3M,rb0209_discovery_44749,116,117,S117 | VESUVIO/back/S117,False
44749,concrete_sample_3M,rb0209_discovery_44749,117,118,S118 | VESUVIO/back/S118,False
44749,concrete_sample_3M,rb0209_discovery_44749,118,119,S119 | VESUVIO/back/S119,False
44749,concrete_sample_3M,rb0209_discovery_44749,119,120,S120 | VESUVIO/back/S120,False
44749,concrete_sample_3M,rb0209_discovery_44749,120,121,S121 | VESUVIO/back/S121,False
44749,concrete_sample_3M,rb0209_discovery_44749,121,122,S122 | VESUVIO/back/S122,False
44749,concrete_sample_3M,rb0209_discovery_44749,122,123,S123 | VESUVIO/back/S123,False
44749,concrete_sample_3M,rb0209_discovery_44749,123,124,S124 | VESUVIO/back/S124,False
44749,concrete_sample_3M,rb0209_discovery_44749,124,125,S125 | VESUVIO/back/S125,False
44749,concrete_sample_3M,rb0209_discovery_44749,125,126,S126 | VESUVIO/back/S126,False
44749,concrete_sample_3M,rb0209_discovery_44749,126,127,S127 | VESUVIO/back/S127,False
44749,concrete_sample_3M,rb0209_discovery_44749,127,128,S128 | VESUVIO/back/S128,False
44749,concrete_sample_3M,rb0209_discovery_44749,128,129,S129 | VESUVIO/back/S129,False
44749,concrete_sample_3M,rb0209_discovery_44749,129,130,S130 | VESUVIO/back/S130,False
44749,concrete_sample_3M,rb0209_discovery_44749,130,131,S131 | VESUVIO/back/S131,False
44749,concrete_sample_3M,rb0209_discovery_44749,131,132,S132 | VESUVIO/back/S132,False
44749,concrete_sample_3M,rb0209_discovery_44749,132,133,S133 | VESUVIO/back/S133,False
44749,concrete_sample_3M,rb0209_discovery_44749,133,134,S134 | VESUVIO/back/S134,False
44749,concrete_sample_3M,rb0209_discovery_44749,134,135,pixel forward | VESUVIO/forward/pixel forward,False
44749,concrete_sample_3M,rb0209_discovery_44749,135,136,pixel forward | VESUVIO/forward/pixel forward,False
44749,concrete_sample_3M,rb0209_discovery_44749,136,137,pixel forward | VESUVIO/forward/pixel forward,False
44749,concrete_sample_3M,rb0209_discovery_44749,137,138,pixel forward | VESUVIO/forward/pixel forward,False
44749,concrete_sample_3M,rb0209_discovery_44749,138,139,pixel forward | VESUVIO/forward/pixel forward,False
44749,concrete_sample_3M,rb0209_discovery_44749,139,140,pixel forward | VESUVIO/forward/pixel forward,False
44749,concrete_sample_3M,rb0209_discovery_44749,140,141,pixel forward | VESUVIO/forward/pixel forward,False
44749,concrete_sample_3M,rb0209_discovery_44749,141,142,pixel forward | VESUVIO/forward/pixel forward,False
44749,concrete_sample_3M,rb0209_discovery_44749,142,143,pixel forward | VESUVIO/forward/pixel forward,False
44749,concrete_sample_3M,rb0209_discovery_44749,143,144,pixel forward | VESUVIO/forward/pixel forward,False
44749,concrete_sample_3M,rb0209_discovery_44749,144,145,pixel forward | VESUVIO/forward/pixel forward,False
44749,concrete_sample_3M,rb0209_discovery_44749,145,146,pixel forward | VESUVIO/forward/pixel forward,False
44749,concrete_sample_3M,rb0209_discovery_44749,146,147,pixel forward | VESUVIO/forward/pixel forward,False
44749,concrete_sample_3M,rb0209_discovery_44749,147,148,pixel forward | VESUVIO/forward/pixel forward,False
44749,concrete_sample_3M,rb0209_discovery_44749,148,149,pixel forward | VESUVIO/forward/pixel forward,False
44749,concrete_sample_3M,rb0209_discovery_44749,149,150,pixel forward | VESUVIO/forward/pixel forward,False
44749,concrete_sample_3M,rb0209_discovery_44749,150,151,pixel forward | VESUVIO/forward/pixel forward,False
44749,concrete_sample_3M,rb0209_discovery_44749,151,152,pixel forward | VESUVIO/forward/pixel forward,False
44749,concrete_sample_3M,rb0209_discovery_44749,152,153,pixel forward | VESUVIO/forward/pixel forward,False
44749,concrete_sample_3M,rb0209_discovery_44749,153,154,pixel forward | VESUVIO/forward/pixel forward,False
44749,concrete_sample_3M,rb0209_discovery_44749,154,155,pixel forward | VESUVIO/forward/pixel forward,False
44749,concrete_sample_3M,rb0209_discovery_44749,155,156,pixel forward | VESUVIO/forward/pixel forward,False
44749,concrete_sample_3M,rb0209_discovery_44749,156,157,pixel forward | VESUVIO/forward/pixel forward,False
44749,concrete_sample_3M,rb0209_discovery_44749,157,158,pixel forward | VESUVIO/forward/pixel forward,False
44749,concrete_sample_3M,rb0209_discovery_44749,158,159,pixel forward | VESUVIO/forward/pixel forward,False
44749,concrete_sample_3M,rb0209_discovery_44749,159,160,pixel forward | VESUVIO/forward/pixel forward,False
44749,concrete_sample_3M,rb0209_discovery_44749,160,161,pixel forward | VESUVIO/forward/pixel forward,False
44749,concrete_sample_3M,rb0209_discovery_44749,161,162,pixel forward | VESUVIO/forward/pixel forward,False
44749,concrete_sample_3M,rb0209_discovery_44749,162,163,pixel forward | VESUVIO/forward/pixel forward,False
44749,concrete_sample_3M,rb0209_discovery_44749,163,164,pixel forward | VESUVIO/forward/pixel forward,False
44749,concrete_sample_3M,rb0209_discovery_44749,164,165,pixel forward | VESUVIO/forward/pixel forward,False
44749,concrete_sample_3M,rb0209_discovery_44749,165,166,pixel forward | VESUVIO/forward/pixel forward,False
44749,concrete_sample_3M,rb0209_discovery_44749,166,167,pixel forward | VESUVIO/forward/pixel forward,False
44749,concrete_sample_3M,rb0209_discovery_44749,167,168,pixel forward | VESUVIO/forward/pixel forward,False
44749,concrete_sample_3M,rb0209_discovery_44749,168,169,pixel forward | VESUVIO/forward/pixel forward,False
44749,concrete_sample_3M,rb0209_discovery_44749,169,170,pixel forward | VESUVIO/forward/pixel forward,False
44749,concrete_sample_3M,rb0209_discovery_44749,170,171,pixel forward | VESUVIO/forward/pixel forward,False
44749,concrete_sample_3M,rb0209_discovery_44749,171,172,pixel forward | VESUVIO/forward/pixel forward,False
44749,concrete_sample_3M,rb0209_discovery_44749,172,173,pixel forward | VESUVIO/forward/pixel forward,False
44749,concrete_sample_3M,rb0209_discovery_44749,173,174,pixel forward | VESUVIO/forward/pixel forward,False
44749,concrete_sample_3M,rb0209_discovery_44749,174,175,pixel forward | VESUVIO/forward/pixel forward,False
44749,concrete_sample_3M,rb0209_discovery_44749,175,176,pixel forward | VESUVIO/forward/pixel forward,False
44749,concrete_sample_3M,rb0209_discovery_44749,176,177,pixel forward | VESUVIO/forward/pixel forward,False
44749,concrete_sample_3M,rb0209_discovery_44749,177,178,pixel forward | VESUVIO/forward/pixel forward,False
44749,concrete_sample_3M,rb0209_discovery_44749,178,179,pixel forward | VESUVIO/forward/pixel forward,False
44749,concrete_sample_3M,rb0209_discovery_44749,179,180,pixel forward | VESUVIO/forward/pixel forward,False
44749,concrete_sample_3M,rb0209_discovery_44749,180,181,pixel forward | VESUVIO/forward/pixel forward,False
44749,concrete_sample_3M,rb0209_discovery_44749,181,182,pixel forward | VESUVIO/forward/pixel forward,False
44749,concrete_sample_3M,rb0209_discovery_44749,182,183,pixel forward | VESUVIO/forward/pixel forward,False
44749,concrete_sample_3M,rb0209_discovery_44749,183,184,pixel forward | VESUVIO/forward/pixel forward,False
44749,concrete_sample_3M,rb0209_discovery_44749,184,185,pixel forward | VESUVIO/forward/pixel forward,False
44749,concrete_sample_3M,rb0209_discovery_44749,185,186,pixel forward | VESUVIO/forward/pixel forward,False
44749,concrete_sample_3M,rb0209_discovery_44749,186,187,pixel forward | VESUVIO/forward/pixel forward,False
44749,concrete_sample_3M,rb0209_discovery_44749,187,188,pixel forward | VESUVIO/forward/pixel forward,False
44749,concrete_sample_3M,rb0209_discovery_44749,188,189,pixel forward | VESUVIO/forward/pixel forward,False
44749,concrete_sample_3M,rb0209_discovery_44749,189,190,pixel forward | VESUVIO/forward/pixel forward,False
44749,concrete_sample_3M,rb0209_discovery_44749,190,191,pixel forward | VESUVIO/forward/pixel forward,False
44749,concrete_sample_3M,rb0209_discovery_44749,191,192,pixel forward | VESUVIO/forward/pixel forward,False
44749,concrete_sample_3M,rb0209_discovery_44749,192,193,pixel forward | VESUVIO/forward/pixel forward,False
44749,concrete_sample_3M,rb0209_discovery_44749,193,194,pixel forward | VESUVIO/forward/pixel forward,False
44749,concrete_sample_3M,rb0209_discovery_44749,194,195,pixel forward | VESUVIO/forward/pixel forward,False
44749,concrete_sample_3M,rb0209_discovery_44749,195,196,pixel forward | VESUVIO/forward/pixel forward,False
44749,concrete_sample_3M,rb0209_discovery_44749,196,197,pixel forward | VESUVIO/forward/pixel forward,False
44749,concrete_sample_3M,rb0209_discovery_44749,197,198,pixel forward | VESUVIO/forward/pixel forward,False
44779,concrete_sample_5I,rb0209_discovery_44779,0,1,Monitor 1 | VESUVIO/Monitor 1,False
44779,concrete_sample_5I,rb0209_discovery_44779,1,2,Monitor 2 | VESUVIO/Monitor 2,False
44779,concrete_sample_5I,rb0209_discovery_44779,2,3,S3 | VESUVIO/back/S3,False
44779,concrete_sample_5I,rb0209_discovery_44779,3,4,S4 | VESUVIO/back/S4,False
44779,concrete_sample_5I,rb0209_discovery_44779,4,5,S5 | VESUVIO/back/S5,False
44779,concrete_sample_5I,rb0209_discovery_44779,5,6,S6 | VESUVIO/back/S6,False
44779,concrete_sample_5I,rb0209_discovery_44779,6,7,S7 | VESUVIO/back/S7,False
44779,concrete_sample_5I,rb0209_discovery_44779,7,8,S8 | VESUVIO/back/S8,False
44779,concrete_sample_5I,rb0209_discovery_44779,8,9,S9 | VESUVIO/back/S9,False
44779,concrete_sample_5I,rb0209_discovery_44779,9,10,S10 | VESUVIO/back/S10,False
44779,concrete_sample_5I,rb0209_discovery_44779,10,11,S11 | VESUVIO/back/S11,False
44779,concrete_sample_5I,rb0209_discovery_44779,11,12,S12 | VESUVIO/back/S12,False
44779,concrete_sample_5I,rb0209_discovery_44779,12,13,S13 | VESUVIO/back/S13,False
44779,concrete_sample_5I,rb0209_discovery_44779,13,14,S14 | VESUVIO/back/S14,False
44779,concrete_sample_5I,rb0209_discovery_44779,14,15,S15 | VESUVIO/back/S15,False
44779,concrete_sample_5I,rb0209_discovery_44779,15,16,S16 | VESUVIO/back/S16,False
44779,concrete_sample_5I,rb0209_discovery_44779,16,17,S17 | VESUVIO/back/S17,False
44779,concrete_sample_5I,rb0209_discovery_44779,17,18,S18 | VESUVIO/back/S18,False
44779,concrete_sample_5I,rb0209_discovery_44779,18,19,S19 | VESUVIO/back/S19,False
44779,concrete_sample_5I,rb0209_discovery_44779,19,20,S20 | VESUVIO/back/S20,False
44779,concrete_sample_5I,rb0209_discovery_44779,20,21,S21 | VESUVIO/back/S21,False
44779,concrete_sample_5I,rb0209_discovery_44779,21,22,S22 | VESUVIO/back/S22,False
44779,concrete_sample_5I,rb0209_discovery_44779,22,23,S23 | VESUVIO/back/S23,False
44779,concrete_sample_5I,rb0209_discovery_44779,23,24,S24 | VESUVIO/back/S24,False
44779,concrete_sample_5I,rb0209_discovery_44779,24,25,S25 | VESUVIO/back/S25,False
44779,concrete_sample_5I,rb0209_discovery_44779,25,26,S26 | VESUVIO/back/S26,False
44779,concrete_sample_5I,rb0209_discovery_44779,26,27,S27 | VESUVIO/back/S27,False
44779,concrete_sample_5I,rb0209_discovery_44779,27,28,S28 | VESUVIO/back/S28,False
44779,concrete_sample_5I,rb0209_discovery_44779,28,29,S29 | VESUVIO/back/S29,False
44779,concrete_sample_5I,rb0209_discovery_44779,29,30,S30 | VESUVIO/back/S30,False
44779,concrete_sample_5I,rb0209_discovery_44779,30,31,S31 | VESUVIO/back/S31,False
44779,concrete_sample_5I,rb0209_discovery_44779,31,32,S32 | VESUVIO/back/S32,False
44779,concrete_sample_5I,rb0209_discovery_44779,32,33,S33 | VESUVIO/back/S33,False
44779,concrete_sample_5I,rb0209_discovery_44779,33,34,S34 | VESUVIO/back/S34,False
44779,concrete_sample_5I,rb0209_discovery_44779,34,35,S35 | VESUVIO/back/S35,False
44779,concrete_sample_5I,rb0209_discovery_44779,35,36,S36 | VESUVIO/back/S36,False
44779,concrete_sample_5I,rb0209_discovery_44779,36,37,S37 | VESUVIO/back/S37,False
44779,concrete_sample_5I,rb0209_discovery_44779,37,38,S38 | VESUVIO/back/S38,False
44779,concrete_sample_5I,rb0209_discovery_44779,38,39,S39 | VESUVIO/back/S39,False
44779,concrete_sample_5I,rb0209_discovery_44779,39,40,S40 | VESUVIO/back/S40,False
44779,concrete_sample_5I,rb0209_discovery_44779,40,41,S41 | VESUVIO/back/S41,False
44779,concrete_sample_5I,rb0209_discovery_44779,41,42,S42 | VESUVIO/back/S42,False
44779,concrete_sample_5I,rb0209_discovery_44779,42,43,S43 | VESUVIO/back/S43,False
44779,concrete_sample_5I,rb0209_discovery_44779,43,44,S44 | VESUVIO/back/S44,False
44779,concrete_sample_5I,rb0209_discovery_44779,44,45,S45 | VESUVIO/back/S45,False
44779,concrete_sample_5I,rb0209_discovery_44779,45,46,S46 | VESUVIO/back/S46,False
44779,concrete_sample_5I,rb0209_discovery_44779,46,47,S47 | VESUVIO/back/S47,False
44779,concrete_sample_5I,rb0209_discovery_44779,47,48,S48 | VESUVIO/back/S48,False
44779,concrete_sample_5I,rb0209_discovery_44779,48,49,S49 | VESUVIO/back/S49,False
44779,concrete_sample_5I,rb0209_discovery_44779,49,50,S50 | VESUVIO/back/S50,False
44779,concrete_sample_5I,rb0209_discovery_44779,50,51,S51 | VESUVIO/back/S51,False
44779,concrete_sample_5I,rb0209_discovery_44779,51,52,S52 | VESUVIO/back/S52,False
44779,concrete_sample_5I,rb0209_discovery_44779,52,53,S53 | VESUVIO/back/S53,False
44779,concrete_sample_5I,rb0209_discovery_44779,53,54,S54 | VESUVIO/back/S54,False
44779,concrete_sample_5I,rb0209_discovery_44779,54,55,S55 | VESUVIO/back/S55,False
44779,concrete_sample_5I,rb0209_discovery_44779,55,56,S56 | VESUVIO/back/S56,False
44779,concrete_sample_5I,rb0209_discovery_44779,56,57,S57 | VESUVIO/back/S57,False
44779,concrete_sample_5I,rb0209_discovery_44779,57,58,S58 | VESUVIO/back/S58,False
44779,concrete_sample_5I,rb0209_discovery_44779,58,59,S59 | VESUVIO/back/S59,False
44779,concrete_sample_5I,rb0209_discovery_44779,59,60,S60 | VESUVIO/back/S60,False
44779,concrete_sample_5I,rb0209_discovery_44779,60,61,S61 | VESUVIO/back/S61,False
44779,concrete_sample_5I,rb0209_discovery_44779,61,62,S62 | VESUVIO/back/S62,False
44779,concrete_sample_5I,rb0209_discovery_44779,62,63,S63 | VESUVIO/back/S63,False
44779,concrete_sample_5I,rb0209_discovery_44779,63,64,S64 | VESUVIO/back/S64,False
44779,concrete_sample_5I,rb0209_discovery_44779,64,65,S65 | VESUVIO/back/S65,False
44779,concrete_sample_5I,rb0209_discovery_44779,65,66,S66 | VESUVIO/back/S66,False
44779,concrete_sample_5I,rb0209_discovery_44779,66,67,S67 | VESUVIO/back/S67,False
44779,concrete_sample_5I,rb0209_discovery_44779,67,68,S68 | VESUVIO/back/S68,False
44779,concrete_sample_5I,rb0209_discovery_44779,68,69,S69 | VESUVIO/back/S69,False
44779,concrete_sample_5I,rb0209_discovery_44779,69,70,S70 | VESUVIO/back/S70,False
44779,concrete_sample_5I,rb0209_discovery_44779,70,71,S71 | VESUVIO/back/S71,False
44779,concrete_sample_5I,rb0209_discovery_44779,71,72,S72 | VESUVIO/back/S72,False
44779,concrete_sample_5I,rb0209_discovery_44779,72,73,S73 | VESUVIO/back/S73,False
44779,concrete_sample_5I,rb0209_discovery_44779,73,74,S74 | VESUVIO/back/S74,False
44779,concrete_sample_5I,rb0209_discovery_44779,74,75,S75 | VESUVIO/back/S75,False
44779,concrete_sample_5I,rb0209_discovery_44779,75,76,S76 | VESUVIO/back/S76,False
44779,concrete_sample_5I,rb0209_discovery_44779,76,77,S77 | VESUVIO/back/S77,False
44779,concrete_sample_5I,rb0209_discovery_44779,77,78,S78 | VESUVIO/back/S78,False
44779,concrete_sample_5I,rb0209_discovery_44779,78,79,S79 | VESUVIO/back/S79,False
44779,concrete_sample_5I,rb0209_discovery_44779,79,80,S80 | VESUVIO/back/S80,False
44779,concrete_sample_5I,rb0209_discovery_44779,80,81,S81 | VESUVIO/back/S81,False
44779,concrete_sample_5I,rb0209_discovery_44779,81,82,S82 | VESUVIO/back/S82,False
44779,concrete_sample_5I,rb0209_discovery_44779,82,83,S83 | VESUVIO/back/S83,False
44779,concrete_sample_5I,rb0209_discovery_44779,83,84,S84 | VESUVIO/back/S84,False
44779,concrete_sample_5I,rb0209_discovery_44779,84,85,S85 | VESUVIO/back/S85,False
44779,concrete_sample_5I,rb0209_discovery_44779,85,86,S86 | VESUVIO/back/S86,False
44779,concrete_sample_5I,rb0209_discovery_44779,86,87,S87 | VESUVIO/back/S87,False
44779,concrete_sample_5I,rb0209_discovery_44779,87,88,S88 | VESUVIO/back/S88,False
44779,concrete_sample_5I,rb0209_discovery_44779,88,89,S89 | VESUVIO/back/S89,False
44779,concrete_sample_5I,rb0209_discovery_44779,89,90,S90 | VESUVIO/back/S90,False
44779,concrete_sample_5I,rb0209_discovery_44779,90,91,S91 | VESUVIO/back/S91,False
44779,concrete_sample_5I,rb0209_discovery_44779,91,92,S92 | VESUVIO/back/S92,False
44779,concrete_sample_5I,rb0209_discovery_44779,92,93,S93 | VESUVIO/back/S93,False
44779,concrete_sample_5I,rb0209_discovery_44779,93,94,S94 | VESUVIO/back/S94,False
44779,concrete_sample_5I,rb0209_discovery_44779,94,95,S95 | VESUVIO/back/S95,False
44779,concrete_sample_5I,rb0209_discovery_44779,95,96,S96 | VESUVIO/back/S96,False
44779,concrete_sample_5I,rb0209_discovery_44779,96,97,S97 | VESUVIO/back/S97,False
44779,concrete_sample_5I,rb0209_discovery_44779,97,98,S98 | VESUVIO/back/S98,False
44779,concrete_sample_5I,rb0209_discovery_44779,98,99,S99 | VESUVIO/back/S99,False
44779,concrete_sample_5I,rb0209_discovery_44779,99,100,S100 | VESUVIO/back/S100,False
44779,concrete_sample_5I,rb0209_discovery_44779,100,101,S101 | VESUVIO/back/S101,False
44779,concrete_sample_5I,rb0209_discovery_44779,101,102,S102 | VESUVIO/back/S102,False
44779,concrete_sample_5I,rb0209_discovery_44779,102,103,S103 | VESUVIO/back/S103,False
44779,concrete_sample_5I,rb0209_discovery_44779,103,104,S104 | VESUVIO/back/S104,False
44779,concrete_sample_5I,rb0209_discovery_44779,104,105,S105 | VESUVIO/back/S105,False
44779,concrete_sample_5I,rb0209_discovery_44779,105,106,S106 | VESUVIO/back/S106,False
44779,concrete_sample_5I,rb0209_discovery_44779,106,107,S107 | VESUVIO/back/S107,False
44779,concrete_sample_5I,rb0209_discovery_44779,107,108,S108 | VESUVIO/back/S108,False
44779,concrete_sample_5I,rb0209_discovery_44779,108,109,S109 | VESUVIO/back/S109,False
44779,concrete_sample_5I,rb0209_discovery_44779,109,110,S110 | VESUVIO/back/S110,False
44779,concrete_sample_5I,rb0209_discovery_44779,110,111,S111 | VESUVIO/back/S111,False
44779,concrete_sample_5I,rb0209_discovery_44779,111,112,S112 | VESUVIO/back/S112,False
44779,concrete_sample_5I,rb0209_discovery_44779,112,113,S113 | VESUVIO/back/S113,False
44779,concrete_sample_5I,rb0209_discovery_44779,113,114,S114 | VESUVIO/back/S114,False
44779,concrete_sample_5I,rb0209_discovery_44779,114,115,S115 | VESUVIO/back/S115,False
44779,concrete_sample_5I,rb0209_discovery_44779,115,116,S116 | VESUVIO/back/S116,False
44779,concrete_sample_5I,rb0209_discovery_44779,116,117,S117 | VESUVIO/back/S117,False
44779,concrete_sample_5I,rb0209_discovery_44779,117,118,S118 | VESUVIO/back/S118,False
44779,concrete_sample_5I,rb0209_discovery_44779,118,119,S119 | VESUVIO/back/S119,False
44779,concrete_sample_5I,rb0209_discovery_44779,119,120,S120 | VESUVIO/back/S120,False
44779,concrete_sample_5I,rb0209_discovery_44779,120,121,S121 | VESUVIO/back/S121,False
44779,concrete_sample_5I,rb0209_discovery_44779,121,122,S122 | VESUVIO/back/S122,False
44779,concrete_sample_5I,rb0209_discovery_44779,122,123,S123 | VESUVIO/back/S123,False
44779,concrete_sample_5I,rb0209_discovery_44779,123,124,S124 | VESUVIO/back/S124,False
44779,concrete_sample_5I,rb0209_discovery_44779,124,125,S125 | VESUVIO/back/S125,False
44779,concrete_sample_5I,rb0209_discovery_44779,125,126,S126 | VESUVIO/back/S126,False
44779,concrete_sample_5I,rb0209_discovery_44779,126,127,S127 | VESUVIO/back/S127,False
44779,concrete_sample_5I,rb0209_discovery_44779,127,128,S128 | VESUVIO/back/S128,False
44779,concrete_sample_5I,rb0209_discovery_44779,128,129,S129 | VESUVIO/back/S129,False
44779,concrete_sample_5I,rb0209_discovery_44779,129,130,S130 | VESUVIO/back/S130,False
44779,concrete_sample_5I,rb0209_discovery_44779,130,131,S131 | VESUVIO/back/S131,False
44779,concrete_sample_5I,rb0209_discovery_44779,131,132,S132 | VESUVIO/back/S132,False
44779,concrete_sample_5I,rb0209_discovery_44779,132,133,S133 | VESUVIO/back/S133,False
44779,concrete_sample_5I,rb0209_discovery_44779,133,134,S134 | VESUVIO/back/S134,False
44779,concrete_sample_5I,rb0209_discovery_44779,134,135,pixel forward | VESUVIO/forward/pixel forward,False
44779,concrete_sample_5I,rb0209_discovery_44779,135,136,pixel forward | VESUVIO/forward/pixel forward,False
44779,concrete_sample_5I,rb0209_discovery_44779,136,137,pixel forward | VESUVIO/forward/pixel forward,False
44779,concrete_sample_5I,rb0209_discovery_44779,137,138,pixel forward | VESUVIO/forward/pixel forward,False
44779,concrete_sample_5I,rb0209_discovery_44779,138,139,pixel forward | VESUVIO/forward/pixel forward,False
44779,concrete_sample_5I,rb0209_discovery_44779,139,140,pixel forward | VESUVIO/forward/pixel forward,False
44779,concrete_sample_5I,rb0209_discovery_44779,140,141,pixel forward | VESUVIO/forward/pixel forward,False
44779,concrete_sample_5I,rb0209_discovery_44779,141,142,pixel forward | VESUVIO/forward/pixel forward,False
44779,concrete_sample_5I,rb0209_discovery_44779,142,143,pixel forward | VESUVIO/forward/pixel forward,False
44779,concrete_sample_5I,rb0209_discovery_44779,143,144,pixel forward | VESUVIO/forward/pixel forward,False
44779,concrete_sample_5I,rb0209_discovery_44779,144,145,pixel forward | VESUVIO/forward/pixel forward,False
44779,concrete_sample_5I,rb0209_discovery_44779,145,146,pixel forward | VESUVIO/forward/pixel forward,False
44779,concrete_sample_5I,rb0209_discovery_44779,146,147,pixel forward | VESUVIO/forward/pixel forward,False
44779,concrete_sample_5I,rb0209_discovery_44779,147,148,pixel forward | VESUVIO/forward/pixel forward,False
44779,concrete_sample_5I,rb0209_discovery_44779,148,149,pixel forward | VESUVIO/forward/pixel forward,False
44779,concrete_sample_5I,rb0209_discovery_44779,149,150,pixel forward | VESUVIO/forward/pixel forward,False
44779,concrete_sample_5I,rb0209_discovery_44779,150,151,pixel forward | VESUVIO/forward/pixel forward,False
44779,concrete_sample_5I,rb0209_discovery_44779,151,152,pixel forward | VESUVIO/forward/pixel forward,False
44779,concrete_sample_5I,rb0209_discovery_44779,152,153,pixel forward | VESUVIO/forward/pixel forward,False
44779,concrete_sample_5I,rb0209_discovery_44779,153,154,pixel forward | VESUVIO/forward/pixel forward,False
44779,concrete_sample_5I,rb0209_discovery_44779,154,155,pixel forward | VESUVIO/forward/pixel forward,False
44779,concrete_sample_5I,rb0209_discovery_44779,155,156,pixel forward | VESUVIO/forward/pixel forward,False
44779,concrete_sample_5I,rb0209_discovery_44779,156,157,pixel forward | VESUVIO/forward/pixel forward,False
44779,concrete_sample_5I,rb0209_discovery_44779,157,158,pixel forward | VESUVIO/forward/pixel forward,False
44779,concrete_sample_5I,rb0209_discovery_44779,158,159,pixel forward | VESUVIO/forward/pixel forward,False
44779,concrete_sample_5I,rb0209_discovery_44779,159,160,pixel forward | VESUVIO/forward/pixel forward,False
44779,concrete_sample_5I,rb0209_discovery_44779,160,161,pixel forward | VESUVIO/forward/pixel forward,False
44779,concrete_sample_5I,rb0209_discovery_44779,161,162,pixel forward | VESUVIO/forward/pixel forward,False
44779,concrete_sample_5I,rb0209_discovery_44779,162,163,pixel forward | VESUVIO/forward/pixel forward,False
44779,concrete_sample_5I,rb0209_discovery_44779,163,164,pixel forward | VESUVIO/forward/pixel forward,False
44779,concrete_sample_5I,rb0209_discovery_44779,164,165,pixel forward | VESUVIO/forward/pixel forward,False
44779,concrete_sample_5I,rb0209_discovery_44779,165,166,pixel forward | VESUVIO/forward/pixel forward,False
44779,concrete_sample_5I,rb0209_discovery_44779,166,167,pixel forward | VESUVIO/forward/pixel forward,False
44779,concrete_sample_5I,rb0209_discovery_44779,167,168,pixel forward | VESUVIO/forward/pixel forward,False
44779,concrete_sample_5I,rb0209_discovery_44779,168,169,pixel forward | VESUVIO/forward/pixel forward,False
44779,concrete_sample_5I,rb0209_discovery_44779,169,170,pixel forward | VESUVIO/forward/pixel forward,False
44779,concrete_sample_5I,rb0209_discovery_44779,170,171,pixel forward | VESUVIO/forward/pixel forward,False
44779,concrete_sample_5I,rb0209_discovery_44779,171,172,pixel forward | VESUVIO/forward/pixel forward,False
44779,concrete_sample_5I,rb0209_discovery_44779,172,173,pixel forward | VESUVIO/forward/pixel forward,False
44779,concrete_sample_5I,rb0209_discovery_44779,173,174,pixel forward | VESUVIO/forward/pixel forward,False
44779,concrete_sample_5I,rb0209_discovery_44779,174,175,pixel forward | VESUVIO/forward/pixel forward,False
44779,concrete_sample_5I,rb0209_discovery_44779,175,176,pixel forward | VESUVIO/forward/pixel forward,False
44779,concrete_sample_5I,rb0209_discovery_44779,176,177,pixel forward | VESUVIO/forward/pixel forward,False
44779,concrete_sample_5I,rb0209_discovery_44779,177,178,pixel forward | VESUVIO/forward/pixel forward,False
44779,concrete_sample_5I,rb0209_discovery_44779,178,179,pixel forward | VESUVIO/forward/pixel forward,False
44779,concrete_sample_5I,rb0209_discovery_44779,179,180,pixel forward | VESUVIO/forward/pixel forward,False
44779,concrete_sample_5I,rb0209_discovery_44779,180,181,pixel forward | VESUVIO/forward/pixel forward,False
44779,concrete_sample_5I,rb0209_discovery_44779,181,182,pixel forward | VESUVIO/forward/pixel forward,False
44779,concrete_sample_5I,rb0209_discovery_44779,182,183,pixel forward | VESUVIO/forward/pixel forward,False
44779,concrete_sample_5I,rb0209_discovery_44779,183,184,pixel forward | VESUVIO/forward/pixel forward,False
44779,concrete_sample_5I,rb0209_discovery_44779,184,185,pixel forward | VESUVIO/forward/pixel forward,False
44779,concrete_sample_5I,rb0209_discovery_44779,185,186,pixel forward | VESUVIO/forward/pixel forward,False
44779,concrete_sample_5I,rb0209_discovery_44779,186,187,pixel forward | VESUVIO/forward/pixel forward,False
44779,concrete_sample_5I,rb0209_discovery_44779,187,188,pixel forward | VESUVIO/forward/pixel forward,False
44779,concrete_sample_5I,rb0209_discovery_44779,188,189,pixel forward | VESUVIO/forward/pixel forward,False
44779,concrete_sample_5I,rb0209_discovery_44779,189,190,pixel forward | VESUVIO/forward/pixel forward,False
44779,concrete_sample_5I,rb0209_discovery_44779,190,191,pixel forward | VESUVIO/forward/pixel forward,False
44779,concrete_sample_5I,rb0209_discovery_44779,191,192,pixel forward | VESUVIO/forward/pixel forward,False
44779,concrete_sample_5I,rb0209_discovery_44779,192,193,pixel forward | VESUVIO/forward/pixel forward,False
44779,concrete_sample_5I,rb0209_discovery_44779,193,194,pixel forward | VESUVIO/forward/pixel forward,False
44779,concrete_sample_5I,rb0209_discovery_44779,194,195,pixel forward | VESUVIO/forward/pixel forward,False
44779,concrete_sample_5I,rb0209_discovery_44779,195,196,pixel forward | VESUVIO/forward/pixel forward,False
44779,concrete_sample_5I,rb0209_discovery_44779,196,197,pixel forward | VESUVIO/forward/pixel forward,False
44779,concrete_sample_5I,rb0209_discovery_44779,197,198,pixel forward | VESUVIO/forward/pixel forward,False
44792,late_empty_control,rb0209_discovery_44792,0,1,Monitor 1 | VESUVIO/Monitor 1,False
44792,late_empty_control,rb0209_discovery_44792,1,2,Monitor 2 | VESUVIO/Monitor 2,False
44792,late_empty_control,rb0209_discovery_44792,2,3,S3 | VESUVIO/back/S3,False
44792,late_empty_control,rb0209_discovery_44792,3,4,S4 | VESUVIO/back/S4,False
44792,late_empty_control,rb0209_discovery_44792,4,5,S5 | VESUVIO/back/S5,False
44792,late_empty_control,rb0209_discovery_44792,5,6,S6 | VESUVIO/back/S6,False
44792,late_empty_control,rb0209_discovery_44792,6,7,S7 | VESUVIO/back/S7,False
44792,late_empty_control,rb0209_discovery_44792,7,8,S8 | VESUVIO/back/S8,False
44792,late_empty_control,rb0209_discovery_44792,8,9,S9 | VESUVIO/back/S9,False
44792,late_empty_control,rb0209_discovery_44792,9,10,S10 | VESUVIO/back/S10,False
44792,late_empty_control,rb0209_discovery_44792,10,11,S11 | VESUVIO/back/S11,False
44792,late_empty_control,rb0209_discovery_44792,11,12,S12 | VESUVIO/back/S12,False
44792,late_empty_control,rb0209_discovery_44792,12,13,S13 | VESUVIO/back/S13,False
44792,late_empty_control,rb0209_discovery_44792,13,14,S14 | VESUVIO/back/S14,False
44792,late_empty_control,rb0209_discovery_44792,14,15,S15 | VESUVIO/back/S15,False
44792,late_empty_control,rb0209_discovery_44792,15,16,S16 | VESUVIO/back/S16,False
44792,late_empty_control,rb0209_discovery_44792,16,17,S17 | VESUVIO/back/S17,False
44792,late_empty_control,rb0209_discovery_44792,17,18,S18 | VESUVIO/back/S18,False
44792,late_empty_control,rb0209_discovery_44792,18,19,S19 | VESUVIO/back/S19,False
44792,late_empty_control,rb0209_discovery_44792,19,20,S20 | VESUVIO/back/S20,False
44792,late_empty_control,rb0209_discovery_44792,20,21,S21 | VESUVIO/back/S21,False
44792,late_empty_control,rb0209_discovery_44792,21,22,S22 | VESUVIO/back/S22,False
44792,late_empty_control,rb0209_discovery_44792,22,23,S23 | VESUVIO/back/S23,False
44792,late_empty_control,rb0209_discovery_44792,23,24,S24 | VESUVIO/back/S24,False
44792,late_empty_control,rb0209_discovery_44792,24,25,S25 | VESUVIO/back/S25,False
44792,late_empty_control,rb0209_discovery_44792,25,26,S26 | VESUVIO/back/S26,False
44792,late_empty_control,rb0209_discovery_44792,26,27,S27 | VESUVIO/back/S27,False
44792,late_empty_control,rb0209_discovery_44792,27,28,S28 | VESUVIO/back/S28,False
44792,late_empty_control,rb0209_discovery_44792,28,29,S29 | VESUVIO/back/S29,False
44792,late_empty_control,rb0209_discovery_44792,29,30,S30 | VESUVIO/back/S30,False
44792,late_empty_control,rb0209_discovery_44792,30,31,S31 | VESUVIO/back/S31,False
44792,late_empty_control,rb0209_discovery_44792,31,32,S32 | VESUVIO/back/S32,False
44792,late_empty_control,rb0209_discovery_44792,32,33,S33 | VESUVIO/back/S33,False
44792,late_empty_control,rb0209_discovery_44792,33,34,S34 | VESUVIO/back/S34,False
44792,late_empty_control,rb0209_discovery_44792,34,35,S35 | VESUVIO/back/S35,False
44792,late_empty_control,rb0209_discovery_44792,35,36,S36 | VESUVIO/back/S36,False
44792,late_empty_control,rb0209_discovery_44792,36,37,S37 | VESUVIO/back/S37,False
44792,late_empty_control,rb0209_discovery_44792,37,38,S38 | VESUVIO/back/S38,False
44792,late_empty_control,rb0209_discovery_44792,38,39,S39 | VESUVIO/back/S39,False
44792,late_empty_control,rb0209_discovery_44792,39,40,S40 | VESUVIO/back/S40,False
44792,late_empty_control,rb0209_discovery_44792,40,41,S41 | VESUVIO/back/S41,False
44792,late_empty_control,rb0209_discovery_44792,41,42,S42 | VESUVIO/back/S42,False
44792,late_empty_control,rb0209_discovery_44792,42,43,S43 | VESUVIO/back/S43,False
44792,late_empty_control,rb0209_discovery_44792,43,44,S44 | VESUVIO/back/S44,False
44792,late_empty_control,rb0209_discovery_44792,44,45,S45 | VESUVIO/back/S45,False
44792,late_empty_control,rb0209_discovery_44792,45,46,S46 | VESUVIO/back/S46,False
44792,late_empty_control,rb0209_discovery_44792,46,47,S47 | VESUVIO/back/S47,False
44792,late_empty_control,rb0209_discovery_44792,47,48,S48 | VESUVIO/back/S48,False
44792,late_empty_control,rb0209_discovery_44792,48,49,S49 | VESUVIO/back/S49,False
44792,late_empty_control,rb0209_discovery_44792,49,50,S50 | VESUVIO/back/S50,False
44792,late_empty_control,rb0209_discovery_44792,50,51,S51 | VESUVIO/back/S51,False
44792,late_empty_control,rb0209_discovery_44792,51,52,S52 | VESUVIO/back/S52,False
44792,late_empty_control,rb0209_discovery_44792,52,53,S53 | VESUVIO/back/S53,False
44792,late_empty_control,rb0209_discovery_44792,53,54,S54 | VESUVIO/back/S54,False
44792,late_empty_control,rb0209_discovery_44792,54,55,S55 | VESUVIO/back/S55,False
44792,late_empty_control,rb0209_discovery_44792,55,56,S56 | VESUVIO/back/S56,False
44792,late_empty_control,rb0209_discovery_44792,56,57,S57 | VESUVIO/back/S57,False
44792,late_empty_control,rb0209_discovery_44792,57,58,S58 | VESUVIO/back/S58,False
44792,late_empty_control,rb0209_discovery_44792,58,59,S59 | VESUVIO/back/S59,False
44792,late_empty_control,rb0209_discovery_44792,59,60,S60 | VESUVIO/back/S60,False
44792,late_empty_control,rb0209_discovery_44792,60,61,S61 | VESUVIO/back/S61,False
44792,late_empty_control,rb0209_discovery_44792,61,62,S62 | VESUVIO/back/S62,False
44792,late_empty_control,rb0209_discovery_44792,62,63,S63 | VESUVIO/back/S63,False
44792,late_empty_control,rb0209_discovery_44792,63,64,S64 | VESUVIO/back/S64,False
44792,late_empty_control,rb0209_discovery_44792,64,65,S65 | VESUVIO/back/S65,False
44792,late_empty_control,rb0209_discovery_44792,65,66,S66 | VESUVIO/back/S66,False
44792,late_empty_control,rb0209_discovery_44792,66,67,S67 | VESUVIO/back/S67,False
44792,late_empty_control,rb0209_discovery_44792,67,68,S68 | VESUVIO/back/S68,False
44792,late_empty_control,rb0209_discovery_44792,68,69,S69 | VESUVIO/back/S69,False
44792,late_empty_control,rb0209_discovery_44792,69,70,S70 | VESUVIO/back/S70,False
44792,late_empty_control,rb0209_discovery_44792,70,71,S71 | VESUVIO/back/S71,False
44792,late_empty_control,rb0209_discovery_44792,71,72,S72 | VESUVIO/back/S72,False
44792,late_empty_control,rb0209_discovery_44792,72,73,S73 | VESUVIO/back/S73,False
44792,late_empty_control,rb0209_discovery_44792,73,74,S74 | VESUVIO/back/S74,False
44792,late_empty_control,rb0209_discovery_44792,74,75,S75 | VESUVIO/back/S75,False
44792,late_empty_control,rb0209_discovery_44792,75,76,S76 | VESUVIO/back/S76,False
44792,late_empty_control,rb0209_discovery_44792,76,77,S77 | VESUVIO/back/S77,False
44792,late_empty_control,rb0209_discovery_44792,77,78,S78 | VESUVIO/back/S78,False
44792,late_empty_control,rb0209_discovery_44792,78,79,S79 | VESUVIO/back/S79,False
44792,late_empty_control,rb0209_discovery_44792,79,80,S80 | VESUVIO/back/S80,False
44792,late_empty_control,rb0209_discovery_44792,80,81,S81 | VESUVIO/back/S81,False
44792,late_empty_control,rb0209_discovery_44792,81,82,S82 | VESUVIO/back/S82,False
44792,late_empty_control,rb0209_discovery_44792,82,83,S83 | VESUVIO/back/S83,False
44792,late_empty_control,rb0209_discovery_44792,83,84,S84 | VESUVIO/back/S84,False
44792,late_empty_control,rb0209_discovery_44792,84,85,S85 | VESUVIO/back/S85,False
44792,late_empty_control,rb0209_discovery_44792,85,86,S86 | VESUVIO/back/S86,False
44792,late_empty_control,rb0209_discovery_44792,86,87,S87 | VESUVIO/back/S87,False
44792,late_empty_control,rb0209_discovery_44792,87,88,S88 | VESUVIO/back/S88,False
44792,late_empty_control,rb0209_discovery_44792,88,89,S89 | VESUVIO/back/S89,False
44792,late_empty_control,rb0209_discovery_44792,89,90,S90 | VESUVIO/back/S90,False
44792,late_empty_control,rb0209_discovery_44792,90,91,S91 | VESUVIO/back/S91,False
44792,late_empty_control,rb0209_discovery_44792,91,92,S92 | VESUVIO/back/S92,False
44792,late_empty_control,rb0209_discovery_44792,92,93,S93 | VESUVIO/back/S93,False
44792,late_empty_control,rb0209_discovery_44792,93,94,S94 | VESUVIO/back/S94,False
44792,late_empty_control,rb0209_discovery_44792,94,95,S95 | VESUVIO/back/S95,False
44792,late_empty_control,rb0209_discovery_44792,95,96,S96 | VESUVIO/back/S96,False
44792,late_empty_control,rb0209_discovery_44792,96,97,S97 | VESUVIO/back/S97,False
44792,late_empty_control,rb0209_discovery_44792,97,98,S98 | VESUVIO/back/S98,False
44792,late_empty_control,rb0209_discovery_44792,98,99,S99 | VESUVIO/back/S99,False
44792,late_empty_control,rb0209_discovery_44792,99,100,S100 | VESUVIO/back/S100,False
44792,late_empty_control,rb0209_discovery_44792,100,101,S101 | VESUVIO/back/S101,False
44792,late_empty_control,rb0209_discovery_44792,101,102,S102 | VESUVIO/back/S102,False
44792,late_empty_control,rb0209_discovery_44792,102,103,S103 | VESUVIO/back/S103,False
44792,late_empty_control,rb0209_discovery_44792,103,104,S104 | VESUVIO/back/S104,False
44792,late_empty_control,rb0209_discovery_44792,104,105,S105 | VESUVIO/back/S105,False
44792,late_empty_control,rb0209_discovery_44792,105,106,S106 | VESUVIO/back/S106,False
44792,late_empty_control,rb0209_discovery_44792,106,107,S107 | VESUVIO/back/S107,False
44792,late_empty_control,rb0209_discovery_44792,107,108,S108 | VESUVIO/back/S108,False
44792,late_empty_control,rb0209_discovery_44792,108,109,S109 | VESUVIO/back/S109,False
44792,late_empty_control,rb0209_discovery_44792,109,110,S110 | VESUVIO/back/S110,False
44792,late_empty_control,rb0209_discovery_44792,110,111,S111 | VESUVIO/back/S111,False
44792,late_empty_control,rb0209_discovery_44792,111,112,S112 | VESUVIO/back/S112,False
44792,late_empty_control,rb0209_discovery_44792,112,113,S113 | VESUVIO/back/S113,False
44792,late_empty_control,rb0209_discovery_44792,113,114,S114 | VESUVIO/back/S114,False
44792,late_empty_control,rb0209_discovery_44792,114,115,S115 | VESUVIO/back/S115,False
44792,late_empty_control,rb0209_discovery_44792,115,116,S116 | VESUVIO/back/S116,False
44792,late_empty_control,rb0209_discovery_44792,116,117,S117 | VESUVIO/back/S117,False
44792,late_empty_control,rb0209_discovery_44792,117,118,S118 | VESUVIO/back/S118,False
44792,late_empty_control,rb0209_discovery_44792,118,119,S119 | VESUVIO/back/S119,False
44792,late_empty_control,rb0209_discovery_44792,119,120,S120 | VESUVIO/back/S120,False
44792,late_empty_control,rb0209_discovery_44792,120,121,S121 | VESUVIO/back/S121,False
44792,late_empty_control,rb0209_discovery_44792,121,122,S122 | VESUVIO/back/S122,False
44792,late_empty_control,rb0209_discovery_44792,122,123,S123 | VESUVIO/back/S123,False
44792,late_empty_control,rb0209_discovery_44792,123,124,S124 | VESUVIO/back/S124,False
44792,late_empty_control,rb0209_discovery_44792,124,125,S125 | VESUVIO/back/S125,False
44792,late_empty_control,rb0209_discovery_44792,125,126,S126 | VESUVIO/back/S126,False
44792,late_empty_control,rb0209_discovery_44792,126,127,S127 | VESUVIO/back/S127,False
44792,late_empty_control,rb0209_discovery_44792,127,128,S128 | VESUVIO/back/S128,False
44792,late_empty_control,rb0209_discovery_44792,128,129,S129 | VESUVIO/back/S129,False
44792,late_empty_control,rb0209_discovery_44792,129,130,S130 | VESUVIO/back/S130,False
44792,late_empty_control,rb0209_discovery_44792,130,131,S131 | VESUVIO/back/S131,False
44792,late_empty_control,rb0209_discovery_44792,131,132,S132 | VESUVIO/back/S132,False
44792,late_empty_control,rb0209_discovery_44792,132,133,S133 | VESUVIO/back/S133,False
44792,late_empty_control,rb0209_discovery_44792,133,134,S134 | VESUVIO/back/S134,False
44792,late_empty_control,rb0209_discovery_44792,134,135,pixel forward | VESUVIO/forward/pixel forward,False
44792,late_empty_control,rb0209_discovery_44792,135,136,pixel forward | VESUVIO/forward/pixel forward,False
44792,late_empty_control,rb0209_discovery_44792,136,137,pixel forward | VESUVIO/forward/pixel forward,False
44792,late_empty_control,rb0209_discovery_44792,137,138,pixel forward | VESUVIO/forward/pixel forward,False
44792,late_empty_control,rb0209_discovery_44792,138,139,pixel forward | VESUVIO/forward/pixel forward,False
44792,late_empty_control,rb0209_discovery_44792,139,140,pixel forward | VESUVIO/forward/pixel forward,False
44792,late_empty_control,rb0209_discovery_44792,140,141,pixel forward | VESUVIO/forward/pixel forward,False
44792,late_empty_control,rb0209_discovery_44792,141,142,pixel forward | VESUVIO/forward/pixel forward,False
44792,late_empty_control,rb0209_discovery_44792,142,143,pixel forward | VESUVIO/forward/pixel forward,False
44792,late_empty_control,rb0209_discovery_44792,143,144,pixel forward | VESUVIO/forward/pixel forward,False
44792,late_empty_control,rb0209_discovery_44792,144,145,pixel forward | VESUVIO/forward/pixel forward,False
44792,late_empty_control,rb0209_discovery_44792,145,146,pixel forward | VESUVIO/forward/pixel forward,False
44792,late_empty_control,rb0209_discovery_44792,146,147,pixel forward | VESUVIO/forward/pixel forward,False
44792,late_empty_control,rb0209_discovery_44792,147,148,pixel forward | VESUVIO/forward/pixel forward,False
44792,late_empty_control,rb0209_discovery_44792,148,149,pixel forward | VESUVIO/forward/pixel forward,False
44792,late_empty_control,rb0209_discovery_44792,149,150,pixel forward | VESUVIO/forward/pixel forward,False
44792,late_empty_control,rb0209_discovery_44792,150,151,pixel forward | VESUVIO/forward/pixel forward,False
44792,late_empty_control,rb0209_discovery_44792,151,152,pixel forward | VESUVIO/forward/pixel forward,False
44792,late_empty_control,rb0209_discovery_44792,152,153,pixel forward | VESUVIO/forward/pixel forward,False
44792,late_empty_control,rb0209_discovery_44792,153,154,pixel forward | VESUVIO/forward/pixel forward,False
44792,late_empty_control,rb0209_discovery_44792,154,155,pixel forward | VESUVIO/forward/pixel forward,False
44792,late_empty_control,rb0209_discovery_44792,155,156,pixel forward | VESUVIO/forward/pixel forward,False
44792,late_empty_control,rb0209_discovery_44792,156,157,pixel forward | VESUVIO/forward/pixel forward,False
44792,late_empty_control,rb0209_discovery_44792,157,158,pixel forward | VESUVIO/forward/pixel forward,False
44792,late_empty_control,rb0209_discovery_44792,158,159,pixel forward | VESUVIO/forward/pixel forward,False
44792,late_empty_control,rb0209_discovery_44792,159,160,pixel forward | VESUVIO/forward/pixel forward,False
44792,late_empty_control,rb0209_discovery_44792,160,161,pixel forward | VESUVIO/forward/pixel forward,False
44792,late_empty_control,rb0209_discovery_44792,161,162,pixel forward | VESUVIO/forward/pixel forward,False
44792,late_empty_control,rb0209_discovery_44792,162,163,pixel forward | VESUVIO/forward/pixel forward,False
44792,late_empty_control,rb0209_discovery_44792,163,164,pixel forward | VESUVIO/forward/pixel forward,False
44792,late_empty_control,rb0209_discovery_44792,164,165,pixel forward | VESUVIO/forward/pixel forward,False
44792,late_empty_control,rb0209_discovery_44792,165,166,pixel forward | VESUVIO/forward/pixel forward,False
44792,late_empty_control,rb0209_discovery_44792,166,167,pixel forward | VESUVIO/forward/pixel forward,False
44792,late_empty_control,rb0209_discovery_44792,167,168,pixel forward | VESUVIO/forward/pixel forward,False
44792,late_empty_control,rb0209_discovery_44792,168,169,pixel forward | VESUVIO/forward/pixel forward,False
44792,late_empty_control,rb0209_discovery_44792,169,170,pixel forward | VESUVIO/forward/pixel forward,False
44792,late_empty_control,rb0209_discovery_44792,170,171,pixel forward | VESUVIO/forward/pixel forward,False
44792,late_empty_control,rb0209_discovery_44792,171,172,pixel forward | VESUVIO/forward/pixel forward,False
44792,late_empty_control,rb0209_discovery_44792,172,173,pixel forward | VESUVIO/forward/pixel forward,False
44792,late_empty_control,rb0209_discovery_44792,173,174,pixel forward | VESUVIO/forward/pixel forward,False
44792,late_empty_control,rb0209_discovery_44792,174,175,pixel forward | VESUVIO/forward/pixel forward,False
44792,late_empty_control,rb0209_discovery_44792,175,176,pixel forward | VESUVIO/forward/pixel forward,False
44792,late_empty_control,rb0209_discovery_44792,176,177,pixel forward | VESUVIO/forward/pixel forward,False
44792,late_empty_control,rb0209_discovery_44792,177,178,pixel forward | VESUVIO/forward/pixel forward,False
44792,late_empty_control,rb0209_discovery_44792,178,179,pixel forward | VESUVIO/forward/pixel forward,False
44792,late_empty_control,rb0209_discovery_44792,179,180,pixel forward | VESUVIO/forward/pixel forward,False
44792,late_empty_control,rb0209_discovery_44792,180,181,pixel forward | VESUVIO/forward/pixel forward,False
44792,late_empty_control,rb0209_discovery_44792,181,182,pixel forward | VESUVIO/forward/pixel forward,False
44792,late_empty_control,rb0209_discovery_44792,182,183,pixel forward | VESUVIO/forward/pixel forward,False
44792,late_empty_control,rb0209_discovery_44792,183,184,pixel forward | VESUVIO/forward/pixel forward,False
44792,late_empty_control,rb0209_discovery_44792,184,185,pixel forward | VESUVIO/forward/pixel forward,False
44792,late_empty_control,rb0209_discovery_44792,185,186,pixel forward | VESUVIO/forward/pixel forward,False
44792,late_empty_control,rb0209_discovery_44792,186,187,pixel forward | VESUVIO/forward/pixel forward,False
44792,late_empty_control,rb0209_discovery_44792,187,188,pixel forward | VESUVIO/forward/pixel forward,False
44792,late_empty_control,rb0209_discovery_44792,188,189,pixel forward | VESUVIO/forward/pixel forward,False
44792,late_empty_control,rb0209_discovery_44792,189,190,pixel forward | VESUVIO/forward/pixel forward,False
44792,late_empty_control,rb0209_discovery_44792,190,191,pixel forward | VESUVIO/forward/pixel forward,False
44792,late_empty_control,rb0209_discovery_44792,191,192,pixel forward | VESUVIO/forward/pixel forward,False
44792,late_empty_control,rb0209_discovery_44792,192,193,pixel forward | VESUVIO/forward/pixel forward,False
44792,late_empty_control,rb0209_discovery_44792,193,194,pixel forward | VESUVIO/forward/pixel forward,False
44792,late_empty_control,rb0209_discovery_44792,194,195,pixel forward | VESUVIO/forward/pixel forward,False
44792,late_empty_control,rb0209_discovery_44792,195,196,pixel forward | VESUVIO/forward/pixel forward,False
44792,late_empty_control,rb0209_discovery_44792,196,197,pixel forward | VESUVIO/forward/pixel forward,False
44792,late_empty_control,rb0209_discovery_44792,197,198,pixel forward | VESUVIO/forward/pixel forward,False
45130,sample_1_RT_Cd_frame,rb0209_discovery_45130[0],0,1,Monitor 1 | VESUVIO/Monitor 1,False
45130,sample_1_RT_Cd_frame,rb0209_discovery_45130[0],1,2,Monitor 2 | VESUVIO/Monitor 2,False
45130,sample_1_RT_Cd_frame,rb0209_discovery_45130[0],2,3,S3 | VESUVIO/back/S3,False
45130,sample_1_RT_Cd_frame,rb0209_discovery_45130[0],3,4,S4 | VESUVIO/back/S4,False
45130,sample_1_RT_Cd_frame,rb0209_discovery_45130[0],4,5,S5 | VESUVIO/back/S5,False
45130,sample_1_RT_Cd_frame,rb0209_discovery_45130[0],5,6,S6 | VESUVIO/back/S6,False
45130,sample_1_RT_Cd_frame,rb0209_discovery_45130[0],6,7,S7 | VESUVIO/back/S7,False
45130,sample_1_RT_Cd_frame,rb0209_discovery_45130[0],7,8,S8 | VESUVIO/back/S8,False
45130,sample_1_RT_Cd_frame,rb0209_discovery_45130[0],8,9,S9 | VESUVIO/back/S9,False
45130,sample_1_RT_Cd_frame,rb0209_discovery_45130[0],9,10,S10 | VESUVIO/back/S10,False
45130,sample_1_RT_Cd_frame,rb0209_discovery_45130[0],10,11,S11 | VESUVIO/back/S11,False
45130,sample_1_RT_Cd_frame,rb0209_discovery_45130[0],11,12,S12 | VESUVIO/back/S12,False
45130,sample_1_RT_Cd_frame,rb0209_discovery_45130[0],12,13,S13 | VESUVIO/back/S13,False
45130,sample_1_RT_Cd_frame,rb0209_discovery_45130[0],13,14,S14 | VESUVIO/back/S14,False
45130,sample_1_RT_Cd_frame,rb0209_discovery_45130[0],14,15,S15 | VESUVIO/back/S15,False
45130,sample_1_RT_Cd_frame,rb0209_discovery_45130[0],15,16,S16 | VESUVIO/back/S16,False
45130,sample_1_RT_Cd_frame,rb0209_discovery_45130[0],16,17,S17 | VESUVIO/back/S17,False
45130,sample_1_RT_Cd_frame,rb0209_discovery_45130[0],17,18,S18 | VESUVIO/back/S18,False
45130,sample_1_RT_Cd_frame,rb0209_discovery_45130[0],18,19,S19 | VESUVIO/back/S19,False
45130,sample_1_RT_Cd_frame,rb0209_discovery_45130[0],19,20,S20 | VESUVIO/back/S20,False
45130,sample_1_RT_Cd_frame,rb0209_discovery_45130[0],20,21,S21 | VESUVIO/back/S21,False
45130,sample_1_RT_Cd_frame,rb0209_discovery_45130[0],21,22,S22 | VESUVIO/back/S22,False
45130,sample_1_RT_Cd_frame,rb0209_discovery_45130[0],22,23,S23 | VESUVIO/back/S23,False
45130,sample_1_RT_Cd_frame,rb0209_discovery_45130[0],23,24,S24 | VESUVIO/back/S24,False
45130,sample_1_RT_Cd_frame,rb0209_discovery_45130[0],24,25,S25 | VESUVIO/back/S25,False
45130,sample_1_RT_Cd_frame,rb0209_discovery_45130[0],25,26,S26 | VESUVIO/back/S26,False
45130,sample_1_RT_Cd_frame,rb0209_discovery_45130[0],26,27,S27 | VESUVIO/back/S27,False
45130,sample_1_RT_Cd_frame,rb0209_discovery_45130[0],27,28,S28 | VESUVIO/back/S28,False
45130,sample_1_RT_Cd_frame,rb0209_discovery_45130[0],28,29,S29 | VESUVIO/back/S29,False
45130,sample_1_RT_Cd_frame,rb0209_discovery_45130[0],29,30,S30 | VESUVIO/back/S30,False
45130,sample_1_RT_Cd_frame,rb0209_discovery_45130[0],30,31,S31 | VESUVIO/back/S31,False
45130,sample_1_RT_Cd_frame,rb0209_discovery_45130[0],31,32,S32 | VESUVIO/back/S32,False
45130,sample_1_RT_Cd_frame,rb0209_discovery_45130[0],32,33,S33 | VESUVIO/back/S33,False
45130,sample_1_RT_Cd_frame,rb0209_discovery_45130[0],33,34,S34 | VESUVIO/back/S34,False
45130,sample_1_RT_Cd_frame,rb0209_discovery_45130[0],34,35,S35 | VESUVIO/back/S35,False
45130,sample_1_RT_Cd_frame,rb0209_discovery_45130[0],35,36,S36 | VESUVIO/back/S36,False
45130,sample_1_RT_Cd_frame,rb0209_discovery_45130[0],36,37,S37 | VESUVIO/back/S37,False
45130,sample_1_RT_Cd_frame,rb0209_discovery_45130[0],37,38,S38 | VESUVIO/back/S38,False
45130,sample_1_RT_Cd_frame,rb0209_discovery_45130[0],38,39,S39 | VESUVIO/back/S39,False
45130,sample_1_RT_Cd_frame,rb0209_discovery_45130[0],39,40,S40 | VESUVIO/back/S40,False
45130,sample_1_RT_Cd_frame,rb0209_discovery_45130[0],40,41,S41 | VESUVIO/back/S41,False
45130,sample_1_RT_Cd_frame,rb0209_discovery_45130[0],41,42,S42 | VESUVIO/back/S42,False
45130,sample_1_RT_Cd_frame,rb0209_discovery_45130[0],42,43,S43 | VESUVIO/back/S43,False
45130,sample_1_RT_Cd_frame,rb0209_discovery_45130[0],43,44,S44 | VESUVIO/back/S44,False
45130,sample_1_RT_Cd_frame,rb0209_discovery_45130[0],44,45,S45 | VESUVIO/back/S45,False
45130,sample_1_RT_Cd_frame,rb0209_discovery_45130[0],45,46,S46 | VESUVIO/back/S46,False
45130,sample_1_RT_Cd_frame,rb0209_discovery_45130[0],46,47,S47 | VESUVIO/back/S47,False
45130,sample_1_RT_Cd_frame,rb0209_discovery_45130[0],47,48,S48 | VESUVIO/back/S48,False
45130,sample_1_RT_Cd_frame,rb0209_discovery_45130[0],48,49,S49 | VESUVIO/back/S49,False
45130,sample_1_RT_Cd_frame,rb0209_discovery_45130[0],49,50,S50 | VESUVIO/back/S50,False
45130,sample_1_RT_Cd_frame,rb0209_discovery_45130[0],50,51,S51 | VESUVIO/back/S51,False
45130,sample_1_RT_Cd_frame,rb0209_discovery_45130[0],51,52,S52 | VESUVIO/back/S52,False
45130,sample_1_RT_Cd_frame,rb0209_discovery_45130[0],52,53,S53 | VESUVIO/back/S53,False
45130,sample_1_RT_Cd_frame,rb0209_discovery_45130[0],53,54,S54 | VESUVIO/back/S54,False
45130,sample_1_RT_Cd_frame,rb0209_discovery_45130[0],54,55,S55 | VESUVIO/back/S55,False
45130,sample_1_RT_Cd_frame,rb0209_discovery_45130[0],55,56,S56 | VESUVIO/back/S56,False
45130,sample_1_RT_Cd_frame,rb0209_discovery_45130[0],56,57,S57 | VESUVIO/back/S57,False
45130,sample_1_RT_Cd_frame,rb0209_discovery_45130[0],57,58,S58 | VESUVIO/back/S58,False
45130,sample_1_RT_Cd_frame,rb0209_discovery_45130[0],58,59,S59 | VESUVIO/back/S59,False
45130,sample_1_RT_Cd_frame,rb0209_discovery_45130[0],59,60,S60 | VESUVIO/back/S60,False
45130,sample_1_RT_Cd_frame,rb0209_discovery_45130[0],60,61,S61 | VESUVIO/back/S61,False
45130,sample_1_RT_Cd_frame,rb0209_discovery_45130[0],61,62,S62 | VESUVIO/back/S62,False
45130,sample_1_RT_Cd_frame,rb0209_discovery_45130[0],62,63,S63 | VESUVIO/back/S63,False
45130,sample_1_RT_Cd_frame,rb0209_discovery_45130[0],63,64,S64 | VESUVIO/back/S64,False
45130,sample_1_RT_Cd_frame,rb0209_discovery_45130[0],64,65,S65 | VESUVIO/back/S65,False
45130,sample_1_RT_Cd_frame,rb0209_discovery_45130[0],65,66,S66 | VESUVIO/back/S66,False
45130,sample_1_RT_Cd_frame,rb0209_discovery_45130[0],66,67,S67 | VESUVIO/back/S67,False
45130,sample_1_RT_Cd_frame,rb0209_discovery_45130[0],67,68,S68 | VESUVIO/back/S68,False
45130,sample_1_RT_Cd_frame,rb0209_discovery_45130[0],68,69,S69 | VESUVIO/back/S69,False
45130,sample_1_RT_Cd_frame,rb0209_discovery_45130[0],69,70,S70 | VESUVIO/back/S70,False
45130,sample_1_RT_Cd_frame,rb0209_discovery_45130[0],70,71,S71 | VESUVIO/back/S71,False
45130,sample_1_RT_Cd_frame,rb0209_discovery_45130[0],71,72,S72 | VESUVIO/back/S72,False
45130,sample_1_RT_Cd_frame,rb0209_discovery_45130[0],72,73,S73 | VESUVIO/back/S73,False
45130,sample_1_RT_Cd_frame,rb0209_discovery_45130[0],73,74,S74 | VESUVIO/back/S74,False
45130,sample_1_RT_Cd_frame,rb0209_discovery_45130[0],74,75,S75 | VESUVIO/back/S75,False
45130,sample_1_RT_Cd_frame,rb0209_discovery_45130[0],75,76,S76 | VESUVIO/back/S76,False
45130,sample_1_RT_Cd_frame,rb0209_discovery_45130[0],76,77,S77 | VESUVIO/back/S77,False
45130,sample_1_RT_Cd_frame,rb0209_discovery_45130[0],77,78,S78 | VESUVIO/back/S78,False
45130,sample_1_RT_Cd_frame,rb0209_discovery_45130[0],78,79,S79 | VESUVIO/back/S79,False
45130,sample_1_RT_Cd_frame,rb0209_discovery_45130[0],79,80,S80 | VESUVIO/back/S80,False
45130,sample_1_RT_Cd_frame,rb0209_discovery_45130[0],80,81,S81 | VESUVIO/back/S81,False
45130,sample_1_RT_Cd_frame,rb0209_discovery_45130[0],81,82,S82 | VESUVIO/back/S82,False
45130,sample_1_RT_Cd_frame,rb0209_discovery_45130[0],82,83,S83 | VESUVIO/back/S83,False
45130,sample_1_RT_Cd_frame,rb0209_discovery_45130[0],83,84,S84 | VESUVIO/back/S84,False
45130,sample_1_RT_Cd_frame,rb0209_discovery_45130[0],84,85,S85 | VESUVIO/back/S85,False
45130,sample_1_RT_Cd_frame,rb0209_discovery_45130[0],85,86,S86 | VESUVIO/back/S86,False
45130,sample_1_RT_Cd_frame,rb0209_discovery_45130[0],86,87,S87 | VESUVIO/back/S87,False
45130,sample_1_RT_Cd_frame,rb0209_discovery_45130[0],87,88,S88 | VESUVIO/back/S88,False
45130,sample_1_RT_Cd_frame,rb0209_discovery_45130[0],88,89,S89 | VESUVIO/back/S89,False
45130,sample_1_RT_Cd_frame,rb0209_discovery_45130[0],89,90,S90 | VESUVIO/back/S90,False
45130,sample_1_RT_Cd_frame,rb0209_discovery_45130[0],90,91,S91 | VESUVIO/back/S91,False
45130,sample_1_RT_Cd_frame,rb0209_discovery_45130[0],91,92,S92 | VESUVIO/back/S92,False
45130,sample_1_RT_Cd_frame,rb0209_discovery_45130[0],92,93,S93 | VESUVIO/back/S93,False
45130,sample_1_RT_Cd_frame,rb0209_discovery_45130[0],93,94,S94 | VESUVIO/back/S94,False
45130,sample_1_RT_Cd_frame,rb0209_discovery_45130[0],94,95,S95 | VESUVIO/back/S95,False
45130,sample_1_RT_Cd_frame,rb0209_discovery_45130[0],95,96,S96 | VESUVIO/back/S96,False
45130,sample_1_RT_Cd_frame,rb0209_discovery_45130[0],96,97,S97 | VESUVIO/back/S97,False
45130,sample_1_RT_Cd_frame,rb0209_discovery_45130[0],97,98,S98 | VESUVIO/back/S98,False
45130,sample_1_RT_Cd_frame,rb0209_discovery_45130[0],98,99,S99 | VESUVIO/back/S99,False
45130,sample_1_RT_Cd_frame,rb0209_discovery_45130[0],99,100,S100 | VESUVIO/back/S100,False
45130,sample_1_RT_Cd_frame,rb0209_discovery_45130[0],100,101,S101 | VESUVIO/back/S101,False
45130,sample_1_RT_Cd_frame,rb0209_discovery_45130[0],101,102,S102 | VESUVIO/back/S102,False
45130,sample_1_RT_Cd_frame,rb0209_discovery_45130[0],102,103,S103 | VESUVIO/back/S103,False
45130,sample_1_RT_Cd_frame,rb0209_discovery_45130[0],103,104,S104 | VESUVIO/back/S104,False
45130,sample_1_RT_Cd_frame,rb0209_discovery_45130[0],104,105,S105 | VESUVIO/back/S105,False
45130,sample_1_RT_Cd_frame,rb0209_discovery_45130[0],105,106,S106 | VESUVIO/back/S106,False
45130,sample_1_RT_Cd_frame,rb0209_discovery_45130[0],106,107,S107 | VESUVIO/back/S107,False
45130,sample_1_RT_Cd_frame,rb0209_discovery_45130[0],107,108,S108 | VESUVIO/back/S108,False
45130,sample_1_RT_Cd_frame,rb0209_discovery_45130[0],108,109,S109 | VESUVIO/back/S109,False
45130,sample_1_RT_Cd_frame,rb0209_discovery_45130[0],109,110,S110 | VESUVIO/back/S110,False
45130,sample_1_RT_Cd_frame,rb0209_discovery_45130[0],110,111,S111 | VESUVIO/back/S111,False
45130,sample_1_RT_Cd_frame,rb0209_discovery_45130[0],111,112,S112 | VESUVIO/back/S112,False
45130,sample_1_RT_Cd_frame,rb0209_discovery_45130[0],112,113,S113 | VESUVIO/back/S113,False
45130,sample_1_RT_Cd_frame,rb0209_discovery_45130[0],113,114,S114 | VESUVIO/back/S114,False
45130,sample_1_RT_Cd_frame,rb0209_discovery_45130[0],114,115,S115 | VESUVIO/back/S115,False
45130,sample_1_RT_Cd_frame,rb0209_discovery_45130[0],115,116,S116 | VESUVIO/back/S116,False
45130,sample_1_RT_Cd_frame,rb0209_discovery_45130[0],116,117,S117 | VESUVIO/back/S117,False
45130,sample_1_RT_Cd_frame,rb0209_discovery_45130[0],117,118,S118 | VESUVIO/back/S118,False
45130,sample_1_RT_Cd_frame,rb0209_discovery_45130[0],118,119,S119 | VESUVIO/back/S119,False
45130,sample_1_RT_Cd_frame,rb0209_discovery_45130[0],119,120,S120 | VESUVIO/back/S120,False
45130,sample_1_RT_Cd_frame,rb0209_discovery_45130[0],120,121,S121 | VESUVIO/back/S121,False
45130,sample_1_RT_Cd_frame,rb0209_discovery_45130[0],121,122,S122 | VESUVIO/back/S122,False
45130,sample_1_RT_Cd_frame,rb0209_discovery_45130[0],122,123,S123 | VESUVIO/back/S123,False
45130,sample_1_RT_Cd_frame,rb0209_discovery_45130[0],123,124,S124 | VESUVIO/back/S124,False
45130,sample_1_RT_Cd_frame,rb0209_discovery_45130[0],124,125,S125 | VESUVIO/back/S125,False
45130,sample_1_RT_Cd_frame,rb0209_discovery_45130[0],125,126,S126 | VESUVIO/back/S126,False
45130,sample_1_RT_Cd_frame,rb0209_discovery_45130[0],126,127,S127 | VESUVIO/back/S127,False
45130,sample_1_RT_Cd_frame,rb0209_discovery_45130[0],127,128,S128 | VESUVIO/back/S128,False
45130,sample_1_RT_Cd_frame,rb0209_discovery_45130[0],128,129,S129 | VESUVIO/back/S129,False
45130,sample_1_RT_Cd_frame,rb0209_discovery_45130[0],129,130,S130 | VESUVIO/back/S130,False
45130,sample_1_RT_Cd_frame,rb0209_discovery_45130[0],130,131,S131 | VESUVIO/back/S131,False
45130,sample_1_RT_Cd_frame,rb0209_discovery_45130[0],131,132,S132 | VESUVIO/back/S132,False
45130,sample_1_RT_Cd_frame,rb0209_discovery_45130[0],132,133,S133 | VESUVIO/back/S133,False
45130,sample_1_RT_Cd_frame,rb0209_discovery_45130[0],133,134,S134 | VESUVIO/back/S134,False
45130,sample_1_RT_Cd_frame,rb0209_discovery_45130[0],134,135,pixel forward | VESUVIO/forward/pixel forward,False
45130,sample_1_RT_Cd_frame,rb0209_discovery_45130[0],135,136,pixel forward | VESUVIO/forward/pixel forward,False
45130,sample_1_RT_Cd_frame,rb0209_discovery_45130[0],136,137,pixel forward | VESUVIO/forward/pixel forward,False
45130,sample_1_RT_Cd_frame,rb0209_discovery_45130[0],137,138,pixel forward | VESUVIO/forward/pixel forward,False
45130,sample_1_RT_Cd_frame,rb0209_discovery_45130[0],138,139,pixel forward | VESUVIO/forward/pixel forward,False
45130,sample_1_RT_Cd_frame,rb0209_discovery_45130[0],139,140,pixel forward | VESUVIO/forward/pixel forward,False
45130,sample_1_RT_Cd_frame,rb0209_discovery_45130[0],140,141,pixel forward | VESUVIO/forward/pixel forward,False
45130,sample_1_RT_Cd_frame,rb0209_discovery_45130[0],141,142,pixel forward | VESUVIO/forward/pixel forward,False
45130,sample_1_RT_Cd_frame,rb0209_discovery_45130[0],142,143,pixel forward | VESUVIO/forward/pixel forward,False
45130,sample_1_RT_Cd_frame,rb0209_discovery_45130[0],143,144,pixel forward | VESUVIO/forward/pixel forward,False
45130,sample_1_RT_Cd_frame,rb0209_discovery_45130[0],144,145,pixel forward | VESUVIO/forward/pixel forward,False
45130,sample_1_RT_Cd_frame,rb0209_discovery_45130[0],145,146,pixel forward | VESUVIO/forward/pixel forward,False
45130,sample_1_RT_Cd_frame,rb0209_discovery_45130[0],146,147,pixel forward | VESUVIO/forward/pixel forward,False
45130,sample_1_RT_Cd_frame,rb0209_discovery_45130[0],147,148,pixel forward | VESUVIO/forward/pixel forward,False
45130,sample_1_RT_Cd_frame,rb0209_discovery_45130[0],148,149,pixel forward | VESUVIO/forward/pixel forward,False
45130,sample_1_RT_Cd_frame,rb0209_discovery_45130[0],149,150,pixel forward | VESUVIO/forward/pixel forward,False
45130,sample_1_RT_Cd_frame,rb0209_discovery_45130[0],150,151,pixel forward | VESUVIO/forward/pixel forward,False
45130,sample_1_RT_Cd_frame,rb0209_discovery_45130[0],151,152,pixel forward | VESUVIO/forward/pixel forward,False
45130,sample_1_RT_Cd_frame,rb0209_discovery_45130[0],152,153,pixel forward | VESUVIO/forward/pixel forward,False
45130,sample_1_RT_Cd_frame,rb0209_discovery_45130[0],153,154,pixel forward | VESUVIO/forward/pixel forward,False
45130,sample_1_RT_Cd_frame,rb0209_discovery_45130[0],154,155,pixel forward | VESUVIO/forward/pixel forward,False
45130,sample_1_RT_Cd_frame,rb0209_discovery_45130[0],155,156,pixel forward | VESUVIO/forward/pixel forward,False
45130,sample_1_RT_Cd_frame,rb0209_discovery_45130[0],156,157,pixel forward | VESUVIO/forward/pixel forward,False
45130,sample_1_RT_Cd_frame,rb0209_discovery_45130[0],157,158,pixel forward | VESUVIO/forward/pixel forward,False
45130,sample_1_RT_Cd_frame,rb0209_discovery_45130[0],158,159,pixel forward | VESUVIO/forward/pixel forward,False
45130,sample_1_RT_Cd_frame,rb0209_discovery_45130[0],159,160,pixel forward | VESUVIO/forward/pixel forward,False
45130,sample_1_RT_Cd_frame,rb0209_discovery_45130[0],160,161,pixel forward | VESUVIO/forward/pixel forward,False
45130,sample_1_RT_Cd_frame,rb0209_discovery_45130[0],161,162,pixel forward | VESUVIO/forward/pixel forward,False
45130,sample_1_RT_Cd_frame,rb0209_discovery_45130[0],162,163,pixel forward | VESUVIO/forward/pixel forward,False
45130,sample_1_RT_Cd_frame,rb0209_discovery_45130[0],163,164,pixel forward | VESUVIO/forward/pixel forward,False
45130,sample_1_RT_Cd_frame,rb0209_discovery_45130[0],164,165,pixel forward | VESUVIO/forward/pixel forward,False
45130,sample_1_RT_Cd_frame,rb0209_discovery_45130[0],165,166,pixel forward | VESUVIO/forward/pixel forward,False
45130,sample_1_RT_Cd_frame,rb0209_discovery_45130[0],166,167,pixel forward | VESUVIO/forward/pixel forward,False
45130,sample_1_RT_Cd_frame,rb0209_discovery_45130[0],167,168,pixel forward | VESUVIO/forward/pixel forward,False
45130,sample_1_RT_Cd_frame,rb0209_discovery_45130[0],168,169,pixel forward | VESUVIO/forward/pixel forward,False
45130,sample_1_RT_Cd_frame,rb0209_discovery_45130[0],169,170,pixel forward | VESUVIO/forward/pixel forward,False
45130,sample_1_RT_Cd_frame,rb0209_discovery_45130[0],170,171,pixel forward | VESUVIO/forward/pixel forward,False
45130,sample_1_RT_Cd_frame,rb0209_discovery_45130[0],171,172,pixel forward | VESUVIO/forward/pixel forward,False
45130,sample_1_RT_Cd_frame,rb0209_discovery_45130[0],172,173,pixel forward | VESUVIO/forward/pixel forward,False
45130,sample_1_RT_Cd_frame,rb0209_discovery_45130[0],173,174,pixel forward | VESUVIO/forward/pixel forward,False
45130,sample_1_RT_Cd_frame,rb0209_discovery_45130[0],174,175,pixel forward | VESUVIO/forward/pixel forward,False
45130,sample_1_RT_Cd_frame,rb0209_discovery_45130[0],175,176,pixel forward | VESUVIO/forward/pixel forward,False
45130,sample_1_RT_Cd_frame,rb0209_discovery_45130[0],176,177,pixel forward | VESUVIO/forward/pixel forward,False
45130,sample_1_RT_Cd_frame,rb0209_discovery_45130[0],177,178,pixel forward | VESUVIO/forward/pixel forward,False
45130,sample_1_RT_Cd_frame,rb0209_discovery_45130[0],178,179,pixel forward | VESUVIO/forward/pixel forward,False
45130,sample_1_RT_Cd_frame,rb0209_discovery_45130[0],179,180,pixel forward | VESUVIO/forward/pixel forward,False
45130,sample_1_RT_Cd_frame,rb0209_discovery_45130[0],180,181,pixel forward | VESUVIO/forward/pixel forward,False
45130,sample_1_RT_Cd_frame,rb0209_discovery_45130[0],181,182,pixel forward | VESUVIO/forward/pixel forward,False
45130,sample_1_RT_Cd_frame,rb0209_discovery_45130[0],182,183,pixel forward | VESUVIO/forward/pixel forward,False
45130,sample_1_RT_Cd_frame,rb0209_discovery_45130[0],183,184,pixel forward | VESUVIO/forward/pixel forward,False
45130,sample_1_RT_Cd_frame,rb0209_discovery_45130[0],184,185,pixel forward | VESUVIO/forward/pixel forward,False
45130,sample_1_RT_Cd_frame,rb0209_discovery_45130[0],185,186,pixel forward | VESUVIO/forward/pixel forward,False
45130,sample_1_RT_Cd_frame,rb0209_discovery_45130[0],186,187,pixel forward | VESUVIO/forward/pixel forward,False
45130,sample_1_RT_Cd_frame,rb0209_discovery_45130[0],187,188,pixel forward | VESUVIO/forward/pixel forward,False
45130,sample_1_RT_Cd_frame,rb0209_discovery_45130[0],188,189,pixel forward | VESUVIO/forward/pixel forward,False
45130,sample_1_RT_Cd_frame,rb0209_discovery_45130[0],189,190,pixel forward | VESUVIO/forward/pixel forward,False
45130,sample_1_RT_Cd_frame,rb0209_discovery_45130[0],190,191,pixel forward | VESUVIO/forward/pixel forward,False
45130,sample_1_RT_Cd_frame,rb0209_discovery_45130[0],191,192,pixel forward | VESUVIO/forward/pixel forward,False
45130,sample_1_RT_Cd_frame,rb0209_discovery_45130[0],192,193,pixel forward | VESUVIO/forward/pixel forward,False
45130,sample_1_RT_Cd_frame,rb0209_discovery_45130[0],193,194,pixel forward | VESUVIO/forward/pixel forward,False
45130,sample_1_RT_Cd_frame,rb0209_discovery_45130[0],194,195,pixel forward | VESUVIO/forward/pixel forward,False
45130,sample_1_RT_Cd_frame,rb0209_discovery_45130[0],195,196,pixel forward | VESUVIO/forward/pixel forward,False
45130,sample_1_RT_Cd_frame,rb0209_discovery_45130[0],196,197,pixel forward | VESUVIO/forward/pixel forward,False
45130,sample_1_RT_Cd_frame,rb0209_discovery_45130[0],197,198,pixel forward | VESUVIO/forward/pixel forward,False
45130,sample_1_RT_Cd_frame,rb0209_discovery_45130[1],0,1,Monitor 1 | VESUVIO/Monitor 1,False
45130,sample_1_RT_Cd_frame,rb0209_discovery_45130[1],1,2,Monitor 2 | VESUVIO/Monitor 2,False
45130,sample_1_RT_Cd_frame,rb0209_discovery_45130[1],2,3,S3 | VESUVIO/back/S3,False
45130,sample_1_RT_Cd_frame,rb0209_discovery_45130[1],3,4,S4 | VESUVIO/back/S4,False
45130,sample_1_RT_Cd_frame,rb0209_discovery_45130[1],4,5,S5 | VESUVIO/back/S5,False
45130,sample_1_RT_Cd_frame,rb0209_discovery_45130[1],5,6,S6 | VESUVIO/back/S6,False
45130,sample_1_RT_Cd_frame,rb0209_discovery_45130[1],6,7,S7 | VESUVIO/back/S7,False
45130,sample_1_RT_Cd_frame,rb0209_discovery_45130[1],7,8,S8 | VESUVIO/back/S8,False
45130,sample_1_RT_Cd_frame,rb0209_discovery_45130[1],8,9,S9 | VESUVIO/back/S9,False
45130,sample_1_RT_Cd_frame,rb0209_discovery_45130[1],9,10,S10 | VESUVIO/back/S10,False
45130,sample_1_RT_Cd_frame,rb0209_discovery_45130[1],10,11,S11 | VESUVIO/back/S11,False
45130,sample_1_RT_Cd_frame,rb0209_discovery_45130[1],11,12,S12 | VESUVIO/back/S12,False
45130,sample_1_RT_Cd_frame,rb0209_discovery_45130[1],12,13,S13 | VESUVIO/back/S13,False
45130,sample_1_RT_Cd_frame,rb0209_discovery_45130[1],13,14,S14 | VESUVIO/back/S14,False
45130,sample_1_RT_Cd_frame,rb0209_discovery_45130[1],14,15,S15 | VESUVIO/back/S15,False
45130,sample_1_RT_Cd_frame,rb0209_discovery_45130[1],15,16,S16 | VESUVIO/back/S16,False
45130,sample_1_RT_Cd_frame,rb0209_discovery_45130[1],16,17,S17 | VESUVIO/back/S17,False
45130,sample_1_RT_Cd_frame,rb0209_discovery_45130[1],17,18,S18 | VESUVIO/back/S18,False
45130,sample_1_RT_Cd_frame,rb0209_discovery_45130[1],18,19,S19 | VESUVIO/back/S19,False
45130,sample_1_RT_Cd_frame,rb0209_discovery_45130[1],19,20,S20 | VESUVIO/back/S20,False
45130,sample_1_RT_Cd_frame,rb0209_discovery_45130[1],20,21,S21 | VESUVIO/back/S21,False
45130,sample_1_RT_Cd_frame,rb0209_discovery_45130[1],21,22,S22 | VESUVIO/back/S22,False
45130,sample_1_RT_Cd_frame,rb0209_discovery_45130[1],22,23,S23 | VESUVIO/back/S23,False
45130,sample_1_RT_Cd_frame,rb0209_discovery_45130[1],23,24,S24 | VESUVIO/back/S24,False
45130,sample_1_RT_Cd_frame,rb0209_discovery_45130[1],24,25,S25 | VESUVIO/back/S25,False
45130,sample_1_RT_Cd_frame,rb0209_discovery_45130[1],25,26,S26 | VESUVIO/back/S26,False
45130,sample_1_RT_Cd_frame,rb0209_discovery_45130[1],26,27,S27 | VESUVIO/back/S27,False
45130,sample_1_RT_Cd_frame,rb0209_discovery_45130[1],27,28,S28 | VESUVIO/back/S28,False
45130,sample_1_RT_Cd_frame,rb0209_discovery_45130[1],28,29,S29 | VESUVIO/back/S29,False
45130,sample_1_RT_Cd_frame,rb0209_discovery_45130[1],29,30,S30 | VESUVIO/back/S30,False
45130,sample_1_RT_Cd_frame,rb0209_discovery_45130[1],30,31,S31 | VESUVIO/back/S31,False
45130,sample_1_RT_Cd_frame,rb0209_discovery_45130[1],31,32,S32 | VESUVIO/back/S32,False
45130,sample_1_RT_Cd_frame,rb0209_discovery_45130[1],32,33,S33 | VESUVIO/back/S33,False
45130,sample_1_RT_Cd_frame,rb0209_discovery_45130[1],33,34,S34 | VESUVIO/back/S34,False
45130,sample_1_RT_Cd_frame,rb0209_discovery_45130[1],34,35,S35 | VESUVIO/back/S35,False
45130,sample_1_RT_Cd_frame,rb0209_discovery_45130[1],35,36,S36 | VESUVIO/back/S36,False
45130,sample_1_RT_Cd_frame,rb0209_discovery_45130[1],36,37,S37 | VESUVIO/back/S37,False
45130,sample_1_RT_Cd_frame,rb0209_discovery_45130[1],37,38,S38 | VESUVIO/back/S38,False
45130,sample_1_RT_Cd_frame,rb0209_discovery_45130[1],38,39,S39 | VESUVIO/back/S39,False
45130,sample_1_RT_Cd_frame,rb0209_discovery_45130[1],39,40,S40 | VESUVIO/back/S40,False
45130,sample_1_RT_Cd_frame,rb0209_discovery_45130[1],40,41,S41 | VESUVIO/back/S41,False
45130,sample_1_RT_Cd_frame,rb0209_discovery_45130[1],41,42,S42 | VESUVIO/back/S42,False
45130,sample_1_RT_Cd_frame,rb0209_discovery_45130[1],42,43,S43 | VESUVIO/back/S43,False
45130,sample_1_RT_Cd_frame,rb0209_discovery_45130[1],43,44,S44 | VESUVIO/back/S44,False
45130,sample_1_RT_Cd_frame,rb0209_discovery_45130[1],44,45,S45 | VESUVIO/back/S45,False
45130,sample_1_RT_Cd_frame,rb0209_discovery_45130[1],45,46,S46 | VESUVIO/back/S46,False
45130,sample_1_RT_Cd_frame,rb0209_discovery_45130[1],46,47,S47 | VESUVIO/back/S47,False
45130,sample_1_RT_Cd_frame,rb0209_discovery_45130[1],47,48,S48 | VESUVIO/back/S48,False
45130,sample_1_RT_Cd_frame,rb0209_discovery_45130[1],48,49,S49 | VESUVIO/back/S49,False
45130,sample_1_RT_Cd_frame,rb0209_discovery_45130[1],49,50,S50 | VESUVIO/back/S50,False
45130,sample_1_RT_Cd_frame,rb0209_discovery_45130[1],50,51,S51 | VESUVIO/back/S51,False
45130,sample_1_RT_Cd_frame,rb0209_discovery_45130[1],51,52,S52 | VESUVIO/back/S52,False
45130,sample_1_RT_Cd_frame,rb0209_discovery_45130[1],52,53,S53 | VESUVIO/back/S53,False
45130,sample_1_RT_Cd_frame,rb0209_discovery_45130[1],53,54,S54 | VESUVIO/back/S54,False
45130,sample_1_RT_Cd_frame,rb0209_discovery_45130[1],54,55,S55 | VESUVIO/back/S55,False
45130,sample_1_RT_Cd_frame,rb0209_discovery_45130[1],55,56,S56 | VESUVIO/back/S56,False
45130,sample_1_RT_Cd_frame,rb0209_discovery_45130[1],56,57,S57 | VESUVIO/back/S57,False
45130,sample_1_RT_Cd_frame,rb0209_discovery_45130[1],57,58,S58 | VESUVIO/back/S58,False
45130,sample_1_RT_Cd_frame,rb0209_discovery_45130[1],58,59,S59 | VESUVIO/back/S59,False
45130,sample_1_RT_Cd_frame,rb0209_discovery_45130[1],59,60,S60 | VESUVIO/back/S60,False
45130,sample_1_RT_Cd_frame,rb0209_discovery_45130[1],60,61,S61 | VESUVIO/back/S61,False
45130,sample_1_RT_Cd_frame,rb0209_discovery_45130[1],61,62,S62 | VESUVIO/back/S62,False
45130,sample_1_RT_Cd_frame,rb0209_discovery_45130[1],62,63,S63 | VESUVIO/back/S63,False
45130,sample_1_RT_Cd_frame,rb0209_discovery_45130[1],63,64,S64 | VESUVIO/back/S64,False
45130,sample_1_RT_Cd_frame,rb0209_discovery_45130[1],64,65,S65 | VESUVIO/back/S65,False
45130,sample_1_RT_Cd_frame,rb0209_discovery_45130[1],65,66,S66 | VESUVIO/back/S66,False
45130,sample_1_RT_Cd_frame,rb0209_discovery_45130[1],66,67,S67 | VESUVIO/back/S67,False
45130,sample_1_RT_Cd_frame,rb0209_discovery_45130[1],67,68,S68 | VESUVIO/back/S68,False
45130,sample_1_RT_Cd_frame,rb0209_discovery_45130[1],68,69,S69 | VESUVIO/back/S69,False
45130,sample_1_RT_Cd_frame,rb0209_discovery_45130[1],69,70,S70 | VESUVIO/back/S70,False
45130,sample_1_RT_Cd_frame,rb0209_discovery_45130[1],70,71,S71 | VESUVIO/back/S71,False
45130,sample_1_RT_Cd_frame,rb0209_discovery_45130[1],71,72,S72 | VESUVIO/back/S72,False
45130,sample_1_RT_Cd_frame,rb0209_discovery_45130[1],72,73,S73 | VESUVIO/back/S73,False
45130,sample_1_RT_Cd_frame,rb0209_discovery_45130[1],73,74,S74 | VESUVIO/back/S74,False
45130,sample_1_RT_Cd_frame,rb0209_discovery_45130[1],74,75,S75 | VESUVIO/back/S75,False
45130,sample_1_RT_Cd_frame,rb0209_discovery_45130[1],75,76,S76 | VESUVIO/back/S76,False
45130,sample_1_RT_Cd_frame,rb0209_discovery_45130[1],76,77,S77 | VESUVIO/back/S77,False
45130,sample_1_RT_Cd_frame,rb0209_discovery_45130[1],77,78,S78 | VESUVIO/back/S78,False
45130,sample_1_RT_Cd_frame,rb0209_discovery_45130[1],78,79,S79 | VESUVIO/back/S79,False
45130,sample_1_RT_Cd_frame,rb0209_discovery_45130[1],79,80,S80 | VESUVIO/back/S80,False
45130,sample_1_RT_Cd_frame,rb0209_discovery_45130[1],80,81,S81 | VESUVIO/back/S81,False
45130,sample_1_RT_Cd_frame,rb0209_discovery_45130[1],81,82,S82 | VESUVIO/back/S82,False
45130,sample_1_RT_Cd_frame,rb0209_discovery_45130[1],82,83,S83 | VESUVIO/back/S83,False
45130,sample_1_RT_Cd_frame,rb0209_discovery_45130[1],83,84,S84 | VESUVIO/back/S84,False
45130,sample_1_RT_Cd_frame,rb0209_discovery_45130[1],84,85,S85 | VESUVIO/back/S85,False
45130,sample_1_RT_Cd_frame,rb0209_discovery_45130[1],85,86,S86 | VESUVIO/back/S86,False
45130,sample_1_RT_Cd_frame,rb0209_discovery_45130[1],86,87,S87 | VESUVIO/back/S87,False
45130,sample_1_RT_Cd_frame,rb0209_discovery_45130[1],87,88,S88 | VESUVIO/back/S88,False
45130,sample_1_RT_Cd_frame,rb0209_discovery_45130[1],88,89,S89 | VESUVIO/back/S89,False
45130,sample_1_RT_Cd_frame,rb0209_discovery_45130[1],89,90,S90 | VESUVIO/back/S90,False
45130,sample_1_RT_Cd_frame,rb0209_discovery_45130[1],90,91,S91 | VESUVIO/back/S91,False
45130,sample_1_RT_Cd_frame,rb0209_discovery_45130[1],91,92,S92 | VESUVIO/back/S92,False
45130,sample_1_RT_Cd_frame,rb0209_discovery_45130[1],92,93,S93 | VESUVIO/back/S93,False
45130,sample_1_RT_Cd_frame,rb0209_discovery_45130[1],93,94,S94 | VESUVIO/back/S94,False
45130,sample_1_RT_Cd_frame,rb0209_discovery_45130[1],94,95,S95 | VESUVIO/back/S95,False
45130,sample_1_RT_Cd_frame,rb0209_discovery_45130[1],95,96,S96 | VESUVIO/back/S96,False
45130,sample_1_RT_Cd_frame,rb0209_discovery_45130[1],96,97,S97 | VESUVIO/back/S97,False
45130,sample_1_RT_Cd_frame,rb0209_discovery_45130[1],97,98,S98 | VESUVIO/back/S98,False
45130,sample_1_RT_Cd_frame,rb0209_discovery_45130[1],98,99,S99 | VESUVIO/back/S99,False
45130,sample_1_RT_Cd_frame,rb0209_discovery_45130[1],99,100,S100 | VESUVIO/back/S100,False
45130,sample_1_RT_Cd_frame,rb0209_discovery_45130[1],100,101,S101 | VESUVIO/back/S101,False
45130,sample_1_RT_Cd_frame,rb0209_discovery_45130[1],101,102,S102 | VESUVIO/back/S102,False
45130,sample_1_RT_Cd_frame,rb0209_discovery_45130[1],102,103,S103 | VESUVIO/back/S103,False
45130,sample_1_RT_Cd_frame,rb0209_discovery_45130[1],103,104,S104 | VESUVIO/back/S104,False
45130,sample_1_RT_Cd_frame,rb0209_discovery_45130[1],104,105,S105 | VESUVIO/back/S105,False
45130,sample_1_RT_Cd_frame,rb0209_discovery_45130[1],105,106,S106 | VESUVIO/back/S106,False
45130,sample_1_RT_Cd_frame,rb0209_discovery_45130[1],106,107,S107 | VESUVIO/back/S107,False
45130,sample_1_RT_Cd_frame,rb0209_discovery_45130[1],107,108,S108 | VESUVIO/back/S108,False
45130,sample_1_RT_Cd_frame,rb0209_discovery_45130[1],108,109,S109 | VESUVIO/back/S109,False
45130,sample_1_RT_Cd_frame,rb0209_discovery_45130[1],109,110,S110 | VESUVIO/back/S110,False
45130,sample_1_RT_Cd_frame,rb0209_discovery_45130[1],110,111,S111 | VESUVIO/back/S111,False
45130,sample_1_RT_Cd_frame,rb0209_discovery_45130[1],111,112,S112 | VESUVIO/back/S112,False
45130,sample_1_RT_Cd_frame,rb0209_discovery_45130[1],112,113,S113 | VESUVIO/back/S113,False
45130,sample_1_RT_Cd_frame,rb0209_discovery_45130[1],113,114,S114 | VESUVIO/back/S114,False
45130,sample_1_RT_Cd_frame,rb0209_discovery_45130[1],114,115,S115 | VESUVIO/back/S115,False
45130,sample_1_RT_Cd_frame,rb0209_discovery_45130[1],115,116,S116 | VESUVIO/back/S116,False
45130,sample_1_RT_Cd_frame,rb0209_discovery_45130[1],116,117,S117 | VESUVIO/back/S117,False
45130,sample_1_RT_Cd_frame,rb0209_discovery_45130[1],117,118,S118 | VESUVIO/back/S118,False
45130,sample_1_RT_Cd_frame,rb0209_discovery_45130[1],118,119,S119 | VESUVIO/back/S119,False
45130,sample_1_RT_Cd_frame,rb0209_discovery_45130[1],119,120,S120 | VESUVIO/back/S120,False
45130,sample_1_RT_Cd_frame,rb0209_discovery_45130[1],120,121,S121 | VESUVIO/back/S121,False
45130,sample_1_RT_Cd_frame,rb0209_discovery_45130[1],121,122,S122 | VESUVIO/back/S122,False
45130,sample_1_RT_Cd_frame,rb0209_discovery_45130[1],122,123,S123 | VESUVIO/back/S123,False
45130,sample_1_RT_Cd_frame,rb0209_discovery_45130[1],123,124,S124 | VESUVIO/back/S124,False
45130,sample_1_RT_Cd_frame,rb0209_discovery_45130[1],124,125,S125 | VESUVIO/back/S125,False
45130,sample_1_RT_Cd_frame,rb0209_discovery_45130[1],125,126,S126 | VESUVIO/back/S126,False
45130,sample_1_RT_Cd_frame,rb0209_discovery_45130[1],126,127,S127 | VESUVIO/back/S127,False
45130,sample_1_RT_Cd_frame,rb0209_discovery_45130[1],127,128,S128 | VESUVIO/back/S128,False
45130,sample_1_RT_Cd_frame,rb0209_discovery_45130[1],128,129,S129 | VESUVIO/back/S129,False
45130,sample_1_RT_Cd_frame,rb0209_discovery_45130[1],129,130,S130 | VESUVIO/back/S130,False
45130,sample_1_RT_Cd_frame,rb0209_discovery_45130[1],130,131,S131 | VESUVIO/back/S131,False
45130,sample_1_RT_Cd_frame,rb0209_discovery_45130[1],131,132,S132 | VESUVIO/back/S132,False
45130,sample_1_RT_Cd_frame,rb0209_discovery_45130[1],132,133,S133 | VESUVIO/back/S133,False
45130,sample_1_RT_Cd_frame,rb0209_discovery_45130[1],133,134,S134 | VESUVIO/back/S134,False
45130,sample_1_RT_Cd_frame,rb0209_discovery_45130[1],134,135,pixel forward | VESUVIO/forward/pixel forward,False
45130,sample_1_RT_Cd_frame,rb0209_discovery_45130[1],135,136,pixel forward | VESUVIO/forward/pixel forward,False
45130,sample_1_RT_Cd_frame,rb0209_discovery_45130[1],136,137,pixel forward | VESUVIO/forward/pixel forward,False
45130,sample_1_RT_Cd_frame,rb0209_discovery_45130[1],137,138,pixel forward | VESUVIO/forward/pixel forward,False
45130,sample_1_RT_Cd_frame,rb0209_discovery_45130[1],138,139,pixel forward | VESUVIO/forward/pixel forward,False
45130,sample_1_RT_Cd_frame,rb0209_discovery_45130[1],139,140,pixel forward | VESUVIO/forward/pixel forward,False
45130,sample_1_RT_Cd_frame,rb0209_discovery_45130[1],140,141,pixel forward | VESUVIO/forward/pixel forward,False
45130,sample_1_RT_Cd_frame,rb0209_discovery_45130[1],141,142,pixel forward | VESUVIO/forward/pixel forward,False
45130,sample_1_RT_Cd_frame,rb0209_discovery_45130[1],142,143,pixel forward | VESUVIO/forward/pixel forward,False
45130,sample_1_RT_Cd_frame,rb0209_discovery_45130[1],143,144,pixel forward | VESUVIO/forward/pixel forward,False
45130,sample_1_RT_Cd_frame,rb0209_discovery_45130[1],144,145,pixel forward | VESUVIO/forward/pixel forward,False
45130,sample_1_RT_Cd_frame,rb0209_discovery_45130[1],145,146,pixel forward | VESUVIO/forward/pixel forward,False
45130,sample_1_RT_Cd_frame,rb0209_discovery_45130[1],146,147,pixel forward | VESUVIO/forward/pixel forward,False
45130,sample_1_RT_Cd_frame,rb0209_discovery_45130[1],147,148,pixel forward | VESUVIO/forward/pixel forward,False
45130,sample_1_RT_Cd_frame,rb0209_discovery_45130[1],148,149,pixel forward | VESUVIO/forward/pixel forward,False
45130,sample_1_RT_Cd_frame,rb0209_discovery_45130[1],149,150,pixel forward | VESUVIO/forward/pixel forward,False
45130,sample_1_RT_Cd_frame,rb0209_discovery_45130[1],150,151,pixel forward | VESUVIO/forward/pixel forward,False
45130,sample_1_RT_Cd_frame,rb0209_discovery_45130[1],151,152,pixel forward | VESUVIO/forward/pixel forward,False
45130,sample_1_RT_Cd_frame,rb0209_discovery_45130[1],152,153,pixel forward | VESUVIO/forward/pixel forward,False
45130,sample_1_RT_Cd_frame,rb0209_discovery_45130[1],153,154,pixel forward | VESUVIO/forward/pixel forward,False
45130,sample_1_RT_Cd_frame,rb0209_discovery_45130[1],154,155,pixel forward | VESUVIO/forward/pixel forward,False
45130,sample_1_RT_Cd_frame,rb0209_discovery_45130[1],155,156,pixel forward | VESUVIO/forward/pixel forward,False
45130,sample_1_RT_Cd_frame,rb0209_discovery_45130[1],156,157,pixel forward | VESUVIO/forward/pixel forward,False
45130,sample_1_RT_Cd_frame,rb0209_discovery_45130[1],157,158,pixel forward | VESUVIO/forward/pixel forward,False
45130,sample_1_RT_Cd_frame,rb0209_discovery_45130[1],158,159,pixel forward | VESUVIO/forward/pixel forward,False
45130,sample_1_RT_Cd_frame,rb0209_discovery_45130[1],159,160,pixel forward | VESUVIO/forward/pixel forward,False
45130,sample_1_RT_Cd_frame,rb0209_discovery_45130[1],160,161,pixel forward | VESUVIO/forward/pixel forward,False
45130,sample_1_RT_Cd_frame,rb0209_discovery_45130[1],161,162,pixel forward | VESUVIO/forward/pixel forward,False
45130,sample_1_RT_Cd_frame,rb0209_discovery_45130[1],162,163,pixel forward | VESUVIO/forward/pixel forward,False
45130,sample_1_RT_Cd_frame,rb0209_discovery_45130[1],163,164,pixel forward | VESUVIO/forward/pixel forward,False
45130,sample_1_RT_Cd_frame,rb0209_discovery_45130[1],164,165,pixel forward | VESUVIO/forward/pixel forward,False
45130,sample_1_RT_Cd_frame,rb0209_discovery_45130[1],165,166,pixel forward | VESUVIO/forward/pixel forward,False
45130,sample_1_RT_Cd_frame,rb0209_discovery_45130[1],166,167,pixel forward | VESUVIO/forward/pixel forward,False
45130,sample_1_RT_Cd_frame,rb0209_discovery_45130[1],167,168,pixel forward | VESUVIO/forward/pixel forward,False
45130,sample_1_RT_Cd_frame,rb0209_discovery_45130[1],168,169,pixel forward | VESUVIO/forward/pixel forward,False
45130,sample_1_RT_Cd_frame,rb0209_discovery_45130[1],169,170,pixel forward | VESUVIO/forward/pixel forward,False
45130,sample_1_RT_Cd_frame,rb0209_discovery_45130[1],170,171,pixel forward | VESUVIO/forward/pixel forward,False
45130,sample_1_RT_Cd_frame,rb0209_discovery_45130[1],171,172,pixel forward | VESUVIO/forward/pixel forward,False
45130,sample_1_RT_Cd_frame,rb0209_discovery_45130[1],172,173,pixel forward | VESUVIO/forward/pixel forward,False
45130,sample_1_RT_Cd_frame,rb0209_discovery_45130[1],173,174,pixel forward | VESUVIO/forward/pixel forward,False
45130,sample_1_RT_Cd_frame,rb0209_discovery_45130[1],174,175,pixel forward | VESUVIO/forward/pixel forward,False
45130,sample_1_RT_Cd_frame,rb0209_discovery_45130[1],175,176,pixel forward | VESUVIO/forward/pixel forward,False
45130,sample_1_RT_Cd_frame,rb0209_discovery_45130[1],176,177,pixel forward | VESUVIO/forward/pixel forward,False
45130,sample_1_RT_Cd_frame,rb0209_discovery_45130[1],177,178,pixel forward | VESUVIO/forward/pixel forward,False
45130,sample_1_RT_Cd_frame,rb0209_discovery_45130[1],178,179,pixel forward | VESUVIO/forward/pixel forward,False
45130,sample_1_RT_Cd_frame,rb0209_discovery_45130[1],179,180,pixel forward | VESUVIO/forward/pixel forward,False
45130,sample_1_RT_Cd_frame,rb0209_discovery_45130[1],180,181,pixel forward | VESUVIO/forward/pixel forward,False
45130,sample_1_RT_Cd_frame,rb0209_discovery_45130[1],181,182,pixel forward | VESUVIO/forward/pixel forward,False
45130,sample_1_RT_Cd_frame,rb0209_discovery_45130[1],182,183,pixel forward | VESUVIO/forward/pixel forward,False
45130,sample_1_RT_Cd_frame,rb0209_discovery_45130[1],183,184,pixel forward | VESUVIO/forward/pixel forward,False
45130,sample_1_RT_Cd_frame,rb0209_discovery_45130[1],184,185,pixel forward | VESUVIO/forward/pixel forward,False
45130,sample_1_RT_Cd_frame,rb0209_discovery_45130[1],185,186,pixel forward | VESUVIO/forward/pixel forward,False
45130,sample_1_RT_Cd_frame,rb0209_discovery_45130[1],186,187,pixel forward | VESUVIO/forward/pixel forward,False
45130,sample_1_RT_Cd_frame,rb0209_discovery_45130[1],187,188,pixel forward | VESUVIO/forward/pixel forward,False
45130,sample_1_RT_Cd_frame,rb0209_discovery_45130[1],188,189,pixel forward | VESUVIO/forward/pixel forward,False
45130,sample_1_RT_Cd_frame,rb0209_discovery_45130[1],189,190,pixel forward | VESUVIO/forward/pixel forward,False
45130,sample_1_RT_Cd_frame,rb0209_discovery_45130[1],190,191,pixel forward | VESUVIO/forward/pixel forward,False
45130,sample_1_RT_Cd_frame,rb0209_discovery_45130[1],191,192,pixel forward | VESUVIO/forward/pixel forward,False
45130,sample_1_RT_Cd_frame,rb0209_discovery_45130[1],192,193,pixel forward | VESUVIO/forward/pixel forward,False
45130,sample_1_RT_Cd_frame,rb0209_discovery_45130[1],193,194,pixel forward | VESUVIO/forward/pixel forward,False
45130,sample_1_RT_Cd_frame,rb0209_discovery_45130[1],194,195,pixel forward | VESUVIO/forward/pixel forward,False
45130,sample_1_RT_Cd_frame,rb0209_discovery_45130[1],195,196,pixel forward | VESUVIO/forward/pixel forward,False
45130,sample_1_RT_Cd_frame,rb0209_discovery_45130[1],196,197,pixel forward | VESUVIO/forward/pixel forward,False
45130,sample_1_RT_Cd_frame,rb0209_discovery_45130[1],197,198,pixel forward | VESUVIO/forward/pixel forward,False
45130,sample_1_RT_Cd_frame,rb0209_discovery_45130[2],0,1,Monitor 1 | VESUVIO/Monitor 1,False
45130,sample_1_RT_Cd_frame,rb0209_discovery_45130[2],1,2,Monitor 2 | VESUVIO/Monitor 2,False
45130,sample_1_RT_Cd_frame,rb0209_discovery_45130[2],2,3,S3 | VESUVIO/back/S3,False
45130,sample_1_RT_Cd_frame,rb0209_discovery_45130[2],3,4,S4 | VESUVIO/back/S4,False
45130,sample_1_RT_Cd_frame,rb0209_discovery_45130[2],4,5,S5 | VESUVIO/back/S5,False
45130,sample_1_RT_Cd_frame,rb0209_discovery_45130[2],5,6,S6 | VESUVIO/back/S6,False
45130,sample_1_RT_Cd_frame,rb0209_discovery_45130[2],6,7,S7 | VESUVIO/back/S7,False
45130,sample_1_RT_Cd_frame,rb0209_discovery_45130[2],7,8,S8 | VESUVIO/back/S8,False
45130,sample_1_RT_Cd_frame,rb0209_discovery_45130[2],8,9,S9 | VESUVIO/back/S9,False
45130,sample_1_RT_Cd_frame,rb0209_discovery_45130[2],9,10,S10 | VESUVIO/back/S10,False
45130,sample_1_RT_Cd_frame,rb0209_discovery_45130[2],10,11,S11 | VESUVIO/back/S11,False
45130,sample_1_RT_Cd_frame,rb0209_discovery_45130[2],11,12,S12 | VESUVIO/back/S12,False
45130,sample_1_RT_Cd_frame,rb0209_discovery_45130[2],12,13,S13 | VESUVIO/back/S13,False
45130,sample_1_RT_Cd_frame,rb0209_discovery_45130[2],13,14,S14 | VESUVIO/back/S14,False
45130,sample_1_RT_Cd_frame,rb0209_discovery_45130[2],14,15,S15 | VESUVIO/back/S15,False
45130,sample_1_RT_Cd_frame,rb0209_discovery_45130[2],15,16,S16 | VESUVIO/back/S16,False
45130,sample_1_RT_Cd_frame,rb0209_discovery_45130[2],16,17,S17 | VESUVIO/back/S17,False
45130,sample_1_RT_Cd_frame,rb0209_discovery_45130[2],17,18,S18 | VESUVIO/back/S18,False
45130,sample_1_RT_Cd_frame,rb0209_discovery_45130[2],18,19,S19 | VESUVIO/back/S19,False
45130,sample_1_RT_Cd_frame,rb0209_discovery_45130[2],19,20,S20 | VESUVIO/back/S20,False
45130,sample_1_RT_Cd_frame,rb0209_discovery_45130[2],20,21,S21 | VESUVIO/back/S21,False
45130,sample_1_RT_Cd_frame,rb0209_discovery_45130[2],21,22,S22 | VESUVIO/back/S22,False
45130,sample_1_RT_Cd_frame,rb0209_discovery_45130[2],22,23,S23 | VESUVIO/back/S23,False
45130,sample_1_RT_Cd_frame,rb0209_discovery_45130[2],23,24,S24 | VESUVIO/back/S24,False
45130,sample_1_RT_Cd_frame,rb0209_discovery_45130[2],24,25,S25 | VESUVIO/back/S25,False
45130,sample_1_RT_Cd_frame,rb0209_discovery_45130[2],25,26,S26 | VESUVIO/back/S26,False
45130,sample_1_RT_Cd_frame,rb0209_discovery_45130[2],26,27,S27 | VESUVIO/back/S27,False
45130,sample_1_RT_Cd_frame,rb0209_discovery_45130[2],27,28,S28 | VESUVIO/back/S28,False
45130,sample_1_RT_Cd_frame,rb0209_discovery_45130[2],28,29,S29 | VESUVIO/back/S29,False
45130,sample_1_RT_Cd_frame,rb0209_discovery_45130[2],29,30,S30 | VESUVIO/back/S30,False
45130,sample_1_RT_Cd_frame,rb0209_discovery_45130[2],30,31,S31 | VESUVIO/back/S31,False
45130,sample_1_RT_Cd_frame,rb0209_discovery_45130[2],31,32,S32 | VESUVIO/back/S32,False
45130,sample_1_RT_Cd_frame,rb0209_discovery_45130[2],32,33,S33 | VESUVIO/back/S33,False
45130,sample_1_RT_Cd_frame,rb0209_discovery_45130[2],33,34,S34 | VESUVIO/back/S34,False
45130,sample_1_RT_Cd_frame,rb0209_discovery_45130[2],34,35,S35 | VESUVIO/back/S35,False
45130,sample_1_RT_Cd_frame,rb0209_discovery_45130[2],35,36,S36 | VESUVIO/back/S36,False
45130,sample_1_RT_Cd_frame,rb0209_discovery_45130[2],36,37,S37 | VESUVIO/back/S37,False
45130,sample_1_RT_Cd_frame,rb0209_discovery_45130[2],37,38,S38 | VESUVIO/back/S38,False
45130,sample_1_RT_Cd_frame,rb0209_discovery_45130[2],38,39,S39 | VESUVIO/back/S39,False
45130,sample_1_RT_Cd_frame,rb0209_discovery_45130[2],39,40,S40 | VESUVIO/back/S40,False
45130,sample_1_RT_Cd_frame,rb0209_discovery_45130[2],40,41,S41 | VESUVIO/back/S41,False
45130,sample_1_RT_Cd_frame,rb0209_discovery_45130[2],41,42,S42 | VESUVIO/back/S42,False
45130,sample_1_RT_Cd_frame,rb0209_discovery_45130[2],42,43,S43 | VESUVIO/back/S43,False
45130,sample_1_RT_Cd_frame,rb0209_discovery_45130[2],43,44,S44 | VESUVIO/back/S44,False
45130,sample_1_RT_Cd_frame,rb0209_discovery_45130[2],44,45,S45 | VESUVIO/back/S45,False
45130,sample_1_RT_Cd_frame,rb0209_discovery_45130[2],45,46,S46 | VESUVIO/back/S46,False
45130,sample_1_RT_Cd_frame,rb0209_discovery_45130[2],46,47,S47 | VESUVIO/back/S47,False
45130,sample_1_RT_Cd_frame,rb0209_discovery_45130[2],47,48,S48 | VESUVIO/back/S48,False
45130,sample_1_RT_Cd_frame,rb0209_discovery_45130[2],48,49,S49 | VESUVIO/back/S49,False
45130,sample_1_RT_Cd_frame,rb0209_discovery_45130[2],49,50,S50 | VESUVIO/back/S50,False
45130,sample_1_RT_Cd_frame,rb0209_discovery_45130[2],50,51,S51 | VESUVIO/back/S51,False
45130,sample_1_RT_Cd_frame,rb0209_discovery_45130[2],51,52,S52 | VESUVIO/back/S52,False
45130,sample_1_RT_Cd_frame,rb0209_discovery_45130[2],52,53,S53 | VESUVIO/back/S53,False
45130,sample_1_RT_Cd_frame,rb0209_discovery_45130[2],53,54,S54 | VESUVIO/back/S54,False
45130,sample_1_RT_Cd_frame,rb0209_discovery_45130[2],54,55,S55 | VESUVIO/back/S55,False
45130,sample_1_RT_Cd_frame,rb0209_discovery_45130[2],55,56,S56 | VESUVIO/back/S56,False
45130,sample_1_RT_Cd_frame,rb0209_discovery_45130[2],56,57,S57 | VESUVIO/back/S57,False
45130,sample_1_RT_Cd_frame,rb0209_discovery_45130[2],57,58,S58 | VESUVIO/back/S58,False
45130,sample_1_RT_Cd_frame,rb0209_discovery_45130[2],58,59,S59 | VESUVIO/back/S59,False
45130,sample_1_RT_Cd_frame,rb0209_discovery_45130[2],59,60,S60 | VESUVIO/back/S60,False
45130,sample_1_RT_Cd_frame,rb0209_discovery_45130[2],60,61,S61 | VESUVIO/back/S61,False
45130,sample_1_RT_Cd_frame,rb0209_discovery_45130[2],61,62,S62 | VESUVIO/back/S62,False
45130,sample_1_RT_Cd_frame,rb0209_discovery_45130[2],62,63,S63 | VESUVIO/back/S63,False
45130,sample_1_RT_Cd_frame,rb0209_discovery_45130[2],63,64,S64 | VESUVIO/back/S64,False
45130,sample_1_RT_Cd_frame,rb0209_discovery_45130[2],64,65,S65 | VESUVIO/back/S65,False
45130,sample_1_RT_Cd_frame,rb0209_discovery_45130[2],65,66,S66 | VESUVIO/back/S66,False
45130,sample_1_RT_Cd_frame,rb0209_discovery_45130[2],66,67,S67 | VESUVIO/back/S67,False
45130,sample_1_RT_Cd_frame,rb0209_discovery_45130[2],67,68,S68 | VESUVIO/back/S68,False
45130,sample_1_RT_Cd_frame,rb0209_discovery_45130[2],68,69,S69 | VESUVIO/back/S69,False
45130,sample_1_RT_Cd_frame,rb0209_discovery_45130[2],69,70,S70 | VESUVIO/back/S70,False
45130,sample_1_RT_Cd_frame,rb0209_discovery_45130[2],70,71,S71 | VESUVIO/back/S71,False
45130,sample_1_RT_Cd_frame,rb0209_discovery_45130[2],71,72,S72 | VESUVIO/back/S72,False
45130,sample_1_RT_Cd_frame,rb0209_discovery_45130[2],72,73,S73 | VESUVIO/back/S73,False
45130,sample_1_RT_Cd_frame,rb0209_discovery_45130[2],73,74,S74 | VESUVIO/back/S74,False
45130,sample_1_RT_Cd_frame,rb0209_discovery_45130[2],74,75,S75 | VESUVIO/back/S75,False
45130,sample_1_RT_Cd_frame,rb0209_discovery_45130[2],75,76,S76 | VESUVIO/back/S76,False
45130,sample_1_RT_Cd_frame,rb0209_discovery_45130[2],76,77,S77 | VESUVIO/back/S77,False
45130,sample_1_RT_Cd_frame,rb0209_discovery_45130[2],77,78,S78 | VESUVIO/back/S78,False
45130,sample_1_RT_Cd_frame,rb0209_discovery_45130[2],78,79,S79 | VESUVIO/back/S79,False
45130,sample_1_RT_Cd_frame,rb0209_discovery_45130[2],79,80,S80 | VESUVIO/back/S80,False
45130,sample_1_RT_Cd_frame,rb0209_discovery_45130[2],80,81,S81 | VESUVIO/back/S81,False
45130,sample_1_RT_Cd_frame,rb0209_discovery_45130[2],81,82,S82 | VESUVIO/back/S82,False
45130,sample_1_RT_Cd_frame,rb0209_discovery_45130[2],82,83,S83 | VESUVIO/back/S83,False
45130,sample_1_RT_Cd_frame,rb0209_discovery_45130[2],83,84,S84 | VESUVIO/back/S84,False
45130,sample_1_RT_Cd_frame,rb0209_discovery_45130[2],84,85,S85 | VESUVIO/back/S85,False
45130,sample_1_RT_Cd_frame,rb0209_discovery_45130[2],85,86,S86 | VESUVIO/back/S86,False
45130,sample_1_RT_Cd_frame,rb0209_discovery_45130[2],86,87,S87 | VESUVIO/back/S87,False
45130,sample_1_RT_Cd_frame,rb0209_discovery_45130[2],87,88,S88 | VESUVIO/back/S88,False
45130,sample_1_RT_Cd_frame,rb0209_discovery_45130[2],88,89,S89 | VESUVIO/back/S89,False
45130,sample_1_RT_Cd_frame,rb0209_discovery_45130[2],89,90,S90 | VESUVIO/back/S90,False
45130,sample_1_RT_Cd_frame,rb0209_discovery_45130[2],90,91,S91 | VESUVIO/back/S91,False
45130,sample_1_RT_Cd_frame,rb0209_discovery_45130[2],91,92,S92 | VESUVIO/back/S92,False
45130,sample_1_RT_Cd_frame,rb0209_discovery_45130[2],92,93,S93 | VESUVIO/back/S93,False
45130,sample_1_RT_Cd_frame,rb0209_discovery_45130[2],93,94,S94 | VESUVIO/back/S94,False
45130,sample_1_RT_Cd_frame,rb0209_discovery_45130[2],94,95,S95 | VESUVIO/back/S95,False
45130,sample_1_RT_Cd_frame,rb0209_discovery_45130[2],95,96,S96 | VESUVIO/back/S96,False
45130,sample_1_RT_Cd_frame,rb0209_discovery_45130[2],96,97,S97 | VESUVIO/back/S97,False
45130,sample_1_RT_Cd_frame,rb0209_discovery_45130[2],97,98,S98 | VESUVIO/back/S98,False
45130,sample_1_RT_Cd_frame,rb0209_discovery_45130[2],98,99,S99 | VESUVIO/back/S99,False
45130,sample_1_RT_Cd_frame,rb0209_discovery_45130[2],99,100,S100 | VESUVIO/back/S100,False
45130,sample_1_RT_Cd_frame,rb0209_discovery_45130[2],100,101,S101 | VESUVIO/back/S101,False
45130,sample_1_RT_Cd_frame,rb0209_discovery_45130[2],101,102,S102 | VESUVIO/back/S102,False
45130,sample_1_RT_Cd_frame,rb0209_discovery_45130[2],102,103,S103 | VESUVIO/back/S103,False
45130,sample_1_RT_Cd_frame,rb0209_discovery_45130[2],103,104,S104 | VESUVIO/back/S104,False
45130,sample_1_RT_Cd_frame,rb0209_discovery_45130[2],104,105,S105 | VESUVIO/back/S105,False
45130,sample_1_RT_Cd_frame,rb0209_discovery_45130[2],105,106,S106 | VESUVIO/back/S106,False
45130,sample_1_RT_Cd_frame,rb0209_discovery_45130[2],106,107,S107 | VESUVIO/back/S107,False
45130,sample_1_RT_Cd_frame,rb0209_discovery_45130[2],107,108,S108 | VESUVIO/back/S108,False
45130,sample_1_RT_Cd_frame,rb0209_discovery_45130[2],108,109,S109 | VESUVIO/back/S109,False
45130,sample_1_RT_Cd_frame,rb0209_discovery_45130[2],109,110,S110 | VESUVIO/back/S110,False
45130,sample_1_RT_Cd_frame,rb0209_discovery_45130[2],110,111,S111 | VESUVIO/back/S111,False
45130,sample_1_RT_Cd_frame,rb0209_discovery_45130[2],111,112,S112 | VESUVIO/back/S112,False
45130,sample_1_RT_Cd_frame,rb0209_discovery_45130[2],112,113,S113 | VESUVIO/back/S113,False
45130,sample_1_RT_Cd_frame,rb0209_discovery_45130[2],113,114,S114 | VESUVIO/back/S114,False
45130,sample_1_RT_Cd_frame,rb0209_discovery_45130[2],114,115,S115 | VESUVIO/back/S115,False
45130,sample_1_RT_Cd_frame,rb0209_discovery_45130[2],115,116,S116 | VESUVIO/back/S116,False
45130,sample_1_RT_Cd_frame,rb0209_discovery_45130[2],116,117,S117 | VESUVIO/back/S117,False
45130,sample_1_RT_Cd_frame,rb0209_discovery_45130[2],117,118,S118 | VESUVIO/back/S118,False
45130,sample_1_RT_Cd_frame,rb0209_discovery_45130[2],118,119,S119 | VESUVIO/back/S119,False
45130,sample_1_RT_Cd_frame,rb0209_discovery_45130[2],119,120,S120 | VESUVIO/back/S120,False
45130,sample_1_RT_Cd_frame,rb0209_discovery_45130[2],120,121,S121 | VESUVIO/back/S121,False
45130,sample_1_RT_Cd_frame,rb0209_discovery_45130[2],121,122,S122 | VESUVIO/back/S122,False
45130,sample_1_RT_Cd_frame,rb0209_discovery_45130[2],122,123,S123 | VESUVIO/back/S123,False
45130,sample_1_RT_Cd_frame,rb0209_discovery_45130[2],123,124,S124 | VESUVIO/back/S124,False
45130,sample_1_RT_Cd_frame,rb0209_discovery_45130[2],124,125,S125 | VESUVIO/back/S125,False
45130,sample_1_RT_Cd_frame,rb0209_discovery_45130[2],125,126,S126 | VESUVIO/back/S126,False
45130,sample_1_RT_Cd_frame,rb0209_discovery_45130[2],126,127,S127 | VESUVIO/back/S127,False
45130,sample_1_RT_Cd_frame,rb0209_discovery_45130[2],127,128,S128 | VESUVIO/back/S128,False
45130,sample_1_RT_Cd_frame,rb0209_discovery_45130[2],128,129,S129 | VESUVIO/back/S129,False
45130,sample_1_RT_Cd_frame,rb0209_discovery_45130[2],129,130,S130 | VESUVIO/back/S130,False
45130,sample_1_RT_Cd_frame,rb0209_discovery_45130[2],130,131,S131 | VESUVIO/back/S131,False
45130,sample_1_RT_Cd_frame,rb0209_discovery_45130[2],131,132,S132 | VESUVIO/back/S132,False
45130,sample_1_RT_Cd_frame,rb0209_discovery_45130[2],132,133,S133 | VESUVIO/back/S133,False
45130,sample_1_RT_Cd_frame,rb0209_discovery_45130[2],133,134,S134 | VESUVIO/back/S134,False
45130,sample_1_RT_Cd_frame,rb0209_discovery_45130[2],134,135,pixel forward | VESUVIO/forward/pixel forward,False
45130,sample_1_RT_Cd_frame,rb0209_discovery_45130[2],135,136,pixel forward | VESUVIO/forward/pixel forward,False
45130,sample_1_RT_Cd_frame,rb0209_discovery_45130[2],136,137,pixel forward | VESUVIO/forward/pixel forward,False
45130,sample_1_RT_Cd_frame,rb0209_discovery_45130[2],137,138,pixel forward | VESUVIO/forward/pixel forward,False
45130,sample_1_RT_Cd_frame,rb0209_discovery_45130[2],138,139,pixel forward | VESUVIO/forward/pixel forward,False
45130,sample_1_RT_Cd_frame,rb0209_discovery_45130[2],139,140,pixel forward | VESUVIO/forward/pixel forward,False
45130,sample_1_RT_Cd_frame,rb0209_discovery_45130[2],140,141,pixel forward | VESUVIO/forward/pixel forward,False
45130,sample_1_RT_Cd_frame,rb0209_discovery_45130[2],141,142,pixel forward | VESUVIO/forward/pixel forward,False
45130,sample_1_RT_Cd_frame,rb0209_discovery_45130[2],142,143,pixel forward | VESUVIO/forward/pixel forward,False
45130,sample_1_RT_Cd_frame,rb0209_discovery_45130[2],143,144,pixel forward | VESUVIO/forward/pixel forward,False
45130,sample_1_RT_Cd_frame,rb0209_discovery_45130[2],144,145,pixel forward | VESUVIO/forward/pixel forward,False
45130,sample_1_RT_Cd_frame,rb0209_discovery_45130[2],145,146,pixel forward | VESUVIO/forward/pixel forward,False
45130,sample_1_RT_Cd_frame,rb0209_discovery_45130[2],146,147,pixel forward | VESUVIO/forward/pixel forward,False
45130,sample_1_RT_Cd_frame,rb0209_discovery_45130[2],147,148,pixel forward | VESUVIO/forward/pixel forward,False
45130,sample_1_RT_Cd_frame,rb0209_discovery_45130[2],148,149,pixel forward | VESUVIO/forward/pixel forward,False
45130,sample_1_RT_Cd_frame,rb0209_discovery_45130[2],149,150,pixel forward | VESUVIO/forward/pixel forward,False
45130,sample_1_RT_Cd_frame,rb0209_discovery_45130[2],150,151,pixel forward | VESUVIO/forward/pixel forward,False
45130,sample_1_RT_Cd_frame,rb0209_discovery_45130[2],151,152,pixel forward | VESUVIO/forward/pixel forward,False
45130,sample_1_RT_Cd_frame,rb0209_discovery_45130[2],152,153,pixel forward | VESUVIO/forward/pixel forward,False
45130,sample_1_RT_Cd_frame,rb0209_discovery_45130[2],153,154,pixel forward | VESUVIO/forward/pixel forward,False
45130,sample_1_RT_Cd_frame,rb0209_discovery_45130[2],154,155,pixel forward | VESUVIO/forward/pixel forward,False
45130,sample_1_RT_Cd_frame,rb0209_discovery_45130[2],155,156,pixel forward | VESUVIO/forward/pixel forward,False
45130,sample_1_RT_Cd_frame,rb0209_discovery_45130[2],156,157,pixel forward | VESUVIO/forward/pixel forward,False
45130,sample_1_RT_Cd_frame,rb0209_discovery_45130[2],157,158,pixel forward | VESUVIO/forward/pixel forward,False
45130,sample_1_RT_Cd_frame,rb0209_discovery_45130[2],158,159,pixel forward | VESUVIO/forward/pixel forward,False
45130,sample_1_RT_Cd_frame,rb0209_discovery_45130[2],159,160,pixel forward | VESUVIO/forward/pixel forward,False
45130,sample_1_RT_Cd_frame,rb0209_discovery_45130[2],160,161,pixel forward | VESUVIO/forward/pixel forward,False
45130,sample_1_RT_Cd_frame,rb0209_discovery_45130[2],161,162,pixel forward | VESUVIO/forward/pixel forward,False
45130,sample_1_RT_Cd_frame,rb0209_discovery_45130[2],162,163,pixel forward | VESUVIO/forward/pixel forward,False
45130,sample_1_RT_Cd_frame,rb0209_discovery_45130[2],163,164,pixel forward | VESUVIO/forward/pixel forward,False
45130,sample_1_RT_Cd_frame,rb0209_discovery_45130[2],164,165,pixel forward | VESUVIO/forward/pixel forward,False
45130,sample_1_RT_Cd_frame,rb0209_discovery_45130[2],165,166,pixel forward | VESUVIO/forward/pixel forward,False
45130,sample_1_RT_Cd_frame,rb0209_discovery_45130[2],166,167,pixel forward | VESUVIO/forward/pixel forward,False
45130,sample_1_RT_Cd_frame,rb0209_discovery_45130[2],167,168,pixel forward | VESUVIO/forward/pixel forward,False
45130,sample_1_RT_Cd_frame,rb0209_discovery_45130[2],168,169,pixel forward | VESUVIO/forward/pixel forward,False
45130,sample_1_RT_Cd_frame,rb0209_discovery_45130[2],169,170,pixel forward | VESUVIO/forward/pixel forward,False
45130,sample_1_RT_Cd_frame,rb0209_discovery_45130[2],170,171,pixel forward | VESUVIO/forward/pixel forward,False
45130,sample_1_RT_Cd_frame,rb0209_discovery_45130[2],171,172,pixel forward | VESUVIO/forward/pixel forward,False
45130,sample_1_RT_Cd_frame,rb0209_discovery_45130[2],172,173,pixel forward | VESUVIO/forward/pixel forward,False
45130,sample_1_RT_Cd_frame,rb0209_discovery_45130[2],173,174,pixel forward | VESUVIO/forward/pixel forward,False
45130,sample_1_RT_Cd_frame,rb0209_discovery_45130[2],174,175,pixel forward | VESUVIO/forward/pixel forward,False
45130,sample_1_RT_Cd_frame,rb0209_discovery_45130[2],175,176,pixel forward | VESUVIO/forward/pixel forward,False
45130,sample_1_RT_Cd_frame,rb0209_discovery_45130[2],176,177,pixel forward | VESUVIO/forward/pixel forward,False
45130,sample_1_RT_Cd_frame,rb0209_discovery_45130[2],177,178,pixel forward | VESUVIO/forward/pixel forward,False
45130,sample_1_RT_Cd_frame,rb0209_discovery_45130[2],178,179,pixel forward | VESUVIO/forward/pixel forward,False
45130,sample_1_RT_Cd_frame,rb0209_discovery_45130[2],179,180,pixel forward | VESUVIO/forward/pixel forward,False
45130,sample_1_RT_Cd_frame,rb0209_discovery_45130[2],180,181,pixel forward | VESUVIO/forward/pixel forward,False
45130,sample_1_RT_Cd_frame,rb0209_discovery_45130[2],181,182,pixel forward | VESUVIO/forward/pixel forward,False
45130,sample_1_RT_Cd_frame,rb0209_discovery_45130[2],182,183,pixel forward | VESUVIO/forward/pixel forward,False
45130,sample_1_RT_Cd_frame,rb0209_discovery_45130[2],183,184,pixel forward | VESUVIO/forward/pixel forward,False
45130,sample_1_RT_Cd_frame,rb0209_discovery_45130[2],184,185,pixel forward | VESUVIO/forward/pixel forward,False
45130,sample_1_RT_Cd_frame,rb0209_discovery_45130[2],185,186,pixel forward | VESUVIO/forward/pixel forward,False
45130,sample_1_RT_Cd_frame,rb0209_discovery_45130[2],186,187,pixel forward | VESUVIO/forward/pixel forward,False
45130,sample_1_RT_Cd_frame,rb0209_discovery_45130[2],187,188,pixel forward | VESUVIO/forward/pixel forward,False
45130,sample_1_RT_Cd_frame,rb0209_discovery_45130[2],188,189,pixel forward | VESUVIO/forward/pixel forward,False
45130,sample_1_RT_Cd_frame,rb0209_discovery_45130[2],189,190,pixel forward | VESUVIO/forward/pixel forward,False
45130,sample_1_RT_Cd_frame,rb0209_discovery_45130[2],190,191,pixel forward | VESUVIO/forward/pixel forward,False
45130,sample_1_RT_Cd_frame,rb0209_discovery_45130[2],191,192,pixel forward | VESUVIO/forward/pixel forward,False
45130,sample_1_RT_Cd_frame,rb0209_discovery_45130[2],192,193,pixel forward | VESUVIO/forward/pixel forward,False
45130,sample_1_RT_Cd_frame,rb0209_discovery_45130[2],193,194,pixel forward | VESUVIO/forward/pixel forward,False
45130,sample_1_RT_Cd_frame,rb0209_discovery_45130[2],194,195,pixel forward | VESUVIO/forward/pixel forward,False
45130,sample_1_RT_Cd_frame,rb0209_discovery_45130[2],195,196,pixel forward | VESUVIO/forward/pixel forward,False
45130,sample_1_RT_Cd_frame,rb0209_discovery_45130[2],196,197,pixel forward | VESUVIO/forward/pixel forward,False
45130,sample_1_RT_Cd_frame,rb0209_discovery_45130[2],197,198,pixel forward | VESUVIO/forward/pixel forward,False
45130,sample_1_RT_Cd_frame,rb0209_discovery_45130[3],0,1,Monitor 1 | VESUVIO/Monitor 1,False
45130,sample_1_RT_Cd_frame,rb0209_discovery_45130[3],1,2,Monitor 2 | VESUVIO/Monitor 2,False
45130,sample_1_RT_Cd_frame,rb0209_discovery_45130[3],2,3,S3 | VESUVIO/back/S3,False
45130,sample_1_RT_Cd_frame,rb0209_discovery_45130[3],3,4,S4 | VESUVIO/back/S4,False
45130,sample_1_RT_Cd_frame,rb0209_discovery_45130[3],4,5,S5 | VESUVIO/back/S5,False
45130,sample_1_RT_Cd_frame,rb0209_discovery_45130[3],5,6,S6 | VESUVIO/back/S6,False
45130,sample_1_RT_Cd_frame,rb0209_discovery_45130[3],6,7,S7 | VESUVIO/back/S7,False
45130,sample_1_RT_Cd_frame,rb0209_discovery_45130[3],7,8,S8 | VESUVIO/back/S8,False
45130,sample_1_RT_Cd_frame,rb0209_discovery_45130[3],8,9,S9 | VESUVIO/back/S9,False
45130,sample_1_RT_Cd_frame,rb0209_discovery_45130[3],9,10,S10 | VESUVIO/back/S10,False
45130,sample_1_RT_Cd_frame,rb0209_discovery_45130[3],10,11,S11 | VESUVIO/back/S11,False
45130,sample_1_RT_Cd_frame,rb0209_discovery_45130[3],11,12,S12 | VESUVIO/back/S12,False
45130,sample_1_RT_Cd_frame,rb0209_discovery_45130[3],12,13,S13 | VESUVIO/back/S13,False
45130,sample_1_RT_Cd_frame,rb0209_discovery_45130[3],13,14,S14 | VESUVIO/back/S14,False
45130,sample_1_RT_Cd_frame,rb0209_discovery_45130[3],14,15,S15 | VESUVIO/back/S15,False
45130,sample_1_RT_Cd_frame,rb0209_discovery_45130[3],15,16,S16 | VESUVIO/back/S16,False
45130,sample_1_RT_Cd_frame,rb0209_discovery_45130[3],16,17,S17 | VESUVIO/back/S17,False
45130,sample_1_RT_Cd_frame,rb0209_discovery_45130[3],17,18,S18 | VESUVIO/back/S18,False
45130,sample_1_RT_Cd_frame,rb0209_discovery_45130[3],18,19,S19 | VESUVIO/back/S19,False
45130,sample_1_RT_Cd_frame,rb0209_discovery_45130[3],19,20,S20 | VESUVIO/back/S20,False
45130,sample_1_RT_Cd_frame,rb0209_discovery_45130[3],20,21,S21 | VESUVIO/back/S21,False
45130,sample_1_RT_Cd_frame,rb0209_discovery_45130[3],21,22,S22 | VESUVIO/back/S22,False
45130,sample_1_RT_Cd_frame,rb0209_discovery_45130[3],22,23,S23 | VESUVIO/back/S23,False
45130,sample_1_RT_Cd_frame,rb0209_discovery_45130[3],23,24,S24 | VESUVIO/back/S24,False
45130,sample_1_RT_Cd_frame,rb0209_discovery_45130[3],24,25,S25 | VESUVIO/back/S25,False
45130,sample_1_RT_Cd_frame,rb0209_discovery_45130[3],25,26,S26 | VESUVIO/back/S26,False
45130,sample_1_RT_Cd_frame,rb0209_discovery_45130[3],26,27,S27 | VESUVIO/back/S27,False
45130,sample_1_RT_Cd_frame,rb0209_discovery_45130[3],27,28,S28 | VESUVIO/back/S28,False
45130,sample_1_RT_Cd_frame,rb0209_discovery_45130[3],28,29,S29 | VESUVIO/back/S29,False
45130,sample_1_RT_Cd_frame,rb0209_discovery_45130[3],29,30,S30 | VESUVIO/back/S30,False
45130,sample_1_RT_Cd_frame,rb0209_discovery_45130[3],30,31,S31 | VESUVIO/back/S31,False
45130,sample_1_RT_Cd_frame,rb0209_discovery_45130[3],31,32,S32 | VESUVIO/back/S32,False
45130,sample_1_RT_Cd_frame,rb0209_discovery_45130[3],32,33,S33 | VESUVIO/back/S33,False
45130,sample_1_RT_Cd_frame,rb0209_discovery_45130[3],33,34,S34 | VESUVIO/back/S34,False
45130,sample_1_RT_Cd_frame,rb0209_discovery_45130[3],34,35,S35 | VESUVIO/back/S35,False
45130,sample_1_RT_Cd_frame,rb0209_discovery_45130[3],35,36,S36 | VESUVIO/back/S36,False
45130,sample_1_RT_Cd_frame,rb0209_discovery_45130[3],36,37,S37 | VESUVIO/back/S37,False
45130,sample_1_RT_Cd_frame,rb0209_discovery_45130[3],37,38,S38 | VESUVIO/back/S38,False
45130,sample_1_RT_Cd_frame,rb0209_discovery_45130[3],38,39,S39 | VESUVIO/back/S39,False
45130,sample_1_RT_Cd_frame,rb0209_discovery_45130[3],39,40,S40 | VESUVIO/back/S40,False
45130,sample_1_RT_Cd_frame,rb0209_discovery_45130[3],40,41,S41 | VESUVIO/back/S41,False
45130,sample_1_RT_Cd_frame,rb0209_discovery_45130[3],41,42,S42 | VESUVIO/back/S42,False
45130,sample_1_RT_Cd_frame,rb0209_discovery_45130[3],42,43,S43 | VESUVIO/back/S43,False
45130,sample_1_RT_Cd_frame,rb0209_discovery_45130[3],43,44,S44 | VESUVIO/back/S44,False
45130,sample_1_RT_Cd_frame,rb0209_discovery_45130[3],44,45,S45 | VESUVIO/back/S45,False
45130,sample_1_RT_Cd_frame,rb0209_discovery_45130[3],45,46,S46 | VESUVIO/back/S46,False
45130,sample_1_RT_Cd_frame,rb0209_discovery_45130[3],46,47,S47 | VESUVIO/back/S47,False
45130,sample_1_RT_Cd_frame,rb0209_discovery_45130[3],47,48,S48 | VESUVIO/back/S48,False
45130,sample_1_RT_Cd_frame,rb0209_discovery_45130[3],48,49,S49 | VESUVIO/back/S49,False
45130,sample_1_RT_Cd_frame,rb0209_discovery_45130[3],49,50,S50 | VESUVIO/back/S50,False
45130,sample_1_RT_Cd_frame,rb0209_discovery_45130[3],50,51,S51 | VESUVIO/back/S51,False
45130,sample_1_RT_Cd_frame,rb0209_discovery_45130[3],51,52,S52 | VESUVIO/back/S52,False
45130,sample_1_RT_Cd_frame,rb0209_discovery_45130[3],52,53,S53 | VESUVIO/back/S53,False
45130,sample_1_RT_Cd_frame,rb0209_discovery_45130[3],53,54,S54 | VESUVIO/back/S54,False
45130,sample_1_RT_Cd_frame,rb0209_discovery_45130[3],54,55,S55 | VESUVIO/back/S55,False
45130,sample_1_RT_Cd_frame,rb0209_discovery_45130[3],55,56,S56 | VESUVIO/back/S56,False
45130,sample_1_RT_Cd_frame,rb0209_discovery_45130[3],56,57,S57 | VESUVIO/back/S57,False
45130,sample_1_RT_Cd_frame,rb0209_discovery_45130[3],57,58,S58 | VESUVIO/back/S58,False
45130,sample_1_RT_Cd_frame,rb0209_discovery_45130[3],58,59,S59 | VESUVIO/back/S59,False
45130,sample_1_RT_Cd_frame,rb0209_discovery_45130[3],59,60,S60 | VESUVIO/back/S60,False
45130,sample_1_RT_Cd_frame,rb0209_discovery_45130[3],60,61,S61 | VESUVIO/back/S61,False
45130,sample_1_RT_Cd_frame,rb0209_discovery_45130[3],61,62,S62 | VESUVIO/back/S62,False
45130,sample_1_RT_Cd_frame,rb0209_discovery_45130[3],62,63,S63 | VESUVIO/back/S63,False
45130,sample_1_RT_Cd_frame,rb0209_discovery_45130[3],63,64,S64 | VESUVIO/back/S64,False
45130,sample_1_RT_Cd_frame,rb0209_discovery_45130[3],64,65,S65 | VESUVIO/back/S65,False
45130,sample_1_RT_Cd_frame,rb0209_discovery_45130[3],65,66,S66 | VESUVIO/back/S66,False
45130,sample_1_RT_Cd_frame,rb0209_discovery_45130[3],66,67,S67 | VESUVIO/back/S67,False
45130,sample_1_RT_Cd_frame,rb0209_discovery_45130[3],67,68,S68 | VESUVIO/back/S68,False
45130,sample_1_RT_Cd_frame,rb0209_discovery_45130[3],68,69,S69 | VESUVIO/back/S69,False
45130,sample_1_RT_Cd_frame,rb0209_discovery_45130[3],69,70,S70 | VESUVIO/back/S70,False
45130,sample_1_RT_Cd_frame,rb0209_discovery_45130[3],70,71,S71 | VESUVIO/back/S71,False
45130,sample_1_RT_Cd_frame,rb0209_discovery_45130[3],71,72,S72 | VESUVIO/back/S72,False
45130,sample_1_RT_Cd_frame,rb0209_discovery_45130[3],72,73,S73 | VESUVIO/back/S73,False
45130,sample_1_RT_Cd_frame,rb0209_discovery_45130[3],73,74,S74 | VESUVIO/back/S74,False
45130,sample_1_RT_Cd_frame,rb0209_discovery_45130[3],74,75,S75 | VESUVIO/back/S75,False
45130,sample_1_RT_Cd_frame,rb0209_discovery_45130[3],75,76,S76 | VESUVIO/back/S76,False
45130,sample_1_RT_Cd_frame,rb0209_discovery_45130[3],76,77,S77 | VESUVIO/back/S77,False
45130,sample_1_RT_Cd_frame,rb0209_discovery_45130[3],77,78,S78 | VESUVIO/back/S78,False
45130,sample_1_RT_Cd_frame,rb0209_discovery_45130[3],78,79,S79 | VESUVIO/back/S79,False
45130,sample_1_RT_Cd_frame,rb0209_discovery_45130[3],79,80,S80 | VESUVIO/back/S80,False
45130,sample_1_RT_Cd_frame,rb0209_discovery_45130[3],80,81,S81 | VESUVIO/back/S81,False
45130,sample_1_RT_Cd_frame,rb0209_discovery_45130[3],81,82,S82 | VESUVIO/back/S82,False
45130,sample_1_RT_Cd_frame,rb0209_discovery_45130[3],82,83,S83 | VESUVIO/back/S83,False
45130,sample_1_RT_Cd_frame,rb0209_discovery_45130[3],83,84,S84 | VESUVIO/back/S84,False
45130,sample_1_RT_Cd_frame,rb0209_discovery_45130[3],84,85,S85 | VESUVIO/back/S85,False
45130,sample_1_RT_Cd_frame,rb0209_discovery_45130[3],85,86,S86 | VESUVIO/back/S86,False
45130,sample_1_RT_Cd_frame,rb0209_discovery_45130[3],86,87,S87 | VESUVIO/back/S87,False
45130,sample_1_RT_Cd_frame,rb0209_discovery_45130[3],87,88,S88 | VESUVIO/back/S88,False
45130,sample_1_RT_Cd_frame,rb0209_discovery_45130[3],88,89,S89 | VESUVIO/back/S89,False
45130,sample_1_RT_Cd_frame,rb0209_discovery_45130[3],89,90,S90 | VESUVIO/back/S90,False
45130,sample_1_RT_Cd_frame,rb0209_discovery_45130[3],90,91,S91 | VESUVIO/back/S91,False
45130,sample_1_RT_Cd_frame,rb0209_discovery_45130[3],91,92,S92 | VESUVIO/back/S92,False
45130,sample_1_RT_Cd_frame,rb0209_discovery_45130[3],92,93,S93 | VESUVIO/back/S93,False
45130,sample_1_RT_Cd_frame,rb0209_discovery_45130[3],93,94,S94 | VESUVIO/back/S94,False
45130,sample_1_RT_Cd_frame,rb0209_discovery_45130[3],94,95,S95 | VESUVIO/back/S95,False
45130,sample_1_RT_Cd_frame,rb0209_discovery_45130[3],95,96,S96 | VESUVIO/back/S96,False
45130,sample_1_RT_Cd_frame,rb0209_discovery_45130[3],96,97,S97 | VESUVIO/back/S97,False
45130,sample_1_RT_Cd_frame,rb0209_discovery_45130[3],97,98,S98 | VESUVIO/back/S98,False
45130,sample_1_RT_Cd_frame,rb0209_discovery_45130[3],98,99,S99 | VESUVIO/back/S99,False
45130,sample_1_RT_Cd_frame,rb0209_discovery_45130[3],99,100,S100 | VESUVIO/back/S100,False
45130,sample_1_RT_Cd_frame,rb0209_discovery_45130[3],100,101,S101 | VESUVIO/back/S101,False
45130,sample_1_RT_Cd_frame,rb0209_discovery_45130[3],101,102,S102 | VESUVIO/back/S102,False
45130,sample_1_RT_Cd_frame,rb0209_discovery_45130[3],102,103,S103 | VESUVIO/back/S103,False
45130,sample_1_RT_Cd_frame,rb0209_discovery_45130[3],103,104,S104 | VESUVIO/back/S104,False
45130,sample_1_RT_Cd_frame,rb0209_discovery_45130[3],104,105,S105 | VESUVIO/back/S105,False
45130,sample_1_RT_Cd_frame,rb0209_discovery_45130[3],105,106,S106 | VESUVIO/back/S106,False
45130,sample_1_RT_Cd_frame,rb0209_discovery_45130[3],106,107,S107 | VESUVIO/back/S107,False
45130,sample_1_RT_Cd_frame,rb0209_discovery_45130[3],107,108,S108 | VESUVIO/back/S108,False
45130,sample_1_RT_Cd_frame,rb0209_discovery_45130[3],108,109,S109 | VESUVIO/back/S109,False
45130,sample_1_RT_Cd_frame,rb0209_discovery_45130[3],109,110,S110 | VESUVIO/back/S110,False
45130,sample_1_RT_Cd_frame,rb0209_discovery_45130[3],110,111,S111 | VESUVIO/back/S111,False
45130,sample_1_RT_Cd_frame,rb0209_discovery_45130[3],111,112,S112 | VESUVIO/back/S112,False
45130,sample_1_RT_Cd_frame,rb0209_discovery_45130[3],112,113,S113 | VESUVIO/back/S113,False
45130,sample_1_RT_Cd_frame,rb0209_discovery_45130[3],113,114,S114 | VESUVIO/back/S114,False
45130,sample_1_RT_Cd_frame,rb0209_discovery_45130[3],114,115,S115 | VESUVIO/back/S115,False
45130,sample_1_RT_Cd_frame,rb0209_discovery_45130[3],115,116,S116 | VESUVIO/back/S116,False
45130,sample_1_RT_Cd_frame,rb0209_discovery_45130[3],116,117,S117 | VESUVIO/back/S117,False
45130,sample_1_RT_Cd_frame,rb0209_discovery_45130[3],117,118,S118 | VESUVIO/back/S118,False
45130,sample_1_RT_Cd_frame,rb0209_discovery_45130[3],118,119,S119 | VESUVIO/back/S119,False
45130,sample_1_RT_Cd_frame,rb0209_discovery_45130[3],119,120,S120 | VESUVIO/back/S120,False
45130,sample_1_RT_Cd_frame,rb0209_discovery_45130[3],120,121,S121 | VESUVIO/back/S121,False
45130,sample_1_RT_Cd_frame,rb0209_discovery_45130[3],121,122,S122 | VESUVIO/back/S122,False
45130,sample_1_RT_Cd_frame,rb0209_discovery_45130[3],122,123,S123 | VESUVIO/back/S123,False
45130,sample_1_RT_Cd_frame,rb0209_discovery_45130[3],123,124,S124 | VESUVIO/back/S124,False
45130,sample_1_RT_Cd_frame,rb0209_discovery_45130[3],124,125,S125 | VESUVIO/back/S125,False
45130,sample_1_RT_Cd_frame,rb0209_discovery_45130[3],125,126,S126 | VESUVIO/back/S126,False
45130,sample_1_RT_Cd_frame,rb0209_discovery_45130[3],126,127,S127 | VESUVIO/back/S127,False
45130,sample_1_RT_Cd_frame,rb0209_discovery_45130[3],127,128,S128 | VESUVIO/back/S128,False
45130,sample_1_RT_Cd_frame,rb0209_discovery_45130[3],128,129,S129 | VESUVIO/back/S129,False
45130,sample_1_RT_Cd_frame,rb0209_discovery_45130[3],129,130,S130 | VESUVIO/back/S130,False
45130,sample_1_RT_Cd_frame,rb0209_discovery_45130[3],130,131,S131 | VESUVIO/back/S131,False
45130,sample_1_RT_Cd_frame,rb0209_discovery_45130[3],131,132,S132 | VESUVIO/back/S132,False
45130,sample_1_RT_Cd_frame,rb0209_discovery_45130[3],132,133,S133 | VESUVIO/back/S133,False
45130,sample_1_RT_Cd_frame,rb0209_discovery_45130[3],133,134,S134 | VESUVIO/back/S134,False
45130,sample_1_RT_Cd_frame,rb0209_discovery_45130[3],134,135,pixel forward | VESUVIO/forward/pixel forward,False
45130,sample_1_RT_Cd_frame,rb0209_discovery_45130[3],135,136,pixel forward | VESUVIO/forward/pixel forward,False
45130,sample_1_RT_Cd_frame,rb0209_discovery_45130[3],136,137,pixel forward | VESUVIO/forward/pixel forward,False
45130,sample_1_RT_Cd_frame,rb0209_discovery_45130[3],137,138,pixel forward | VESUVIO/forward/pixel forward,False
45130,sample_1_RT_Cd_frame,rb0209_discovery_45130[3],138,139,pixel forward | VESUVIO/forward/pixel forward,False
45130,sample_1_RT_Cd_frame,rb0209_discovery_45130[3],139,140,pixel forward | VESUVIO/forward/pixel forward,False
45130,sample_1_RT_Cd_frame,rb0209_discovery_45130[3],140,141,pixel forward | VESUVIO/forward/pixel forward,False
45130,sample_1_RT_Cd_frame,rb0209_discovery_45130[3],141,142,pixel forward | VESUVIO/forward/pixel forward,False
45130,sample_1_RT_Cd_frame,rb0209_discovery_45130[3],142,143,pixel forward | VESUVIO/forward/pixel forward,False
45130,sample_1_RT_Cd_frame,rb0209_discovery_45130[3],143,144,pixel forward | VESUVIO/forward/pixel forward,False
45130,sample_1_RT_Cd_frame,rb0209_discovery_45130[3],144,145,pixel forward | VESUVIO/forward/pixel forward,False
45130,sample_1_RT_Cd_frame,rb0209_discovery_45130[3],145,146,pixel forward | VESUVIO/forward/pixel forward,False
45130,sample_1_RT_Cd_frame,rb0209_discovery_45130[3],146,147,pixel forward | VESUVIO/forward/pixel forward,False
45130,sample_1_RT_Cd_frame,rb0209_discovery_45130[3],147,148,pixel forward | VESUVIO/forward/pixel forward,False
45130,sample_1_RT_Cd_frame,rb0209_discovery_45130[3],148,149,pixel forward | VESUVIO/forward/pixel forward,False
45130,sample_1_RT_Cd_frame,rb0209_discovery_45130[3],149,150,pixel forward | VESUVIO/forward/pixel forward,False
45130,sample_1_RT_Cd_frame,rb0209_discovery_45130[3],150,151,pixel forward | VESUVIO/forward/pixel forward,False
45130,sample_1_RT_Cd_frame,rb0209_discovery_45130[3],151,152,pixel forward | VESUVIO/forward/pixel forward,False
45130,sample_1_RT_Cd_frame,rb0209_discovery_45130[3],152,153,pixel forward | VESUVIO/forward/pixel forward,False
45130,sample_1_RT_Cd_frame,rb0209_discovery_45130[3],153,154,pixel forward | VESUVIO/forward/pixel forward,False
45130,sample_1_RT_Cd_frame,rb0209_discovery_45130[3],154,155,pixel forward | VESUVIO/forward/pixel forward,False
45130,sample_1_RT_Cd_frame,rb0209_discovery_45130[3],155,156,pixel forward | VESUVIO/forward/pixel forward,False
45130,sample_1_RT_Cd_frame,rb0209_discovery_45130[3],156,157,pixel forward | VESUVIO/forward/pixel forward,False
45130,sample_1_RT_Cd_frame,rb0209_discovery_45130[3],157,158,pixel forward | VESUVIO/forward/pixel forward,False
45130,sample_1_RT_Cd_frame,rb0209_discovery_45130[3],158,159,pixel forward | VESUVIO/forward/pixel forward,False
45130,sample_1_RT_Cd_frame,rb0209_discovery_45130[3],159,160,pixel forward | VESUVIO/forward/pixel forward,False
45130,sample_1_RT_Cd_frame,rb0209_discovery_45130[3],160,161,pixel forward | VESUVIO/forward/pixel forward,False
45130,sample_1_RT_Cd_frame,rb0209_discovery_45130[3],161,162,pixel forward | VESUVIO/forward/pixel forward,False
45130,sample_1_RT_Cd_frame,rb0209_discovery_45130[3],162,163,pixel forward | VESUVIO/forward/pixel forward,False
45130,sample_1_RT_Cd_frame,rb0209_discovery_45130[3],163,164,pixel forward | VESUVIO/forward/pixel forward,False
45130,sample_1_RT_Cd_frame,rb0209_discovery_45130[3],164,165,pixel forward | VESUVIO/forward/pixel forward,False
45130,sample_1_RT_Cd_frame,rb0209_discovery_45130[3],165,166,pixel forward | VESUVIO/forward/pixel forward,False
45130,sample_1_RT_Cd_frame,rb0209_discovery_45130[3],166,167,pixel forward | VESUVIO/forward/pixel forward,False
45130,sample_1_RT_Cd_frame,rb0209_discovery_45130[3],167,168,pixel forward | VESUVIO/forward/pixel forward,False
45130,sample_1_RT_Cd_frame,rb0209_discovery_45130[3],168,169,pixel forward | VESUVIO/forward/pixel forward,False
45130,sample_1_RT_Cd_frame,rb0209_discovery_45130[3],169,170,pixel forward | VESUVIO/forward/pixel forward,False
45130,sample_1_RT_Cd_frame,rb0209_discovery_45130[3],170,171,pixel forward | VESUVIO/forward/pixel forward,False
45130,sample_1_RT_Cd_frame,rb0209_discovery_45130[3],171,172,pixel forward | VESUVIO/forward/pixel forward,False
45130,sample_1_RT_Cd_frame,rb0209_discovery_45130[3],172,173,pixel forward | VESUVIO/forward/pixel forward,False
45130,sample_1_RT_Cd_frame,rb0209_discovery_45130[3],173,174,pixel forward | VESUVIO/forward/pixel forward,False
45130,sample_1_RT_Cd_frame,rb0209_discovery_45130[3],174,175,pixel forward | VESUVIO/forward/pixel forward,False
45130,sample_1_RT_Cd_frame,rb0209_discovery_45130[3],175,176,pixel forward | VESUVIO/forward/pixel forward,False
45130,sample_1_RT_Cd_frame,rb0209_discovery_45130[3],176,177,pixel forward | VESUVIO/forward/pixel forward,False
45130,sample_1_RT_Cd_frame,rb0209_discovery_45130[3],177,178,pixel forward | VESUVIO/forward/pixel forward,False
45130,sample_1_RT_Cd_frame,rb0209_discovery_45130[3],178,179,pixel forward | VESUVIO/forward/pixel forward,False
45130,sample_1_RT_Cd_frame,rb0209_discovery_45130[3],179,180,pixel forward | VESUVIO/forward/pixel forward,False
45130,sample_1_RT_Cd_frame,rb0209_discovery_45130[3],180,181,pixel forward | VESUVIO/forward/pixel forward,False
45130,sample_1_RT_Cd_frame,rb0209_discovery_45130[3],181,182,pixel forward | VESUVIO/forward/pixel forward,False
45130,sample_1_RT_Cd_frame,rb0209_discovery_45130[3],182,183,pixel forward | VESUVIO/forward/pixel forward,False
45130,sample_1_RT_Cd_frame,rb0209_discovery_45130[3],183,184,pixel forward | VESUVIO/forward/pixel forward,False
45130,sample_1_RT_Cd_frame,rb0209_discovery_45130[3],184,185,pixel forward | VESUVIO/forward/pixel forward,False
45130,sample_1_RT_Cd_frame,rb0209_discovery_45130[3],185,186,pixel forward | VESUVIO/forward/pixel forward,False
45130,sample_1_RT_Cd_frame,rb0209_discovery_45130[3],186,187,pixel forward | VESUVIO/forward/pixel forward,False
45130,sample_1_RT_Cd_frame,rb0209_discovery_45130[3],187,188,pixel forward | VESUVIO/forward/pixel forward,False
45130,sample_1_RT_Cd_frame,rb0209_discovery_45130[3],188,189,pixel forward | VESUVIO/forward/pixel forward,False
45130,sample_1_RT_Cd_frame,rb0209_discovery_45130[3],189,190,pixel forward | VESUVIO/forward/pixel forward,False
45130,sample_1_RT_Cd_frame,rb0209_discovery_45130[3],190,191,pixel forward | VESUVIO/forward/pixel forward,False
45130,sample_1_RT_Cd_frame,rb0209_discovery_45130[3],191,192,pixel forward | VESUVIO/forward/pixel forward,False
45130,sample_1_RT_Cd_frame,rb0209_discovery_45130[3],192,193,pixel forward | VESUVIO/forward/pixel forward,False
45130,sample_1_RT_Cd_frame,rb0209_discovery_45130[3],193,194,pixel forward | VESUVIO/forward/pixel forward,False
45130,sample_1_RT_Cd_frame,rb0209_discovery_45130[3],194,195,pixel forward | VESUVIO/forward/pixel forward,False
45130,sample_1_RT_Cd_frame,rb0209_discovery_45130[3],195,196,pixel forward | VESUVIO/forward/pixel forward,False
45130,sample_1_RT_Cd_frame,rb0209_discovery_45130[3],196,197,pixel forward | VESUVIO/forward/pixel forward,False
45130,sample_1_RT_Cd_frame,rb0209_discovery_45130[3],197,198,pixel forward | VESUVIO/forward/pixel forward,False
45130,sample_1_RT_Cd_frame,rb0209_discovery_45130[4],0,1,Monitor 1 | VESUVIO/Monitor 1,False
45130,sample_1_RT_Cd_frame,rb0209_discovery_45130[4],1,2,Monitor 2 | VESUVIO/Monitor 2,False
45130,sample_1_RT_Cd_frame,rb0209_discovery_45130[4],2,3,S3 | VESUVIO/back/S3,False
45130,sample_1_RT_Cd_frame,rb0209_discovery_45130[4],3,4,S4 | VESUVIO/back/S4,False
45130,sample_1_RT_Cd_frame,rb0209_discovery_45130[4],4,5,S5 | VESUVIO/back/S5,False
45130,sample_1_RT_Cd_frame,rb0209_discovery_45130[4],5,6,S6 | VESUVIO/back/S6,False
45130,sample_1_RT_Cd_frame,rb0209_discovery_45130[4],6,7,S7 | VESUVIO/back/S7,False
45130,sample_1_RT_Cd_frame,rb0209_discovery_45130[4],7,8,S8 | VESUVIO/back/S8,False
45130,sample_1_RT_Cd_frame,rb0209_discovery_45130[4],8,9,S9 | VESUVIO/back/S9,False
45130,sample_1_RT_Cd_frame,rb0209_discovery_45130[4],9,10,S10 | VESUVIO/back/S10,False
45130,sample_1_RT_Cd_frame,rb0209_discovery_45130[4],10,11,S11 | VESUVIO/back/S11,False
45130,sample_1_RT_Cd_frame,rb0209_discovery_45130[4],11,12,S12 | VESUVIO/back/S12,False
45130,sample_1_RT_Cd_frame,rb0209_discovery_45130[4],12,13,S13 | VESUVIO/back/S13,False
45130,sample_1_RT_Cd_frame,rb0209_discovery_45130[4],13,14,S14 | VESUVIO/back/S14,False
45130,sample_1_RT_Cd_frame,rb0209_discovery_45130[4],14,15,S15 | VESUVIO/back/S15,False
45130,sample_1_RT_Cd_frame,rb0209_discovery_45130[4],15,16,S16 | VESUVIO/back/S16,False
45130,sample_1_RT_Cd_frame,rb0209_discovery_45130[4],16,17,S17 | VESUVIO/back/S17,False
45130,sample_1_RT_Cd_frame,rb0209_discovery_45130[4],17,18,S18 | VESUVIO/back/S18,False
45130,sample_1_RT_Cd_frame,rb0209_discovery_45130[4],18,19,S19 | VESUVIO/back/S19,False
45130,sample_1_RT_Cd_frame,rb0209_discovery_45130[4],19,20,S20 | VESUVIO/back/S20,False
45130,sample_1_RT_Cd_frame,rb0209_discovery_45130[4],20,21,S21 | VESUVIO/back/S21,False
45130,sample_1_RT_Cd_frame,rb0209_discovery_45130[4],21,22,S22 | VESUVIO/back/S22,False
45130,sample_1_RT_Cd_frame,rb0209_discovery_45130[4],22,23,S23 | VESUVIO/back/S23,False
45130,sample_1_RT_Cd_frame,rb0209_discovery_45130[4],23,24,S24 | VESUVIO/back/S24,False
45130,sample_1_RT_Cd_frame,rb0209_discovery_45130[4],24,25,S25 | VESUVIO/back/S25,False
45130,sample_1_RT_Cd_frame,rb0209_discovery_45130[4],25,26,S26 | VESUVIO/back/S26,False
45130,sample_1_RT_Cd_frame,rb0209_discovery_45130[4],26,27,S27 | VESUVIO/back/S27,False
45130,sample_1_RT_Cd_frame,rb0209_discovery_45130[4],27,28,S28 | VESUVIO/back/S28,False
45130,sample_1_RT_Cd_frame,rb0209_discovery_45130[4],28,29,S29 | VESUVIO/back/S29,False
45130,sample_1_RT_Cd_frame,rb0209_discovery_45130[4],29,30,S30 | VESUVIO/back/S30,False
45130,sample_1_RT_Cd_frame,rb0209_discovery_45130[4],30,31,S31 | VESUVIO/back/S31,False
45130,sample_1_RT_Cd_frame,rb0209_discovery_45130[4],31,32,S32 | VESUVIO/back/S32,False
45130,sample_1_RT_Cd_frame,rb0209_discovery_45130[4],32,33,S33 | VESUVIO/back/S33,False
45130,sample_1_RT_Cd_frame,rb0209_discovery_45130[4],33,34,S34 | VESUVIO/back/S34,False
45130,sample_1_RT_Cd_frame,rb0209_discovery_45130[4],34,35,S35 | VESUVIO/back/S35,False
45130,sample_1_RT_Cd_frame,rb0209_discovery_45130[4],35,36,S36 | VESUVIO/back/S36,False
45130,sample_1_RT_Cd_frame,rb0209_discovery_45130[4],36,37,S37 | VESUVIO/back/S37,False
45130,sample_1_RT_Cd_frame,rb0209_discovery_45130[4],37,38,S38 | VESUVIO/back/S38,False
45130,sample_1_RT_Cd_frame,rb0209_discovery_45130[4],38,39,S39 | VESUVIO/back/S39,False
45130,sample_1_RT_Cd_frame,rb0209_discovery_45130[4],39,40,S40 | VESUVIO/back/S40,False
45130,sample_1_RT_Cd_frame,rb0209_discovery_45130[4],40,41,S41 | VESUVIO/back/S41,False
45130,sample_1_RT_Cd_frame,rb0209_discovery_45130[4],41,42,S42 | VESUVIO/back/S42,False
45130,sample_1_RT_Cd_frame,rb0209_discovery_45130[4],42,43,S43 | VESUVIO/back/S43,False
45130,sample_1_RT_Cd_frame,rb0209_discovery_45130[4],43,44,S44 | VESUVIO/back/S44,False
45130,sample_1_RT_Cd_frame,rb0209_discovery_45130[4],44,45,S45 | VESUVIO/back/S45,False
45130,sample_1_RT_Cd_frame,rb0209_discovery_45130[4],45,46,S46 | VESUVIO/back/S46,False
45130,sample_1_RT_Cd_frame,rb0209_discovery_45130[4],46,47,S47 | VESUVIO/back/S47,False
45130,sample_1_RT_Cd_frame,rb0209_discovery_45130[4],47,48,S48 | VESUVIO/back/S48,False
45130,sample_1_RT_Cd_frame,rb0209_discovery_45130[4],48,49,S49 | VESUVIO/back/S49,False
45130,sample_1_RT_Cd_frame,rb0209_discovery_45130[4],49,50,S50 | VESUVIO/back/S50,False
45130,sample_1_RT_Cd_frame,rb0209_discovery_45130[4],50,51,S51 | VESUVIO/back/S51,False
45130,sample_1_RT_Cd_frame,rb0209_discovery_45130[4],51,52,S52 | VESUVIO/back/S52,False
45130,sample_1_RT_Cd_frame,rb0209_discovery_45130[4],52,53,S53 | VESUVIO/back/S53,False
45130,sample_1_RT_Cd_frame,rb0209_discovery_45130[4],53,54,S54 | VESUVIO/back/S54,False
45130,sample_1_RT_Cd_frame,rb0209_discovery_45130[4],54,55,S55 | VESUVIO/back/S55,False
45130,sample_1_RT_Cd_frame,rb0209_discovery_45130[4],55,56,S56 | VESUVIO/back/S56,False
45130,sample_1_RT_Cd_frame,rb0209_discovery_45130[4],56,57,S57 | VESUVIO/back/S57,False
45130,sample_1_RT_Cd_frame,rb0209_discovery_45130[4],57,58,S58 | VESUVIO/back/S58,False
45130,sample_1_RT_Cd_frame,rb0209_discovery_45130[4],58,59,S59 | VESUVIO/back/S59,False
45130,sample_1_RT_Cd_frame,rb0209_discovery_45130[4],59,60,S60 | VESUVIO/back/S60,False
45130,sample_1_RT_Cd_frame,rb0209_discovery_45130[4],60,61,S61 | VESUVIO/back/S61,False
45130,sample_1_RT_Cd_frame,rb0209_discovery_45130[4],61,62,S62 | VESUVIO/back/S62,False
45130,sample_1_RT_Cd_frame,rb0209_discovery_45130[4],62,63,S63 | VESUVIO/back/S63,False
45130,sample_1_RT_Cd_frame,rb0209_discovery_45130[4],63,64,S64 | VESUVIO/back/S64,False
45130,sample_1_RT_Cd_frame,rb0209_discovery_45130[4],64,65,S65 | VESUVIO/back/S65,False
45130,sample_1_RT_Cd_frame,rb0209_discovery_45130[4],65,66,S66 | VESUVIO/back/S66,False
45130,sample_1_RT_Cd_frame,rb0209_discovery_45130[4],66,67,S67 | VESUVIO/back/S67,False
45130,sample_1_RT_Cd_frame,rb0209_discovery_45130[4],67,68,S68 | VESUVIO/back/S68,False
45130,sample_1_RT_Cd_frame,rb0209_discovery_45130[4],68,69,S69 | VESUVIO/back/S69,False
45130,sample_1_RT_Cd_frame,rb0209_discovery_45130[4],69,70,S70 | VESUVIO/back/S70,False
45130,sample_1_RT_Cd_frame,rb0209_discovery_45130[4],70,71,S71 | VESUVIO/back/S71,False
45130,sample_1_RT_Cd_frame,rb0209_discovery_45130[4],71,72,S72 | VESUVIO/back/S72,False
45130,sample_1_RT_Cd_frame,rb0209_discovery_45130[4],72,73,S73 | VESUVIO/back/S73,False
45130,sample_1_RT_Cd_frame,rb0209_discovery_45130[4],73,74,S74 | VESUVIO/back/S74,False
45130,sample_1_RT_Cd_frame,rb0209_discovery_45130[4],74,75,S75 | VESUVIO/back/S75,False
45130,sample_1_RT_Cd_frame,rb0209_discovery_45130[4],75,76,S76 | VESUVIO/back/S76,False
45130,sample_1_RT_Cd_frame,rb0209_discovery_45130[4],76,77,S77 | VESUVIO/back/S77,False
45130,sample_1_RT_Cd_frame,rb0209_discovery_45130[4],77,78,S78 | VESUVIO/back/S78,False
45130,sample_1_RT_Cd_frame,rb0209_discovery_45130[4],78,79,S79 | VESUVIO/back/S79,False
45130,sample_1_RT_Cd_frame,rb0209_discovery_45130[4],79,80,S80 | VESUVIO/back/S80,False
45130,sample_1_RT_Cd_frame,rb0209_discovery_45130[4],80,81,S81 | VESUVIO/back/S81,False
45130,sample_1_RT_Cd_frame,rb0209_discovery_45130[4],81,82,S82 | VESUVIO/back/S82,False
45130,sample_1_RT_Cd_frame,rb0209_discovery_45130[4],82,83,S83 | VESUVIO/back/S83,False
45130,sample_1_RT_Cd_frame,rb0209_discovery_45130[4],83,84,S84 | VESUVIO/back/S84,False
45130,sample_1_RT_Cd_frame,rb0209_discovery_45130[4],84,85,S85 | VESUVIO/back/S85,False
45130,sample_1_RT_Cd_frame,rb0209_discovery_45130[4],85,86,S86 | VESUVIO/back/S86,False
45130,sample_1_RT_Cd_frame,rb0209_discovery_45130[4],86,87,S87 | VESUVIO/back/S87,False
45130,sample_1_RT_Cd_frame,rb0209_discovery_45130[4],87,88,S88 | VESUVIO/back/S88,False
45130,sample_1_RT_Cd_frame,rb0209_discovery_45130[4],88,89,S89 | VESUVIO/back/S89,False
45130,sample_1_RT_Cd_frame,rb0209_discovery_45130[4],89,90,S90 | VESUVIO/back/S90,False
45130,sample_1_RT_Cd_frame,rb0209_discovery_45130[4],90,91,S91 | VESUVIO/back/S91,False
45130,sample_1_RT_Cd_frame,rb0209_discovery_45130[4],91,92,S92 | VESUVIO/back/S92,False
45130,sample_1_RT_Cd_frame,rb0209_discovery_45130[4],92,93,S93 | VESUVIO/back/S93,False
45130,sample_1_RT_Cd_frame,rb0209_discovery_45130[4],93,94,S94 | VESUVIO/back/S94,False
45130,sample_1_RT_Cd_frame,rb0209_discovery_45130[4],94,95,S95 | VESUVIO/back/S95,False
45130,sample_1_RT_Cd_frame,rb0209_discovery_45130[4],95,96,S96 | VESUVIO/back/S96,False
45130,sample_1_RT_Cd_frame,rb0209_discovery_45130[4],96,97,S97 | VESUVIO/back/S97,False
45130,sample_1_RT_Cd_frame,rb0209_discovery_45130[4],97,98,S98 | VESUVIO/back/S98,False
45130,sample_1_RT_Cd_frame,rb0209_discovery_45130[4],98,99,S99 | VESUVIO/back/S99,False
45130,sample_1_RT_Cd_frame,rb0209_discovery_45130[4],99,100,S100 | VESUVIO/back/S100,False
45130,sample_1_RT_Cd_frame,rb0209_discovery_45130[4],100,101,S101 | VESUVIO/back/S101,False
45130,sample_1_RT_Cd_frame,rb0209_discovery_45130[4],101,102,S102 | VESUVIO/back/S102,False
45130,sample_1_RT_Cd_frame,rb0209_discovery_45130[4],102,103,S103 | VESUVIO/back/S103,False
45130,sample_1_RT_Cd_frame,rb0209_discovery_45130[4],103,104,S104 | VESUVIO/back/S104,False
45130,sample_1_RT_Cd_frame,rb0209_discovery_45130[4],104,105,S105 | VESUVIO/back/S105,False
45130,sample_1_RT_Cd_frame,rb0209_discovery_45130[4],105,106,S106 | VESUVIO/back/S106,False
45130,sample_1_RT_Cd_frame,rb0209_discovery_45130[4],106,107,S107 | VESUVIO/back/S107,False
45130,sample_1_RT_Cd_frame,rb0209_discovery_45130[4],107,108,S108 | VESUVIO/back/S108,False
45130,sample_1_RT_Cd_frame,rb0209_discovery_45130[4],108,109,S109 | VESUVIO/back/S109,False
45130,sample_1_RT_Cd_frame,rb0209_discovery_45130[4],109,110,S110 | VESUVIO/back/S110,False
45130,sample_1_RT_Cd_frame,rb0209_discovery_45130[4],110,111,S111 | VESUVIO/back/S111,False
45130,sample_1_RT_Cd_frame,rb0209_discovery_45130[4],111,112,S112 | VESUVIO/back/S112,False
45130,sample_1_RT_Cd_frame,rb0209_discovery_45130[4],112,113,S113 | VESUVIO/back/S113,False
45130,sample_1_RT_Cd_frame,rb0209_discovery_45130[4],113,114,S114 | VESUVIO/back/S114,False
45130,sample_1_RT_Cd_frame,rb0209_discovery_45130[4],114,115,S115 | VESUVIO/back/S115,False
45130,sample_1_RT_Cd_frame,rb0209_discovery_45130[4],115,116,S116 | VESUVIO/back/S116,False
45130,sample_1_RT_Cd_frame,rb0209_discovery_45130[4],116,117,S117 | VESUVIO/back/S117,False
45130,sample_1_RT_Cd_frame,rb0209_discovery_45130[4],117,118,S118 | VESUVIO/back/S118,False
45130,sample_1_RT_Cd_frame,rb0209_discovery_45130[4],118,119,S119 | VESUVIO/back/S119,False
45130,sample_1_RT_Cd_frame,rb0209_discovery_45130[4],119,120,S120 | VESUVIO/back/S120,False
45130,sample_1_RT_Cd_frame,rb0209_discovery_45130[4],120,121,S121 | VESUVIO/back/S121,False
45130,sample_1_RT_Cd_frame,rb0209_discovery_45130[4],121,122,S122 | VESUVIO/back/S122,False
45130,sample_1_RT_Cd_frame,rb0209_discovery_45130[4],122,123,S123 | VESUVIO/back/S123,False
45130,sample_1_RT_Cd_frame,rb0209_discovery_45130[4],123,124,S124 | VESUVIO/back/S124,False
45130,sample_1_RT_Cd_frame,rb0209_discovery_45130[4],124,125,S125 | VESUVIO/back/S125,False
45130,sample_1_RT_Cd_frame,rb0209_discovery_45130[4],125,126,S126 | VESUVIO/back/S126,False
45130,sample_1_RT_Cd_frame,rb0209_discovery_45130[4],126,127,S127 | VESUVIO/back/S127,False
45130,sample_1_RT_Cd_frame,rb0209_discovery_45130[4],127,128,S128 | VESUVIO/back/S128,False
45130,sample_1_RT_Cd_frame,rb0209_discovery_45130[4],128,129,S129 | VESUVIO/back/S129,False
45130,sample_1_RT_Cd_frame,rb0209_discovery_45130[4],129,130,S130 | VESUVIO/back/S130,False
45130,sample_1_RT_Cd_frame,rb0209_discovery_45130[4],130,131,S131 | VESUVIO/back/S131,False
45130,sample_1_RT_Cd_frame,rb0209_discovery_45130[4],131,132,S132 | VESUVIO/back/S132,False
45130,sample_1_RT_Cd_frame,rb0209_discovery_45130[4],132,133,S133 | VESUVIO/back/S133,False
45130,sample_1_RT_Cd_frame,rb0209_discovery_45130[4],133,134,S134 | VESUVIO/back/S134,False
45130,sample_1_RT_Cd_frame,rb0209_discovery_45130[4],134,135,pixel forward | VESUVIO/forward/pixel forward,False
45130,sample_1_RT_Cd_frame,rb0209_discovery_45130[4],135,136,pixel forward | VESUVIO/forward/pixel forward,False
45130,sample_1_RT_Cd_frame,rb0209_discovery_45130[4],136,137,pixel forward | VESUVIO/forward/pixel forward,False
45130,sample_1_RT_Cd_frame,rb0209_discovery_45130[4],137,138,pixel forward | VESUVIO/forward/pixel forward,False
45130,sample_1_RT_Cd_frame,rb0209_discovery_45130[4],138,139,pixel forward | VESUVIO/forward/pixel forward,False
45130,sample_1_RT_Cd_frame,rb0209_discovery_45130[4],139,140,pixel forward | VESUVIO/forward/pixel forward,False
45130,sample_1_RT_Cd_frame,rb0209_discovery_45130[4],140,141,pixel forward | VESUVIO/forward/pixel forward,False
45130,sample_1_RT_Cd_frame,rb0209_discovery_45130[4],141,142,pixel forward | VESUVIO/forward/pixel forward,False
45130,sample_1_RT_Cd_frame,rb0209_discovery_45130[4],142,143,pixel forward | VESUVIO/forward/pixel forward,False
45130,sample_1_RT_Cd_frame,rb0209_discovery_45130[4],143,144,pixel forward | VESUVIO/forward/pixel forward,False
45130,sample_1_RT_Cd_frame,rb0209_discovery_45130[4],144,145,pixel forward | VESUVIO/forward/pixel forward,False
45130,sample_1_RT_Cd_frame,rb0209_discovery_45130[4],145,146,pixel forward | VESUVIO/forward/pixel forward,False
45130,sample_1_RT_Cd_frame,rb0209_discovery_45130[4],146,147,pixel forward | VESUVIO/forward/pixel forward,False
45130,sample_1_RT_Cd_frame,rb0209_discovery_45130[4],147,148,pixel forward | VESUVIO/forward/pixel forward,False
45130,sample_1_RT_Cd_frame,rb0209_discovery_45130[4],148,149,pixel forward | VESUVIO/forward/pixel forward,False
45130,sample_1_RT_Cd_frame,rb0209_discovery_45130[4],149,150,pixel forward | VESUVIO/forward/pixel forward,False
45130,sample_1_RT_Cd_frame,rb0209_discovery_45130[4],150,151,pixel forward | VESUVIO/forward/pixel forward,False
45130,sample_1_RT_Cd_frame,rb0209_discovery_45130[4],151,152,pixel forward | VESUVIO/forward/pixel forward,False
45130,sample_1_RT_Cd_frame,rb0209_discovery_45130[4],152,153,pixel forward | VESUVIO/forward/pixel forward,False
45130,sample_1_RT_Cd_frame,rb0209_discovery_45130[4],153,154,pixel forward | VESUVIO/forward/pixel forward,False
45130,sample_1_RT_Cd_frame,rb0209_discovery_45130[4],154,155,pixel forward | VESUVIO/forward/pixel forward,False
45130,sample_1_RT_Cd_frame,rb0209_discovery_45130[4],155,156,pixel forward | VESUVIO/forward/pixel forward,False
45130,sample_1_RT_Cd_frame,rb0209_discovery_45130[4],156,157,pixel forward | VESUVIO/forward/pixel forward,False
45130,sample_1_RT_Cd_frame,rb0209_discovery_45130[4],157,158,pixel forward | VESUVIO/forward/pixel forward,False
45130,sample_1_RT_Cd_frame,rb0209_discovery_45130[4],158,159,pixel forward | VESUVIO/forward/pixel forward,False
45130,sample_1_RT_Cd_frame,rb0209_discovery_45130[4],159,160,pixel forward | VESUVIO/forward/pixel forward,False
45130,sample_1_RT_Cd_frame,rb0209_discovery_45130[4],160,161,pixel forward | VESUVIO/forward/pixel forward,False
45130,sample_1_RT_Cd_frame,rb0209_discovery_45130[4],161,162,pixel forward | VESUVIO/forward/pixel forward,False
45130,sample_1_RT_Cd_frame,rb0209_discovery_45130[4],162,163,pixel forward | VESUVIO/forward/pixel forward,False
45130,sample_1_RT_Cd_frame,rb0209_discovery_45130[4],163,164,pixel forward | VESUVIO/forward/pixel forward,False
45130,sample_1_RT_Cd_frame,rb0209_discovery_45130[4],164,165,pixel forward | VESUVIO/forward/pixel forward,False
45130,sample_1_RT_Cd_frame,rb0209_discovery_45130[4],165,166,pixel forward | VESUVIO/forward/pixel forward,False
45130,sample_1_RT_Cd_frame,rb0209_discovery_45130[4],166,167,pixel forward | VESUVIO/forward/pixel forward,False
45130,sample_1_RT_Cd_frame,rb0209_discovery_45130[4],167,168,pixel forward | VESUVIO/forward/pixel forward,False
45130,sample_1_RT_Cd_frame,rb0209_discovery_45130[4],168,169,pixel forward | VESUVIO/forward/pixel forward,False
45130,sample_1_RT_Cd_frame,rb0209_discovery_45130[4],169,170,pixel forward | VESUVIO/forward/pixel forward,False
45130,sample_1_RT_Cd_frame,rb0209_discovery_45130[4],170,171,pixel forward | VESUVIO/forward/pixel forward,False
45130,sample_1_RT_Cd_frame,rb0209_discovery_45130[4],171,172,pixel forward | VESUVIO/forward/pixel forward,False
45130,sample_1_RT_Cd_frame,rb0209_discovery_45130[4],172,173,pixel forward | VESUVIO/forward/pixel forward,False
45130,sample_1_RT_Cd_frame,rb0209_discovery_45130[4],173,174,pixel forward | VESUVIO/forward/pixel forward,False
45130,sample_1_RT_Cd_frame,rb0209_discovery_45130[4],174,175,pixel forward | VESUVIO/forward/pixel forward,False
45130,sample_1_RT_Cd_frame,rb0209_discovery_45130[4],175,176,pixel forward | VESUVIO/forward/pixel forward,False
45130,sample_1_RT_Cd_frame,rb0209_discovery_45130[4],176,177,pixel forward | VESUVIO/forward/pixel forward,False
45130,sample_1_RT_Cd_frame,rb0209_discovery_45130[4],177,178,pixel forward | VESUVIO/forward/pixel forward,False
45130,sample_1_RT_Cd_frame,rb0209_discovery_45130[4],178,179,pixel forward | VESUVIO/forward/pixel forward,False
45130,sample_1_RT_Cd_frame,rb0209_discovery_45130[4],179,180,pixel forward | VESUVIO/forward/pixel forward,False
45130,sample_1_RT_Cd_frame,rb0209_discovery_45130[4],180,181,pixel forward | VESUVIO/forward/pixel forward,False
45130,sample_1_RT_Cd_frame,rb0209_discovery_45130[4],181,182,pixel forward | VESUVIO/forward/pixel forward,False
45130,sample_1_RT_Cd_frame,rb0209_discovery_45130[4],182,183,pixel forward | VESUVIO/forward/pixel forward,False
45130,sample_1_RT_Cd_frame,rb0209_discovery_45130[4],183,184,pixel forward | VESUVIO/forward/pixel forward,False
45130,sample_1_RT_Cd_frame,rb0209_discovery_45130[4],184,185,pixel forward | VESUVIO/forward/pixel forward,False
45130,sample_1_RT_Cd_frame,rb0209_discovery_45130[4],185,186,pixel forward | VESUVIO/forward/pixel forward,False
45130,sample_1_RT_Cd_frame,rb0209_discovery_45130[4],186,187,pixel forward | VESUVIO/forward/pixel forward,False
45130,sample_1_RT_Cd_frame,rb0209_discovery_45130[4],187,188,pixel forward | VESUVIO/forward/pixel forward,False
45130,sample_1_RT_Cd_frame,rb0209_discovery_45130[4],188,189,pixel forward | VESUVIO/forward/pixel forward,False
45130,sample_1_RT_Cd_frame,rb0209_discovery_45130[4],189,190,pixel forward | VESUVIO/forward/pixel forward,False
45130,sample_1_RT_Cd_frame,rb0209_discovery_45130[4],190,191,pixel forward | VESUVIO/forward/pixel forward,False
45130,sample_1_RT_Cd_frame,rb0209_discovery_45130[4],191,192,pixel forward | VESUVIO/forward/pixel forward,False
45130,sample_1_RT_Cd_frame,rb0209_discovery_45130[4],192,193,pixel forward | VESUVIO/forward/pixel forward,False
45130,sample_1_RT_Cd_frame,rb0209_discovery_45130[4],193,194,pixel forward | VESUVIO/forward/pixel forward,False
45130,sample_1_RT_Cd_frame,rb0209_discovery_45130[4],194,195,pixel forward | VESUVIO/forward/pixel forward,False
45130,sample_1_RT_Cd_frame,rb0209_discovery_45130[4],195,196,pixel forward | VESUVIO/forward/pixel forward,False
45130,sample_1_RT_Cd_frame,rb0209_discovery_45130[4],196,197,pixel forward | VESUVIO/forward/pixel forward,False
45130,sample_1_RT_Cd_frame,rb0209_discovery_45130[4],197,198,pixel forward | VESUVIO/forward/pixel forward,False
45130,sample_1_RT_Cd_frame,rb0209_discovery_45130[5],0,1,Monitor 1 | VESUVIO/Monitor 1,False
45130,sample_1_RT_Cd_frame,rb0209_discovery_45130[5],1,2,Monitor 2 | VESUVIO/Monitor 2,False
45130,sample_1_RT_Cd_frame,rb0209_discovery_45130[5],2,3,S3 | VESUVIO/back/S3,False
45130,sample_1_RT_Cd_frame,rb0209_discovery_45130[5],3,4,S4 | VESUVIO/back/S4,False
45130,sample_1_RT_Cd_frame,rb0209_discovery_45130[5],4,5,S5 | VESUVIO/back/S5,False
45130,sample_1_RT_Cd_frame,rb0209_discovery_45130[5],5,6,S6 | VESUVIO/back/S6,False
45130,sample_1_RT_Cd_frame,rb0209_discovery_45130[5],6,7,S7 | VESUVIO/back/S7,False
45130,sample_1_RT_Cd_frame,rb0209_discovery_45130[5],7,8,S8 | VESUVIO/back/S8,False
45130,sample_1_RT_Cd_frame,rb0209_discovery_45130[5],8,9,S9 | VESUVIO/back/S9,False
45130,sample_1_RT_Cd_frame,rb0209_discovery_45130[5],9,10,S10 | VESUVIO/back/S10,False
45130,sample_1_RT_Cd_frame,rb0209_discovery_45130[5],10,11,S11 | VESUVIO/back/S11,False
45130,sample_1_RT_Cd_frame,rb0209_discovery_45130[5],11,12,S12 | VESUVIO/back/S12,False
45130,sample_1_RT_Cd_frame,rb0209_discovery_45130[5],12,13,S13 | VESUVIO/back/S13,False
45130,sample_1_RT_Cd_frame,rb0209_discovery_45130[5],13,14,S14 | VESUVIO/back/S14,False
45130,sample_1_RT_Cd_frame,rb0209_discovery_45130[5],14,15,S15 | VESUVIO/back/S15,False
45130,sample_1_RT_Cd_frame,rb0209_discovery_45130[5],15,16,S16 | VESUVIO/back/S16,False
45130,sample_1_RT_Cd_frame,rb0209_discovery_45130[5],16,17,S17 | VESUVIO/back/S17,False
45130,sample_1_RT_Cd_frame,rb0209_discovery_45130[5],17,18,S18 | VESUVIO/back/S18,False
45130,sample_1_RT_Cd_frame,rb0209_discovery_45130[5],18,19,S19 | VESUVIO/back/S19,False
45130,sample_1_RT_Cd_frame,rb0209_discovery_45130[5],19,20,S20 | VESUVIO/back/S20,False
45130,sample_1_RT_Cd_frame,rb0209_discovery_45130[5],20,21,S21 | VESUVIO/back/S21,False
45130,sample_1_RT_Cd_frame,rb0209_discovery_45130[5],21,22,S22 | VESUVIO/back/S22,False
45130,sample_1_RT_Cd_frame,rb0209_discovery_45130[5],22,23,S23 | VESUVIO/back/S23,False
45130,sample_1_RT_Cd_frame,rb0209_discovery_45130[5],23,24,S24 | VESUVIO/back/S24,False
45130,sample_1_RT_Cd_frame,rb0209_discovery_45130[5],24,25,S25 | VESUVIO/back/S25,False
45130,sample_1_RT_Cd_frame,rb0209_discovery_45130[5],25,26,S26 | VESUVIO/back/S26,False
45130,sample_1_RT_Cd_frame,rb0209_discovery_45130[5],26,27,S27 | VESUVIO/back/S27,False
45130,sample_1_RT_Cd_frame,rb0209_discovery_45130[5],27,28,S28 | VESUVIO/back/S28,False
45130,sample_1_RT_Cd_frame,rb0209_discovery_45130[5],28,29,S29 | VESUVIO/back/S29,False
45130,sample_1_RT_Cd_frame,rb0209_discovery_45130[5],29,30,S30 | VESUVIO/back/S30,False
45130,sample_1_RT_Cd_frame,rb0209_discovery_45130[5],30,31,S31 | VESUVIO/back/S31,False
45130,sample_1_RT_Cd_frame,rb0209_discovery_45130[5],31,32,S32 | VESUVIO/back/S32,False
45130,sample_1_RT_Cd_frame,rb0209_discovery_45130[5],32,33,S33 | VESUVIO/back/S33,False
45130,sample_1_RT_Cd_frame,rb0209_discovery_45130[5],33,34,S34 | VESUVIO/back/S34,False
45130,sample_1_RT_Cd_frame,rb0209_discovery_45130[5],34,35,S35 | VESUVIO/back/S35,False
45130,sample_1_RT_Cd_frame,rb0209_discovery_45130[5],35,36,S36 | VESUVIO/back/S36,False
45130,sample_1_RT_Cd_frame,rb0209_discovery_45130[5],36,37,S37 | VESUVIO/back/S37,False
45130,sample_1_RT_Cd_frame,rb0209_discovery_45130[5],37,38,S38 | VESUVIO/back/S38,False
45130,sample_1_RT_Cd_frame,rb0209_discovery_45130[5],38,39,S39 | VESUVIO/back/S39,False
45130,sample_1_RT_Cd_frame,rb0209_discovery_45130[5],39,40,S40 | VESUVIO/back/S40,False
45130,sample_1_RT_Cd_frame,rb0209_discovery_45130[5],40,41,S41 | VESUVIO/back/S41,False
45130,sample_1_RT_Cd_frame,rb0209_discovery_45130[5],41,42,S42 | VESUVIO/back/S42,False
45130,sample_1_RT_Cd_frame,rb0209_discovery_45130[5],42,43,S43 | VESUVIO/back/S43,False
45130,sample_1_RT_Cd_frame,rb0209_discovery_45130[5],43,44,S44 | VESUVIO/back/S44,False
45130,sample_1_RT_Cd_frame,rb0209_discovery_45130[5],44,45,S45 | VESUVIO/back/S45,False
45130,sample_1_RT_Cd_frame,rb0209_discovery_45130[5],45,46,S46 | VESUVIO/back/S46,False
45130,sample_1_RT_Cd_frame,rb0209_discovery_45130[5],46,47,S47 | VESUVIO/back/S47,False
45130,sample_1_RT_Cd_frame,rb0209_discovery_45130[5],47,48,S48 | VESUVIO/back/S48,False
45130,sample_1_RT_Cd_frame,rb0209_discovery_45130[5],48,49,S49 | VESUVIO/back/S49,False
45130,sample_1_RT_Cd_frame,rb0209_discovery_45130[5],49,50,S50 | VESUVIO/back/S50,False
45130,sample_1_RT_Cd_frame,rb0209_discovery_45130[5],50,51,S51 | VESUVIO/back/S51,False
45130,sample_1_RT_Cd_frame,rb0209_discovery_45130[5],51,52,S52 | VESUVIO/back/S52,False
45130,sample_1_RT_Cd_frame,rb0209_discovery_45130[5],52,53,S53 | VESUVIO/back/S53,False
45130,sample_1_RT_Cd_frame,rb0209_discovery_45130[5],53,54,S54 | VESUVIO/back/S54,False
45130,sample_1_RT_Cd_frame,rb0209_discovery_45130[5],54,55,S55 | VESUVIO/back/S55,False
45130,sample_1_RT_Cd_frame,rb0209_discovery_45130[5],55,56,S56 | VESUVIO/back/S56,False
45130,sample_1_RT_Cd_frame,rb0209_discovery_45130[5],56,57,S57 | VESUVIO/back/S57,False
45130,sample_1_RT_Cd_frame,rb0209_discovery_45130[5],57,58,S58 | VESUVIO/back/S58,False
45130,sample_1_RT_Cd_frame,rb0209_discovery_45130[5],58,59,S59 | VESUVIO/back/S59,False
45130,sample_1_RT_Cd_frame,rb0209_discovery_45130[5],59,60,S60 | VESUVIO/back/S60,False
45130,sample_1_RT_Cd_frame,rb0209_discovery_45130[5],60,61,S61 | VESUVIO/back/S61,False
45130,sample_1_RT_Cd_frame,rb0209_discovery_45130[5],61,62,S62 | VESUVIO/back/S62,False
45130,sample_1_RT_Cd_frame,rb0209_discovery_45130[5],62,63,S63 | VESUVIO/back/S63,False
45130,sample_1_RT_Cd_frame,rb0209_discovery_45130[5],63,64,S64 | VESUVIO/back/S64,False
45130,sample_1_RT_Cd_frame,rb0209_discovery_45130[5],64,65,S65 | VESUVIO/back/S65,False
45130,sample_1_RT_Cd_frame,rb0209_discovery_45130[5],65,66,S66 | VESUVIO/back/S66,False
45130,sample_1_RT_Cd_frame,rb0209_discovery_45130[5],66,67,S67 | VESUVIO/back/S67,False
45130,sample_1_RT_Cd_frame,rb0209_discovery_45130[5],67,68,S68 | VESUVIO/back/S68,False
45130,sample_1_RT_Cd_frame,rb0209_discovery_45130[5],68,69,S69 | VESUVIO/back/S69,False
45130,sample_1_RT_Cd_frame,rb0209_discovery_45130[5],69,70,S70 | VESUVIO/back/S70,False
45130,sample_1_RT_Cd_frame,rb0209_discovery_45130[5],70,71,S71 | VESUVIO/back/S71,False
45130,sample_1_RT_Cd_frame,rb0209_discovery_45130[5],71,72,S72 | VESUVIO/back/S72,False
45130,sample_1_RT_Cd_frame,rb0209_discovery_45130[5],72,73,S73 | VESUVIO/back/S73,False
45130,sample_1_RT_Cd_frame,rb0209_discovery_45130[5],73,74,S74 | VESUVIO/back/S74,False
45130,sample_1_RT_Cd_frame,rb0209_discovery_45130[5],74,75,S75 | VESUVIO/back/S75,False
45130,sample_1_RT_Cd_frame,rb0209_discovery_45130[5],75,76,S76 | VESUVIO/back/S76,False
45130,sample_1_RT_Cd_frame,rb0209_discovery_45130[5],76,77,S77 | VESUVIO/back/S77,False
45130,sample_1_RT_Cd_frame,rb0209_discovery_45130[5],77,78,S78 | VESUVIO/back/S78,False
45130,sample_1_RT_Cd_frame,rb0209_discovery_45130[5],78,79,S79 | VESUVIO/back/S79,False
45130,sample_1_RT_Cd_frame,rb0209_discovery_45130[5],79,80,S80 | VESUVIO/back/S80,False
45130,sample_1_RT_Cd_frame,rb0209_discovery_45130[5],80,81,S81 | VESUVIO/back/S81,False
45130,sample_1_RT_Cd_frame,rb0209_discovery_45130[5],81,82,S82 | VESUVIO/back/S82,False
45130,sample_1_RT_Cd_frame,rb0209_discovery_45130[5],82,83,S83 | VESUVIO/back/S83,False
45130,sample_1_RT_Cd_frame,rb0209_discovery_45130[5],83,84,S84 | VESUVIO/back/S84,False
45130,sample_1_RT_Cd_frame,rb0209_discovery_45130[5],84,85,S85 | VESUVIO/back/S85,False
45130,sample_1_RT_Cd_frame,rb0209_discovery_45130[5],85,86,S86 | VESUVIO/back/S86,False
45130,sample_1_RT_Cd_frame,rb0209_discovery_45130[5],86,87,S87 | VESUVIO/back/S87,False
45130,sample_1_RT_Cd_frame,rb0209_discovery_45130[5],87,88,S88 | VESUVIO/back/S88,False
45130,sample_1_RT_Cd_frame,rb0209_discovery_45130[5],88,89,S89 | VESUVIO/back/S89,False
45130,sample_1_RT_Cd_frame,rb0209_discovery_45130[5],89,90,S90 | VESUVIO/back/S90,False
45130,sample_1_RT_Cd_frame,rb0209_discovery_45130[5],90,91,S91 | VESUVIO/back/S91,False
45130,sample_1_RT_Cd_frame,rb0209_discovery_45130[5],91,92,S92 | VESUVIO/back/S92,False
45130,sample_1_RT_Cd_frame,rb0209_discovery_45130[5],92,93,S93 | VESUVIO/back/S93,False
45130,sample_1_RT_Cd_frame,rb0209_discovery_45130[5],93,94,S94 | VESUVIO/back/S94,False
45130,sample_1_RT_Cd_frame,rb0209_discovery_45130[5],94,95,S95 | VESUVIO/back/S95,False
45130,sample_1_RT_Cd_frame,rb0209_discovery_45130[5],95,96,S96 | VESUVIO/back/S96,False
45130,sample_1_RT_Cd_frame,rb0209_discovery_45130[5],96,97,S97 | VESUVIO/back/S97,False
45130,sample_1_RT_Cd_frame,rb0209_discovery_45130[5],97,98,S98 | VESUVIO/back/S98,False
45130,sample_1_RT_Cd_frame,rb0209_discovery_45130[5],98,99,S99 | VESUVIO/back/S99,False
45130,sample_1_RT_Cd_frame,rb0209_discovery_45130[5],99,100,S100 | VESUVIO/back/S100,False
45130,sample_1_RT_Cd_frame,rb0209_discovery_45130[5],100,101,S101 | VESUVIO/back/S101,False
45130,sample_1_RT_Cd_frame,rb0209_discovery_45130[5],101,102,S102 | VESUVIO/back/S102,False
45130,sample_1_RT_Cd_frame,rb0209_discovery_45130[5],102,103,S103 | VESUVIO/back/S103,False
45130,sample_1_RT_Cd_frame,rb0209_discovery_45130[5],103,104,S104 | VESUVIO/back/S104,False
45130,sample_1_RT_Cd_frame,rb0209_discovery_45130[5],104,105,S105 | VESUVIO/back/S105,False
45130,sample_1_RT_Cd_frame,rb0209_discovery_45130[5],105,106,S106 | VESUVIO/back/S106,False
45130,sample_1_RT_Cd_frame,rb0209_discovery_45130[5],106,107,S107 | VESUVIO/back/S107,False
45130,sample_1_RT_Cd_frame,rb0209_discovery_45130[5],107,108,S108 | VESUVIO/back/S108,False
45130,sample_1_RT_Cd_frame,rb0209_discovery_45130[5],108,109,S109 | VESUVIO/back/S109,False
45130,sample_1_RT_Cd_frame,rb0209_discovery_45130[5],109,110,S110 | VESUVIO/back/S110,False
45130,sample_1_RT_Cd_frame,rb0209_discovery_45130[5],110,111,S111 | VESUVIO/back/S111,False
45130,sample_1_RT_Cd_frame,rb0209_discovery_45130[5],111,112,S112 | VESUVIO/back/S112,False
45130,sample_1_RT_Cd_frame,rb0209_discovery_45130[5],112,113,S113 | VESUVIO/back/S113,False
45130,sample_1_RT_Cd_frame,rb0209_discovery_45130[5],113,114,S114 | VESUVIO/back/S114,False
45130,sample_1_RT_Cd_frame,rb0209_discovery_45130[5],114,115,S115 | VESUVIO/back/S115,False
45130,sample_1_RT_Cd_frame,rb0209_discovery_45130[5],115,116,S116 | VESUVIO/back/S116,False
45130,sample_1_RT_Cd_frame,rb0209_discovery_45130[5],116,117,S117 | VESUVIO/back/S117,False
45130,sample_1_RT_Cd_frame,rb0209_discovery_45130[5],117,118,S118 | VESUVIO/back/S118,False
45130,sample_1_RT_Cd_frame,rb0209_discovery_45130[5],118,119,S119 | VESUVIO/back/S119,False
45130,sample_1_RT_Cd_frame,rb0209_discovery_45130[5],119,120,S120 | VESUVIO/back/S120,False
45130,sample_1_RT_Cd_frame,rb0209_discovery_45130[5],120,121,S121 | VESUVIO/back/S121,False
45130,sample_1_RT_Cd_frame,rb0209_discovery_45130[5],121,122,S122 | VESUVIO/back/S122,False
45130,sample_1_RT_Cd_frame,rb0209_discovery_45130[5],122,123,S123 | VESUVIO/back/S123,False
45130,sample_1_RT_Cd_frame,rb0209_discovery_45130[5],123,124,S124 | VESUVIO/back/S124,False
45130,sample_1_RT_Cd_frame,rb0209_discovery_45130[5],124,125,S125 | VESUVIO/back/S125,False
45130,sample_1_RT_Cd_frame,rb0209_discovery_45130[5],125,126,S126 | VESUVIO/back/S126,False
45130,sample_1_RT_Cd_frame,rb0209_discovery_45130[5],126,127,S127 | VESUVIO/back/S127,False
45130,sample_1_RT_Cd_frame,rb0209_discovery_45130[5],127,128,S128 | VESUVIO/back/S128,False
45130,sample_1_RT_Cd_frame,rb0209_discovery_45130[5],128,129,S129 | VESUVIO/back/S129,False
45130,sample_1_RT_Cd_frame,rb0209_discovery_45130[5],129,130,S130 | VESUVIO/back/S130,False
45130,sample_1_RT_Cd_frame,rb0209_discovery_45130[5],130,131,S131 | VESUVIO/back/S131,False
45130,sample_1_RT_Cd_frame,rb0209_discovery_45130[5],131,132,S132 | VESUVIO/back/S132,False
45130,sample_1_RT_Cd_frame,rb0209_discovery_45130[5],132,133,S133 | VESUVIO/back/S133,False
45130,sample_1_RT_Cd_frame,rb0209_discovery_45130[5],133,134,S134 | VESUVIO/back/S134,False
45130,sample_1_RT_Cd_frame,rb0209_discovery_45130[5],134,135,pixel forward | VESUVIO/forward/pixel forward,False
45130,sample_1_RT_Cd_frame,rb0209_discovery_45130[5],135,136,pixel forward | VESUVIO/forward/pixel forward,False
45130,sample_1_RT_Cd_frame,rb0209_discovery_45130[5],136,137,pixel forward | VESUVIO/forward/pixel forward,False
45130,sample_1_RT_Cd_frame,rb0209_discovery_45130[5],137,138,pixel forward | VESUVIO/forward/pixel forward,False
45130,sample_1_RT_Cd_frame,rb0209_discovery_45130[5],138,139,pixel forward | VESUVIO/forward/pixel forward,False
45130,sample_1_RT_Cd_frame,rb0209_discovery_45130[5],139,140,pixel forward | VESUVIO/forward/pixel forward,False
45130,sample_1_RT_Cd_frame,rb0209_discovery_45130[5],140,141,pixel forward | VESUVIO/forward/pixel forward,False
45130,sample_1_RT_Cd_frame,rb0209_discovery_45130[5],141,142,pixel forward | VESUVIO/forward/pixel forward,False
45130,sample_1_RT_Cd_frame,rb0209_discovery_45130[5],142,143,pixel forward | VESUVIO/forward/pixel forward,False
45130,sample_1_RT_Cd_frame,rb0209_discovery_45130[5],143,144,pixel forward | VESUVIO/forward/pixel forward,False
45130,sample_1_RT_Cd_frame,rb0209_discovery_45130[5],144,145,pixel forward | VESUVIO/forward/pixel forward,False
45130,sample_1_RT_Cd_frame,rb0209_discovery_45130[5],145,146,pixel forward | VESUVIO/forward/pixel forward,False
45130,sample_1_RT_Cd_frame,rb0209_discovery_45130[5],146,147,pixel forward | VESUVIO/forward/pixel forward,False
45130,sample_1_RT_Cd_frame,rb0209_discovery_45130[5],147,148,pixel forward | VESUVIO/forward/pixel forward,False
45130,sample_1_RT_Cd_frame,rb0209_discovery_45130[5],148,149,pixel forward | VESUVIO/forward/pixel forward,False
45130,sample_1_RT_Cd_frame,rb0209_discovery_45130[5],149,150,pixel forward | VESUVIO/forward/pixel forward,False
45130,sample_1_RT_Cd_frame,rb0209_discovery_45130[5],150,151,pixel forward | VESUVIO/forward/pixel forward,False
45130,sample_1_RT_Cd_frame,rb0209_discovery_45130[5],151,152,pixel forward | VESUVIO/forward/pixel forward,False
45130,sample_1_RT_Cd_frame,rb0209_discovery_45130[5],152,153,pixel forward | VESUVIO/forward/pixel forward,False
45130,sample_1_RT_Cd_frame,rb0209_discovery_45130[5],153,154,pixel forward | VESUVIO/forward/pixel forward,False
45130,sample_1_RT_Cd_frame,rb0209_discovery_45130[5],154,155,pixel forward | VESUVIO/forward/pixel forward,False
45130,sample_1_RT_Cd_frame,rb0209_discovery_45130[5],155,156,pixel forward | VESUVIO/forward/pixel forward,False
45130,sample_1_RT_Cd_frame,rb0209_discovery_45130[5],156,157,pixel forward | VESUVIO/forward/pixel forward,False
45130,sample_1_RT_Cd_frame,rb0209_discovery_45130[5],157,158,pixel forward | VESUVIO/forward/pixel forward,False
45130,sample_1_RT_Cd_frame,rb0209_discovery_45130[5],158,159,pixel forward | VESUVIO/forward/pixel forward,False
45130,sample_1_RT_Cd_frame,rb0209_discovery_45130[5],159,160,pixel forward | VESUVIO/forward/pixel forward,False
45130,sample_1_RT_Cd_frame,rb0209_discovery_45130[5],160,161,pixel forward | VESUVIO/forward/pixel forward,False
45130,sample_1_RT_Cd_frame,rb0209_discovery_45130[5],161,162,pixel forward | VESUVIO/forward/pixel forward,False
45130,sample_1_RT_Cd_frame,rb0209_discovery_45130[5],162,163,pixel forward | VESUVIO/forward/pixel forward,False
45130,sample_1_RT_Cd_frame,rb0209_discovery_45130[5],163,164,pixel forward | VESUVIO/forward/pixel forward,False
45130,sample_1_RT_Cd_frame,rb0209_discovery_45130[5],164,165,pixel forward | VESUVIO/forward/pixel forward,False
45130,sample_1_RT_Cd_frame,rb0209_discovery_45130[5],165,166,pixel forward | VESUVIO/forward/pixel forward,False
45130,sample_1_RT_Cd_frame,rb0209_discovery_45130[5],166,167,pixel forward | VESUVIO/forward/pixel forward,False
45130,sample_1_RT_Cd_frame,rb0209_discovery_45130[5],167,168,pixel forward | VESUVIO/forward/pixel forward,False
45130,sample_1_RT_Cd_frame,rb0209_discovery_45130[5],168,169,pixel forward | VESUVIO/forward/pixel forward,False
45130,sample_1_RT_Cd_frame,rb0209_discovery_45130[5],169,170,pixel forward | VESUVIO/forward/pixel forward,False
45130,sample_1_RT_Cd_frame,rb0209_discovery_45130[5],170,171,pixel forward | VESUVIO/forward/pixel forward,False
45130,sample_1_RT_Cd_frame,rb0209_discovery_45130[5],171,172,pixel forward | VESUVIO/forward/pixel forward,False
45130,sample_1_RT_Cd_frame,rb0209_discovery_45130[5],172,173,pixel forward | VESUVIO/forward/pixel forward,False
45130,sample_1_RT_Cd_frame,rb0209_discovery_45130[5],173,174,pixel forward | VESUVIO/forward/pixel forward,False
45130,sample_1_RT_Cd_frame,rb0209_discovery_45130[5],174,175,pixel forward | VESUVIO/forward/pixel forward,False
45130,sample_1_RT_Cd_frame,rb0209_discovery_45130[5],175,176,pixel forward | VESUVIO/forward/pixel forward,False
45130,sample_1_RT_Cd_frame,rb0209_discovery_45130[5],176,177,pixel forward | VESUVIO/forward/pixel forward,False
45130,sample_1_RT_Cd_frame,rb0209_discovery_45130[5],177,178,pixel forward | VESUVIO/forward/pixel forward,False
45130,sample_1_RT_Cd_frame,rb0209_discovery_45130[5],178,179,pixel forward | VESUVIO/forward/pixel forward,False
45130,sample_1_RT_Cd_frame,rb0209_discovery_45130[5],179,180,pixel forward | VESUVIO/forward/pixel forward,False
45130,sample_1_RT_Cd_frame,rb0209_discovery_45130[5],180,181,pixel forward | VESUVIO/forward/pixel forward,False
45130,sample_1_RT_Cd_frame,rb0209_discovery_45130[5],181,182,pixel forward | VESUVIO/forward/pixel forward,False
45130,sample_1_RT_Cd_frame,rb0209_discovery_45130[5],182,183,pixel forward | VESUVIO/forward/pixel forward,False
45130,sample_1_RT_Cd_frame,rb0209_discovery_45130[5],183,184,pixel forward | VESUVIO/forward/pixel forward,False
45130,sample_1_RT_Cd_frame,rb0209_discovery_45130[5],184,185,pixel forward | VESUVIO/forward/pixel forward,False
45130,sample_1_RT_Cd_frame,rb0209_discovery_45130[5],185,186,pixel forward | VESUVIO/forward/pixel forward,False
45130,sample_1_RT_Cd_frame,rb0209_discovery_45130[5],186,187,pixel forward | VESUVIO/forward/pixel forward,False
45130,sample_1_RT_Cd_frame,rb0209_discovery_45130[5],187,188,pixel forward | VESUVIO/forward/pixel forward,False
45130,sample_1_RT_Cd_frame,rb0209_discovery_45130[5],188,189,pixel forward | VESUVIO/forward/pixel forward,False
45130,sample_1_RT_Cd_frame,rb0209_discovery_45130[5],189,190,pixel forward | VESUVIO/forward/pixel forward,False
45130,sample_1_RT_Cd_frame,rb0209_discovery_45130[5],190,191,pixel forward | VESUVIO/forward/pixel forward,False
45130,sample_1_RT_Cd_frame,rb0209_discovery_45130[5],191,192,pixel forward | VESUVIO/forward/pixel forward,False
45130,sample_1_RT_Cd_frame,rb0209_discovery_45130[5],192,193,pixel forward | VESUVIO/forward/pixel forward,False
45130,sample_1_RT_Cd_frame,rb0209_discovery_45130[5],193,194,pixel forward | VESUVIO/forward/pixel forward,False
45130,sample_1_RT_Cd_frame,rb0209_discovery_45130[5],194,195,pixel forward | VESUVIO/forward/pixel forward,False
45130,sample_1_RT_Cd_frame,rb0209_discovery_45130[5],195,196,pixel forward | VESUVIO/forward/pixel forward,False
45130,sample_1_RT_Cd_frame,rb0209_discovery_45130[5],196,197,pixel forward | VESUVIO/forward/pixel forward,False
45130,sample_1_RT_Cd_frame,rb0209_discovery_45130[5],197,198,pixel forward | VESUVIO/forward/pixel forward,False
