detector,source_proton_MeV,shield_thickness_cm,off_axis_cm,energy_lower_MeV,energy_upper_MeV,lethargy_flux_n_cm2_per_uC,error_percent,geometry_id,source_normalization_id,additional_iron_collimator_cm,peak_source_intensity_x1e9_n_sr_uC,peak_source_intensity_n_sr_uC,expected_run_id,run_id,mc_lethargy_flux_n_cm2_per_uC,mc_sigma_lethargy_flux_n_cm2_per_uC,reference_sigma,mc_statistical_sigma,source_normalization_systematic_percent,source_normalization_systematic_sigma,combined_sigma,residual,relative_residual,percent_difference,log_residual,uncertainty_normalized_residual,uncertainty_correlation_note
BC501A,43,25,0,43,44,6740.0,10.3,JAERI_43MEV_BC501A_T025_FE040,JAERI_43MEV_PEAK_3.45E9_N_SR_UC,40.0,3.45,3450000000.0,N001_JAERI_TIARA_43MEV__TRANS__JAERI_43MEV_BC501A_T025_FE040,N001_JAERI_TIARA_43MEV__TRANS__JAERI_43MEV_BC501A_T025_FE040,211.574471933628,17.70287205476374,694.22,17.70287205476374,3.4,7.193532045743351,694.4829349827687,-6528.425528066372,-0.9686091287932302,-96.86091287932302,-3.461238154235949,-9.400411729668136,source_normalization_systematic_sigma is shared/correlated across bins in this proton-energy source; do not treat these per-bin normalized residuals as independent chi-square contributions.
BC501A,43,25,0,42,43,13200.0,6.3,JAERI_43MEV_BC501A_T025_FE040,JAERI_43MEV_PEAK_3.45E9_N_SR_UC,40.0,3.45,3450000000.0,N001_JAERI_TIARA_43MEV__TRANS__JAERI_43MEV_BC501A_T025_FE040,N001_JAERI_TIARA_43MEV__TRANS__JAERI_43MEV_BC501A_T025_FE040,3538.8017341157733,71.95406624400731,831.6,71.95406624400731,3.4,120.31925895993629,843.3342585984013,-9661.198265884226,-0.7319089595366838,-73.19089595366837,-1.316428652936027,-11.455953754257388,source_normalization_systematic_sigma is shared/correlated across bins in this proton-energy source; do not treat these per-bin normalized residuals as independent chi-square contributions.
BC501A,43,25,0,41,42,19700.0,4.6,JAERI_43MEV_BC501A_T025_FE040,JAERI_43MEV_PEAK_3.45E9_N_SR_UC,40.0,3.45,3450000000.0,N001_JAERI_TIARA_43MEV__TRANS__JAERI_43MEV_BC501A_T025_FE040,N001_JAERI_TIARA_43MEV__TRANS__JAERI_43MEV_BC501A_T025_FE040,16063.302981596196,149.7980999519412,906.2,149.7980999519412,3.4,546.1523013742707,1068.6066849152799,-3636.6970184038037,-0.18460390956364486,-18.460390956364485,-0.20408128326587946,-3.403213801429779,source_normalization_systematic_sigma is shared/correlated across bins in this proton-energy source; do not treat these per-bin normalized residuals as independent chi-square contributions.
BC501A,43,25,0,40,41,22700.0,4.7,JAERI_43MEV_BC501A_T025_FE040,JAERI_43MEV_PEAK_3.45E9_N_SR_UC,40.0,3.45,3450000000.0,N001_JAERI_TIARA_43MEV__TRANS__JAERI_43MEV_BC501A_T025_FE040,N001_JAERI_TIARA_43MEV__TRANS__JAERI_43MEV_BC501A_T025_FE040,28377.55202960864,194.06628364355672,1066.9,194.06628364355672,3.4,964.8367690066938,1451.4983028837814,5677.55202960864,0.2501124242118343,25.011242421183432,0.2232334866393747,3.9115113109872026,source_normalization_systematic_sigma is shared/correlated across bins in this proton-energy source; do not treat these per-bin normalized residuals as independent chi-square contributions.
BC501A,43,25,0,39,40,20200.0,5.3,JAERI_43MEV_BC501A_T025_FE040,JAERI_43MEV_PEAK_3.45E9_N_SR_UC,40.0,3.45,3450000000.0,N001_JAERI_TIARA_43MEV__TRANS__JAERI_43MEV_BC501A_T025_FE040,N001_JAERI_TIARA_43MEV__TRANS__JAERI_43MEV_BC501A_T025_FE040,22878.24527332561,170.3693655297436,1070.6,170.3693655297436,3.4,777.8603392930708,1334.2701331275232,2678.2452733256105,0.1325863996695847,13.25863996695847,0.12450386656400513,2.0072736448411805,source_normalization_systematic_sigma is shared/correlated across bins in this proton-energy source; do not treat these per-bin normalized residuals as independent chi-square contributions.
BC501A,43,25,0,38,39,14000.0,6.0,JAERI_43MEV_BC501A_T025_FE040,JAERI_43MEV_PEAK_3.45E9_N_SR_UC,40.0,3.45,3450000000.0,N001_JAERI_TIARA_43MEV__TRANS__JAERI_43MEV_BC501A_T025_FE040,N001_JAERI_TIARA_43MEV__TRANS__JAERI_43MEV_BC501A_T025_FE040,9041.82256747571,104.1596548275636,840.0,104.1596548275636,3.4,307.4219672941741,900.531787150691,-4958.1774325242895,-0.3541555308945921,-35.41555308945921,-0.4371965640856017,-5.505832779331542,source_normalization_systematic_sigma is shared/correlated across bins in this proton-energy source; do not treat these per-bin normalized residuals as independent chi-square contributions.
BC501A,43,25,0,37,38,7430.0,6.0,JAERI_43MEV_BC501A_T025_FE040,JAERI_43MEV_PEAK_3.45E9_N_SR_UC,40.0,3.45,3450000000.0,N001_JAERI_TIARA_43MEV__TRANS__JAERI_43MEV_BC501A_T025_FE040,N001_JAERI_TIARA_43MEV__TRANS__JAERI_43MEV_BC501A_T025_FE040,2200.220938110468,49.00304354520296,445.8,49.00304354520296,3.4,74.80751189575591,454.68131929157454,-5229.779061889532,-0.7038733596082816,-70.38733596082815,-1.2169680769939433,-11.502075937577326,source_normalization_systematic_sigma is shared/correlated across bins in this proton-energy source; do not treat these per-bin normalized residuals as independent chi-square contributions.
BC501A,43,25,0,36,37,3130.0,5.8,JAERI_43MEV_BC501A_T025_FE040,JAERI_43MEV_PEAK_3.45E9_N_SR_UC,40.0,3.45,3450000000.0,N001_JAERI_TIARA_43MEV__TRANS__JAERI_43MEV_BC501A_T025_FE040,N001_JAERI_TIARA_43MEV__TRANS__JAERI_43MEV_BC501A_T025_FE040,1223.5835973422802,36.16069399613072,181.54,36.16069399613072,3.4,41.601842309637526,189.72369560452313,-1906.4164026577198,-0.6090787228938402,-60.907872289384024,-0.9392490765922508,-10.04838323744032,source_normalization_systematic_sigma is shared/correlated across bins in this proton-energy source; do not treat these per-bin normalized residuals as independent chi-square contributions.
BC501A,43,25,0,35,36,1330.0,12.9,JAERI_43MEV_BC501A_T025_FE040,JAERI_43MEV_PEAK_3.45E9_N_SR_UC,40.0,3.45,3450000000.0,N001_JAERI_TIARA_43MEV__TRANS__JAERI_43MEV_BC501A_T025_FE040,N001_JAERI_TIARA_43MEV__TRANS__JAERI_43MEV_BC501A_T025_FE040,1261.26045026741,36.5353708465117,171.57,36.5353708465117,3.4,42.88285530909194,180.58249500533725,-68.73954973258992,-0.05168387197939092,-5.168387197939092,-0.053067363939166716,-0.38065455752263405,source_normalization_systematic_sigma is shared/correlated across bins in this proton-energy source; do not treat these per-bin normalized residuals as independent chi-square contributions.
BC501A,43,25,0,34,35,1020.0,17.8,JAERI_43MEV_BC501A_T025_FE040,JAERI_43MEV_PEAK_3.45E9_N_SR_UC,40.0,3.45,3450000000.0,N001_JAERI_TIARA_43MEV__TRANS__JAERI_43MEV_BC501A_T025_FE040,N001_JAERI_TIARA_43MEV__TRANS__JAERI_43MEV_BC501A_T025_FE040,1337.4956418282443,37.647481502741535,181.56,37.647481502741535,3.4,45.47485182216031,190.91707260417206,317.4956418282443,0.311270237086514,31.127023708651404,0.2709963140403635,1.663002881290283,source_normalization_systematic_sigma is shared/correlated across bins in this proton-energy source; do not treat these per-bin normalized residuals as independent chi-square contributions.
BC501A,43,25,0,33,34,1270.0,13.8,JAERI_43MEV_BC501A_T025_FE040,JAERI_43MEV_PEAK_3.45E9_N_SR_UC,40.0,3.45,3450000000.0,N001_JAERI_TIARA_43MEV__TRANS__JAERI_43MEV_BC501A_T025_FE040,N001_JAERI_TIARA_43MEV__TRANS__JAERI_43MEV_BC501A_T025_FE040,1398.8026703687656,37.720868739452,175.26,37.720868739452,3.4,47.55929079253803,185.47457421206866,128.80267036876558,0.10141942548721698,10.141942548721698,0.0965997347773449,0.6944492037032238,source_normalization_systematic_sigma is shared/correlated across bins in this proton-energy source; do not treat these per-bin normalized residuals as independent chi-square contributions.
BC501A,43,25,0,32,33,1610.0,11.4,JAERI_43MEV_BC501A_T025_FE040,JAERI_43MEV_PEAK_3.45E9_N_SR_UC,40.0,3.45,3450000000.0,N001_JAERI_TIARA_43MEV__TRANS__JAERI_43MEV_BC501A_T025_FE040,N001_JAERI_TIARA_43MEV__TRANS__JAERI_43MEV_BC501A_T025_FE040,1461.4031033063145,38.014735686354726,183.54,38.014735686354726,3.4,49.687705512414695,193.90956605694277,-148.5968966936855,-0.09229620912651273,-9.229620912651274,-0.0968371751076239,-0.766320608700909,source_normalization_systematic_sigma is shared/correlated across bins in this proton-energy source; do not treat these per-bin normalized residuals as independent chi-square contributions.
BC501A,43,25,0,31,32,1880.0,10.4,JAERI_43MEV_BC501A_T025_FE040,JAERI_43MEV_PEAK_3.45E9_N_SR_UC,40.0,3.45,3450000000.0,N001_JAERI_TIARA_43MEV__TRANS__JAERI_43MEV_BC501A_T025_FE040,N001_JAERI_TIARA_43MEV__TRANS__JAERI_43MEV_BC501A_T025_FE040,1497.5723440378058,37.66043237956315,195.52,37.66043237956315,3.4,50.917459697285395,205.52120637306587,-382.4276559621942,-0.20341896593733733,-20.341896593733733,-0.22742641712627937,-1.860769809165116,source_normalization_systematic_sigma is shared/correlated across bins in this proton-energy source; do not treat these per-bin normalized residuals as independent chi-square contributions.
BC501A,43,25,0,30,31,2050.0,9.5,JAERI_43MEV_BC501A_T025_FE040,JAERI_43MEV_PEAK_3.45E9_N_SR_UC,40.0,3.45,3450000000.0,N001_JAERI_TIARA_43MEV__TRANS__JAERI_43MEV_BC501A_T025_FE040,N001_JAERI_TIARA_43MEV__TRANS__JAERI_43MEV_BC501A_T025_FE040,1712.383047167992,40.03558662248236,194.75,40.03558662248236,3.4,58.22102360371172,207.171663809678,-337.6169528320081,-0.1646911965034186,-16.46911965034186,-0.1799537979527195,-1.6296483149460346,source_normalization_systematic_sigma is shared/correlated across bins in this proton-energy source; do not treat these per-bin normalized residuals as independent chi-square contributions.
BC501A,43,25,0,29,30,2150.0,8.8,JAERI_43MEV_BC501A_T025_FE040,JAERI_43MEV_PEAK_3.45E9_N_SR_UC,40.0,3.45,3450000000.0,N001_JAERI_TIARA_43MEV__TRANS__JAERI_43MEV_BC501A_T025_FE040,N001_JAERI_TIARA_43MEV__TRANS__JAERI_43MEV_BC501A_T025_FE040,1788.9831272432243,40.27453188094215,189.2,40.27453188094215,3.4,60.82542632626963,202.7767501613572,-361.0168727567757,-0.1679148245380352,-16.791482453803518,-0.18382046904750185,-1.7803662030755536,source_normalization_systematic_sigma is shared/correlated across bins in this proton-energy source; do not treat these per-bin normalized residuals as independent chi-square contributions.
BC501A,43,25,0,28,29,2170.0,9.1,JAERI_43MEV_BC501A_T025_FE040,JAERI_43MEV_PEAK_3.45E9_N_SR_UC,40.0,3.45,3450000000.0,N001_JAERI_TIARA_43MEV__TRANS__JAERI_43MEV_BC501A_T025_FE040,N001_JAERI_TIARA_43MEV__TRANS__JAERI_43MEV_BC501A_T025_FE040,1793.0952920866864,39.37191766852112,197.47,39.37191766852112,3.4,60.965239930947334,210.38371914369893,-376.9047079133136,-0.17368880549000626,-17.368880549000625,-0.19078382761172338,-1.7915108138946598,source_normalization_systematic_sigma is shared/correlated across bins in this proton-energy source; do not treat these per-bin normalized residuals as independent chi-square contributions.
BC501A,43,25,0,27,28,2130.0,11.2,JAERI_43MEV_BC501A_T025_FE040,JAERI_43MEV_PEAK_3.45E9_N_SR_UC,40.0,3.45,3450000000.0,N001_JAERI_TIARA_43MEV__TRANS__JAERI_43MEV_BC501A_T025_FE040,N001_JAERI_TIARA_43MEV__TRANS__JAERI_43MEV_BC501A_T025_FE040,1724.050561032923,37.999901194682366,238.56,37.999901194682366,3.4,58.61771907511938,248.5777606311056,-405.94943896707696,-0.19058659106435538,-19.058659106435538,-0.21144548016456732,-1.633088325908262,source_normalization_systematic_sigma is shared/correlated across bins in this proton-energy source; do not treat these per-bin normalized residuals as independent chi-square contributions.
BC501A,43,25,0,26,27,2040.0,15.0,JAERI_43MEV_BC501A_T025_FE040,JAERI_43MEV_PEAK_3.45E9_N_SR_UC,40.0,3.45,3450000000.0,N001_JAERI_TIARA_43MEV__TRANS__JAERI_43MEV_BC501A_T025_FE040,N001_JAERI_TIARA_43MEV__TRANS__JAERI_43MEV_BC501A_T025_FE040,1744.8977394458198,37.40600279444424,306.0,37.40600279444424,3.4,59.32652314115787,313.93446034654477,-295.10226055418025,-0.14465797085989227,-14.465797085989227,-0.1562538559556805,-0.9400123204965263,source_normalization_systematic_sigma is shared/correlated across bins in this proton-energy source; do not treat these per-bin normalized residuals as independent chi-square contributions.
BC501A,43,25,0,25,26,1930.0,19.5,JAERI_43MEV_BC501A_T025_FE040,JAERI_43MEV_PEAK_3.45E9_N_SR_UC,40.0,3.45,3450000000.0,N001_JAERI_TIARA_43MEV__TRANS__JAERI_43MEV_BC501A_T025_FE040,N001_JAERI_TIARA_43MEV__TRANS__JAERI_43MEV_BC501A_T025_FE040,1629.5540655212203,35.149526119483085,376.35,35.149526119483085,3.4,55.40483822772149,382.02684170809806,-300.4459344787797,-0.15567146864185477,-15.567146864185478,-0.1692136049626378,-0.7864524208179766,source_normalization_systematic_sigma is shared/correlated across bins in this proton-energy source; do not treat these per-bin normalized residuals as independent chi-square contributions.
BC501A,43,25,0,24,25,1820.0,22.3,JAERI_43MEV_BC501A_T025_FE040,JAERI_43MEV_PEAK_3.45E9_N_SR_UC,40.0,3.45,3450000000.0,N001_JAERI_TIARA_43MEV__TRANS__JAERI_43MEV_BC501A_T025_FE040,N001_JAERI_TIARA_43MEV__TRANS__JAERI_43MEV_BC501A_T025_FE040,1633.6181670135445,34.68736504319818,405.86,34.68736504319818,3.4,55.54301767846051,411.10896330105703,-186.3818329864555,-0.10240760054200851,-10.240760054200852,-0.10803921187657053,-0.4533635839264521,source_normalization_systematic_sigma is shared/correlated across bins in this proton-energy source; do not treat these per-bin normalized residuals as independent chi-square contributions.
BC501A,43,25,0,23,24,1730.0,22.1,JAERI_43MEV_BC501A_T025_FE040,JAERI_43MEV_PEAK_3.45E9_N_SR_UC,40.0,3.45,3450000000.0,N001_JAERI_TIARA_43MEV__TRANS__JAERI_43MEV_BC501A_T025_FE040,N001_JAERI_TIARA_43MEV__TRANS__JAERI_43MEV_BC501A_T025_FE040,1631.3779015611456,33.944116782338405,382.33,33.944116782338405,3.4,55.46684865307895,387.82083913017954,-98.62209843885444,-0.0570069933172569,-5.70069933172569,-0.05869641240720379,-0.2542980894478185,source_normalization_systematic_sigma is shared/correlated across bins in this proton-energy source; do not treat these per-bin normalized residuals as independent chi-square contributions.
BC501A,43,25,0,22,23,1670.0,17.9,JAERI_43MEV_BC501A_T025_FE040,JAERI_43MEV_PEAK_3.45E9_N_SR_UC,40.0,3.45,3450000000.0,N001_JAERI_TIARA_43MEV__TRANS__JAERI_43MEV_BC501A_T025_FE040,N001_JAERI_TIARA_43MEV__TRANS__JAERI_43MEV_BC501A_T025_FE040,1511.6790170198146,31.690959378025624,298.92999999999995,31.690959378025624,3.4,51.3970865786737,304.9674118903122,-158.32098298018536,-0.09480298382047028,-9.480298382047028,-0.09960266153891478,-0.5191406583373858,source_normalization_systematic_sigma is shared/correlated across bins in this proton-energy source; do not treat these per-bin normalized residuals as independent chi-square contributions.
BC501A,43,25,0,21,22,1640.0,11.2,JAERI_43MEV_BC501A_T025_FE040,JAERI_43MEV_PEAK_3.45E9_N_SR_UC,40.0,3.45,3450000000.0,N001_JAERI_TIARA_43MEV__TRANS__JAERI_43MEV_BC501A_T025_FE040,N001_JAERI_TIARA_43MEV__TRANS__JAERI_43MEV_BC501A_T025_FE040,1528.36324137917,31.23409584898633,183.68,31.23409584898633,3.4,51.96435020689178,193.42751830059797,-111.63675862083005,-0.06807119428099394,-6.807119428099393,-0.07049885592782505,-0.5771503434549567,source_normalization_systematic_sigma is shared/correlated across bins in this proton-energy source; do not treat these per-bin normalized residuals as independent chi-square contributions.
BC501A,43,25,0,20,21,1640.0,4.9,JAERI_43MEV_BC501A_T025_FE040,JAERI_43MEV_PEAK_3.45E9_N_SR_UC,40.0,3.45,3450000000.0,N001_JAERI_TIARA_43MEV__TRANS__JAERI_43MEV_BC501A_T025_FE040,N001_JAERI_TIARA_43MEV__TRANS__JAERI_43MEV_BC501A_T025_FE040,1372.1802085150346,28.713406432595388,80.36000000000001,28.713406432595388,3.4,46.65412708951118,97.25634623739302,-267.81979148496544,-0.16330475090546673,-16.330475090546674,-0.1782953738435516,-2.753751316456451,source_normalization_systematic_sigma is shared/correlated across bins in this proton-energy source; do not treat these per-bin normalized residuals as independent chi-square contributions.
BC501A,43,25,0,19,20,1650.0,8.8,JAERI_43MEV_BC501A_T025_FE040,JAERI_43MEV_PEAK_3.45E9_N_SR_UC,40.0,3.45,3450000000.0,N001_JAERI_TIARA_43MEV__TRANS__JAERI_43MEV_BC501A_T025_FE040,N001_JAERI_TIARA_43MEV__TRANS__JAERI_43MEV_BC501A_T025_FE040,1363.2651620360764,27.86143433749622,145.20000000000002,27.86143433749622,3.4,46.3510155092266,154.94423565295736,-286.7348379639236,-0.1737786896751052,-17.37786896751052,-0.19089261117262107,-1.8505679592117876,source_normalization_systematic_sigma is shared/correlated across bins in this proton-energy source; do not treat these per-bin normalized residuals as independent chi-square contributions.
BC501A,43,25,0,18,19,1630.0,13.3,JAERI_43MEV_BC501A_T025_FE040,JAERI_43MEV_PEAK_3.45E9_N_SR_UC,40.0,3.45,3450000000.0,N001_JAERI_TIARA_43MEV__TRANS__JAERI_43MEV_BC501A_T025_FE040,N001_JAERI_TIARA_43MEV__TRANS__JAERI_43MEV_BC501A_T025_FE040,1424.6865553273726,27.7243580123222,216.79,27.7243580123222,3.4,48.43934288113067,223.85913889307972,-205.31344467262738,-0.12595916851081435,-12.595916851081434,-0.13462818646683775,-0.9171546253945425,source_normalization_systematic_sigma is shared/correlated across bins in this proton-energy source; do not treat these per-bin normalized residuals as independent chi-square contributions.
BC501A,43,25,0,17,18,1550.0,13.4,JAERI_43MEV_BC501A_T025_FE040,JAERI_43MEV_PEAK_3.45E9_N_SR_UC,40.0,3.45,3450000000.0,N001_JAERI_TIARA_43MEV__TRANS__JAERI_43MEV_BC501A_T025_FE040,N001_JAERI_TIARA_43MEV__TRANS__JAERI_43MEV_BC501A_T025_FE040,1282.8143115735927,25.38179937865593,207.7,25.38179937865593,3.4,43.61568659350215,213.7424942699063,-267.1856884264073,-0.17237786350090795,-17.237786350090794,-0.18919858564452652,-1.2500354192040768,source_normalization_systematic_sigma is shared/correlated across bins in this proton-energy source; do not treat these per-bin normalized residuals as independent chi-square contributions.
BC501A,43,25,0,16,17,1420.0,8.7,JAERI_43MEV_BC501A_T025_FE040,JAERI_43MEV_PEAK_3.45E9_N_SR_UC,40.0,3.45,3450000000.0,N001_JAERI_TIARA_43MEV__TRANS__JAERI_43MEV_BC501A_T025_FE040,N001_JAERI_TIARA_43MEV__TRANS__JAERI_43MEV_BC501A_T025_FE040,1230.9977627718963,24.293914893753897,123.53999999999998,24.293914893753897,3.4,41.85392393424448,132.68035592942337,-189.0022372281037,-0.13310016706204486,-13.310016706204486,-0.1428318418195748,-1.424492992230437,source_normalization_systematic_sigma is shared/correlated across bins in this proton-energy source; do not treat these per-bin normalized residuals as independent chi-square contributions.
BC501A,43,25,0,15,16,1270.0,4.8,JAERI_43MEV_BC501A_T025_FE040,JAERI_43MEV_PEAK_3.45E9_N_SR_UC,40.0,3.45,3450000000.0,N001_JAERI_TIARA_43MEV__TRANS__JAERI_43MEV_BC501A_T025_FE040,N001_JAERI_TIARA_43MEV__TRANS__JAERI_43MEV_BC501A_T025_FE040,1078.8336117830615,21.8266373879272,60.96,21.8266373879272,3.4,36.68034280062409,74.41754663811054,-191.16638821693846,-0.1505247151314476,-15.052471513144761,-0.16313643203257808,-2.5688348629197995,source_normalization_systematic_sigma is shared/correlated across bins in this proton-energy source; do not treat these per-bin normalized residuals as independent chi-square contributions.
BC501A,43,25,0,14,15,1160.0,5.6,JAERI_43MEV_BC501A_T025_FE040,JAERI_43MEV_PEAK_3.45E9_N_SR_UC,40.0,3.45,3450000000.0,N001_JAERI_TIARA_43MEV__TRANS__JAERI_43MEV_BC501A_T025_FE040,N001_JAERI_TIARA_43MEV__TRANS__JAERI_43MEV_BC501A_T025_FE040,981.8284500427404,19.958848572789208,64.96,19.958848572789208,3.4,33.38216730145317,75.71344880596669,-178.17154995725957,-0.15359616375625826,-15.359616375625826,-0.16675868546429304,-2.3532351618781173,source_normalization_systematic_sigma is shared/correlated across bins in this proton-energy source; do not treat these per-bin normalized residuals as independent chi-square contributions.
BC501A,43,25,0,13,14,1110.0,4.7,JAERI_43MEV_BC501A_T025_FE040,JAERI_43MEV_PEAK_3.45E9_N_SR_UC,40.0,3.45,3450000000.0,N001_JAERI_TIARA_43MEV__TRANS__JAERI_43MEV_BC501A_T025_FE040,N001_JAERI_TIARA_43MEV__TRANS__JAERI_43MEV_BC501A_T025_FE040,915.1485057051016,18.500229465238743,52.17,18.500229465238743,3.4,31.115049193973455,63.49892657840663,-194.85149429489843,-0.17554188675216076,-17.554188675216075,-0.19302894088324146,-3.0685793413263682,source_normalization_systematic_sigma is shared/correlated across bins in this proton-energy source; do not treat these per-bin normalized residuals as independent chi-square contributions.
BC501A,43,25,0,12,13,1090.0,9.2,JAERI_43MEV_BC501A_T025_FE040,JAERI_43MEV_PEAK_3.45E9_N_SR_UC,40.0,3.45,3450000000.0,N001_JAERI_TIARA_43MEV__TRANS__JAERI_43MEV_BC501A_T025_FE040,N001_JAERI_TIARA_43MEV__TRANS__JAERI_43MEV_BC501A_T025_FE040,867.8826444068776,17.127961608422748,100.28,17.127961608422748,3.4,29.508009909833834,105.92529498518498,-222.1173555931224,-0.20377739045240587,-20.377739045240588,-0.2278764719997175,-2.096924588448759,source_normalization_systematic_sigma is shared/correlated across bins in this proton-energy source; do not treat these per-bin normalized residuals as independent chi-square contributions.
BC501A,43,25,0,11,12,1050.0,13.1,JAERI_43MEV_BC501A_T025_FE040,JAERI_43MEV_PEAK_3.45E9_N_SR_UC,40.0,3.45,3450000000.0,N001_JAERI_TIARA_43MEV__TRANS__JAERI_43MEV_BC501A_T025_FE040,N001_JAERI_TIARA_43MEV__TRANS__JAERI_43MEV_BC501A_T025_FE040,721.4597209237245,14.81740518341817,137.55,14.81740518341817,3.4,24.52963051140663,140.5035969980688,-328.5402790762755,-0.31289550388216714,-31.289550388216714,-0.3752688933515651,-2.3383051117245865,source_normalization_systematic_sigma is shared/correlated across bins in this proton-energy source; do not treat these per-bin normalized residuals as independent chi-square contributions.
BC501A,43,25,0,10,11,985.0,13.7,JAERI_43MEV_BC501A_T025_FE040,JAERI_43MEV_PEAK_3.45E9_N_SR_UC,40.0,3.45,3450000000.0,N001_JAERI_TIARA_43MEV__TRANS__JAERI_43MEV_BC501A_T025_FE040,N001_JAERI_TIARA_43MEV__TRANS__JAERI_43MEV_BC501A_T025_FE040,795.4139125748914,15.107677783915513,134.945,15.107677783915513,3.4,27.044073027546304,138.45496321527037,-189.58608742510864,-0.19247318520315598,-19.2473185203156,-0.21377901725791748,-1.3692978786924337,source_normalization_systematic_sigma is shared/correlated across bins in this proton-energy source; do not treat these per-bin normalized residuals as independent chi-square contributions.
BC501A,43,25,0,9,10,911.0,11.9,JAERI_43MEV_BC501A_T025_FE040,JAERI_43MEV_PEAK_3.45E9_N_SR_UC,40.0,3.45,3450000000.0,N001_JAERI_TIARA_43MEV__TRANS__JAERI_43MEV_BC501A_T025_FE040,N001_JAERI_TIARA_43MEV__TRANS__JAERI_43MEV_BC501A_T025_FE040,727.8643314663498,13.4990297514592,108.40899999999999,13.4990297514592,3.4,24.74738726985589,112.01414313342313,-183.13566853365023,-0.20102707852211882,-20.102707852211882,-0.22442822430595208,-1.634933441534363,source_normalization_systematic_sigma is shared/correlated across bins in this proton-energy source; do not treat these per-bin normalized residuals as independent chi-square contributions.
BC501A,43,25,0,8,9,846.0,7.2,JAERI_43MEV_BC501A_T025_FE040,JAERI_43MEV_PEAK_3.45E9_N_SR_UC,40.0,3.45,3450000000.0,N001_JAERI_TIARA_43MEV__TRANS__JAERI_43MEV_BC501A_T025_FE040,N001_JAERI_TIARA_43MEV__TRANS__JAERI_43MEV_BC501A_T025_FE040,672.7258843606397,12.203053112314546,60.912,12.203053112314546,3.4,22.87268006826175,66.19928808353627,-173.27411563936028,-0.2048157395264306,-20.48157395264306,-0.22918141700270062,-2.6174619192385764,source_normalization_systematic_sigma is shared/correlated across bins in this proton-energy source; do not treat these per-bin normalized residuals as independent chi-square contributions.
BC501A,43,25,0,7,8,756.0,10.8,JAERI_43MEV_BC501A_T025_FE040,JAERI_43MEV_PEAK_3.45E9_N_SR_UC,40.0,3.45,3450000000.0,N001_JAERI_TIARA_43MEV__TRANS__JAERI_43MEV_BC501A_T025_FE040,N001_JAERI_TIARA_43MEV__TRANS__JAERI_43MEV_BC501A_T025_FE040,613.2815247540356,10.689211751795098,81.648,10.689211751795098,3.4,20.85157184163721,84.94376492799029,-142.71847524596444,-0.18878105191265138,-18.87810519126514,-0.20921728832217043,-1.6801524557682572,source_normalization_systematic_sigma is shared/correlated across bins in this proton-energy source; do not treat these per-bin normalized residuals as independent chi-square contributions.
BC501A,43,25,0,6,7,676.0,22.7,JAERI_43MEV_BC501A_T025_FE040,JAERI_43MEV_PEAK_3.45E9_N_SR_UC,40.0,3.45,3450000000.0,N001_JAERI_TIARA_43MEV__TRANS__JAERI_43MEV_BC501A_T025_FE040,N001_JAERI_TIARA_43MEV__TRANS__JAERI_43MEV_BC501A_T025_FE040,630.7880387795316,10.050654642471022,153.452,10.050654642471022,3.4,21.446793318504074,155.2691112436368,-45.211961220468424,-0.06688159943856276,-6.6881599438562755,-0.06922318311938531,-0.2911845173733568,source_normalization_systematic_sigma is shared/correlated across bins in this proton-energy source; do not treat these per-bin normalized residuals as independent chi-square contributions.
BC501A,43,25,0,5,6,694.0,6.9,JAERI_43MEV_BC501A_T025_FE040,JAERI_43MEV_PEAK_3.45E9_N_SR_UC,40.0,3.45,3450000000.0,N001_JAERI_TIARA_43MEV__TRANS__JAERI_43MEV_BC501A_T025_FE040,N001_JAERI_TIARA_43MEV__TRANS__JAERI_43MEV_BC501A_T025_FE040,536.320722750951,8.360777256316148,47.886,8.360777256316148,3.4,18.23490457353233,51.918044427111894,-157.67927724904905,-0.22720356952312543,-22.720356952312542,-0.2577396150426399,-3.037080440701423,source_normalization_systematic_sigma is shared/correlated across bins in this proton-energy source; do not treat these per-bin normalized residuals as independent chi-square contributions.
BC501A,43,25,0,4,5,634.0,43.1,JAERI_43MEV_BC501A_T025_FE040,JAERI_43MEV_PEAK_3.45E9_N_SR_UC,40.0,3.45,3450000000.0,N001_JAERI_TIARA_43MEV__TRANS__JAERI_43MEV_BC501A_T025_FE040,N001_JAERI_TIARA_43MEV__TRANS__JAERI_43MEV_BC501A_T025_FE040,480.3154058122101,6.950729204517943,273.254,6.950729204517943,3.4,16.330723797615143,273.82978963624197,-153.6845941877899,-0.24240472269367494,-24.240472269367494,-0.27760597088586925,-0.5612413258321747,source_normalization_systematic_sigma is shared/correlated across bins in this proton-energy source; do not treat these per-bin normalized residuals as independent chi-square contributions.
BC501A,43,25,20,43,44,103.0,55.9,JAERI_43MEV_BC501A_T025_FE040,JAERI_43MEV_PEAK_3.45E9_N_SR_UC,40.0,3.45,3450000000.0,N001_JAERI_TIARA_43MEV__TRANS__JAERI_43MEV_BC501A_T025_FE040,N001_JAERI_TIARA_43MEV__TRANS__JAERI_43MEV_BC501A_T025_FE040,1.271075188865476,1.2313872520824454,57.577,1.2313872520824454,3.4,0.04321655642142619,57.59018242057704,-101.72892481113452,-0.987659464185772,-98.7659464185772,-4.394865840521469,-1.7664282441096533,source_normalization_systematic_sigma is shared/correlated across bins in this proton-energy source; do not treat these per-bin normalized residuals as independent chi-square contributions.
BC501A,43,25,20,42,43,186.0,64.5,JAERI_43MEV_BC501A_T025_FE040,JAERI_43MEV_PEAK_3.45E9_N_SR_UC,40.0,3.45,3450000000.0,N001_JAERI_TIARA_43MEV__TRANS__JAERI_43MEV_BC501A_T025_FE040,N001_JAERI_TIARA_43MEV__TRANS__JAERI_43MEV_BC501A_T025_FE040,22.59424892687657,5.0866080905952975,119.97,5.0866080905952975,3.4,0.7682044635138034,120.08024242132872,-163.40575107312344,-0.8785255434038894,-87.85255434038895,-2.1080512720806195,-1.3608046401153768,source_normalization_systematic_sigma is shared/correlated across bins in this proton-energy source; do not treat these per-bin normalized residuals as independent chi-square contributions.
BC501A,43,25,20,41,42,322.0,40.0,JAERI_43MEV_BC501A_T025_FE040,JAERI_43MEV_PEAK_3.45E9_N_SR_UC,40.0,3.45,3450000000.0,N001_JAERI_TIARA_43MEV__TRANS__JAERI_43MEV_BC501A_T025_FE040,N001_JAERI_TIARA_43MEV__TRANS__JAERI_43MEV_BC501A_T025_FE040,216.13205976526103,16.2539960787568,128.8,16.2539960787568,3.4,7.3484900320188755,130.02935320257086,-105.86794023473897,-0.32878242308925143,-32.878242308925145,-0.39866193687948814,-0.8141849330728334,source_normalization_systematic_sigma is shared/correlated across bins in this proton-energy source; do not treat these per-bin normalized residuals as independent chi-square contributions.
BC501A,43,25,20,40,41,461.0,12.7,JAERI_43MEV_BC501A_T025_FE040,JAERI_43MEV_PEAK_3.45E9_N_SR_UC,40.0,3.45,3450000000.0,N001_JAERI_TIARA_43MEV__TRANS__JAERI_43MEV_BC501A_T025_FE040,N001_JAERI_TIARA_43MEV__TRANS__JAERI_43MEV_BC501A_T025_FE040,663.7933024779276,27.871917059647675,58.547,27.871917059647675,3.4,22.568972284249536,68.65823679317073,202.79330247792757,0.43989870385667584,43.98987038566759,0.36457276656964077,2.953663128414316,source_normalization_systematic_sigma is shared/correlated across bins in this proton-energy source; do not treat these per-bin normalized residuals as independent chi-square contributions.
BC501A,43,25,20,39,40,504.0,11.3,JAERI_43MEV_BC501A_T025_FE040,JAERI_43MEV_PEAK_3.45E9_N_SR_UC,40.0,3.45,3450000000.0,N001_JAERI_TIARA_43MEV__TRANS__JAERI_43MEV_BC501A_T025_FE040,N001_JAERI_TIARA_43MEV__TRANS__JAERI_43MEV_BC501A_T025_FE040,906.8570225247688,32.600755833765305,56.952000000000005,32.600755833765305,3.4,30.83313876584214,72.5053241568263,402.8570225247688,0.799319489136446,79.9319489136446,0.5874085318279552,5.556240554878483,source_normalization_systematic_sigma is shared/correlated across bins in this proton-energy source; do not treat these per-bin normalized residuals as independent chi-square contributions.
BC501A,43,25,20,38,39,415.0,24.4,JAERI_43MEV_BC501A_T025_FE040,JAERI_43MEV_PEAK_3.45E9_N_SR_UC,40.0,3.45,3450000000.0,N001_JAERI_TIARA_43MEV__TRANS__JAERI_43MEV_BC501A_T025_FE040,N001_JAERI_TIARA_43MEV__TRANS__JAERI_43MEV_BC501A_T025_FE040,669.0491436487279,27.57925717450459,101.26,27.57925717450459,3.4,22.747670884056745,107.38556493750372,254.04914364872786,0.6121666112017539,61.21666112017539,0.4775789955683973,2.365766234936506,source_normalization_systematic_sigma is shared/correlated across bins in this proton-energy source; do not treat these per-bin normalized residuals as independent chi-square contributions.
BC501A,43,25,20,37,38,274.0,29.7,JAERI_43MEV_BC501A_T025_FE040,JAERI_43MEV_PEAK_3.45E9_N_SR_UC,40.0,3.45,3450000000.0,N001_JAERI_TIARA_43MEV__TRANS__JAERI_43MEV_BC501A_T025_FE040,N001_JAERI_TIARA_43MEV__TRANS__JAERI_43MEV_BC501A_T025_FE040,252.24936488675635,16.14091301439912,81.378,16.14091301439912,3.4,8.576478406149715,83.40541912123906,-21.750635113243646,-0.07938187997534178,-7.938187997534178,-0.08270996495036052,-0.26078203721543175,source_normalization_systematic_sigma is shared/correlated across bins in this proton-energy source; do not treat these per-bin normalized residuals as independent chi-square contributions.
BC501A,43,25,20,36,37,173.0,22.0,JAERI_43MEV_BC501A_T025_FE040,JAERI_43MEV_PEAK_3.45E9_N_SR_UC,40.0,3.45,3450000000.0,N001_JAERI_TIARA_43MEV__TRANS__JAERI_43MEV_BC501A_T025_FE040,N001_JAERI_TIARA_43MEV__TRANS__JAERI_43MEV_BC501A_T025_FE040,142.93974796407784,12.58032384464159,38.06,12.58032384464159,3.4,4.859951430778646,40.378797356355044,-30.06025203592216,-0.17375868228856742,-17.375868228856742,-0.19086839593628305,-0.744456348479906,source_normalization_systematic_sigma is shared/correlated across bins in this proton-energy source; do not treat these per-bin normalized residuals as independent chi-square contributions.
BC501A,43,25,20,35,36,130.0,10.7,JAERI_43MEV_BC501A_T025_FE040,JAERI_43MEV_PEAK_3.45E9_N_SR_UC,40.0,3.45,3450000000.0,N001_JAERI_TIARA_43MEV__TRANS__JAERI_43MEV_BC501A_T025_FE040,N001_JAERI_TIARA_43MEV__TRANS__JAERI_43MEV_BC501A_T025_FE040,91.47547292625843,9.291259616710322,13.91,9.291259616710322,3.4,3.110166079492787,17.01436858385111,-38.52452707374157,-0.29634251595185823,-29.634251595185823,-0.3514635695581182,-2.26423489557564,source_normalization_systematic_sigma is shared/correlated across bins in this proton-energy source; do not treat these per-bin normalized residuals as independent chi-square contributions.
BC501A,43,25,20,34,35,119.0,11.2,JAERI_43MEV_BC501A_T025_FE040,JAERI_43MEV_PEAK_3.45E9_N_SR_UC,40.0,3.45,3450000000.0,N001_JAERI_TIARA_43MEV__TRANS__JAERI_43MEV_BC501A_T025_FE040,N001_JAERI_TIARA_43MEV__TRANS__JAERI_43MEV_BC501A_T025_FE040,97.4446287576213,9.838130380715157,13.328,9.838130380715157,3.4,3.3131173777591245,16.8938195842965,-21.555371242378698,-0.1811375734653672,-18.113757346536723,-0.1998391866080367,-1.2759323689247457,source_normalization_systematic_sigma is shared/correlated across bins in this proton-energy source; do not treat these per-bin normalized residuals as independent chi-square contributions.
BC501A,43,25,20,33,34,117.0,10.6,JAERI_43MEV_BC501A_T025_FE040,JAERI_43MEV_PEAK_3.45E9_N_SR_UC,40.0,3.45,3450000000.0,N001_JAERI_TIARA_43MEV__TRANS__JAERI_43MEV_BC501A_T025_FE040,N001_JAERI_TIARA_43MEV__TRANS__JAERI_43MEV_BC501A_T025_FE040,96.02809460522629,9.650154273196378,12.402000000000001,9.650154273196378,3.4,3.2649552165776936,16.04976679153776,-20.971905394773714,-0.1792470546561856,-17.92470546561856,-0.19753313400643005,-1.3066797584766872,source_normalization_systematic_sigma is shared/correlated across bins in this proton-energy source; do not treat these per-bin normalized residuals as independent chi-square contributions.
BC501A,43,25,20,32,33,116.0,9.2,JAERI_43MEV_BC501A_T025_FE040,JAERI_43MEV_PEAK_3.45E9_N_SR_UC,40.0,3.45,3450000000.0,N001_JAERI_TIARA_43MEV__TRANS__JAERI_43MEV_BC501A_T025_FE040,N001_JAERI_TIARA_43MEV__TRANS__JAERI_43MEV_BC501A_T025_FE040,92.75868107308877,9.267843515032665,10.671999999999999,9.267843515032665,3.4,3.153795156485018,14.482090018647217,-23.241318926911234,-0.2003561976457865,-20.035619764578648,-0.22358889752334635,-1.6048318230991236,source_normalization_systematic_sigma is shared/correlated across bins in this proton-energy source; do not treat these per-bin normalized residuals as independent chi-square contributions.
BC501A,43,25,20,31,32,114.0,8.3,JAERI_43MEV_BC501A_T025_FE040,JAERI_43MEV_PEAK_3.45E9_N_SR_UC,40.0,3.45,3450000000.0,N001_JAERI_TIARA_43MEV__TRANS__JAERI_43MEV_BC501A_T025_FE040,N001_JAERI_TIARA_43MEV__TRANS__JAERI_43MEV_BC501A_T025_FE040,105.06742847997084,9.681769418531209,9.462,9.681769418531209,3.4,3.5722925683190083,14.000977725404514,-8.932571520029157,-0.07835589052657155,-7.835589052657155,-0.08159612834402392,-0.6379962667765103,source_normalization_systematic_sigma is shared/correlated across bins in this proton-energy source; do not treat these per-bin normalized residuals as independent chi-square contributions.
BC501A,43,25,20,30,31,113.0,8.5,JAERI_43MEV_BC501A_T025_FE040,JAERI_43MEV_PEAK_3.45E9_N_SR_UC,40.0,3.45,3450000000.0,N001_JAERI_TIARA_43MEV__TRANS__JAERI_43MEV_BC501A_T025_FE040,N001_JAERI_TIARA_43MEV__TRANS__JAERI_43MEV_BC501A_T025_FE040,115.09866665952993,10.140370292672072,9.605,10.140370292672072,3.4,3.9133546664240173,14.505084605672899,2.0986666595299255,0.018572271323273676,1.8572271323273677,0.01840191275665215,0.14468489613008825,source_normalization_systematic_sigma is shared/correlated across bins in this proton-energy source; do not treat these per-bin normalized residuals as independent chi-square contributions.
BC501A,43,25,20,29,30,111.0,9.6,JAERI_43MEV_BC501A_T025_FE040,JAERI_43MEV_PEAK_3.45E9_N_SR_UC,40.0,3.45,3450000000.0,N001_JAERI_TIARA_43MEV__TRANS__JAERI_43MEV_BC501A_T025_FE040,N001_JAERI_TIARA_43MEV__TRANS__JAERI_43MEV_BC501A_T025_FE040,137.52468592345284,10.960651681379176,10.655999999999999,10.960651681379176,3.4,4.675839321397396,15.985921763853538,26.524685923452836,0.23896113444552106,23.896113444552107,0.21427323366874196,1.6592528297885802,source_normalization_systematic_sigma is shared/correlated across bins in this proton-energy source; do not treat these per-bin normalized residuals as independent chi-square contributions.
BC501A,43,25,20,28,29,108.0,11.3,JAERI_43MEV_BC501A_T025_FE040,JAERI_43MEV_PEAK_3.45E9_N_SR_UC,40.0,3.45,3450000000.0,N001_JAERI_TIARA_43MEV__TRANS__JAERI_43MEV_BC501A_T025_FE040,N001_JAERI_TIARA_43MEV__TRANS__JAERI_43MEV_BC501A_T025_FE040,127.54094087376238,10.214364476539451,12.204,10.214364476539451,3.4,4.336391989707921,16.49470075957712,19.54094087376238,0.18093463772002205,18.093463772002206,0.16630619082337275,1.1846799259099354,source_normalization_systematic_sigma is shared/correlated across bins in this proton-energy source; do not treat these per-bin normalized residuals as independent chi-square contributions.
BC501A,43,25,20,27,28,105.0,13.7,JAERI_43MEV_BC501A_T025_FE040,JAERI_43MEV_PEAK_3.45E9_N_SR_UC,40.0,3.45,3450000000.0,N001_JAERI_TIARA_43MEV__TRANS__JAERI_43MEV_BC501A_T025_FE040,N001_JAERI_TIARA_43MEV__TRANS__JAERI_43MEV_BC501A_T025_FE040,121.34160772404766,9.493432761722984,14.385,9.493432761722984,3.4,4.125614662617621,17.722138328818023,16.341607724047662,0.1556343592766444,15.56343592766444,0.1446494220137637,0.9221013526045289,source_normalization_systematic_sigma is shared/correlated across bins in this proton-energy source; do not treat these per-bin normalized residuals as independent chi-square contributions.
BC501A,43,25,20,26,27,102.0,16.5,JAERI_43MEV_BC501A_T025_FE040,JAERI_43MEV_PEAK_3.45E9_N_SR_UC,40.0,3.45,3450000000.0,N001_JAERI_TIARA_43MEV__TRANS__JAERI_43MEV_BC501A_T025_FE040,N001_JAERI_TIARA_43MEV__TRANS__JAERI_43MEV_BC501A_T025_FE040,134.3654394041053,10.098202835205598,16.83,10.098202835205598,3.4,4.568424939739581,20.151751956864416,32.3654394041053,0.31730822945201276,31.730822945201275,0.27559043444586134,1.6060856382802222,source_normalization_systematic_sigma is shared/correlated across bins in this proton-energy source; do not treat these per-bin normalized residuals as independent chi-square contributions.
BC501A,43,25,20,25,26,99.2,18.6,JAERI_43MEV_BC501A_T025_FE040,JAERI_43MEV_PEAK_3.45E9_N_SR_UC,40.0,3.45,3450000000.0,N001_JAERI_TIARA_43MEV__TRANS__JAERI_43MEV_BC501A_T025_FE040,N001_JAERI_TIARA_43MEV__TRANS__JAERI_43MEV_BC501A_T025_FE040,115.75443751278976,8.943902523905475,18.4512,8.943902523905475,3.4,3.9356508754348516,20.87892529826269,16.55443751278976,0.1668794104111871,16.68794104111871,0.15433301498421068,0.7928778553639079,source_normalization_systematic_sigma is shared/correlated across bins in this proton-energy source; do not treat these per-bin normalized residuals as independent chi-square contributions.
BC501A,43,25,20,24,25,97.2,19.3,JAERI_43MEV_BC501A_T025_FE040,JAERI_43MEV_PEAK_3.45E9_N_SR_UC,40.0,3.45,3450000000.0,N001_JAERI_TIARA_43MEV__TRANS__JAERI_43MEV_BC501A_T025_FE040,N001_JAERI_TIARA_43MEV__TRANS__JAERI_43MEV_BC501A_T025_FE040,116.02336426093412,9.013873148862356,18.7596,9.013873148862356,3.4,3.9447943848717597,21.183340247531724,18.823364260934113,0.19365601091496001,19.365601091496,0.177020875401019,0.8885928300720849,source_normalization_systematic_sigma is shared/correlated across bins in this proton-energy source; do not treat these per-bin normalized residuals as independent chi-square contributions.
BC501A,43,25,20,23,24,95.7,17.8,JAERI_43MEV_BC501A_T025_FE040,JAERI_43MEV_PEAK_3.45E9_N_SR_UC,40.0,3.45,3450000000.0,N001_JAERI_TIARA_43MEV__TRANS__JAERI_43MEV_BC501A_T025_FE040,N001_JAERI_TIARA_43MEV__TRANS__JAERI_43MEV_BC501A_T025_FE040,105.84300095444756,8.436249487086771,17.0346,8.436249487086771,3.4,3.5986620324512173,19.34678968180969,10.143000954447558,0.10598747078837574,10.598747078837574,0.10073857463486925,0.5242730768911107,source_normalization_systematic_sigma is shared/correlated across bins in this proton-energy source; do not treat these per-bin normalized residuals as independent chi-square contributions.
BC501A,43,25,20,22,23,94.5,14.1,JAERI_43MEV_BC501A_T025_FE040,JAERI_43MEV_PEAK_3.45E9_N_SR_UC,40.0,3.45,3450000000.0,N001_JAERI_TIARA_43MEV__TRANS__JAERI_43MEV_BC501A_T025_FE040,N001_JAERI_TIARA_43MEV__TRANS__JAERI_43MEV_BC501A_T025_FE040,104.03853285027732,7.9590789814021825,13.3245,7.9590789814021825,3.4,3.5373101169094285,15.918599226860001,9.53853285027732,0.10093685555849016,10.093685555849016,0.09616150419621422,0.5992067966748371,source_normalization_systematic_sigma is shared/correlated across bins in this proton-energy source; do not treat these per-bin normalized residuals as independent chi-square contributions.
BC501A,43,25,20,21,22,93.4,8.9,JAERI_43MEV_BC501A_T025_FE040,JAERI_43MEV_PEAK_3.45E9_N_SR_UC,40.0,3.45,3450000000.0,N001_JAERI_TIARA_43MEV__TRANS__JAERI_43MEV_BC501A_T025_FE040,N001_JAERI_TIARA_43MEV__TRANS__JAERI_43MEV_BC501A_T025_FE040,117.43209259290984,8.242599827725908,8.312600000000002,8.242599827725908,3.4,3.9926911481589342,12.36856310509082,24.032092592909834,0.25730291855363846,25.730291855363845,0.22896888590090128,1.9429979366817784,source_normalization_systematic_sigma is shared/correlated across bins in this proton-energy source; do not treat these per-bin normalized residuals as independent chi-square contributions.
BC501A,43,25,20,20,21,92.0,4.8,JAERI_43MEV_BC501A_T025_FE040,JAERI_43MEV_PEAK_3.45E9_N_SR_UC,40.0,3.45,3450000000.0,N001_JAERI_TIARA_43MEV__TRANS__JAERI_43MEV_BC501A_T025_FE040,N001_JAERI_TIARA_43MEV__TRANS__JAERI_43MEV_BC501A_T025_FE040,109.70603968331424,7.817817099413402,4.4159999999999995,7.817817099413402,3.4,3.7300053492326843,9.722770186792703,17.706039683314245,0.19245695307950267,19.245695307950268,0.1760158450822704,1.8210900127379255,source_normalization_systematic_sigma is shared/correlated across bins in this proton-energy source; do not treat these per-bin normalized residuals as independent chi-square contributions.
BC501A,43,25,20,19,20,90.3,6.7,JAERI_43MEV_BC501A_T025_FE040,JAERI_43MEV_PEAK_3.45E9_N_SR_UC,40.0,3.45,3450000000.0,N001_JAERI_TIARA_43MEV__TRANS__JAERI_43MEV_BC501A_T025_FE040,N001_JAERI_TIARA_43MEV__TRANS__JAERI_43MEV_BC501A_T025_FE040,122.51514250448194,8.353062065353166,6.0501,8.353062065353166,3.4,4.165514845152386,11.12334795836339,32.215142504481946,0.356756838366356,35.6756838366356,0.30509717420395865,2.8961732227624974,source_normalization_systematic_sigma is shared/correlated across bins in this proton-energy source; do not treat these per-bin normalized residuals as independent chi-square contributions.
BC501A,43,25,20,18,19,88.0,9.3,JAERI_43MEV_BC501A_T025_FE040,JAERI_43MEV_PEAK_3.45E9_N_SR_UC,40.0,3.45,3450000000.0,N001_JAERI_TIARA_43MEV__TRANS__JAERI_43MEV_BC501A_T025_FE040,N001_JAERI_TIARA_43MEV__TRANS__JAERI_43MEV_BC501A_T025_FE040,104.82525444741408,7.314987115139785,8.184000000000001,7.314987115139785,3.4,3.5640586512120787,11.540771489113748,16.825254447414082,0.1911960732660691,19.11960732660691,0.1749579059299699,1.4578968540608497,source_normalization_systematic_sigma is shared/correlated across bins in this proton-energy source; do not treat these per-bin normalized residuals as independent chi-square contributions.
BC501A,43,25,20,17,18,84.9,9.3,JAERI_43MEV_BC501A_T025_FE040,JAERI_43MEV_PEAK_3.45E9_N_SR_UC,40.0,3.45,3450000000.0,N001_JAERI_TIARA_43MEV__TRANS__JAERI_43MEV_BC501A_T025_FE040,N001_JAERI_TIARA_43MEV__TRANS__JAERI_43MEV_BC501A_T025_FE040,101.85113400152156,7.052871124330848,7.8957000000000015,7.052871124330848,3.4,3.462938556051733,11.138986176013038,16.951134001521552,0.1996600000179217,19.96600000179217,0.18203818332908792,1.5217842749481576,source_normalization_systematic_sigma is shared/correlated across bins in this proton-energy source; do not treat these per-bin normalized residuals as independent chi-square contributions.
BC501A,43,25,20,16,17,81.3,7.1,JAERI_43MEV_BC501A_T025_FE040,JAERI_43MEV_PEAK_3.45E9_N_SR_UC,40.0,3.45,3450000000.0,N001_JAERI_TIARA_43MEV__TRANS__JAERI_43MEV_BC501A_T025_FE040,N001_JAERI_TIARA_43MEV__TRANS__JAERI_43MEV_BC501A_T025_FE040,76.3766708533732,5.801595364003761,5.772299999999999,5.801595364003761,3.4,2.5968068090146885,8.586114468196598,-4.9233291466267985,-0.06055755407905041,-6.055755407905041,-0.06246872233405962,-0.5734059526999155,source_normalization_systematic_sigma is shared/correlated across bins in this proton-energy source; do not treat these per-bin normalized residuals as independent chi-square contributions.
BC501A,43,25,20,15,16,77.5,5.2,JAERI_43MEV_BC501A_T025_FE040,JAERI_43MEV_PEAK_3.45E9_N_SR_UC,40.0,3.45,3450000000.0,N001_JAERI_TIARA_43MEV__TRANS__JAERI_43MEV_BC501A_T025_FE040,N001_JAERI_TIARA_43MEV__TRANS__JAERI_43MEV_BC501A_T025_FE040,76.69629359327914,5.820752841844687,4.03,5.820752841844687,3.4,2.6076739821714905,7.544668796119358,-0.8037064067208632,-0.010370405248011139,-1.0370405248011139,-0.010424552579009747,-0.10652640008985605,source_normalization_systematic_sigma is shared/correlated across bins in this proton-energy source; do not treat these per-bin normalized residuals as independent chi-square contributions.
BC501A,43,25,20,14,15,74.2,4.9,JAERI_43MEV_BC501A_T025_FE040,JAERI_43MEV_PEAK_3.45E9_N_SR_UC,40.0,3.45,3450000000.0,N001_JAERI_TIARA_43MEV__TRANS__JAERI_43MEV_BC501A_T025_FE040,N001_JAERI_TIARA_43MEV__TRANS__JAERI_43MEV_BC501A_T025_FE040,83.01611792301462,5.879017384377612,3.6358000000000006,5.879017384377612,3.4,2.822548009382497,7.466502816652738,8.816117923014616,0.11881560543146383,11.881560543146383,0.11227063061401729,1.1807559897187472,source_normalization_systematic_sigma is shared/correlated across bins in this proton-energy source; do not treat these per-bin normalized residuals as independent chi-square contributions.
BC501A,43,25,20,13,14,71.6,5.7,JAERI_43MEV_BC501A_T025_FE040,JAERI_43MEV_PEAK_3.45E9_N_SR_UC,40.0,3.45,3450000000.0,N001_JAERI_TIARA_43MEV__TRANS__JAERI_43MEV_BC501A_T025_FE040,N001_JAERI_TIARA_43MEV__TRANS__JAERI_43MEV_BC501A_T025_FE040,78.00074144383046,5.338358099296595,4.0812,5.338358099296595,3.4,2.652025209090236,7.224091523920199,6.400741443830469,0.08939583022109594,8.939583022109595,0.08562325836794728,0.8860271803916828,source_normalization_systematic_sigma is shared/correlated across bins in this proton-energy source; do not treat these per-bin normalized residuals as independent chi-square contributions.
BC501A,43,25,20,12,13,69.6,8.0,JAERI_43MEV_BC501A_T025_FE040,JAERI_43MEV_PEAK_3.45E9_N_SR_UC,40.0,3.45,3450000000.0,N001_JAERI_TIARA_43MEV__TRANS__JAERI_43MEV_BC501A_T025_FE040,N001_JAERI_TIARA_43MEV__TRANS__JAERI_43MEV_BC501A_T025_FE040,71.31144643907734,4.912848545753003,5.568,4.912848545753003,3.4,2.4245891789286294,7.81135951804071,1.7114464390773492,0.02458974768789295,2.458974768789295,0.024292286312345517,0.21909712837114734,source_normalization_systematic_sigma is shared/correlated across bins in this proton-energy source; do not treat these per-bin normalized residuals as independent chi-square contributions.
BC501A,43,25,20,11,12,67.9,9.9,JAERI_43MEV_BC501A_T025_FE040,JAERI_43MEV_PEAK_3.45E9_N_SR_UC,40.0,3.45,3450000000.0,N001_JAERI_TIARA_43MEV__TRANS__JAERI_43MEV_BC501A_T025_FE040,N001_JAERI_TIARA_43MEV__TRANS__JAERI_43MEV_BC501A_T025_FE040,63.64971961347358,4.265070360560766,6.7221,4.265070360560766,3.4,2.1640904668581014,8.249893401691931,-4.250280386526427,-0.0625961765320534,-6.259617653205341,-0.0646411147009678,-0.515192158198645,source_normalization_systematic_sigma is shared/correlated across bins in this proton-energy source; do not treat these per-bin normalized residuals as independent chi-square contributions.
BC501A,43,25,20,10,11,66.3,10.4,JAERI_43MEV_BC501A_T025_FE040,JAERI_43MEV_PEAK_3.45E9_N_SR_UC,40.0,3.45,3450000000.0,N001_JAERI_TIARA_43MEV__TRANS__JAERI_43MEV_BC501A_T025_FE040,N001_JAERI_TIARA_43MEV__TRANS__JAERI_43MEV_BC501A_T025_FE040,65.53684050746133,4.170621074011674,6.8952,4.170621074011674,3.4,2.2282525772536856,8.360799766232175,-0.7631594925386622,-0.011510701244927032,-1.151070124492703,-0.011577462171012144,-0.09127828842653683,source_normalization_systematic_sigma is shared/correlated across bins in this proton-energy source; do not treat these per-bin normalized residuals as independent chi-square contributions.
BC501A,43,25,20,9,10,65.0,8.7,JAERI_43MEV_BC501A_T025_FE040,JAERI_43MEV_PEAK_3.45E9_N_SR_UC,40.0,3.45,3450000000.0,N001_JAERI_TIARA_43MEV__TRANS__JAERI_43MEV_BC501A_T025_FE040,N001_JAERI_TIARA_43MEV__TRANS__JAERI_43MEV_BC501A_T025_FE040,68.66473348974336,4.081264822797651,5.655,4.081264822797651,3.4,2.334600938651274,7.354325876418379,3.664733489743355,0.05638051522682085,5.638051522682085,0.054848456767539425,0.49830991328441276,source_normalization_systematic_sigma is shared/correlated across bins in this proton-energy source; do not treat these per-bin normalized residuals as independent chi-square contributions.
BC501A,43,25,20,8,9,63.5,4.5,JAERI_43MEV_BC501A_T025_FE040,JAERI_43MEV_PEAK_3.45E9_N_SR_UC,40.0,3.45,3450000000.0,N001_JAERI_TIARA_43MEV__TRANS__JAERI_43MEV_BC501A_T025_FE040,N001_JAERI_TIARA_43MEV__TRANS__JAERI_43MEV_BC501A_T025_FE040,65.51151920445378,3.6830907580863927,2.8575,3.6830907580863927,3.4,2.2273916529514284,5.166404683911153,2.0115192044537764,0.031677467786673644,3.1677467786673645,0.03118608699684943,0.38934603994880723,source_normalization_systematic_sigma is shared/correlated across bins in this proton-energy source; do not treat these per-bin normalized residuals as independent chi-square contributions.
BC501A,43,25,20,7,8,59.1,14.9,JAERI_43MEV_BC501A_T025_FE040,JAERI_43MEV_PEAK_3.45E9_N_SR_UC,40.0,3.45,3450000000.0,N001_JAERI_TIARA_43MEV__TRANS__JAERI_43MEV_BC501A_T025_FE040,N001_JAERI_TIARA_43MEV__TRANS__JAERI_43MEV_BC501A_T025_FE040,72.07776989773319,3.7057142466416337,8.805900000000001,3.7057142466416337,3.4,2.4506441765229283,9.863156176786847,12.97776989773319,0.21959001519007088,21.95900151900709,0.19851474914376827,1.3157826627825944,source_normalization_systematic_sigma is shared/correlated across bins in this proton-energy source; do not treat these per-bin normalized residuals as independent chi-square contributions.
BC501A,43,25,20,6,7,48.5,38.7,JAERI_43MEV_BC501A_T025_FE040,JAERI_43MEV_PEAK_3.45E9_N_SR_UC,40.0,3.45,3450000000.0,N001_JAERI_TIARA_43MEV__TRANS__JAERI_43MEV_BC501A_T025_FE040,N001_JAERI_TIARA_43MEV__TRANS__JAERI_43MEV_BC501A_T025_FE040,80.977358999876,3.577043563521151,18.7695,3.577043563521151,3.4,2.753230205995784,19.304653518582914,32.477358999876,0.6696362680386805,66.96362680386805,0.5126057991363692,1.682359073091515,source_normalization_systematic_sigma is shared/correlated across bins in this proton-energy source; do not treat these per-bin normalized residuals as independent chi-square contributions.
BC501A,43,25,40,43,44,12.4,20.5,JAERI_43MEV_BC501A_T025_FE040,JAERI_43MEV_PEAK_3.45E9_N_SR_UC,40.0,3.45,3450000000.0,N001_JAERI_TIARA_43MEV__TRANS__JAERI_43MEV_BC501A_T025_FE040,N001_JAERI_TIARA_43MEV__TRANS__JAERI_43MEV_BC501A_T025_FE040,0.0,0.0,2.5420000000000003,0.0,3.4,0.0,2.5420000000000003,-12.4,-1.0,-100.0,,-4.878048780487805,source_normalization_systematic_sigma is shared/correlated across bins in this proton-energy source; do not treat these per-bin normalized residuals as independent chi-square contributions.
BC501A,43,25,40,42,43,23.3,21.9,JAERI_43MEV_BC501A_T025_FE040,JAERI_43MEV_PEAK_3.45E9_N_SR_UC,40.0,3.45,3450000000.0,N001_JAERI_TIARA_43MEV__TRANS__JAERI_43MEV_BC501A_T025_FE040,N001_JAERI_TIARA_43MEV__TRANS__JAERI_43MEV_BC501A_T025_FE040,0.0,0.0,5.1027,0.0,3.4,0.0,5.1027,-23.3,-1.0,-100.0,,-4.566210045662101,source_normalization_systematic_sigma is shared/correlated across bins in this proton-energy source; do not treat these per-bin normalized residuals as independent chi-square contributions.
BC501A,43,25,40,41,42,32.0,17.4,JAERI_43MEV_BC501A_T025_FE040,JAERI_43MEV_PEAK_3.45E9_N_SR_UC,40.0,3.45,3450000000.0,N001_JAERI_TIARA_43MEV__TRANS__JAERI_43MEV_BC501A_T025_FE040,N001_JAERI_TIARA_43MEV__TRANS__JAERI_43MEV_BC501A_T025_FE040,2.951450985159976,1.4619994986412643,5.568,1.4619994986412643,3.4,0.10034933349543917,5.757615524048153,-29.048549014840024,-0.9077671567137507,-90.77671567137507,-2.383438993994908,-5.045239456075407,source_normalization_systematic_sigma is shared/correlated across bins in this proton-energy source; do not treat these per-bin normalized residuals as independent chi-square contributions.
BC501A,43,25,40,40,41,34.6,8.1,JAERI_43MEV_BC501A_T025_FE040,JAERI_43MEV_PEAK_3.45E9_N_SR_UC,40.0,3.45,3450000000.0,N001_JAERI_TIARA_43MEV__TRANS__JAERI_43MEV_BC501A_T025_FE040,N001_JAERI_TIARA_43MEV__TRANS__JAERI_43MEV_BC501A_T025_FE040,17.526575491655063,4.050570831543249,2.8026,4.050570831543249,3.4,0.5959035667162721,4.961531203386122,-17.07342450834494,-0.49345157538569184,-49.34515753856918,-0.6801353535172776,-3.4411603612797497,source_normalization_systematic_sigma is shared/correlated across bins in this proton-energy source; do not treat these per-bin normalized residuals as independent chi-square contributions.
BC501A,43,25,40,39,40,32.6,9.4,JAERI_43MEV_BC501A_T025_FE040,JAERI_43MEV_PEAK_3.45E9_N_SR_UC,40.0,3.45,3450000000.0,N001_JAERI_TIARA_43MEV__TRANS__JAERI_43MEV_BC501A_T025_FE040,N001_JAERI_TIARA_43MEV__TRANS__JAERI_43MEV_BC501A_T025_FE040,43.75445463304931,7.190323829451024,3.0644,7.190323829451024,3.4,1.4876514575236766,7.956406914647061,11.154454633049312,0.3421611850628623,34.21611850628623,0.29428113943162265,1.4019462243082264,source_normalization_systematic_sigma is shared/correlated across bins in this proton-energy source; do not treat these per-bin normalized residuals as independent chi-square contributions.
BC501A,43,25,40,38,39,28.5,17.6,JAERI_43MEV_BC501A_T025_FE040,JAERI_43MEV_PEAK_3.45E9_N_SR_UC,40.0,3.45,3450000000.0,N001_JAERI_TIARA_43MEV__TRANS__JAERI_43MEV_BC501A_T025_FE040,N001_JAERI_TIARA_43MEV__TRANS__JAERI_43MEV_BC501A_T025_FE040,60.43096447025494,8.209356623070887,5.016,8.209356623070887,3.4,2.054652791988668,9.837448361256321,31.930964470254942,1.1203847182545594,112.03847182545594,0.7515975430948658,3.245858407349963,source_normalization_systematic_sigma is shared/correlated across bins in this proton-energy source; do not treat these per-bin normalized residuals as independent chi-square contributions.
BC501A,43,25,40,37,38,23.2,17.6,JAERI_43MEV_BC501A_T025_FE040,JAERI_43MEV_PEAK_3.45E9_N_SR_UC,40.0,3.45,3450000000.0,N001_JAERI_TIARA_43MEV__TRANS__JAERI_43MEV_BC501A_T025_FE040,N001_JAERI_TIARA_43MEV__TRANS__JAERI_43MEV_BC501A_T025_FE040,36.39444829660009,6.178726638436969,4.0832,6.178726638436969,3.4,1.237411242084403,7.50868641604958,13.19444829660009,0.5687262196810384,56.87262196810384,0.4502639650140024,1.757224575046492,source_normalization_systematic_sigma is shared/correlated across bins in this proton-energy source; do not treat these per-bin normalized residuals as independent chi-square contributions.
BC501A,43,25,40,36,37,18.3,10.5,JAERI_43MEV_BC501A_T025_FE040,JAERI_43MEV_PEAK_3.45E9_N_SR_UC,40.0,3.45,3450000000.0,N001_JAERI_TIARA_43MEV__TRANS__JAERI_43MEV_BC501A_T025_FE040,N001_JAERI_TIARA_43MEV__TRANS__JAERI_43MEV_BC501A_T025_FE040,22.659946154285016,4.993772661014555,1.9215,4.993772661014555,3.4,0.7704381692456905,5.405876673817766,4.359946154285016,0.2382484237314216,23.82484237314216,0.21369781950451672,0.8065197223979422,source_normalization_systematic_sigma is shared/correlated across bins in this proton-energy source; do not treat these per-bin normalized residuals as independent chi-square contributions.
BC501A,43,25,40,35,36,15.5,6.0,JAERI_43MEV_BC501A_T025_FE040,JAERI_43MEV_PEAK_3.45E9_N_SR_UC,40.0,3.45,3450000000.0,N001_JAERI_TIARA_43MEV__TRANS__JAERI_43MEV_BC501A_T025_FE040,N001_JAERI_TIARA_43MEV__TRANS__JAERI_43MEV_BC501A_T025_FE040,18.316637207782467,4.469658315567972,0.93,4.469658315567972,3.4,0.6227656650646038,4.607665627138028,2.816637207782467,0.1817185295343527,18.17185295343527,0.16696975994469698,0.6112937516978576,source_normalization_systematic_sigma is shared/correlated across bins in this proton-energy source; do not treat these per-bin normalized residuals as independent chi-square contributions.
BC501A,43,25,40,34,35,14.6,7.0,JAERI_43MEV_BC501A_T025_FE040,JAERI_43MEV_PEAK_3.45E9_N_SR_UC,40.0,3.45,3450000000.0,N001_JAERI_TIARA_43MEV__TRANS__JAERI_43MEV_BC501A_T025_FE040,N001_JAERI_TIARA_43MEV__TRANS__JAERI_43MEV_BC501A_T025_FE040,9.884521748936171,2.943238739009717,1.022,2.943238739009717,3.4,0.3360737394638298,3.1337012992888633,-4.7154782510638285,-0.32297796240163207,-32.29779624016321,-0.3900514547556916,-1.5047631540804227,source_normalization_systematic_sigma is shared/correlated across bins in this proton-energy source; do not treat these per-bin normalized residuals as independent chi-square contributions.
BC501A,43,25,40,33,34,14.5,6.9,JAERI_43MEV_BC501A_T025_FE040,JAERI_43MEV_PEAK_3.45E9_N_SR_UC,40.0,3.45,3450000000.0,N001_JAERI_TIARA_43MEV__TRANS__JAERI_43MEV_BC501A_T025_FE040,N001_JAERI_TIARA_43MEV__TRANS__JAERI_43MEV_BC501A_T025_FE040,14.742454266437102,3.758226818750256,1.0005000000000002,3.758226818750256,3.4,0.5012434450588614,3.921289846770849,0.2424542664371021,0.01672098389221394,1.672098389221394,0.016582727303277905,0.0618302333954633,source_normalization_systematic_sigma is shared/correlated across bins in this proton-energy source; do not treat these per-bin normalized residuals as independent chi-square contributions.
BC501A,43,25,40,32,33,14.5,6.3,JAERI_43MEV_BC501A_T025_FE040,JAERI_43MEV_PEAK_3.45E9_N_SR_UC,40.0,3.45,3450000000.0,N001_JAERI_TIARA_43MEV__TRANS__JAERI_43MEV_BC501A_T025_FE040,N001_JAERI_TIARA_43MEV__TRANS__JAERI_43MEV_BC501A_T025_FE040,10.976741820139194,3.2092312939676426,0.9135,3.2092312939676426,3.4,0.3732092218847326,3.3575188564594893,-3.5232581798608056,-0.24298332274902107,-24.29833227490211,-0.27836999507272564,-1.0493636314454207,source_normalization_systematic_sigma is shared/correlated across bins in this proton-energy source; do not treat these per-bin normalized residuals as independent chi-square contributions.
BC501A,43,25,40,31,32,14.4,6.1,JAERI_43MEV_BC501A_T025_FE040,JAERI_43MEV_PEAK_3.45E9_N_SR_UC,40.0,3.45,3450000000.0,N001_JAERI_TIARA_43MEV__TRANS__JAERI_43MEV_BC501A_T025_FE040,N001_JAERI_TIARA_43MEV__TRANS__JAERI_43MEV_BC501A_T025_FE040,8.31217547866656,2.6203424649332065,0.8784000000000001,2.6203424649332065,3.4,0.28261396627466306,2.7780662064583215,-6.08782452133344,-0.42276559175926665,-42.276559175926664,-0.5495068415224831,-2.1913892862526976,source_normalization_systematic_sigma is shared/correlated across bins in this proton-energy source; do not treat these per-bin normalized residuals as independent chi-square contributions.
BC501A,43,25,40,30,31,14.2,6.3,JAERI_43MEV_BC501A_T025_FE040,JAERI_43MEV_PEAK_3.45E9_N_SR_UC,40.0,3.45,3450000000.0,N001_JAERI_TIARA_43MEV__TRANS__JAERI_43MEV_BC501A_T025_FE040,N001_JAERI_TIARA_43MEV__TRANS__JAERI_43MEV_BC501A_T025_FE040,16.15593743529078,3.895381914379477,0.8946,3.895381914379477,3.4,0.5493018727998865,4.034357689439074,1.9559374352907817,0.13774207290780152,13.774207290780152,0.12904566054936364,0.48482003477553076,source_normalization_systematic_sigma is shared/correlated across bins in this proton-energy source; do not treat these per-bin normalized residuals as independent chi-square contributions.
BC501A,43,25,40,29,30,13.9,6.8,JAERI_43MEV_BC501A_T025_FE040,JAERI_43MEV_PEAK_3.45E9_N_SR_UC,40.0,3.45,3450000000.0,N001_JAERI_TIARA_43MEV__TRANS__JAERI_43MEV_BC501A_T025_FE040,N001_JAERI_TIARA_43MEV__TRANS__JAERI_43MEV_BC501A_T025_FE040,14.323489302575224,3.5966415355049564,0.9451999999999999,3.5966415355049564,3.4,0.4869986362875576,3.7505201034877,0.42348930257522355,0.030466856300375794,3.0466856300375795,0.030011958094973815,0.11291482004893415,source_normalization_systematic_sigma is shared/correlated across bins in this proton-energy source; do not treat these per-bin normalized residuals as independent chi-square contributions.
BC501A,43,25,40,28,29,13.7,7.7,JAERI_43MEV_BC501A_T025_FE040,JAERI_43MEV_PEAK_3.45E9_N_SR_UC,40.0,3.45,3450000000.0,N001_JAERI_TIARA_43MEV__TRANS__JAERI_43MEV_BC501A_T025_FE040,N001_JAERI_TIARA_43MEV__TRANS__JAERI_43MEV_BC501A_T025_FE040,10.340687263766531,2.746606680502077,1.0549,2.746606680502077,3.4,0.351583366968062,2.9631525663231106,-3.359312736233468,-0.24520530921412176,-24.520530921412174,-0.28130949944745864,-1.1336955020179542,source_normalization_systematic_sigma is shared/correlated across bins in this proton-energy source; do not treat these per-bin normalized residuals as independent chi-square contributions.
BC501A,43,25,40,27,28,13.4,9.0,JAERI_43MEV_BC501A_T025_FE040,JAERI_43MEV_PEAK_3.45E9_N_SR_UC,40.0,3.45,3450000000.0,N001_JAERI_TIARA_43MEV__TRANS__JAERI_43MEV_BC501A_T025_FE040,N001_JAERI_TIARA_43MEV__TRANS__JAERI_43MEV_BC501A_T025_FE040,10.91638836021829,2.823595986554367,1.2060000000000002,2.823595986554367,3.4,0.3711572042474219,3.0927153062560886,-2.48361163978171,-0.18534415222251568,-18.534415222251567,-0.20498952758914682,-0.8030521382804763,source_normalization_systematic_sigma is shared/correlated across bins in this proton-energy source; do not treat these per-bin normalized residuals as independent chi-square contributions.
BC501A,43,25,40,26,27,13.2,10.5,JAERI_43MEV_BC501A_T025_FE040,JAERI_43MEV_PEAK_3.45E9_N_SR_UC,40.0,3.45,3450000000.0,N001_JAERI_TIARA_43MEV__TRANS__JAERI_43MEV_BC501A_T025_FE040,N001_JAERI_TIARA_43MEV__TRANS__JAERI_43MEV_BC501A_T025_FE040,12.380312447437348,3.0782001422788405,1.386,3.0782001422788405,3.4,0.4209306232128698,3.401983936688098,-0.8196875525626517,-0.06209754186080695,-6.209754186080695,-0.06410932457378889,-0.24094398087036076,source_normalization_systematic_sigma is shared/correlated across bins in this proton-energy source; do not treat these per-bin normalized residuals as independent chi-square contributions.
BC501A,43,25,40,25,26,13.1,11.6,JAERI_43MEV_BC501A_T025_FE040,JAERI_43MEV_PEAK_3.45E9_N_SR_UC,40.0,3.45,3450000000.0,N001_JAERI_TIARA_43MEV__TRANS__JAERI_43MEV_BC501A_T025_FE040,N001_JAERI_TIARA_43MEV__TRANS__JAERI_43MEV_BC501A_T025_FE040,14.076068610904198,3.4353909619562413,1.5195999999999998,3.4353909619562413,3.4,0.4785863327707427,3.7868377440029795,0.976068610904198,0.07450905426749603,7.450905426749603,0.07186386355863968,0.2577529529618605,source_normalization_systematic_sigma is shared/correlated across bins in this proton-energy source; do not treat these per-bin normalized residuals as independent chi-square contributions.
BC501A,43,25,40,24,25,13.0,11.7,JAERI_43MEV_BC501A_T025_FE040,JAERI_43MEV_PEAK_3.45E9_N_SR_UC,40.0,3.45,3450000000.0,N001_JAERI_TIARA_43MEV__TRANS__JAERI_43MEV_BC501A_T025_FE040,N001_JAERI_TIARA_43MEV__TRANS__JAERI_43MEV_BC501A_T025_FE040,12.369202115308234,2.7938380526247624,1.521,2.7938380526247624,3.4,0.4205528719204799,3.208712636303645,-0.6307978846917663,-0.04852291420705895,-4.852291420705894,-0.049739674729354325,-0.19658908608856585,source_normalization_systematic_sigma is shared/correlated across bins in this proton-energy source; do not treat these per-bin normalized residuals as independent chi-square contributions.
BC501A,43,25,40,23,24,13.0,10.8,JAERI_43MEV_BC501A_T025_FE040,JAERI_43MEV_PEAK_3.45E9_N_SR_UC,40.0,3.45,3450000000.0,N001_JAERI_TIARA_43MEV__TRANS__JAERI_43MEV_BC501A_T025_FE040,N001_JAERI_TIARA_43MEV__TRANS__JAERI_43MEV_BC501A_T025_FE040,12.251374392777905,2.467574627041305,1.4040000000000001,2.467574627041305,3.4,0.4165467293544487,2.8694340413666812,-0.7486256072220954,-0.05758658517093041,-5.758658517093041,-0.059311231435417375,-0.2608966076340033,source_normalization_systematic_sigma is shared/correlated across bins in this proton-energy source; do not treat these per-bin normalized residuals as independent chi-square contributions.
BC501A,43,25,40,22,23,13.0,8.8,JAERI_43MEV_BC501A_T025_FE040,JAERI_43MEV_PEAK_3.45E9_N_SR_UC,40.0,3.45,3450000000.0,N001_JAERI_TIARA_43MEV__TRANS__JAERI_43MEV_BC501A_T025_FE040,N001_JAERI_TIARA_43MEV__TRANS__JAERI_43MEV_BC501A_T025_FE040,14.52554269827166,3.0644513612488646,1.1440000000000001,3.0644513612488646,3.4,0.49386845174123645,3.308096762956807,1.5255426982716607,0.11734943832858928,11.734943832858928,0.11095930762641983,0.4611541945671857,source_normalization_systematic_sigma is shared/correlated across bins in this proton-energy source; do not treat these per-bin normalized residuals as independent chi-square contributions.
BC501A,43,25,40,21,22,13.1,6.2,JAERI_43MEV_BC501A_T025_FE040,JAERI_43MEV_PEAK_3.45E9_N_SR_UC,40.0,3.45,3450000000.0,N001_JAERI_TIARA_43MEV__TRANS__JAERI_43MEV_BC501A_T025_FE040,N001_JAERI_TIARA_43MEV__TRANS__JAERI_43MEV_BC501A_T025_FE040,15.627494232055792,3.021986233279019,0.8122,3.021986233279019,3.4,0.5313348038898968,3.174017376756565,2.5274942320557923,0.19293849099662536,19.293849099662534,0.17641958352728143,0.7963076228141398,source_normalization_systematic_sigma is shared/correlated across bins in this proton-energy source; do not treat these per-bin normalized residuals as independent chi-square contributions.
BC501A,43,25,40,20,21,13.1,4.5,JAERI_43MEV_BC501A_T025_FE040,JAERI_43MEV_PEAK_3.45E9_N_SR_UC,40.0,3.45,3450000000.0,N001_JAERI_TIARA_43MEV__TRANS__JAERI_43MEV_BC501A_T025_FE040,N001_JAERI_TIARA_43MEV__TRANS__JAERI_43MEV_BC501A_T025_FE040,16.218408986737593,3.0102519903503167,0.5894999999999999,3.0102519903503167,3.4,0.5514259055490781,3.1166003633316004,3.1184089867375935,0.23804648753722088,23.804648753722088,0.21353472407211935,1.0005803193207805,source_normalization_systematic_sigma is shared/correlated across bins in this proton-energy source; do not treat these per-bin normalized residuals as independent chi-square contributions.
BC501A,43,25,40,19,20,13.0,5.1,JAERI_43MEV_BC501A_T025_FE040,JAERI_43MEV_PEAK_3.45E9_N_SR_UC,40.0,3.45,3450000000.0,N001_JAERI_TIARA_43MEV__TRANS__JAERI_43MEV_BC501A_T025_FE040,N001_JAERI_TIARA_43MEV__TRANS__JAERI_43MEV_BC501A_T025_FE040,13.3822603858582,2.5211850381489005,0.6629999999999999,2.5211850381489005,3.4,0.4549968531191788,2.646311609190087,0.3822603858581992,0.029404645066015325,2.9404645066015327,0.02898062062774994,0.1444502546603691,source_normalization_systematic_sigma is shared/correlated across bins in this proton-energy source; do not treat these per-bin normalized residuals as independent chi-square contributions.
BC501A,43,25,40,18,19,12.9,6.0,JAERI_43MEV_BC501A_T025_FE040,JAERI_43MEV_PEAK_3.45E9_N_SR_UC,40.0,3.45,3450000000.0,N001_JAERI_TIARA_43MEV__TRANS__JAERI_43MEV_BC501A_T025_FE040,N001_JAERI_TIARA_43MEV__TRANS__JAERI_43MEV_BC501A_T025_FE040,13.750694746849843,2.7016933343127687,0.774,2.7016933343127687,3.4,0.46752362139289466,2.849000036719967,0.8506947468498431,0.06594532921316613,6.594532921316613,0.06386203851213082,0.2985941508899529,source_normalization_systematic_sigma is shared/correlated across bins in this proton-energy source; do not treat these per-bin normalized residuals as independent chi-square contributions.
BC501A,43,25,40,17,18,12.5,5.9,JAERI_43MEV_BC501A_T025_FE040,JAERI_43MEV_PEAK_3.45E9_N_SR_UC,40.0,3.45,3450000000.0,N001_JAERI_TIARA_43MEV__TRANS__JAERI_43MEV_BC501A_T025_FE040,N001_JAERI_TIARA_43MEV__TRANS__JAERI_43MEV_BC501A_T025_FE040,12.049656390484344,2.3118067728674494,0.7375,2.3118067728674494,3.4,0.40968831727646765,2.4609350504205985,-0.4503436095156559,-0.036027488761252474,-3.6027488761252475,-0.036692500090663285,-0.18299695046347836,source_normalization_systematic_sigma is shared/correlated across bins in this proton-energy source; do not treat these per-bin normalized residuals as independent chi-square contributions.
BC501A,43,25,40,16,17,12.1,5.1,JAERI_43MEV_BC501A_T025_FE040,JAERI_43MEV_PEAK_3.45E9_N_SR_UC,40.0,3.45,3450000000.0,N001_JAERI_TIARA_43MEV__TRANS__JAERI_43MEV_BC501A_T025_FE040,N001_JAERI_TIARA_43MEV__TRANS__JAERI_43MEV_BC501A_T025_FE040,10.694356400818387,2.145810573939533,0.6171,2.145810573939533,3.4,0.3636081176278252,2.262195016446539,-1.4056435991816123,-0.11616889249434813,-11.616889249434813,-0.12348928945565782,-0.621362698159242,source_normalization_systematic_sigma is shared/correlated across bins in this proton-energy source; do not treat these per-bin normalized residuals as independent chi-square contributions.
BC501A,43,25,40,15,16,11.7,4.6,JAERI_43MEV_BC501A_T025_FE040,JAERI_43MEV_PEAK_3.45E9_N_SR_UC,40.0,3.45,3450000000.0,N001_JAERI_TIARA_43MEV__TRANS__JAERI_43MEV_BC501A_T025_FE040,N001_JAERI_TIARA_43MEV__TRANS__JAERI_43MEV_BC501A_T025_FE040,7.209424609899955,1.6149790974117093,0.5381999999999999,1.6149790974117093,3.4,0.24512043673659847,1.719854864104143,-4.4905753901000445,-0.3838098624017132,-38.380986240171325,-0.48419969814355346,-2.611019966756989,source_normalization_systematic_sigma is shared/correlated across bins in this proton-energy source; do not treat these per-bin normalized residuals as independent chi-square contributions.
BC501A,43,25,40,14,15,11.3,4.5,JAERI_43MEV_BC501A_T025_FE040,JAERI_43MEV_PEAK_3.45E9_N_SR_UC,40.0,3.45,3450000000.0,N001_JAERI_TIARA_43MEV__TRANS__JAERI_43MEV_BC501A_T025_FE040,N001_JAERI_TIARA_43MEV__TRANS__JAERI_43MEV_BC501A_T025_FE040,6.679499720787942,1.5518602522180376,0.5085000000000001,1.5518602522180376,3.4,0.22710299050679,1.6487626453529804,-4.620500279212059,-0.4088938300187662,-40.889383001876624,-0.5257596330719072,-2.802404756218179,source_normalization_systematic_sigma is shared/correlated across bins in this proton-energy source; do not treat these per-bin normalized residuals as independent chi-square contributions.
BC501A,43,25,40,13,14,11.1,4.7,JAERI_43MEV_BC501A_T025_FE040,JAERI_43MEV_PEAK_3.45E9_N_SR_UC,40.0,3.45,3450000000.0,N001_JAERI_TIARA_43MEV__TRANS__JAERI_43MEV_BC501A_T025_FE040,N001_JAERI_TIARA_43MEV__TRANS__JAERI_43MEV_BC501A_T025_FE040,11.777653352172608,1.9885117364959333,0.5217,1.9885117364959333,3.4,0.4004402139738687,2.0944455545918377,0.6776533521726087,0.06104985154708187,6.104985154708187,0.05925884396358051,0.32354784811041254,source_normalization_systematic_sigma is shared/correlated across bins in this proton-energy source; do not treat these per-bin normalized residuals as independent chi-square contributions.
BC501A,43,25,40,12,13,11.0,5.5,JAERI_43MEV_BC501A_T025_FE040,JAERI_43MEV_PEAK_3.45E9_N_SR_UC,40.0,3.45,3450000000.0,N001_JAERI_TIARA_43MEV__TRANS__JAERI_43MEV_BC501A_T025_FE040,N001_JAERI_TIARA_43MEV__TRANS__JAERI_43MEV_BC501A_T025_FE040,9.676501409355652,1.7357776429905882,0.605,1.7357776429905882,3.4,0.32900104791809215,1.8674021300826356,-1.3234985906443484,-0.12031805369494077,-12.031805369494077,-0.1281948614928583,-0.7087378606480338,source_normalization_systematic_sigma is shared/correlated across bins in this proton-energy source; do not treat these per-bin normalized residuals as independent chi-square contributions.
BC501A,43,25,40,11,12,11.0,6.1,JAERI_43MEV_BC501A_T025_FE040,JAERI_43MEV_PEAK_3.45E9_N_SR_UC,40.0,3.45,3450000000.0,N001_JAERI_TIARA_43MEV__TRANS__JAERI_43MEV_BC501A_T025_FE040,N001_JAERI_TIARA_43MEV__TRANS__JAERI_43MEV_BC501A_T025_FE040,10.738303957433418,1.922846970287732,0.6709999999999999,1.922846970287732,3.4,0.3651023345527362,2.069029044223538,-0.26169604256658197,-0.023790549324234724,-2.379054932423472,-0.024078114490348745,-0.12648253696447787,source_normalization_systematic_sigma is shared/correlated across bins in this proton-energy source; do not treat these per-bin normalized residuals as independent chi-square contributions.
BC501A,43,25,40,10,11,11.0,6.2,JAERI_43MEV_BC501A_T025_FE040,JAERI_43MEV_PEAK_3.45E9_N_SR_UC,40.0,3.45,3450000000.0,N001_JAERI_TIARA_43MEV__TRANS__JAERI_43MEV_BC501A_T025_FE040,N001_JAERI_TIARA_43MEV__TRANS__JAERI_43MEV_BC501A_T025_FE040,8.186341393976363,1.4850183651374906,0.682,1.4850183651374906,3.4,0.27833560739519636,1.6576713350781205,-2.813658606023637,-0.2557871460021488,-25.57871460021488,-0.29542819098302014,-1.6973561323548123,source_normalization_systematic_sigma is shared/correlated across bins in this proton-energy source; do not treat these per-bin normalized residuals as independent chi-square contributions.
BC501A,43,25,40,9,10,11.1,5.5,JAERI_43MEV_BC501A_T025_FE040,JAERI_43MEV_PEAK_3.45E9_N_SR_UC,40.0,3.45,3450000000.0,N001_JAERI_TIARA_43MEV__TRANS__JAERI_43MEV_BC501A_T025_FE040,N001_JAERI_TIARA_43MEV__TRANS__JAERI_43MEV_BC501A_T025_FE040,10.080248067150867,1.4699669775599862,0.6104999999999999,1.4699669775599862,3.4,0.34272843428312944,1.6281817910734067,-1.0197519328491325,-0.09186954349992185,-9.186954349992185,-0.09636723614148734,-0.6263133136852265,source_normalization_systematic_sigma is shared/correlated across bins in this proton-energy source; do not treat these per-bin normalized residuals as independent chi-square contributions.
BC501A,43,25,40,8,9,11.3,4.4,JAERI_43MEV_BC501A_T025_FE040,JAERI_43MEV_PEAK_3.45E9_N_SR_UC,40.0,3.45,3450000000.0,N001_JAERI_TIARA_43MEV__TRANS__JAERI_43MEV_BC501A_T025_FE040,N001_JAERI_TIARA_43MEV__TRANS__JAERI_43MEV_BC501A_T025_FE040,8.813366428095094,1.366095795155033,0.4972000000000001,1.366095795155033,3.4,0.29965445855523315,1.4843242085448487,-2.486633571904907,-0.22005606831016875,-22.005606831016873,-0.248533244331101,-1.675263097906803,source_normalization_systematic_sigma is shared/correlated across bins in this proton-energy source; do not treat these per-bin normalized residuals as independent chi-square contributions.
BC501A,43,25,40,7,8,11.1,7.4,JAERI_43MEV_BC501A_T025_FE040,JAERI_43MEV_PEAK_3.45E9_N_SR_UC,40.0,3.45,3450000000.0,N001_JAERI_TIARA_43MEV__TRANS__JAERI_43MEV_BC501A_T025_FE040,N001_JAERI_TIARA_43MEV__TRANS__JAERI_43MEV_BC501A_T025_FE040,9.9438518025055,1.3688536993622549,0.8214,1.3688536993622549,3.4,0.338090961285187,1.631797753510058,-1.156148197494499,-0.10415749526977468,-10.415749526977468,-0.10999065742834377,-0.7085119433505659,source_normalization_systematic_sigma is shared/correlated across bins in this proton-energy source; do not treat these per-bin normalized residuals as independent chi-square contributions.
BC501A,43,25,40,6,7,9.77,15.6,JAERI_43MEV_BC501A_T025_FE040,JAERI_43MEV_PEAK_3.45E9_N_SR_UC,40.0,3.45,3450000000.0,N001_JAERI_TIARA_43MEV__TRANS__JAERI_43MEV_BC501A_T025_FE040,N001_JAERI_TIARA_43MEV__TRANS__JAERI_43MEV_BC501A_T025_FE040,11.8916131861254,1.3817615075792389,1.5241199999999997,1.3817615075792389,3.4,0.40431484832826364,2.096587020566129,2.1216131861254013,0.2171559044140636,21.71559044140636,0.1965169113174761,1.011936621429868,source_normalization_systematic_sigma is shared/correlated across bins in this proton-energy source; do not treat these per-bin normalized residuals as independent chi-square contributions.
BC501A,43,50,0,43,44,929.0,10.9,JAERI_43MEV_BC501A_T050_FE040,JAERI_43MEV_PEAK_3.45E9_N_SR_UC,40.0,3.45,3450000000.0,N001_JAERI_TIARA_43MEV__TRANS__JAERI_43MEV_BC501A_T050_FE040,N001_JAERI_TIARA_43MEV__TRANS__JAERI_43MEV_BC501A_T050_FE040,13.884658965777009,4.486015020036912,101.26100000000001,4.486015020036912,3.4,0.4720784048364182,101.3614192372044,-915.115341034223,-0.9850541884114349,-98.5054188411435,-4.203324179697941,-9.028241197892903,source_normalization_systematic_sigma is shared/correlated across bins in this proton-energy source; do not treat these per-bin normalized residuals as independent chi-square contributions.
BC501A,43,50,0,42,43,1610.0,6.5,JAERI_43MEV_BC501A_T050_FE040,JAERI_43MEV_PEAK_3.45E9_N_SR_UC,40.0,3.45,3450000000.0,N001_JAERI_TIARA_43MEV__TRANS__JAERI_43MEV_BC501A_T050_FE040,N001_JAERI_TIARA_43MEV__TRANS__JAERI_43MEV_BC501A_T050_FE040,338.41451778681954,22.00116898844993,104.65,22.00116898844993,3.4,11.506093604751863,107.55493539070926,-1271.5854822131805,-0.7898046473373792,-78.98046473373792,-1.559717929905386,-11.822660462711056,source_normalization_systematic_sigma is shared/correlated across bins in this proton-energy source; do not treat these per-bin normalized residuals as independent chi-square contributions.
BC501A,43,50,0,41,42,2220.0,4.6,JAERI_43MEV_BC501A_T050_FE040,JAERI_43MEV_PEAK_3.45E9_N_SR_UC,40.0,3.45,3450000000.0,N001_JAERI_TIARA_43MEV__TRANS__JAERI_43MEV_BC501A_T050_FE040,N001_JAERI_TIARA_43MEV__TRANS__JAERI_43MEV_BC501A_T050_FE040,1557.5521440769708,46.420960193747725,102.12,46.420960193747725,3.4,52.956772898617004,124.04765109080142,-662.4478559230292,-0.29839993510046364,-29.839993510046366,-0.35439174542197815,-5.340269244099795,source_normalization_systematic_sigma is shared/correlated across bins in this proton-energy source; do not treat these per-bin normalized residuals as independent chi-square contributions.
BC501A,43,50,0,40,41,2430.0,4.7,JAERI_43MEV_BC501A_T050_FE040,JAERI_43MEV_PEAK_3.45E9_N_SR_UC,40.0,3.45,3450000000.0,N001_JAERI_TIARA_43MEV__TRANS__JAERI_43MEV_BC501A_T050_FE040,N001_JAERI_TIARA_43MEV__TRANS__JAERI_43MEV_BC501A_T050_FE040,3053.020183631926,63.76581002141404,114.21,63.76581002141404,3.4,103.80268624348548,166.98802441807183,623.0201836319261,0.256386906844414,25.6386906844414,0.2282400674599655,3.7309273272922283,source_normalization_systematic_sigma is shared/correlated across bins in this proton-energy source; do not treat these per-bin normalized residuals as independent chi-square contributions.
BC501A,43,50,0,39,40,2110.0,5.2,JAERI_43MEV_BC501A_T050_FE040,JAERI_43MEV_PEAK_3.45E9_N_SR_UC,40.0,3.45,3450000000.0,N001_JAERI_TIARA_43MEV__TRANS__JAERI_43MEV_BC501A_T050_FE040,N001_JAERI_TIARA_43MEV__TRANS__JAERI_43MEV_BC501A_T050_FE040,2633.0602705793967,57.952155934149616,109.72,57.952155934149616,3.4,89.52404919969949,153.00812449842724,523.0602705793967,0.2478958628338373,24.78958628338373,0.22145882322353733,3.4185130514737683,source_normalization_systematic_sigma is shared/correlated across bins in this proton-energy source; do not treat these per-bin normalized residuals as independent chi-square contributions.
BC501A,43,50,0,38,39,1450.0,5.7,JAERI_43MEV_BC501A_T050_FE040,JAERI_43MEV_PEAK_3.45E9_N_SR_UC,40.0,3.45,3450000000.0,N001_JAERI_TIARA_43MEV__TRANS__JAERI_43MEV_BC501A_T050_FE040,N001_JAERI_TIARA_43MEV__TRANS__JAERI_43MEV_BC501A_T050_FE040,1256.4417133977486,39.08832959678573,82.65,39.08832959678573,3.4,42.71901825552345,100.91498665402825,-193.55828660225143,-0.1334884735187941,-13.348847351879408,-0.14327986757080177,-1.9180331189641504,source_normalization_systematic_sigma is shared/correlated across bins in this proton-energy source; do not treat these per-bin normalized residuals as independent chi-square contributions.
BC501A,43,50,0,37,38,794.0,5.5,JAERI_43MEV_BC501A_T050_FE040,JAERI_43MEV_PEAK_3.45E9_N_SR_UC,40.0,3.45,3450000000.0,N001_JAERI_TIARA_43MEV__TRANS__JAERI_43MEV_BC501A_T050_FE040,N001_JAERI_TIARA_43MEV__TRANS__JAERI_43MEV_BC501A_T050_FE040,397.41784217857065,21.05712796677464,43.67,21.05712796677464,3.4,13.5122066340714,50.32942743893444,-396.58215782142935,-0.49947375040482284,-49.947375040482285,-0.6920952348585335,-7.8797271894779515,source_normalization_systematic_sigma is shared/correlated across bins in this proton-energy source; do not treat these per-bin normalized residuals as independent chi-square contributions.
BC501A,43,50,0,36,37,371.0,5.3,JAERI_43MEV_BC501A_T050_FE040,JAERI_43MEV_PEAK_3.45E9_N_SR_UC,40.0,3.45,3450000000.0,N001_JAERI_TIARA_43MEV__TRANS__JAERI_43MEV_BC501A_T050_FE040,N001_JAERI_TIARA_43MEV__TRANS__JAERI_43MEV_BC501A_T050_FE040,181.4917910476908,13.890467207591575,19.663,13.890467207591575,3.4,6.170720895621488,24.852694916584735,-189.5082089523092,-0.5108037977151191,-51.08037977151191,-0.7149916383127425,-7.625257928300013,source_normalization_systematic_sigma is shared/correlated across bins in this proton-energy source; do not treat these per-bin normalized residuals as independent chi-square contributions.
BC501A,43,50,0,35,36,191.0,11.8,JAERI_43MEV_BC501A_T050_FE040,JAERI_43MEV_PEAK_3.45E9_N_SR_UC,40.0,3.45,3450000000.0,N001_JAERI_TIARA_43MEV__TRANS__JAERI_43MEV_BC501A_T050_FE040,N001_JAERI_TIARA_43MEV__TRANS__JAERI_43MEV_BC501A_T050_FE040,159.87220107613177,12.905801308523005,22.538,12.905801308523005,3.4,5.435654836588481,26.534270197569068,-31.127798923868227,-0.1629727692349122,-16.297276923491218,-0.1778986752523539,-1.173116829371851,source_normalization_systematic_sigma is shared/correlated across bins in this proton-energy source; do not treat these per-bin normalized residuals as independent chi-square contributions.
BC501A,43,50,0,34,35,152.0,14.6,JAERI_43MEV_BC501A_T050_FE040,JAERI_43MEV_PEAK_3.45E9_N_SR_UC,40.0,3.45,3450000000.0,N001_JAERI_TIARA_43MEV__TRANS__JAERI_43MEV_BC501A_T050_FE040,N001_JAERI_TIARA_43MEV__TRANS__JAERI_43MEV_BC501A_T050_FE040,166.6580394623476,13.085590540471692,22.191999999999997,13.085590540471692,3.4,5.666373341719818,26.378501296332875,14.658039462347602,0.09643447014702371,9.643447014702371,0.09206352434212924,0.5556812836969383,source_normalization_systematic_sigma is shared/correlated across bins in this proton-energy source; do not treat these per-bin normalized residuals as independent chi-square contributions.
BC501A,43,50,0,33,34,164.0,12.0,JAERI_43MEV_BC501A_T050_FE040,JAERI_43MEV_PEAK_3.45E9_N_SR_UC,40.0,3.45,3450000000.0,N001_JAERI_TIARA_43MEV__TRANS__JAERI_43MEV_BC501A_T050_FE040,N001_JAERI_TIARA_43MEV__TRANS__JAERI_43MEV_BC501A_T050_FE040,178.44477176767603,13.467389984407586,19.68,13.467389984407586,3.4,6.067122240100985,24.606563459135245,14.44477176767603,0.08807787663217091,8.807787663217091,0.08441272365910503,0.5870292205437316,source_normalization_systematic_sigma is shared/correlated across bins in this proton-energy source; do not treat these per-bin normalized residuals as independent chi-square contributions.
BC501A,43,50,0,32,33,183.0,10.7,JAERI_43MEV_BC501A_T050_FE040,JAERI_43MEV_PEAK_3.45E9_N_SR_UC,40.0,3.45,3450000000.0,N001_JAERI_TIARA_43MEV__TRANS__JAERI_43MEV_BC501A_T050_FE040,N001_JAERI_TIARA_43MEV__TRANS__JAERI_43MEV_BC501A_T050_FE040,176.6190393007647,13.101783656514156,19.581,13.101783656514156,3.4,6.005047336226,24.31322458030642,-6.380960699235288,-0.03486863770073928,-3.486863770073928,-0.03549106017256923,-0.2624481453769745,source_normalization_systematic_sigma is shared/correlated across bins in this proton-energy source; do not treat these per-bin normalized residuals as independent chi-square contributions.
BC501A,43,50,0,31,32,197.0,10.6,JAERI_43MEV_BC501A_T050_FE040,JAERI_43MEV_PEAK_3.45E9_N_SR_UC,40.0,3.45,3450000000.0,N001_JAERI_TIARA_43MEV__TRANS__JAERI_43MEV_BC501A_T050_FE040,N001_JAERI_TIARA_43MEV__TRANS__JAERI_43MEV_BC501A_T050_FE040,172.8295440981614,12.852598838777917,20.881999999999998,12.852598838777917,3.4,5.876204499337487,25.214618780155877,-24.170455901838608,-0.12269266955248025,-12.269266955248025,-0.13089791419192923,-0.9585889881016549,source_normalization_systematic_sigma is shared/correlated across bins in this proton-energy source; do not treat these per-bin normalized residuals as independent chi-square contributions.
BC501A,43,50,0,30,31,205.0,10.3,JAERI_43MEV_BC501A_T050_FE040,JAERI_43MEV_PEAK_3.45E9_N_SR_UC,40.0,3.45,3450000000.0,N001_JAERI_TIARA_43MEV__TRANS__JAERI_43MEV_BC501A_T050_FE040,N001_JAERI_TIARA_43MEV__TRANS__JAERI_43MEV_BC501A_T050_FE040,187.94970191510504,13.097144133479008,21.115,13.097144133479008,3.4,6.39028986511357,25.6556858028254,-17.050298084894962,-0.08317218577997543,-8.317218577997544,-0.0868355951092339,-0.6645816532028644,source_normalization_systematic_sigma is shared/correlated across bins in this proton-energy source; do not treat these per-bin normalized residuals as independent chi-square contributions.
BC501A,43,50,0,29,30,207.0,9.9,JAERI_43MEV_BC501A_T050_FE040,JAERI_43MEV_PEAK_3.45E9_N_SR_UC,40.0,3.45,3450000000.0,N001_JAERI_TIARA_43MEV__TRANS__JAERI_43MEV_BC501A_T050_FE040,N001_JAERI_TIARA_43MEV__TRANS__JAERI_43MEV_BC501A_T050_FE040,163.87538330492683,11.991631548184094,20.493000000000002,11.991631548184094,3.4,5.571763032367512,24.38866169916384,-43.12461669507317,-0.20833148161871098,-20.833148161871097,-0.23361251217629658,-1.7682239897793035,source_normalization_systematic_sigma is shared/correlated across bins in this proton-energy source; do not treat these per-bin normalized residuals as independent chi-square contributions.
BC501A,43,50,0,28,29,203.0,10.5,JAERI_43MEV_BC501A_T050_FE040,JAERI_43MEV_PEAK_3.45E9_N_SR_UC,40.0,3.45,3450000000.0,N001_JAERI_TIARA_43MEV__TRANS__JAERI_43MEV_BC501A_T050_FE040,N001_JAERI_TIARA_43MEV__TRANS__JAERI_43MEV_BC501A_T050_FE040,184.4221437627305,12.46577000146982,21.315,12.46577000146982,3.4,6.270352887932837,25.47630216630256,-18.577856237269486,-0.09151653318851964,-9.151653318851965,-0.09597858964779306,-0.7292210665424738,source_normalization_systematic_sigma is shared/correlated across bins in this proton-energy source; do not treat these per-bin normalized residuals as independent chi-square contributions.
BC501A,43,50,0,27,28,192.0,13.3,JAERI_43MEV_BC501A_T050_FE040,JAERI_43MEV_PEAK_3.45E9_N_SR_UC,40.0,3.45,3450000000.0,N001_JAERI_TIARA_43MEV__TRANS__JAERI_43MEV_BC501A_T050_FE040,N001_JAERI_TIARA_43MEV__TRANS__JAERI_43MEV_BC501A_T050_FE040,180.511949489236,12.182367441819675,25.536000000000005,12.182367441819675,3.4,6.137406282634024,28.951081644139375,-11.488050510763998,-0.05983359641022915,-5.983359641022915,-0.0616983942896798,-0.396809026065855,source_normalization_systematic_sigma is shared/correlated across bins in this proton-energy source; do not treat these per-bin normalized residuals as independent chi-square contributions.
BC501A,43,50,0,26,27,176.0,18.8,JAERI_43MEV_BC501A_T050_FE040,JAERI_43MEV_PEAK_3.45E9_N_SR_UC,40.0,3.45,3450000000.0,N001_JAERI_TIARA_43MEV__TRANS__JAERI_43MEV_BC501A_T050_FE040,N001_JAERI_TIARA_43MEV__TRANS__JAERI_43MEV_BC501A_T050_FE040,188.83921591437863,12.261425795522133,33.088,12.261425795522133,3.4,6.4205333410888725,35.86616169766608,12.839215914378627,0.07295009042260583,7.295009042260584,0.07041194851512395,0.3579757438949514,source_normalization_systematic_sigma is shared/correlated across bins in this proton-energy source; do not treat these per-bin normalized residuals as independent chi-square contributions.
BC501A,43,50,0,25,26,158.0,25.5,JAERI_43MEV_BC501A_T050_FE040,JAERI_43MEV_PEAK_3.45E9_N_SR_UC,40.0,3.45,3450000000.0,N001_JAERI_TIARA_43MEV__TRANS__JAERI_43MEV_BC501A_T050_FE040,N001_JAERI_TIARA_43MEV__TRANS__JAERI_43MEV_BC501A_T050_FE040,157.68216052954017,10.753947274746924,40.29,10.753947274746924,3.4,5.361193458004366,42.04371388545719,-0.3178394704598304,-0.0020116422181001925,-0.20116422181001925,-0.002013668287914763,-0.0075597382126075755,source_normalization_systematic_sigma is shared/correlated across bins in this proton-energy source; do not treat these per-bin normalized residuals as independent chi-square contributions.
BC501A,43,50,0,24,25,143.0,30.7,JAERI_43MEV_BC501A_T050_FE040,JAERI_43MEV_PEAK_3.45E9_N_SR_UC,40.0,3.45,3450000000.0,N001_JAERI_TIARA_43MEV__TRANS__JAERI_43MEV_BC501A_T050_FE040,N001_JAERI_TIARA_43MEV__TRANS__JAERI_43MEV_BC501A_T050_FE040,162.79943954004622,10.728031858906911,43.900999999999996,10.728031858906911,3.4,5.535180944361572,45.530502925539324,19.799439540046222,0.1384576191611624,13.845761916116238,0.12967438067389808,0.4348609891796334,source_normalization_systematic_sigma is shared/correlated across bins in this proton-energy source; do not treat these per-bin normalized residuals as independent chi-square contributions.
BC501A,43,50,0,23,24,133.0,30.7,JAERI_43MEV_BC501A_T050_FE040,JAERI_43MEV_PEAK_3.45E9_N_SR_UC,40.0,3.45,3450000000.0,N001_JAERI_TIARA_43MEV__TRANS__JAERI_43MEV_BC501A_T050_FE040,N001_JAERI_TIARA_43MEV__TRANS__JAERI_43MEV_BC501A_T050_FE040,165.80825816678438,10.891109741244296,40.830999999999996,10.891109741244296,3.4,5.637480777670669,42.63294526436606,32.808258166784384,0.2466786328329653,24.66786328329653,0.22048292124138186,0.7695517624536851,source_normalization_systematic_sigma is shared/correlated across bins in this proton-energy source; do not treat these per-bin normalized residuals as independent chi-square contributions.
BC501A,43,50,0,22,23,130.0,24.8,JAERI_43MEV_BC501A_T050_FE040,JAERI_43MEV_PEAK_3.45E9_N_SR_UC,40.0,3.45,3450000000.0,N001_JAERI_TIARA_43MEV__TRANS__JAERI_43MEV_BC501A_T050_FE040,N001_JAERI_TIARA_43MEV__TRANS__JAERI_43MEV_BC501A_T050_FE040,129.9647493222745,9.23855767257514,32.24,9.23855767257514,3.4,4.418801476957333,33.82742015528612,-0.03525067772548596,-0.00027115905942681507,-0.02711590594268151,-0.0002711958296917272,-0.0010420740796568675,source_normalization_systematic_sigma is shared/correlated across bins in this proton-energy source; do not treat these per-bin normalized residuals as independent chi-square contributions.
BC501A,43,50,0,21,22,130.0,14.7,JAERI_43MEV_BC501A_T050_FE040,JAERI_43MEV_PEAK_3.45E9_N_SR_UC,40.0,3.45,3450000000.0,N001_JAERI_TIARA_43MEV__TRANS__JAERI_43MEV_BC501A_T050_FE040,N001_JAERI_TIARA_43MEV__TRANS__JAERI_43MEV_BC501A_T050_FE040,150.82178748319575,9.786799392410463,19.11,9.786799392410463,3.4,5.127940774428655,22.074177650216864,20.82178748319575,0.1601675960245827,16.01675960245827,0.1485644740136767,0.9432644700578999,source_normalization_systematic_sigma is shared/correlated across bins in this proton-energy source; do not treat these per-bin normalized residuals as independent chi-square contributions.
BC501A,43,50,0,20,21,132.0,5.3,JAERI_43MEV_BC501A_T050_FE040,JAERI_43MEV_PEAK_3.45E9_N_SR_UC,40.0,3.45,3450000000.0,N001_JAERI_TIARA_43MEV__TRANS__JAERI_43MEV_BC501A_T050_FE040,N001_JAERI_TIARA_43MEV__TRANS__JAERI_43MEV_BC501A_T050_FE040,117.39091943303436,8.209837032610652,6.996,8.209837032610652,3.4,3.991291260723168,11.501123685533965,-14.609080566965645,-0.11067485278004276,-11.067485278004275,-0.11729236543225711,-1.2702307153987784,source_normalization_systematic_sigma is shared/correlated across bins in this proton-energy source; do not treat these per-bin normalized residuals as independent chi-square contributions.
BC501A,43,50,0,19,20,133.0,11.2,JAERI_43MEV_BC501A_T050_FE040,JAERI_43MEV_PEAK_3.45E9_N_SR_UC,40.0,3.45,3450000000.0,N001_JAERI_TIARA_43MEV__TRANS__JAERI_43MEV_BC501A_T050_FE040,N001_JAERI_TIARA_43MEV__TRANS__JAERI_43MEV_BC501A_T050_FE040,158.71245449604598,9.520690992582123,14.895999999999999,9.520690992582123,3.4,5.396223452865563,18.483874067129182,25.71245449604598,0.1933267255341803,19.33267255341803,0.17674497446730855,1.3910749663552269,source_normalization_systematic_sigma is shared/correlated across bins in this proton-energy source; do not treat these per-bin normalized residuals as independent chi-square contributions.
BC501A,43,50,0,18,19,130.0,18.1,JAERI_43MEV_BC501A_T050_FE040,JAERI_43MEV_PEAK_3.45E9_N_SR_UC,40.0,3.45,3450000000.0,N001_JAERI_TIARA_43MEV__TRANS__JAERI_43MEV_BC501A_T050_FE040,N001_JAERI_TIARA_43MEV__TRANS__JAERI_43MEV_BC501A_T050_FE040,146.4574930391901,8.809612984357715,23.53,8.809612984357715,3.4,4.979554763332463,25.613788212117143,16.457493039190098,0.1265961003014623,12.65961003014623,0.11920078599677321,0.6425247567013354,source_normalization_systematic_sigma is shared/correlated across bins in this proton-energy source; do not treat these per-bin normalized residuals as independent chi-square contributions.
BC501A,43,50,0,17,18,119.0,18.9,JAERI_43MEV_BC501A_T050_FE040,JAERI_43MEV_PEAK_3.45E9_N_SR_UC,40.0,3.45,3450000000.0,N001_JAERI_TIARA_43MEV__TRANS__JAERI_43MEV_BC501A_T050_FE040,N001_JAERI_TIARA_43MEV__TRANS__JAERI_43MEV_BC501A_T050_FE040,130.61253722792927,8.008619712875543,22.491,8.008619712875543,3.4,4.440826265749595,24.2838219526505,11.612537227929266,0.09758434645318712,9.758434645318712,0.09311171627443604,0.4782005588153226,source_normalization_systematic_sigma is shared/correlated across bins in this proton-energy source; do not treat these per-bin normalized residuals as independent chi-square contributions.
BC501A,43,50,0,16,17,103.0,12.5,JAERI_43MEV_BC501A_T050_FE040,JAERI_43MEV_PEAK_3.45E9_N_SR_UC,40.0,3.45,3450000000.0,N001_JAERI_TIARA_43MEV__TRANS__JAERI_43MEV_BC501A_T050_FE040,N001_JAERI_TIARA_43MEV__TRANS__JAERI_43MEV_BC501A_T050_FE040,134.86606569268906,7.810458756042136,12.875,7.810458756042136,3.4,4.585446233551428,15.741512257106248,31.866065692689062,0.30937927856979675,30.937927856979673,0.26955319176583087,2.024333188083861,source_normalization_systematic_sigma is shared/correlated across bins in this proton-energy source; do not treat these per-bin normalized residuals as independent chi-square contributions.
BC501A,43,50,0,15,16,87.5,5.4,JAERI_43MEV_BC501A_T050_FE040,JAERI_43MEV_PEAK_3.45E9_N_SR_UC,40.0,3.45,3450000000.0,N001_JAERI_TIARA_43MEV__TRANS__JAERI_43MEV_BC501A_T050_FE040,N001_JAERI_TIARA_43MEV__TRANS__JAERI_43MEV_BC501A_T050_FE040,93.0672836403064,6.288627596398817,4.7250000000000005,6.288627596398817,3.4,3.1642876437704177,8.478512743323968,5.5672836403064,0.06362609874635886,6.3626098746358855,0.06168391820748452,0.6566344604117169,source_normalization_systematic_sigma is shared/correlated across bins in this proton-energy source; do not treat these per-bin normalized residuals as independent chi-square contributions.
BC501A,43,50,0,14,15,78.4,7.1,JAERI_43MEV_BC501A_T050_FE040,JAERI_43MEV_PEAK_3.45E9_N_SR_UC,40.0,3.45,3450000000.0,N001_JAERI_TIARA_43MEV__TRANS__JAERI_43MEV_BC501A_T050_FE040,N001_JAERI_TIARA_43MEV__TRANS__JAERI_43MEV_BC501A_T050_FE040,94.82418356904876,6.176236852331176,5.5664,6.176236852331176,3.4,3.224022241347658,8.91768075391792,16.42418356904875,0.2094921373603157,20.94921373603157,0.19020055031123467,1.841755050698905,source_normalization_systematic_sigma is shared/correlated across bins in this proton-energy source; do not treat these per-bin normalized residuals as independent chi-square contributions.
BC501A,43,50,0,13,14,77.5,5.1,JAERI_43MEV_BC501A_T050_FE040,JAERI_43MEV_PEAK_3.45E9_N_SR_UC,40.0,3.45,3450000000.0,N001_JAERI_TIARA_43MEV__TRANS__JAERI_43MEV_BC501A_T050_FE040,N001_JAERI_TIARA_43MEV__TRANS__JAERI_43MEV_BC501A_T050_FE040,72.10043013314173,5.071193037848535,3.9525,5.071193037848535,3.4,2.451414624526819,6.881038347405674,-5.399569866858272,-0.06967186924978415,-6.967186924978415,-0.07221792630059364,-0.7847027722050185,source_normalization_systematic_sigma is shared/correlated across bins in this proton-energy source; do not treat these per-bin normalized residuals as independent chi-square contributions.
BC501A,43,50,0,12,13,80.4,12.9,JAERI_43MEV_BC501A_T050_FE040,JAERI_43MEV_PEAK_3.45E9_N_SR_UC,40.0,3.45,3450000000.0,N001_JAERI_TIARA_43MEV__TRANS__JAERI_43MEV_BC501A_T050_FE040,N001_JAERI_TIARA_43MEV__TRANS__JAERI_43MEV_BC501A_T050_FE040,85.40813549184534,5.4054895484618255,10.3716,5.4054895484618255,3.4,2.9038766067227413,12.05080508371128,5.008135491845337,0.06229024243588727,6.229024243588728,0.0604271834428911,0.41558513784400075,source_normalization_systematic_sigma is shared/correlated across bins in this proton-energy source; do not treat these per-bin normalized residuals as independent chi-square contributions.
BC501A,43,50,0,11,12,81.4,18.2,JAERI_43MEV_BC501A_T050_FE040,JAERI_43MEV_PEAK_3.45E9_N_SR_UC,40.0,3.45,3450000000.0,N001_JAERI_TIARA_43MEV__TRANS__JAERI_43MEV_BC501A_T050_FE040,N001_JAERI_TIARA_43MEV__TRANS__JAERI_43MEV_BC501A_T050_FE040,73.50742200861558,4.730327735134915,14.8148,4.730327735134915,3.4,2.4992523482929294,15.751208265470758,-7.892577991384428,-0.09696041758457527,-9.696041758457527,-0.10198889217875586,-0.501077622640941,source_normalization_systematic_sigma is shared/correlated across bins in this proton-energy source; do not treat these per-bin normalized residuals as independent chi-square contributions.
BC501A,43,50,0,10,11,78.4,18.4,JAERI_43MEV_BC501A_T050_FE040,JAERI_43MEV_PEAK_3.45E9_N_SR_UC,40.0,3.45,3450000000.0,N001_JAERI_TIARA_43MEV__TRANS__JAERI_43MEV_BC501A_T050_FE040,N001_JAERI_TIARA_43MEV__TRANS__JAERI_43MEV_BC501A_T050_FE040,81.15543743116822,4.70867401558974,14.4256,4.70867401558974,3.4,2.7592848726597197,15.423462625285502,2.755437431168218,0.03514588560163543,3.514588560163543,0.03454236905660569,0.17865232328899378,source_normalization_systematic_sigma is shared/correlated across bins in this proton-energy source; do not treat these per-bin normalized residuals as independent chi-square contributions.
BC501A,43,50,0,9,10,73.7,15.7,JAERI_43MEV_BC501A_T050_FE040,JAERI_43MEV_PEAK_3.45E9_N_SR_UC,40.0,3.45,3450000000.0,N001_JAERI_TIARA_43MEV__TRANS__JAERI_43MEV_BC501A_T050_FE040,N001_JAERI_TIARA_43MEV__TRANS__JAERI_43MEV_BC501A_T050_FE040,77.47723093989408,4.3529364337010295,11.5709,4.3529364337010295,3.4,2.634225851956399,12.640131654573747,3.777230939894082,0.051251437447680896,5.125143744768089,0.04998129967405585,0.2988284491900301,source_normalization_systematic_sigma is shared/correlated across bins in this proton-energy source; do not treat these per-bin normalized residuals as independent chi-square contributions.
BC501A,43,50,0,8,9,68.0,8.8,JAERI_43MEV_BC501A_T050_FE040,JAERI_43MEV_PEAK_3.45E9_N_SR_UC,40.0,3.45,3450000000.0,N001_JAERI_TIARA_43MEV__TRANS__JAERI_43MEV_BC501A_T050_FE040,N001_JAERI_TIARA_43MEV__TRANS__JAERI_43MEV_BC501A_T050_FE040,72.36856329481985,3.994837024485743,5.984000000000001,3.994837024485743,3.4,2.460531152023875,7.604024750241286,4.36856329481985,0.06424357786499779,6.42435778649978,0.06226429128461271,0.5745067169437119,source_normalization_systematic_sigma is shared/correlated across bins in this proton-energy source; do not treat these per-bin normalized residuals as independent chi-square contributions.
BC501A,43,50,0,7,8,56.9,15.0,JAERI_43MEV_BC501A_T050_FE040,JAERI_43MEV_PEAK_3.45E9_N_SR_UC,40.0,3.45,3450000000.0,N001_JAERI_TIARA_43MEV__TRANS__JAERI_43MEV_BC501A_T050_FE040,N001_JAERI_TIARA_43MEV__TRANS__JAERI_43MEV_BC501A_T050_FE040,73.59051483155761,3.746593138233748,8.535,3.746593138233748,3.4,2.502077504272959,9.651092009759777,16.690514831557614,0.2933306648779897,29.33306648779897,0.2572208017262761,1.7293913284298958,source_normalization_systematic_sigma is shared/correlated across bins in this proton-energy source; do not treat these per-bin normalized residuals as independent chi-square contributions.
BC501A,43,50,0,6,7,48.2,38.4,JAERI_43MEV_BC501A_T050_FE040,JAERI_43MEV_PEAK_3.45E9_N_SR_UC,40.0,3.45,3450000000.0,N001_JAERI_TIARA_43MEV__TRANS__JAERI_43MEV_BC501A_T050_FE040,N001_JAERI_TIARA_43MEV__TRANS__JAERI_43MEV_BC501A_T050_FE040,77.68826883503446,3.480713043670851,18.5088,3.480713043670851,3.4,2.6414011403911717,19.01757189330016,29.48826883503446,0.6117898098554867,61.17898098554867,0.47734524467429607,1.5505801161410673,source_normalization_systematic_sigma is shared/correlated across bins in this proton-energy source; do not treat these per-bin normalized residuals as independent chi-square contributions.
BC501A,43,50,0,5,6,50.1,28.5,JAERI_43MEV_BC501A_T050_FE040,JAERI_43MEV_PEAK_3.45E9_N_SR_UC,40.0,3.45,3450000000.0,N001_JAERI_TIARA_43MEV__TRANS__JAERI_43MEV_BC501A_T050_FE040,N001_JAERI_TIARA_43MEV__TRANS__JAERI_43MEV_BC501A_T050_FE040,76.97250530130054,3.209543838977824,14.278500000000001,3.209543838977824,3.4,2.6170651802442184,14.866935261242219,26.872505301300542,0.5363773513233641,53.6377351323364,0.42942727598767694,1.8075349646108023,source_normalization_systematic_sigma is shared/correlated across bins in this proton-energy source; do not treat these per-bin normalized residuals as independent chi-square contributions.
BC501A,43,50,0,4,5,32.0,73.7,JAERI_43MEV_BC501A_T050_FE040,JAERI_43MEV_PEAK_3.45E9_N_SR_UC,40.0,3.45,3450000000.0,N001_JAERI_TIARA_43MEV__TRANS__JAERI_43MEV_BC501A_T050_FE040,N001_JAERI_TIARA_43MEV__TRANS__JAERI_43MEV_BC501A_T050_FE040,64.1465356374077,2.539779737923941,23.584,2.539779737923941,3.4,2.1809822116718616,23.820416044326308,32.146535637407695,1.0045792386689905,100.45792386689905,0.6954341827102345,1.3495371188138652,source_normalization_systematic_sigma is shared/correlated across bins in this proton-energy source; do not treat these per-bin normalized residuals as independent chi-square contributions.
BC501A,43,50,20,43,44,76.4,30.7,JAERI_43MEV_BC501A_T050_FE040,JAERI_43MEV_PEAK_3.45E9_N_SR_UC,40.0,3.45,3450000000.0,N001_JAERI_TIARA_43MEV__TRANS__JAERI_43MEV_BC501A_T050_FE040,N001_JAERI_TIARA_43MEV__TRANS__JAERI_43MEV_BC501A_T050_FE040,1.3614615592166852,1.1866541463638207,23.4548,1.1866541463638207,3.4,0.04628969301336729,23.484844769313714,-75.03853844078333,-0.9821798225233419,-98.2179822523342,-4.027423897580641,-3.195189884279407,source_normalization_systematic_sigma is shared/correlated across bins in this proton-energy source; do not treat these per-bin normalized residuals as independent chi-square contributions.
BC501A,43,50,20,42,43,139.0,35.2,JAERI_43MEV_BC501A_T050_FE040,JAERI_43MEV_PEAK_3.45E9_N_SR_UC,40.0,3.45,3450000000.0,N001_JAERI_TIARA_43MEV__TRANS__JAERI_43MEV_BC501A_T050_FE040,N001_JAERI_TIARA_43MEV__TRANS__JAERI_43MEV_BC501A_T050_FE040,22.109618296038214,5.7584432674794765,48.928000000000004,5.7584432674794765,3.4,0.7517270220652992,49.27143134089452,-116.8903817039618,-0.8409379978702287,-84.09379978702287,-1.8384612022711364,-2.37237641616765,source_normalization_systematic_sigma is shared/correlated across bins in this proton-energy source; do not treat these per-bin normalized residuals as independent chi-square contributions.
BC501A,43,50,20,41,42,222.0,23.7,JAERI_43MEV_BC501A_T050_FE040,JAERI_43MEV_PEAK_3.45E9_N_SR_UC,40.0,3.45,3450000000.0,N001_JAERI_TIARA_43MEV__TRANS__JAERI_43MEV_BC501A_T050_FE040,N001_JAERI_TIARA_43MEV__TRANS__JAERI_43MEV_BC501A_T050_FE040,121.85214184689188,12.7593887443121,52.614,12.7593887443121,3.4,4.142972822794324,54.29732241039967,-100.14785815310812,-0.45111647816715367,-45.11164781671537,-0.5998690242215181,-1.8444345633869894,source_normalization_systematic_sigma is shared/correlated across bins in this proton-energy source; do not treat these per-bin normalized residuals as independent chi-square contributions.
BC501A,43,50,20,40,41,296.0,8.6,JAERI_43MEV_BC501A_T050_FE040,JAERI_43MEV_PEAK_3.45E9_N_SR_UC,40.0,3.45,3450000000.0,N001_JAERI_TIARA_43MEV__TRANS__JAERI_43MEV_BC501A_T050_FE040,N001_JAERI_TIARA_43MEV__TRANS__JAERI_43MEV_BC501A_T050_FE040,404.85811135151744,22.46553661513577,25.456,22.46553661513577,3.4,13.765175785951591,36.63588863156118,108.85811135151744,0.36776388970107243,36.77638897010724,0.31317720905633084,2.9713517378076664,source_normalization_systematic_sigma is shared/correlated across bins in this proton-energy source; do not treat these per-bin normalized residuals as independent chi-square contributions.
BC501A,43,50,20,39,40,316.0,8.0,JAERI_43MEV_BC501A_T050_FE040,JAERI_43MEV_PEAK_3.45E9_N_SR_UC,40.0,3.45,3450000000.0,N001_JAERI_TIARA_43MEV__TRANS__JAERI_43MEV_BC501A_T050_FE040,N001_JAERI_TIARA_43MEV__TRANS__JAERI_43MEV_BC501A_T050_FE040,524.0691496254387,25.240007506160968,25.28,25.240007506160968,3.4,17.818351087264915,39.92029577019811,208.06914962543874,0.6584466760298694,65.84466760298695,0.5058814269615676,5.212114429792617,source_normalization_systematic_sigma is shared/correlated across bins in this proton-energy source; do not treat these per-bin normalized residuals as independent chi-square contributions.
BC501A,43,50,20,38,39,266.0,15.7,JAERI_43MEV_BC501A_T050_FE040,JAERI_43MEV_PEAK_3.45E9_N_SR_UC,40.0,3.45,3450000000.0,N001_JAERI_TIARA_43MEV__TRANS__JAERI_43MEV_BC501A_T050_FE040,N001_JAERI_TIARA_43MEV__TRANS__JAERI_43MEV_BC501A_T050_FE040,318.34605291578106,18.85934094056659,41.762,18.85934094056659,3.4,10.823765799136556,47.08389629997808,52.34605291578106,0.19678967261571825,19.678967261571824,0.17964269903617044,1.1117612820799079,source_normalization_systematic_sigma is shared/correlated across bins in this proton-energy source; do not treat these per-bin normalized residuals as independent chi-square contributions.
BC501A,43,50,20,37,38,179.0,18.6,JAERI_43MEV_BC501A_T050_FE040,JAERI_43MEV_PEAK_3.45E9_N_SR_UC,40.0,3.45,3450000000.0,N001_JAERI_TIARA_43MEV__TRANS__JAERI_43MEV_BC501A_T050_FE040,N001_JAERI_TIARA_43MEV__TRANS__JAERI_43MEV_BC501A_T050_FE040,159.21076389383336,13.359756757856603,33.294000000000004,13.359756757856603,3.4,5.413165972390334,36.28051684408231,-19.78923610616664,-0.11055439165456224,-11.055439165456225,-0.11715692231763683,-0.5454507770992367,source_normalization_systematic_sigma is shared/correlated across bins in this proton-energy source; do not treat these per-bin normalized residuals as independent chi-square contributions.
BC501A,43,50,20,36,37,107.0,14.8,JAERI_43MEV_BC501A_T050_FE040,JAERI_43MEV_PEAK_3.45E9_N_SR_UC,40.0,3.45,3450000000.0,N001_JAERI_TIARA_43MEV__TRANS__JAERI_43MEV_BC501A_T050_FE040,N001_JAERI_TIARA_43MEV__TRANS__JAERI_43MEV_BC501A_T050_FE040,85.04524611598222,9.495881284817871,15.836000000000002,9.495881284817871,3.4,2.8915383679433955,18.689880992361697,-21.954753884017776,-0.2051846157384839,-20.51846157384839,-0.22964541234998603,-1.1746866602837327,source_normalization_systematic_sigma is shared/correlated across bins in this proton-energy source; do not treat these per-bin normalized residuals as independent chi-square contributions.
BC501A,43,50,20,35,36,70.6,8.3,JAERI_43MEV_BC501A_T050_FE040,JAERI_43MEV_PEAK_3.45E9_N_SR_UC,40.0,3.45,3450000000.0,N001_JAERI_TIARA_43MEV__TRANS__JAERI_43MEV_BC501A_T050_FE040,N001_JAERI_TIARA_43MEV__TRANS__JAERI_43MEV_BC501A_T050_FE040,47.91324679409628,7.464349641949488,5.8598,7.464349641949488,3.4,1.6290503909992737,9.628477387089111,-22.686753205903713,-0.3213421133980696,-32.13421133980696,-0.38763812729053815,-2.3562139987288675,source_normalization_systematic_sigma is shared/correlated across bins in this proton-energy source; do not treat these per-bin normalized residuals as independent chi-square contributions.
BC501A,43,50,20,34,35,58.4,8.9,JAERI_43MEV_BC501A_T050_FE040,JAERI_43MEV_PEAK_3.45E9_N_SR_UC,40.0,3.45,3450000000.0,N001_JAERI_TIARA_43MEV__TRANS__JAERI_43MEV_BC501A_T050_FE040,N001_JAERI_TIARA_43MEV__TRANS__JAERI_43MEV_BC501A_T050_FE040,35.980596945447864,5.639849008286332,5.1975999999999996,5.639849008286332,3.4,1.2233402961452273,7.766563208809996,-22.419403054552134,-0.3838938879204133,-38.38938879204133,-0.4843360704141859,-2.8866568714873395,source_normalization_systematic_sigma is shared/correlated across bins in this proton-energy source; do not treat these per-bin normalized residuals as independent chi-square contributions.
BC501A,43,50,20,33,34,55.5,8.7,JAERI_43MEV_BC501A_T050_FE040,JAERI_43MEV_PEAK_3.45E9_N_SR_UC,40.0,3.45,3450000000.0,N001_JAERI_TIARA_43MEV__TRANS__JAERI_43MEV_BC501A_T050_FE040,N001_JAERI_TIARA_43MEV__TRANS__JAERI_43MEV_BC501A_T050_FE040,45.859654586657264,6.653161141002956,4.8285,6.653161141002956,3.4,1.559228255946347,8.36720731022563,-9.640345413342736,-0.17369991735752677,-17.369991735752677,-0.19079727525990808,-1.152158068506465,source_normalization_systematic_sigma is shared/correlated across bins in this proton-energy source; do not treat these per-bin normalized residuals as independent chi-square contributions.
BC501A,43,50,20,32,33,54.6,7.7,JAERI_43MEV_BC501A_T050_FE040,JAERI_43MEV_PEAK_3.45E9_N_SR_UC,40.0,3.45,3450000000.0,N001_JAERI_TIARA_43MEV__TRANS__JAERI_43MEV_BC501A_T050_FE040,N001_JAERI_TIARA_43MEV__TRANS__JAERI_43MEV_BC501A_T050_FE040,33.67818741852574,5.546321648647052,4.2042,5.546321648647052,3.4,1.145058372229875,7.053236147050847,-20.921812581474263,-0.3831833806130817,-38.31833806130817,-0.4831835125646946,-2.9662713888038827,source_normalization_systematic_sigma is shared/correlated across bins in this proton-energy source; do not treat these per-bin normalized residuals as independent chi-square contributions.
BC501A,43,50,20,31,32,53.6,7.4,JAERI_43MEV_BC501A_T050_FE040,JAERI_43MEV_PEAK_3.45E9_N_SR_UC,40.0,3.45,3450000000.0,N001_JAERI_TIARA_43MEV__TRANS__JAERI_43MEV_BC501A_T050_FE040,N001_JAERI_TIARA_43MEV__TRANS__JAERI_43MEV_BC501A_T050_FE040,53.45802343167763,7.017276185172411,3.9664000000000006,7.017276185172411,3.4,1.8175727966770396,8.26305421077511,-0.14197656832237016,-0.0026488165731785476,-0.26488165731785474,-0.0026523308950321097,-0.01718209329151335,source_normalization_systematic_sigma is shared/correlated across bins in this proton-energy source; do not treat these per-bin normalized residuals as independent chi-square contributions.
BC501A,43,50,20,30,31,52.3,7.9,JAERI_43MEV_BC501A_T050_FE040,JAERI_43MEV_PEAK_3.45E9_N_SR_UC,40.0,3.45,3450000000.0,N001_JAERI_TIARA_43MEV__TRANS__JAERI_43MEV_BC501A_T050_FE040,N001_JAERI_TIARA_43MEV__TRANS__JAERI_43MEV_BC501A_T050_FE040,68.17923958998885,8.098012951566739,4.1317,8.098012951566739,3.4,2.318094146059621,9.38202105751946,15.879239589988856,0.30361834780093416,30.361834780093417,0.2651437425991088,1.6925180078616469,source_normalization_systematic_sigma is shared/correlated across bins in this proton-energy source; do not treat these per-bin normalized residuals as independent chi-square contributions.
BC501A,43,50,20,29,30,50.7,9.0,JAERI_43MEV_BC501A_T050_FE040,JAERI_43MEV_PEAK_3.45E9_N_SR_UC,40.0,3.45,3450000000.0,N001_JAERI_TIARA_43MEV__TRANS__JAERI_43MEV_BC501A_T050_FE040,N001_JAERI_TIARA_43MEV__TRANS__JAERI_43MEV_BC501A_T050_FE040,45.68250664253542,6.318630020829805,4.563,6.318630020829805,3.4,1.5532052258462041,7.947232273799956,-5.017493357464581,-0.09896436602494241,-9.89643660249424,-0.10421047279397042,-0.6313510395318388,source_normalization_systematic_sigma is shared/correlated across bins in this proton-energy source; do not treat these per-bin normalized residuals as independent chi-square contributions.
BC501A,43,50,20,28,29,49.1,10.8,JAERI_43MEV_BC501A_T050_FE040,JAERI_43MEV_PEAK_3.45E9_N_SR_UC,40.0,3.45,3450000000.0,N001_JAERI_TIARA_43MEV__TRANS__JAERI_43MEV_BC501A_T050_FE040,N001_JAERI_TIARA_43MEV__TRANS__JAERI_43MEV_BC501A_T050_FE040,60.40693775536492,7.22426884292556,5.302800000000001,7.22426884292556,3.4,2.0538358836824075,9.193910484226313,11.30693775536492,0.23028386467138331,23.028386467138333,0.20724492704340702,1.229829002007781,source_normalization_systematic_sigma is shared/correlated across bins in this proton-energy source; do not treat these per-bin normalized residuals as independent chi-square contributions.
BC501A,43,50,20,27,28,47.5,13.2,JAERI_43MEV_BC501A_T050_FE040,JAERI_43MEV_PEAK_3.45E9_N_SR_UC,40.0,3.45,3450000000.0,N001_JAERI_TIARA_43MEV__TRANS__JAERI_43MEV_BC501A_T050_FE040,N001_JAERI_TIARA_43MEV__TRANS__JAERI_43MEV_BC501A_T050_FE040,56.27018040492736,6.774077546147137,6.27,6.774077546147137,3.4,1.91318613376753,9.426627593347217,8.770180404927359,0.18463537694583915,18.463537694583916,0.16943502845822925,0.9303624565710922,source_normalization_systematic_sigma is shared/correlated across bins in this proton-energy source; do not treat these per-bin normalized residuals as independent chi-square contributions.
BC501A,43,50,20,26,27,46.0,15.9,JAERI_43MEV_BC501A_T050_FE040,JAERI_43MEV_PEAK_3.45E9_N_SR_UC,40.0,3.45,3450000000.0,N001_JAERI_TIARA_43MEV__TRANS__JAERI_43MEV_BC501A_T050_FE040,N001_JAERI_TIARA_43MEV__TRANS__JAERI_43MEV_BC501A_T050_FE040,59.53168124719927,6.8578708165979325,7.314,6.8578708165979325,3.4,2.024077162404775,10.228483587341486,13.531681247199273,0.2941669836347668,29.41669836347668,0.25786723229318376,1.3229410920642959,source_normalization_systematic_sigma is shared/correlated across bins in this proton-energy source; do not treat these per-bin normalized residuals as independent chi-square contributions.
BC501A,43,50,20,25,26,44.4,18.1,JAERI_43MEV_BC501A_T050_FE040,JAERI_43MEV_PEAK_3.45E9_N_SR_UC,40.0,3.45,3450000000.0,N001_JAERI_TIARA_43MEV__TRANS__JAERI_43MEV_BC501A_T050_FE040,N001_JAERI_TIARA_43MEV__TRANS__JAERI_43MEV_BC501A_T050_FE040,49.35473290009489,5.8932885123661976,8.0364,5.8932885123661976,3.4,1.6780609186032263,10.10596175020126,4.954732900094889,0.11159308333547048,11.159308333547049,0.1057941966065713,0.49027821622184703,source_normalization_systematic_sigma is shared/correlated across bins in this proton-energy source; do not treat these per-bin normalized residuals as independent chi-square contributions.
BC501A,43,50,20,24,25,42.7,19.1,JAERI_43MEV_BC501A_T050_FE040,JAERI_43MEV_PEAK_3.45E9_N_SR_UC,40.0,3.45,3450000000.0,N001_JAERI_TIARA_43MEV__TRANS__JAERI_43MEV_BC501A_T050_FE040,N001_JAERI_TIARA_43MEV__TRANS__JAERI_43MEV_BC501A_T050_FE040,41.442611259785934,5.40258465882714,8.155700000000001,5.40258465882714,3.4,1.4090487828327218,9.88376355232139,-1.2573887402140684,-0.029447043096348206,-2.9447043096348207,-0.029889311242866222,-0.12721760628508225,source_normalization_systematic_sigma is shared/correlated across bins in this proton-energy source; do not treat these per-bin normalized residuals as independent chi-square contributions.
BC501A,43,50,20,23,24,40.6,18.2,JAERI_43MEV_BC501A_T050_FE040,JAERI_43MEV_PEAK_3.45E9_N_SR_UC,40.0,3.45,3450000000.0,N001_JAERI_TIARA_43MEV__TRANS__JAERI_43MEV_BC501A_T050_FE040,N001_JAERI_TIARA_43MEV__TRANS__JAERI_43MEV_BC501A_T050_FE040,49.03042346901575,6.029307218228907,7.3892,6.029307218228907,3.4,1.6670343979465354,9.681519811255058,8.43042346901575,0.20764589825161944,20.764589825161945,0.18867292595504742,0.8707747991400203,source_normalization_systematic_sigma is shared/correlated across bins in this proton-energy source; do not treat these per-bin normalized residuals as independent chi-square contributions.
BC501A,43,50,20,22,23,38.3,15.1,JAERI_43MEV_BC501A_T050_FE040,JAERI_43MEV_PEAK_3.45E9_N_SR_UC,40.0,3.45,3450000000.0,N001_JAERI_TIARA_43MEV__TRANS__JAERI_43MEV_BC501A_T050_FE040,N001_JAERI_TIARA_43MEV__TRANS__JAERI_43MEV_BC501A_T050_FE040,41.4340264416364,5.163204277543592,5.7833,5.163204277543592,3.4,1.4087568990156376,7.879710229581327,3.1340264416364008,0.08182836662236034,8.182836662236035,0.07865254179966763,0.39773371739875785,source_normalization_systematic_sigma is shared/correlated across bins in this proton-energy source; do not treat these per-bin normalized residuals as independent chi-square contributions.
BC501A,43,50,20,21,22,35.8,9.9,JAERI_43MEV_BC501A_T050_FE040,JAERI_43MEV_PEAK_3.45E9_N_SR_UC,40.0,3.45,3450000000.0,N001_JAERI_TIARA_43MEV__TRANS__JAERI_43MEV_BC501A_T050_FE040,N001_JAERI_TIARA_43MEV__TRANS__JAERI_43MEV_BC501A_T050_FE040,41.371174071956645,5.137657111670493,3.5441999999999996,5.137657111670493,3.4,1.406619918446526,6.39808204324303,5.571174071956648,0.15561938748482257,15.561938748482257,0.1446364664550389,0.8707568978175774,source_normalization_systematic_sigma is shared/correlated across bins in this proton-energy source; do not treat these per-bin normalized residuals as independent chi-square contributions.
BC501A,43,50,20,20,21,33.1,4.9,JAERI_43MEV_BC501A_T050_FE040,JAERI_43MEV_PEAK_3.45E9_N_SR_UC,40.0,3.45,3450000000.0,N001_JAERI_TIARA_43MEV__TRANS__JAERI_43MEV_BC501A_T050_FE040,N001_JAERI_TIARA_43MEV__TRANS__JAERI_43MEV_BC501A_T050_FE040,34.25900835099671,4.347642262565295,1.6219000000000003,4.347642262565295,3.4,1.1648062839338882,4.784279102679499,1.1590083509967073,0.0350153580361543,3.50153580361543,0.03441626528951492,0.24225349861959125,source_normalization_systematic_sigma is shared/correlated across bins in this proton-energy source; do not treat these per-bin normalized residuals as independent chi-square contributions.
BC501A,43,50,20,19,20,30.6,7.8,JAERI_43MEV_BC501A_T050_FE040,JAERI_43MEV_PEAK_3.45E9_N_SR_UC,40.0,3.45,3450000000.0,N001_JAERI_TIARA_43MEV__TRANS__JAERI_43MEV_BC501A_T050_FE040,N001_JAERI_TIARA_43MEV__TRANS__JAERI_43MEV_BC501A_T050_FE040,38.780096101066064,4.613888559938357,2.3868,4.613888559938357,3.4,1.3185232674362461,5.359410927546124,8.180096101066063,0.26732340199562293,26.732340199562294,0.23690711896207547,1.5263050756235679,source_normalization_systematic_sigma is shared/correlated across bins in this proton-energy source; do not treat these per-bin normalized residuals as independent chi-square contributions.
BC501A,43,50,20,18,19,28.4,11.9,JAERI_43MEV_BC501A_T050_FE040,JAERI_43MEV_PEAK_3.45E9_N_SR_UC,40.0,3.45,3450000000.0,N001_JAERI_TIARA_43MEV__TRANS__JAERI_43MEV_BC501A_T050_FE040,N001_JAERI_TIARA_43MEV__TRANS__JAERI_43MEV_BC501A_T050_FE040,37.62503889907192,4.4430519496687895,3.3796,4.4430519496687895,3.4,1.2792513225684452,5.727031581347247,9.225038899071919,0.3248253133476028,32.48253133476028,0.28128061176372166,1.6107888996312796,source_normalization_systematic_sigma is shared/correlated across bins in this proton-energy source; do not treat these per-bin normalized residuals as independent chi-square contributions.
BC501A,43,50,20,17,18,26.7,12.2,JAERI_43MEV_BC501A_T050_FE040,JAERI_43MEV_PEAK_3.45E9_N_SR_UC,40.0,3.45,3450000000.0,N001_JAERI_TIARA_43MEV__TRANS__JAERI_43MEV_BC501A_T050_FE040,N001_JAERI_TIARA_43MEV__TRANS__JAERI_43MEV_BC501A_T050_FE040,33.30880144970693,3.8868472740559454,3.2573999999999996,3.8868472740559454,3.4,1.1324992492900354,5.196228540150887,6.608801449706927,0.24752065354707595,24.752065354707593,0.22115810445604836,1.2718458009768412,source_normalization_systematic_sigma is shared/correlated across bins in this proton-energy source; do not treat these per-bin normalized residuals as independent chi-square contributions.
BC501A,43,50,20,16,17,25.4,8.9,JAERI_43MEV_BC501A_T050_FE040,JAERI_43MEV_PEAK_3.45E9_N_SR_UC,40.0,3.45,3450000000.0,N001_JAERI_TIARA_43MEV__TRANS__JAERI_43MEV_BC501A_T050_FE040,N001_JAERI_TIARA_43MEV__TRANS__JAERI_43MEV_BC501A_T050_FE040,22.871628212135786,3.175028485979957,2.2606,3.175028485979957,3.4,0.7776353592126166,3.974397438440438,-2.528371787864213,-0.0995421963726068,-9.95421963726068,-0.10485197428980644,-0.6361648091380492,source_normalization_systematic_sigma is shared/correlated across bins in this proton-energy source; do not treat these per-bin normalized residuals as independent chi-square contributions.
BC501A,43,50,20,15,16,24.2,5.8,JAERI_43MEV_BC501A_T050_FE040,JAERI_43MEV_PEAK_3.45E9_N_SR_UC,40.0,3.45,3450000000.0,N001_JAERI_TIARA_43MEV__TRANS__JAERI_43MEV_BC501A_T050_FE040,N001_JAERI_TIARA_43MEV__TRANS__JAERI_43MEV_BC501A_T050_FE040,20.84132999428882,2.8471857880595546,1.4036,2.8471857880595546,3.4,0.7086052198058199,3.252488467199286,-3.358670005711179,-0.13878801676492475,-13.878801676492476,-0.1494145990101535,-1.0326462459691137,source_normalization_systematic_sigma is shared/correlated across bins in this proton-energy source; do not treat these per-bin normalized residuals as independent chi-square contributions.
BC501A,43,50,20,14,15,23.1,5.2,JAERI_43MEV_BC501A_T050_FE040,JAERI_43MEV_PEAK_3.45E9_N_SR_UC,40.0,3.45,3450000000.0,N001_JAERI_TIARA_43MEV__TRANS__JAERI_43MEV_BC501A_T050_FE040,N001_JAERI_TIARA_43MEV__TRANS__JAERI_43MEV_BC501A_T050_FE040,22.662800326681207,2.9700825948550995,1.2012,2.9700825948550995,3.4,0.770535211107161,3.2951474279335606,-0.43719967331879417,-0.018926392784363383,-1.8926392784363384,-0.019107789392007853,-0.13267985207962882,source_normalization_systematic_sigma is shared/correlated across bins in this proton-energy source; do not treat these per-bin normalized residuals as independent chi-square contributions.
BC501A,43,50,20,13,14,22.0,6.8,JAERI_43MEV_BC501A_T050_FE040,JAERI_43MEV_PEAK_3.45E9_N_SR_UC,40.0,3.45,3450000000.0,N001_JAERI_TIARA_43MEV__TRANS__JAERI_43MEV_BC501A_T050_FE040,N001_JAERI_TIARA_43MEV__TRANS__JAERI_43MEV_BC501A_T050_FE040,23.731044409255983,2.7838833249293176,1.496,2.7838833249293176,3.4,0.8068555099147033,3.26175385041533,1.7310444092559827,0.07868383678436285,7.868383678436285,0.07574162831031234,0.5307097005605016,source_normalization_systematic_sigma is shared/correlated across bins in this proton-energy source; do not treat these per-bin normalized residuals as independent chi-square contributions.
BC501A,43,50,20,12,13,20.9,10.7,JAERI_43MEV_BC501A_T050_FE040,JAERI_43MEV_PEAK_3.45E9_N_SR_UC,40.0,3.45,3450000000.0,N001_JAERI_TIARA_43MEV__TRANS__JAERI_43MEV_BC501A_T050_FE040,N001_JAERI_TIARA_43MEV__TRANS__JAERI_43MEV_BC501A_T050_FE040,21.18149899103603,2.674751358232468,2.2362999999999995,2.674751358232468,3.4,0.720170965695225,3.5600531931695656,0.28149899103603104,0.013468851245743114,1.3468851245743114,0.013378952590305148,0.07907156881142231,source_normalization_systematic_sigma is shared/correlated across bins in this proton-energy source; do not treat these per-bin normalized residuals as independent chi-square contributions.
BC501A,43,50,20,11,12,19.9,14.0,JAERI_43MEV_BC501A_T050_FE040,JAERI_43MEV_PEAK_3.45E9_N_SR_UC,40.0,3.45,3450000000.0,N001_JAERI_TIARA_43MEV__TRANS__JAERI_43MEV_BC501A_T050_FE040,N001_JAERI_TIARA_43MEV__TRANS__JAERI_43MEV_BC501A_T050_FE040,21.576253944281937,2.5384543554466594,2.7859999999999996,2.5384543554466594,3.4,0.7335926341055858,3.839753203983309,1.6762539442819389,0.0842338665468311,8.42338665468311,0.08087362379494657,0.43655252179827997,source_normalization_systematic_sigma is shared/correlated across bins in this proton-energy source; do not treat these per-bin normalized residuals as independent chi-square contributions.
BC501A,43,50,20,10,11,19.2,14.7,JAERI_43MEV_BC501A_T050_FE040,JAERI_43MEV_PEAK_3.45E9_N_SR_UC,40.0,3.45,3450000000.0,N001_JAERI_TIARA_43MEV__TRANS__JAERI_43MEV_BC501A_T050_FE040,N001_JAERI_TIARA_43MEV__TRANS__JAERI_43MEV_BC501A_T050_FE040,21.289626698378715,2.486319166951536,2.8223999999999996,2.486319166951536,3.4,0.7238473077448764,3.830362865954097,2.0896266983787157,0.10883472387389145,10.883472387389146,0.10330966558822888,0.5455427518244319,source_normalization_systematic_sigma is shared/correlated across bins in this proton-energy source; do not treat these per-bin normalized residuals as independent chi-square contributions.
BC501A,43,50,20,9,10,19.0,11.9,JAERI_43MEV_BC501A_T050_FE040,JAERI_43MEV_PEAK_3.45E9_N_SR_UC,40.0,3.45,3450000000.0,N001_JAERI_TIARA_43MEV__TRANS__JAERI_43MEV_BC501A_T050_FE040,N001_JAERI_TIARA_43MEV__TRANS__JAERI_43MEV_BC501A_T050_FE040,16.10259772013547,1.901495871660172,2.261,1.901495871660172,3.4,0.547488322484606,3.004588326742565,-2.8974022798645294,-0.15249485683497524,-15.249485683497523,-0.16545837111464812,-0.9643258792147935,source_normalization_systematic_sigma is shared/correlated across bins in this proton-energy source; do not treat these per-bin normalized residuals as independent chi-square contributions.
BC501A,43,50,20,8,9,19.4,4.6,JAERI_43MEV_BC501A_T050_FE040,JAERI_43MEV_PEAK_3.45E9_N_SR_UC,40.0,3.45,3450000000.0,N001_JAERI_TIARA_43MEV__TRANS__JAERI_43MEV_BC501A_T050_FE040,N001_JAERI_TIARA_43MEV__TRANS__JAERI_43MEV_BC501A_T050_FE040,16.347695732407313,1.8306507949512567,0.8923999999999999,1.8306507949512567,3.4,0.5558216549018486,2.1110655615384135,-3.0523042675926852,-0.15733527152539617,-15.733527152539617,-0.1711861124558387,-1.4458595333099724,source_normalization_systematic_sigma is shared/correlated across bins in this proton-energy source; do not treat these per-bin normalized residuals as independent chi-square contributions.
BC501A,43,50,20,7,8,20.2,18.6,JAERI_43MEV_BC501A_T050_FE040,JAERI_43MEV_PEAK_3.45E9_N_SR_UC,40.0,3.45,3450000000.0,N001_JAERI_TIARA_43MEV__TRANS__JAERI_43MEV_BC501A_T050_FE040,N001_JAERI_TIARA_43MEV__TRANS__JAERI_43MEV_BC501A_T050_FE040,20.651046647003287,1.9740034312675687,3.7572,1.9740034312675687,3.4,0.7021355859981118,4.30188746572723,0.4510466470032881,0.022329041930855848,2.232904193085585,0.02208339880034226,0.10484854627108176,source_normalization_systematic_sigma is shared/correlated across bins in this proton-energy source; do not treat these per-bin normalized residuals as independent chi-square contributions.
BC501A,43,50,20,6,7,19.5,42.0,JAERI_43MEV_BC501A_T050_FE040,JAERI_43MEV_PEAK_3.45E9_N_SR_UC,40.0,3.45,3450000000.0,N001_JAERI_TIARA_43MEV__TRANS__JAERI_43MEV_BC501A_T050_FE040,N001_JAERI_TIARA_43MEV__TRANS__JAERI_43MEV_BC501A_T050_FE040,28.023099265516624,2.1422837888403383,8.19,2.1422837888403383,3.4,0.9527853750275652,8.5189952343451,8.523099265516624,0.4370820136162371,43.70820136162371,0.3626146782701327,1.0004817506124406,source_normalization_systematic_sigma is shared/correlated across bins in this proton-energy source; do not treat these per-bin normalized residuals as independent chi-square contributions.
BC501A,43,50,40,43,44,11.5,20.5,JAERI_43MEV_BC501A_T050_FE040,JAERI_43MEV_PEAK_3.45E9_N_SR_UC,40.0,3.45,3450000000.0,N001_JAERI_TIARA_43MEV__TRANS__JAERI_43MEV_BC501A_T050_FE040,N001_JAERI_TIARA_43MEV__TRANS__JAERI_43MEV_BC501A_T050_FE040,0.0,0.0,2.3575,0.0,3.4,0.0,2.3575,-11.5,-1.0,-100.0,,-4.878048780487805,source_normalization_systematic_sigma is shared/correlated across bins in this proton-energy source; do not treat these per-bin normalized residuals as independent chi-square contributions.
BC501A,43,50,40,42,43,22.4,21.3,JAERI_43MEV_BC501A_T050_FE040,JAERI_43MEV_PEAK_3.45E9_N_SR_UC,40.0,3.45,3450000000.0,N001_JAERI_TIARA_43MEV__TRANS__JAERI_43MEV_BC501A_T050_FE040,N001_JAERI_TIARA_43MEV__TRANS__JAERI_43MEV_BC501A_T050_FE040,0.0,0.0,4.7712,0.0,3.4,0.0,4.7712,-22.4,-1.0,-100.0,,-4.694835680751173,source_normalization_systematic_sigma is shared/correlated across bins in this proton-energy source; do not treat these per-bin normalized residuals as independent chi-square contributions.
BC501A,43,50,40,41,42,33.4,15.5,JAERI_43MEV_BC501A_T050_FE040,JAERI_43MEV_PEAK_3.45E9_N_SR_UC,40.0,3.45,3450000000.0,N001_JAERI_TIARA_43MEV__TRANS__JAERI_43MEV_BC501A_T050_FE040,N001_JAERI_TIARA_43MEV__TRANS__JAERI_43MEV_BC501A_T050_FE040,6.218859882488295,2.6555831192134143,5.177,2.6555831192134143,3.4,0.21144123600460202,5.822212474595409,-27.181140117511703,-0.8138065903446617,-81.38065903446618,-1.680969308668137,-4.668524248490355,source_normalization_systematic_sigma is shared/correlated across bins in this proton-energy source; do not treat these per-bin normalized residuals as independent chi-square contributions.
BC501A,43,50,40,40,41,40.1,7.0,JAERI_43MEV_BC501A_T050_FE040,JAERI_43MEV_PEAK_3.45E9_N_SR_UC,40.0,3.45,3450000000.0,N001_JAERI_TIARA_43MEV__TRANS__JAERI_43MEV_BC501A_T050_FE040,N001_JAERI_TIARA_43MEV__TRANS__JAERI_43MEV_BC501A_T050_FE040,43.13360079514423,6.874634815333833,2.807,6.874634815333833,3.4,1.466542427034904,7.569055392484155,3.033600795144231,0.07565089264698831,7.56508926469883,0.07292595988172329,0.4007898790325284,source_normalization_systematic_sigma is shared/correlated across bins in this proton-energy source; do not treat these per-bin normalized residuals as independent chi-square contributions.
BC501A,43,50,40,39,40,40.1,7.7,JAERI_43MEV_BC501A_T050_FE040,JAERI_43MEV_PEAK_3.45E9_N_SR_UC,40.0,3.45,3450000000.0,N001_JAERI_TIARA_43MEV__TRANS__JAERI_43MEV_BC501A_T050_FE040,N001_JAERI_TIARA_43MEV__TRANS__JAERI_43MEV_BC501A_T050_FE040,66.11992258532577,8.965376768069836,3.0877000000000003,8.965376768069836,3.4,2.248077367901076,9.745035850909701,26.019922585325766,0.6488758749457797,64.88758749457797,0.5000937678187701,2.670069457250565,source_normalization_systematic_sigma is shared/correlated across bins in this proton-energy source; do not treat these per-bin normalized residuals as independent chi-square contributions.
BC501A,43,50,40,38,39,33.9,14.2,JAERI_43MEV_BC501A_T050_FE040,JAERI_43MEV_PEAK_3.45E9_N_SR_UC,40.0,3.45,3450000000.0,N001_JAERI_TIARA_43MEV__TRANS__JAERI_43MEV_BC501A_T050_FE040,N001_JAERI_TIARA_43MEV__TRANS__JAERI_43MEV_BC501A_T050_FE040,52.58207096182106,7.702730118454053,4.8138,7.702730118454053,3.4,1.7877904127019162,9.257478937458517,18.68207096182106,0.5510935386967865,55.10935386967864,0.43896019101342454,2.0180516842687957,source_normalization_systematic_sigma is shared/correlated across bins in this proton-energy source; do not treat these per-bin normalized residuals as independent chi-square contributions.
BC501A,43,50,40,37,38,24.7,15.8,JAERI_43MEV_BC501A_T050_FE040,JAERI_43MEV_PEAK_3.45E9_N_SR_UC,40.0,3.45,3450000000.0,N001_JAERI_TIARA_43MEV__TRANS__JAERI_43MEV_BC501A_T050_FE040,N001_JAERI_TIARA_43MEV__TRANS__JAERI_43MEV_BC501A_T050_FE040,36.94352207512945,6.266299755445004,3.9026,6.266299755445004,3.4,1.2560797505544015,7.488293245115534,12.243522075129452,0.4956891528392491,49.56891528392491,0.402587072426619,1.6350217164793406,source_normalization_systematic_sigma is shared/correlated across bins in this proton-energy source; do not treat these per-bin normalized residuals as independent chi-square contributions.
BC501A,43,50,40,36,37,16.9,10.7,JAERI_43MEV_BC501A_T050_FE040,JAERI_43MEV_PEAK_3.45E9_N_SR_UC,40.0,3.45,3450000000.0,N001_JAERI_TIARA_43MEV__TRANS__JAERI_43MEV_BC501A_T050_FE040,N001_JAERI_TIARA_43MEV__TRANS__JAERI_43MEV_BC501A_T050_FE040,25.02068523682172,4.744591085649283,1.8082999999999998,4.744591085649283,3.4,0.8507032980519385,5.148280252796956,8.120685236821721,0.4805139193385634,48.051391933856344,0.3923892702975235,1.5773588146080273,source_normalization_systematic_sigma is shared/correlated across bins in this proton-energy source; do not treat these per-bin normalized residuals as independent chi-square contributions.
BC501A,43,50,40,35,36,12.8,6.3,JAERI_43MEV_BC501A_T050_FE040,JAERI_43MEV_PEAK_3.45E9_N_SR_UC,40.0,3.45,3450000000.0,N001_JAERI_TIARA_43MEV__TRANS__JAERI_43MEV_BC501A_T050_FE040,N001_JAERI_TIARA_43MEV__TRANS__JAERI_43MEV_BC501A_T050_FE040,18.848446632768887,4.571146291357732,0.8064,4.571146291357732,3.4,0.6408471855141421,4.685759756130797,6.048446632768886,0.47253489318506925,47.25348931850692,0.38698533282316433,1.290814499154628,source_normalization_systematic_sigma is shared/correlated across bins in this proton-energy source; do not treat these per-bin normalized residuals as independent chi-square contributions.
BC501A,43,50,40,34,35,11.4,8.1,JAERI_43MEV_BC501A_T050_FE040,JAERI_43MEV_PEAK_3.45E9_N_SR_UC,40.0,3.45,3450000000.0,N001_JAERI_TIARA_43MEV__TRANS__JAERI_43MEV_BC501A_T050_FE040,N001_JAERI_TIARA_43MEV__TRANS__JAERI_43MEV_BC501A_T050_FE040,8.995405017052708,2.881342699562845,0.9234,2.881342699562845,3.4,0.30584377057979206,3.04110896291576,-2.404594982947293,-0.21092938446906076,-21.092938446906075,-0.2368994621019391,-0.7906967531481709,source_normalization_systematic_sigma is shared/correlated across bins in this proton-energy source; do not treat these per-bin normalized residuals as independent chi-square contributions.
BC501A,43,50,40,33,34,11.0,7.9,JAERI_43MEV_BC501A_T050_FE040,JAERI_43MEV_PEAK_3.45E9_N_SR_UC,40.0,3.45,3450000000.0,N001_JAERI_TIARA_43MEV__TRANS__JAERI_43MEV_BC501A_T050_FE040,N001_JAERI_TIARA_43MEV__TRANS__JAERI_43MEV_BC501A_T050_FE040,11.73105238876292,3.137736869630785,0.8690000000000001,3.137736869630785,3.4,0.39885578121793924,3.2801889575528067,0.7310523887629206,0.06645930806935642,6.645930806935642,0.06434410355471935,0.22286898658067675,source_normalization_systematic_sigma is shared/correlated across bins in this proton-energy source; do not treat these per-bin normalized residuals as independent chi-square contributions.
BC501A,43,50,40,32,33,10.6,7.2,JAERI_43MEV_BC501A_T050_FE040,JAERI_43MEV_PEAK_3.45E9_N_SR_UC,40.0,3.45,3450000000.0,N001_JAERI_TIARA_43MEV__TRANS__JAERI_43MEV_BC501A_T050_FE040,N001_JAERI_TIARA_43MEV__TRANS__JAERI_43MEV_BC501A_T050_FE040,6.280484277759068,2.500826223015322,0.7631999999999999,2.500826223015322,3.4,0.2135364654438083,2.6233954829181427,-4.319515722240932,-0.40750148323027663,-40.750148323027666,-0.5234069093182231,-1.646536235335781,source_normalization_systematic_sigma is shared/correlated across bins in this proton-energy source; do not treat these per-bin normalized residuals as independent chi-square contributions.
BC501A,43,50,40,31,32,10.3,6.9,JAERI_43MEV_BC501A_T050_FE040,JAERI_43MEV_PEAK_3.45E9_N_SR_UC,40.0,3.45,3450000000.0,N001_JAERI_TIARA_43MEV__TRANS__JAERI_43MEV_BC501A_T050_FE040,N001_JAERI_TIARA_43MEV__TRANS__JAERI_43MEV_BC501A_T050_FE040,10.868861743041604,3.267903205096773,0.7107000000000001,3.267903205096773,3.4,0.3695412992634145,3.364646581699637,0.5688617430416034,0.055229295440932365,5.522929544093237,0.05375808496292788,0.16907028100236468,source_normalization_systematic_sigma is shared/correlated across bins in this proton-energy source; do not treat these per-bin normalized residuals as independent chi-square contributions.
BC501A,43,50,40,30,31,9.85,7.2,JAERI_43MEV_BC501A_T050_FE040,JAERI_43MEV_PEAK_3.45E9_N_SR_UC,40.0,3.45,3450000000.0,N001_JAERI_TIARA_43MEV__TRANS__JAERI_43MEV_BC501A_T050_FE040,N001_JAERI_TIARA_43MEV__TRANS__JAERI_43MEV_BC501A_T050_FE040,8.648754650724353,2.5194962219507127,0.7092,2.5194962219507127,3.4,0.294057658124628,2.6338746664800996,-1.2012453492756467,-0.12195384256605551,-12.195384256605552,-0.1300561156195565,-0.4560753647708631,source_normalization_systematic_sigma is shared/correlated across bins in this proton-energy source; do not treat these per-bin normalized residuals as independent chi-square contributions.
BC501A,43,50,40,29,30,9.36,8.1,JAERI_43MEV_BC501A_T050_FE040,JAERI_43MEV_PEAK_3.45E9_N_SR_UC,40.0,3.45,3450000000.0,N001_JAERI_TIARA_43MEV__TRANS__JAERI_43MEV_BC501A_T050_FE040,N001_JAERI_TIARA_43MEV__TRANS__JAERI_43MEV_BC501A_T050_FE040,4.996480712700229,1.8092035977977867,0.7581599999999998,1.8092035977977867,3.4,0.16988034423180778,1.9689803389675513,-4.363519287299771,-0.46618795804484736,-46.61879580448473,-0.6277114833393118,-2.216131467106377,source_normalization_systematic_sigma is shared/correlated across bins in this proton-energy source; do not treat these per-bin normalized residuals as independent chi-square contributions.
BC501A,43,50,40,28,29,8.81,9.6,JAERI_43MEV_BC501A_T050_FE040,JAERI_43MEV_PEAK_3.45E9_N_SR_UC,40.0,3.45,3450000000.0,N001_JAERI_TIARA_43MEV__TRANS__JAERI_43MEV_BC501A_T050_FE040,N001_JAERI_TIARA_43MEV__TRANS__JAERI_43MEV_BC501A_T050_FE040,9.078267724286128,2.806273009677547,0.8457600000000001,2.806273009677547,3.4,0.3086611026257284,2.9471596255918695,0.2682677242861278,0.030450365980264217,3.045036598026422,0.029995955200792804,0.09102585484566426,source_normalization_systematic_sigma is shared/correlated across bins in this proton-energy source; do not treat these per-bin normalized residuals as independent chi-square contributions.
BC501A,43,50,40,27,28,8.21,12.1,JAERI_43MEV_BC501A_T050_FE040,JAERI_43MEV_PEAK_3.45E9_N_SR_UC,40.0,3.45,3450000000.0,N001_JAERI_TIARA_43MEV__TRANS__JAERI_43MEV_BC501A_T050_FE040,N001_JAERI_TIARA_43MEV__TRANS__JAERI_43MEV_BC501A_T050_FE040,12.445090104576586,2.9972985190427024,0.9934100000000001,2.9972985190427024,3.4,0.4231330635556039,3.1858599199948396,4.235090104576585,0.5158453233345414,51.584532333454135,0.4159732525521167,1.3293397107627523,source_normalization_systematic_sigma is shared/correlated across bins in this proton-energy source; do not treat these per-bin normalized residuals as independent chi-square contributions.
BC501A,43,50,40,26,27,7.61,15.1,JAERI_43MEV_BC501A_T050_FE040,JAERI_43MEV_PEAK_3.45E9_N_SR_UC,40.0,3.45,3450000000.0,N001_JAERI_TIARA_43MEV__TRANS__JAERI_43MEV_BC501A_T050_FE040,N001_JAERI_TIARA_43MEV__TRANS__JAERI_43MEV_BC501A_T050_FE040,8.988214516535118,2.374055142123346,1.14911,2.374055142123346,3.4,0.305599293562194,2.655180321215117,1.3782145165351176,0.1811057183357579,18.11057183357579,0.16645104915790232,0.5190662590872139,source_normalization_systematic_sigma is shared/correlated across bins in this proton-energy source; do not treat these per-bin normalized residuals as independent chi-square contributions.
BC501A,43,50,40,25,26,7.1,17.8,JAERI_43MEV_BC501A_T050_FE040,JAERI_43MEV_PEAK_3.45E9_N_SR_UC,40.0,3.45,3450000000.0,N001_JAERI_TIARA_43MEV__TRANS__JAERI_43MEV_BC501A_T050_FE040,N001_JAERI_TIARA_43MEV__TRANS__JAERI_43MEV_BC501A_T050_FE040,9.03760618264919,2.4841535258716334,1.2638,2.4841535258716334,3.4,0.30727861021007247,2.8040380390417496,1.9376061826491906,0.2729022792463649,27.29022792463649,0.24129955248606916,0.6910056695633655,source_normalization_systematic_sigma is shared/correlated across bins in this proton-energy source; do not treat these per-bin normalized residuals as independent chi-square contributions.
BC501A,43,50,40,24,25,6.77,19.0,JAERI_43MEV_BC501A_T050_FE040,JAERI_43MEV_PEAK_3.45E9_N_SR_UC,40.0,3.45,3450000000.0,N001_JAERI_TIARA_43MEV__TRANS__JAERI_43MEV_BC501A_T050_FE040,N001_JAERI_TIARA_43MEV__TRANS__JAERI_43MEV_BC501A_T050_FE040,8.221522076566542,2.4724159843455373,1.2863,2.4724159843455373,3.4,0.2795317506032624,2.8009902693944935,1.4515220765665422,0.2144050334662544,21.44050334662544,0.19425427246804186,0.5182174648826346,source_normalization_systematic_sigma is shared/correlated across bins in this proton-energy source; do not treat these per-bin normalized residuals as independent chi-square contributions.
BC501A,43,50,40,23,24,6.66,17.5,JAERI_43MEV_BC501A_T050_FE040,JAERI_43MEV_PEAK_3.45E9_N_SR_UC,40.0,3.45,3450000000.0,N001_JAERI_TIARA_43MEV__TRANS__JAERI_43MEV_BC501A_T050_FE040,N001_JAERI_TIARA_43MEV__TRANS__JAERI_43MEV_BC501A_T050_FE040,4.363897465751227,1.6143468904591969,1.1655,1.6143468904591969,3.4,0.1483725138355417,1.9966272901062823,-2.2961025342487735,-0.3447601402775936,-34.47601402775936,-0.42275391233155074,-1.1499905593930602,source_normalization_systematic_sigma is shared/correlated across bins in this proton-energy source; do not treat these per-bin normalized residuals as independent chi-square contributions.
BC501A,43,50,40,22,23,6.77,13.6,JAERI_43MEV_BC501A_T050_FE040,JAERI_43MEV_PEAK_3.45E9_N_SR_UC,40.0,3.45,3450000000.0,N001_JAERI_TIARA_43MEV__TRANS__JAERI_43MEV_BC501A_T050_FE040,N001_JAERI_TIARA_43MEV__TRANS__JAERI_43MEV_BC501A_T050_FE040,9.539264223187308,2.306823088584577,0.9207199999999999,2.306823088584577,3.4,0.32433498358836843,2.5048655177486383,2.7692642231873084,0.4090493682699126,40.90493682699126,0.3429152701096268,1.1055540521298366,source_normalization_systematic_sigma is shared/correlated across bins in this proton-energy source; do not treat these per-bin normalized residuals as independent chi-square contributions.
BC501A,43,50,40,21,22,7.03,8.3,JAERI_43MEV_BC501A_T050_FE040,JAERI_43MEV_PEAK_3.45E9_N_SR_UC,40.0,3.45,3450000000.0,N001_JAERI_TIARA_43MEV__TRANS__JAERI_43MEV_BC501A_T050_FE040,N001_JAERI_TIARA_43MEV__TRANS__JAERI_43MEV_BC501A_T050_FE040,10.855876761001968,2.649144849713569,0.5834900000000001,2.649144849713569,3.4,0.36909980987406693,2.737638340707735,3.8258767610019673,0.5442214453772357,54.42214453772357,0.4345198644902495,1.3975099282153174,source_normalization_systematic_sigma is shared/correlated across bins in this proton-energy source; do not treat these per-bin normalized residuals as independent chi-square contributions.
BC501A,43,50,40,20,21,7.33,4.7,JAERI_43MEV_BC501A_T050_FE040,JAERI_43MEV_PEAK_3.45E9_N_SR_UC,40.0,3.45,3450000000.0,N001_JAERI_TIARA_43MEV__TRANS__JAERI_43MEV_BC501A_T050_FE040,N001_JAERI_TIARA_43MEV__TRANS__JAERI_43MEV_BC501A_T050_FE040,5.825750565492912,1.681733960033537,0.34451,1.681733960033537,3.4,0.19807551922675903,1.7280480791190482,-1.5042494345070878,-0.20521820388909792,-20.52182038890979,-0.229687672302424,-0.8704904988951163,source_normalization_systematic_sigma is shared/correlated across bins in this proton-energy source; do not treat these per-bin normalized residuals as independent chi-square contributions.
BC501A,43,50,40,19,20,7.5,5.9,JAERI_43MEV_BC501A_T050_FE040,JAERI_43MEV_PEAK_3.45E9_N_SR_UC,40.0,3.45,3450000000.0,N001_JAERI_TIARA_43MEV__TRANS__JAERI_43MEV_BC501A_T050_FE040,N001_JAERI_TIARA_43MEV__TRANS__JAERI_43MEV_BC501A_T050_FE040,8.162279784693139,2.0487245677976804,0.4425,2.0487245677976804,3.4,0.2775175126795667,2.114259817179915,0.6622797846931388,0.0883039712924185,8.83039712924185,0.08462049479198473,0.313244275519796,source_normalization_systematic_sigma is shared/correlated across bins in this proton-energy source; do not treat these per-bin normalized residuals as independent chi-square contributions.
BC501A,43,50,40,18,19,7.4,7.7,JAERI_43MEV_BC501A_T050_FE040,JAERI_43MEV_PEAK_3.45E9_N_SR_UC,40.0,3.45,3450000000.0,N001_JAERI_TIARA_43MEV__TRANS__JAERI_43MEV_BC501A_T050_FE040,N001_JAERI_TIARA_43MEV__TRANS__JAERI_43MEV_BC501A_T050_FE040,11.539314615422557,2.402647548889256,0.5698000000000001,2.402647548889256,3.4,0.3923366969243669,2.5002630597473283,4.139314615422556,0.559366839921967,55.9366839921967,0.4442798670282821,1.655551642570309,source_normalization_systematic_sigma is shared/correlated across bins in this proton-energy source; do not treat these per-bin normalized residuals as independent chi-square contributions.
BC501A,43,50,40,17,18,6.98,7.7,JAERI_43MEV_BC501A_T050_FE040,JAERI_43MEV_PEAK_3.45E9_N_SR_UC,40.0,3.45,3450000000.0,N001_JAERI_TIARA_43MEV__TRANS__JAERI_43MEV_BC501A_T050_FE040,N001_JAERI_TIARA_43MEV__TRANS__JAERI_43MEV_BC501A_T050_FE040,8.027990877333822,1.9712546833268216,0.53746,1.9712546833268216,3.4,0.27295168982935,2.0613614198191024,1.047990877333822,0.1501419595034129,15.01419595034129,0.1398853778031387,0.5083974441637653,source_normalization_systematic_sigma is shared/correlated across bins in this proton-energy source; do not treat these per-bin normalized residuals as independent chi-square contributions.
BC501A,43,50,40,16,17,6.34,6.3,JAERI_43MEV_BC501A_T050_FE040,JAERI_43MEV_PEAK_3.45E9_N_SR_UC,40.0,3.45,3450000000.0,N001_JAERI_TIARA_43MEV__TRANS__JAERI_43MEV_BC501A_T050_FE040,N001_JAERI_TIARA_43MEV__TRANS__JAERI_43MEV_BC501A_T050_FE040,7.790393364893821,1.7382636121981396,0.39942,1.7382636121981396,3.4,0.26487337440638986,1.803123574900387,1.450393364893821,0.22876866954161215,22.876866954161216,0.2060125862939142,0.8043782384543152,source_normalization_systematic_sigma is shared/correlated across bins in this proton-energy source; do not treat these per-bin normalized residuals as independent chi-square contributions.
BC501A,43,50,40,15,16,5.75,5.0,JAERI_43MEV_BC501A_T050_FE040,JAERI_43MEV_PEAK_3.45E9_N_SR_UC,40.0,3.45,3450000000.0,N001_JAERI_TIARA_43MEV__TRANS__JAERI_43MEV_BC501A_T050_FE040,N001_JAERI_TIARA_43MEV__TRANS__JAERI_43MEV_BC501A_T050_FE040,7.266411187115748,1.9067496510617283,0.2875,1.9067496510617283,3.4,0.24705798036193546,1.9440648465224972,1.5164111871157484,0.26372368471578234,26.372368471578234,0.2340626679632619,0.7800208875893585,source_normalization_systematic_sigma is shared/correlated across bins in this proton-energy source; do not treat these per-bin normalized residuals as independent chi-square contributions.
BC501A,43,50,40,14,15,5.4,4.8,JAERI_43MEV_BC501A_T050_FE040,JAERI_43MEV_PEAK_3.45E9_N_SR_UC,40.0,3.45,3450000000.0,N001_JAERI_TIARA_43MEV__TRANS__JAERI_43MEV_BC501A_T050_FE040,N001_JAERI_TIARA_43MEV__TRANS__JAERI_43MEV_BC501A_T050_FE040,5.021302199302333,1.2800831178764327,0.25920000000000004,1.2800831178764327,3.4,0.17072427477627933,1.3171728082032879,-0.3786978006976671,-0.07012922235141983,-7.012922235141983,-0.07270965125407694,-0.28750806146251706,source_normalization_systematic_sigma is shared/correlated across bins in this proton-energy source; do not treat these per-bin normalized residuals as independent chi-square contributions.
BC501A,43,50,40,13,14,5.34,5.5,JAERI_43MEV_BC501A_T050_FE040,JAERI_43MEV_PEAK_3.45E9_N_SR_UC,40.0,3.45,3450000000.0,N001_JAERI_TIARA_43MEV__TRANS__JAERI_43MEV_BC501A_T050_FE040,N001_JAERI_TIARA_43MEV__TRANS__JAERI_43MEV_BC501A_T050_FE040,6.907866529834341,1.5019085765753033,0.29369999999999996,1.5019085765753033,3.4,0.2348674620143676,1.548273808828246,1.5678665298343413,0.29360796438845344,29.360796438845345,0.257435186024681,1.0126545581888537,source_normalization_systematic_sigma is shared/correlated across bins in this proton-energy source; do not treat these per-bin normalized residuals as independent chi-square contributions.
BC501A,43,50,40,12,13,5.43,7.3,JAERI_43MEV_BC501A_T050_FE040,JAERI_43MEV_PEAK_3.45E9_N_SR_UC,40.0,3.45,3450000000.0,N001_JAERI_TIARA_43MEV__TRANS__JAERI_43MEV_BC501A_T050_FE040,N001_JAERI_TIARA_43MEV__TRANS__JAERI_43MEV_BC501A_T050_FE040,5.466203834179257,1.3029738962592683,0.39638999999999996,1.3029738962592683,3.4,0.18585093036209474,1.3745568648657336,0.036203834179257655,0.006667372777027193,0.6667372777027193,0.006645244152555579,0.026338549611619043,source_normalization_systematic_sigma is shared/correlated across bins in this proton-energy source; do not treat these per-bin normalized residuals as independent chi-square contributions.
BC501A,43,50,40,11,12,5.51,8.7,JAERI_43MEV_BC501A_T050_FE040,JAERI_43MEV_PEAK_3.45E9_N_SR_UC,40.0,3.45,3450000000.0,N001_JAERI_TIARA_43MEV__TRANS__JAERI_43MEV_BC501A_T050_FE040,N001_JAERI_TIARA_43MEV__TRANS__JAERI_43MEV_BC501A_T050_FE040,4.089823949158553,1.0452031523397207,0.47936999999999996,1.0452031523397207,3.4,0.1390540142713908,1.158266482915688,-1.4201760508414472,-0.2577451997897363,-25.774519978973633,-0.2980626982520543,-1.2261220295924111,source_normalization_systematic_sigma is shared/correlated across bins in this proton-energy source; do not treat these per-bin normalized residuals as independent chi-square contributions.
BC501A,43,50,40,10,11,5.51,8.8,JAERI_43MEV_BC501A_T050_FE040,JAERI_43MEV_PEAK_3.45E9_N_SR_UC,40.0,3.45,3450000000.0,N001_JAERI_TIARA_43MEV__TRANS__JAERI_43MEV_BC501A_T050_FE040,N001_JAERI_TIARA_43MEV__TRANS__JAERI_43MEV_BC501A_T050_FE040,4.8564524520259775,1.1469148509045408,0.48488,1.1469148509045408,3.4,0.16511938336888324,1.2560997971457146,-0.6535475479740223,-0.11861117023122002,-11.861117023122002,-0.12625639993708498,-0.5202990633858108,source_normalization_systematic_sigma is shared/correlated across bins in this proton-energy source; do not treat these per-bin normalized residuals as independent chi-square contributions.
BC501A,43,50,40,9,10,5.41,7.5,JAERI_43MEV_BC501A_T050_FE040,JAERI_43MEV_PEAK_3.45E9_N_SR_UC,40.0,3.45,3450000000.0,N001_JAERI_TIARA_43MEV__TRANS__JAERI_43MEV_BC501A_T050_FE040,N001_JAERI_TIARA_43MEV__TRANS__JAERI_43MEV_BC501A_T050_FE040,4.689411811319798,1.0178632630142117,0.40575000000000006,1.0178632630142117,3.4,0.15944000158487312,1.107293908047598,-0.7205881886802024,-0.1331955986469875,-13.31955986469875,-0.14294193162976443,-0.6507650619615142,source_normalization_systematic_sigma is shared/correlated across bins in this proton-energy source; do not treat these per-bin normalized residuals as independent chi-square contributions.
BC501A,43,50,40,8,9,5.06,4.5,JAERI_43MEV_BC501A_T050_FE040,JAERI_43MEV_PEAK_3.45E9_N_SR_UC,40.0,3.45,3450000000.0,N001_JAERI_TIARA_43MEV__TRANS__JAERI_43MEV_BC501A_T050_FE040,N001_JAERI_TIARA_43MEV__TRANS__JAERI_43MEV_BC501A_T050_FE040,3.1786365039431965,0.6966781882021436,0.22769999999999999,0.6966781882021436,3.4,0.10807364113406867,0.7408695565513519,-1.881363496056803,-0.37181096760015875,-37.181096760015876,-0.46491415080134174,-2.53939911475685,source_normalization_systematic_sigma is shared/correlated across bins in this proton-energy source; do not treat these per-bin normalized residuals as independent chi-square contributions.
BC501A,43,50,40,7,8,4.09,14.8,JAERI_43MEV_BC501A_T050_FE040,JAERI_43MEV_PEAK_3.45E9_N_SR_UC,40.0,3.45,3450000000.0,N001_JAERI_TIARA_43MEV__TRANS__JAERI_43MEV_BC501A_T050_FE040,N001_JAERI_TIARA_43MEV__TRANS__JAERI_43MEV_BC501A_T050_FE040,5.921252809095365,1.0679402275820642,0.6053200000000001,1.0679402275820642,3.4,0.2013225955092424,1.2439611808857256,1.831252809095365,0.4477390731284511,44.77390731284511,0.37000307961018297,1.4721141119463839,source_normalization_systematic_sigma is shared/correlated across bins in this proton-energy source; do not treat these per-bin normalized residuals as independent chi-square contributions.
BC501A,43,100,0,43,44,7.98,7.7,JAERI_43MEV_BC501A_T100_FE000,JAERI_43MEV_PEAK_3.15E9_N_SR_UC,0.0,3.15,3150000000.0,N001_JAERI_TIARA_43MEV__TRANS__JAERI_43MEV_BC501A_T100_FE000,N001_JAERI_TIARA_43MEV__TRANS__JAERI_43MEV_BC501A_T100_FE000,0.1628774127886262,0.1628774127886262,0.61446,0.1628774127886262,3.4,0.005537832034813291,0.6357049714925646,-7.817122587211374,-0.9795892966430293,-97.95892966430293,-3.8916958413641245,-12.296777495475046,source_normalization_systematic_sigma is shared/correlated across bins in this proton-energy source; do not treat these per-bin normalized residuals as independent chi-square contributions.
BC501A,43,100,0,42,43,16.6,5.7,JAERI_43MEV_BC501A_T100_FE000,JAERI_43MEV_PEAK_3.15E9_N_SR_UC,0.0,3.15,3150000000.0,N001_JAERI_TIARA_43MEV__TRANS__JAERI_43MEV_BC501A_T100_FE000,N001_JAERI_TIARA_43MEV__TRANS__JAERI_43MEV_BC501A_T100_FE000,2.8454586683440497,0.6163240275977592,0.9462,0.6163240275977592,3.4,0.09674559472369769,1.133362015021134,-13.754541331655952,-0.8285868272081898,-82.85868272081898,-1.763678421677007,-12.136052866920432,source_normalization_systematic_sigma is shared/correlated across bins in this proton-energy source; do not treat these per-bin normalized residuals as independent chi-square contributions.
BC501A,43,100,0,41,42,27.4,4.8,JAERI_43MEV_BC501A_T100_FE000,JAERI_43MEV_PEAK_3.15E9_N_SR_UC,0.0,3.15,3150000000.0,N001_JAERI_TIARA_43MEV__TRANS__JAERI_43MEV_BC501A_T100_FE000,N001_JAERI_TIARA_43MEV__TRANS__JAERI_43MEV_BC501A_T100_FE000,16.75371093246392,1.447949165657528,1.3152,1.447949165657528,3.4,0.5696261717037733,2.037346755419467,-10.646289067536078,-0.3885506958954773,-38.85506958954773,-0.4919232314543276,-5.225565574056698,source_normalization_systematic_sigma is shared/correlated across bins in this proton-energy source; do not treat these per-bin normalized residuals as independent chi-square contributions.
BC501A,43,100,0,40,41,35.9,4.5,JAERI_43MEV_BC501A_T100_FE000,JAERI_43MEV_PEAK_3.15E9_N_SR_UC,0.0,3.15,3150000000.0,N001_JAERI_TIARA_43MEV__TRANS__JAERI_43MEV_BC501A_T100_FE000,N001_JAERI_TIARA_43MEV__TRANS__JAERI_43MEV_BC501A_T100_FE000,37.06369744975634,2.102742876289272,1.6155,2.102742876289272,3.4,1.2601657132917155,2.93587899592972,1.1636974497563415,0.032414970745301995,3.2414970745301996,0.03190068967281998,0.3963710532244969,source_normalization_systematic_sigma is shared/correlated across bins in this proton-energy source; do not treat these per-bin normalized residuals as independent chi-square contributions.
BC501A,43,100,0,39,40,37.3,4.9,JAERI_43MEV_BC501A_T100_FE000,JAERI_43MEV_PEAK_3.15E9_N_SR_UC,0.0,3.15,3150000000.0,N001_JAERI_TIARA_43MEV__TRANS__JAERI_43MEV_BC501A_T100_FE000,N001_JAERI_TIARA_43MEV__TRANS__JAERI_43MEV_BC501A_T100_FE000,42.73215463302138,2.237857329827256,1.8277,2.237857329827256,3.4,1.4528932575227271,3.234098257075159,5.4321546330213835,0.14563417246706123,14.563417246706123,0.13595834609767357,1.6796504624241362,source_normalization_systematic_sigma is shared/correlated across bins in this proton-energy source; do not treat these per-bin normalized residuals as independent chi-square contributions.
BC501A,43,100,0,38,39,31.0,5.9,JAERI_43MEV_BC501A_T100_FE000,JAERI_43MEV_PEAK_3.15E9_N_SR_UC,0.0,3.15,3150000000.0,N001_JAERI_TIARA_43MEV__TRANS__JAERI_43MEV_BC501A_T100_FE000,N001_JAERI_TIARA_43MEV__TRANS__JAERI_43MEV_BC501A_T100_FE000,29.65055415436839,1.8098016268554773,1.829,1.8098016268554773,3.4,1.0081188412485254,2.7634989644740235,-1.3494458456316103,-0.043530511149406786,-4.353051114940679,-0.044506389355411076,-0.4883106029636057,source_normalization_systematic_sigma is shared/correlated across bins in this proton-energy source; do not treat these per-bin normalized residuals as independent chi-square contributions.
BC501A,43,100,0,37,38,21.3,6.6,JAERI_43MEV_BC501A_T100_FE000,JAERI_43MEV_PEAK_3.15E9_N_SR_UC,0.0,3.15,3150000000.0,N001_JAERI_TIARA_43MEV__TRANS__JAERI_43MEV_BC501A_T100_FE000,N001_JAERI_TIARA_43MEV__TRANS__JAERI_43MEV_BC501A_T100_FE000,17.5605355964833,1.3774854601744422,1.4058,1.3774854601744422,3.4,0.5970582102804323,2.05674945957335,-3.739464403516699,-0.17556170908529103,-17.556170908529104,-0.1930529840348684,-1.8181428885812907,source_normalization_systematic_sigma is shared/correlated across bins in this proton-energy source; do not treat these per-bin normalized residuals as independent chi-square contributions.
BC501A,43,100,0,36,37,13.1,5.8,JAERI_43MEV_BC501A_T100_FE000,JAERI_43MEV_PEAK_3.15E9_N_SR_UC,0.0,3.15,3150000000.0,N001_JAERI_TIARA_43MEV__TRANS__JAERI_43MEV_BC501A_T100_FE000,N001_JAERI_TIARA_43MEV__TRANS__JAERI_43MEV_BC501A_T100_FE000,9.392255730974084,0.9992121053046868,0.7597999999999999,0.9992121053046868,3.4,0.31933669485311883,1.2952593547499043,-3.707744269025916,-0.2830339136661005,-28.303391366610047,-0.33272673889600857,-2.8625496935645196,source_normalization_systematic_sigma is shared/correlated across bins in this proton-energy source; do not treat these per-bin normalized residuals as independent chi-square contributions.
BC501A,43,100,0,35,36,8.37,5.0,JAERI_43MEV_BC501A_T100_FE000,JAERI_43MEV_PEAK_3.15E9_N_SR_UC,0.0,3.15,3150000000.0,N001_JAERI_TIARA_43MEV__TRANS__JAERI_43MEV_BC501A_T100_FE000,N001_JAERI_TIARA_43MEV__TRANS__JAERI_43MEV_BC501A_T100_FE000,6.539014169722217,0.8080822811045266,0.4184999999999999,0.8080822811045266,3.4,0.22232648177055536,0.9367861482385231,-1.8309858302777826,-0.21875577422673628,-21.87557742267363,-0.24686746896906192,-1.9545398207698301,source_normalization_systematic_sigma is shared/correlated across bins in this proton-energy source; do not treat these per-bin normalized residuals as independent chi-square contributions.
BC501A,43,100,0,34,35,6.42,7.4,JAERI_43MEV_BC501A_T100_FE000,JAERI_43MEV_PEAK_3.15E9_N_SR_UC,0.0,3.15,3150000000.0,N001_JAERI_TIARA_43MEV__TRANS__JAERI_43MEV_BC501A_T100_FE000,N001_JAERI_TIARA_43MEV__TRANS__JAERI_43MEV_BC501A_T100_FE000,5.710856083082431,0.7243359611672525,0.47508,0.7243359611672525,3.4,0.19416910682480268,0.8877303831035801,-0.7091439169175686,-0.11045855403700446,-11.045855403700445,-0.11704917828721409,-0.7988280342938605,source_normalization_systematic_sigma is shared/correlated across bins in this proton-energy source; do not treat these per-bin normalized residuals as independent chi-square contributions.
BC501A,43,100,0,33,34,5.78,8.0,JAERI_43MEV_BC501A_T100_FE000,JAERI_43MEV_PEAK_3.15E9_N_SR_UC,0.0,3.15,3150000000.0,N001_JAERI_TIARA_43MEV__TRANS__JAERI_43MEV_BC501A_T100_FE000,N001_JAERI_TIARA_43MEV__TRANS__JAERI_43MEV_BC501A_T100_FE000,5.554272325951073,0.7430846840400094,0.46240000000000003,0.7430846840400094,3.4,0.1888452590823365,0.8953497302913066,-0.2257276740489269,-0.03905323080431261,-3.905323080431261,-0.03983626260146197,-0.25211117668565697,source_normalization_systematic_sigma is shared/correlated across bins in this proton-energy source; do not treat these per-bin normalized residuals as independent chi-square contributions.
BC501A,43,100,0,32,33,5.53,7.6,JAERI_43MEV_BC501A_T100_FE000,JAERI_43MEV_PEAK_3.15E9_N_SR_UC,0.0,3.15,3150000000.0,N001_JAERI_TIARA_43MEV__TRANS__JAERI_43MEV_BC501A_T100_FE000,N001_JAERI_TIARA_43MEV__TRANS__JAERI_43MEV_BC501A_T100_FE000,4.10863143226638,0.6093584325435715,0.42028,0.6093584325435715,3.4,0.13969346869705693,0.753304216707018,-1.4213685677336203,-0.2570286740928789,-25.70286740928789,-0.2970978273278947,-1.8868453623517045,source_normalization_systematic_sigma is shared/correlated across bins in this proton-energy source; do not treat these per-bin normalized residuals as independent chi-square contributions.
BC501A,43,100,0,31,32,5.31,7.6,JAERI_43MEV_BC501A_T100_FE000,JAERI_43MEV_PEAK_3.15E9_N_SR_UC,0.0,3.15,3150000000.0,N001_JAERI_TIARA_43MEV__TRANS__JAERI_43MEV_BC501A_T100_FE000,N001_JAERI_TIARA_43MEV__TRANS__JAERI_43MEV_BC501A_T100_FE000,3.547888884271724,0.5403396277887118,0.4035599999999999,0.5403396277887118,3.4,0.12062822206523861,0.6851122206744411,-1.7621111157282754,-0.33184766774543795,-33.184766774543796,-0.4032390891459351,-2.5720036259076076,source_normalization_systematic_sigma is shared/correlated across bins in this proton-energy source; do not treat these per-bin normalized residuals as independent chi-square contributions.
BC501A,43,100,0,30,31,5.06,7.7,JAERI_43MEV_BC501A_T100_FE000,JAERI_43MEV_PEAK_3.15E9_N_SR_UC,0.0,3.15,3150000000.0,N001_JAERI_TIARA_43MEV__TRANS__JAERI_43MEV_BC501A_T100_FE000,N001_JAERI_TIARA_43MEV__TRANS__JAERI_43MEV_BC501A_T100_FE000,4.108265866666527,0.5894279368348396,0.38961999999999997,0.5894279368348396,3.4,0.1396810394666619,0.7202359543287622,-0.9517341333334723,-0.18808974967064673,-18.808974967064675,-0.20836547408029862,-1.321419914700675,source_normalization_systematic_sigma is shared/correlated across bins in this proton-energy source; do not treat these per-bin normalized residuals as independent chi-square contributions.
BC501A,43,100,0,29,30,4.8,7.8,JAERI_43MEV_BC501A_T100_FE000,JAERI_43MEV_PEAK_3.15E9_N_SR_UC,0.0,3.15,3150000000.0,N001_JAERI_TIARA_43MEV__TRANS__JAERI_43MEV_BC501A_T100_FE000,N001_JAERI_TIARA_43MEV__TRANS__JAERI_43MEV_BC501A_T100_FE000,3.4921542718190848,0.4909347903180506,0.37439999999999996,0.4909347903180506,3.4,0.11873324524184888,0.628720853694459,-1.307845728180915,-0.27246786003769063,-27.246786003769063,-0.31809710226998733,-2.0801691569411376,source_normalization_systematic_sigma is shared/correlated across bins in this proton-energy source; do not treat these per-bin normalized residuals as independent chi-square contributions.
BC501A,43,100,0,28,29,4.54,8.7,JAERI_43MEV_BC501A_T100_FE000,JAERI_43MEV_PEAK_3.15E9_N_SR_UC,0.0,3.15,3150000000.0,N001_JAERI_TIARA_43MEV__TRANS__JAERI_43MEV_BC501A_T100_FE000,N001_JAERI_TIARA_43MEV__TRANS__JAERI_43MEV_BC501A_T100_FE000,3.175388084962937,0.468880480921996,0.39498,0.468880480921996,3.4,0.10796319488873986,0.6225063511645695,-1.364611915037063,-0.3005753116821725,-30.05753116821725,-0.3574971556938712,-2.1921252891383047,source_normalization_systematic_sigma is shared/correlated across bins in this proton-energy source; do not treat these per-bin normalized residuals as independent chi-square contributions.
BC501A,43,100,0,27,28,4.29,11.0,JAERI_43MEV_BC501A_T100_FE000,JAERI_43MEV_PEAK_3.15E9_N_SR_UC,0.0,3.15,3150000000.0,N001_JAERI_TIARA_43MEV__TRANS__JAERI_43MEV_BC501A_T100_FE000,N001_JAERI_TIARA_43MEV__TRANS__JAERI_43MEV_BC501A_T100_FE000,4.297542727372004,0.5361288746494179,0.4719,0.5361288746494179,3.4,0.14611645273064813,0.7290224948459677,0.007542727372004343,0.001758211508625721,0.1758211508625721,0.0017566676641096925,0.010346357520282026,source_normalization_systematic_sigma is shared/correlated across bins in this proton-energy source; do not treat these per-bin normalized residuals as independent chi-square contributions.
BC501A,43,100,0,26,27,4.04,15.0,JAERI_43MEV_BC501A_T100_FE000,JAERI_43MEV_PEAK_3.15E9_N_SR_UC,0.0,3.15,3150000000.0,N001_JAERI_TIARA_43MEV__TRANS__JAERI_43MEV_BC501A_T100_FE000,N001_JAERI_TIARA_43MEV__TRANS__JAERI_43MEV_BC501A_T100_FE000,3.8801308746835055,0.5376319087346398,0.606,0.5376319087346398,3.4,0.13192444973923917,0.8207850691433496,-0.15986912531649455,-0.03957156567239964,-3.957156567239964,-0.04037580831820777,-0.19477586925813525,source_normalization_systematic_sigma is shared/correlated across bins in this proton-energy source; do not treat these per-bin normalized residuals as independent chi-square contributions.
BC501A,43,100,0,25,26,3.75,19.9,JAERI_43MEV_BC501A_T100_FE000,JAERI_43MEV_PEAK_3.15E9_N_SR_UC,0.0,3.15,3150000000.0,N001_JAERI_TIARA_43MEV__TRANS__JAERI_43MEV_BC501A_T100_FE000,N001_JAERI_TIARA_43MEV__TRANS__JAERI_43MEV_BC501A_T100_FE000,3.2558944776852616,0.4620061085539587,0.74625,0.4620061085539587,3.4,0.1107004122412989,0.8846430286344689,-0.49410552231473837,-0.13176147261726356,-13.176147261726356,-0.14128880094051732,-0.5585366145680677,source_normalization_systematic_sigma is shared/correlated across bins in this proton-energy source; do not treat these per-bin normalized residuals as independent chi-square contributions.
BC501A,43,100,0,24,25,3.4,23.7,JAERI_43MEV_BC501A_T100_FE000,JAERI_43MEV_PEAK_3.15E9_N_SR_UC,0.0,3.15,3150000000.0,N001_JAERI_TIARA_43MEV__TRANS__JAERI_43MEV_BC501A_T100_FE000,N001_JAERI_TIARA_43MEV__TRANS__JAERI_43MEV_BC501A_T100_FE000,2.875050263401624,0.4299612294345741,0.8058,0.4299612294345741,3.4,0.09775170895565521,0.9185508670839311,-0.524949736598376,-0.15439698135246352,-15.439698135246353,-0.1677052746033224,-0.5714977312741566,source_normalization_systematic_sigma is shared/correlated across bins in this proton-energy source; do not treat these per-bin normalized residuals as independent chi-square contributions.
BC501A,43,100,0,23,24,3.03,24.8,JAERI_43MEV_BC501A_T100_FE000,JAERI_43MEV_PEAK_3.15E9_N_SR_UC,0.0,3.15,3150000000.0,N001_JAERI_TIARA_43MEV__TRANS__JAERI_43MEV_BC501A_T100_FE000,N001_JAERI_TIARA_43MEV__TRANS__JAERI_43MEV_BC501A_T100_FE000,3.527692948699947,0.4589332257153402,0.7514399999999999,0.4589332257153402,3.4,0.11994156025579819,0.8886325208667993,0.4976929486999473,0.1642550985808407,16.42550985808407,0.15208148215428263,0.5600660982050064,source_normalization_systematic_sigma is shared/correlated across bins in this proton-energy source; do not treat these per-bin normalized residuals as independent chi-square contributions.
BC501A,43,100,0,22,23,2.68,21.9,JAERI_43MEV_BC501A_T100_FE000,JAERI_43MEV_PEAK_3.15E9_N_SR_UC,0.0,3.15,3150000000.0,N001_JAERI_TIARA_43MEV__TRANS__JAERI_43MEV_BC501A_T100_FE000,N001_JAERI_TIARA_43MEV__TRANS__JAERI_43MEV_BC501A_T100_FE000,2.63398770964328,0.395343615148114,0.58692,0.395343615148114,3.4,0.08955558212787151,0.7132964760382894,-0.046012290356720165,-0.017168765058477673,-1.7168765058477673,-0.017317857255356284,-0.06450654377584539,source_normalization_systematic_sigma is shared/correlated across bins in this proton-energy source; do not treat these per-bin normalized residuals as independent chi-square contributions.
BC501A,43,100,0,21,22,2.38,14.7,JAERI_43MEV_BC501A_T100_FE000,JAERI_43MEV_PEAK_3.15E9_N_SR_UC,0.0,3.15,3150000000.0,N001_JAERI_TIARA_43MEV__TRANS__JAERI_43MEV_BC501A_T100_FE000,N001_JAERI_TIARA_43MEV__TRANS__JAERI_43MEV_BC501A_T100_FE000,3.081023792494813,0.4196902261469716,0.34985999999999995,0.4196902261469716,3.4,0.10475480894482363,0.5563411503029078,0.7010237924948131,0.29454781197261054,29.454781197261052,0.25816145423005926,1.260061011329345,source_normalization_systematic_sigma is shared/correlated across bins in this proton-energy source; do not treat these per-bin normalized residuals as independent chi-square contributions.
BC501A,43,100,0,20,21,2.17,5.7,JAERI_43MEV_BC501A_T100_FE000,JAERI_43MEV_PEAK_3.15E9_N_SR_UC,0.0,3.15,3150000000.0,N001_JAERI_TIARA_43MEV__TRANS__JAERI_43MEV_BC501A_T100_FE000,N001_JAERI_TIARA_43MEV__TRANS__JAERI_43MEV_BC501A_T100_FE000,2.7322427823996853,0.3904689898881342,0.12369,0.3904689898881342,3.4,0.0928962546015893,0.4199940026753515,0.5622427823996854,0.25909805640538497,25.909805640538497,0.23039563638631916,1.3386924070777504,source_normalization_systematic_sigma is shared/correlated across bins in this proton-energy source; do not treat these per-bin normalized residuals as independent chi-square contributions.
BC501A,43,100,0,19,20,2.03,12.9,JAERI_43MEV_BC501A_T100_FE000,JAERI_43MEV_PEAK_3.15E9_N_SR_UC,0.0,3.15,3150000000.0,N001_JAERI_TIARA_43MEV__TRANS__JAERI_43MEV_BC501A_T100_FE000,N001_JAERI_TIARA_43MEV__TRANS__JAERI_43MEV_BC501A_T100_FE000,2.465607134232484,0.3647305555025912,0.26187,0.3647305555025912,3.4,0.08383064256390446,0.4567623579607955,0.4356071342324843,0.21458479518841594,21.458479518841596,0.1944022860334912,0.9536843976750664,source_normalization_systematic_sigma is shared/correlated across bins in this proton-energy source; do not treat these per-bin normalized residuals as independent chi-square contributions.
BC501A,43,100,0,18,19,1.93,21.3,JAERI_43MEV_BC501A_T100_FE000,JAERI_43MEV_PEAK_3.15E9_N_SR_UC,0.0,3.15,3150000000.0,N001_JAERI_TIARA_43MEV__TRANS__JAERI_43MEV_BC501A_T100_FE000,N001_JAERI_TIARA_43MEV__TRANS__JAERI_43MEV_BC501A_T100_FE000,2.3056469533298896,0.3094896178460263,0.41109,0.3094896178460263,3.4,0.07839199641321624,0.5205037144498866,0.3756469533298896,0.19463572711393246,19.463572711393244,0.17784130804609918,0.7216988907118671,source_normalization_systematic_sigma is shared/correlated across bins in this proton-energy source; do not treat these per-bin normalized residuals as independent chi-square contributions.
BC501A,43,100,0,17,18,1.85,21.2,JAERI_43MEV_BC501A_T100_FE000,JAERI_43MEV_PEAK_3.15E9_N_SR_UC,0.0,3.15,3150000000.0,N001_JAERI_TIARA_43MEV__TRANS__JAERI_43MEV_BC501A_T100_FE000,N001_JAERI_TIARA_43MEV__TRANS__JAERI_43MEV_BC501A_T100_FE000,2.1516101721014764,0.3051430962014568,0.3922,0.3051430962014568,3.4,0.0731547458514502,0.502279569562611,0.30161017210147634,0.16303252546025748,16.30325254602575,0.1510308400072482,0.6004826602127593,source_normalization_systematic_sigma is shared/correlated across bins in this proton-energy source; do not treat these per-bin normalized residuals as independent chi-square contributions.
BC501A,43,100,0,16,17,1.75,12.6,JAERI_43MEV_BC501A_T100_FE000,JAERI_43MEV_PEAK_3.15E9_N_SR_UC,0.0,3.15,3150000000.0,N001_JAERI_TIARA_43MEV__TRANS__JAERI_43MEV_BC501A_T100_FE000,N001_JAERI_TIARA_43MEV__TRANS__JAERI_43MEV_BC501A_T100_FE000,1.907741043065666,0.2871022257473538,0.2205,0.2871022257473538,3.4,0.06486319546423265,0.3677705428047708,0.15774104306566605,0.09013773889466632,9.013773889466632,0.08630405421595658,0.4289115758501684,source_normalization_systematic_sigma is shared/correlated across bins in this proton-energy source; do not treat these per-bin normalized residuals as independent chi-square contributions.
BC501A,43,100,0,15,16,1.65,5.7,JAERI_43MEV_BC501A_T100_FE000,JAERI_43MEV_PEAK_3.15E9_N_SR_UC,0.0,3.15,3150000000.0,N001_JAERI_TIARA_43MEV__TRANS__JAERI_43MEV_BC501A_T100_FE000,N001_JAERI_TIARA_43MEV__TRANS__JAERI_43MEV_BC501A_T100_FE000,1.9454152534563305,0.267165710136449,0.09405,0.267165710136449,3.4,0.06614411861751524,0.2908572907808931,0.2954152534563306,0.17903954754929127,17.903954754929128,0.16470016429147508,1.015670787083247,source_normalization_systematic_sigma is shared/correlated across bins in this proton-energy source; do not treat these per-bin normalized residuals as independent chi-square contributions.
BC501A,43,100,0,14,15,1.55,7.2,JAERI_43MEV_BC501A_T100_FE000,JAERI_43MEV_PEAK_3.15E9_N_SR_UC,0.0,3.15,3150000000.0,N001_JAERI_TIARA_43MEV__TRANS__JAERI_43MEV_BC501A_T100_FE000,N001_JAERI_TIARA_43MEV__TRANS__JAERI_43MEV_BC501A_T100_FE000,1.78597912385275,0.2438995688871779,0.1116,0.2438995688871779,3.4,0.0607232902109935,0.2750070502321709,0.23597912385275,0.15224459603403226,15.224459603403226,0.14171186268258132,0.858083906043601,source_normalization_systematic_sigma is shared/correlated across bins in this proton-energy source; do not treat these per-bin normalized residuals as independent chi-square contributions.
BC501A,43,100,0,13,14,1.46,5.1,JAERI_43MEV_BC501A_T100_FE000,JAERI_43MEV_PEAK_3.15E9_N_SR_UC,0.0,3.15,3150000000.0,N001_JAERI_TIARA_43MEV__TRANS__JAERI_43MEV_BC501A_T100_FE000,N001_JAERI_TIARA_43MEV__TRANS__JAERI_43MEV_BC501A_T100_FE000,1.4636663354752923,0.2158513625555003,0.07446,0.2158513625555003,3.4,0.04976465540615994,0.2336934386001453,0.0036663354752923816,0.0025111886817071106,0.25111886817071105,0.002508040916063843,0.0156886538931269,source_normalization_systematic_sigma is shared/correlated across bins in this proton-energy source; do not treat these per-bin normalized residuals as independent chi-square contributions.
BC501A,43,100,0,12,13,1.39,13.3,JAERI_43MEV_BC501A_T100_FE000,JAERI_43MEV_PEAK_3.15E9_N_SR_UC,0.0,3.15,3150000000.0,N001_JAERI_TIARA_43MEV__TRANS__JAERI_43MEV_BC501A_T100_FE000,N001_JAERI_TIARA_43MEV__TRANS__JAERI_43MEV_BC501A_T100_FE000,1.4834452693558284,0.2152574550656116,0.18486999999999998,0.2152574550656116,3.4,0.050437139158098165,0.28819540917193176,0.09344526935582853,0.06722681248620758,6.722681248620758,0.06506352000736401,0.3242427407998054,source_normalization_systematic_sigma is shared/correlated across bins in this proton-energy source; do not treat these per-bin normalized residuals as independent chi-square contributions.
BC501A,43,100,0,11,12,1.33,20.2,JAERI_43MEV_BC501A_T100_FE000,JAERI_43MEV_PEAK_3.15E9_N_SR_UC,0.0,3.15,3150000000.0,N001_JAERI_TIARA_43MEV__TRANS__JAERI_43MEV_BC501A_T100_FE000,N001_JAERI_TIARA_43MEV__TRANS__JAERI_43MEV_BC501A_T100_FE000,1.8306770005642683,0.2265450640340583,0.26866,0.2265450640340583,3.4,0.062243018019185116,0.3568964204504329,0.5006770005642682,0.37644887260471294,37.64488726047129,0.3195069018701769,1.4028636093698343,source_normalization_systematic_sigma is shared/correlated across bins in this proton-energy source; do not treat these per-bin normalized residuals as independent chi-square contributions.
BC501A,43,100,0,10,11,1.3,20.4,JAERI_43MEV_BC501A_T100_FE000,JAERI_43MEV_PEAK_3.15E9_N_SR_UC,0.0,3.15,3150000000.0,N001_JAERI_TIARA_43MEV__TRANS__JAERI_43MEV_BC501A_T100_FE000,N001_JAERI_TIARA_43MEV__TRANS__JAERI_43MEV_BC501A_T100_FE000,1.8852450313186528,0.230662020898484,0.2652,0.230662020898484,3.4,0.06409833106483419,0.3572738500510074,0.5852450313186528,0.4501884856297329,45.01884856297329,0.3716935380739744,1.6380852705427456,source_normalization_systematic_sigma is shared/correlated across bins in this proton-energy source; do not treat these per-bin normalized residuals as independent chi-square contributions.
BC501A,43,100,0,9,10,1.31,16.2,JAERI_43MEV_BC501A_T100_FE000,JAERI_43MEV_PEAK_3.15E9_N_SR_UC,0.0,3.15,3150000000.0,N001_JAERI_TIARA_43MEV__TRANS__JAERI_43MEV_BC501A_T100_FE000,N001_JAERI_TIARA_43MEV__TRANS__JAERI_43MEV_BC501A_T100_FE000,1.6767684172406447,0.1989486223486399,0.21222000000000002,0.1989486223486399,3.4,0.05701012618618192,0.29642543281942957,0.3667684172406447,0.2799758910233929,27.997589102339287,0.24684124261616808,1.237304146787112,source_normalization_systematic_sigma is shared/correlated across bins in this proton-energy source; do not treat these per-bin normalized residuals as independent chi-square contributions.
BC501A,43,100,0,8,9,1.38,8.2,JAERI_43MEV_BC501A_T100_FE000,JAERI_43MEV_PEAK_3.15E9_N_SR_UC,0.0,3.15,3150000000.0,N001_JAERI_TIARA_43MEV__TRANS__JAERI_43MEV_BC501A_T100_FE000,N001_JAERI_TIARA_43MEV__TRANS__JAERI_43MEV_BC501A_T100_FE000,1.5982137521256057,0.1743606377578162,0.11315999999999998,0.1743606377578162,3.4,0.054339267572270596,0.2148477917028779,0.2182137521256058,0.1581259073373955,15.812590733739551,0.14680310151094866,1.0156667210588919,source_normalization_systematic_sigma is shared/correlated across bins in this proton-energy source; do not treat these per-bin normalized residuals as independent chi-square contributions.
BC501A,43,100,0,7,8,1.44,11.4,JAERI_43MEV_BC501A_T100_FE000,JAERI_43MEV_PEAK_3.15E9_N_SR_UC,0.0,3.15,3150000000.0,N001_JAERI_TIARA_43MEV__TRANS__JAERI_43MEV_BC501A_T100_FE000,N001_JAERI_TIARA_43MEV__TRANS__JAERI_43MEV_BC501A_T100_FE000,1.585907560236571,0.1664960628409173,0.16416,0.1664960628409173,3.4,0.05392085704804342,0.23995187718857758,0.14590756023657114,0.10132469460872996,10.132469460872997,0.09651372308158683,0.6080700928290832,source_normalization_systematic_sigma is shared/correlated across bins in this proton-energy source; do not treat these per-bin normalized residuals as independent chi-square contributions.
BC501A,43,100,0,6,7,1.52,22.7,JAERI_43MEV_BC501A_T100_FE000,JAERI_43MEV_PEAK_3.15E9_N_SR_UC,0.0,3.15,3150000000.0,N001_JAERI_TIARA_43MEV__TRANS__JAERI_43MEV_BC501A_T100_FE000,N001_JAERI_TIARA_43MEV__TRANS__JAERI_43MEV_BC501A_T100_FE000,2.1609337537308164,0.1795254146804436,0.34503999999999996,0.1795254146804436,3.4,0.07347174762684776,0.39582833882319296,0.6409337537308164,0.42166694324395815,42.16669432439581,0.3518300868199158,1.6192214929237447,source_normalization_systematic_sigma is shared/correlated across bins in this proton-energy source; do not treat these per-bin normalized residuals as independent chi-square contributions.
BC501A,43,100,0,5,6,1.66,16.3,JAERI_43MEV_BC501A_T100_FE000,JAERI_43MEV_PEAK_3.15E9_N_SR_UC,0.0,3.15,3150000000.0,N001_JAERI_TIARA_43MEV__TRANS__JAERI_43MEV_BC501A_T100_FE000,N001_JAERI_TIARA_43MEV__TRANS__JAERI_43MEV_BC501A_T100_FE000,1.808840304315808,0.1479118470692225,0.27058,0.1479118470692225,3.4,0.06150057034673747,0.3144419995108844,0.14884030431580797,0.08966283392518552,8.966283392518552,0.08586832171554684,0.47334740444129464,source_normalization_systematic_sigma is shared/correlated across bins in this proton-energy source; do not treat these per-bin normalized residuals as independent chi-square contributions.
BC501A,43,100,0,4,5,1.57,27.5,JAERI_43MEV_BC501A_T100_FE000,JAERI_43MEV_PEAK_3.15E9_N_SR_UC,0.0,3.15,3150000000.0,N001_JAERI_TIARA_43MEV__TRANS__JAERI_43MEV_BC501A_T100_FE000,N001_JAERI_TIARA_43MEV__TRANS__JAERI_43MEV_BC501A_T100_FE000,1.924939023015884,0.1375088427075316,0.43175,0.1375088427075316,3.4,0.06544792678254006,0.45782111729680774,0.354939023015884,0.22607581083814265,22.607581083814267,0.20381867152243957,0.7752788362223475,source_normalization_systematic_sigma is shared/correlated across bins in this proton-energy source; do not treat these per-bin normalized residuals as independent chi-square contributions.
BC501A,43,150,0,43,44,0.203,11.7,JAERI_43MEV_BC501A_T150_FE000,JAERI_43MEV_PEAK_3.15E9_N_SR_UC,0.0,3.15,3150000000.0,N001_JAERI_TIARA_43MEV__TRANS__JAERI_43MEV_BC501A_T150_FE000,N001_JAERI_TIARA_43MEV__TRANS__JAERI_43MEV_BC501A_T150_FE000,0.0,0.0,0.023751,0.0,3.4,0.0,0.023751,-0.203,-1.0,-100.0,,-8.547008547008547,source_normalization_systematic_sigma is shared/correlated across bins in this proton-energy source; do not treat these per-bin normalized residuals as independent chi-square contributions.
BC501A,43,150,0,42,43,0.391,8.8,JAERI_43MEV_BC501A_T150_FE000,JAERI_43MEV_PEAK_3.15E9_N_SR_UC,0.0,3.15,3150000000.0,N001_JAERI_TIARA_43MEV__TRANS__JAERI_43MEV_BC501A_T150_FE000,N001_JAERI_TIARA_43MEV__TRANS__JAERI_43MEV_BC501A_T150_FE000,0.0,0.0,0.034408,0.0,3.4,0.0,0.034408,-0.391,-1.0,-100.0,,-11.363636363636363,source_normalization_systematic_sigma is shared/correlated across bins in this proton-energy source; do not treat these per-bin normalized residuals as independent chi-square contributions.
BC501A,43,150,0,41,42,0.625,7.2,JAERI_43MEV_BC501A_T150_FE000,JAERI_43MEV_PEAK_3.15E9_N_SR_UC,0.0,3.15,3150000000.0,N001_JAERI_TIARA_43MEV__TRANS__JAERI_43MEV_BC501A_T150_FE000,N001_JAERI_TIARA_43MEV__TRANS__JAERI_43MEV_BC501A_T150_FE000,0.2121007810587549,0.053912981028538,0.045,0.053912981028538,3.4,0.007211426555997666,0.07059471790690891,-0.4128992189412451,-0.6606387503059922,-66.06387503059922,-1.0806901056701648,-5.848868459049905,source_normalization_systematic_sigma is shared/correlated across bins in this proton-energy source; do not treat these per-bin normalized residuals as independent chi-square contributions.
BC501A,43,150,0,40,41,0.816,5.8,JAERI_43MEV_BC501A_T150_FE000,JAERI_43MEV_PEAK_3.15E9_N_SR_UC,0.0,3.15,3150000000.0,N001_JAERI_TIARA_43MEV__TRANS__JAERI_43MEV_BC501A_T150_FE000,N001_JAERI_TIARA_43MEV__TRANS__JAERI_43MEV_BC501A_T150_FE000,0.5578947426120932,0.0807011984872014,0.047327999999999995,0.0807011984872014,3.4,0.018968421248811165,0.09545901752031094,-0.2581052573879068,-0.31630546248517993,-31.630546248517994,-0.3802440436879578,-2.7038331641428157,source_normalization_systematic_sigma is shared/correlated across bins in this proton-energy source; do not treat these per-bin normalized residuals as independent chi-square contributions.
BC501A,43,150,0,39,40,0.865,4.9,JAERI_43MEV_BC501A_T150_FE000,JAERI_43MEV_PEAK_3.15E9_N_SR_UC,0.0,3.15,3150000000.0,N001_JAERI_TIARA_43MEV__TRANS__JAERI_43MEV_BC501A_T150_FE000,N001_JAERI_TIARA_43MEV__TRANS__JAERI_43MEV_BC501A_T150_FE000,1.0243089306889002,0.1092645559552977,0.042385,0.1092645559552977,3.4,0.0348265036434226,0.12226249126013142,0.15930893068890017,0.18417217420682103,18.417217420682103,0.1690439432941377,1.3030073986464665,source_normalization_systematic_sigma is shared/correlated across bins in this proton-energy source; do not treat these per-bin normalized residuals as independent chi-square contributions.
BC501A,43,150,0,38,39,0.747,8.2,JAERI_43MEV_BC501A_T150_FE000,JAERI_43MEV_PEAK_3.15E9_N_SR_UC,0.0,3.15,3150000000.0,N001_JAERI_TIARA_43MEV__TRANS__JAERI_43MEV_BC501A_T150_FE000,N001_JAERI_TIARA_43MEV__TRANS__JAERI_43MEV_BC501A_T150_FE000,0.8094990801536003,0.0929024994266061,0.06125399999999999,0.0929024994266061,3.4,0.027522968725222408,0.11463176140651471,0.062499080153600284,0.08366677396733639,8.366677396733639,0.08035045166995926,0.5452160848507066,source_normalization_systematic_sigma is shared/correlated across bins in this proton-energy source; do not treat these per-bin normalized residuals as independent chi-square contributions.
BC501A,43,150,0,37,38,0.54,15.6,JAERI_43MEV_BC501A_T150_FE000,JAERI_43MEV_PEAK_3.15E9_N_SR_UC,0.0,3.15,3150000000.0,N001_JAERI_TIARA_43MEV__TRANS__JAERI_43MEV_BC501A_T150_FE000,N001_JAERI_TIARA_43MEV__TRANS__JAERI_43MEV_BC501A_T150_FE000,0.8611006300470758,0.0962285594383925,0.08424,0.0962285594383925,3.4,0.02927742142160058,0.13120015494154813,0.3211006300470758,0.5946307963834736,59.46307963834736,0.4666422338205446,2.447410448487134,source_normalization_systematic_sigma is shared/correlated across bins in this proton-energy source; do not treat these per-bin normalized residuals as independent chi-square contributions.
BC501A,43,150,0,36,37,0.357,21.2,JAERI_43MEV_BC501A_T150_FE000,JAERI_43MEV_PEAK_3.15E9_N_SR_UC,0.0,3.15,3150000000.0,N001_JAERI_TIARA_43MEV__TRANS__JAERI_43MEV_BC501A_T150_FE000,N001_JAERI_TIARA_43MEV__TRANS__JAERI_43MEV_BC501A_T150_FE000,0.4658599643972085,0.0701660839713782,0.075684,0.0701660839713782,3.4,0.01583923878950509,0.10441373799126942,0.10885996439720852,0.3049298722610883,30.49298722610883,0.2661493015997663,1.0425827720707679,source_normalization_systematic_sigma is shared/correlated across bins in this proton-energy source; do not treat these per-bin normalized residuals as independent chi-square contributions.
BC501A,43,150,0,35,36,0.251,15.7,JAERI_43MEV_BC501A_T150_FE000,JAERI_43MEV_PEAK_3.15E9_N_SR_UC,0.0,3.15,3150000000.0,N001_JAERI_TIARA_43MEV__TRANS__JAERI_43MEV_BC501A_T150_FE000,N001_JAERI_TIARA_43MEV__TRANS__JAERI_43MEV_BC501A_T150_FE000,0.3770725297889178,0.0603286329163965,0.039407,0.0603286329163965,3.4,0.012820466012823207,0.07319029954404664,0.1260725297889178,0.5022809951749714,50.228099517497135,0.4069846165202822,1.7225305890850484,source_normalization_systematic_sigma is shared/correlated across bins in this proton-energy source; do not treat these per-bin normalized residuals as independent chi-square contributions.
BC501A,43,150,0,34,35,0.211,7.0,JAERI_43MEV_BC501A_T150_FE000,JAERI_43MEV_PEAK_3.15E9_N_SR_UC,0.0,3.15,3150000000.0,N001_JAERI_TIARA_43MEV__TRANS__JAERI_43MEV_BC501A_T150_FE000,N001_JAERI_TIARA_43MEV__TRANS__JAERI_43MEV_BC501A_T150_FE000,0.2629562400094,0.0523543253933726,0.014769999999999998,0.0523543253933726,3.4,0.008940512160319599,0.055127679482125505,0.051956240009399995,0.2462381043099526,24.62381043099526,0.22012949706075474,0.9424710145154248,source_normalization_systematic_sigma is shared/correlated across bins in this proton-energy source; do not treat these per-bin normalized residuals as independent chi-square contributions.
BC501A,43,150,0,33,34,0.2,13.7,JAERI_43MEV_BC501A_T150_FE000,JAERI_43MEV_PEAK_3.15E9_N_SR_UC,0.0,3.15,3150000000.0,N001_JAERI_TIARA_43MEV__TRANS__JAERI_43MEV_BC501A_T150_FE000,N001_JAERI_TIARA_43MEV__TRANS__JAERI_43MEV_BC501A_T150_FE000,0.2477970551852677,0.0462895996394076,0.0274,0.0462895996394076,3.4,0.008425099876299101,0.05444694061838791,0.047797055185267695,0.23898527592633848,23.898527592633847,0.2142927187396999,0.8778648468106139,source_normalization_systematic_sigma is shared/correlated across bins in this proton-energy source; do not treat these per-bin normalized residuals as independent chi-square contributions.
BC501A,43,150,0,32,33,0.193,16.3,JAERI_43MEV_BC501A_T150_FE000,JAERI_43MEV_PEAK_3.15E9_N_SR_UC,0.0,3.15,3150000000.0,N001_JAERI_TIARA_43MEV__TRANS__JAERI_43MEV_BC501A_T150_FE000,N001_JAERI_TIARA_43MEV__TRANS__JAERI_43MEV_BC501A_T150_FE000,0.163403945784425,0.0370287442616259,0.031459,0.0370287442616259,3.4,0.00555573415667045,0.04890462927589256,-0.029596054215575013,-0.15334743116878244,-15.334743116878244,-0.16646485876304465,-0.6051789913100176,source_normalization_systematic_sigma is shared/correlated across bins in this proton-energy source; do not treat these per-bin normalized residuals as independent chi-square contributions.
BC501A,43,150,0,31,32,0.185,15.6,JAERI_43MEV_BC501A_T150_FE000,JAERI_43MEV_PEAK_3.15E9_N_SR_UC,0.0,3.15,3150000000.0,N001_JAERI_TIARA_43MEV__TRANS__JAERI_43MEV_BC501A_T150_FE000,N001_JAERI_TIARA_43MEV__TRANS__JAERI_43MEV_BC501A_T150_FE000,0.1229085458200556,0.0286292559681892,0.02886,0.0286292559681892,3.4,0.00417889055788189,0.04086559706632036,-0.0620914541799444,-0.3356294820537535,-33.56294820537535,-0.40891527617961754,-1.5194065090784508,source_normalization_systematic_sigma is shared/correlated across bins in this proton-energy source; do not treat these per-bin normalized residuals as independent chi-square contributions.
BC501A,43,150,0,30,31,0.174,14.4,JAERI_43MEV_BC501A_T150_FE000,JAERI_43MEV_PEAK_3.15E9_N_SR_UC,0.0,3.15,3150000000.0,N001_JAERI_TIARA_43MEV__TRANS__JAERI_43MEV_BC501A_T150_FE000,N001_JAERI_TIARA_43MEV__TRANS__JAERI_43MEV_BC501A_T150_FE000,0.1900731030660945,0.0378985297350775,0.025056,0.0378985297350775,3.4,0.006462485504247213,0.04588970920558507,0.016073103066094524,0.09237415555226738,9.237415555226738,0.08835345192695461,0.3502550646831801,source_normalization_systematic_sigma is shared/correlated across bins in this proton-energy source; do not treat these per-bin normalized residuals as independent chi-square contributions.
BC501A,43,150,0,29,30,0.163,13.8,JAERI_43MEV_BC501A_T150_FE000,JAERI_43MEV_PEAK_3.15E9_N_SR_UC,0.0,3.15,3150000000.0,N001_JAERI_TIARA_43MEV__TRANS__JAERI_43MEV_BC501A_T150_FE000,N001_JAERI_TIARA_43MEV__TRANS__JAERI_43MEV_BC501A_T150_FE000,0.1347688765329206,0.0307188319288323,0.022494,0.0307188319288323,3.4,0.0045821418021193,0.03834869873368034,-0.0282311234670794,-0.17319707648514968,-17.319707648514967,-0.19018891524118856,-0.7361690070147016,source_normalization_systematic_sigma is shared/correlated across bins in this proton-energy source; do not treat these per-bin normalized residuals as independent chi-square contributions.
BC501A,43,150,0,28,29,0.153,14.6,JAERI_43MEV_BC501A_T150_FE000,JAERI_43MEV_PEAK_3.15E9_N_SR_UC,0.0,3.15,3150000000.0,N001_JAERI_TIARA_43MEV__TRANS__JAERI_43MEV_BC501A_T150_FE000,N001_JAERI_TIARA_43MEV__TRANS__JAERI_43MEV_BC501A_T150_FE000,0.125323190812409,0.0299723751235225,0.022338,0.0299723751235225,3.4,0.004260988487621906,0.037622938979255685,-0.027676809187590995,-0.18089417769667318,-18.089417769667318,-0.19954199431428113,-0.7356365541472257,source_normalization_systematic_sigma is shared/correlated across bins in this proton-energy source; do not treat these per-bin normalized residuals as independent chi-square contributions.
BC501A,43,150,0,27,28,0.146,16.5,JAERI_43MEV_BC501A_T150_FE000,JAERI_43MEV_PEAK_3.15E9_N_SR_UC,0.0,3.15,3150000000.0,N001_JAERI_TIARA_43MEV__TRANS__JAERI_43MEV_BC501A_T150_FE000,N001_JAERI_TIARA_43MEV__TRANS__JAERI_43MEV_BC501A_T150_FE000,0.1505855319806137,0.0353871696706215,0.024089999999999997,0.0353871696706215,3.4,0.005119908087340866,0.043113725611690905,0.004585531980613705,0.031407753291874695,3.1407753291874694,0.030924619856684918,0.10635898233230562,source_normalization_systematic_sigma is shared/correlated across bins in this proton-energy source; do not treat these per-bin normalized residuals as independent chi-square contributions.
BC501A,43,150,0,26,27,0.141,19.0,JAERI_43MEV_BC501A_T150_FE000,JAERI_43MEV_PEAK_3.15E9_N_SR_UC,0.0,3.15,3150000000.0,N001_JAERI_TIARA_43MEV__TRANS__JAERI_43MEV_BC501A_T150_FE000,N001_JAERI_TIARA_43MEV__TRANS__JAERI_43MEV_BC501A_T150_FE000,0.1123887894822655,0.0282822988830466,0.026789999999999998,0.0282822988830466,3.4,0.0038212188423970266,0.039143252848370544,-0.028611210517734492,-0.20291638665059925,-20.291638665059924,-0.2267956955949772,-0.7309359451695523,source_normalization_systematic_sigma is shared/correlated across bins in this proton-energy source; do not treat these per-bin normalized residuals as independent chi-square contributions.
BC501A,43,150,0,25,26,0.136,21.3,JAERI_43MEV_BC501A_T150_FE000,JAERI_43MEV_PEAK_3.15E9_N_SR_UC,0.0,3.15,3150000000.0,N001_JAERI_TIARA_43MEV__TRANS__JAERI_43MEV_BC501A_T150_FE000,N001_JAERI_TIARA_43MEV__TRANS__JAERI_43MEV_BC501A_T150_FE000,0.1072892839419211,0.0258021993086754,0.028968000000000004,0.0258021993086754,3.4,0.003647835654025317,0.038964152988655965,-0.028710716058078914,-0.21110820630940377,-21.110820630940378,-0.2371261111527194,-0.736849484869792,source_normalization_systematic_sigma is shared/correlated across bins in this proton-energy source; do not treat these per-bin normalized residuals as independent chi-square contributions.
BC501A,43,150,0,24,25,0.129,22.6,JAERI_43MEV_BC501A_T150_FE000,JAERI_43MEV_PEAK_3.15E9_N_SR_UC,0.0,3.15,3150000000.0,N001_JAERI_TIARA_43MEV__TRANS__JAERI_43MEV_BC501A_T150_FE000,N001_JAERI_TIARA_43MEV__TRANS__JAERI_43MEV_BC501A_T150_FE000,0.1075488564601801,0.0276001156714359,0.029154000000000003,0.0276001156714359,3.4,0.0036566611196461236,0.04031244561696268,-0.021451143539819903,-0.16628793441720854,-16.628793441720855,-0.18186718133876867,-0.5321221079872586,source_normalization_systematic_sigma is shared/correlated across bins in this proton-energy source; do not treat these per-bin normalized residuals as independent chi-square contributions.
BC501A,43,150,0,23,24,0.118,22.2,JAERI_43MEV_BC501A_T150_FE000,JAERI_43MEV_PEAK_3.15E9_N_SR_UC,0.0,3.15,3150000000.0,N001_JAERI_TIARA_43MEV__TRANS__JAERI_43MEV_BC501A_T150_FE000,N001_JAERI_TIARA_43MEV__TRANS__JAERI_43MEV_BC501A_T150_FE000,0.0670141500774366,0.0186714467518042,0.026195999999999997,0.0186714467518042,3.4,0.0022784811026328442,0.03224972582736967,-0.0509858499225634,-0.4320834739200288,-43.208347392002885,-0.5657808321876416,-1.5809700273263336,source_normalization_systematic_sigma is shared/correlated across bins in this proton-energy source; do not treat these per-bin normalized residuals as independent chi-square contributions.
BC501A,43,150,0,22,23,0.105,19.4,JAERI_43MEV_BC501A_T150_FE000,JAERI_43MEV_PEAK_3.15E9_N_SR_UC,0.0,3.15,3150000000.0,N001_JAERI_TIARA_43MEV__TRANS__JAERI_43MEV_BC501A_T150_FE000,N001_JAERI_TIARA_43MEV__TRANS__JAERI_43MEV_BC501A_T150_FE000,0.0610780800743055,0.0163691278898042,0.02037,0.0163691278898042,3.4,0.002076654722526387,0.02621445675022385,-0.0439219199256945,-0.41830399929232853,-41.830399929232854,-0.5418073032692661,-1.6754846512438004,source_normalization_systematic_sigma is shared/correlated across bins in this proton-energy source; do not treat these per-bin normalized residuals as independent chi-square contributions.
BC501A,43,150,0,21,22,0.0881,13.7,JAERI_43MEV_BC501A_T150_FE000,JAERI_43MEV_PEAK_3.15E9_N_SR_UC,0.0,3.15,3150000000.0,N001_JAERI_TIARA_43MEV__TRANS__JAERI_43MEV_BC501A_T150_FE000,N001_JAERI_TIARA_43MEV__TRANS__JAERI_43MEV_BC501A_T150_FE000,0.1080313801211068,0.0244591866674766,0.0120697,0.0244591866674766,3.4,0.003673066924117631,0.027521280696099736,0.019931380121106804,0.22623586970609313,22.623586970609313,0.20394920865558425,0.724217028313346,source_normalization_systematic_sigma is shared/correlated across bins in this proton-energy source; do not treat these per-bin normalized residuals as independent chi-square contributions.
BC501A,43,150,0,20,21,0.0713,6.6,JAERI_43MEV_BC501A_T150_FE000,JAERI_43MEV_PEAK_3.15E9_N_SR_UC,0.0,3.15,3150000000.0,N001_JAERI_TIARA_43MEV__TRANS__JAERI_43MEV_BC501A_T150_FE000,N001_JAERI_TIARA_43MEV__TRANS__JAERI_43MEV_BC501A_T150_FE000,0.1059064941752462,0.0241470117747426,0.0047058,0.0241470117747426,3.4,0.0036008208019583706,0.024863399641589116,0.034606494175246194,0.4853645746878849,48.53645746878849,0.3956602469636077,1.3918649369798874,source_normalization_systematic_sigma is shared/correlated across bins in this proton-energy source; do not treat these per-bin normalized residuals as independent chi-square contributions.
BC501A,43,150,0,19,20,0.0571,12.8,JAERI_43MEV_BC501A_T150_FE000,JAERI_43MEV_PEAK_3.15E9_N_SR_UC,0.0,3.15,3150000000.0,N001_JAERI_TIARA_43MEV__TRANS__JAERI_43MEV_BC501A_T150_FE000,N001_JAERI_TIARA_43MEV__TRANS__JAERI_43MEV_BC501A_T150_FE000,0.1015969126018027,0.0233573964967385,0.0073088,0.0233573964967385,3.4,0.0034542950284612915,0.024716769260757044,0.044496912601802704,0.7792804308546883,77.92804308546883,0.5762090302431667,1.800272201126654,source_normalization_systematic_sigma is shared/correlated across bins in this proton-energy source; do not treat these per-bin normalized residuals as independent chi-square contributions.
BC501A,43,150,0,18,19,0.0481,22.4,JAERI_43MEV_BC501A_T150_FE000,JAERI_43MEV_PEAK_3.15E9_N_SR_UC,0.0,3.15,3150000000.0,N001_JAERI_TIARA_43MEV__TRANS__JAERI_43MEV_BC501A_T150_FE000,N001_JAERI_TIARA_43MEV__TRANS__JAERI_43MEV_BC501A_T150_FE000,0.1271006158479386,0.0240020514386852,0.0107744,0.0240020514386852,3.4,0.0043214209388299125,0.0266619738120764,0.0790006158479386,1.6424244459030897,164.24244459030896,0.9716968464530603,2.9630445369410605,source_normalization_systematic_sigma is shared/correlated across bins in this proton-energy source; do not treat these per-bin normalized residuals as independent chi-square contributions.
BC501A,43,150,0,17,18,0.0453,22.4,JAERI_43MEV_BC501A_T150_FE000,JAERI_43MEV_PEAK_3.15E9_N_SR_UC,0.0,3.15,3150000000.0,N001_JAERI_TIARA_43MEV__TRANS__JAERI_43MEV_BC501A_T150_FE000,N001_JAERI_TIARA_43MEV__TRANS__JAERI_43MEV_BC501A_T150_FE000,0.0582901229898024,0.0147502584604371,0.010147199999999999,0.0147502584604371,3.4,0.0019818641816532812,0.018012872567256352,0.0129901229898024,0.28675768189409273,28.675768189409272,0.25212562953025847,0.7211577687734124,source_normalization_systematic_sigma is shared/correlated across bins in this proton-energy source; do not treat these per-bin normalized residuals as independent chi-square contributions.
BC501A,43,150,0,16,17,0.0467,14.6,JAERI_43MEV_BC501A_T150_FE000,JAERI_43MEV_PEAK_3.15E9_N_SR_UC,0.0,3.15,3150000000.0,N001_JAERI_TIARA_43MEV__TRANS__JAERI_43MEV_BC501A_T150_FE000,N001_JAERI_TIARA_43MEV__TRANS__JAERI_43MEV_BC501A_T150_FE000,0.1191339732732874,0.0238015756251562,0.0068182,0.0238015756251562,3.4,0.004050555091291772,0.025088041972772996,0.0724339732732874,1.5510486782288524,155.10486782288524,0.9365045209959812,2.88719117067394,source_normalization_systematic_sigma is shared/correlated across bins in this proton-energy source; do not treat these per-bin normalized residuals as independent chi-square contributions.
BC501A,43,150,0,15,16,0.0487,8.2,JAERI_43MEV_BC501A_T150_FE000,JAERI_43MEV_PEAK_3.15E9_N_SR_UC,0.0,3.15,3150000000.0,N001_JAERI_TIARA_43MEV__TRANS__JAERI_43MEV_BC501A_T150_FE000,N001_JAERI_TIARA_43MEV__TRANS__JAERI_43MEV_BC501A_T150_FE000,0.0596365056038532,0.0158273685334816,0.003993399999999999,0.0158273685334816,3.4,0.0020276411905310087,0.016448834823542414,0.010936505603853203,0.22456890356988096,22.456890356988097,0.20258886660675743,0.6648802618043387,source_normalization_systematic_sigma is shared/correlated across bins in this proton-energy source; do not treat these per-bin normalized residuals as independent chi-square contributions.
BC501A,43,150,0,14,15,0.0483,6.7,JAERI_43MEV_BC501A_T150_FE000,JAERI_43MEV_PEAK_3.15E9_N_SR_UC,0.0,3.15,3150000000.0,N001_JAERI_TIARA_43MEV__TRANS__JAERI_43MEV_BC501A_T150_FE000,N001_JAERI_TIARA_43MEV__TRANS__JAERI_43MEV_BC501A_T150_FE000,0.0442163202369789,0.0125117120439108,0.0032361,0.0125117120439108,3.4,0.0015033548880572826,0.013010586358776775,-0.004083679763021104,-0.08454823525923612,-8.454823525923612,-0.08833760359501516,-0.3138736141792953,source_normalization_systematic_sigma is shared/correlated across bins in this proton-energy source; do not treat these per-bin normalized residuals as independent chi-square contributions.
BC501A,43,150,0,13,14,0.045,9.8,JAERI_43MEV_BC501A_T150_FE000,JAERI_43MEV_PEAK_3.15E9_N_SR_UC,0.0,3.15,3150000000.0,N001_JAERI_TIARA_43MEV__TRANS__JAERI_43MEV_BC501A_T150_FE000,N001_JAERI_TIARA_43MEV__TRANS__JAERI_43MEV_BC501A_T150_FE000,0.0438153828627878,0.0119334534365825,0.00441,0.0119334534365825,3.4,0.001489723017334785,0.01280916412540099,-0.0011846171372121989,-0.026324825271382198,-2.6324825271382197,-0.0266775271336675,-0.09248200160563674,source_normalization_systematic_sigma is shared/correlated across bins in this proton-energy source; do not treat these per-bin normalized residuals as independent chi-square contributions.
BC501A,43,150,0,12,13,0.0406,18.0,JAERI_43MEV_BC501A_T150_FE000,JAERI_43MEV_PEAK_3.15E9_N_SR_UC,0.0,3.15,3150000000.0,N001_JAERI_TIARA_43MEV__TRANS__JAERI_43MEV_BC501A_T150_FE000,N001_JAERI_TIARA_43MEV__TRANS__JAERI_43MEV_BC501A_T150_FE000,0.0743640389180086,0.0158815907254818,0.0073079999999999985,0.0158815907254818,3.4,0.002528377323212292,0.01766421466865266,0.033764038918008596,0.8316265743351872,83.16265743351872,0.6052044105048916,1.9114373070843096,source_normalization_systematic_sigma is shared/correlated across bins in this proton-energy source; do not treat these per-bin normalized residuals as independent chi-square contributions.
BC501A,43,150,0,11,12,0.0371,25.5,JAERI_43MEV_BC501A_T150_FE000,JAERI_43MEV_PEAK_3.15E9_N_SR_UC,0.0,3.15,3150000000.0,N001_JAERI_TIARA_43MEV__TRANS__JAERI_43MEV_BC501A_T150_FE000,N001_JAERI_TIARA_43MEV__TRANS__JAERI_43MEV_BC501A_T150_FE000,0.0457711494730474,0.0106471463282827,0.0094605,0.0106471463282827,3.4,0.0015562190820836114,0.014327756384629972,0.008671149473047396,0.23372370547297563,23.372370547297564,0.21003699885189125,0.6051993934199863,source_normalization_systematic_sigma is shared/correlated across bins in this proton-energy source; do not treat these per-bin normalized residuals as independent chi-square contributions.
BC501A,43,150,0,10,11,0.0359,27.1,JAERI_43MEV_BC501A_T150_FE000,JAERI_43MEV_PEAK_3.15E9_N_SR_UC,0.0,3.15,3150000000.0,N001_JAERI_TIARA_43MEV__TRANS__JAERI_43MEV_BC501A_T150_FE000,N001_JAERI_TIARA_43MEV__TRANS__JAERI_43MEV_BC501A_T150_FE000,0.0536515204525938,0.0123185487535911,0.0097289,0.0123185487535911,3.4,0.0018241516953881889,0.01580271078050815,0.017751520452593796,0.49447132179927006,49.447132179927,0.4017725133969985,1.1233212262853918,source_normalization_systematic_sigma is shared/correlated across bins in this proton-energy source; do not treat these per-bin normalized residuals as independent chi-square contributions.
BC501A,43,150,0,9,10,0.0378,20.4,JAERI_43MEV_BC501A_T150_FE000,JAERI_43MEV_PEAK_3.15E9_N_SR_UC,0.0,3.15,3150000000.0,N001_JAERI_TIARA_43MEV__TRANS__JAERI_43MEV_BC501A_T150_FE000,N001_JAERI_TIARA_43MEV__TRANS__JAERI_43MEV_BC501A_T150_FE000,0.0583821784818616,0.0117021847349564,0.007711199999999999,0.0117021847349564,3.4,0.001984994068383294,0.01415429031999003,0.0205821784818616,0.5445020762397248,54.45020762397248,0.4347015776551198,1.4541300211140573,source_normalization_systematic_sigma is shared/correlated across bins in this proton-energy source; do not treat these per-bin normalized residuals as independent chi-square contributions.
BC501A,43,150,0,8,9,0.0451,5.2,JAERI_43MEV_BC501A_T150_FE000,JAERI_43MEV_PEAK_3.15E9_N_SR_UC,0.0,3.15,3150000000.0,N001_JAERI_TIARA_43MEV__TRANS__JAERI_43MEV_BC501A_T150_FE000,N001_JAERI_TIARA_43MEV__TRANS__JAERI_43MEV_BC501A_T150_FE000,0.0532229140810885,0.0095312926524057,0.0023452,0.0095312926524057,3.4,0.0018095790787570091,0.009980985878563196,0.008122914081088499,0.18010895966936805,18.010895966936804,0.16560677291747214,0.8138388511834891,source_normalization_systematic_sigma is shared/correlated across bins in this proton-energy source; do not treat these per-bin normalized residuals as independent chi-square contributions.
BC501A,43,150,0,7,8,0.0583,22.8,JAERI_43MEV_BC501A_T150_FE000,JAERI_43MEV_PEAK_3.15E9_N_SR_UC,0.0,3.15,3150000000.0,N001_JAERI_TIARA_43MEV__TRANS__JAERI_43MEV_BC501A_T150_FE000,N001_JAERI_TIARA_43MEV__TRANS__JAERI_43MEV_BC501A_T150_FE000,0.0566033785437715,0.0095859436018084,0.0132924,0.0095859436018084,3.4,0.0019245148704882312,0.016500968758948114,-0.0016966214562284948,-0.029101568717469894,-2.9101568717469894,-0.029533418342712326,-0.10281950599466799,source_normalization_systematic_sigma is shared/correlated across bins in this proton-energy source; do not treat these per-bin normalized residuals as independent chi-square contributions.
BC501A,43,150,0,6,7,0.0687,42.2,JAERI_43MEV_BC501A_T150_FE000,JAERI_43MEV_PEAK_3.15E9_N_SR_UC,0.0,3.15,3150000000.0,N001_JAERI_TIARA_43MEV__TRANS__JAERI_43MEV_BC501A_T150_FE000,N001_JAERI_TIARA_43MEV__TRANS__JAERI_43MEV_BC501A_T150_FE000,0.0837441661066921,0.0112290291703179,0.0289914,0.0112290291703179,3.4,0.002847301647627531,0.03122017771795082,0.015044166106692097,0.21898349500279618,21.89834950027962,0.19801731062305422,0.4818731732600638,source_normalization_systematic_sigma is shared/correlated across bins in this proton-energy source; do not treat these per-bin normalized residuals as independent chi-square contributions.
BC501A,43,150,0,5,6,0.0631,54.9,JAERI_43MEV_BC501A_T150_FE000,JAERI_43MEV_PEAK_3.15E9_N_SR_UC,0.0,3.15,3150000000.0,N001_JAERI_TIARA_43MEV__TRANS__JAERI_43MEV_BC501A_T150_FE000,N001_JAERI_TIARA_43MEV__TRANS__JAERI_43MEV_BC501A_T150_FE000,0.0682006689502768,0.0087396262547584,0.034641899999999996,0.0087396262547584,3.4,0.002318822744309411,0.035802503286814856,0.0051006689502767905,0.080834690178713,8.0834690178713,0.07773360390922923,0.14246682444004513,source_normalization_systematic_sigma is shared/correlated across bins in this proton-energy source; do not treat these per-bin normalized residuals as independent chi-square contributions.
