detector,source_proton_MeV,shield_thickness_cm,off_axis_cm,energy_lower_MeV,energy_upper_MeV,lethargy_flux_n_cm2_per_uC,error_percent,geometry_id,source_normalization_id,additional_iron_collimator_cm,peak_source_intensity_x1e9_n_sr_uC,peak_source_intensity_n_sr_uC,expected_run_id,run_id,mc_lethargy_flux_n_cm2_per_uC,mc_sigma_lethargy_flux_n_cm2_per_uC,reference_sigma,mc_statistical_sigma,source_normalization_systematic_percent,source_normalization_systematic_sigma,combined_sigma,residual,relative_residual,percent_difference,log_residual,uncertainty_normalized_residual,uncertainty_correlation_note
BC501A,68,25,0,68,70,16000.0,4.8,JAERI_68MEV_BC501A_T025_FE080,JAERI_68MEV_PEAK_4.77E9_N_SR_UC,80.0,4.77,4770000000.0,N002_JAERI_TIARA_68MEV__TRANS__JAERI_68MEV_BC501A_T025_FE080,N002_JAERI_TIARA_68MEV__TRANS__JAERI_68MEV_BC501A_T025_FE080,690.0195345696314,36.54028407334253,768.0,36.54028407334253,3.9,26.910761848215625,769.3395748714685,-15309.980465430368,-0.956873779089398,-95.6873779089398,-3.1436240930608808,-19.900159780534057,source_normalization_systematic_sigma is shared/correlated across bins in this proton-energy source; do not treat these per-bin normalized residuals as independent chi-square contributions.
BC501A,68,25,0,66,68,32400.0,4.7,JAERI_68MEV_BC501A_T025_FE080,JAERI_68MEV_PEAK_4.77E9_N_SR_UC,80.0,4.77,4770000000.0,N002_JAERI_TIARA_68MEV__TRANS__JAERI_68MEV_BC501A_T025_FE080,N002_JAERI_TIARA_68MEV__TRANS__JAERI_68MEV_BC501A_T025_FE080,26818.095777225,222.03261064198983,1522.8,222.03261064198983,3.9,1045.905735311775,1860.681898484145,-5581.904222775,-0.17228099453009257,-17.228099453009257,-0.18908154756884546,-2.9999239672952425,source_normalization_systematic_sigma is shared/correlated across bins in this proton-energy source; do not treat these per-bin normalized residuals as independent chi-square contributions.
BC501A,68,25,0,64,66,45800.0,4.5,JAERI_68MEV_BC501A_T025_FE080,JAERI_68MEV_PEAK_4.77E9_N_SR_UC,80.0,4.77,4770000000.0,N002_JAERI_TIARA_68MEV__TRANS__JAERI_68MEV_BC501A_T025_FE080,N002_JAERI_TIARA_68MEV__TRANS__JAERI_68MEV_BC501A_T025_FE080,84348.34117879669,379.791711052375,2061.0,379.791711052375,3.9,3289.5853059730707,3900.4274418399364,38548.34117879669,0.8416668379649932,84.16668379649931,0.6106710517483684,9.883106852671615,source_normalization_systematic_sigma is shared/correlated across bins in this proton-energy source; do not treat these per-bin normalized residuals as independent chi-square contributions.
BC501A,68,25,0,62,64,46600.0,4.4,JAERI_68MEV_BC501A_T025_FE080,JAERI_68MEV_PEAK_4.77E9_N_SR_UC,80.0,4.77,4770000000.0,N002_JAERI_TIARA_68MEV__TRANS__JAERI_68MEV_BC501A_T025_FE080,N002_JAERI_TIARA_68MEV__TRANS__JAERI_68MEV_BC501A_T025_FE080,28384.322476041725,217.0946696448291,2050.4,217.0946696448291,3.9,1106.9885765656272,2340.233741367514,-18215.677523958275,-0.39089436746691575,-39.089436746691575,-0.4957635738780965,-7.783700064641387,source_normalization_systematic_sigma is shared/correlated across bins in this proton-energy source; do not treat these per-bin normalized residuals as independent chi-square contributions.
BC501A,68,25,0,60,62,34800.0,4.7,JAERI_68MEV_BC501A_T025_FE080,JAERI_68MEV_PEAK_4.77E9_N_SR_UC,80.0,4.77,4770000000.0,N002_JAERI_TIARA_68MEV__TRANS__JAERI_68MEV_BC501A_T025_FE080,N002_JAERI_TIARA_68MEV__TRANS__JAERI_68MEV_BC501A_T025_FE080,3639.586724403212,74.58167619912872,1635.6,74.58167619912872,3.9,141.94388225172526,1643.4408575100485,-31160.413275596788,-0.8954141745861146,-89.54141745861146,-2.2577472488294856,-18.960471338656774,source_normalization_systematic_sigma is shared/correlated across bins in this proton-energy source; do not treat these per-bin normalized residuals as independent chi-square contributions.
BC501A,68,25,0,58,60,19500.0,5.1,JAERI_68MEV_BC501A_T025_FE080,JAERI_68MEV_PEAK_4.77E9_N_SR_UC,80.0,4.77,4770000000.0,N002_JAERI_TIARA_68MEV__TRANS__JAERI_68MEV_BC501A_T025_FE080,N002_JAERI_TIARA_68MEV__TRANS__JAERI_68MEV_BC501A_T025_FE080,3563.269245436495,73.78848955109518,994.5,73.78848955109518,3.9,138.9675005720233,1006.8698810697773,-15936.730754563505,-0.8172682438237695,-81.72682438237695,-1.6997360147405671,-15.827994316039204,source_normalization_systematic_sigma is shared/correlated across bins in this proton-energy source; do not treat these per-bin normalized residuals as independent chi-square contributions.
BC501A,68,25,0,56,58,9140.0,4.9,JAERI_68MEV_BC501A_T025_FE080,JAERI_68MEV_PEAK_4.77E9_N_SR_UC,80.0,4.77,4770000000.0,N002_JAERI_TIARA_68MEV__TRANS__JAERI_68MEV_BC501A_T025_FE080,N002_JAERI_TIARA_68MEV__TRANS__JAERI_68MEV_BC501A_T025_FE080,4516.02361640586,81.5531411522686,447.86,81.5531411522686,3.9,176.1249210398285,488.10806410372663,-4623.97638359414,-0.5059055124282429,-50.59055124282429,-0.7050285096958909,-9.473263655425923,source_normalization_systematic_sigma is shared/correlated across bins in this proton-energy source; do not treat these per-bin normalized residuals as independent chi-square contributions.
BC501A,68,25,0,54,56,5440.0,5.9,JAERI_68MEV_BC501A_T025_FE080,JAERI_68MEV_PEAK_4.77E9_N_SR_UC,80.0,4.77,4770000000.0,N002_JAERI_TIARA_68MEV__TRANS__JAERI_68MEV_BC501A_T025_FE080,N002_JAERI_TIARA_68MEV__TRANS__JAERI_68MEV_BC501A_T025_FE080,5436.057028053489,88.23462469128144,320.96000000000004,88.23462469128144,3.9,212.00622409408606,394.6483366860212,-3.9429719465106245,-0.0007248110195791589,-0.07248110195791589,-0.0007250738220819328,-0.0099911024068185,source_normalization_systematic_sigma is shared/correlated across bins in this proton-energy source; do not treat these per-bin normalized residuals as independent chi-square contributions.
BC501A,68,25,0,52,54,5550.0,6.3,JAERI_68MEV_BC501A_T025_FE080,JAERI_68MEV_PEAK_4.77E9_N_SR_UC,80.0,4.77,4770000000.0,N002_JAERI_TIARA_68MEV__TRANS__JAERI_68MEV_BC501A_T025_FE080,N002_JAERI_TIARA_68MEV__TRANS__JAERI_68MEV_BC501A_T025_FE080,5593.21102834211,87.54392203393309,349.65,87.54392203393309,3.9,218.13523010534226,421.3099089722362,43.211028342109785,0.007785770872452214,0.7785770872452213,0.007755618165333854,0.10256352253266689,source_normalization_systematic_sigma is shared/correlated across bins in this proton-energy source; do not treat these per-bin normalized residuals as independent chi-square contributions.
BC501A,68,25,0,50,52,6560.0,5.5,JAERI_68MEV_BC501A_T025_FE080,JAERI_68MEV_PEAK_4.77E9_N_SR_UC,80.0,4.77,4770000000.0,N002_JAERI_TIARA_68MEV__TRANS__JAERI_68MEV_BC501A_T025_FE080,N002_JAERI_TIARA_68MEV__TRANS__JAERI_68MEV_BC501A_T025_FE080,5685.687155684356,86.58697590768081,360.8,86.58697590768081,3.9,221.74179907168988,432.2538257232514,-874.3128443156438,-0.13327939699933594,-13.327939699933594,-0.14303861134560739,-2.0226838775868203,source_normalization_systematic_sigma is shared/correlated across bins in this proton-energy source; do not treat these per-bin normalized residuals as independent chi-square contributions.
BC501A,68,25,0,48,50,7050.0,5.2,JAERI_68MEV_BC501A_T025_FE080,JAERI_68MEV_PEAK_4.77E9_N_SR_UC,80.0,4.77,4770000000.0,N002_JAERI_TIARA_68MEV__TRANS__JAERI_68MEV_BC501A_T025_FE080,N002_JAERI_TIARA_68MEV__TRANS__JAERI_68MEV_BC501A_T025_FE080,5630.94955002808,84.2201363209536,366.6,84.2201363209536,3.9,219.6070324510951,435.5638185890747,-1419.05044997192,-0.20128375176906665,-20.128375176906665,-0.22474952991911196,-3.257962184665984,source_normalization_systematic_sigma is shared/correlated across bins in this proton-energy source; do not treat these per-bin normalized residuals as independent chi-square contributions.
BC501A,68,25,0,46,48,6740.0,5.2,JAERI_68MEV_BC501A_T025_FE080,JAERI_68MEV_PEAK_4.77E9_N_SR_UC,80.0,4.77,4770000000.0,N002_JAERI_TIARA_68MEV__TRANS__JAERI_68MEV_BC501A_T025_FE080,N002_JAERI_TIARA_68MEV__TRANS__JAERI_68MEV_BC501A_T025_FE080,5515.004758078662,81.39287113967931,350.48,81.39287113967931,3.9,215.0851855650678,419.19287556197816,-1224.9952419213378,-0.18175003589337355,-18.175003589337354,-0.20058740946687142,-2.9222711389812748,source_normalization_systematic_sigma is shared/correlated across bins in this proton-energy source; do not treat these per-bin normalized residuals as independent chi-square contributions.
BC501A,68,25,0,44,46,5920.0,5.2,JAERI_68MEV_BC501A_T025_FE080,JAERI_68MEV_PEAK_4.77E9_N_SR_UC,80.0,4.77,4770000000.0,N002_JAERI_TIARA_68MEV__TRANS__JAERI_68MEV_BC501A_T025_FE080,N002_JAERI_TIARA_68MEV__TRANS__JAERI_68MEV_BC501A_T025_FE080,5198.706925375967,77.04604768038179,307.84,77.04604768038179,3.9,202.74957008966274,376.57528760489674,-721.2930746240327,-0.12184004638919471,-12.184004638919472,-0.1299265224285245,-1.915402041412803,source_normalization_systematic_sigma is shared/correlated across bins in this proton-energy source; do not treat these per-bin normalized residuals as independent chi-square contributions.
BC501A,68,25,0,43,44,5280.0,5.3,JAERI_68MEV_BC501A_T025_FE080,JAERI_68MEV_PEAK_4.77E9_N_SR_UC,80.0,4.77,4770000000.0,N002_JAERI_TIARA_68MEV__TRANS__JAERI_68MEV_BC501A_T025_FE080,N002_JAERI_TIARA_68MEV__TRANS__JAERI_68MEV_BC501A_T025_FE080,4886.425222514161,102.48107151104855,279.84,102.48107151104855,3.9,190.5705836780523,353.73710998628087,-393.57477748583915,-0.07454067755413621,-7.454067755413621,-0.07746509991087748,-1.112619418135415,source_normalization_systematic_sigma is shared/correlated across bins in this proton-energy source; do not treat these per-bin normalized residuals as independent chi-square contributions.
BC501A,68,25,0,42,43,4940.0,5.5,JAERI_68MEV_BC501A_T025_FE080,JAERI_68MEV_PEAK_4.77E9_N_SR_UC,80.0,4.77,4770000000.0,N002_JAERI_TIARA_68MEV__TRANS__JAERI_68MEV_BC501A_T025_FE080,N002_JAERI_TIARA_68MEV__TRANS__JAERI_68MEV_BC501A_T025_FE080,4710.969904130488,99.78314531338604,271.7,99.78314531338604,3.9,183.72782626108904,342.8315624782194,-229.03009586951157,-0.04636236758492137,-4.636236758492137,-0.04747151992719236,-0.668054289441516,source_normalization_systematic_sigma is shared/correlated across bins in this proton-energy source; do not treat these per-bin normalized residuals as independent chi-square contributions.
BC501A,68,25,0,41,42,4690.0,5.7,JAERI_68MEV_BC501A_T025_FE080,JAERI_68MEV_PEAK_4.77E9_N_SR_UC,80.0,4.77,4770000000.0,N002_JAERI_TIARA_68MEV__TRANS__JAERI_68MEV_BC501A_T025_FE080,N002_JAERI_TIARA_68MEV__TRANS__JAERI_68MEV_BC501A_T025_FE080,4588.910201953505,96.734090931609,267.33,96.734090931609,3.9,178.96749787618668,335.9347831714181,-101.08979804649516,-0.021554327941683403,-2.15543279416834,-0.021790015344706124,-0.30092090224224227,source_normalization_systematic_sigma is shared/correlated across bins in this proton-energy source; do not treat these per-bin normalized residuals as independent chi-square contributions.
BC501A,68,25,0,40,41,4530.0,5.9,JAERI_68MEV_BC501A_T025_FE080,JAERI_68MEV_PEAK_4.77E9_N_SR_UC,80.0,4.77,4770000000.0,N002_JAERI_TIARA_68MEV__TRANS__JAERI_68MEV_BC501A_T025_FE080,N002_JAERI_TIARA_68MEV__TRANS__JAERI_68MEV_BC501A_T025_FE080,4272.583987394948,92.15861566224416,267.27,92.15861566224416,3.9,166.630775508403,328.1650174642523,-257.41601260505195,-0.05682472684438233,-5.682472684438233,-0.05850314601057293,-0.7844102780793594,source_normalization_systematic_sigma is shared/correlated across bins in this proton-energy source; do not treat these per-bin normalized residuals as independent chi-square contributions.
BC501A,68,25,0,39,40,4420.0,6.3,JAERI_68MEV_BC501A_T025_FE080,JAERI_68MEV_PEAK_4.77E9_N_SR_UC,80.0,4.77,4770000000.0,N002_JAERI_TIARA_68MEV__TRANS__JAERI_68MEV_BC501A_T025_FE080,N002_JAERI_TIARA_68MEV__TRANS__JAERI_68MEV_BC501A_T025_FE080,4290.87818224376,91.0181856761007,278.46,91.0181856761007,3.9,167.34424910750667,337.38461647372776,-129.12181775623958,-0.029213080940325698,-2.92130809403257,-0.029648279613060498,-0.38271400488200485,source_normalization_systematic_sigma is shared/correlated across bins in this proton-energy source; do not treat these per-bin normalized residuals as independent chi-square contributions.
BC501A,68,25,0,38,39,4350.0,6.7,JAERI_68MEV_BC501A_T025_FE080,JAERI_68MEV_PEAK_4.77E9_N_SR_UC,80.0,4.77,4770000000.0,N002_JAERI_TIARA_68MEV__TRANS__JAERI_68MEV_BC501A_T025_FE080,N002_JAERI_TIARA_68MEV__TRANS__JAERI_68MEV_BC501A_T025_FE080,4170.371578592933,88.65706187244476,291.45,88.65706187244476,3.9,162.64449156512438,345.33521071030725,-179.62842140706744,-0.04129388997863619,-4.129388997863619,-0.04217070568348402,-0.520156693658884,source_normalization_systematic_sigma is shared/correlated across bins in this proton-energy source; do not treat these per-bin normalized residuals as independent chi-square contributions.
BC501A,68,25,0,37,38,4270.0,6.9,JAERI_68MEV_BC501A_T025_FE080,JAERI_68MEV_PEAK_4.77E9_N_SR_UC,80.0,4.77,4770000000.0,N002_JAERI_TIARA_68MEV__TRANS__JAERI_68MEV_BC501A_T025_FE080,N002_JAERI_TIARA_68MEV__TRANS__JAERI_68MEV_BC501A_T025_FE080,4035.937519803536,85.56965609355491,294.63,85.56965609355491,3.9,157.4015632723379,344.8249629370604,-234.0624801964641,-0.05481556913266138,-5.481556913266139,-0.05637520559161081,-0.6787863564250906,source_normalization_systematic_sigma is shared/correlated across bins in this proton-energy source; do not treat these per-bin normalized residuals as independent chi-square contributions.
BC501A,68,25,0,36,37,4170.0,7.1,JAERI_68MEV_BC501A_T025_FE080,JAERI_68MEV_PEAK_4.77E9_N_SR_UC,80.0,4.77,4770000000.0,N002_JAERI_TIARA_68MEV__TRANS__JAERI_68MEV_BC501A_T025_FE080,N002_JAERI_TIARA_68MEV__TRANS__JAERI_68MEV_BC501A_T025_FE080,3871.0628249280535,83.05346592044806,296.07,83.05346592044806,3.9,150.9714501721941,342.56050833173157,-298.9371750719465,-0.07168757195969941,-7.168757195969941,-0.07438693470906471,-0.8726551012192546,source_normalization_systematic_sigma is shared/correlated across bins in this proton-energy source; do not treat these per-bin normalized residuals as independent chi-square contributions.
BC501A,68,25,0,35,36,4020.0,7.3,JAERI_68MEV_BC501A_T025_FE080,JAERI_68MEV_PEAK_4.77E9_N_SR_UC,80.0,4.77,4770000000.0,N002_JAERI_TIARA_68MEV__TRANS__JAERI_68MEV_BC501A_T025_FE080,N002_JAERI_TIARA_68MEV__TRANS__JAERI_68MEV_BC501A_T025_FE080,3762.832818996987,80.61161978853738,293.46,80.61161978853738,3.9,146.75047994088249,337.8649259805034,-257.16718100301296,-0.0639719355728888,-6.39719355728888,-0.06610981959173877,-0.7611538257683866,source_normalization_systematic_sigma is shared/correlated across bins in this proton-energy source; do not treat these per-bin normalized residuals as independent chi-square contributions.
BC501A,68,25,0,34,35,3830.0,7.6,JAERI_68MEV_BC501A_T025_FE080,JAERI_68MEV_PEAK_4.77E9_N_SR_UC,80.0,4.77,4770000000.0,N002_JAERI_TIARA_68MEV__TRANS__JAERI_68MEV_BC501A_T025_FE080,N002_JAERI_TIARA_68MEV__TRANS__JAERI_68MEV_BC501A_T025_FE080,3533.742315267877,76.30059799555211,291.08,76.30059799555211,3.9,137.8159502954472,330.9721798132224,-296.2576847321229,-0.07735187590917048,-7.7351875909170476,-0.08050734783699523,-0.8951135557656541,source_normalization_systematic_sigma is shared/correlated across bins in this proton-energy source; do not treat these per-bin normalized residuals as independent chi-square contributions.
BC501A,68,25,0,33,34,3630.0,7.8,JAERI_68MEV_BC501A_T025_FE080,JAERI_68MEV_PEAK_4.77E9_N_SR_UC,80.0,4.77,4770000000.0,N002_JAERI_TIARA_68MEV__TRANS__JAERI_68MEV_BC501A_T025_FE080,N002_JAERI_TIARA_68MEV__TRANS__JAERI_68MEV_BC501A_T025_FE080,3422.662818170287,73.36622487950734,283.14,73.36622487950734,3.9,133.48384990864122,321.51018761386564,-207.3371818297128,-0.05711768094482446,-5.711768094482446,-0.05881379835120981,-0.6448852627921239,source_normalization_systematic_sigma is shared/correlated across bins in this proton-energy source; do not treat these per-bin normalized residuals as independent chi-square contributions.
BC501A,68,25,0,32,33,3440.0,8.1,JAERI_68MEV_BC501A_T025_FE080,JAERI_68MEV_PEAK_4.77E9_N_SR_UC,80.0,4.77,4770000000.0,N002_JAERI_TIARA_68MEV__TRANS__JAERI_68MEV_BC501A_T025_FE080,N002_JAERI_TIARA_68MEV__TRANS__JAERI_68MEV_BC501A_T025_FE080,3230.7108192678984,70.51093316180364,278.64,70.51093316180364,3.9,125.99772195144804,313.8271295351993,-209.2891807321016,-0.06083987811979698,-6.083987811979698,-0.06276929047732846,-0.6668932065945798,source_normalization_systematic_sigma is shared/correlated across bins in this proton-energy source; do not treat these per-bin normalized residuals as independent chi-square contributions.
BC501A,68,25,0,31,32,3310.0,8.2,JAERI_68MEV_BC501A_T025_FE080,JAERI_68MEV_PEAK_4.77E9_N_SR_UC,80.0,4.77,4770000000.0,N002_JAERI_TIARA_68MEV__TRANS__JAERI_68MEV_BC501A_T025_FE080,N002_JAERI_TIARA_68MEV__TRANS__JAERI_68MEV_BC501A_T025_FE080,3089.5585726166914,67.72378463752311,271.41999999999996,67.72378463752311,3.9,120.49278433205096,304.5879815122713,-220.44142738330856,-0.06659861854480621,-6.659861854480622,-0.06891996544266833,-0.7237364596226767,source_normalization_systematic_sigma is shared/correlated across bins in this proton-energy source; do not treat these per-bin normalized residuals as independent chi-square contributions.
BC501A,68,25,0,30,31,3240.0,8.2,JAERI_68MEV_BC501A_T025_FE080,JAERI_68MEV_PEAK_4.77E9_N_SR_UC,80.0,4.77,4770000000.0,N002_JAERI_TIARA_68MEV__TRANS__JAERI_68MEV_BC501A_T025_FE080,N002_JAERI_TIARA_68MEV__TRANS__JAERI_68MEV_BC501A_T025_FE080,3020.836549863226,66.13346476377876,265.67999999999995,66.13346476377876,3.9,117.81262544466581,298.0592428961515,-219.16345013677392,-0.06764304016567096,-6.764304016567096,-0.07003953350981204,-0.7353016400606436,source_normalization_systematic_sigma is shared/correlated across bins in this proton-energy source; do not treat these per-bin normalized residuals as independent chi-square contributions.
BC501A,68,25,0,29,30,3230.0,8.3,JAERI_68MEV_BC501A_T025_FE080,JAERI_68MEV_PEAK_4.77E9_N_SR_UC,80.0,4.77,4770000000.0,N002_JAERI_TIARA_68MEV__TRANS__JAERI_68MEV_BC501A_T025_FE080,N002_JAERI_TIARA_68MEV__TRANS__JAERI_68MEV_BC501A_T025_FE080,2853.451719149504,62.71645065021923,268.09000000000003,62.71645065021923,3.9,111.28461704683065,296.9677882758013,-376.5482808504962,-0.11657841512399264,-11.657841512399264,-0.12395274625359058,-1.2679768504077167,source_normalization_systematic_sigma is shared/correlated across bins in this proton-energy source; do not treat these per-bin normalized residuals as independent chi-square contributions.
BC501A,68,25,0,28,29,3240.0,8.7,JAERI_68MEV_BC501A_T025_FE080,JAERI_68MEV_PEAK_4.77E9_N_SR_UC,80.0,4.77,4770000000.0,N002_JAERI_TIARA_68MEV__TRANS__JAERI_68MEV_BC501A_T025_FE080,N002_JAERI_TIARA_68MEV__TRANS__JAERI_68MEV_BC501A_T025_FE080,2651.8232262425217,59.491117894668974,281.87999999999994,59.491117894668974,3.9,103.42110582345835,306.09059547477824,-588.1767737574783,-0.1815360412831723,-18.15360412831723,-0.20032591647357978,-1.921577410260368,source_normalization_systematic_sigma is shared/correlated across bins in this proton-energy source; do not treat these per-bin normalized residuals as independent chi-square contributions.
BC501A,68,25,0,27,28,3210.0,9.6,JAERI_68MEV_BC501A_T025_FE080,JAERI_68MEV_PEAK_4.77E9_N_SR_UC,80.0,4.77,4770000000.0,N002_JAERI_TIARA_68MEV__TRANS__JAERI_68MEV_BC501A_T025_FE080,N002_JAERI_TIARA_68MEV__TRANS__JAERI_68MEV_BC501A_T025_FE080,2526.791844457988,56.79842265568544,308.16,56.79842265568544,3.9,98.54488193386155,328.4809586133306,-683.2081555420118,-0.2128374316330255,-21.28374316330255,-0.23932048472147813,-2.079901856187184,source_normalization_systematic_sigma is shared/correlated across bins in this proton-energy source; do not treat these per-bin normalized residuals as independent chi-square contributions.
BC501A,68,25,0,26,27,3100.0,10.8,JAERI_68MEV_BC501A_T025_FE080,JAERI_68MEV_PEAK_4.77E9_N_SR_UC,80.0,4.77,4770000000.0,N002_JAERI_TIARA_68MEV__TRANS__JAERI_68MEV_BC501A_T025_FE080,N002_JAERI_TIARA_68MEV__TRANS__JAERI_68MEV_BC501A_T025_FE080,2332.0422954437017,53.16874451227491,334.8,53.16874451227491,3.9,90.94964952230437,350.98403687524245,-767.9577045562983,-0.24772829179235428,-24.77282917923543,-0.2846577061846082,-2.188013196820314,source_normalization_systematic_sigma is shared/correlated across bins in this proton-energy source; do not treat these per-bin normalized residuals as independent chi-square contributions.
BC501A,68,25,0,25,26,2900.0,12.3,JAERI_68MEV_BC501A_T025_FE080,JAERI_68MEV_PEAK_4.77E9_N_SR_UC,80.0,4.77,4770000000.0,N002_JAERI_TIARA_68MEV__TRANS__JAERI_68MEV_BC501A_T025_FE080,N002_JAERI_TIARA_68MEV__TRANS__JAERI_68MEV_BC501A_T025_FE080,2153.4356296911324,50.13681686973341,356.7,50.13681686973341,3.9,83.98398955795416,369.8674099023861,-746.5643703088676,-0.2574359897616785,-25.743598976167846,-0.2976462029458906,-2.0184648615186123,source_normalization_systematic_sigma is shared/correlated across bins in this proton-energy source; do not treat these per-bin normalized residuals as independent chi-square contributions.
BC501A,68,25,0,24,25,2630.0,13.6,JAERI_68MEV_BC501A_T025_FE080,JAERI_68MEV_PEAK_4.77E9_N_SR_UC,80.0,4.77,4770000000.0,N002_JAERI_TIARA_68MEV__TRANS__JAERI_68MEV_BC501A_T025_FE080,N002_JAERI_TIARA_68MEV__TRANS__JAERI_68MEV_BC501A_T025_FE080,2111.362111504549,48.74753304442674,357.68,48.74753304442674,3.9,82.34312234867741,370.25895556494885,-518.6378884954511,-0.19720071805910688,-19.72007180591069,-0.21965055650368592,-1.4007436706131862,source_normalization_systematic_sigma is shared/correlated across bins in this proton-energy source; do not treat these per-bin normalized residuals as independent chi-square contributions.
BC501A,68,25,0,23,24,2310.0,14.0,JAERI_68MEV_BC501A_T025_FE080,JAERI_68MEV_PEAK_4.77E9_N_SR_UC,80.0,4.77,4770000000.0,N002_JAERI_TIARA_68MEV__TRANS__JAERI_68MEV_BC501A_T025_FE080,N002_JAERI_TIARA_68MEV__TRANS__JAERI_68MEV_BC501A_T025_FE080,1985.967042883443,45.93494352099232,323.4,45.93494352099232,3.9,77.45271467245426,335.70299677901204,-324.0329571165571,-0.14027400740976498,-14.027400740976498,-0.15114155376974314,-0.9652370107671778,source_normalization_systematic_sigma is shared/correlated across bins in this proton-energy source; do not treat these per-bin normalized residuals as independent chi-square contributions.
BC501A,68,25,0,22,23,2000.0,12.8,JAERI_68MEV_BC501A_T025_FE080,JAERI_68MEV_PEAK_4.77E9_N_SR_UC,80.0,4.77,4770000000.0,N002_JAERI_TIARA_68MEV__TRANS__JAERI_68MEV_BC501A_T025_FE080,N002_JAERI_TIARA_68MEV__TRANS__JAERI_68MEV_BC501A_T025_FE080,1733.025237435985,41.85356124344006,256.0,41.85356124344006,3.9,67.58798426000341,268.0594266297846,-266.974762564015,-0.13348738128200752,-13.348738128200752,-0.14327860707274168,-0.995953643267067,source_normalization_systematic_sigma is shared/correlated across bins in this proton-energy source; do not treat these per-bin normalized residuals as independent chi-square contributions.
BC501A,68,25,0,21,22,1690.0,9.7,JAERI_68MEV_BC501A_T025_FE080,JAERI_68MEV_PEAK_4.77E9_N_SR_UC,80.0,4.77,4770000000.0,N002_JAERI_TIARA_68MEV__TRANS__JAERI_68MEV_BC501A_T025_FE080,N002_JAERI_TIARA_68MEV__TRANS__JAERI_68MEV_BC501A_T025_FE080,1646.0240925068713,39.777500220111534,163.93,39.777500220111534,3.9,64.19493960776798,180.48901544140006,-43.975907493128716,-0.02602124703735427,-2.602124703735427,-0.02636578978426449,-0.2436486640784326,source_normalization_systematic_sigma is shared/correlated across bins in this proton-energy source; do not treat these per-bin normalized residuals as independent chi-square contributions.
BC501A,68,25,0,20,21,1400.0,6.0,JAERI_68MEV_BC501A_T025_FE080,JAERI_68MEV_PEAK_4.77E9_N_SR_UC,80.0,4.77,4770000000.0,N002_JAERI_TIARA_68MEV__TRANS__JAERI_68MEV_BC501A_T025_FE080,N002_JAERI_TIARA_68MEV__TRANS__JAERI_68MEV_BC501A_T025_FE080,1474.2058645368409,36.40057485972584,84.0,36.40057485972584,3.9,57.49402871693679,108.1044179866043,74.20586453684086,0.05300418895488633,5.300418895488633,0.05164721125872751,0.6864276772299541,source_normalization_systematic_sigma is shared/correlated across bins in this proton-energy source; do not treat these per-bin normalized residuals as independent chi-square contributions.
BC501A,68,25,0,19,20,1140.0,10.9,JAERI_68MEV_BC501A_T025_FE080,JAERI_68MEV_PEAK_4.77E9_N_SR_UC,80.0,4.77,4770000000.0,N002_JAERI_TIARA_68MEV__TRANS__JAERI_68MEV_BC501A_T025_FE080,N002_JAERI_TIARA_68MEV__TRANS__JAERI_68MEV_BC501A_T025_FE080,1453.2906935393487,34.97585360114102,124.26,34.97585360114102,3.9,56.6783370480346,140.98330335773474,313.2906935393487,0.27481639784153394,27.481639784153394,0.2428021665482356,2.2221829541360414,source_normalization_systematic_sigma is shared/correlated across bins in this proton-energy source; do not treat these per-bin normalized residuals as independent chi-square contributions.
BC501A,68,25,0,18,19,922.0,17.9,JAERI_68MEV_BC501A_T025_FE080,JAERI_68MEV_PEAK_4.77E9_N_SR_UC,80.0,4.77,4770000000.0,N002_JAERI_TIARA_68MEV__TRANS__JAERI_68MEV_BC501A_T025_FE080,N002_JAERI_TIARA_68MEV__TRANS__JAERI_68MEV_BC501A_T025_FE080,1415.881565274968,33.6157402657891,165.03799999999998,33.6157402657891,3.9,55.21938104572375,177.24767835063406,493.8815652749679,0.5356633029012667,53.56633029012667,0.42896240685648596,2.786392295068395,source_normalization_systematic_sigma is shared/correlated across bins in this proton-energy source; do not treat these per-bin normalized residuals as independent chi-square contributions.
BC501A,68,25,0,17,18,764.0,21.0,JAERI_68MEV_BC501A_T025_FE080,JAERI_68MEV_PEAK_4.77E9_N_SR_UC,80.0,4.77,4770000000.0,N002_JAERI_TIARA_68MEV__TRANS__JAERI_68MEV_BC501A_T025_FE080,N002_JAERI_TIARA_68MEV__TRANS__JAERI_68MEV_BC501A_T025_FE080,1316.5383886747743,31.353905145575705,160.44,31.353905145575705,3.9,51.344997158316204,171.3486787257645,552.5383886747743,0.7232177862235266,72.32177862235267,0.5441933489913287,3.2246434158916744,source_normalization_systematic_sigma is shared/correlated across bins in this proton-energy source; do not treat these per-bin normalized residuals as independent chi-square contributions.
BC501A,68,25,0,16,17,672.0,17.7,JAERI_68MEV_BC501A_T025_FE080,JAERI_68MEV_PEAK_4.77E9_N_SR_UC,80.0,4.77,4770000000.0,N002_JAERI_TIARA_68MEV__TRANS__JAERI_68MEV_BC501A_T025_FE080,N002_JAERI_TIARA_68MEV__TRANS__JAERI_68MEV_BC501A_T025_FE080,1249.8972443008313,29.476144809836512,118.944,29.476144809836512,3.9,48.745992527732426,131.88134832630502,577.8972443008313,0.8599661373524276,85.99661373524276,0.6205582818348823,4.381948256026163,source_normalization_systematic_sigma is shared/correlated across bins in this proton-energy source; do not treat these per-bin normalized residuals as independent chi-square contributions.
BC501A,68,25,0,15,16,632.0,11.7,JAERI_68MEV_BC501A_T025_FE080,JAERI_68MEV_PEAK_4.77E9_N_SR_UC,80.0,4.77,4770000000.0,N002_JAERI_TIARA_68MEV__TRANS__JAERI_68MEV_BC501A_T025_FE080,N002_JAERI_TIARA_68MEV__TRANS__JAERI_68MEV_BC501A_T025_FE080,1078.575632034766,26.35447274999481,73.944,26.35447274999481,3.9,42.06444964935587,89.06004319689843,446.57563203476593,0.7066070127132372,70.66070127132372,0.5345071962840818,5.014320855958424,source_normalization_systematic_sigma is shared/correlated across bins in this proton-energy source; do not treat these per-bin normalized residuals as independent chi-square contributions.
BC501A,68,25,0,14,15,617.0,8.4,JAERI_68MEV_BC501A_T025_FE080,JAERI_68MEV_PEAK_4.77E9_N_SR_UC,80.0,4.77,4770000000.0,N002_JAERI_TIARA_68MEV__TRANS__JAERI_68MEV_BC501A_T025_FE080,N002_JAERI_TIARA_68MEV__TRANS__JAERI_68MEV_BC501A_T025_FE080,973.6147049503963,23.79242064306227,51.828,23.79242064306227,3.9,37.97097349306546,68.5128870510322,356.61470495039634,0.5779816935986974,57.798169359869746,0.45614662134162304,5.205074845040028,source_normalization_systematic_sigma is shared/correlated across bins in this proton-energy source; do not treat these per-bin normalized residuals as independent chi-square contributions.
BC501A,68,25,0,13,14,599.0,10.0,JAERI_68MEV_BC501A_T025_FE080,JAERI_68MEV_PEAK_4.77E9_N_SR_UC,80.0,4.77,4770000000.0,N002_JAERI_TIARA_68MEV__TRANS__JAERI_68MEV_BC501A_T025_FE080,N002_JAERI_TIARA_68MEV__TRANS__JAERI_68MEV_BC501A_T025_FE080,925.8154050700148,22.730759192433208,59.9,22.730759192433208,3.9,36.10680079773058,73.54181448204405,326.8154050700148,0.5456016779132133,54.560167791321334,0.43541327008190234,4.443939918694961,source_normalization_systematic_sigma is shared/correlated across bins in this proton-energy source; do not treat these per-bin normalized residuals as independent chi-square contributions.
BC501A,68,25,0,12,13,571.0,15.9,JAERI_68MEV_BC501A_T025_FE080,JAERI_68MEV_PEAK_4.77E9_N_SR_UC,80.0,4.77,4770000000.0,N002_JAERI_TIARA_68MEV__TRANS__JAERI_68MEV_BC501A_T025_FE080,N002_JAERI_TIARA_68MEV__TRANS__JAERI_68MEV_BC501A_T025_FE080,902.9229856190811,21.56116177374609,90.789,21.56116177374609,3.9,35.21399643914416,99.73741405936744,331.92298561908115,0.5813012007339424,58.130120073394245,0.45824805288026893,3.327968633932179,source_normalization_systematic_sigma is shared/correlated across bins in this proton-energy source; do not treat these per-bin normalized residuals as independent chi-square contributions.
BC501A,68,25,0,11,12,541.0,21.1,JAERI_68MEV_BC501A_T025_FE080,JAERI_68MEV_PEAK_4.77E9_N_SR_UC,80.0,4.77,4770000000.0,N002_JAERI_TIARA_68MEV__TRANS__JAERI_68MEV_BC501A_T025_FE080,N002_JAERI_TIARA_68MEV__TRANS__JAERI_68MEV_BC501A_T025_FE080,789.6322124710404,19.04629422571052,114.15100000000001,19.04629422571052,3.9,30.795656286370573,119.75635503321153,248.63221247104036,0.459578950963106,45.9578950963106,0.3781480043766268,2.076150467355893,source_normalization_systematic_sigma is shared/correlated across bins in this proton-energy source; do not treat these per-bin normalized residuals as independent chi-square contributions.
BC501A,68,25,0,10,11,522.0,22.1,JAERI_68MEV_BC501A_T025_FE080,JAERI_68MEV_PEAK_4.77E9_N_SR_UC,80.0,4.77,4770000000.0,N002_JAERI_TIARA_68MEV__TRANS__JAERI_68MEV_BC501A_T025_FE080,N002_JAERI_TIARA_68MEV__TRANS__JAERI_68MEV_BC501A_T025_FE080,833.6848021188464,18.542643931232995,115.36200000000001,18.542643931232995,3.9,32.51370728263501,121.28215800034796,311.6848021188464,0.5970973220667556,59.70973220667556,0.46818780793133846,2.56991471175795,source_normalization_systematic_sigma is shared/correlated across bins in this proton-energy source; do not treat these per-bin normalized residuals as independent chi-square contributions.
BC501A,68,25,0,9,10,521.0,17.5,JAERI_68MEV_BC501A_T025_FE080,JAERI_68MEV_PEAK_4.77E9_N_SR_UC,80.0,4.77,4770000000.0,N002_JAERI_TIARA_68MEV__TRANS__JAERI_68MEV_BC501A_T025_FE080,N002_JAERI_TIARA_68MEV__TRANS__JAERI_68MEV_BC501A_T025_FE080,789.810963008865,17.037859084089494,91.175,17.037859084089494,3.9,30.80262755734573,97.73418609476342,268.810963008865,0.5159519443548272,51.59519443548272,0.41604358774336847,2.750429238221976,source_normalization_systematic_sigma is shared/correlated across bins in this proton-energy source; do not treat these per-bin normalized residuals as independent chi-square contributions.
BC501A,68,25,0,8,9,535.0,5.7,JAERI_68MEV_BC501A_T025_FE080,JAERI_68MEV_PEAK_4.77E9_N_SR_UC,80.0,4.77,4770000000.0,N002_JAERI_TIARA_68MEV__TRANS__JAERI_68MEV_BC501A_T025_FE080,N002_JAERI_TIARA_68MEV__TRANS__JAERI_68MEV_BC501A_T025_FE080,766.7042637800951,15.855178305644502,30.495,15.855178305644502,3.9,29.901466287423705,45.556880822129564,231.70426378009506,0.4330920818319534,43.30920818319534,0.3598344048638849,5.0860431969596815,source_normalization_systematic_sigma is shared/correlated across bins in this proton-energy source; do not treat these per-bin normalized residuals as independent chi-square contributions.
BC501A,68,25,0,7,8,549.0,28.1,JAERI_68MEV_BC501A_T025_FE080,JAERI_68MEV_PEAK_4.77E9_N_SR_UC,80.0,4.77,4770000000.0,N002_JAERI_TIARA_68MEV__TRANS__JAERI_68MEV_BC501A_T025_FE080,N002_JAERI_TIARA_68MEV__TRANS__JAERI_68MEV_BC501A_T025_FE080,663.5743993818171,13.489960920570322,154.269,13.489960920570322,3.9,25.879401575890867,157.00524460209837,114.5743993818171,0.20869653803609672,20.869653803609673,0.1895425376747352,0.7297488671297915,source_normalization_systematic_sigma is shared/correlated across bins in this proton-energy source; do not treat these per-bin normalized residuals as independent chi-square contributions.
BC501A,68,25,0,6,7,521.0,64.0,JAERI_68MEV_BC501A_T025_FE080,JAERI_68MEV_PEAK_4.77E9_N_SR_UC,80.0,4.77,4770000000.0,N002_JAERI_TIARA_68MEV__TRANS__JAERI_68MEV_BC501A_T025_FE080,N002_JAERI_TIARA_68MEV__TRANS__JAERI_68MEV_BC501A_T025_FE080,699.842924387924,12.836923021045855,333.44,12.836923021045855,3.9,27.293874051129034,334.80139747821715,178.84292438792397,0.3432685688827715,34.32685688827715,0.29510587437846025,0.534176158567438,source_normalization_systematic_sigma is shared/correlated across bins in this proton-energy source; do not treat these per-bin normalized residuals as independent chi-square contributions.
BC501A,68,25,20,68,70,108.0,11.6,JAERI_68MEV_BC501A_T025_FE080,JAERI_68MEV_PEAK_4.77E9_N_SR_UC,80.0,4.77,4770000000.0,N002_JAERI_TIARA_68MEV__TRANS__JAERI_68MEV_BC501A_T025_FE080,N002_JAERI_TIARA_68MEV__TRANS__JAERI_68MEV_BC501A_T025_FE080,6.973676931366265,3.578674035015252,12.527999999999999,3.578674035015252,3.9,0.2719734003232843,13.031947720098316,-101.02632306863373,-0.9354289173021642,-93.54289173021641,-2.7399886046690107,-7.752204446985885,source_normalization_systematic_sigma is shared/correlated across bins in this proton-energy source; do not treat these per-bin normalized residuals as independent chi-square contributions.
BC501A,68,25,20,66,68,258.0,14.6,JAERI_68MEV_BC501A_T025_FE080,JAERI_68MEV_PEAK_4.77E9_N_SR_UC,80.0,4.77,4770000000.0,N002_JAERI_TIARA_68MEV__TRANS__JAERI_68MEV_BC501A_T025_FE080,N002_JAERI_TIARA_68MEV__TRANS__JAERI_68MEV_BC501A_T025_FE080,141.17293203746874,14.63585118032496,37.668,14.63585118032496,3.9,5.505744349461281,40.7847959981933,-116.82706796253126,-0.45281809287802816,-45.281809287802815,-0.6029739776905185,-2.8644759671644917,source_normalization_systematic_sigma is shared/correlated across bins in this proton-energy source; do not treat these per-bin normalized residuals as independent chi-square contributions.
BC501A,68,25,20,64,66,495.0,11.3,JAERI_68MEV_BC501A_T025_FE080,JAERI_68MEV_PEAK_4.77E9_N_SR_UC,80.0,4.77,4770000000.0,N002_JAERI_TIARA_68MEV__TRANS__JAERI_68MEV_BC501A_T025_FE080,N002_JAERI_TIARA_68MEV__TRANS__JAERI_68MEV_BC501A_T025_FE080,939.171386151012,37.44595447701143,55.935,37.44595447701143,3.9,36.62768405988947,76.63231023064289,444.17138615101203,0.8973159316182061,89.73159316182061,0.6404402198474817,5.796137227419795,source_normalization_systematic_sigma is shared/correlated across bins in this proton-energy source; do not treat these per-bin normalized residuals as independent chi-square contributions.
BC501A,68,25,20,62,64,534.0,11.6,JAERI_68MEV_BC501A_T025_FE080,JAERI_68MEV_PEAK_4.77E9_N_SR_UC,80.0,4.77,4770000000.0,N002_JAERI_TIARA_68MEV__TRANS__JAERI_68MEV_BC501A_T025_FE080,N002_JAERI_TIARA_68MEV__TRANS__JAERI_68MEV_BC501A_T025_FE080,782.9547114563387,33.961109341224166,61.943999999999996,33.961109341224166,3.9,30.535233746797207,76.95983747161975,248.9547114563387,0.4662073248246043,46.62073248246043,0.3826790155830331,3.234865348411696,source_normalization_systematic_sigma is shared/correlated across bins in this proton-energy source; do not treat these per-bin normalized residuals as independent chi-square contributions.
BC501A,68,25,20,60,62,376.0,15.8,JAERI_68MEV_BC501A_T025_FE080,JAERI_68MEV_PEAK_4.77E9_N_SR_UC,80.0,4.77,4770000000.0,N002_JAERI_TIARA_68MEV__TRANS__JAERI_68MEV_BC501A_T025_FE080,N002_JAERI_TIARA_68MEV__TRANS__JAERI_68MEV_BC501A_T025_FE080,215.66218374056385,17.9089169505166,59.408,17.9089169505166,3.9,8.41082516588199,62.616146083191154,-160.33781625943615,-0.4264303623921174,-42.64303623921174,-0.5558759241383803,-2.5606465151402484,source_normalization_systematic_sigma is shared/correlated across bins in this proton-energy source; do not treat these per-bin normalized residuals as independent chi-square contributions.
BC501A,68,25,20,58,60,177.0,15.8,JAERI_68MEV_BC501A_T025_FE080,JAERI_68MEV_PEAK_4.77E9_N_SR_UC,80.0,4.77,4770000000.0,N002_JAERI_TIARA_68MEV__TRANS__JAERI_68MEV_BC501A_T025_FE080,N002_JAERI_TIARA_68MEV__TRANS__JAERI_68MEV_BC501A_T025_FE080,187.54489784566087,16.285310043299024,27.965999999999998,16.285310043299024,3.9,7.314251015980774,33.17840784503005,10.54489784566087,0.05957569404328175,5.957569404328175,0.05786853934867926,0.31782410701906055,source_normalization_systematic_sigma is shared/correlated across bins in this proton-energy source; do not treat these per-bin normalized residuals as independent chi-square contributions.
BC501A,68,25,20,56,58,123.0,13.6,JAERI_68MEV_BC501A_T025_FE080,JAERI_68MEV_PEAK_4.77E9_N_SR_UC,80.0,4.77,4770000000.0,N002_JAERI_TIARA_68MEV__TRANS__JAERI_68MEV_BC501A_T025_FE080,N002_JAERI_TIARA_68MEV__TRANS__JAERI_68MEV_BC501A_T025_FE080,173.61214123988873,15.450459917531363,16.727999999999998,15.450459917531363,3.9,6.77087350835566,23.756839514745973,50.61214123988873,0.41148082308852624,41.14808230885262,0.3446393824260754,2.1304240073042355,source_normalization_systematic_sigma is shared/correlated across bins in this proton-energy source; do not treat these per-bin normalized residuals as independent chi-square contributions.
BC501A,68,25,20,54,56,151.0,9.6,JAERI_68MEV_BC501A_T025_FE080,JAERI_68MEV_PEAK_4.77E9_N_SR_UC,80.0,4.77,4770000000.0,N002_JAERI_TIARA_68MEV__TRANS__JAERI_68MEV_BC501A_T025_FE080,N002_JAERI_TIARA_68MEV__TRANS__JAERI_68MEV_BC501A_T025_FE080,190.9151192064088,16.015831761671393,14.495999999999999,16.015831761671393,3.9,7.445689649049943,22.84905200151927,39.915119206408804,0.26433853779078675,26.433853779078675,0.23454909039515764,1.7469048257999844,source_normalization_systematic_sigma is shared/correlated across bins in this proton-energy source; do not treat these per-bin normalized residuals as independent chi-square contributions.
BC501A,68,25,20,52,54,175.0,6.2,JAERI_68MEV_BC501A_T025_FE080,JAERI_68MEV_PEAK_4.77E9_N_SR_UC,80.0,4.77,4770000000.0,N002_JAERI_TIARA_68MEV__TRANS__JAERI_68MEV_BC501A_T025_FE080,N002_JAERI_TIARA_68MEV__TRANS__JAERI_68MEV_BC501A_T025_FE080,260.73925535106247,18.25338614372129,10.85,18.25338614372129,3.9,10.168830958691437,23.54386817789799,85.73925535106247,0.48993860200607126,48.99386020060712,0.39873491240101333,3.6416809125507648,source_normalization_systematic_sigma is shared/correlated across bins in this proton-energy source; do not treat these per-bin normalized residuals as independent chi-square contributions.
BC501A,68,25,20,50,52,189.0,5.7,JAERI_68MEV_BC501A_T025_FE080,JAERI_68MEV_PEAK_4.77E9_N_SR_UC,80.0,4.77,4770000000.0,N002_JAERI_TIARA_68MEV__TRANS__JAERI_68MEV_BC501A_T025_FE080,N002_JAERI_TIARA_68MEV__TRANS__JAERI_68MEV_BC501A_T025_FE080,254.4687479445884,17.548441472242658,10.773,17.548441472242658,3.9,9.924281169838947,22.858186363811672,65.46874794458839,0.3463954917703089,34.639549177030894,0.297431015530497,2.8641269653937353,source_normalization_systematic_sigma is shared/correlated across bins in this proton-energy source; do not treat these per-bin normalized residuals as independent chi-square contributions.
BC501A,68,25,20,48,50,200.0,5.9,JAERI_68MEV_BC501A_T025_FE080,JAERI_68MEV_PEAK_4.77E9_N_SR_UC,80.0,4.77,4770000000.0,N002_JAERI_TIARA_68MEV__TRANS__JAERI_68MEV_BC501A_T025_FE080,N002_JAERI_TIARA_68MEV__TRANS__JAERI_68MEV_BC501A_T025_FE080,244.5097460995826,16.977042989206215,11.8,16.977042989206215,3.9,9.535880097883721,22.768245384714447,44.5097460995826,0.222548730497913,22.2548730497913,0.20093780292043373,1.9549045324970187,source_normalization_systematic_sigma is shared/correlated across bins in this proton-energy source; do not treat these per-bin normalized residuals as independent chi-square contributions.
BC501A,68,25,20,46,48,214.0,6.3,JAERI_68MEV_BC501A_T025_FE080,JAERI_68MEV_PEAK_4.77E9_N_SR_UC,80.0,4.77,4770000000.0,N002_JAERI_TIARA_68MEV__TRANS__JAERI_68MEV_BC501A_T025_FE080,N002_JAERI_TIARA_68MEV__TRANS__JAERI_68MEV_BC501A_T025_FE080,210.1925797495491,15.25361999611607,13.482000000000001,15.25361999611607,3.9,8.197510610232415,21.946216694245617,-3.807420250450889,-0.01779168341332191,-1.779168341332191,-0.0179518581081385,-0.17348868388095381,source_normalization_systematic_sigma is shared/correlated across bins in this proton-energy source; do not treat these per-bin normalized residuals as independent chi-square contributions.
BC501A,68,25,20,44,46,224.0,6.2,JAERI_68MEV_BC501A_T025_FE080,JAERI_68MEV_PEAK_4.77E9_N_SR_UC,80.0,4.77,4770000000.0,N002_JAERI_TIARA_68MEV__TRANS__JAERI_68MEV_BC501A_T025_FE080,N002_JAERI_TIARA_68MEV__TRANS__JAERI_68MEV_BC501A_T025_FE080,234.60551105360148,15.386807911363125,13.888,15.386807911363125,3.9,9.149614931090458,22.657136957003644,10.605511053601475,0.0473460314892923,4.73460314892923,0.04625937536549324,0.4680869905905371,source_normalization_systematic_sigma is shared/correlated across bins in this proton-energy source; do not treat these per-bin normalized residuals as independent chi-square contributions.
BC501A,68,25,20,43,44,226.0,6.0,JAERI_68MEV_BC501A_T025_FE080,JAERI_68MEV_PEAK_4.77E9_N_SR_UC,80.0,4.77,4770000000.0,N002_JAERI_TIARA_68MEV__TRANS__JAERI_68MEV_BC501A_T025_FE080,N002_JAERI_TIARA_68MEV__TRANS__JAERI_68MEV_BC501A_T025_FE080,251.48107285826697,22.66541784225528,13.56,22.66541784225528,3.9,9.807761841472411,28.174225070142857,25.48107285826697,0.11274810999233173,11.274810999233173,0.10683273041077265,0.9044107795273522,source_normalization_systematic_sigma is shared/correlated across bins in this proton-energy source; do not treat these per-bin normalized residuals as independent chi-square contributions.
BC501A,68,25,20,42,43,226.0,5.8,JAERI_68MEV_BC501A_T025_FE080,JAERI_68MEV_PEAK_4.77E9_N_SR_UC,80.0,4.77,4770000000.0,N002_JAERI_TIARA_68MEV__TRANS__JAERI_68MEV_BC501A_T025_FE080,N002_JAERI_TIARA_68MEV__TRANS__JAERI_68MEV_BC501A_T025_FE080,222.06759782854,20.50763320030322,13.107999999999999,20.50763320030322,3.9,8.66063631531306,25.83387901311567,-3.932402171460012,-0.01740000960823014,-1.740000960823014,-0.01755316902596312,-0.15221880420913794,source_normalization_systematic_sigma is shared/correlated across bins in this proton-energy source; do not treat these per-bin normalized residuals as independent chi-square contributions.
BC501A,68,25,20,41,42,225.0,5.7,JAERI_68MEV_BC501A_T025_FE080,JAERI_68MEV_PEAK_4.77E9_N_SR_UC,80.0,4.77,4770000000.0,N002_JAERI_TIARA_68MEV__TRANS__JAERI_68MEV_BC501A_T025_FE080,N002_JAERI_TIARA_68MEV__TRANS__JAERI_68MEV_BC501A_T025_FE080,241.1337939281321,21.454555942858867,12.825,21.454555942858867,3.9,9.404217963197151,26.706139953287533,16.133793928132093,0.07170575079169819,7.1705750791698195,0.06925153876860383,0.6041230202624629,source_normalization_systematic_sigma is shared/correlated across bins in this proton-energy source; do not treat these per-bin normalized residuals as independent chi-square contributions.
BC501A,68,25,20,40,41,225.0,5.9,JAERI_68MEV_BC501A_T025_FE080,JAERI_68MEV_PEAK_4.77E9_N_SR_UC,80.0,4.77,4770000000.0,N002_JAERI_TIARA_68MEV__TRANS__JAERI_68MEV_BC501A_T025_FE080,N002_JAERI_TIARA_68MEV__TRANS__JAERI_68MEV_BC501A_T025_FE080,263.9657562955327,22.103905873695847,13.275,22.103905873695847,3.9,10.294664495525774,27.763076143479577,38.965756295532685,0.17318113909125638,17.31811390912564,0.15971898152692632,1.4035100467310488,source_normalization_systematic_sigma is shared/correlated across bins in this proton-energy source; do not treat these per-bin normalized residuals as independent chi-square contributions.
BC501A,68,25,20,39,40,225.0,6.4,JAERI_68MEV_BC501A_T025_FE080,JAERI_68MEV_PEAK_4.77E9_N_SR_UC,80.0,4.77,4770000000.0,N002_JAERI_TIARA_68MEV__TRANS__JAERI_68MEV_BC501A_T025_FE080,N002_JAERI_TIARA_68MEV__TRANS__JAERI_68MEV_BC501A_T025_FE080,252.56934269248413,21.57595364630488,14.4,21.57595364630488,3.9,9.850204365006881,27.74722151459309,27.569342692484128,0.12253041196659613,12.253041196659613,0.1155854333332718,0.9935893104822978,source_normalization_systematic_sigma is shared/correlated across bins in this proton-energy source; do not treat these per-bin normalized residuals as independent chi-square contributions.
BC501A,68,25,20,38,39,225.0,6.8,JAERI_68MEV_BC501A_T025_FE080,JAERI_68MEV_PEAK_4.77E9_N_SR_UC,80.0,4.77,4770000000.0,N002_JAERI_TIARA_68MEV__TRANS__JAERI_68MEV_BC501A_T025_FE080,N002_JAERI_TIARA_68MEV__TRANS__JAERI_68MEV_BC501A_T025_FE080,215.5132382957987,18.615281458230672,15.3,18.615281458230672,3.9,8.405016293536148,25.519855067451985,-9.486761704201314,-0.04216338535200584,-4.216338535200584,-0.04307806394044563,-0.37174042247209804,source_normalization_systematic_sigma is shared/correlated across bins in this proton-energy source; do not treat these per-bin normalized residuals as independent chi-square contributions.
BC501A,68,25,20,37,38,227.0,6.9,JAERI_68MEV_BC501A_T025_FE080,JAERI_68MEV_PEAK_4.77E9_N_SR_UC,80.0,4.77,4770000000.0,N002_JAERI_TIARA_68MEV__TRANS__JAERI_68MEV_BC501A_T025_FE080,N002_JAERI_TIARA_68MEV__TRANS__JAERI_68MEV_BC501A_T025_FE080,236.58057855650296,20.17198461556266,15.663000000000002,20.17198461556266,3.9,9.226642563703615,27.154547783545283,9.580578556502957,0.04220519187886765,4.220519187886765,0.04133884513367544,0.35281672274094933,source_normalization_systematic_sigma is shared/correlated across bins in this proton-energy source; do not treat these per-bin normalized residuals as independent chi-square contributions.
BC501A,68,25,20,36,37,228.0,6.6,JAERI_68MEV_BC501A_T025_FE080,JAERI_68MEV_PEAK_4.77E9_N_SR_UC,80.0,4.77,4770000000.0,N002_JAERI_TIARA_68MEV__TRANS__JAERI_68MEV_BC501A_T025_FE080,N002_JAERI_TIARA_68MEV__TRANS__JAERI_68MEV_BC501A_T025_FE080,226.4645285420173,18.52599550563313,15.048,18.52599550563313,3.9,8.832116613138675,25.449186575268357,-1.535471457982709,-0.006734523938520653,-0.6734523938520652,-0.006757303174000608,-0.0603347951197343,source_normalization_systematic_sigma is shared/correlated across bins in this proton-energy source; do not treat these per-bin normalized residuals as independent chi-square contributions.
BC501A,68,25,20,35,36,230.0,6.3,JAERI_68MEV_BC501A_T025_FE080,JAERI_68MEV_PEAK_4.77E9_N_SR_UC,80.0,4.77,4770000000.0,N002_JAERI_TIARA_68MEV__TRANS__JAERI_68MEV_BC501A_T025_FE080,N002_JAERI_TIARA_68MEV__TRANS__JAERI_68MEV_BC501A_T025_FE080,242.2682954660289,19.8803886384759,14.49,19.8803886384759,3.9,9.448463523175127,26.352673780199467,12.268295466028889,0.05334041506969082,5.334041506969082,0.05196646207553862,0.4655427213327735,source_normalization_systematic_sigma is shared/correlated across bins in this proton-energy source; do not treat these per-bin normalized residuals as independent chi-square contributions.
BC501A,68,25,20,34,35,231.0,5.9,JAERI_68MEV_BC501A_T025_FE080,JAERI_68MEV_PEAK_4.77E9_N_SR_UC,80.0,4.77,4770000000.0,N002_JAERI_TIARA_68MEV__TRANS__JAERI_68MEV_BC501A_T025_FE080,N002_JAERI_TIARA_68MEV__TRANS__JAERI_68MEV_BC501A_T025_FE080,227.16111808781977,18.563095816348888,13.629000000000001,18.563095816348888,3.9,8.85928360542497,24.67438090992966,-3.838881912180227,-0.01661853641636462,-1.661853641636462,-0.016758173496942082,-0.15558169123649032,source_normalization_systematic_sigma is shared/correlated across bins in this proton-energy source; do not treat these per-bin normalized residuals as independent chi-square contributions.
BC501A,68,25,20,33,34,230.0,5.8,JAERI_68MEV_BC501A_T025_FE080,JAERI_68MEV_PEAK_4.77E9_N_SR_UC,80.0,4.77,4770000000.0,N002_JAERI_TIARA_68MEV__TRANS__JAERI_68MEV_BC501A_T025_FE080,N002_JAERI_TIARA_68MEV__TRANS__JAERI_68MEV_BC501A_T025_FE080,238.36862442462555,18.903128818481296,13.34,18.903128818481296,3.9,9.296376352560396,24.93404284139542,8.368624424625551,0.036385323585328484,3.6385323585328484,0.03573900864967294,0.33563046626084986,source_normalization_systematic_sigma is shared/correlated across bins in this proton-energy source; do not treat these per-bin normalized residuals as independent chi-square contributions.
BC501A,68,25,20,32,33,228.0,6.2,JAERI_68MEV_BC501A_T025_FE080,JAERI_68MEV_PEAK_4.77E9_N_SR_UC,80.0,4.77,4770000000.0,N002_JAERI_TIARA_68MEV__TRANS__JAERI_68MEV_BC501A_T025_FE080,N002_JAERI_TIARA_68MEV__TRANS__JAERI_68MEV_BC501A_T025_FE080,275.0497928938858,19.912586964626232,14.136000000000001,19.912586964626232,3.9,10.726941922861547,26.672174614010142,47.04979289388581,0.20635874076265706,20.635874076265708,0.18760651739050507,1.7640028822086324,source_normalization_systematic_sigma is shared/correlated across bins in this proton-energy source; do not treat these per-bin normalized residuals as independent chi-square contributions.
BC501A,68,25,20,31,32,223.0,6.7,JAERI_68MEV_BC501A_T025_FE080,JAERI_68MEV_PEAK_4.77E9_N_SR_UC,80.0,4.77,4770000000.0,N002_JAERI_TIARA_68MEV__TRANS__JAERI_68MEV_BC501A_T025_FE080,N002_JAERI_TIARA_68MEV__TRANS__JAERI_68MEV_BC501A_T025_FE080,216.38484887150852,17.196159793097475,14.941,17.196159793097475,3.9,8.439009105988832,24.29317326576964,-6.615151128491476,-0.029664354836284646,-2.9664354836284645,-0.0301132413959034,-0.27230494164434965,source_normalization_systematic_sigma is shared/correlated across bins in this proton-energy source; do not treat these per-bin normalized residuals as independent chi-square contributions.
BC501A,68,25,20,30,31,216.0,6.9,JAERI_68MEV_BC501A_T025_FE080,JAERI_68MEV_PEAK_4.77E9_N_SR_UC,80.0,4.77,4770000000.0,N002_JAERI_TIARA_68MEV__TRANS__JAERI_68MEV_BC501A_T025_FE080,N002_JAERI_TIARA_68MEV__TRANS__JAERI_68MEV_BC501A_T025_FE080,243.59742078884747,18.131825450654315,14.904000000000002,18.131825450654315,3.9,9.50029941076505,25.320900439502115,27.597420788847472,0.12776583698540497,12.776583698540497,0.12023854020080993,1.0899067691050137,source_normalization_systematic_sigma is shared/correlated across bins in this proton-energy source; do not treat these per-bin normalized residuals as independent chi-square contributions.
BC501A,68,25,20,29,30,208.0,6.3,JAERI_68MEV_BC501A_T025_FE080,JAERI_68MEV_PEAK_4.77E9_N_SR_UC,80.0,4.77,4770000000.0,N002_JAERI_TIARA_68MEV__TRANS__JAERI_68MEV_BC501A_T025_FE080,N002_JAERI_TIARA_68MEV__TRANS__JAERI_68MEV_BC501A_T025_FE080,214.87265083784672,16.393645846903244,13.104,16.393645846903244,3.9,8.380033382676022,22.598482242143,6.87265083784672,0.03304159056657077,3.304159056657077,0.032507451250120306,0.3041200185130217,source_normalization_systematic_sigma is shared/correlated across bins in this proton-energy source; do not treat these per-bin normalized residuals as independent chi-square contributions.
BC501A,68,25,20,28,29,201.0,5.7,JAERI_68MEV_BC501A_T025_FE080,JAERI_68MEV_PEAK_4.77E9_N_SR_UC,80.0,4.77,4770000000.0,N002_JAERI_TIARA_68MEV__TRANS__JAERI_68MEV_BC501A_T025_FE080,N002_JAERI_TIARA_68MEV__TRANS__JAERI_68MEV_BC501A_T025_FE080,190.11494924277795,15.60813869769917,11.457,15.60813869769917,3.9,7.41448302046834,20.73285800528783,-10.885050757222047,-0.054154481379214164,-5.415448137921416,-0.05567602282027758,-0.5250144844693316,source_normalization_systematic_sigma is shared/correlated across bins in this proton-energy source; do not treat these per-bin normalized residuals as independent chi-square contributions.
BC501A,68,25,20,27,28,194.0,5.7,JAERI_68MEV_BC501A_T025_FE080,JAERI_68MEV_PEAK_4.77E9_N_SR_UC,80.0,4.77,4770000000.0,N002_JAERI_TIARA_68MEV__TRANS__JAERI_68MEV_BC501A_T025_FE080,N002_JAERI_TIARA_68MEV__TRANS__JAERI_68MEV_BC501A_T025_FE080,190.10465260808283,15.123695062875129,11.058,15.123695062875129,3.9,7.414081451715231,20.148799471122377,-3.89534739191717,-0.02007911026761428,-2.0079110267614277,-0.020283435338810243,-0.19332900689691473,source_normalization_systematic_sigma is shared/correlated across bins in this proton-energy source; do not treat these per-bin normalized residuals as independent chi-square contributions.
BC501A,68,25,20,26,27,187.0,7.0,JAERI_68MEV_BC501A_T025_FE080,JAERI_68MEV_PEAK_4.77E9_N_SR_UC,80.0,4.77,4770000000.0,N002_JAERI_TIARA_68MEV__TRANS__JAERI_68MEV_BC501A_T025_FE080,N002_JAERI_TIARA_68MEV__TRANS__JAERI_68MEV_BC501A_T025_FE080,207.12323594474933,15.972975524799152,13.09,15.972975524799152,3.9,8.077806201845224,22.175098650296956,20.123235944749325,0.1076108874050766,10.76108874050766,0.10220534199286291,0.9074699626862696,source_normalization_systematic_sigma is shared/correlated across bins in this proton-energy source; do not treat these per-bin normalized residuals as independent chi-square contributions.
BC501A,68,25,20,25,26,179.0,9.3,JAERI_68MEV_BC501A_T025_FE080,JAERI_68MEV_PEAK_4.77E9_N_SR_UC,80.0,4.77,4770000000.0,N002_JAERI_TIARA_68MEV__TRANS__JAERI_68MEV_BC501A_T025_FE080,N002_JAERI_TIARA_68MEV__TRANS__JAERI_68MEV_BC501A_T025_FE080,189.64084546825865,14.873893594943462,16.647000000000002,14.873893594943462,3.9,7.395992973262087,23.517143358287427,10.640845468258647,0.05944606406848406,5.944606406848406,0.0577461904634324,0.4524718545166677,source_normalization_systematic_sigma is shared/correlated across bins in this proton-energy source; do not treat these per-bin normalized residuals as independent chi-square contributions.
BC501A,68,25,20,24,25,170.0,11.0,JAERI_68MEV_BC501A_T025_FE080,JAERI_68MEV_PEAK_4.77E9_N_SR_UC,80.0,4.77,4770000000.0,N002_JAERI_TIARA_68MEV__TRANS__JAERI_68MEV_BC501A_T025_FE080,N002_JAERI_TIARA_68MEV__TRANS__JAERI_68MEV_BC501A_T025_FE080,181.5280863046188,13.979943395885025,18.7,13.979943395885025,3.9,7.079595365880133,24.397735302620628,11.528086304618796,0.06781227238011056,6.781227238011056,0.06561195016279042,0.4725064093707309,source_normalization_systematic_sigma is shared/correlated across bins in this proton-energy source; do not treat these per-bin normalized residuals as independent chi-square contributions.
BC501A,68,25,20,23,24,160.0,10.9,JAERI_68MEV_BC501A_T025_FE080,JAERI_68MEV_PEAK_4.77E9_N_SR_UC,80.0,4.77,4770000000.0,N002_JAERI_TIARA_68MEV__TRANS__JAERI_68MEV_BC501A_T025_FE080,N002_JAERI_TIARA_68MEV__TRANS__JAERI_68MEV_BC501A_T025_FE080,168.4909461555379,13.23189462026088,17.44,13.23189462026088,3.9,6.571146900065978,22.85643469187475,8.490946155537898,0.053068413472111865,5.306841347211186,0.05170820110036112,0.3714904039060979,source_normalization_systematic_sigma is shared/correlated across bins in this proton-energy source; do not treat these per-bin normalized residuals as independent chi-square contributions.
BC501A,68,25,20,22,23,150.0,9.2,JAERI_68MEV_BC501A_T025_FE080,JAERI_68MEV_PEAK_4.77E9_N_SR_UC,80.0,4.77,4770000000.0,N002_JAERI_TIARA_68MEV__TRANS__JAERI_68MEV_BC501A_T025_FE080,N002_JAERI_TIARA_68MEV__TRANS__JAERI_68MEV_BC501A_T025_FE080,142.7019022242636,12.046461242677218,13.8,12.046461242677218,3.9,5.56537418674628,19.144989378681466,-7.298097775736409,-0.048653985171576056,-4.8653985171576055,-0.049877439469210215,-0.38120145336111105,source_normalization_systematic_sigma is shared/correlated across bins in this proton-energy source; do not treat these per-bin normalized residuals as independent chi-square contributions.
BC501A,68,25,20,21,22,141.0,6.9,JAERI_68MEV_BC501A_T025_FE080,JAERI_68MEV_PEAK_4.77E9_N_SR_UC,80.0,4.77,4770000000.0,N002_JAERI_TIARA_68MEV__TRANS__JAERI_68MEV_BC501A_T025_FE080,N002_JAERI_TIARA_68MEV__TRANS__JAERI_68MEV_BC501A_T025_FE080,145.39431571277467,11.660591923601404,9.729000000000001,11.660591923601404,3.9,5.670378312798212,16.210368139527574,4.39431571277467,0.031165359665068584,3.1165359665068584,0.030689579822080267,0.27108056244938156,source_normalization_systematic_sigma is shared/correlated across bins in this proton-energy source; do not treat these per-bin normalized residuals as independent chi-square contributions.
BC501A,68,25,20,20,21,132.0,5.1,JAERI_68MEV_BC501A_T025_FE080,JAERI_68MEV_PEAK_4.77E9_N_SR_UC,80.0,4.77,4770000000.0,N002_JAERI_TIARA_68MEV__TRANS__JAERI_68MEV_BC501A_T025_FE080,N002_JAERI_TIARA_68MEV__TRANS__JAERI_68MEV_BC501A_T025_FE080,155.63337734560565,11.647847033190496,6.731999999999999,11.647847033190496,3.9,6.06970171647862,14.759181665513442,23.633377345605652,0.17904073746670948,17.90407374667095,0.16470117351700989,1.6012661054798052,source_normalization_systematic_sigma is shared/correlated across bins in this proton-energy source; do not treat these per-bin normalized residuals as independent chi-square contributions.
BC501A,68,25,20,19,20,124.0,7.0,JAERI_68MEV_BC501A_T025_FE080,JAERI_68MEV_PEAK_4.77E9_N_SR_UC,80.0,4.77,4770000000.0,N002_JAERI_TIARA_68MEV__TRANS__JAERI_68MEV_BC501A_T025_FE080,N002_JAERI_TIARA_68MEV__TRANS__JAERI_68MEV_BC501A_T025_FE080,133.1895425089058,10.164843355242864,8.68,10.164843355242864,3.9,5.194392157847326,14.340437591863465,9.189542508905788,0.07410921378149829,7.410921378149829,0.07149167972630513,0.6408132562230728,source_normalization_systematic_sigma is shared/correlated across bins in this proton-energy source; do not treat these per-bin normalized residuals as independent chi-square contributions.
BC501A,68,25,20,18,19,115.0,11.0,JAERI_68MEV_BC501A_T025_FE080,JAERI_68MEV_PEAK_4.77E9_N_SR_UC,80.0,4.77,4770000000.0,N002_JAERI_TIARA_68MEV__TRANS__JAERI_68MEV_BC501A_T025_FE080,N002_JAERI_TIARA_68MEV__TRANS__JAERI_68MEV_BC501A_T025_FE080,143.32007673711735,10.49327471247286,12.65,10.49327471247286,3.9,5.589482992747577,17.360116195395605,28.320076737117347,0.24626153684449867,24.626153684449868,0.22014829949840398,1.6313299069178255,source_normalization_systematic_sigma is shared/correlated across bins in this proton-energy source; do not treat these per-bin normalized residuals as independent chi-square contributions.
BC501A,68,25,20,17,18,106.0,12.7,JAERI_68MEV_BC501A_T025_FE080,JAERI_68MEV_PEAK_4.77E9_N_SR_UC,80.0,4.77,4770000000.0,N002_JAERI_TIARA_68MEV__TRANS__JAERI_68MEV_BC501A_T025_FE080,N002_JAERI_TIARA_68MEV__TRANS__JAERI_68MEV_BC501A_T025_FE080,108.54966216801272,8.772976051997198,13.461999999999998,8.772976051997198,3.9,4.233436824552496,16.616634441317935,2.5496621680127163,0.02405341667936525,2.4053416679365247,0.02376868998272675,0.15344034780429894,source_normalization_systematic_sigma is shared/correlated across bins in this proton-energy source; do not treat these per-bin normalized residuals as independent chi-square contributions.
BC501A,68,25,20,16,17,98.2,9.7,JAERI_68MEV_BC501A_T025_FE080,JAERI_68MEV_PEAK_4.77E9_N_SR_UC,80.0,4.77,4770000000.0,N002_JAERI_TIARA_68MEV__TRANS__JAERI_68MEV_BC501A_T025_FE080,N002_JAERI_TIARA_68MEV__TRANS__JAERI_68MEV_BC501A_T025_FE080,119.9018449647059,9.093258204636276,9.5254,9.093258204636276,3.9,4.67617195362353,13.974518742197898,21.7018449647059,0.2209963845693065,22.099638456930652,0.1996672340834848,1.5529583068341613,source_normalization_systematic_sigma is shared/correlated across bins in this proton-energy source; do not treat these per-bin normalized residuals as independent chi-square contributions.
BC501A,68,25,20,15,16,91.1,6.8,JAERI_68MEV_BC501A_T025_FE080,JAERI_68MEV_PEAK_4.77E9_N_SR_UC,80.0,4.77,4770000000.0,N002_JAERI_TIARA_68MEV__TRANS__JAERI_68MEV_BC501A_T025_FE080,N002_JAERI_TIARA_68MEV__TRANS__JAERI_68MEV_BC501A_T025_FE080,105.88747982475172,8.089184203327985,6.194799999999999,8.089184203327985,3.9,4.129611713165317,10.993822857263217,14.787479824751728,0.16232140312570503,16.232140312570504,0.15041921495698912,1.3450716840486638,source_normalization_systematic_sigma is shared/correlated across bins in this proton-energy source; do not treat these per-bin normalized residuals as independent chi-square contributions.
BC501A,68,25,20,14,15,85.1,8.3,JAERI_68MEV_BC501A_T025_FE080,JAERI_68MEV_PEAK_4.77E9_N_SR_UC,80.0,4.77,4770000000.0,N002_JAERI_TIARA_68MEV__TRANS__JAERI_68MEV_BC501A_T025_FE080,N002_JAERI_TIARA_68MEV__TRANS__JAERI_68MEV_BC501A_T025_FE080,99.99731215444356,7.463502066913469,7.063300000000001,7.463502066913469,3.9,3.899895174023299,10.991053287160055,14.897312154443568,0.1750565470557411,17.505654705574113,0.16131627159196638,1.3554035054899494,source_normalization_systematic_sigma is shared/correlated across bins in this proton-energy source; do not treat these per-bin normalized residuals as independent chi-square contributions.
BC501A,68,25,20,13,14,81.1,5.4,JAERI_68MEV_BC501A_T025_FE080,JAERI_68MEV_PEAK_4.77E9_N_SR_UC,80.0,4.77,4770000000.0,N002_JAERI_TIARA_68MEV__TRANS__JAERI_68MEV_BC501A_T025_FE080,N002_JAERI_TIARA_68MEV__TRANS__JAERI_68MEV_BC501A_T025_FE080,104.6161417213402,7.649628056503635,4.3794,7.649628056503635,3.9,4.080029527132267,9.71301161870605,23.516141721340205,0.2899647561201012,28.99647561201012,0.25461489716322894,2.4210968383947,source_normalization_systematic_sigma is shared/correlated across bins in this proton-energy source; do not treat these per-bin normalized residuals as independent chi-square contributions.
BC501A,68,25,20,12,13,79.8,7.2,JAERI_68MEV_BC501A_T025_FE080,JAERI_68MEV_PEAK_4.77E9_N_SR_UC,80.0,4.77,4770000000.0,N002_JAERI_TIARA_68MEV__TRANS__JAERI_68MEV_BC501A_T025_FE080,N002_JAERI_TIARA_68MEV__TRANS__JAERI_68MEV_BC501A_T025_FE080,103.78264890527711,7.416777564849549,5.7456,7.416777564849549,3.9,4.0475233073058074,10.217776359347436,23.982648905277117,0.3005344474345503,30.05344474345503,0.26277529339471944,2.3471495227371353,source_normalization_systematic_sigma is shared/correlated across bins in this proton-energy source; do not treat these per-bin normalized residuals as independent chi-square contributions.
BC501A,68,25,20,11,12,79.9,8.8,JAERI_68MEV_BC501A_T025_FE080,JAERI_68MEV_PEAK_4.77E9_N_SR_UC,80.0,4.77,4770000000.0,N002_JAERI_TIARA_68MEV__TRANS__JAERI_68MEV_BC501A_T025_FE080,N002_JAERI_TIARA_68MEV__TRANS__JAERI_68MEV_BC501A_T025_FE080,99.6873939750424,6.766963321010768,7.031200000000001,6.766963321010768,3.9,3.8878083650266535,10.50450474373144,19.78739397504239,0.24765198967512378,24.76519896751238,0.2212633766331266,1.883705558498654,source_normalization_systematic_sigma is shared/correlated across bins in this proton-energy source; do not treat these per-bin normalized residuals as independent chi-square contributions.
BC501A,68,25,20,10,11,80.0,7.7,JAERI_68MEV_BC501A_T025_FE080,JAERI_68MEV_PEAK_4.77E9_N_SR_UC,80.0,4.77,4770000000.0,N002_JAERI_TIARA_68MEV__TRANS__JAERI_68MEV_BC501A_T025_FE080,N002_JAERI_TIARA_68MEV__TRANS__JAERI_68MEV_BC501A_T025_FE080,107.05500550633823,6.670507475707053,6.16,6.670507475707053,3.9,4.175145214747191,9.993653363394692,27.055005506338233,0.3381875688292279,33.81875688292279,0.29131613785192406,2.7072187239790413,source_normalization_systematic_sigma is shared/correlated across bins in this proton-energy source; do not treat these per-bin normalized residuals as independent chi-square contributions.
BC501A,68,25,20,9,10,79.4,6.3,JAERI_68MEV_BC501A_T025_FE080,JAERI_68MEV_PEAK_4.77E9_N_SR_UC,80.0,4.77,4770000000.0,N002_JAERI_TIARA_68MEV__TRANS__JAERI_68MEV_BC501A_T025_FE080,N002_JAERI_TIARA_68MEV__TRANS__JAERI_68MEV_BC501A_T025_FE080,95.48946038730676,6.004182071848097,5.0022,6.004182071848097,3.9,3.724088955104964,8.656849642764792,16.089460387306758,0.20263804014240247,20.263804014240247,0.1845175107066342,1.8585814760862784,source_normalization_systematic_sigma is shared/correlated across bins in this proton-energy source; do not treat these per-bin normalized residuals as independent chi-square contributions.
BC501A,68,25,20,8,9,78.9,5.5,JAERI_68MEV_BC501A_T025_FE080,JAERI_68MEV_PEAK_4.77E9_N_SR_UC,80.0,4.77,4770000000.0,N002_JAERI_TIARA_68MEV__TRANS__JAERI_68MEV_BC501A_T025_FE080,N002_JAERI_TIARA_68MEV__TRANS__JAERI_68MEV_BC501A_T025_FE080,100.9523467039304,5.761835556106076,4.3395,5.761835556106076,3.9,3.937141521453286,8.217730379220269,22.052346703930397,0.27949742337047395,27.949742337047397,0.2464673628372293,2.6835081812483135,source_normalization_systematic_sigma is shared/correlated across bins in this proton-energy source; do not treat these per-bin normalized residuals as independent chi-square contributions.
BC501A,68,25,20,7,8,80.7,4.9,JAERI_68MEV_BC501A_T025_FE080,JAERI_68MEV_PEAK_4.77E9_N_SR_UC,80.0,4.77,4770000000.0,N002_JAERI_TIARA_68MEV__TRANS__JAERI_68MEV_BC501A_T025_FE080,N002_JAERI_TIARA_68MEV__TRANS__JAERI_68MEV_BC501A_T025_FE080,91.80738377142929,5.169124048375202,3.954300000000001,5.169124048375202,3.9,3.5804879670857424,7.428070139675354,11.107383771429284,0.1376379649495574,13.763796494955741,0.12895415235593244,1.4953256448268724,source_normalization_systematic_sigma is shared/correlated across bins in this proton-energy source; do not treat these per-bin normalized residuals as independent chi-square contributions.
BC501A,68,25,40,68,70,5.04,13.8,JAERI_68MEV_BC501A_T025_FE080,JAERI_68MEV_PEAK_4.77E9_N_SR_UC,80.0,4.77,4770000000.0,N002_JAERI_TIARA_68MEV__TRANS__JAERI_68MEV_BC501A_T025_FE080,N002_JAERI_TIARA_68MEV__TRANS__JAERI_68MEV_BC501A_T025_FE080,0.0,0.0,0.69552,0.0,3.9,0.0,0.69552,-5.04,-1.0,-100.0,,-7.246376811594203,source_normalization_systematic_sigma is shared/correlated across bins in this proton-energy source; do not treat these per-bin normalized residuals as independent chi-square contributions.
BC501A,68,25,40,66,68,9.94,21.6,JAERI_68MEV_BC501A_T025_FE080,JAERI_68MEV_PEAK_4.77E9_N_SR_UC,80.0,4.77,4770000000.0,N002_JAERI_TIARA_68MEV__TRANS__JAERI_68MEV_BC501A_T025_FE080,N002_JAERI_TIARA_68MEV__TRANS__JAERI_68MEV_BC501A_T025_FE080,0.6902181530211144,0.6902181530211144,2.14704,0.6902181530211144,3.9,0.026918507967823465,2.255417138010415,-9.249781846978886,-0.9305615540220208,-93.05615540220208,-2.6673145882298397,-4.101140179833187,source_normalization_systematic_sigma is shared/correlated across bins in this proton-energy source; do not treat these per-bin normalized residuals as independent chi-square contributions.
BC501A,68,25,40,64,66,23.6,13.7,JAERI_68MEV_BC501A_T025_FE080,JAERI_68MEV_PEAK_4.77E9_N_SR_UC,80.0,4.77,4770000000.0,N002_JAERI_TIARA_68MEV__TRANS__JAERI_68MEV_BC501A_T025_FE080,N002_JAERI_TIARA_68MEV__TRANS__JAERI_68MEV_BC501A_T025_FE080,24.24417130514734,5.950089184881216,3.2332,5.950089184881216,3.9,0.9455226809007462,6.83748175047935,0.6441713051473386,0.027295394285904176,2.7295394285904178,0.026929517910556696,0.09421177688732817,source_normalization_systematic_sigma is shared/correlated across bins in this proton-energy source; do not treat these per-bin normalized residuals as independent chi-square contributions.
BC501A,68,25,40,62,64,33.7,11.6,JAERI_68MEV_BC501A_T025_FE080,JAERI_68MEV_PEAK_4.77E9_N_SR_UC,80.0,4.77,4770000000.0,N002_JAERI_TIARA_68MEV__TRANS__JAERI_68MEV_BC501A_T025_FE080,N002_JAERI_TIARA_68MEV__TRANS__JAERI_68MEV_BC501A_T025_FE080,54.99203227096904,8.879760317008081,3.9092000000000002,8.879760317008081,3.9,2.1446892585677926,9.936381632331134,21.292032270969038,0.6318110466162918,63.181104661629185,0.4896904695792385,2.142835597385746,source_normalization_systematic_sigma is shared/correlated across bins in this proton-energy source; do not treat these per-bin normalized residuals as independent chi-square contributions.
BC501A,68,25,40,60,62,21.4,18.9,JAERI_68MEV_BC501A_T025_FE080,JAERI_68MEV_PEAK_4.77E9_N_SR_UC,80.0,4.77,4770000000.0,N002_JAERI_TIARA_68MEV__TRANS__JAERI_68MEV_BC501A_T025_FE080,N002_JAERI_TIARA_68MEV__TRANS__JAERI_68MEV_BC501A_T025_FE080,19.24903064490076,5.135650236708653,4.044599999999999,5.135650236708653,3.9,0.7507121951511295,6.5800654490479245,-2.150969355099239,-0.10051258668688033,-10.051258668688034,-0.10593021867097539,-0.3268917872861682,source_normalization_systematic_sigma is shared/correlated across bins in this proton-energy source; do not treat these per-bin normalized residuals as independent chi-square contributions.
BC501A,68,25,40,58,60,13.5,14.1,JAERI_68MEV_BC501A_T025_FE080,JAERI_68MEV_PEAK_4.77E9_N_SR_UC,80.0,4.77,4770000000.0,N002_JAERI_TIARA_68MEV__TRANS__JAERI_68MEV_BC501A_T025_FE080,N002_JAERI_TIARA_68MEV__TRANS__JAERI_68MEV_BC501A_T025_FE080,17.836548197696512,4.669042686980599,1.9035,4.669042686980599,3.9,0.6956253797101639,5.089908302881685,4.336548197696512,0.32122579242196386,32.12257924219639,0.2785599363103133,0.8519894543564461,source_normalization_systematic_sigma is shared/correlated across bins in this proton-energy source; do not treat these per-bin normalized residuals as independent chi-square contributions.
BC501A,68,25,40,56,58,14.1,9.0,JAERI_68MEV_BC501A_T025_FE080,JAERI_68MEV_PEAK_4.77E9_N_SR_UC,80.0,4.77,4770000000.0,N002_JAERI_TIARA_68MEV__TRANS__JAERI_68MEV_BC501A_T025_FE080,N002_JAERI_TIARA_68MEV__TRANS__JAERI_68MEV_BC501A_T025_FE080,14.185156322063795,4.385005424386198,1.269,4.385005424386198,3.9,0.553221096560488,4.598335258936213,0.08515632206379564,0.0060394554655174215,0.6039455465517422,0.006021291053107232,0.018518945937729615,source_normalization_systematic_sigma is shared/correlated across bins in this proton-energy source; do not treat these per-bin normalized residuals as independent chi-square contributions.
BC501A,68,25,40,54,56,15.2,7.4,JAERI_68MEV_BC501A_T025_FE080,JAERI_68MEV_PEAK_4.77E9_N_SR_UC,80.0,4.77,4770000000.0,N002_JAERI_TIARA_68MEV__TRANS__JAERI_68MEV_BC501A_T025_FE080,N002_JAERI_TIARA_68MEV__TRANS__JAERI_68MEV_BC501A_T025_FE080,18.955753581800835,4.654749183942236,1.1248,4.654749183942236,3.9,0.7392743896902325,4.84545061151827,3.7557535818008354,0.2470890514342655,24.70890514342655,0.22081207668564787,0.7751092484304593,source_normalization_systematic_sigma is shared/correlated across bins in this proton-energy source; do not treat these per-bin normalized residuals as independent chi-square contributions.
BC501A,68,25,40,52,54,15.8,5.7,JAERI_68MEV_BC501A_T025_FE080,JAERI_68MEV_PEAK_4.77E9_N_SR_UC,80.0,4.77,4770000000.0,N002_JAERI_TIARA_68MEV__TRANS__JAERI_68MEV_BC501A_T025_FE080,N002_JAERI_TIARA_68MEV__TRANS__JAERI_68MEV_BC501A_T025_FE080,17.671480042275288,4.542855722138768,0.9006000000000001,4.542855722138768,3.9,0.6891877216487362,4.682264215936594,1.8714800422752873,0.11844810394147387,11.844810394147387,0.11194210296503652,0.3996955225007384,source_normalization_systematic_sigma is shared/correlated across bins in this proton-energy source; do not treat these per-bin normalized residuals as independent chi-square contributions.
BC501A,68,25,40,50,52,16.7,5.4,JAERI_68MEV_BC501A_T025_FE080,JAERI_68MEV_PEAK_4.77E9_N_SR_UC,80.0,4.77,4770000000.0,N002_JAERI_TIARA_68MEV__TRANS__JAERI_68MEV_BC501A_T025_FE080,N002_JAERI_TIARA_68MEV__TRANS__JAERI_68MEV_BC501A_T025_FE080,19.814549906689905,4.840328266304999,0.9018,4.840328266304999,3.9,0.7727674463609062,4.983893105971105,3.1145499066899056,0.1864999944125692,18.64999944125692,0.17100779218451065,0.6249230953525918,source_normalization_systematic_sigma is shared/correlated across bins in this proton-energy source; do not treat these per-bin normalized residuals as independent chi-square contributions.
BC501A,68,25,40,48,50,18.6,5.5,JAERI_68MEV_BC501A_T025_FE080,JAERI_68MEV_PEAK_4.77E9_N_SR_UC,80.0,4.77,4770000000.0,N002_JAERI_TIARA_68MEV__TRANS__JAERI_68MEV_BC501A_T025_FE080,N002_JAERI_TIARA_68MEV__TRANS__JAERI_68MEV_BC501A_T025_FE080,18.766469423176385,4.244599576730525,1.0230000000000001,4.244599576730525,3.9,0.731892307503879,4.4270555583326825,0.1664694231763839,0.00894996898797763,0.8949968987977629,0.008910155392828824,0.03760274091502019,source_normalization_systematic_sigma is shared/correlated across bins in this proton-energy source; do not treat these per-bin normalized residuals as independent chi-square contributions.
BC501A,68,25,40,46,48,20.8,5.8,JAERI_68MEV_BC501A_T025_FE080,JAERI_68MEV_PEAK_4.77E9_N_SR_UC,80.0,4.77,4770000000.0,N002_JAERI_TIARA_68MEV__TRANS__JAERI_68MEV_BC501A_T025_FE080,N002_JAERI_TIARA_68MEV__TRANS__JAERI_68MEV_BC501A_T025_FE080,19.72730020555819,4.576442217202309,1.2064,4.576442217202309,3.9,0.7693647080167695,4.794908380911289,-1.0726997944418102,-0.0515721055020101,-5.15721055020101,-0.05294951305767368,-0.2237164319368997,source_normalization_systematic_sigma is shared/correlated across bins in this proton-energy source; do not treat these per-bin normalized residuals as independent chi-square contributions.
BC501A,68,25,40,44,46,22.0,5.8,JAERI_68MEV_BC501A_T025_FE080,JAERI_68MEV_PEAK_4.77E9_N_SR_UC,80.0,4.77,4770000000.0,N002_JAERI_TIARA_68MEV__TRANS__JAERI_68MEV_BC501A_T025_FE080,N002_JAERI_TIARA_68MEV__TRANS__JAERI_68MEV_BC501A_T025_FE080,30.98735090634929,5.4464197829502,1.276,5.4464197829502,3.9,1.2085066853476223,5.72294966434628,8.987350906349288,0.408515950288604,40.8515950288604,0.3425366325787288,1.5704053737079118,source_normalization_systematic_sigma is shared/correlated across bins in this proton-energy source; do not treat these per-bin normalized residuals as independent chi-square contributions.
BC501A,68,25,40,43,44,22.2,5.5,JAERI_68MEV_BC501A_T025_FE080,JAERI_68MEV_PEAK_4.77E9_N_SR_UC,80.0,4.77,4770000000.0,N002_JAERI_TIARA_68MEV__TRANS__JAERI_68MEV_BC501A_T025_FE080,N002_JAERI_TIARA_68MEV__TRANS__JAERI_68MEV_BC501A_T025_FE080,27.38009169733632,7.173006133656914,1.2209999999999999,7.173006133656914,3.9,1.0678235761961163,7.354121645945216,5.180091697336319,0.23333746384397835,23.333746384397834,0.20972388003914622,0.704379387060102,source_normalization_systematic_sigma is shared/correlated across bins in this proton-energy source; do not treat these per-bin normalized residuals as independent chi-square contributions.
BC501A,68,25,40,42,43,22.3,5.3,JAERI_68MEV_BC501A_T025_FE080,JAERI_68MEV_PEAK_4.77E9_N_SR_UC,80.0,4.77,4770000000.0,N002_JAERI_TIARA_68MEV__TRANS__JAERI_68MEV_BC501A_T025_FE080,N002_JAERI_TIARA_68MEV__TRANS__JAERI_68MEV_BC501A_T025_FE080,14.32975509142758,5.028294253840686,1.1819,5.028294253840686,3.9,0.5588604485656756,5.195474541769817,-7.97024490857242,-0.3574100855862072,-35.74100855862072,-0.44224852739118886,-1.534074480491514,source_normalization_systematic_sigma is shared/correlated across bins in this proton-energy source; do not treat these per-bin normalized residuals as independent chi-square contributions.
BC501A,68,25,40,41,42,22.4,5.1,JAERI_68MEV_BC501A_T025_FE080,JAERI_68MEV_PEAK_4.77E9_N_SR_UC,80.0,4.77,4770000000.0,N002_JAERI_TIARA_68MEV__TRANS__JAERI_68MEV_BC501A_T025_FE080,N002_JAERI_TIARA_68MEV__TRANS__JAERI_68MEV_BC501A_T025_FE080,14.403077322090924,5.312742350395774,1.1423999999999999,5.312742350395774,3.9,0.561720015561546,5.463134486498687,-7.996922677909074,-0.35700547669236943,-35.70054766923694,-0.44161907218727525,-1.4637975136201138,source_normalization_systematic_sigma is shared/correlated across bins in this proton-energy source; do not treat these per-bin normalized residuals as independent chi-square contributions.
BC501A,68,25,40,40,41,22.9,5.3,JAERI_68MEV_BC501A_T025_FE080,JAERI_68MEV_PEAK_4.77E9_N_SR_UC,80.0,4.77,4770000000.0,N002_JAERI_TIARA_68MEV__TRANS__JAERI_68MEV_BC501A_T025_FE080,N002_JAERI_TIARA_68MEV__TRANS__JAERI_68MEV_BC501A_T025_FE080,25.01666632535036,6.24428966985716,1.2137,6.24428966985716,3.9,0.9756499866886641,6.435535258827383,2.116666325350362,0.09243084390176254,9.243084390176254,0.08840534520761069,0.32890291797360754,source_normalization_systematic_sigma is shared/correlated across bins in this proton-energy source; do not treat these per-bin normalized residuals as independent chi-square contributions.
BC501A,68,25,40,39,40,23.5,5.7,JAERI_68MEV_BC501A_T025_FE080,JAERI_68MEV_PEAK_4.77E9_N_SR_UC,80.0,4.77,4770000000.0,N002_JAERI_TIARA_68MEV__TRANS__JAERI_68MEV_BC501A_T025_FE080,N002_JAERI_TIARA_68MEV__TRANS__JAERI_68MEV_BC501A_T025_FE080,30.37021740030337,7.017427924412221,1.3395000000000001,7.017427924412221,3.9,1.1844384786118314,7.241646873048749,6.870217400303371,0.2923496766086541,29.234967660865408,0.25646201627189247,0.9487092536743641,source_normalization_systematic_sigma is shared/correlated across bins in this proton-energy source; do not treat these per-bin normalized residuals as independent chi-square contributions.
BC501A,68,25,40,38,39,24.3,5.9,JAERI_68MEV_BC501A_T025_FE080,JAERI_68MEV_PEAK_4.77E9_N_SR_UC,80.0,4.77,4770000000.0,N002_JAERI_TIARA_68MEV__TRANS__JAERI_68MEV_BC501A_T025_FE080,N002_JAERI_TIARA_68MEV__TRANS__JAERI_68MEV_BC501A_T025_FE080,20.709844829567487,5.873817938806464,1.4337,5.873817938806464,3.9,0.8076839483531321,6.0999660842230865,-3.5901551704325136,-0.14774301112891003,-14.774301112891003,-0.15986716750365632,-0.5885533002745815,source_normalization_systematic_sigma is shared/correlated across bins in this proton-energy source; do not treat these per-bin normalized residuals as independent chi-square contributions.
BC501A,68,25,40,37,38,25.3,5.8,JAERI_68MEV_BC501A_T025_FE080,JAERI_68MEV_PEAK_4.77E9_N_SR_UC,80.0,4.77,4770000000.0,N002_JAERI_TIARA_68MEV__TRANS__JAERI_68MEV_BC501A_T025_FE080,N002_JAERI_TIARA_68MEV__TRANS__JAERI_68MEV_BC501A_T025_FE080,21.59308740729292,5.926587494234537,1.4674,5.926587494234537,3.9,0.8421304088844239,6.163350201991207,-3.7069125927070807,-0.14651828429672256,-14.651828429672257,-0.15843115970320715,-0.601444420845903,source_normalization_systematic_sigma is shared/correlated across bins in this proton-energy source; do not treat these per-bin normalized residuals as independent chi-square contributions.
BC501A,68,25,40,36,37,26.4,5.7,JAERI_68MEV_BC501A_T025_FE080,JAERI_68MEV_PEAK_4.77E9_N_SR_UC,80.0,4.77,4770000000.0,N002_JAERI_TIARA_68MEV__TRANS__JAERI_68MEV_BC501A_T025_FE080,N002_JAERI_TIARA_68MEV__TRANS__JAERI_68MEV_BC501A_T025_FE080,31.351745933926424,6.728124079808531,1.5048,6.728124079808531,3.9,1.2227180914231304,7.001936603854166,4.951745933926425,0.18756613386084944,18.756613386084943,0.17190594704822987,0.7071966248881447,source_normalization_systematic_sigma is shared/correlated across bins in this proton-energy source; do not treat these per-bin normalized residuals as independent chi-square contributions.
BC501A,68,25,40,35,36,27.4,5.3,JAERI_68MEV_BC501A_T025_FE080,JAERI_68MEV_PEAK_4.77E9_N_SR_UC,80.0,4.77,4770000000.0,N002_JAERI_TIARA_68MEV__TRANS__JAERI_68MEV_BC501A_T025_FE080,N002_JAERI_TIARA_68MEV__TRANS__JAERI_68MEV_BC501A_T025_FE080,24.69446661971488,6.38161674916454,1.4522,6.38161674916454,3.9,0.9630841981688804,6.615243634665317,-2.705533380285118,-0.09874209417098971,-9.874209417098971,-0.10396381835042867,-0.40898469197831716,source_normalization_systematic_sigma is shared/correlated across bins in this proton-energy source; do not treat these per-bin normalized residuals as independent chi-square contributions.
BC501A,68,25,40,34,35,28.3,5.2,JAERI_68MEV_BC501A_T025_FE080,JAERI_68MEV_PEAK_4.77E9_N_SR_UC,80.0,4.77,4770000000.0,N002_JAERI_TIARA_68MEV__TRANS__JAERI_68MEV_BC501A_T025_FE080,N002_JAERI_TIARA_68MEV__TRANS__JAERI_68MEV_BC501A_T025_FE080,30.64728909943415,6.855716421321176,1.4716,6.855716421321176,3.9,1.195244274877932,7.113020672414872,2.3472890994341498,0.08294307771852119,8.29430777185212,0.0796824068208447,0.3299989143202145,source_normalization_systematic_sigma is shared/correlated across bins in this proton-energy source; do not treat these per-bin normalized residuals as independent chi-square contributions.
BC501A,68,25,40,33,34,28.8,5.3,JAERI_68MEV_BC501A_T025_FE080,JAERI_68MEV_PEAK_4.77E9_N_SR_UC,80.0,4.77,4770000000.0,N002_JAERI_TIARA_68MEV__TRANS__JAERI_68MEV_BC501A_T025_FE080,N002_JAERI_TIARA_68MEV__TRANS__JAERI_68MEV_BC501A_T025_FE080,19.55029244247903,5.301834604967625,1.5263999999999998,5.301834604967625,3.9,0.762461405256682,5.569622476697878,-9.24970755752097,-0.3211704013028115,-32.11704013028115,-0.38738514212782615,-1.6607422848172904,source_normalization_systematic_sigma is shared/correlated across bins in this proton-energy source; do not treat these per-bin normalized residuals as independent chi-square contributions.
BC501A,68,25,40,32,33,28.7,5.7,JAERI_68MEV_BC501A_T025_FE080,JAERI_68MEV_PEAK_4.77E9_N_SR_UC,80.0,4.77,4770000000.0,N002_JAERI_TIARA_68MEV__TRANS__JAERI_68MEV_BC501A_T025_FE080,N002_JAERI_TIARA_68MEV__TRANS__JAERI_68MEV_BC501A_T025_FE080,32.58256881494289,6.897009367440657,1.6359000000000001,6.897009367440657,3.9,1.2707201837827726,7.201363538250037,3.882568814942889,0.13528114337780103,13.528114337780103,0.1268803236765046,0.5391435655651361,source_normalization_systematic_sigma is shared/correlated across bins in this proton-energy source; do not treat these per-bin normalized residuals as independent chi-square contributions.
BC501A,68,25,40,31,32,28.1,6.3,JAERI_68MEV_BC501A_T025_FE080,JAERI_68MEV_PEAK_4.77E9_N_SR_UC,80.0,4.77,4770000000.0,N002_JAERI_TIARA_68MEV__TRANS__JAERI_68MEV_BC501A_T025_FE080,N002_JAERI_TIARA_68MEV__TRANS__JAERI_68MEV_BC501A_T025_FE080,38.13067680686767,7.609200962327409,1.7703,7.609200962327409,3.9,1.4870963954678391,7.95269495608236,10.030676806867667,0.35696358743301304,35.6963587433013,0.30524954735565957,1.2612927897097361,source_normalization_systematic_sigma is shared/correlated across bins in this proton-energy source; do not treat these per-bin normalized residuals as independent chi-square contributions.
BC501A,68,25,40,30,31,27.2,6.3,JAERI_68MEV_BC501A_T025_FE080,JAERI_68MEV_PEAK_4.77E9_N_SR_UC,80.0,4.77,4770000000.0,N002_JAERI_TIARA_68MEV__TRANS__JAERI_68MEV_BC501A_T025_FE080,N002_JAERI_TIARA_68MEV__TRANS__JAERI_68MEV_BC501A_T025_FE080,24.427269350148052,5.70854535613109,1.7135999999999998,5.70854535613109,3.9,0.952663504655774,6.035849799001699,-2.7727306498519475,-0.10193862683279219,-10.19386268327922,-0.10751686873110587,-0.45937701271336207,source_normalization_systematic_sigma is shared/correlated across bins in this proton-energy source; do not treat these per-bin normalized residuals as independent chi-square contributions.
BC501A,68,25,40,29,30,26.3,5.7,JAERI_68MEV_BC501A_T025_FE080,JAERI_68MEV_PEAK_4.77E9_N_SR_UC,80.0,4.77,4770000000.0,N002_JAERI_TIARA_68MEV__TRANS__JAERI_68MEV_BC501A_T025_FE080,N002_JAERI_TIARA_68MEV__TRANS__JAERI_68MEV_BC501A_T025_FE080,32.65043199252505,6.627531637976132,1.4990999999999999,6.627531637976132,3.9,1.273366847708477,6.913243779241234,6.350431992525049,0.24146129249144674,24.146129249144675,0.21628914746267913,0.9185893330702196,source_normalization_systematic_sigma is shared/correlated across bins in this proton-energy source; do not treat these per-bin normalized residuals as independent chi-square contributions.
BC501A,68,25,40,28,29,25.7,5.1,JAERI_68MEV_BC501A_T025_FE080,JAERI_68MEV_PEAK_4.77E9_N_SR_UC,80.0,4.77,4770000000.0,N002_JAERI_TIARA_68MEV__TRANS__JAERI_68MEV_BC501A_T025_FE080,N002_JAERI_TIARA_68MEV__TRANS__JAERI_68MEV_BC501A_T025_FE080,32.45235454882602,6.251550698958504,1.3107,6.251550698958504,3.9,1.265641827404215,6.511656461064546,6.752354548826023,0.26273753108272463,26.273753108272462,0.23328200790248316,1.036964187100578,source_normalization_systematic_sigma is shared/correlated across bins in this proton-energy source; do not treat these per-bin normalized residuals as independent chi-square contributions.
BC501A,68,25,40,27,28,25.3,5.2,JAERI_68MEV_BC501A_T025_FE080,JAERI_68MEV_PEAK_4.77E9_N_SR_UC,80.0,4.77,4770000000.0,N002_JAERI_TIARA_68MEV__TRANS__JAERI_68MEV_BC501A_T025_FE080,N002_JAERI_TIARA_68MEV__TRANS__JAERI_68MEV_BC501A_T025_FE080,23.081060183153948,5.095449079581669,1.3156,5.095449079581669,3.9,0.9001613471430039,5.338978847448263,-2.218939816846053,-0.08770513110063449,-8.77051311006345,-0.09179202000324388,-0.41561127703410616,source_normalization_systematic_sigma is shared/correlated across bins in this proton-energy source; do not treat these per-bin normalized residuals as independent chi-square contributions.
BC501A,68,25,40,26,27,25.2,6.4,JAERI_68MEV_BC501A_T025_FE080,JAERI_68MEV_PEAK_4.77E9_N_SR_UC,80.0,4.77,4770000000.0,N002_JAERI_TIARA_68MEV__TRANS__JAERI_68MEV_BC501A_T025_FE080,N002_JAERI_TIARA_68MEV__TRANS__JAERI_68MEV_BC501A_T025_FE080,22.619460152306782,4.948001675939379,1.6128,4.948001675939379,3.9,0.8821589459399646,5.278451366736347,-2.580539847693217,-0.10240237490846099,-10.240237490846098,-0.10803339005996494,-0.48888199746524486,source_normalization_systematic_sigma is shared/correlated across bins in this proton-energy source; do not treat these per-bin normalized residuals as independent chi-square contributions.
BC501A,68,25,40,25,26,25.1,8.8,JAERI_68MEV_BC501A_T025_FE080,JAERI_68MEV_PEAK_4.77E9_N_SR_UC,80.0,4.77,4770000000.0,N002_JAERI_TIARA_68MEV__TRANS__JAERI_68MEV_BC501A_T025_FE080,N002_JAERI_TIARA_68MEV__TRANS__JAERI_68MEV_BC501A_T025_FE080,21.39744453349197,4.363738661485248,2.2088,4.363738661485248,3.9,0.8345003368061868,4.961592824675429,-3.7025554665080307,-0.14751216998039962,-14.751216998039961,-0.15959634556319546,-0.7462433128519045,source_normalization_systematic_sigma is shared/correlated across bins in this proton-energy source; do not treat these per-bin normalized residuals as independent chi-square contributions.
BC501A,68,25,40,24,25,24.8,10.3,JAERI_68MEV_BC501A_T025_FE080,JAERI_68MEV_PEAK_4.77E9_N_SR_UC,80.0,4.77,4770000000.0,N002_JAERI_TIARA_68MEV__TRANS__JAERI_68MEV_BC501A_T025_FE080,N002_JAERI_TIARA_68MEV__TRANS__JAERI_68MEV_BC501A_T025_FE080,23.05700998958709,4.893770333572284,2.5544000000000002,4.893770333572284,3.9,0.8992233895938965,5.593080559239686,-1.7429900104129104,-0.07028185525858509,-7.028185525858508,-0.07287380894040243,-0.3116332747136132,source_normalization_systematic_sigma is shared/correlated across bins in this proton-energy source; do not treat these per-bin normalized residuals as independent chi-square contributions.
BC501A,68,25,40,23,24,24.2,9.9,JAERI_68MEV_BC501A_T025_FE080,JAERI_68MEV_PEAK_4.77E9_N_SR_UC,80.0,4.77,4770000000.0,N002_JAERI_TIARA_68MEV__TRANS__JAERI_68MEV_BC501A_T025_FE080,N002_JAERI_TIARA_68MEV__TRANS__JAERI_68MEV_BC501A_T025_FE080,16.428313788223534,3.8679438832148314,2.3958,3.8679438832148314,3.9,0.6407042377407178,4.594708853013207,-7.771686211776466,-0.32114405833787046,-32.114405833787046,-0.3873463364336338,-1.691442583283552,source_normalization_systematic_sigma is shared/correlated across bins in this proton-energy source; do not treat these per-bin normalized residuals as independent chi-square contributions.
BC501A,68,25,40,22,23,23.2,8.2,JAERI_68MEV_BC501A_T025_FE080,JAERI_68MEV_PEAK_4.77E9_N_SR_UC,80.0,4.77,4770000000.0,N002_JAERI_TIARA_68MEV__TRANS__JAERI_68MEV_BC501A_T025_FE080,N002_JAERI_TIARA_68MEV__TRANS__JAERI_68MEV_BC501A_T025_FE080,20.261036250187992,4.611378467963588,1.9023999999999999,4.611378467963588,3.9,0.7901804137573316,5.0505764246355005,-2.9389637498120074,-0.12667947197465548,-12.667947197465548,-0.13545263356900006,-0.5819065989134323,source_normalization_systematic_sigma is shared/correlated across bins in this proton-energy source; do not treat these per-bin normalized residuals as independent chi-square contributions.
BC501A,68,25,40,21,22,22.0,6.1,JAERI_68MEV_BC501A_T025_FE080,JAERI_68MEV_PEAK_4.77E9_N_SR_UC,80.0,4.77,4770000000.0,N002_JAERI_TIARA_68MEV__TRANS__JAERI_68MEV_BC501A_T025_FE080,N002_JAERI_TIARA_68MEV__TRANS__JAERI_68MEV_BC501A_T025_FE080,18.81424864015732,4.270100958562165,1.3419999999999999,4.270100958562165,3.9,0.7337556969661355,4.535760533708077,-3.18575135984268,-0.14480687999284908,-14.480687999284909,-0.15642796419707763,-0.7023632169660119,source_normalization_systematic_sigma is shared/correlated across bins in this proton-energy source; do not treat these per-bin normalized residuals as independent chi-square contributions.
BC501A,68,25,40,20,21,20.4,4.6,JAERI_68MEV_BC501A_T025_FE080,JAERI_68MEV_PEAK_4.77E9_N_SR_UC,80.0,4.77,4770000000.0,N002_JAERI_TIARA_68MEV__TRANS__JAERI_68MEV_BC501A_T025_FE080,N002_JAERI_TIARA_68MEV__TRANS__JAERI_68MEV_BC501A_T025_FE080,15.884353873039808,3.7452862443291206,0.9383999999999999,3.7452862443291206,3.9,0.6194898010485526,3.9104387510309,-4.51564612696019,-0.22135520230197012,-22.135520230197013,-0.2502003092446023,-1.1547671283100243,source_normalization_systematic_sigma is shared/correlated across bins in this proton-energy source; do not treat these per-bin normalized residuals as independent chi-square contributions.
BC501A,68,25,40,19,20,18.8,6.1,JAERI_68MEV_BC501A_T025_FE080,JAERI_68MEV_PEAK_4.77E9_N_SR_UC,80.0,4.77,4770000000.0,N002_JAERI_TIARA_68MEV__TRANS__JAERI_68MEV_BC501A_T025_FE080,N002_JAERI_TIARA_68MEV__TRANS__JAERI_68MEV_BC501A_T025_FE080,14.995180405254604,3.479888785945356,1.1467999999999998,3.479888785945356,3.9,0.5848120358049296,3.710361346253293,-3.804819594745396,-0.20238402099709554,-20.238402099709553,-0.22612802667998727,-1.0254579647848818,source_normalization_systematic_sigma is shared/correlated across bins in this proton-energy source; do not treat these per-bin normalized residuals as independent chi-square contributions.
BC501A,68,25,40,18,19,17.4,9.5,JAERI_68MEV_BC501A_T025_FE080,JAERI_68MEV_PEAK_4.77E9_N_SR_UC,80.0,4.77,4770000000.0,N002_JAERI_TIARA_68MEV__TRANS__JAERI_68MEV_BC501A_T025_FE080,N002_JAERI_TIARA_68MEV__TRANS__JAERI_68MEV_BC501A_T025_FE080,17.217404448325812,3.4924204530269622,1.6529999999999998,3.4924204530269622,3.9,0.6714787734847067,3.921771712372047,-0.1825955516741864,-0.010493997222654391,-1.0493997222654392,-0.010549447482581015,-0.046559454518515356,source_normalization_systematic_sigma is shared/correlated across bins in this proton-energy source; do not treat these per-bin normalized residuals as independent chi-square contributions.
BC501A,68,25,40,17,18,16.6,10.6,JAERI_68MEV_BC501A_T025_FE080,JAERI_68MEV_PEAK_4.77E9_N_SR_UC,80.0,4.77,4770000000.0,N002_JAERI_TIARA_68MEV__TRANS__JAERI_68MEV_BC501A_T025_FE080,N002_JAERI_TIARA_68MEV__TRANS__JAERI_68MEV_BC501A_T025_FE080,21.446582167649208,4.030982151321349,1.7596,4.030982151321349,3.9,0.8364167045383191,4.477119851858116,4.846582167649206,0.2919627811836871,29.196278118368713,0.2561625978121076,1.0825223197091216,source_normalization_systematic_sigma is shared/correlated across bins in this proton-energy source; do not treat these per-bin normalized residuals as independent chi-square contributions.
BC501A,68,25,40,16,17,16.2,7.3,JAERI_68MEV_BC501A_T025_FE080,JAERI_68MEV_PEAK_4.77E9_N_SR_UC,80.0,4.77,4770000000.0,N002_JAERI_TIARA_68MEV__TRANS__JAERI_68MEV_BC501A_T025_FE080,N002_JAERI_TIARA_68MEV__TRANS__JAERI_68MEV_BC501A_T025_FE080,19.215358858139297,3.7000882718691006,1.1825999999999999,3.7000882718691006,3.9,0.7493989954674325,3.9561085467958113,3.0153588581392974,0.18613326284810477,18.613326284810476,0.1706986575415879,0.7622032667889107,source_normalization_systematic_sigma is shared/correlated across bins in this proton-energy source; do not treat these per-bin normalized residuals as independent chi-square contributions.
BC501A,68,25,40,15,16,15.9,5.2,JAERI_68MEV_BC501A_T025_FE080,JAERI_68MEV_PEAK_4.77E9_N_SR_UC,80.0,4.77,4770000000.0,N002_JAERI_TIARA_68MEV__TRANS__JAERI_68MEV_BC501A_T025_FE080,N002_JAERI_TIARA_68MEV__TRANS__JAERI_68MEV_BC501A_T025_FE080,20.28446543620064,3.841105219848683,0.8268000000000001,3.841105219848683,3.9,0.791094152011825,4.007931824182656,4.3844654362006406,0.275752543157273,27.5752543157273,0.24353623442048825,1.09394711001472,source_normalization_systematic_sigma is shared/correlated across bins in this proton-energy source; do not treat these per-bin normalized residuals as independent chi-square contributions.
BC501A,68,25,40,14,15,15.5,6.6,JAERI_68MEV_BC501A_T025_FE080,JAERI_68MEV_PEAK_4.77E9_N_SR_UC,80.0,4.77,4770000000.0,N002_JAERI_TIARA_68MEV__TRANS__JAERI_68MEV_BC501A_T025_FE080,N002_JAERI_TIARA_68MEV__TRANS__JAERI_68MEV_BC501A_T025_FE080,14.413518827743776,2.8121860644147216,1.023,2.8121860644147216,3.9,0.5621272342820073,3.044816330817,-1.0864811722562244,-0.07009555950040157,-7.0095559500401565,-0.07267345026516879,-0.3568297901123956,source_normalization_systematic_sigma is shared/correlated across bins in this proton-energy source; do not treat these per-bin normalized residuals as independent chi-square contributions.
BC501A,68,25,40,13,14,14.9,4.8,JAERI_68MEV_BC501A_T025_FE080,JAERI_68MEV_PEAK_4.77E9_N_SR_UC,80.0,4.77,4770000000.0,N002_JAERI_TIARA_68MEV__TRANS__JAERI_68MEV_BC501A_T025_FE080,N002_JAERI_TIARA_68MEV__TRANS__JAERI_68MEV_BC501A_T025_FE080,12.778543799475305,2.692196685804713,0.7152,2.692196685804713,3.9,0.49836320817953683,2.829805633312098,-2.1214562005246957,-0.1423796107734695,-14.23796107734695,-0.15359371419712942,-0.7496826550739718,source_normalization_systematic_sigma is shared/correlated across bins in this proton-energy source; do not treat these per-bin normalized residuals as independent chi-square contributions.
BC501A,68,25,40,12,13,14.4,5.9,JAERI_68MEV_BC501A_T025_FE080,JAERI_68MEV_PEAK_4.77E9_N_SR_UC,80.0,4.77,4770000000.0,N002_JAERI_TIARA_68MEV__TRANS__JAERI_68MEV_BC501A_T025_FE080,N002_JAERI_TIARA_68MEV__TRANS__JAERI_68MEV_BC501A_T025_FE080,11.849696866622436,2.339508798268302,0.8496000000000001,2.339508798268302,3.9,0.462138177798275,2.5315397039259535,-2.5503031333775645,-0.17710438426233086,-17.710438426233086,-0.1949259202037548,-1.007411864574951,source_normalization_systematic_sigma is shared/correlated across bins in this proton-energy source; do not treat these per-bin normalized residuals as independent chi-square contributions.
BC501A,68,25,40,11,12,14.4,7.3,JAERI_68MEV_BC501A_T025_FE080,JAERI_68MEV_PEAK_4.77E9_N_SR_UC,80.0,4.77,4770000000.0,N002_JAERI_TIARA_68MEV__TRANS__JAERI_68MEV_BC501A_T025_FE080,N002_JAERI_TIARA_68MEV__TRANS__JAERI_68MEV_BC501A_T025_FE080,17.654598063436925,2.9854635274109507,1.0512000000000001,2.9854635274109507,3.9,0.68852932447404,3.2391490463023946,3.2545980634369247,0.226013754405342,22.6013754405342,0.2037680563787731,1.0047694678181498,source_normalization_systematic_sigma is shared/correlated across bins in this proton-energy source; do not treat these per-bin normalized residuals as independent chi-square contributions.
BC501A,68,25,40,10,11,14.6,6.4,JAERI_68MEV_BC501A_T025_FE080,JAERI_68MEV_PEAK_4.77E9_N_SR_UC,80.0,4.77,4770000000.0,N002_JAERI_TIARA_68MEV__TRANS__JAERI_68MEV_BC501A_T025_FE080,N002_JAERI_TIARA_68MEV__TRANS__JAERI_68MEV_BC501A_T025_FE080,16.13432849007263,2.5831518713118955,0.9344,2.5831518713118955,3.9,0.6292388111128325,2.8181054685147675,1.53432849007263,0.10509099247072808,10.509099247072808,0.09992767770681572,0.5444538918840645,source_normalization_systematic_sigma is shared/correlated across bins in this proton-energy source; do not treat these per-bin normalized residuals as independent chi-square contributions.
BC501A,68,25,40,9,10,14.7,5.4,JAERI_68MEV_BC501A_T025_FE080,JAERI_68MEV_PEAK_4.77E9_N_SR_UC,80.0,4.77,4770000000.0,N002_JAERI_TIARA_68MEV__TRANS__JAERI_68MEV_BC501A_T025_FE080,N002_JAERI_TIARA_68MEV__TRANS__JAERI_68MEV_BC501A_T025_FE080,16.103717944226076,2.4860750567904923,0.7938,2.4860750567904923,3.9,0.628044999824817,2.6842369772061487,1.4037179442260772,0.09549101661401886,9.549101661401886,0.091202679758711,0.5229485906595019,source_normalization_systematic_sigma is shared/correlated across bins in this proton-energy source; do not treat these per-bin normalized residuals as independent chi-square contributions.
BC501A,68,25,40,8,9,14.8,4.9,JAERI_68MEV_BC501A_T025_FE080,JAERI_68MEV_PEAK_4.77E9_N_SR_UC,80.0,4.77,4770000000.0,N002_JAERI_TIARA_68MEV__TRANS__JAERI_68MEV_BC501A_T025_FE080,N002_JAERI_TIARA_68MEV__TRANS__JAERI_68MEV_BC501A_T025_FE080,15.7591599115427,2.252790435751487,0.7252000000000001,2.252790435751487,3.9,0.6146072365501652,2.445142499453397,0.9591599115426988,0.06480810213126342,6.480810213126342,0.06279459713373736,0.39227157998240003,source_normalization_systematic_sigma is shared/correlated across bins in this proton-energy source; do not treat these per-bin normalized residuals as independent chi-square contributions.
BC501A,68,25,40,7,8,15.4,4.5,JAERI_68MEV_BC501A_T025_FE080,JAERI_68MEV_PEAK_4.77E9_N_SR_UC,80.0,4.77,4770000000.0,N002_JAERI_TIARA_68MEV__TRANS__JAERI_68MEV_BC501A_T025_FE080,N002_JAERI_TIARA_68MEV__TRANS__JAERI_68MEV_BC501A_T025_FE080,13.591163733663816,1.880474795271826,0.693,1.880474795271826,3.9,0.5300553856128888,2.073015476900702,-1.8088362663361846,-0.11745690041144055,-11.745690041144055,-0.12494765330653386,-0.8725628373216571,source_normalization_systematic_sigma is shared/correlated across bins in this proton-energy source; do not treat these per-bin normalized residuals as independent chi-square contributions.
BC501A,68,50,0,68,70,3120.0,5.0,JAERI_68MEV_BC501A_T050_FE080,JAERI_68MEV_PEAK_4.77E9_N_SR_UC,80.0,4.77,4770000000.0,N002_JAERI_TIARA_68MEV__TRANS__JAERI_68MEV_BC501A_T050_FE080,N002_JAERI_TIARA_68MEV__TRANS__JAERI_68MEV_BC501A_T050_FE080,115.8387728141358,14.702485606726428,156.0,14.702485606726428,3.9,4.517712139751295,156.75641232815215,-3004.1612271858644,-0.9628721882005976,-96.28721882005976,-3.29338894602286,-19.16451890272269,source_normalization_systematic_sigma is shared/correlated across bins in this proton-energy source; do not treat these per-bin normalized residuals as independent chi-square contributions.
BC501A,68,50,0,66,68,6410.0,4.8,JAERI_68MEV_BC501A_T050_FE080,JAERI_68MEV_PEAK_4.77E9_N_SR_UC,80.0,4.77,4770000000.0,N002_JAERI_TIARA_68MEV__TRANS__JAERI_68MEV_BC501A_T050_FE080,N002_JAERI_TIARA_68MEV__TRANS__JAERI_68MEV_BC501A_T050_FE080,5313.937467815939,99.06486568203954,307.68,99.06486568203954,3.9,207.24356124482162,383.9670867275432,-1096.0625321840607,-0.17099259472450246,-17.099259472450246,-0.18752619110568058,-2.8545741811506073,source_normalization_systematic_sigma is shared/correlated across bins in this proton-energy source; do not treat these per-bin normalized residuals as independent chi-square contributions.
BC501A,68,50,0,64,66,9060.0,4.5,JAERI_68MEV_BC501A_T050_FE080,JAERI_68MEV_PEAK_4.77E9_N_SR_UC,80.0,4.77,4770000000.0,N002_JAERI_TIARA_68MEV__TRANS__JAERI_68MEV_BC501A_T050_FE080,N002_JAERI_TIARA_68MEV__TRANS__JAERI_68MEV_BC501A_T050_FE080,17257.528637041767,174.0062427222136,407.7,174.0062427222136,3.9,673.0436168446289,805.9064292345616,8197.528637041767,0.9048044853246984,90.48044853246984,0.6443793709361152,10.171811937060314,source_normalization_systematic_sigma is shared/correlated across bins in this proton-energy source; do not treat these per-bin normalized residuals as independent chi-square contributions.
BC501A,68,50,0,62,64,9240.0,4.4,JAERI_68MEV_BC501A_T050_FE080,JAERI_68MEV_PEAK_4.77E9_N_SR_UC,80.0,4.77,4770000000.0,N002_JAERI_TIARA_68MEV__TRANS__JAERI_68MEV_BC501A_T050_FE080,N002_JAERI_TIARA_68MEV__TRANS__JAERI_68MEV_BC501A_T050_FE080,6436.078875144821,103.47872017184773,406.56,103.47872017184773,3.9,251.00707613064802,488.8797719235891,-2803.921124855179,-0.30345466719211894,-30.345466719211895,-0.36162240129326567,-5.7354001656125515,source_normalization_systematic_sigma is shared/correlated across bins in this proton-energy source; do not treat these per-bin normalized residuals as independent chi-square contributions.
BC501A,68,50,0,60,62,6950.0,4.8,JAERI_68MEV_BC501A_T050_FE080,JAERI_68MEV_PEAK_4.77E9_N_SR_UC,80.0,4.77,4770000000.0,N002_JAERI_TIARA_68MEV__TRANS__JAERI_68MEV_BC501A_T050_FE080,N002_JAERI_TIARA_68MEV__TRANS__JAERI_68MEV_BC501A_T050_FE080,908.3929457319324,37.197680510381815,333.6,37.197680510381815,3.9,35.42732488354536,337.5318100324127,-6041.607054268067,-0.8692959790313766,-86.92959790313766,-2.0348198939543147,-17.89937088799986,source_normalization_systematic_sigma is shared/correlated across bins in this proton-energy source; do not treat these per-bin normalized residuals as independent chi-square contributions.
BC501A,68,50,0,58,60,3920.0,5.2,JAERI_68MEV_BC501A_T050_FE080,JAERI_68MEV_PEAK_4.77E9_N_SR_UC,80.0,4.77,4770000000.0,N002_JAERI_TIARA_68MEV__TRANS__JAERI_68MEV_BC501A_T050_FE080,N002_JAERI_TIARA_68MEV__TRANS__JAERI_68MEV_BC501A_T050_FE080,846.890099695121,35.8126697007196,203.84,35.8126697007196,3.9,33.02871388810972,209.5809839947209,-3073.109900304879,-0.7839566072206324,-78.39566072206324,-1.5322759989770953,-14.663114189702855,source_normalization_systematic_sigma is shared/correlated across bins in this proton-energy source; do not treat these per-bin normalized residuals as independent chi-square contributions.
BC501A,68,50,0,56,58,1790.0,5.1,JAERI_68MEV_BC501A_T050_FE080,JAERI_68MEV_PEAK_4.77E9_N_SR_UC,80.0,4.77,4770000000.0,N002_JAERI_TIARA_68MEV__TRANS__JAERI_68MEV_BC501A_T050_FE080,N002_JAERI_TIARA_68MEV__TRANS__JAERI_68MEV_BC501A_T050_FE080,985.4930569887196,37.92862141698408,91.29,37.92862141698408,3.9,38.43422922256006,106.06429370209936,-804.5069430112804,-0.44944521955937455,-44.944521955937454,-0.5968288174330333,-7.585087449607526,source_normalization_systematic_sigma is shared/correlated across bins in this proton-energy source; do not treat these per-bin normalized residuals as independent chi-square contributions.
BC501A,68,50,0,54,56,930.0,6.3,JAERI_68MEV_BC501A_T050_FE080,JAERI_68MEV_PEAK_4.77E9_N_SR_UC,80.0,4.77,4770000000.0,N002_JAERI_TIARA_68MEV__TRANS__JAERI_68MEV_BC501A_T050_FE080,N002_JAERI_TIARA_68MEV__TRANS__JAERI_68MEV_BC501A_T050_FE080,1014.6217874642456,37.59962422989864,58.59,37.59962422989864,3.9,39.570249711105575,80.07699110499115,84.62178746424559,0.0909911693163931,9.09911693163931,0.08708661269937985,1.0567553337923952,source_normalization_systematic_sigma is shared/correlated across bins in this proton-energy source; do not treat these per-bin normalized residuals as independent chi-square contributions.
BC501A,68,50,0,52,54,846.0,7.6,JAERI_68MEV_BC501A_T050_FE080,JAERI_68MEV_PEAK_4.77E9_N_SR_UC,80.0,4.77,4770000000.0,N002_JAERI_TIARA_68MEV__TRANS__JAERI_68MEV_BC501A_T050_FE080,N002_JAERI_TIARA_68MEV__TRANS__JAERI_68MEV_BC501A_T050_FE080,1047.5679146355951,37.695443912433845,64.29599999999999,37.695443912433845,3.9,40.85514867078821,84.99450147314032,201.56791463559512,0.238259946377772,23.8259946377772,0.2137071250626885,2.3715406425354932,source_normalization_systematic_sigma is shared/correlated across bins in this proton-energy source; do not treat these per-bin normalized residuals as independent chi-square contributions.
BC501A,68,50,0,50,52,985.0,6.3,JAERI_68MEV_BC501A_T050_FE080,JAERI_68MEV_PEAK_4.77E9_N_SR_UC,80.0,4.77,4770000000.0,N002_JAERI_TIARA_68MEV__TRANS__JAERI_68MEV_BC501A_T050_FE080,N002_JAERI_TIARA_68MEV__TRANS__JAERI_68MEV_BC501A_T050_FE080,1053.0277170741367,36.78046450219521,62.055,36.78046450219521,3.9,41.06808096589133,83.00730611348767,68.02771707413672,0.06906367215648397,6.906367215648397,0.06678319262319576,0.8195389087935121,source_normalization_systematic_sigma is shared/correlated across bins in this proton-energy source; do not treat these per-bin normalized residuals as independent chi-square contributions.
BC501A,68,50,0,48,50,1070.0,5.6,JAERI_68MEV_BC501A_T050_FE080,JAERI_68MEV_PEAK_4.77E9_N_SR_UC,80.0,4.77,4770000000.0,N002_JAERI_TIARA_68MEV__TRANS__JAERI_68MEV_BC501A_T050_FE080,N002_JAERI_TIARA_68MEV__TRANS__JAERI_68MEV_BC501A_T050_FE080,1009.082548620917,35.53319630582464,59.92,35.53319630582464,3.9,39.35421939621576,80.01105563604166,-60.91745137908299,-0.05693219755054485,-5.693219755054485,-0.05861709813866161,-0.7613629253460594,source_normalization_systematic_sigma is shared/correlated across bins in this proton-energy source; do not treat these per-bin normalized residuals as independent chi-square contributions.
BC501A,68,50,0,46,48,1050.0,5.3,JAERI_68MEV_BC501A_T050_FE080,JAERI_68MEV_PEAK_4.77E9_N_SR_UC,80.0,4.77,4770000000.0,N002_JAERI_TIARA_68MEV__TRANS__JAERI_68MEV_BC501A_T050_FE080,N002_JAERI_TIARA_68MEV__TRANS__JAERI_68MEV_BC501A_T050_FE080,956.8324811002384,33.68212806034627,55.65,33.68212806034627,3.9,37.31646676290929,74.9928459410688,-93.1675188997616,-0.08873097038072533,-8.873097038072533,-0.09291711289320073,-1.242352090131036,source_normalization_systematic_sigma is shared/correlated across bins in this proton-energy source; do not treat these per-bin normalized residuals as independent chi-square contributions.
BC501A,68,50,0,44,46,953.0,5.2,JAERI_68MEV_BC501A_T050_FE080,JAERI_68MEV_PEAK_4.77E9_N_SR_UC,80.0,4.77,4770000000.0,N002_JAERI_TIARA_68MEV__TRANS__JAERI_68MEV_BC501A_T050_FE080,N002_JAERI_TIARA_68MEV__TRANS__JAERI_68MEV_BC501A_T050_FE080,877.0569373563002,31.092469696226097,49.556000000000004,31.092469696226097,3.9,34.2052205568957,67.76825157222679,-75.94306264369982,-0.07968841830398722,-7.9688418303987225,-0.08304299052020389,-1.1206289210923552,source_normalization_systematic_sigma is shared/correlated across bins in this proton-energy source; do not treat these per-bin normalized residuals as independent chi-square contributions.
BC501A,68,50,0,43,44,857.0,5.4,JAERI_68MEV_BC501A_T050_FE080,JAERI_68MEV_PEAK_4.77E9_N_SR_UC,80.0,4.77,4770000000.0,N002_JAERI_TIARA_68MEV__TRANS__JAERI_68MEV_BC501A_T050_FE080,N002_JAERI_TIARA_68MEV__TRANS__JAERI_68MEV_BC501A_T050_FE080,856.5925272425005,42.44187591476805,46.278,42.44187591476805,3.9,33.40710856245752,71.12665476225064,-0.40747275749947676,-0.00047546412777068464,-0.04754641277706846,-0.00047557719668062315,-0.005728833429064016,source_normalization_systematic_sigma is shared/correlated across bins in this proton-energy source; do not treat these per-bin normalized residuals as independent chi-square contributions.
BC501A,68,50,0,42,43,793.0,5.5,JAERI_68MEV_BC501A_T050_FE080,JAERI_68MEV_PEAK_4.77E9_N_SR_UC,80.0,4.77,4770000000.0,N002_JAERI_TIARA_68MEV__TRANS__JAERI_68MEV_BC501A_T050_FE080,N002_JAERI_TIARA_68MEV__TRANS__JAERI_68MEV_BC501A_T050_FE080,780.099499736092,40.17218199509077,43.615,40.17218199509077,3.9,30.423880489707585,66.6459671345439,-12.900500263908043,-0.01626797006797988,-1.6267970067979878,-0.016401746322555203,-0.1935676053415911,source_normalization_systematic_sigma is shared/correlated across bins in this proton-energy source; do not treat these per-bin normalized residuals as independent chi-square contributions.
BC501A,68,50,0,41,42,734.0,5.8,JAERI_68MEV_BC501A_T050_FE080,JAERI_68MEV_PEAK_4.77E9_N_SR_UC,80.0,4.77,4770000000.0,N002_JAERI_TIARA_68MEV__TRANS__JAERI_68MEV_BC501A_T050_FE080,N002_JAERI_TIARA_68MEV__TRANS__JAERI_68MEV_BC501A_T050_FE080,725.3292239724454,38.09189655604089,42.571999999999996,38.09189655604089,3.9,28.287839734925374,63.74613434636599,-8.670776027554552,-0.011813046359066147,-1.1813046359066148,-0.011883374802006153,-0.13602042094727979,source_normalization_systematic_sigma is shared/correlated across bins in this proton-energy source; do not treat these per-bin normalized residuals as independent chi-square contributions.
BC501A,68,50,0,40,41,682.0,6.3,JAERI_68MEV_BC501A_T050_FE080,JAERI_68MEV_PEAK_4.77E9_N_SR_UC,80.0,4.77,4770000000.0,N002_JAERI_TIARA_68MEV__TRANS__JAERI_68MEV_BC501A_T050_FE080,N002_JAERI_TIARA_68MEV__TRANS__JAERI_68MEV_BC501A_T050_FE080,645.1692194792585,35.084908333764965,42.965999999999994,35.084908333764965,3.9,25.16159955969108,60.91086964730462,-36.83078052074154,-0.05400407700988496,-5.400407700988496,-0.055517019675153496,-0.6046667981265861,source_normalization_systematic_sigma is shared/correlated across bins in this proton-energy source; do not treat these per-bin normalized residuals as independent chi-square contributions.
BC501A,68,50,0,39,40,638.0,6.9,JAERI_68MEV_BC501A_T050_FE080,JAERI_68MEV_PEAK_4.77E9_N_SR_UC,80.0,4.77,4770000000.0,N002_JAERI_TIARA_68MEV__TRANS__JAERI_68MEV_BC501A_T050_FE080,N002_JAERI_TIARA_68MEV__TRANS__JAERI_68MEV_BC501A_T050_FE080,650.9792837933624,35.213960826030245,44.022,35.213960826030245,3.9,25.38819206794113,61.82653004605597,12.979283793362356,0.02034370500527015,2.034370500527015,0.020139536227432912,0.20993065248355028,source_normalization_systematic_sigma is shared/correlated across bins in this proton-energy source; do not treat these per-bin normalized residuals as independent chi-square contributions.
BC501A,68,50,0,38,39,598.0,7.6,JAERI_68MEV_BC501A_T050_FE080,JAERI_68MEV_PEAK_4.77E9_N_SR_UC,80.0,4.77,4770000000.0,N002_JAERI_TIARA_68MEV__TRANS__JAERI_68MEV_BC501A_T050_FE080,N002_JAERI_TIARA_68MEV__TRANS__JAERI_68MEV_BC501A_T050_FE080,686.0996527304046,35.400860367931635,45.448,35.400860367931635,3.9,26.75788645648578,63.51949390862602,88.09965273040461,0.14732383399733212,14.732383399733212,0.1374321295959682,1.3869703190195062,source_normalization_systematic_sigma is shared/correlated across bins in this proton-energy source; do not treat these per-bin normalized residuals as independent chi-square contributions.
BC501A,68,50,0,37,38,563.0,8.2,JAERI_68MEV_BC501A_T050_FE080,JAERI_68MEV_PEAK_4.77E9_N_SR_UC,80.0,4.77,4770000000.0,N002_JAERI_TIARA_68MEV__TRANS__JAERI_68MEV_BC501A_T050_FE080,N002_JAERI_TIARA_68MEV__TRANS__JAERI_68MEV_BC501A_T050_FE080,629.3029690510332,33.67479533475791,46.166,33.67479533475791,3.9,24.542815792990297,62.19036262867814,66.30296905103319,0.11776726296808737,11.776726296808738,0.11133318040373164,1.0661293205011573,source_normalization_systematic_sigma is shared/correlated across bins in this proton-energy source; do not treat these per-bin normalized residuals as independent chi-square contributions.
BC501A,68,50,0,36,37,531.0,8.8,JAERI_68MEV_BC501A_T050_FE080,JAERI_68MEV_PEAK_4.77E9_N_SR_UC,80.0,4.77,4770000000.0,N002_JAERI_TIARA_68MEV__TRANS__JAERI_68MEV_BC501A_T050_FE080,N002_JAERI_TIARA_68MEV__TRANS__JAERI_68MEV_BC501A_T050_FE080,514.3841524653553,30.047818417357256,46.728,30.047818417357256,3.9,20.060981946148857,59.06623716037941,-16.615847534644672,-0.03129161494283366,-3.129161494283366,-0.031791656597618505,-0.2813087193878382,source_normalization_systematic_sigma is shared/correlated across bins in this proton-energy source; do not treat these per-bin normalized residuals as independent chi-square contributions.
BC501A,68,50,0,35,36,500.0,9.3,JAERI_68MEV_BC501A_T050_FE080,JAERI_68MEV_PEAK_4.77E9_N_SR_UC,80.0,4.77,4770000000.0,N002_JAERI_TIARA_68MEV__TRANS__JAERI_68MEV_BC501A_T050_FE080,N002_JAERI_TIARA_68MEV__TRANS__JAERI_68MEV_BC501A_T050_FE080,572.9294678735451,30.837156159015603,46.5,30.837156159015603,3.9,22.34424924706826,60.103624469665924,72.92946787354515,0.1458589357470903,14.58589357470903,0.13615451799969158,1.2133955067943096,source_normalization_systematic_sigma is shared/correlated across bins in this proton-energy source; do not treat these per-bin normalized residuals as independent chi-square contributions.
BC501A,68,50,0,34,35,471.0,9.8,JAERI_68MEV_BC501A_T050_FE080,JAERI_68MEV_PEAK_4.77E9_N_SR_UC,80.0,4.77,4770000000.0,N002_JAERI_TIARA_68MEV__TRANS__JAERI_68MEV_BC501A_T050_FE080,N002_JAERI_TIARA_68MEV__TRANS__JAERI_68MEV_BC501A_T050_FE080,466.63909533254906,27.15573991643335,46.158,27.15573991643335,3.9,18.198924717969412,56.56143593738838,-4.360904667450939,-0.009258820950001993,-0.9258820950001992,-0.009301950256805889,-0.07710031747210792,source_normalization_systematic_sigma is shared/correlated across bins in this proton-energy source; do not treat these per-bin normalized residuals as independent chi-square contributions.
BC501A,68,50,0,33,34,446.0,10.2,JAERI_68MEV_BC501A_T050_FE080,JAERI_68MEV_PEAK_4.77E9_N_SR_UC,80.0,4.77,4770000000.0,N002_JAERI_TIARA_68MEV__TRANS__JAERI_68MEV_BC501A_T050_FE080,N002_JAERI_TIARA_68MEV__TRANS__JAERI_68MEV_BC501A_T050_FE080,532.0475111682537,29.084205939241382,45.492,29.084205939241382,3.9,20.749852935561893,57.844355783115525,86.04751116825366,0.1929316393907033,19.29316393907033,0.17641384004121743,1.4875697032720778,source_normalization_systematic_sigma is shared/correlated across bins in this proton-energy source; do not treat these per-bin normalized residuals as independent chi-square contributions.
BC501A,68,50,0,32,33,427.0,10.5,JAERI_68MEV_BC501A_T050_FE080,JAERI_68MEV_PEAK_4.77E9_N_SR_UC,80.0,4.77,4770000000.0,N002_JAERI_TIARA_68MEV__TRANS__JAERI_68MEV_BC501A_T050_FE080,N002_JAERI_TIARA_68MEV__TRANS__JAERI_68MEV_BC501A_T050_FE080,496.7646198941295,27.491781977246788,44.835,27.491781977246788,3.9,19.37382017587105,56.04748174085486,69.76461989412951,0.16338318476376934,16.338318476376934,0.151332298860562,1.2447413822568905,source_normalization_systematic_sigma is shared/correlated across bins in this proton-energy source; do not treat these per-bin normalized residuals as independent chi-square contributions.
BC501A,68,50,0,31,32,416.0,10.5,JAERI_68MEV_BC501A_T050_FE080,JAERI_68MEV_PEAK_4.77E9_N_SR_UC,80.0,4.77,4770000000.0,N002_JAERI_TIARA_68MEV__TRANS__JAERI_68MEV_BC501A_T050_FE080,N002_JAERI_TIARA_68MEV__TRANS__JAERI_68MEV_BC501A_T050_FE080,468.5629022446959,25.92972231231687,43.68,25.92972231231687,3.9,18.273953187543142,53.98361107127219,52.56290224469592,0.12635313039590365,12.635313039590365,0.11898509546705312,0.9736825899864207,source_normalization_systematic_sigma is shared/correlated across bins in this proton-energy source; do not treat these per-bin normalized residuals as independent chi-square contributions.
BC501A,68,50,0,30,31,412.0,10.6,JAERI_68MEV_BC501A_T050_FE080,JAERI_68MEV_PEAK_4.77E9_N_SR_UC,80.0,4.77,4770000000.0,N002_JAERI_TIARA_68MEV__TRANS__JAERI_68MEV_BC501A_T050_FE080,N002_JAERI_TIARA_68MEV__TRANS__JAERI_68MEV_BC501A_T050_FE080,443.4707970723528,24.490171750746185,43.672,24.490171750746185,3.9,17.29536108582176,52.973027206966414,31.47079707235281,0.0763854297872641,7.63854297872641,0.07360860372108902,0.5940909691529602,source_normalization_systematic_sigma is shared/correlated across bins in this proton-energy source; do not treat these per-bin normalized residuals as independent chi-square contributions.
BC501A,68,50,0,29,30,413.0,10.7,JAERI_68MEV_BC501A_T050_FE080,JAERI_68MEV_PEAK_4.77E9_N_SR_UC,80.0,4.77,4770000000.0,N002_JAERI_TIARA_68MEV__TRANS__JAERI_68MEV_BC501A_T050_FE080,N002_JAERI_TIARA_68MEV__TRANS__JAERI_68MEV_BC501A_T050_FE080,387.5011061761124,22.341775578347946,44.190999999999995,22.341775578347946,3.9,15.112543140868384,51.772467366138464,-25.498893823887613,-0.06174066301183442,-6.174066301183442,-0.06372888952367364,-0.49251841994621726,source_normalization_systematic_sigma is shared/correlated across bins in this proton-energy source; do not treat these per-bin normalized residuals as independent chi-square contributions.
BC501A,68,50,0,28,29,414.0,11.1,JAERI_68MEV_BC501A_T050_FE080,JAERI_68MEV_PEAK_4.77E9_N_SR_UC,80.0,4.77,4770000000.0,N002_JAERI_TIARA_68MEV__TRANS__JAERI_68MEV_BC501A_T050_FE080,N002_JAERI_TIARA_68MEV__TRANS__JAERI_68MEV_BC501A_T050_FE080,373.5594365938465,21.69451040402468,45.95399999999999,21.69451040402468,3.9,14.568818027160013,52.86466075157237,-40.4405634061535,-0.0976825203047186,-9.76825203047186,-0.10278884779286238,-0.7649829362605086,source_normalization_systematic_sigma is shared/correlated across bins in this proton-energy source; do not treat these per-bin normalized residuals as independent chi-square contributions.
BC501A,68,50,0,27,28,411.0,11.8,JAERI_68MEV_BC501A_T050_FE080,JAERI_68MEV_PEAK_4.77E9_N_SR_UC,80.0,4.77,4770000000.0,N002_JAERI_TIARA_68MEV__TRANS__JAERI_68MEV_BC501A_T050_FE080,N002_JAERI_TIARA_68MEV__TRANS__JAERI_68MEV_BC501A_T050_FE080,349.8168345275212,20.918479562567697,48.498000000000005,20.918479562567697,3.9,13.642856546573327,54.550585019410576,-61.18316547247878,-0.1488641495680749,-14.886414956807489,-0.1611835269190408,-1.1215858720984964,source_normalization_systematic_sigma is shared/correlated across bins in this proton-energy source; do not treat these per-bin normalized residuals as independent chi-square contributions.
BC501A,68,50,0,26,27,399.0,12.8,JAERI_68MEV_BC501A_T050_FE080,JAERI_68MEV_PEAK_4.77E9_N_SR_UC,80.0,4.77,4770000000.0,N002_JAERI_TIARA_68MEV__TRANS__JAERI_68MEV_BC501A_T050_FE080,N002_JAERI_TIARA_68MEV__TRANS__JAERI_68MEV_BC501A_T050_FE080,353.9930672435692,20.2883106987092,51.07200000000001,20.2883106987092,3.9,13.8057296224992,56.66182935113295,-45.006932756430786,-0.1127993302166185,-11.27993302166185,-0.11968408800557322,-0.7943077954212022,source_normalization_systematic_sigma is shared/correlated across bins in this proton-energy source; do not treat these per-bin normalized residuals as independent chi-square contributions.
BC501A,68,50,0,25,26,378.0,13.6,JAERI_68MEV_BC501A_T050_FE080,JAERI_68MEV_PEAK_4.77E9_N_SR_UC,80.0,4.77,4770000000.0,N002_JAERI_TIARA_68MEV__TRANS__JAERI_68MEV_BC501A_T050_FE080,N002_JAERI_TIARA_68MEV__TRANS__JAERI_68MEV_BC501A_T050_FE080,291.1522981071979,18.21511385358574,51.408,18.21511385358574,3.9,11.35493962618072,55.70913291923777,-86.84770189280209,-0.22975582511323306,-22.975582511323307,-0.2610477041606791,-1.558949086834762,source_normalization_systematic_sigma is shared/correlated across bins in this proton-energy source; do not treat these per-bin normalized residuals as independent chi-square contributions.
BC501A,68,50,0,24,25,348.0,14.2,JAERI_68MEV_BC501A_T050_FE080,JAERI_68MEV_PEAK_4.77E9_N_SR_UC,80.0,4.77,4770000000.0,N002_JAERI_TIARA_68MEV__TRANS__JAERI_68MEV_BC501A_T050_FE080,N002_JAERI_TIARA_68MEV__TRANS__JAERI_68MEV_BC501A_T050_FE080,318.05250489808003,18.54730602678451,49.416,18.54730602678451,3.9,12.40404769102512,54.21995957184423,-29.94749510191997,-0.086056020407816,-8.6056020407816,-0.08998600088102082,-0.5523334089218197,source_normalization_systematic_sigma is shared/correlated across bins in this proton-energy source; do not treat these per-bin normalized residuals as independent chi-square contributions.
BC501A,68,50,0,23,24,311.0,13.9,JAERI_68MEV_BC501A_T050_FE080,JAERI_68MEV_PEAK_4.77E9_N_SR_UC,80.0,4.77,4770000000.0,N002_JAERI_TIARA_68MEV__TRANS__JAERI_68MEV_BC501A_T050_FE080,N002_JAERI_TIARA_68MEV__TRANS__JAERI_68MEV_BC501A_T050_FE080,307.95356038498915,17.505990123195716,43.229000000000006,17.505990123195716,3.9,12.010188855014576,48.16067656840529,-3.046439615010854,-0.009795625771739081,-0.9795625771739082,-0.009843918544615105,-0.06325574788559762,source_normalization_systematic_sigma is shared/correlated across bins in this proton-energy source; do not treat these per-bin normalized residuals as independent chi-square contributions.
BC501A,68,50,0,22,23,270.0,12.5,JAERI_68MEV_BC501A_T050_FE080,JAERI_68MEV_PEAK_4.77E9_N_SR_UC,80.0,4.77,4770000000.0,N002_JAERI_TIARA_68MEV__TRANS__JAERI_68MEV_BC501A_T050_FE080,N002_JAERI_TIARA_68MEV__TRANS__JAERI_68MEV_BC501A_T050_FE080,266.0500538184992,16.06421823257005,33.75,16.06421823257005,3.9,10.375952098921468,38.79151955495877,-3.9499461815008203,-0.01462943030185489,-1.462943030185489,-0.01473749566885597,-0.10182499233897357,source_normalization_systematic_sigma is shared/correlated across bins in this proton-energy source; do not treat these per-bin normalized residuals as independent chi-square contributions.
BC501A,68,50,0,21,22,227.0,10.0,JAERI_68MEV_BC501A_T050_FE080,JAERI_68MEV_PEAK_4.77E9_N_SR_UC,80.0,4.77,4770000000.0,N002_JAERI_TIARA_68MEV__TRANS__JAERI_68MEV_BC501A_T050_FE080,N002_JAERI_TIARA_68MEV__TRANS__JAERI_68MEV_BC501A_T050_FE080,228.9831049385132,14.556072907564271,22.7,14.556072907564271,3.9,8.930341092602015,28.406341730686524,1.9831049385132076,0.008736145103582412,0.8736145103582412,0.008698205790061076,0.06981204962309238,source_normalization_systematic_sigma is shared/correlated across bins in this proton-energy source; do not treat these per-bin normalized residuals as independent chi-square contributions.
BC501A,68,50,0,20,21,185.0,7.3,JAERI_68MEV_BC501A_T050_FE080,JAERI_68MEV_PEAK_4.77E9_N_SR_UC,80.0,4.77,4770000000.0,N002_JAERI_TIARA_68MEV__TRANS__JAERI_68MEV_BC501A_T050_FE080,N002_JAERI_TIARA_68MEV__TRANS__JAERI_68MEV_BC501A_T050_FE080,239.1305864081061,14.402567270649463,13.505,14.402567270649463,3.9,9.326092869916138,21.83563548889484,54.1305864081061,0.29259776436814106,29.259776436814107,0.2566539642831486,2.4790021080740154,source_normalization_systematic_sigma is shared/correlated across bins in this proton-energy source; do not treat these per-bin normalized residuals as independent chi-square contributions.
BC501A,68,50,0,19,20,147.0,10.5,JAERI_68MEV_BC501A_T050_FE080,JAERI_68MEV_PEAK_4.77E9_N_SR_UC,80.0,4.77,4770000000.0,N002_JAERI_TIARA_68MEV__TRANS__JAERI_68MEV_BC501A_T050_FE080,N002_JAERI_TIARA_68MEV__TRANS__JAERI_68MEV_BC501A_T050_FE080,202.58280573591568,12.866152697914243,15.435,12.866152697914243,3.9,7.900729423700711,21.591633464668117,55.582805735915684,0.3781143247341203,37.81143247341203,0.320716133398397,2.5742751620376323,source_normalization_systematic_sigma is shared/correlated across bins in this proton-energy source; do not treat these per-bin normalized residuals as independent chi-square contributions.
BC501A,68,50,0,18,19,116.0,17.1,JAERI_68MEV_BC501A_T050_FE080,JAERI_68MEV_PEAK_4.77E9_N_SR_UC,80.0,4.77,4770000000.0,N002_JAERI_TIARA_68MEV__TRANS__JAERI_68MEV_BC501A_T050_FE080,N002_JAERI_TIARA_68MEV__TRANS__JAERI_68MEV_BC501A_T050_FE080,215.12720501179933,12.98975792439392,19.836000000000002,12.98975792439392,3.9,8.389960995460173,25.151384702232555,99.12720501179933,0.8545448707913735,85.45448707913735,0.6176393132823933,3.9412225682747533,source_normalization_systematic_sigma is shared/correlated across bins in this proton-energy source; do not treat these per-bin normalized residuals as independent chi-square contributions.
BC501A,68,50,0,17,18,94.5,21.2,JAERI_68MEV_BC501A_T050_FE080,JAERI_68MEV_PEAK_4.77E9_N_SR_UC,80.0,4.77,4770000000.0,N002_JAERI_TIARA_68MEV__TRANS__JAERI_68MEV_BC501A_T050_FE080,N002_JAERI_TIARA_68MEV__TRANS__JAERI_68MEV_BC501A_T050_FE080,208.4389807959211,12.24684403841912,20.034,12.24684403841912,3.9,8.129120251040924,24.848117452983143,113.93898079592111,1.2057035004859378,120.57035004859378,0.7910465058532978,4.585417024509523,source_normalization_systematic_sigma is shared/correlated across bins in this proton-energy source; do not treat these per-bin normalized residuals as independent chi-square contributions.
BC501A,68,50,0,16,17,82.2,20.8,JAERI_68MEV_BC501A_T050_FE080,JAERI_68MEV_PEAK_4.77E9_N_SR_UC,80.0,4.77,4770000000.0,N002_JAERI_TIARA_68MEV__TRANS__JAERI_68MEV_BC501A_T050_FE080,N002_JAERI_TIARA_68MEV__TRANS__JAERI_68MEV_BC501A_T050_FE080,191.57449582404624,11.476633066280607,17.097600000000003,11.476633066280607,3.9,7.471405337137803,21.905773896620424,109.37449582404624,1.330589973528543,133.0589973528543,0.8461214430489745,4.9929528324457095,source_normalization_systematic_sigma is shared/correlated across bins in this proton-energy source; do not treat these per-bin normalized residuals as independent chi-square contributions.
BC501A,68,50,0,15,16,76.9,17.6,JAERI_68MEV_BC501A_T050_FE080,JAERI_68MEV_PEAK_4.77E9_N_SR_UC,80.0,4.77,4770000000.0,N002_JAERI_TIARA_68MEV__TRANS__JAERI_68MEV_BC501A_T050_FE080,N002_JAERI_TIARA_68MEV__TRANS__JAERI_68MEV_BC501A_T050_FE080,174.43652629336546,10.38411640185332,13.534400000000003,10.38411640185332,3.9,6.803024525441252,18.365483916875,97.53652629336545,1.2683553484182764,126.83553484182764,0.819055052789373,5.310860674013859,source_normalization_systematic_sigma is shared/correlated across bins in this proton-energy source; do not treat these per-bin normalized residuals as independent chi-square contributions.
BC501A,68,50,0,14,15,75.7,15.3,JAERI_68MEV_BC501A_T050_FE080,JAERI_68MEV_PEAK_4.77E9_N_SR_UC,80.0,4.77,4770000000.0,N002_JAERI_TIARA_68MEV__TRANS__JAERI_68MEV_BC501A_T050_FE080,N002_JAERI_TIARA_68MEV__TRANS__JAERI_68MEV_BC501A_T050_FE080,152.25130212677777,9.372710771780625,11.5821,9.372710771780625,3.9,5.9378007829443336,16.039021970163486,76.55130212677777,1.0112457348319388,101.12457348319388,0.6987542986668629,4.772816089982417,source_normalization_systematic_sigma is shared/correlated across bins in this proton-energy source; do not treat these per-bin normalized residuals as independent chi-square contributions.
BC501A,68,50,0,13,14,76.4,15.7,JAERI_68MEV_BC501A_T050_FE080,JAERI_68MEV_PEAK_4.77E9_N_SR_UC,80.0,4.77,4770000000.0,N002_JAERI_TIARA_68MEV__TRANS__JAERI_68MEV_BC501A_T050_FE080,N002_JAERI_TIARA_68MEV__TRANS__JAERI_68MEV_BC501A_T050_FE080,153.23933318772393,8.915280468993778,11.9948,8.915280468993778,3.9,5.976333994321233,16.095776492375304,76.83933318772392,1.005750434394292,100.57504343942921,0.6960182722260992,4.773881721339963,source_normalization_systematic_sigma is shared/correlated across bins in this proton-energy source; do not treat these per-bin normalized residuals as independent chi-square contributions.
BC501A,68,50,0,12,13,78.2,18.4,JAERI_68MEV_BC501A_T050_FE080,JAERI_68MEV_PEAK_4.77E9_N_SR_UC,80.0,4.77,4770000000.0,N002_JAERI_TIARA_68MEV__TRANS__JAERI_68MEV_BC501A_T050_FE080,N002_JAERI_TIARA_68MEV__TRANS__JAERI_68MEV_BC501A_T050_FE080,154.15735225985625,8.692824853386492,14.388799999999998,8.692824853386492,3.9,6.012136738134394,17.853530674062178,75.95735225985625,0.9713216401516144,97.13216401516144,0.6787042011339722,4.2544723307983,source_normalization_systematic_sigma is shared/correlated across bins in this proton-energy source; do not treat these per-bin normalized residuals as independent chi-square contributions.
BC501A,68,50,0,11,12,81.3,20.4,JAERI_68MEV_BC501A_T050_FE080,JAERI_68MEV_PEAK_4.77E9_N_SR_UC,80.0,4.77,4770000000.0,N002_JAERI_TIARA_68MEV__TRANS__JAERI_68MEV_BC501A_T050_FE080,N002_JAERI_TIARA_68MEV__TRANS__JAERI_68MEV_BC501A_T050_FE080,146.6952282873512,8.070975454905161,16.585199999999997,8.070975454905161,3.9,5.721113903206697,19.311671292955108,65.3952282873512,0.8043693516279361,80.43693516279362,0.5902111410542354,3.3863059957533226,source_normalization_systematic_sigma is shared/correlated across bins in this proton-energy source; do not treat these per-bin normalized residuals as independent chi-square contributions.
BC501A,68,50,0,10,11,85.5,18.8,JAERI_68MEV_BC501A_T050_FE080,JAERI_68MEV_PEAK_4.77E9_N_SR_UC,80.0,4.77,4770000000.0,N002_JAERI_TIARA_68MEV__TRANS__JAERI_68MEV_BC501A_T050_FE080,N002_JAERI_TIARA_68MEV__TRANS__JAERI_68MEV_BC501A_T050_FE080,151.19435351694196,7.733638502427984,16.074,7.733638502427984,3.9,5.896579787160737,18.787024609357097,65.69435351694196,0.768355011894058,76.8355011894058,0.5700497426407267,3.4967939246868354,source_normalization_systematic_sigma is shared/correlated across bins in this proton-energy source; do not treat these per-bin normalized residuals as independent chi-square contributions.
BC501A,68,50,0,9,10,90.6,12.0,JAERI_68MEV_BC501A_T050_FE080,JAERI_68MEV_PEAK_4.77E9_N_SR_UC,80.0,4.77,4770000000.0,N002_JAERI_TIARA_68MEV__TRANS__JAERI_68MEV_BC501A_T050_FE080,N002_JAERI_TIARA_68MEV__TRANS__JAERI_68MEV_BC501A_T050_FE080,146.70528094336984,7.402838988165991,10.871999999999998,7.402838988165991,3.9,5.7215059567914235,14.343571364841818,56.10528094336985,0.6192635865714111,61.92635865714111,0.4819714697027275,3.911527995105324,source_normalization_systematic_sigma is shared/correlated across bins in this proton-energy source; do not treat these per-bin normalized residuals as independent chi-square contributions.
BC501A,68,50,0,8,9,95.6,8.4,JAERI_68MEV_BC501A_T050_FE080,JAERI_68MEV_PEAK_4.77E9_N_SR_UC,80.0,4.77,4770000000.0,N002_JAERI_TIARA_68MEV__TRANS__JAERI_68MEV_BC501A_T050_FE080,N002_JAERI_TIARA_68MEV__TRANS__JAERI_68MEV_BC501A_T050_FE080,144.2922722292108,6.891267419546248,8.0304,6.891267419546248,3.9,5.627398616939221,11.985178596985072,48.6922722292108,0.5093333915189414,50.93333915189414,0.41166809078330685,4.062707270917062,source_normalization_systematic_sigma is shared/correlated across bins in this proton-energy source; do not treat these per-bin normalized residuals as independent chi-square contributions.
BC501A,68,50,0,7,8,97.4,29.9,JAERI_68MEV_BC501A_T050_FE080,JAERI_68MEV_PEAK_4.77E9_N_SR_UC,80.0,4.77,4770000000.0,N002_JAERI_TIARA_68MEV__TRANS__JAERI_68MEV_BC501A_T050_FE080,N002_JAERI_TIARA_68MEV__TRANS__JAERI_68MEV_BC501A_T050_FE080,135.06080854937275,6.051378859209293,29.122600000000002,6.051378859209293,3.9,5.267371533425537,30.207453049352356,37.660808549372746,0.38666127874099326,38.666127874099324,0.3268989000741914,1.2467389583571724,source_normalization_systematic_sigma is shared/correlated across bins in this proton-energy source; do not treat these per-bin normalized residuals as independent chi-square contributions.
BC501A,68,50,0,6,7,90.1,55.4,JAERI_68MEV_BC501A_T050_FE080,JAERI_68MEV_PEAK_4.77E9_N_SR_UC,80.0,4.77,4770000000.0,N002_JAERI_TIARA_68MEV__TRANS__JAERI_68MEV_BC501A_T050_FE080,N002_JAERI_TIARA_68MEV__TRANS__JAERI_68MEV_BC501A_T050_FE080,145.28651146373386,6.026993707748304,49.9154,6.026993707748304,3.9,5.666173947085621,50.59621860882362,55.186511463733865,0.6125029019282339,61.250290192823385,0.47778756933158745,1.0907240299991456,source_normalization_systematic_sigma is shared/correlated across bins in this proton-energy source; do not treat these per-bin normalized residuals as independent chi-square contributions.
BC501A,68,50,20,68,70,177.0,6.4,JAERI_68MEV_BC501A_T050_FE080,JAERI_68MEV_PEAK_4.77E9_N_SR_UC,80.0,4.77,4770000000.0,N002_JAERI_TIARA_68MEV__TRANS__JAERI_68MEV_BC501A_T050_FE080,N002_JAERI_TIARA_68MEV__TRANS__JAERI_68MEV_BC501A_T050_FE080,11.254390401596968,4.741363503063382,11.328,4.741363503063382,3.9,0.43892122566228176,12.28807404398746,-165.74560959840304,-0.9364158734373053,-93.64158734373052,-2.755391422134485,-13.488330962613475,source_normalization_systematic_sigma is shared/correlated across bins in this proton-energy source; do not treat these per-bin normalized residuals as independent chi-square contributions.
BC501A,68,50,20,66,68,478.0,10.0,JAERI_68MEV_BC501A_T050_FE080,JAERI_68MEV_PEAK_4.77E9_N_SR_UC,80.0,4.77,4770000000.0,N002_JAERI_TIARA_68MEV__TRANS__JAERI_68MEV_BC501A_T050_FE080,N002_JAERI_TIARA_68MEV__TRANS__JAERI_68MEV_BC501A_T050_FE080,203.93133303845525,18.829006490879262,47.8,18.829006490879262,3.9,7.953321988499755,51.98679463177478,-274.06866696154475,-0.5733654120534409,-57.33654120534409,-0.8518273980633322,-5.271890080986674,source_normalization_systematic_sigma is shared/correlated across bins in this proton-energy source; do not treat these per-bin normalized residuals as independent chi-square contributions.
BC501A,68,50,20,64,66,798.0,7.0,JAERI_68MEV_BC501A_T050_FE080,JAERI_68MEV_PEAK_4.77E9_N_SR_UC,80.0,4.77,4770000000.0,N002_JAERI_TIARA_68MEV__TRANS__JAERI_68MEV_BC501A_T050_FE080,N002_JAERI_TIARA_68MEV__TRANS__JAERI_68MEV_BC501A_T050_FE080,1336.9882626568294,46.794145340507285,55.86,46.794145340507285,3.9,52.14254224361635,89.60399739841876,538.9882626568294,0.6754238880411396,67.54238880411395,0.5160662007481022,6.015225640662556,source_normalization_systematic_sigma is shared/correlated across bins in this proton-energy source; do not treat these per-bin normalized residuals as independent chi-square contributions.
BC501A,68,50,20,62,64,749.0,6.8,JAERI_68MEV_BC501A_T050_FE080,JAERI_68MEV_PEAK_4.77E9_N_SR_UC,80.0,4.77,4770000000.0,N002_JAERI_TIARA_68MEV__TRANS__JAERI_68MEV_BC501A_T050_FE080,N002_JAERI_TIARA_68MEV__TRANS__JAERI_68MEV_BC501A_T050_FE080,1003.171866763892,39.82464203529176,50.931999999999995,39.82464203529176,3.9,39.12370280379179,75.56940424747671,254.171866763892,0.3393482867341682,33.934828673416824,0.2921831424712927,3.3634229261821775,source_normalization_systematic_sigma is shared/correlated across bins in this proton-energy source; do not treat these per-bin normalized residuals as independent chi-square contributions.
BC501A,68,50,20,60,62,457.0,12.3,JAERI_68MEV_BC501A_T050_FE080,JAERI_68MEV_PEAK_4.77E9_N_SR_UC,80.0,4.77,4770000000.0,N002_JAERI_TIARA_68MEV__TRANS__JAERI_68MEV_BC501A_T050_FE080,N002_JAERI_TIARA_68MEV__TRANS__JAERI_68MEV_BC501A_T050_FE080,231.21283115659813,18.853397123973124,56.211000000000006,18.853397123973124,3.9,9.017300415107327,59.97031608129587,-225.78716884340187,-0.49406382679081373,-49.406382679081375,-0.6813447575537721,-3.7649821377850397,source_normalization_systematic_sigma is shared/correlated across bins in this proton-energy source; do not treat these per-bin normalized residuals as independent chi-square contributions.
BC501A,68,50,20,58,60,216.0,15.6,JAERI_68MEV_BC501A_T050_FE080,JAERI_68MEV_PEAK_4.77E9_N_SR_UC,80.0,4.77,4770000000.0,N002_JAERI_TIARA_68MEV__TRANS__JAERI_68MEV_BC501A_T050_FE080,N002_JAERI_TIARA_68MEV__TRANS__JAERI_68MEV_BC501A_T050_FE080,134.3949715200807,13.740371568683033,33.696,13.740371568683033,3.9,5.241403889283147,36.76534430106789,-81.6050284799193,-0.37780105777740414,-37.78010577774042,-0.47449539458016143,-2.219618231007536,source_normalization_systematic_sigma is shared/correlated across bins in this proton-energy source; do not treat these per-bin normalized residuals as independent chi-square contributions.
BC501A,68,50,20,56,58,128.0,9.5,JAERI_68MEV_BC501A_T050_FE080,JAERI_68MEV_PEAK_4.77E9_N_SR_UC,80.0,4.77,4770000000.0,N002_JAERI_TIARA_68MEV__TRANS__JAERI_68MEV_BC501A_T050_FE080,N002_JAERI_TIARA_68MEV__TRANS__JAERI_68MEV_BC501A_T050_FE080,164.12613141808086,15.051764299890078,12.16,15.051764299890078,3.9,6.400919125305153,20.38119167733189,36.12613141808086,0.2822354017037567,28.22354017037567,0.24860496231602297,1.7725230197535802,source_normalization_systematic_sigma is shared/correlated across bins in this proton-energy source; do not treat these per-bin normalized residuals as independent chi-square contributions.
BC501A,68,50,20,54,56,132.0,12.0,JAERI_68MEV_BC501A_T050_FE080,JAERI_68MEV_PEAK_4.77E9_N_SR_UC,80.0,4.77,4770000000.0,N002_JAERI_TIARA_68MEV__TRANS__JAERI_68MEV_BC501A_T050_FE080,N002_JAERI_TIARA_68MEV__TRANS__JAERI_68MEV_BC501A_T050_FE080,176.0456273691465,15.534984785465356,15.84,15.534984785465356,3.9,6.865779467396713,23.224561997582786,44.0456273691465,0.33367899522080685,33.367899522080684,0.2879412852688408,1.8965105724590532,source_normalization_systematic_sigma is shared/correlated across bins in this proton-energy source; do not treat these per-bin normalized residuals as independent chi-square contributions.
BC501A,68,50,20,52,54,153.0,7.7,JAERI_68MEV_BC501A_T050_FE080,JAERI_68MEV_PEAK_4.77E9_N_SR_UC,80.0,4.77,4770000000.0,N002_JAERI_TIARA_68MEV__TRANS__JAERI_68MEV_BC501A_T050_FE080,N002_JAERI_TIARA_68MEV__TRANS__JAERI_68MEV_BC501A_T050_FE080,172.93991912165507,14.709763697581916,11.781,14.709763697581916,3.9,6.744656845744547,20.01648083469089,19.939919121655066,0.13032626876898737,13.032626876898737,0.12250632447265875,0.996175066253248,source_normalization_systematic_sigma is shared/correlated across bins in this proton-energy source; do not treat these per-bin normalized residuals as independent chi-square contributions.
BC501A,68,50,20,50,52,167.0,6.2,JAERI_68MEV_BC501A_T050_FE080,JAERI_68MEV_PEAK_4.77E9_N_SR_UC,80.0,4.77,4770000000.0,N002_JAERI_TIARA_68MEV__TRANS__JAERI_68MEV_BC501A_T050_FE080,N002_JAERI_TIARA_68MEV__TRANS__JAERI_68MEV_BC501A_T050_FE080,188.97234343096548,15.577159987583888,10.354000000000001,15.577159987583888,3.9,7.369921393807654,20.103954104346943,21.97234343096548,0.1315709187482963,13.157091874829629,0.12360686088236146,1.0929364102664036,source_normalization_systematic_sigma is shared/correlated across bins in this proton-energy source; do not treat these per-bin normalized residuals as independent chi-square contributions.
BC501A,68,50,20,48,50,174.0,6.2,JAERI_68MEV_BC501A_T050_FE080,JAERI_68MEV_PEAK_4.77E9_N_SR_UC,80.0,4.77,4770000000.0,N002_JAERI_TIARA_68MEV__TRANS__JAERI_68MEV_BC501A_T050_FE080,N002_JAERI_TIARA_68MEV__TRANS__JAERI_68MEV_BC501A_T050_FE080,216.11995231653063,16.47338959342614,10.788,16.47338959342614,3.9,8.428678140344694,21.41952669622569,42.11995231653063,0.24206869147431395,24.206869147431394,0.2167782891270836,1.966427779375374,source_normalization_systematic_sigma is shared/correlated across bins in this proton-energy source; do not treat these per-bin normalized residuals as independent chi-square contributions.
BC501A,68,50,20,46,48,175.0,6.3,JAERI_68MEV_BC501A_T050_FE080,JAERI_68MEV_PEAK_4.77E9_N_SR_UC,80.0,4.77,4770000000.0,N002_JAERI_TIARA_68MEV__TRANS__JAERI_68MEV_BC501A_T050_FE080,N002_JAERI_TIARA_68MEV__TRANS__JAERI_68MEV_BC501A_T050_FE080,175.37943443959986,13.99943898494346,11.025,13.99943898494346,3.9,6.8397979431443945,19.087109597741534,0.3794344395998621,0.002168196797713498,0.2168196797713498,0.0021658496511414212,0.019879093670880286,source_normalization_systematic_sigma is shared/correlated across bins in this proton-energy source; do not treat these per-bin normalized residuals as independent chi-square contributions.
BC501A,68,50,20,44,46,173.0,6.1,JAERI_68MEV_BC501A_T050_FE080,JAERI_68MEV_PEAK_4.77E9_N_SR_UC,80.0,4.77,4770000000.0,N002_JAERI_TIARA_68MEV__TRANS__JAERI_68MEV_BC501A_T050_FE080,N002_JAERI_TIARA_68MEV__TRANS__JAERI_68MEV_BC501A_T050_FE080,174.23989798875468,13.919821324402127,10.552999999999999,13.919821324402127,3.9,6.795356021561433,18.743108017696834,1.2398979887546773,0.00716704039742588,0.716704039742588,0.007141479222711595,0.06615220845891688,source_normalization_systematic_sigma is shared/correlated across bins in this proton-energy source; do not treat these per-bin normalized residuals as independent chi-square contributions.
BC501A,68,50,20,43,44,170.0,6.1,JAERI_68MEV_BC501A_T050_FE080,JAERI_68MEV_PEAK_4.77E9_N_SR_UC,80.0,4.77,4770000000.0,N002_JAERI_TIARA_68MEV__TRANS__JAERI_68MEV_BC501A_T050_FE080,N002_JAERI_TIARA_68MEV__TRANS__JAERI_68MEV_BC501A_T050_FE080,148.35817703449834,16.905582235167305,10.37,16.905582235167305,3.9,5.785968904345435,20.659454176527916,-21.64182296550166,-0.12730484097353917,-12.730484097353918,-0.13616897195045136,-1.0475505684022308,source_normalization_systematic_sigma is shared/correlated across bins in this proton-energy source; do not treat these per-bin normalized residuals as independent chi-square contributions.
BC501A,68,50,20,42,43,166.0,6.1,JAERI_68MEV_BC501A_T050_FE080,JAERI_68MEV_PEAK_4.77E9_N_SR_UC,80.0,4.77,4770000000.0,N002_JAERI_TIARA_68MEV__TRANS__JAERI_68MEV_BC501A_T050_FE080,N002_JAERI_TIARA_68MEV__TRANS__JAERI_68MEV_BC501A_T050_FE080,164.28172391188917,18.586735931098424,10.126,18.586735931098424,3.9,6.406987232563678,22.114522693710104,-1.7182760881108265,-0.010351060771751967,-1.0351060771751968,-0.0104050055815279,-0.07769899047378243,source_normalization_systematic_sigma is shared/correlated across bins in this proton-energy source; do not treat these per-bin normalized residuals as independent chi-square contributions.
BC501A,68,50,20,41,42,163.0,6.3,JAERI_68MEV_BC501A_T050_FE080,JAERI_68MEV_PEAK_4.77E9_N_SR_UC,80.0,4.77,4770000000.0,N002_JAERI_TIARA_68MEV__TRANS__JAERI_68MEV_BC501A_T050_FE080,N002_JAERI_TIARA_68MEV__TRANS__JAERI_68MEV_BC501A_T050_FE080,133.1444781386471,16.202670762268497,10.268999999999998,16.202670762268497,3.9,5.192634647407236,19.87315665444029,-29.855521861352912,-0.1831627108058461,-18.31627108058461,-0.20231536038951423,-1.5023039560593534,source_normalization_systematic_sigma is shared/correlated across bins in this proton-energy source; do not treat these per-bin normalized residuals as independent chi-square contributions.
BC501A,68,50,20,40,41,159.0,6.8,JAERI_68MEV_BC501A_T050_FE080,JAERI_68MEV_PEAK_4.77E9_N_SR_UC,80.0,4.77,4770000000.0,N002_JAERI_TIARA_68MEV__TRANS__JAERI_68MEV_BC501A_T050_FE080,N002_JAERI_TIARA_68MEV__TRANS__JAERI_68MEV_BC501A_T050_FE080,161.42600135532413,16.831913306618926,10.812000000000001,16.831913306618926,3.9,6.2956140528576405,20.972539327989683,2.426001355324132,0.015257870159271271,1.5257870159271272,0.01514263949637751,0.11567513677690054,source_normalization_systematic_sigma is shared/correlated across bins in this proton-energy source; do not treat these per-bin normalized residuals as independent chi-square contributions.
BC501A,68,50,20,39,40,156.0,7.4,JAERI_68MEV_BC501A_T050_FE080,JAERI_68MEV_PEAK_4.77E9_N_SR_UC,80.0,4.77,4770000000.0,N002_JAERI_TIARA_68MEV__TRANS__JAERI_68MEV_BC501A_T050_FE080,N002_JAERI_TIARA_68MEV__TRANS__JAERI_68MEV_BC501A_T050_FE080,154.81177213460467,16.59682949192718,11.544,16.59682949192718,3.9,6.037659113249582,21.099099809041842,-1.1882278653953335,-0.007616845290995728,-0.7616845290995728,-0.007646001604198692,-0.05631651947947696,source_normalization_systematic_sigma is shared/correlated across bins in this proton-energy source; do not treat these per-bin normalized residuals as independent chi-square contributions.
BC501A,68,50,20,38,39,152.0,7.9,JAERI_68MEV_BC501A_T050_FE080,JAERI_68MEV_PEAK_4.77E9_N_SR_UC,80.0,4.77,4770000000.0,N002_JAERI_TIARA_68MEV__TRANS__JAERI_68MEV_BC501A_T050_FE080,N002_JAERI_TIARA_68MEV__TRANS__JAERI_68MEV_BC501A_T050_FE080,157.5791730578321,16.86526625743747,12.008,16.86526625743747,3.9,6.145587749255452,21.59623853169939,5.579173057832094,0.03670508590679009,3.670508590679009,0.03604749719656259,0.2583400368375665,source_normalization_systematic_sigma is shared/correlated across bins in this proton-energy source; do not treat these per-bin normalized residuals as independent chi-square contributions.
BC501A,68,50,20,37,38,148.0,8.2,JAERI_68MEV_BC501A_T050_FE080,JAERI_68MEV_PEAK_4.77E9_N_SR_UC,80.0,4.77,4770000000.0,N002_JAERI_TIARA_68MEV__TRANS__JAERI_68MEV_BC501A_T050_FE080,N002_JAERI_TIARA_68MEV__TRANS__JAERI_68MEV_BC501A_T050_FE080,140.00418270677378,15.446840334919436,12.136,15.446840334919436,3.9,5.4601631255641765,20.388740855929893,-7.995817293226224,-0.054025792521798816,-5.402579252179882,-0.05553997512414831,-0.39216827315261643,source_normalization_systematic_sigma is shared/correlated across bins in this proton-energy source; do not treat these per-bin normalized residuals as independent chi-square contributions.
BC501A,68,50,20,36,37,144.0,8.2,JAERI_68MEV_BC501A_T050_FE080,JAERI_68MEV_PEAK_4.77E9_N_SR_UC,80.0,4.77,4770000000.0,N002_JAERI_TIARA_68MEV__TRANS__JAERI_68MEV_BC501A_T050_FE080,N002_JAERI_TIARA_68MEV__TRANS__JAERI_68MEV_BC501A_T050_FE080,166.4573382944055,17.254942456858007,11.808,17.254942456858007,3.9,6.491836193481814,21.8930546144772,22.457338294405503,0.15595373815559377,15.595373815559377,0.14492575055286314,1.0257745522433932,source_normalization_systematic_sigma is shared/correlated across bins in this proton-energy source; do not treat these per-bin normalized residuals as independent chi-square contributions.
BC501A,68,50,20,35,36,139.0,7.9,JAERI_68MEV_BC501A_T050_FE080,JAERI_68MEV_PEAK_4.77E9_N_SR_UC,80.0,4.77,4770000000.0,N002_JAERI_TIARA_68MEV__TRANS__JAERI_68MEV_BC501A_T050_FE080,N002_JAERI_TIARA_68MEV__TRANS__JAERI_68MEV_BC501A_T050_FE080,140.70884557688137,15.099576632892235,10.981000000000002,15.099576632892235,3.9,5.487644977498373,19.46005711429564,1.708845576881373,0.012293853071089015,1.2293853071089016,0.012218897363778196,0.08781297849460216,source_normalization_systematic_sigma is shared/correlated across bins in this proton-energy source; do not treat these per-bin normalized residuals as independent chi-square contributions.
BC501A,68,50,20,34,35,134.0,7.7,JAERI_68MEV_BC501A_T050_FE080,JAERI_68MEV_PEAK_4.77E9_N_SR_UC,80.0,4.77,4770000000.0,N002_JAERI_TIARA_68MEV__TRANS__JAERI_68MEV_BC501A_T050_FE080,N002_JAERI_TIARA_68MEV__TRANS__JAERI_68MEV_BC501A_T050_FE080,120.77195494335028,13.407096032648706,10.318,13.407096032648706,3.9,4.710106242790661,17.561220027294237,-13.22804505664972,-0.09871675415410239,-9.87167541541024,-0.1039357024687298,-0.7532531928926491,source_normalization_systematic_sigma is shared/correlated across bins in this proton-energy source; do not treat these per-bin normalized residuals as independent chi-square contributions.
BC501A,68,50,20,33,34,128.0,7.5,JAERI_68MEV_BC501A_T050_FE080,JAERI_68MEV_PEAK_4.77E9_N_SR_UC,80.0,4.77,4770000000.0,N002_JAERI_TIARA_68MEV__TRANS__JAERI_68MEV_BC501A_T050_FE080,N002_JAERI_TIARA_68MEV__TRANS__JAERI_68MEV_BC501A_T050_FE080,123.57947549263186,13.637238699669268,9.6,13.637238699669268,3.9,4.819599544212642,17.35980469701004,-4.4205245073681425,-0.03453534771381361,-3.4535347713813613,-0.03514578856968723,-0.2546413732482549,source_normalization_systematic_sigma is shared/correlated across bins in this proton-energy source; do not treat these per-bin normalized residuals as independent chi-square contributions.
BC501A,68,50,20,32,33,121.0,7.6,JAERI_68MEV_BC501A_T050_FE080,JAERI_68MEV_PEAK_4.77E9_N_SR_UC,80.0,4.77,4770000000.0,N002_JAERI_TIARA_68MEV__TRANS__JAERI_68MEV_BC501A_T050_FE080,N002_JAERI_TIARA_68MEV__TRANS__JAERI_68MEV_BC501A_T050_FE080,101.36674923109652,11.760981129232768,9.196,11.760981129232768,3.9,3.9533032200127645,15.443953492274332,-19.63325076890348,-0.16225827081738414,-16.225827081738416,-0.1770454250692375,-1.2712580867797094,source_normalization_systematic_sigma is shared/correlated across bins in this proton-energy source; do not treat these per-bin normalized residuals as independent chi-square contributions.
BC501A,68,50,20,31,32,114.0,7.7,JAERI_68MEV_BC501A_T050_FE080,JAERI_68MEV_PEAK_4.77E9_N_SR_UC,80.0,4.77,4770000000.0,N002_JAERI_TIARA_68MEV__TRANS__JAERI_68MEV_BC501A_T050_FE080,N002_JAERI_TIARA_68MEV__TRANS__JAERI_68MEV_BC501A_T050_FE080,125.51931164569974,13.303458632999524,8.778,13.303458632999524,3.9,4.89525315418229,16.673295986200845,11.519311645699744,0.1010465933833311,10.104659338333109,0.0962611759943692,0.690883893336588,source_normalization_systematic_sigma is shared/correlated across bins in this proton-energy source; do not treat these per-bin normalized residuals as independent chi-square contributions.
BC501A,68,50,20,30,31,107.0,7.8,JAERI_68MEV_BC501A_T050_FE080,JAERI_68MEV_PEAK_4.77E9_N_SR_UC,80.0,4.77,4770000000.0,N002_JAERI_TIARA_68MEV__TRANS__JAERI_68MEV_BC501A_T050_FE080,N002_JAERI_TIARA_68MEV__TRANS__JAERI_68MEV_BC501A_T050_FE080,121.65060780121884,13.094279664940707,8.346,13.094279664940707,3.9,4.7443737042475345,16.236531581259438,14.65060780121884,0.1369215682356901,13.69215682356901,0.12832423106602633,0.9023237338526717,source_normalization_systematic_sigma is shared/correlated across bins in this proton-energy source; do not treat these per-bin normalized residuals as independent chi-square contributions.
BC501A,68,50,20,29,30,101.0,7.6,JAERI_68MEV_BC501A_T050_FE080,JAERI_68MEV_PEAK_4.77E9_N_SR_UC,80.0,4.77,4770000000.0,N002_JAERI_TIARA_68MEV__TRANS__JAERI_68MEV_BC501A_T050_FE080,N002_JAERI_TIARA_68MEV__TRANS__JAERI_68MEV_BC501A_T050_FE080,116.48833086484116,12.684202697098888,7.675999999999999,12.684202697098888,3.9,4.543044903728806,15.506425476504472,15.48833086484116,0.15334981054298177,15.334981054298177,0.14267058689743184,0.9988330894382635,source_normalization_systematic_sigma is shared/correlated across bins in this proton-energy source; do not treat these per-bin normalized residuals as independent chi-square contributions.
BC501A,68,50,20,28,29,95.9,7.4,JAERI_68MEV_BC501A_T050_FE080,JAERI_68MEV_PEAK_4.77E9_N_SR_UC,80.0,4.77,4770000000.0,N002_JAERI_TIARA_68MEV__TRANS__JAERI_68MEV_BC501A_T050_FE080,N002_JAERI_TIARA_68MEV__TRANS__JAERI_68MEV_BC501A_T050_FE080,127.19422011038112,12.771739786083844,7.0966000000000005,12.771739786083844,3.9,4.960574584304863,15.430047599728535,31.29422011038112,0.32632137758478746,32.63213775847875,0.28240922860043294,2.0281350338110222,source_normalization_systematic_sigma is shared/correlated across bins in this proton-energy source; do not treat these per-bin normalized residuals as independent chi-square contributions.
BC501A,68,50,20,27,28,91.7,7.7,JAERI_68MEV_BC501A_T050_FE080,JAERI_68MEV_PEAK_4.77E9_N_SR_UC,80.0,4.77,4770000000.0,N002_JAERI_TIARA_68MEV__TRANS__JAERI_68MEV_BC501A_T050_FE080,N002_JAERI_TIARA_68MEV__TRANS__JAERI_68MEV_BC501A_T050_FE080,109.15591620174222,11.714946191491135,7.0609,11.714946191491135,3.9,4.257080731867947,14.325467162964495,17.455916201742212,0.19035895530798486,19.035895530798484,0.1742549047542537,1.218523347487811,source_normalization_systematic_sigma is shared/correlated across bins in this proton-energy source; do not treat these per-bin normalized residuals as independent chi-square contributions.
BC501A,68,50,20,26,27,87.6,8.5,JAERI_68MEV_BC501A_T050_FE080,JAERI_68MEV_PEAK_4.77E9_N_SR_UC,80.0,4.77,4770000000.0,N002_JAERI_TIARA_68MEV__TRANS__JAERI_68MEV_BC501A_T050_FE080,N002_JAERI_TIARA_68MEV__TRANS__JAERI_68MEV_BC501A_T050_FE080,87.4820088177469,9.970349736912311,7.445999999999999,9.970349736912311,3.9,3.4117983438921287,12.903145268334091,-0.11799118225309257,-0.0013469313042590476,-0.13469313042590475,-0.0013478392315969439,-0.009144373701089569,source_normalization_systematic_sigma is shared/correlated across bins in this proton-energy source; do not treat these per-bin normalized residuals as independent chi-square contributions.
BC501A,68,50,20,25,26,83.3,9.5,JAERI_68MEV_BC501A_T050_FE080,JAERI_68MEV_PEAK_4.77E9_N_SR_UC,80.0,4.77,4770000000.0,N002_JAERI_TIARA_68MEV__TRANS__JAERI_68MEV_BC501A_T050_FE080,N002_JAERI_TIARA_68MEV__TRANS__JAERI_68MEV_BC501A_T050_FE080,83.62010607687945,9.851110292069476,7.9135,9.851110292069476,3.9,3.261184136998298,13.050025985105414,0.3201060768794548,0.003842810046572087,0.38428100465720866,0.0038354453135288962,0.024529152451099052,source_normalization_systematic_sigma is shared/correlated across bins in this proton-energy source; do not treat these per-bin normalized residuals as independent chi-square contributions.
BC501A,68,50,20,24,25,78.6,10.3,JAERI_68MEV_BC501A_T050_FE080,JAERI_68MEV_PEAK_4.77E9_N_SR_UC,80.0,4.77,4770000000.0,N002_JAERI_TIARA_68MEV__TRANS__JAERI_68MEV_BC501A_T050_FE080,N002_JAERI_TIARA_68MEV__TRANS__JAERI_68MEV_BC501A_T050_FE080,86.42960040110486,10.1270314226552,8.0958,10.1270314226552,3.9,3.3707544156430895,13.39629532393278,7.829600401104869,0.09961323665527824,9.961323665527825,0.09495851493682683,0.5844601221292214,source_normalization_systematic_sigma is shared/correlated across bins in this proton-energy source; do not treat these per-bin normalized residuals as independent chi-square contributions.
BC501A,68,50,20,23,24,73.7,10.3,JAERI_68MEV_BC501A_T050_FE080,JAERI_68MEV_PEAK_4.77E9_N_SR_UC,80.0,4.77,4770000000.0,N002_JAERI_TIARA_68MEV__TRANS__JAERI_68MEV_BC501A_T050_FE080,N002_JAERI_TIARA_68MEV__TRANS__JAERI_68MEV_BC501A_T050_FE080,91.05901616436104,9.662562147268096,7.591100000000001,9.662562147268096,3.9,3.5513016304100806,12.790686053921092,17.359016164361037,0.23553617590720538,23.55361759072054,0.2115050263960167,1.357160678573569,source_normalization_systematic_sigma is shared/correlated across bins in this proton-energy source; do not treat these per-bin normalized residuals as independent chi-square contributions.
BC501A,68,50,20,22,23,68.9,9.2,JAERI_68MEV_BC501A_T050_FE080,JAERI_68MEV_PEAK_4.77E9_N_SR_UC,80.0,4.77,4770000000.0,N002_JAERI_TIARA_68MEV__TRANS__JAERI_68MEV_BC501A_T050_FE080,N002_JAERI_TIARA_68MEV__TRANS__JAERI_68MEV_BC501A_T050_FE080,67.13682536019192,8.032306978647187,6.3388,8.032306978647187,3.9,2.618336189047485,10.561913900335488,-1.763174639808085,-0.02559034310316524,-2.5590343103165236,-0.025923471467204147,-0.1669370396734705,source_normalization_systematic_sigma is shared/correlated across bins in this proton-energy source; do not treat these per-bin normalized residuals as independent chi-square contributions.
BC501A,68,50,20,21,22,64.3,7.3,JAERI_68MEV_BC501A_T050_FE080,JAERI_68MEV_PEAK_4.77E9_N_SR_UC,80.0,4.77,4770000000.0,N002_JAERI_TIARA_68MEV__TRANS__JAERI_68MEV_BC501A_T050_FE080,N002_JAERI_TIARA_68MEV__TRANS__JAERI_68MEV_BC501A_T050_FE080,76.08191489650785,8.547042987790304,4.6939,8.547042987790304,3.9,2.9671946809638063,10.192589725868265,11.781914896507857,0.18323351316497447,18.323351316497448,0.16825095618927302,1.155929475568507,source_normalization_systematic_sigma is shared/correlated across bins in this proton-energy source; do not treat these per-bin normalized residuals as independent chi-square contributions.
BC501A,68,50,20,20,21,60.0,5.6,JAERI_68MEV_BC501A_T050_FE080,JAERI_68MEV_PEAK_4.77E9_N_SR_UC,80.0,4.77,4770000000.0,N002_JAERI_TIARA_68MEV__TRANS__JAERI_68MEV_BC501A_T050_FE080,N002_JAERI_TIARA_68MEV__TRANS__JAERI_68MEV_BC501A_T050_FE080,61.98004899187066,7.329092237144922,3.36,7.329092237144922,3.9,2.4172219106829558,8.417134594745631,1.9800489918706603,0.033000816531177674,3.3000816531177675,0.03246798058363411,0.23524026728843084,source_normalization_systematic_sigma is shared/correlated across bins in this proton-energy source; do not treat these per-bin normalized residuals as independent chi-square contributions.
BC501A,68,50,20,19,20,56.1,8.1,JAERI_68MEV_BC501A_T050_FE080,JAERI_68MEV_PEAK_4.77E9_N_SR_UC,80.0,4.77,4770000000.0,N002_JAERI_TIARA_68MEV__TRANS__JAERI_68MEV_BC501A_T050_FE080,N002_JAERI_TIARA_68MEV__TRANS__JAERI_68MEV_BC501A_T050_FE080,63.58525433410066,7.26652896570219,4.544099999999999,7.26652896570219,3.9,2.4798249190299257,8.921929143880863,7.485254334100659,0.1334269934777301,13.34269934777301,0.1252457808432811,0.838972627263516,source_normalization_systematic_sigma is shared/correlated across bins in this proton-energy source; do not treat these per-bin normalized residuals as independent chi-square contributions.
BC501A,68,50,20,18,19,52.4,11.1,JAERI_68MEV_BC501A_T050_FE080,JAERI_68MEV_PEAK_4.77E9_N_SR_UC,80.0,4.77,4770000000.0,N002_JAERI_TIARA_68MEV__TRANS__JAERI_68MEV_BC501A_T050_FE080,N002_JAERI_TIARA_68MEV__TRANS__JAERI_68MEV_BC501A_T050_FE080,70.34603612569602,7.496298081684438,5.8164,7.496298081684438,3.9,2.743495408902145,9.876829498788208,17.94603612569602,0.3424816054522141,34.24816054522141,0.2945198455954411,1.816983489276374,source_normalization_systematic_sigma is shared/correlated across bins in this proton-energy source; do not treat these per-bin normalized residuals as independent chi-square contributions.
BC501A,68,50,20,17,18,48.5,12.3,JAERI_68MEV_BC501A_T050_FE080,JAERI_68MEV_PEAK_4.77E9_N_SR_UC,80.0,4.77,4770000000.0,N002_JAERI_TIARA_68MEV__TRANS__JAERI_68MEV_BC501A_T050_FE080,N002_JAERI_TIARA_68MEV__TRANS__JAERI_68MEV_BC501A_T050_FE080,75.82420438386448,7.839754548608608,5.9655000000000005,7.839754548608608,3.9,2.957143970970715,10.285603633111565,27.324204383864483,0.5633856573992677,56.33856573992677,0.44685376278175576,2.6565484495146214,source_normalization_systematic_sigma is shared/correlated across bins in this proton-energy source; do not treat these per-bin normalized residuals as independent chi-square contributions.
BC501A,68,50,20,16,17,44.4,10.8,JAERI_68MEV_BC501A_T050_FE080,JAERI_68MEV_PEAK_4.77E9_N_SR_UC,80.0,4.77,4770000000.0,N002_JAERI_TIARA_68MEV__TRANS__JAERI_68MEV_BC501A_T050_FE080,N002_JAERI_TIARA_68MEV__TRANS__JAERI_68MEV_BC501A_T050_FE080,48.17431445992329,5.653373370764894,4.7952,5.653373370764894,3.9,1.8787982639370082,7.647513087654466,3.774314459923289,0.08500708243070472,8.500708243070472,0.08158651455702129,0.4935348807727104,source_normalization_systematic_sigma is shared/correlated across bins in this proton-energy source; do not treat these per-bin normalized residuals as independent chi-square contributions.
BC501A,68,50,20,15,16,40.5,7.6,JAERI_68MEV_BC501A_T050_FE080,JAERI_68MEV_PEAK_4.77E9_N_SR_UC,80.0,4.77,4770000000.0,N002_JAERI_TIARA_68MEV__TRANS__JAERI_68MEV_BC501A_T050_FE080,N002_JAERI_TIARA_68MEV__TRANS__JAERI_68MEV_BC501A_T050_FE080,50.037043903324566,5.809296602492226,3.0780000000000003,5.809296602492226,3.9,1.9514447122296579,6.857852978929835,9.537043903324566,0.2354825655141868,23.54825655141868,0.21146163506746998,1.3906748850735522,source_normalization_systematic_sigma is shared/correlated across bins in this proton-energy source; do not treat these per-bin normalized residuals as independent chi-square contributions.
BC501A,68,50,20,14,15,37.5,6.8,JAERI_68MEV_BC501A_T050_FE080,JAERI_68MEV_PEAK_4.77E9_N_SR_UC,80.0,4.77,4770000000.0,N002_JAERI_TIARA_68MEV__TRANS__JAERI_68MEV_BC501A_T050_FE080,N002_JAERI_TIARA_68MEV__TRANS__JAERI_68MEV_BC501A_T050_FE080,54.22693276944622,5.744999383800344,2.55,5.744999383800344,3.9,2.114850378008403,6.631750149186006,16.726932769446222,0.44605154051856594,44.605154051856594,0.36883676661350595,2.522250144104014,source_normalization_systematic_sigma is shared/correlated across bins in this proton-energy source; do not treat these per-bin normalized residuals as independent chi-square contributions.
BC501A,68,50,20,13,14,35.7,5.3,JAERI_68MEV_BC501A_T050_FE080,JAERI_68MEV_PEAK_4.77E9_N_SR_UC,80.0,4.77,4770000000.0,N002_JAERI_TIARA_68MEV__TRANS__JAERI_68MEV_BC501A_T050_FE080,N002_JAERI_TIARA_68MEV__TRANS__JAERI_68MEV_BC501A_T050_FE080,45.74889103395792,4.831776477415254,1.8921000000000001,4.831776477415254,3.9,1.7842067503243586,5.48721241302051,10.048891033957915,0.2814815415674486,28.14815415674486,0.24801686294724176,1.831328965890418,source_normalization_systematic_sigma is shared/correlated across bins in this proton-energy source; do not treat these per-bin normalized residuals as independent chi-square contributions.
BC501A,68,50,20,12,13,34.5,7.3,JAERI_68MEV_BC501A_T050_FE080,JAERI_68MEV_PEAK_4.77E9_N_SR_UC,80.0,4.77,4770000000.0,N002_JAERI_TIARA_68MEV__TRANS__JAERI_68MEV_BC501A_T050_FE080,N002_JAERI_TIARA_68MEV__TRANS__JAERI_68MEV_BC501A_T050_FE080,41.80379333014135,4.346913353023161,2.5185,4.346913353023161,3.9,1.6303479398755127,5.281716799843341,7.303793330141353,0.21170415449685082,21.17041544968508,0.19202776090082024,1.3828445573526373,source_normalization_systematic_sigma is shared/correlated across bins in this proton-energy source; do not treat these per-bin normalized residuals as independent chi-square contributions.
BC501A,68,50,20,11,12,33.4,8.8,JAERI_68MEV_BC501A_T050_FE080,JAERI_68MEV_PEAK_4.77E9_N_SR_UC,80.0,4.77,4770000000.0,N002_JAERI_TIARA_68MEV__TRANS__JAERI_68MEV_BC501A_T050_FE080,N002_JAERI_TIARA_68MEV__TRANS__JAERI_68MEV_BC501A_T050_FE080,43.324939159683545,4.562057214319741,2.9392,4.562057214319741,3.9,1.689672627227658,5.6838592746415895,9.924939159683547,0.29715386705639363,29.715386705639364,0.2601725313406729,1.746162014243287,source_normalization_systematic_sigma is shared/correlated across bins in this proton-energy source; do not treat these per-bin normalized residuals as independent chi-square contributions.
BC501A,68,50,20,10,11,32.7,8.8,JAERI_68MEV_BC501A_T050_FE080,JAERI_68MEV_PEAK_4.77E9_N_SR_UC,80.0,4.77,4770000000.0,N002_JAERI_TIARA_68MEV__TRANS__JAERI_68MEV_BC501A_T050_FE080,N002_JAERI_TIARA_68MEV__TRANS__JAERI_68MEV_BC501A_T050_FE080,42.86439391578198,4.2930539075304255,2.8776000000000006,4.2930539075304255,3.9,1.6717113627154974,5.431897688027119,10.164393915781979,0.31083773442758345,31.083773442758343,0.2706664247546809,1.8712417831775687,source_normalization_systematic_sigma is shared/correlated across bins in this proton-energy source; do not treat these per-bin normalized residuals as independent chi-square contributions.
BC501A,68,50,20,9,10,32.8,7.7,JAERI_68MEV_BC501A_T050_FE080,JAERI_68MEV_PEAK_4.77E9_N_SR_UC,80.0,4.77,4770000000.0,N002_JAERI_TIARA_68MEV__TRANS__JAERI_68MEV_BC501A_T050_FE080,N002_JAERI_TIARA_68MEV__TRANS__JAERI_68MEV_BC501A_T050_FE080,39.916853280736525,3.792678380735561,2.5256,3.792678380735561,3.9,1.5567572779487244,4.815242245427039,7.116853280736528,0.2169772341687966,21.69772341687966,0.19637010731340918,1.4779844747157411,source_normalization_systematic_sigma is shared/correlated across bins in this proton-energy source; do not treat these per-bin normalized residuals as independent chi-square contributions.
BC501A,68,50,20,8,9,33.8,5.6,JAERI_68MEV_BC501A_T050_FE080,JAERI_68MEV_PEAK_4.77E9_N_SR_UC,80.0,4.77,4770000000.0,N002_JAERI_TIARA_68MEV__TRANS__JAERI_68MEV_BC501A_T050_FE080,N002_JAERI_TIARA_68MEV__TRANS__JAERI_68MEV_BC501A_T050_FE080,45.6360537637087,3.7901352670760207,1.8927999999999998,3.7901352670760207,3.9,1.7798060967846394,4.595163427440334,11.836053763708705,0.35017910543516884,35.017910543516884,0.3002372543430777,2.5757633978867642,source_normalization_systematic_sigma is shared/correlated across bins in this proton-energy source; do not treat these per-bin normalized residuals as independent chi-square contributions.
BC501A,68,50,20,7,8,32.2,6.8,JAERI_68MEV_BC501A_T050_FE080,JAERI_68MEV_PEAK_4.77E9_N_SR_UC,80.0,4.77,4770000000.0,N002_JAERI_TIARA_68MEV__TRANS__JAERI_68MEV_BC501A_T050_FE080,N002_JAERI_TIARA_68MEV__TRANS__JAERI_68MEV_BC501A_T050_FE080,45.58367663622672,3.7083805021179415,2.1896,3.7083805021179415,3.9,1.7777633888128421,4.659063937647973,13.383676636226717,0.41564213155983587,41.56421315598359,0.34758323138015856,2.87261063924853,source_normalization_systematic_sigma is shared/correlated across bins in this proton-energy source; do not treat these per-bin normalized residuals as independent chi-square contributions.
BC501A,68,50,40,68,70,8.31,10.1,JAERI_68MEV_BC501A_T050_FE080,JAERI_68MEV_PEAK_4.77E9_N_SR_UC,80.0,4.77,4770000000.0,N002_JAERI_TIARA_68MEV__TRANS__JAERI_68MEV_BC501A_T050_FE080,N002_JAERI_TIARA_68MEV__TRANS__JAERI_68MEV_BC501A_T050_FE080,0.0,0.0,0.83931,0.0,3.9,0.0,0.83931,-8.31,-1.0,-100.0,,-9.900990099009901,source_normalization_systematic_sigma is shared/correlated across bins in this proton-energy source; do not treat these per-bin normalized residuals as independent chi-square contributions.
BC501A,68,50,40,66,68,29.9,13.7,JAERI_68MEV_BC501A_T050_FE080,JAERI_68MEV_PEAK_4.77E9_N_SR_UC,80.0,4.77,4770000000.0,N002_JAERI_TIARA_68MEV__TRANS__JAERI_68MEV_BC501A_T050_FE080,N002_JAERI_TIARA_68MEV__TRANS__JAERI_68MEV_BC501A_T050_FE080,4.660646576248168,1.9472809132389184,4.096299999999999,1.9472809132389184,3.9,0.18176521647367858,4.5392306880113855,-25.23935342375183,-0.8441255325669509,-84.41255325669509,-1.8587042916161671,-5.560271146917423,source_normalization_systematic_sigma is shared/correlated across bins in this proton-energy source; do not treat these per-bin normalized residuals as independent chi-square contributions.
BC501A,68,50,40,64,66,59.0,8.2,JAERI_68MEV_BC501A_T050_FE080,JAERI_68MEV_PEAK_4.77E9_N_SR_UC,80.0,4.77,4770000000.0,N002_JAERI_TIARA_68MEV__TRANS__JAERI_68MEV_BC501A_T050_FE080,N002_JAERI_TIARA_68MEV__TRANS__JAERI_68MEV_BC501A_T050_FE080,85.17746779292617,11.63152788643328,4.837999999999999,11.63152788643328,3.9,3.3219212439241206,13.02819426181961,26.177467792926166,0.44368589479535875,44.36858947953588,0.3671994924288297,2.009293634010492,source_normalization_systematic_sigma is shared/correlated across bins in this proton-energy source; do not treat these per-bin normalized residuals as independent chi-square contributions.
BC501A,68,50,40,62,64,67.4,7.2,JAERI_68MEV_BC501A_T050_FE080,JAERI_68MEV_PEAK_4.77E9_N_SR_UC,80.0,4.77,4770000000.0,N002_JAERI_TIARA_68MEV__TRANS__JAERI_68MEV_BC501A_T050_FE080,N002_JAERI_TIARA_68MEV__TRANS__JAERI_68MEV_BC501A_T050_FE080,121.54178738418118,13.728860274387973,4.8528,13.728860274387973,3.9,4.7401297079830655,15.31339615899007,54.14178738418117,0.8032906140086227,80.32906140086227,0.5896131148202012,3.5355832776778278,source_normalization_systematic_sigma is shared/correlated across bins in this proton-energy source; do not treat these per-bin normalized residuals as independent chi-square contributions.
BC501A,68,50,40,60,62,51.4,11.6,JAERI_68MEV_BC501A_T050_FE080,JAERI_68MEV_PEAK_4.77E9_N_SR_UC,80.0,4.77,4770000000.0,N002_JAERI_TIARA_68MEV__TRANS__JAERI_68MEV_BC501A_T050_FE080,N002_JAERI_TIARA_68MEV__TRANS__JAERI_68MEV_BC501A_T050_FE080,43.523985577286886,7.677264445848468,5.9624,7.677264445848468,3.9,1.6974354375141885,9.867719604651217,-7.876014422713112,-0.15322985258196717,-15.322985258196717,-0.1663259937462051,-0.7981595280636773,source_normalization_systematic_sigma is shared/correlated across bins in this proton-energy source; do not treat these per-bin normalized residuals as independent chi-square contributions.
BC501A,68,50,40,58,60,30.0,12.5,JAERI_68MEV_BC501A_T050_FE080,JAERI_68MEV_PEAK_4.77E9_N_SR_UC,80.0,4.77,4770000000.0,N002_JAERI_TIARA_68MEV__TRANS__JAERI_68MEV_BC501A_T050_FE080,N002_JAERI_TIARA_68MEV__TRANS__JAERI_68MEV_BC501A_T050_FE080,14.151632015108792,4.2511876333100975,3.75,4.2511876333100975,3.9,0.5519136485892429,5.695586446460786,-15.848367984891208,-0.528278932829707,-52.82789328297069,-0.751367427466876,-2.782570001152264,source_normalization_systematic_sigma is shared/correlated across bins in this proton-energy source; do not treat these per-bin normalized residuals as independent chi-square contributions.
BC501A,68,50,40,56,58,20.7,7.2,JAERI_68MEV_BC501A_T050_FE080,JAERI_68MEV_PEAK_4.77E9_N_SR_UC,80.0,4.77,4770000000.0,N002_JAERI_TIARA_68MEV__TRANS__JAERI_68MEV_BC501A_T050_FE080,N002_JAERI_TIARA_68MEV__TRANS__JAERI_68MEV_BC501A_T050_FE080,22.56751702556172,5.459912343727794,1.4904,5.459912343727794,3.9,0.8801331639969071,5.727701925515881,1.867517025561721,0.09021821379525223,9.021821379525223,0.08637787234691204,0.3260499673075285,source_normalization_systematic_sigma is shared/correlated across bins in this proton-energy source; do not treat these per-bin normalized residuals as independent chi-square contributions.
BC501A,68,50,40,54,56,21.0,8.9,JAERI_68MEV_BC501A_T050_FE080,JAERI_68MEV_PEAK_4.77E9_N_SR_UC,80.0,4.77,4770000000.0,N002_JAERI_TIARA_68MEV__TRANS__JAERI_68MEV_BC501A_T050_FE080,N002_JAERI_TIARA_68MEV__TRANS__JAERI_68MEV_BC501A_T050_FE080,26.498543632535764,5.894451668589024,1.869,5.894451668589024,3.9,1.0334432016688948,6.269427910456232,5.498543632535764,0.26183541107313163,26.183541107313165,0.23256733649574643,0.8770407302020689,source_normalization_systematic_sigma is shared/correlated across bins in this proton-energy source; do not treat these per-bin normalized residuals as independent chi-square contributions.
BC501A,68,50,40,52,54,22.8,6.5,JAERI_68MEV_BC501A_T050_FE080,JAERI_68MEV_PEAK_4.77E9_N_SR_UC,80.0,4.77,4770000000.0,N002_JAERI_TIARA_68MEV__TRANS__JAERI_68MEV_BC501A_T050_FE080,N002_JAERI_TIARA_68MEV__TRANS__JAERI_68MEV_BC501A_T050_FE080,34.80248005686893,6.668561821970439,1.4820000000000002,6.668561821970439,3.9,1.3572967222178882,6.964789671309903,12.00248005686893,0.52642456389776,52.642456389776,0.42292811428271343,1.723308329942943,source_normalization_systematic_sigma is shared/correlated across bins in this proton-energy source; do not treat these per-bin normalized residuals as independent chi-square contributions.
BC501A,68,50,40,50,52,24.0,5.6,JAERI_68MEV_BC501A_T050_FE080,JAERI_68MEV_PEAK_4.77E9_N_SR_UC,80.0,4.77,4770000000.0,N002_JAERI_TIARA_68MEV__TRANS__JAERI_68MEV_BC501A_T050_FE080,N002_JAERI_TIARA_68MEV__TRANS__JAERI_68MEV_BC501A_T050_FE080,33.91635222484905,6.3120887685307725,1.3439999999999999,6.3120887685307725,3.9,1.3227377367691127,6.587748913102669,9.91635222484905,0.4131813427020437,41.31813427020437,0.34584343425185127,1.505271733281451,source_normalization_systematic_sigma is shared/correlated across bins in this proton-energy source; do not treat these per-bin normalized residuals as independent chi-square contributions.
BC501A,68,50,40,48,50,24.9,5.7,JAERI_68MEV_BC501A_T050_FE080,JAERI_68MEV_PEAK_4.77E9_N_SR_UC,80.0,4.77,4770000000.0,N002_JAERI_TIARA_68MEV__TRANS__JAERI_68MEV_BC501A_T050_FE080,N002_JAERI_TIARA_68MEV__TRANS__JAERI_68MEV_BC501A_T050_FE080,32.27328001471204,6.293435893753705,1.4193,6.293435893753705,3.9,1.2586579205737696,6.573124645083994,7.373280014712044,0.29611566324144756,29.611566324144757,0.25937184027614385,1.121731354999708,source_normalization_systematic_sigma is shared/correlated across bins in this proton-energy source; do not treat these per-bin normalized residuals as independent chi-square contributions.
BC501A,68,50,40,46,48,25.4,5.9,JAERI_68MEV_BC501A_T050_FE080,JAERI_68MEV_PEAK_4.77E9_N_SR_UC,80.0,4.77,4770000000.0,N002_JAERI_TIARA_68MEV__TRANS__JAERI_68MEV_BC501A_T050_FE080,N002_JAERI_TIARA_68MEV__TRANS__JAERI_68MEV_BC501A_T050_FE080,41.49562118878712,7.180438856624416,1.4986000000000002,7.180438856624416,3.9,1.6183292263626976,7.511557336439724,16.09562118878712,0.6336858735742961,63.368587357429604,0.4908387341220164,2.142780846616823,source_normalization_systematic_sigma is shared/correlated across bins in this proton-energy source; do not treat these per-bin normalized residuals as independent chi-square contributions.
BC501A,68,50,40,44,46,25.8,5.7,JAERI_68MEV_BC501A_T050_FE080,JAERI_68MEV_PEAK_4.77E9_N_SR_UC,80.0,4.77,4770000000.0,N002_JAERI_TIARA_68MEV__TRANS__JAERI_68MEV_BC501A_T050_FE080,N002_JAERI_TIARA_68MEV__TRANS__JAERI_68MEV_BC501A_T050_FE080,31.82919573711732,5.502319543770702,1.4706000000000001,5.502319543770702,3.9,1.2413386337475756,5.829160001697956,6.02919573711732,0.2336897572526093,23.368975725260928,0.21000948159879898,1.0343163912744024,source_normalization_systematic_sigma is shared/correlated across bins in this proton-energy source; do not treat these per-bin normalized residuals as independent chi-square contributions.
BC501A,68,50,40,43,44,26.1,5.5,JAERI_68MEV_BC501A_T050_FE080,JAERI_68MEV_PEAK_4.77E9_N_SR_UC,80.0,4.77,4770000000.0,N002_JAERI_TIARA_68MEV__TRANS__JAERI_68MEV_BC501A_T050_FE080,N002_JAERI_TIARA_68MEV__TRANS__JAERI_68MEV_BC501A_T050_FE080,39.86754602051416,8.79198771696592,1.4355000000000002,8.79198771696592,3.9,1.5548342948000524,9.043075690801553,13.76754602051416,0.5274921846940291,52.74921846940291,0.4236272956472702,1.522440648652123,source_normalization_systematic_sigma is shared/correlated across bins in this proton-energy source; do not treat these per-bin normalized residuals as independent chi-square contributions.
BC501A,68,50,40,42,43,26.3,5.4,JAERI_68MEV_BC501A_T050_FE080,JAERI_68MEV_PEAK_4.77E9_N_SR_UC,80.0,4.77,4770000000.0,N002_JAERI_TIARA_68MEV__TRANS__JAERI_68MEV_BC501A_T050_FE080,N002_JAERI_TIARA_68MEV__TRANS__JAERI_68MEV_BC501A_T050_FE080,23.914472409846628,6.688902851342444,1.4202000000000001,6.688902851342444,3.9,0.9326644239840185,6.9013225053218985,-2.385527590153373,-0.09070447110849326,-9.070447110849326,-0.09508512335077102,-0.34566238403056704,source_normalization_systematic_sigma is shared/correlated across bins in this proton-energy source; do not treat these per-bin normalized residuals as independent chi-square contributions.
BC501A,68,50,40,41,42,26.7,5.5,JAERI_68MEV_BC501A_T050_FE080,JAERI_68MEV_PEAK_4.77E9_N_SR_UC,80.0,4.77,4770000000.0,N002_JAERI_TIARA_68MEV__TRANS__JAERI_68MEV_BC501A_T050_FE080,N002_JAERI_TIARA_68MEV__TRANS__JAERI_68MEV_BC501A_T050_FE080,28.060492152436712,7.646387213123487,1.4685,7.646387213123487,3.9,1.0943591939450317,7.862655512509141,1.3604921524367128,0.050954762263547296,5.095476226354729,0.04969904840284955,0.17303214547200108,source_normalization_systematic_sigma is shared/correlated across bins in this proton-energy source; do not treat these per-bin normalized residuals as independent chi-square contributions.
BC501A,68,50,40,40,41,27.1,5.7,JAERI_68MEV_BC501A_T050_FE080,JAERI_68MEV_PEAK_4.77E9_N_SR_UC,80.0,4.77,4770000000.0,N002_JAERI_TIARA_68MEV__TRANS__JAERI_68MEV_BC501A_T050_FE080,N002_JAERI_TIARA_68MEV__TRANS__JAERI_68MEV_BC501A_T050_FE080,36.56389321146143,8.37014914408197,1.5447,8.37014914408197,3.9,1.4259918352469958,8.630118625973067,9.463893211461432,0.34922115171444396,34.922115171444396,0.2995275013093053,1.0966121813180008,source_normalization_systematic_sigma is shared/correlated across bins in this proton-energy source; do not treat these per-bin normalized residuals as independent chi-square contributions.
BC501A,68,50,40,39,40,27.5,6.0,JAERI_68MEV_BC501A_T050_FE080,JAERI_68MEV_PEAK_4.77E9_N_SR_UC,80.0,4.77,4770000000.0,N002_JAERI_TIARA_68MEV__TRANS__JAERI_68MEV_BC501A_T050_FE080,N002_JAERI_TIARA_68MEV__TRANS__JAERI_68MEV_BC501A_T050_FE080,41.739848322344216,8.544980389831153,1.65,8.544980389831153,3.9,1.6278540845714244,8.853761843603817,14.239848322344216,0.5178126662670623,51.781266626706234,0.4172702631017956,1.6083387574549959,source_normalization_systematic_sigma is shared/correlated across bins in this proton-energy source; do not treat these per-bin normalized residuals as independent chi-square contributions.
BC501A,68,50,40,38,39,27.9,6.3,JAERI_68MEV_BC501A_T050_FE080,JAERI_68MEV_PEAK_4.77E9_N_SR_UC,80.0,4.77,4770000000.0,N002_JAERI_TIARA_68MEV__TRANS__JAERI_68MEV_BC501A_T050_FE080,N002_JAERI_TIARA_68MEV__TRANS__JAERI_68MEV_BC501A_T050_FE080,31.479848634649137,7.546437451414957,1.7576999999999998,7.546437451414957,3.9,1.2277140967513163,7.845094607554467,3.5798486346491387,0.12830998690498704,12.830998690498705,0.1207209264081987,0.45631682136782753,source_normalization_systematic_sigma is shared/correlated across bins in this proton-energy source; do not treat these per-bin normalized residuals as independent chi-square contributions.
BC501A,68,50,40,37,38,28.1,6.3,JAERI_68MEV_BC501A_T050_FE080,JAERI_68MEV_PEAK_4.77E9_N_SR_UC,80.0,4.77,4770000000.0,N002_JAERI_TIARA_68MEV__TRANS__JAERI_68MEV_BC501A_T050_FE080,N002_JAERI_TIARA_68MEV__TRANS__JAERI_68MEV_BC501A_T050_FE080,31.86621404428452,7.284079053354831,1.7703,7.284079053354831,3.9,1.2427823477270963,7.598439162706027,3.766214044284517,0.13402896954749172,13.402896954749172,0.12577675131743427,0.49565627408975105,source_normalization_systematic_sigma is shared/correlated across bins in this proton-energy source; do not treat these per-bin normalized residuals as independent chi-square contributions.
BC501A,68,50,40,36,37,28.1,6.3,JAERI_68MEV_BC501A_T050_FE080,JAERI_68MEV_PEAK_4.77E9_N_SR_UC,80.0,4.77,4770000000.0,N002_JAERI_TIARA_68MEV__TRANS__JAERI_68MEV_BC501A_T050_FE080,N002_JAERI_TIARA_68MEV__TRANS__JAERI_68MEV_BC501A_T050_FE080,27.0387610429556,6.892538505681371,1.7703,6.892538505681371,3.9,1.0545116806752683,7.193958856358643,-1.0612389570444023,-0.037766510926847054,-3.7766510926847054,-0.03849814563200084,-0.14751807429457114,source_normalization_systematic_sigma is shared/correlated across bins in this proton-energy source; do not treat these per-bin normalized residuals as independent chi-square contributions.
BC501A,68,50,40,35,36,27.8,6.2,JAERI_68MEV_BC501A_T050_FE080,JAERI_68MEV_PEAK_4.77E9_N_SR_UC,80.0,4.77,4770000000.0,N002_JAERI_TIARA_68MEV__TRANS__JAERI_68MEV_BC501A_T050_FE080,N002_JAERI_TIARA_68MEV__TRANS__JAERI_68MEV_BC501A_T050_FE080,30.53630095733958,6.891829192264339,1.7236000000000002,6.891829192264339,3.9,1.1909157373362436,7.203220590040407,2.73630095733958,0.09842809199063238,9.842809199063238,0.09388015051842591,0.3798718813530366,source_normalization_systematic_sigma is shared/correlated across bins in this proton-energy source; do not treat these per-bin normalized residuals as independent chi-square contributions.
BC501A,68,50,40,34,35,27.2,6.1,JAERI_68MEV_BC501A_T050_FE080,JAERI_68MEV_PEAK_4.77E9_N_SR_UC,80.0,4.77,4770000000.0,N002_JAERI_TIARA_68MEV__TRANS__JAERI_68MEV_BC501A_T050_FE080,N002_JAERI_TIARA_68MEV__TRANS__JAERI_68MEV_BC501A_T050_FE080,25.806522123161493,6.478381466945347,1.6591999999999998,6.478381466945347,3.9,1.0064543628032983,6.762789472966517,-1.3934778768385065,-0.05123080429553333,-5.123080429553333,-0.05258971785039531,-0.20605075500409648,source_normalization_systematic_sigma is shared/correlated across bins in this proton-energy source; do not treat these per-bin normalized residuals as independent chi-square contributions.
BC501A,68,50,40,33,34,26.4,6.1,JAERI_68MEV_BC501A_T050_FE080,JAERI_68MEV_PEAK_4.77E9_N_SR_UC,80.0,4.77,4770000000.0,N002_JAERI_TIARA_68MEV__TRANS__JAERI_68MEV_BC501A_T050_FE080,N002_JAERI_TIARA_68MEV__TRANS__JAERI_68MEV_BC501A_T050_FE080,41.99784454699165,8.327687649705686,1.6103999999999998,8.327687649705686,3.9,1.6379159373326744,8.638665311772936,15.597844546991652,0.5908274449618051,59.0827444961805,0.46425428650444306,1.805585004634294,source_normalization_systematic_sigma is shared/correlated across bins in this proton-energy source; do not treat these per-bin normalized residuals as independent chi-square contributions.
BC501A,68,50,40,32,33,25.5,6.3,JAERI_68MEV_BC501A_T050_FE080,JAERI_68MEV_PEAK_4.77E9_N_SR_UC,80.0,4.77,4770000000.0,N002_JAERI_TIARA_68MEV__TRANS__JAERI_68MEV_BC501A_T050_FE080,N002_JAERI_TIARA_68MEV__TRANS__JAERI_68MEV_BC501A_T050_FE080,18.11973749612756,5.152374272980258,1.6065,5.152374272980258,3.9,0.7066697623489747,5.443085986082454,-7.380262503872441,-0.2894220589753898,-28.94220589753898,-0.3416766386231621,-1.355896732615137,source_normalization_systematic_sigma is shared/correlated across bins in this proton-energy source; do not treat these per-bin normalized residuals as independent chi-square contributions.
BC501A,68,50,40,31,32,24.5,6.3,JAERI_68MEV_BC501A_T050_FE080,JAERI_68MEV_PEAK_4.77E9_N_SR_UC,80.0,4.77,4770000000.0,N002_JAERI_TIARA_68MEV__TRANS__JAERI_68MEV_BC501A_T050_FE080,N002_JAERI_TIARA_68MEV__TRANS__JAERI_68MEV_BC501A_T050_FE080,22.40023814491781,5.446069312160252,1.5434999999999999,5.446069312160252,3.9,0.8736092876517947,5.727587309707737,-2.099761855082189,-0.08570456551355873,-8.570456551355873,-0.0896015272766557,-0.3666049492642887,source_normalization_systematic_sigma is shared/correlated across bins in this proton-energy source; do not treat these per-bin normalized residuals as independent chi-square contributions.
BC501A,68,50,40,30,31,23.5,6.3,JAERI_68MEV_BC501A_T050_FE080,JAERI_68MEV_PEAK_4.77E9_N_SR_UC,80.0,4.77,4770000000.0,N002_JAERI_TIARA_68MEV__TRANS__JAERI_68MEV_BC501A_T050_FE080,N002_JAERI_TIARA_68MEV__TRANS__JAERI_68MEV_BC501A_T050_FE080,18.957140988671355,4.731179005028776,1.4805,4.731179005028776,3.9,0.739328498558183,5.012239185873453,-4.542859011328645,-0.1933131494182402,-19.331314941824022,-0.21481972743019734,-0.9063531972161836,source_normalization_systematic_sigma is shared/correlated across bins in this proton-energy source; do not treat these per-bin normalized residuals as independent chi-square contributions.
BC501A,68,50,40,29,30,22.5,6.1,JAERI_68MEV_BC501A_T050_FE080,JAERI_68MEV_PEAK_4.77E9_N_SR_UC,80.0,4.77,4770000000.0,N002_JAERI_TIARA_68MEV__TRANS__JAERI_68MEV_BC501A_T050_FE080,N002_JAERI_TIARA_68MEV__TRANS__JAERI_68MEV_BC501A_T050_FE080,22.12686885934308,5.390108920431316,1.3725,5.390108920431316,3.9,0.8629478855143802,5.62865076881014,-0.37313114065691977,-0.016583606251418657,-1.6583606251418657,-0.016722653664724058,-0.0662914001921276,source_normalization_systematic_sigma is shared/correlated across bins in this proton-energy source; do not treat these per-bin normalized residuals as independent chi-square contributions.
BC501A,68,50,40,28,29,21.4,6.1,JAERI_68MEV_BC501A_T050_FE080,JAERI_68MEV_PEAK_4.77E9_N_SR_UC,80.0,4.77,4770000000.0,N002_JAERI_TIARA_68MEV__TRANS__JAERI_68MEV_BC501A_T050_FE080,N002_JAERI_TIARA_68MEV__TRANS__JAERI_68MEV_BC501A_T050_FE080,26.87227465478459,5.623003999345495,1.3054,5.623003999345495,3.9,1.048018711536599,5.866906029278658,5.4722746547845915,0.25571376891516784,25.571376891516785,0.22770415108380082,0.9327360328383193,source_normalization_systematic_sigma is shared/correlated across bins in this proton-energy source; do not treat these per-bin normalized residuals as independent chi-square contributions.
BC501A,68,50,40,27,28,20.4,6.6,JAERI_68MEV_BC501A_T050_FE080,JAERI_68MEV_PEAK_4.77E9_N_SR_UC,80.0,4.77,4770000000.0,N002_JAERI_TIARA_68MEV__TRANS__JAERI_68MEV_BC501A_T050_FE080,N002_JAERI_TIARA_68MEV__TRANS__JAERI_68MEV_BC501A_T050_FE080,20.24320271631132,5.013238935587127,1.3463999999999998,5.013238935587127,3.9,0.7894849059361414,5.250585110441287,-0.15679728368867885,-0.00768614135728818,-0.768614135728818,-0.007715831977151792,-0.029862821074335612,source_normalization_systematic_sigma is shared/correlated across bins in this proton-energy source; do not treat these per-bin normalized residuals as independent chi-square contributions.
BC501A,68,50,40,26,27,19.4,7.7,JAERI_68MEV_BC501A_T050_FE080,JAERI_68MEV_PEAK_4.77E9_N_SR_UC,80.0,4.77,4770000000.0,N002_JAERI_TIARA_68MEV__TRANS__JAERI_68MEV_BC501A_T050_FE080,N002_JAERI_TIARA_68MEV__TRANS__JAERI_68MEV_BC501A_T050_FE080,29.470842916908268,5.885904399627232,1.4938,5.885904399627232,3.9,1.1493628737594224,6.1803190902353675,10.07084291690827,0.5191156142736222,51.911561427362216,0.41812833281312434,1.629502096877127,source_normalization_systematic_sigma is shared/correlated across bins in this proton-energy source; do not treat these per-bin normalized residuals as independent chi-square contributions.
BC501A,68,50,40,25,26,18.4,9.0,JAERI_68MEV_BC501A_T050_FE080,JAERI_68MEV_PEAK_4.77E9_N_SR_UC,80.0,4.77,4770000000.0,N002_JAERI_TIARA_68MEV__TRANS__JAERI_68MEV_BC501A_T050_FE080,N002_JAERI_TIARA_68MEV__TRANS__JAERI_68MEV_BC501A_T050_FE080,21.25526947929006,4.629351384988524,1.656,4.629351384988524,3.9,0.8289555096923124,4.986020204807077,2.8552694792900617,0.1551776890918512,15.51776890918512,0.14425417551064745,0.5726550158255005,source_normalization_systematic_sigma is shared/correlated across bins in this proton-energy source; do not treat these per-bin normalized residuals as independent chi-square contributions.
BC501A,68,50,40,24,25,17.5,10.0,JAERI_68MEV_BC501A_T050_FE080,JAERI_68MEV_PEAK_4.77E9_N_SR_UC,80.0,4.77,4770000000.0,N002_JAERI_TIARA_68MEV__TRANS__JAERI_68MEV_BC501A_T050_FE080,N002_JAERI_TIARA_68MEV__TRANS__JAERI_68MEV_BC501A_T050_FE080,20.62731844572884,4.592188597065813,1.75,4.592188597065813,3.9,0.8044654193834248,4.979745045883878,3.1273184457288394,0.1787039111845051,17.87039111845051,0.16441545446368608,0.6280077427485561,source_normalization_systematic_sigma is shared/correlated across bins in this proton-energy source; do not treat these per-bin normalized residuals as independent chi-square contributions.
BC501A,68,50,40,23,24,16.5,9.9,JAERI_68MEV_BC501A_T050_FE080,JAERI_68MEV_PEAK_4.77E9_N_SR_UC,80.0,4.77,4770000000.0,N002_JAERI_TIARA_68MEV__TRANS__JAERI_68MEV_BC501A_T050_FE080,N002_JAERI_TIARA_68MEV__TRANS__JAERI_68MEV_BC501A_T050_FE080,13.083092820519337,3.402186831647106,1.6335,3.402186831647106,3.9,0.510240620000254,3.8083517402849245,-3.4169071794806634,-0.20708528360488868,-20.708528360488867,-0.23203960866021806,-0.897214178862855,source_normalization_systematic_sigma is shared/correlated across bins in this proton-energy source; do not treat these per-bin normalized residuals as independent chi-square contributions.
BC501A,68,50,40,22,23,15.5,8.7,JAERI_68MEV_BC501A_T050_FE080,JAERI_68MEV_PEAK_4.77E9_N_SR_UC,80.0,4.77,4770000000.0,N002_JAERI_TIARA_68MEV__TRANS__JAERI_68MEV_BC501A_T050_FE080,N002_JAERI_TIARA_68MEV__TRANS__JAERI_68MEV_BC501A_T050_FE080,16.01541794349332,4.151986798982719,1.3485,4.151986798982719,3.9,0.6246012997962395,4.409940295812849,0.5154179434933184,0.03325277054795602,3.325277054795602,0.03271185579779227,0.1168763994339555,source_normalization_systematic_sigma is shared/correlated across bins in this proton-energy source; do not treat these per-bin normalized residuals as independent chi-square contributions.
BC501A,68,50,40,21,22,14.5,6.7,JAERI_68MEV_BC501A_T050_FE080,JAERI_68MEV_PEAK_4.77E9_N_SR_UC,80.0,4.77,4770000000.0,N002_JAERI_TIARA_68MEV__TRANS__JAERI_68MEV_BC501A_T050_FE080,N002_JAERI_TIARA_68MEV__TRANS__JAERI_68MEV_BC501A_T050_FE080,11.079190027320092,3.0301713673588533,0.9715,3.0301713673588533,3.9,0.43208841106548357,3.2113005403634394,-3.4208099726799084,-0.23591792915033852,-23.591792915033853,-0.26908007300691755,-1.065241303229986,source_normalization_systematic_sigma is shared/correlated across bins in this proton-energy source; do not treat these per-bin normalized residuals as independent chi-square contributions.
BC501A,68,50,40,20,21,13.6,4.9,JAERI_68MEV_BC501A_T050_FE080,JAERI_68MEV_PEAK_4.77E9_N_SR_UC,80.0,4.77,4770000000.0,N002_JAERI_TIARA_68MEV__TRANS__JAERI_68MEV_BC501A_T050_FE080,N002_JAERI_TIARA_68MEV__TRANS__JAERI_68MEV_BC501A_T050_FE080,17.13242970461867,3.8201400665232415,0.6664,3.8201400665232415,3.9,0.6681647584801281,3.93497182103392,3.5324297046186697,0.25973747828078453,25.97374782807845,0.2309033486845853,0.897701397945594,source_normalization_systematic_sigma is shared/correlated across bins in this proton-energy source; do not treat these per-bin normalized residuals as independent chi-square contributions.
BC501A,68,50,40,19,20,12.7,6.8,JAERI_68MEV_BC501A_T050_FE080,JAERI_68MEV_PEAK_4.77E9_N_SR_UC,80.0,4.77,4770000000.0,N002_JAERI_TIARA_68MEV__TRANS__JAERI_68MEV_BC501A_T050_FE080,N002_JAERI_TIARA_68MEV__TRANS__JAERI_68MEV_BC501A_T050_FE080,18.748368062131885,3.7719019011999833,0.8636,3.7719019011999833,3.9,0.7311863544231434,3.937979481557853,6.048368062131885,0.4762494537111721,47.624945371117214,0.38950471847766266,1.5359064440171153,source_normalization_systematic_sigma is shared/correlated across bins in this proton-energy source; do not treat these per-bin normalized residuals as independent chi-square contributions.
BC501A,68,50,40,18,19,11.9,9.4,JAERI_68MEV_BC501A_T050_FE080,JAERI_68MEV_PEAK_4.77E9_N_SR_UC,80.0,4.77,4770000000.0,N002_JAERI_TIARA_68MEV__TRANS__JAERI_68MEV_BC501A_T050_FE080,N002_JAERI_TIARA_68MEV__TRANS__JAERI_68MEV_BC501A_T050_FE080,18.75535918501614,3.7829546120443576,1.1186,3.7829546120443576,3.9,0.7314590082156295,4.012112141688897,6.855359185016139,0.5760806037828688,57.608060378286886,0.4549411346601275,1.708665895398023,source_normalization_systematic_sigma is shared/correlated across bins in this proton-energy source; do not treat these per-bin normalized residuals as independent chi-square contributions.
BC501A,68,50,40,17,18,11.0,10.0,JAERI_68MEV_BC501A_T050_FE080,JAERI_68MEV_PEAK_4.77E9_N_SR_UC,80.0,4.77,4770000000.0,N002_JAERI_TIARA_68MEV__TRANS__JAERI_68MEV_BC501A_T050_FE080,N002_JAERI_TIARA_68MEV__TRANS__JAERI_68MEV_BC501A_T050_FE080,11.515762789186722,2.9813076303822226,1.1,2.9813076303822226,3.9,0.4491147487782821,3.209345610018566,0.5157627891867218,0.04688752628970198,4.688752628970199,0.04582150137076781,0.16070652770355204,source_normalization_systematic_sigma is shared/correlated across bins in this proton-energy source; do not treat these per-bin normalized residuals as independent chi-square contributions.
BC501A,68,50,40,16,17,10.3,8.1,JAERI_68MEV_BC501A_T050_FE080,JAERI_68MEV_PEAK_4.77E9_N_SR_UC,80.0,4.77,4770000000.0,N002_JAERI_TIARA_68MEV__TRANS__JAERI_68MEV_BC501A_T050_FE080,N002_JAERI_TIARA_68MEV__TRANS__JAERI_68MEV_BC501A_T050_FE080,11.85613390087656,2.849455995621763,0.8343,2.849455995621763,3.9,0.4623892221341858,3.0048726684721054,1.55613390087656,0.15108096125015144,15.108096125015145,0.1407014671879479,0.5178701637523333,source_normalization_systematic_sigma is shared/correlated across bins in this proton-energy source; do not treat these per-bin normalized residuals as independent chi-square contributions.
BC501A,68,50,40,15,16,9.65,5.5,JAERI_68MEV_BC501A_T050_FE080,JAERI_68MEV_PEAK_4.77E9_N_SR_UC,80.0,4.77,4770000000.0,N002_JAERI_TIARA_68MEV__TRANS__JAERI_68MEV_BC501A_T050_FE080,N002_JAERI_TIARA_68MEV__TRANS__JAERI_68MEV_BC501A_T050_FE080,11.6181697975372,2.649500501924836,0.53075,2.649500501924836,3.9,0.4531086221039508,2.739864211165382,1.9681697975372003,0.20395541943390677,20.395541943390675,0.18561231915286108,0.7183457448426078,source_normalization_systematic_sigma is shared/correlated across bins in this proton-energy source; do not treat these per-bin normalized residuals as independent chi-square contributions.
BC501A,68,50,40,14,15,9.05,5.5,JAERI_68MEV_BC501A_T050_FE080,JAERI_68MEV_PEAK_4.77E9_N_SR_UC,80.0,4.77,4770000000.0,N002_JAERI_TIARA_68MEV__TRANS__JAERI_68MEV_BC501A_T050_FE080,N002_JAERI_TIARA_68MEV__TRANS__JAERI_68MEV_BC501A_T050_FE080,11.516069215506088,2.681249716172916,0.4977500000000001,2.681249716172916,3.9,0.44912669940473743,2.763796283211832,2.466069215506087,0.27249383596752336,27.249383596752335,0.24097862539742787,0.8922760445427064,source_normalization_systematic_sigma is shared/correlated across bins in this proton-energy source; do not treat these per-bin normalized residuals as independent chi-square contributions.
BC501A,68,50,40,13,14,8.57,4.7,JAERI_68MEV_BC501A_T050_FE080,JAERI_68MEV_PEAK_4.77E9_N_SR_UC,80.0,4.77,4770000000.0,N002_JAERI_TIARA_68MEV__TRANS__JAERI_68MEV_BC501A_T050_FE080,N002_JAERI_TIARA_68MEV__TRANS__JAERI_68MEV_BC501A_T050_FE080,9.067254416346882,2.2457427037234896,0.40279000000000004,2.2457427037234896,3.9,0.3536229222375284,2.3088198817922323,0.49725441634688217,0.05802268568808427,5.802268568808427,0.05640177525545923,0.2153716798215052,source_normalization_systematic_sigma is shared/correlated across bins in this proton-energy source; do not treat these per-bin normalized residuals as independent chi-square contributions.
BC501A,68,50,40,12,13,8.26,6.4,JAERI_68MEV_BC501A_T050_FE080,JAERI_68MEV_PEAK_4.77E9_N_SR_UC,80.0,4.77,4770000000.0,N002_JAERI_TIARA_68MEV__TRANS__JAERI_68MEV_BC501A_T050_FE080,N002_JAERI_TIARA_68MEV__TRANS__JAERI_68MEV_BC501A_T050_FE080,11.80517549298716,2.572358198528609,0.52864,2.572358198528609,3.9,0.4604018442264992,2.6661689386279543,3.545175492987161,0.4291980015722955,42.919800157229545,0.35711344888199203,1.3296889936807812,source_normalization_systematic_sigma is shared/correlated across bins in this proton-energy source; do not treat these per-bin normalized residuals as independent chi-square contributions.
BC501A,68,50,40,11,12,8.13,7.8,JAERI_68MEV_BC501A_T050_FE080,JAERI_68MEV_PEAK_4.77E9_N_SR_UC,80.0,4.77,4770000000.0,N002_JAERI_TIARA_68MEV__TRANS__JAERI_68MEV_BC501A_T050_FE080,N002_JAERI_TIARA_68MEV__TRANS__JAERI_68MEV_BC501A_T050_FE080,9.46365894579022,1.8613404399890847,0.63414,1.8613404399890847,3.9,0.36908269888581857,2.0007358175820213,1.3336589457902193,0.16404169074910444,16.404169074910442,0.1518981654626033,0.6665842306966873,source_normalization_systematic_sigma is shared/correlated across bins in this proton-energy source; do not treat these per-bin normalized residuals as independent chi-square contributions.
BC501A,68,50,40,10,11,8.11,7.7,JAERI_68MEV_BC501A_T050_FE080,JAERI_68MEV_PEAK_4.77E9_N_SR_UC,80.0,4.77,4770000000.0,N002_JAERI_TIARA_68MEV__TRANS__JAERI_68MEV_BC501A_T050_FE080,N002_JAERI_TIARA_68MEV__TRANS__JAERI_68MEV_BC501A_T050_FE080,8.0034536086482,1.7130307483112746,0.62447,1.7130307483112746,3.9,0.31213469073727984,1.849828421968249,-0.10654639135179877,-0.013137656146954228,-1.3137656146954229,-0.013224718522562776,-0.05759798589235189,source_normalization_systematic_sigma is shared/correlated across bins in this proton-energy source; do not treat these per-bin normalized residuals as independent chi-square contributions.
BC501A,68,50,40,9,10,8.22,6.7,JAERI_68MEV_BC501A_T050_FE080,JAERI_68MEV_PEAK_4.77E9_N_SR_UC,80.0,4.77,4770000000.0,N002_JAERI_TIARA_68MEV__TRANS__JAERI_68MEV_BC501A_T050_FE080,N002_JAERI_TIARA_68MEV__TRANS__JAERI_68MEV_BC501A_T050_FE080,9.421904411060028,1.7414721874373775,0.55074,1.7414721874373775,3.9,0.36745427203134107,1.8630787877199417,1.2019044110600277,0.14621708163747293,14.621708163747293,0.13646702586642992,0.6451173288977933,source_normalization_systematic_sigma is shared/correlated across bins in this proton-energy source; do not treat these per-bin normalized residuals as independent chi-square contributions.
BC501A,68,50,40,8,9,8.55,5.1,JAERI_68MEV_BC501A_T050_FE080,JAERI_68MEV_PEAK_4.77E9_N_SR_UC,80.0,4.77,4770000000.0,N002_JAERI_TIARA_68MEV__TRANS__JAERI_68MEV_BC501A_T050_FE080,N002_JAERI_TIARA_68MEV__TRANS__JAERI_68MEV_BC501A_T050_FE080,10.746085888218785,1.8428947317585205,0.43605000000000005,1.8428947317585205,3.9,0.4190973496405326,1.9395987170853222,2.196085888218784,0.2568521506688636,25.685215066886357,0.22861030190174947,1.1322372348847964,source_normalization_systematic_sigma is shared/correlated across bins in this proton-energy source; do not treat these per-bin normalized residuals as independent chi-square contributions.
BC501A,68,50,40,7,8,8.88,6.5,JAERI_68MEV_BC501A_T050_FE080,JAERI_68MEV_PEAK_4.77E9_N_SR_UC,80.0,4.77,4770000000.0,N002_JAERI_TIARA_68MEV__TRANS__JAERI_68MEV_BC501A_T050_FE080,N002_JAERI_TIARA_68MEV__TRANS__JAERI_68MEV_BC501A_T050_FE080,11.104187494460296,1.7663300946178504,0.5772,1.7663300946178504,3.9,0.4330633122839515,1.908042367349072,2.2241874944602955,0.2504715646914747,25.04715646914747,0.22352073192583857,1.1656908318815047,source_normalization_systematic_sigma is shared/correlated across bins in this proton-energy source; do not treat these per-bin normalized residuals as independent chi-square contributions.
BC501A,68,100,0,58,60,182.0,5.8,JAERI_68MEV_BC501A_T100_FE000,JAERI_68MEV_PEAK_4.00E9_N_SR_UC,0.0,4.0,4000000000.0,N002_JAERI_TIARA_68MEV__TRANS__JAERI_68MEV_BC501A_T100_FE000,N002_JAERI_TIARA_68MEV__TRANS__JAERI_68MEV_BC501A_T100_FE000,51.3860255313918,8.033874036721459,10.556,8.033874036721459,3.9,2.0040549957242804,13.415979444818577,-130.6139744686082,-0.7176592003769682,-71.76592003769682,-1.2646404284020503,-9.735701743271006,source_normalization_systematic_sigma is shared/correlated across bins in this proton-energy source; do not treat these per-bin normalized residuals as independent chi-square contributions.
BC501A,68,100,0,68,70,141.0,5.5,JAERI_68MEV_BC501A_T100_FE000,JAERI_68MEV_PEAK_4.00E9_N_SR_UC,0.0,4.0,4000000000.0,N002_JAERI_TIARA_68MEV__TRANS__JAERI_68MEV_BC501A_T100_FE000,N002_JAERI_TIARA_68MEV__TRANS__JAERI_68MEV_BC501A_T100_FE000,8.833286063949279,3.88613909417114,7.755,3.88613909417114,3.9,0.3444981564940219,8.681058751043738,-132.1667139360507,-0.9373525811067427,-93.73525811067427,-2.7702327973194443,-15.224722896865558,source_normalization_systematic_sigma is shared/correlated across bins in this proton-energy source; do not treat these per-bin normalized residuals as independent chi-square contributions.
BC501A,68,100,0,66,68,283.0,5.2,JAERI_68MEV_BC501A_T100_FE000,JAERI_68MEV_PEAK_4.00E9_N_SR_UC,0.0,4.0,4000000000.0,N002_JAERI_TIARA_68MEV__TRANS__JAERI_68MEV_BC501A_T100_FE000,N002_JAERI_TIARA_68MEV__TRANS__JAERI_68MEV_BC501A_T100_FE000,178.2161415661353,16.619762098230794,14.716000000000001,16.619762098230794,3.9,6.9504295210792755,23.261247144752993,-104.78385843386471,-0.3702609838652463,-37.02609838652463,-0.46244980552954557,-4.504653502961498,source_normalization_systematic_sigma is shared/correlated across bins in this proton-energy source; do not treat these per-bin normalized residuals as independent chi-square contributions.
BC501A,68,100,0,64,66,399.0,4.6,JAERI_68MEV_BC501A_T100_FE000,JAERI_68MEV_PEAK_4.00E9_N_SR_UC,0.0,4.0,4000000000.0,N002_JAERI_TIARA_68MEV__TRANS__JAERI_68MEV_BC501A_T100_FE000,N002_JAERI_TIARA_68MEV__TRANS__JAERI_68MEV_BC501A_T100_FE000,740.8477659769893,33.1695985691344,18.354,33.1695985691344,3.9,28.89306287310258,47.66445916431426,341.8477659769893,0.8567613182380684,85.67613182380684,0.6188337432740533,7.1719635965769255,source_normalization_systematic_sigma is shared/correlated across bins in this proton-energy source; do not treat these per-bin normalized residuals as independent chi-square contributions.
BC501A,68,100,0,62,64,410.0,4.5,JAERI_68MEV_BC501A_T100_FE000,JAERI_68MEV_PEAK_4.00E9_N_SR_UC,0.0,4.0,4000000000.0,N002_JAERI_TIARA_68MEV__TRANS__JAERI_68MEV_BC501A_T100_FE000,N002_JAERI_TIARA_68MEV__TRANS__JAERI_68MEV_BC501A_T100_FE000,374.1257206539526,23.046994731505475,18.45,23.046994731505475,3.9,14.59090310550415,32.93115424014548,-35.87427934604739,-0.08749824230743265,-8.749824230743265,-0.09156526728891569,-1.0893720604033374,source_normalization_systematic_sigma is shared/correlated across bins in this proton-energy source; do not treat these per-bin normalized residuals as independent chi-square contributions.
BC501A,68,100,0,60,62,314.0,5.1,JAERI_68MEV_BC501A_T100_FE000,JAERI_68MEV_PEAK_4.00E9_N_SR_UC,0.0,4.0,4000000000.0,N002_JAERI_TIARA_68MEV__TRANS__JAERI_68MEV_BC501A_T100_FE000,N002_JAERI_TIARA_68MEV__TRANS__JAERI_68MEV_BC501A_T100_FE000,81.89807011656745,10.067338215181556,16.014,10.067338215181556,3.9,3.194024734546131,19.18335968342739,-232.10192988343255,-0.7391781206478744,-73.91781206478744,-1.343917559227138,-12.099128292107595,source_normalization_systematic_sigma is shared/correlated across bins in this proton-energy source; do not treat these per-bin normalized residuals as independent chi-square contributions.
BC501A,68,100,0,56,58,86.4,5.5,JAERI_68MEV_BC501A_T100_FE000,JAERI_68MEV_PEAK_4.00E9_N_SR_UC,0.0,4.0,4000000000.0,N002_JAERI_TIARA_68MEV__TRANS__JAERI_68MEV_BC501A_T100_FE000,N002_JAERI_TIARA_68MEV__TRANS__JAERI_68MEV_BC501A_T100_FE000,52.51912164790295,8.226492010930569,4.752000000000001,8.226492010930569,3.9,2.048245744268215,9.718641131085011,-33.88087835209706,-0.39213979574186403,-39.2139795741864,-0.4978103506602961,-3.486174445080525,source_normalization_systematic_sigma is shared/correlated across bins in this proton-energy source; do not treat these per-bin normalized residuals as independent chi-square contributions.
BC501A,68,100,0,54,56,46.9,7.7,JAERI_68MEV_BC501A_T100_FE000,JAERI_68MEV_PEAK_4.00E9_N_SR_UC,0.0,4.0,4000000000.0,N002_JAERI_TIARA_68MEV__TRANS__JAERI_68MEV_BC501A_T100_FE000,N002_JAERI_TIARA_68MEV__TRANS__JAERI_68MEV_BC501A_T100_FE000,40.05783286766256,6.686939768347629,3.6113,6.686939768347629,3.9,1.5622554818388397,7.7586914712498105,-6.842167132337437,-0.14588842499653384,-14.588842499653385,-0.1576934438405577,-0.8818712740017313,source_normalization_systematic_sigma is shared/correlated across bins in this proton-energy source; do not treat these per-bin normalized residuals as independent chi-square contributions.
BC501A,68,100,0,52,54,43.1,9.1,JAERI_68MEV_BC501A_T100_FE000,JAERI_68MEV_PEAK_4.00E9_N_SR_UC,0.0,4.0,4000000000.0,N002_JAERI_TIARA_68MEV__TRANS__JAERI_68MEV_BC501A_T100_FE000,N002_JAERI_TIARA_68MEV__TRANS__JAERI_68MEV_BC501A_T100_FE000,65.89911170438185,8.726919654092823,3.9221,8.726919654092823,3.9,2.570065356470892,9.906928433955878,22.79911170438185,0.5289817100784652,52.898171007846514,0.4246019648599875,2.3013300092325455,source_normalization_systematic_sigma is shared/correlated across bins in this proton-energy source; do not treat these per-bin normalized residuals as independent chi-square contributions.
BC501A,68,100,0,50,52,49.7,7.3,JAERI_68MEV_BC501A_T100_FE000,JAERI_68MEV_PEAK_4.00E9_N_SR_UC,0.0,4.0,4000000000.0,N002_JAERI_TIARA_68MEV__TRANS__JAERI_68MEV_BC501A_T100_FE000,N002_JAERI_TIARA_68MEV__TRANS__JAERI_68MEV_BC501A_T100_FE000,67.09646906683751,8.787092228916613,3.6281,8.787092228916613,3.9,2.616762293606663,9.860200015756694,17.39646906683751,0.3500295586888835,35.00295586888835,0.30012648753573784,1.7643119854605167,source_normalization_systematic_sigma is shared/correlated across bins in this proton-energy source; do not treat these per-bin normalized residuals as independent chi-square contributions.
BC501A,68,100,0,48,50,53.9,6.5,JAERI_68MEV_BC501A_T100_FE000,JAERI_68MEV_PEAK_4.00E9_N_SR_UC,0.0,4.0,4000000000.0,N002_JAERI_TIARA_68MEV__TRANS__JAERI_68MEV_BC501A_T100_FE000,N002_JAERI_TIARA_68MEV__TRANS__JAERI_68MEV_BC501A_T100_FE000,34.08739763815713,5.644243024306307,3.5035,5.644243024306307,3.9,1.3294085078881281,6.774903582212499,-19.81260236184287,-0.36758074882825365,-36.75807488282536,-0.4582027326621023,-2.9244109707864823,source_normalization_systematic_sigma is shared/correlated across bins in this proton-energy source; do not treat these per-bin normalized residuals as independent chi-square contributions.
BC501A,68,100,0,46,48,52.4,6.4,JAERI_68MEV_BC501A_T100_FE000,JAERI_68MEV_PEAK_4.00E9_N_SR_UC,0.0,4.0,4000000000.0,N002_JAERI_TIARA_68MEV__TRANS__JAERI_68MEV_BC501A_T100_FE000,N002_JAERI_TIARA_68MEV__TRANS__JAERI_68MEV_BC501A_T100_FE000,49.03028715027905,7.115018691848894,3.3536,7.115018691848894,3.9,1.9121811988608828,8.094847798608457,-3.3697128497209476,-0.06430749713207916,-6.430749713207915,-0.06646837905691622,-0.4162787162348151,source_normalization_systematic_sigma is shared/correlated across bins in this proton-energy source; do not treat these per-bin normalized residuals as independent chi-square contributions.
BC501A,68,100,0,44,46,46.6,6.5,JAERI_68MEV_BC501A_T100_FE000,JAERI_68MEV_PEAK_4.00E9_N_SR_UC,0.0,4.0,4000000000.0,N002_JAERI_TIARA_68MEV__TRANS__JAERI_68MEV_BC501A_T100_FE000,N002_JAERI_TIARA_68MEV__TRANS__JAERI_68MEV_BC501A_T100_FE000,43.02748986854073,6.23149993397892,3.0290000000000004,6.23149993397892,3.9,1.6780721048730882,7.128980180666271,-3.572510131459275,-0.07666330754204452,-7.666330754204452,-0.07976133043437321,-0.5011249913624237,source_normalization_systematic_sigma is shared/correlated across bins in this proton-energy source; do not treat these per-bin normalized residuals as independent chi-square contributions.
BC501A,68,100,0,43,44,41.5,6.8,JAERI_68MEV_BC501A_T100_FE000,JAERI_68MEV_PEAK_4.00E9_N_SR_UC,0.0,4.0,4000000000.0,N002_JAERI_TIARA_68MEV__TRANS__JAERI_68MEV_BC501A_T100_FE000,N002_JAERI_TIARA_68MEV__TRANS__JAERI_68MEV_BC501A_T100_FE000,47.27444252808636,8.826766468284259,2.822,8.826766468284259,3.9,1.8437032585953679,9.448530678967103,5.774442528086361,0.1391431934478641,13.91431934478641,0.13027639513017325,0.6111471427976157,source_normalization_systematic_sigma is shared/correlated across bins in this proton-energy source; do not treat these per-bin normalized residuals as independent chi-square contributions.
BC501A,68,100,0,42,43,38.4,7.2,JAERI_68MEV_BC501A_T100_FE000,JAERI_68MEV_PEAK_4.00E9_N_SR_UC,0.0,4.0,4000000000.0,N002_JAERI_TIARA_68MEV__TRANS__JAERI_68MEV_BC501A_T100_FE000,N002_JAERI_TIARA_68MEV__TRANS__JAERI_68MEV_BC501A_T100_FE000,29.219180988502465,7.072033267441133,2.7648,7.072033267441133,3.9,1.139548058551596,7.6783034163506985,-9.180819011497533,-0.23908382842441495,-23.908382842441494,-0.2732320828048663,-1.1956832797134946,source_normalization_systematic_sigma is shared/correlated across bins in this proton-energy source; do not treat these per-bin normalized residuals as independent chi-square contributions.
BC501A,68,100,0,41,42,36.0,7.7,JAERI_68MEV_BC501A_T100_FE000,JAERI_68MEV_PEAK_4.00E9_N_SR_UC,0.0,4.0,4000000000.0,N002_JAERI_TIARA_68MEV__TRANS__JAERI_68MEV_BC501A_T100_FE000,N002_JAERI_TIARA_68MEV__TRANS__JAERI_68MEV_BC501A_T100_FE000,26.488472522935847,5.979398151587303,2.772,5.979398151587303,3.9,1.033050428394498,6.6711602771041045,-9.511527477064153,-0.2642090965851154,-26.420909658511537,-0.30680929923799977,-1.4257680946009332,source_normalization_systematic_sigma is shared/correlated across bins in this proton-energy source; do not treat these per-bin normalized residuals as independent chi-square contributions.
BC501A,68,100,0,40,41,34.2,8.5,JAERI_68MEV_BC501A_T100_FE000,JAERI_68MEV_PEAK_4.00E9_N_SR_UC,0.0,4.0,4000000000.0,N002_JAERI_TIARA_68MEV__TRANS__JAERI_68MEV_BC501A_T100_FE000,N002_JAERI_TIARA_68MEV__TRANS__JAERI_68MEV_BC501A_T100_FE000,33.35577468624488,7.466159318301946,2.9070000000000005,7.466159318301946,3.9,1.3008752127635503,8.1170475103605,-0.8442253137551248,-0.02468495069459429,-2.4684950694594288,-0.02499473268601103,-0.1040064521832065,source_normalization_systematic_sigma is shared/correlated across bins in this proton-energy source; do not treat these per-bin normalized residuals as independent chi-square contributions.
BC501A,68,100,0,39,40,33.0,9.5,JAERI_68MEV_BC501A_T100_FE000,JAERI_68MEV_PEAK_4.00E9_N_SR_UC,0.0,4.0,4000000000.0,N002_JAERI_TIARA_68MEV__TRANS__JAERI_68MEV_BC501A_T100_FE000,N002_JAERI_TIARA_68MEV__TRANS__JAERI_68MEV_BC501A_T100_FE000,26.84096441736283,6.634677574696449,3.135,6.634677574696449,3.9,1.0467976122771503,7.412351635024414,-6.15903558263717,-0.18663744189809606,-18.663744189809606,-0.2065783179160365,-0.8309151920876031,source_normalization_systematic_sigma is shared/correlated across bins in this proton-energy source; do not treat these per-bin normalized residuals as independent chi-square contributions.
BC501A,68,100,0,38,39,32.0,10.2,JAERI_68MEV_BC501A_T100_FE000,JAERI_68MEV_PEAK_4.00E9_N_SR_UC,0.0,4.0,4000000000.0,N002_JAERI_TIARA_68MEV__TRANS__JAERI_68MEV_BC501A_T100_FE000,N002_JAERI_TIARA_68MEV__TRANS__JAERI_68MEV_BC501A_T100_FE000,47.2596398791369,8.528064152750122,3.264,8.528064152750122,3.9,1.8431259552863388,9.31550790244267,15.259639879136898,0.4768637462230281,47.68637462230281,0.3899207489371316,1.6380899505367372,source_normalization_systematic_sigma is shared/correlated across bins in this proton-energy source; do not treat these per-bin normalized residuals as independent chi-square contributions.
BC501A,68,100,0,37,38,31.0,10.7,JAERI_68MEV_BC501A_T100_FE000,JAERI_68MEV_PEAK_4.00E9_N_SR_UC,0.0,4.0,4000000000.0,N002_JAERI_TIARA_68MEV__TRANS__JAERI_68MEV_BC501A_T100_FE000,N002_JAERI_TIARA_68MEV__TRANS__JAERI_68MEV_BC501A_T100_FE000,43.02025672734035,8.185233765114509,3.3169999999999997,8.185233765114509,3.9,1.677790012366274,8.98974527532158,12.020256727340353,0.3877502170109791,38.77502170109791,0.3276838869642549,1.3371075997378987,source_normalization_systematic_sigma is shared/correlated across bins in this proton-energy source; do not treat these per-bin normalized residuals as independent chi-square contributions.
BC501A,68,100,0,36,37,29.8,11.0,JAERI_68MEV_BC501A_T100_FE000,JAERI_68MEV_PEAK_4.00E9_N_SR_UC,0.0,4.0,4000000000.0,N002_JAERI_TIARA_68MEV__TRANS__JAERI_68MEV_BC501A_T100_FE000,N002_JAERI_TIARA_68MEV__TRANS__JAERI_68MEV_BC501A_T100_FE000,26.02316404083817,6.142182713550414,3.278,6.142182713550414,3.9,1.0149033975926887,7.035745972751057,-3.7768359591618292,-0.1267394617168399,-12.673946171683989,-0.13552132748005322,-0.5368067542218332,source_normalization_systematic_sigma is shared/correlated across bins in this proton-energy source; do not treat these per-bin normalized residuals as independent chi-square contributions.
BC501A,68,100,0,35,36,28.2,11.3,JAERI_68MEV_BC501A_T100_FE000,JAERI_68MEV_PEAK_4.00E9_N_SR_UC,0.0,4.0,4000000000.0,N002_JAERI_TIARA_68MEV__TRANS__JAERI_68MEV_BC501A_T100_FE000,N002_JAERI_TIARA_68MEV__TRANS__JAERI_68MEV_BC501A_T100_FE000,37.80213941233314,7.50112521926263,3.1866000000000003,7.50112521926263,3.9,1.4742834370809925,8.28219842601644,9.602139412333141,0.340501397600466,34.0501397600466,0.29304372128972733,1.1593708479828786,source_normalization_systematic_sigma is shared/correlated across bins in this proton-energy source; do not treat these per-bin normalized residuals as independent chi-square contributions.
BC501A,68,100,0,34,35,26.2,11.6,JAERI_68MEV_BC501A_T100_FE000,JAERI_68MEV_PEAK_4.00E9_N_SR_UC,0.0,4.0,4000000000.0,N002_JAERI_TIARA_68MEV__TRANS__JAERI_68MEV_BC501A_T100_FE000,N002_JAERI_TIARA_68MEV__TRANS__JAERI_68MEV_BC501A_T100_FE000,26.82706915176232,5.9629100353212525,3.0391999999999997,5.9629100353212525,3.9,1.0462556969187304,6.774044856115864,0.6270691517623206,0.02393393709016491,2.393393709016491,0.02365200997577654,0.09256938285493914,source_normalization_systematic_sigma is shared/correlated across bins in this proton-energy source; do not treat these per-bin normalized residuals as independent chi-square contributions.
BC501A,68,100,0,33,34,23.9,12.2,JAERI_68MEV_BC501A_T100_FE000,JAERI_68MEV_PEAK_4.00E9_N_SR_UC,0.0,4.0,4000000000.0,N002_JAERI_TIARA_68MEV__TRANS__JAERI_68MEV_BC501A_T100_FE000,N002_JAERI_TIARA_68MEV__TRANS__JAERI_68MEV_BC501A_T100_FE000,28.133759563777808,6.097842327430599,2.9158,6.097842327430599,3.9,1.0972166229873346,6.847587531968026,4.233759563777809,0.17714475162250248,17.71447516225025,0.16309180425282013,0.6182848403196693,source_normalization_systematic_sigma is shared/correlated across bins in this proton-energy source; do not treat these per-bin normalized residuals as independent chi-square contributions.
BC501A,68,100,0,32,33,21.8,12.8,JAERI_68MEV_BC501A_T100_FE000,JAERI_68MEV_PEAK_4.00E9_N_SR_UC,0.0,4.0,4000000000.0,N002_JAERI_TIARA_68MEV__TRANS__JAERI_68MEV_BC501A_T100_FE000,N002_JAERI_TIARA_68MEV__TRANS__JAERI_68MEV_BC501A_T100_FE000,31.37883663696611,6.410132156412387,2.7904,6.410132156412387,3.9,1.2237746288416782,7.097446777882079,9.578836636966109,0.43939617600761965,43.93961760076196,0.3642237034308333,1.3496172548721093,source_normalization_systematic_sigma is shared/correlated across bins in this proton-energy source; do not treat these per-bin normalized residuals as independent chi-square contributions.
BC501A,68,100,0,31,32,20.2,13.0,JAERI_68MEV_BC501A_T100_FE000,JAERI_68MEV_PEAK_4.00E9_N_SR_UC,0.0,4.0,4000000000.0,N002_JAERI_TIARA_68MEV__TRANS__JAERI_68MEV_BC501A_T100_FE000,N002_JAERI_TIARA_68MEV__TRANS__JAERI_68MEV_BC501A_T100_FE000,24.45566200418944,5.406690619332973,2.6259999999999994,5.406690619332973,3.9,0.953770818163388,6.085873661748428,4.255662004189439,0.21067633684106135,21.067633684106134,0.19117915951788766,0.6992688709490591,source_normalization_systematic_sigma is shared/correlated across bins in this proton-energy source; do not treat these per-bin normalized residuals as independent chi-square contributions.
BC501A,68,100,0,30,31,19.3,13.0,JAERI_68MEV_BC501A_T100_FE000,JAERI_68MEV_PEAK_4.00E9_N_SR_UC,0.0,4.0,4000000000.0,N002_JAERI_TIARA_68MEV__TRANS__JAERI_68MEV_BC501A_T100_FE000,N002_JAERI_TIARA_68MEV__TRANS__JAERI_68MEV_BC501A_T100_FE000,19.40833820907527,4.4787757461317685,2.509,4.4787757461317685,3.9,0.7569251901539356,5.189166496425775,0.1083382090752707,0.0056133787085632485,0.5613378708563248,0.005597682410415645,0.020877767007455344,source_normalization_systematic_sigma is shared/correlated across bins in this proton-energy source; do not treat these per-bin normalized residuals as independent chi-square contributions.
BC501A,68,100,0,29,30,19.1,12.6,JAERI_68MEV_BC501A_T100_FE000,JAERI_68MEV_PEAK_4.00E9_N_SR_UC,0.0,4.0,4000000000.0,N002_JAERI_TIARA_68MEV__TRANS__JAERI_68MEV_BC501A_T100_FE000,N002_JAERI_TIARA_68MEV__TRANS__JAERI_68MEV_BC501A_T100_FE000,15.382086926289524,4.350486718067208,2.4066,4.350486718067208,3.9,0.5999013901252914,5.007827864648848,-3.717913073710477,-0.19465513474923962,-19.465513474923963,-0.21648468926417216,-0.742420301615375,source_normalization_systematic_sigma is shared/correlated across bins in this proton-energy source; do not treat these per-bin normalized residuals as independent chi-square contributions.
BC501A,68,100,0,28,29,19.3,12.5,JAERI_68MEV_BC501A_T100_FE000,JAERI_68MEV_PEAK_4.00E9_N_SR_UC,0.0,4.0,4000000000.0,N002_JAERI_TIARA_68MEV__TRANS__JAERI_68MEV_BC501A_T100_FE000,N002_JAERI_TIARA_68MEV__TRANS__JAERI_68MEV_BC501A_T100_FE000,22.531367093962785,5.178221779681548,2.4125,5.178221779681548,3.9,0.8787233166645485,5.779817619684749,3.2313670939627848,0.16742834683744998,16.742834683745,0.1548033355190049,0.5590776918215344,source_normalization_systematic_sigma is shared/correlated across bins in this proton-energy source; do not treat these per-bin normalized residuals as independent chi-square contributions.
BC501A,68,100,0,27,28,19.3,12.9,JAERI_68MEV_BC501A_T100_FE000,JAERI_68MEV_PEAK_4.00E9_N_SR_UC,0.0,4.0,4000000000.0,N002_JAERI_TIARA_68MEV__TRANS__JAERI_68MEV_BC501A_T100_FE000,N002_JAERI_TIARA_68MEV__TRANS__JAERI_68MEV_BC501A_T100_FE000,18.02838453576077,4.38295473787386,2.4897000000000005,4.38295473787386,3.9,0.7031069968946702,5.089524316999887,-1.271615464239229,-0.0658868116186129,-6.58868116186129,-0.06815766139196922,-0.24984957041895145,source_normalization_systematic_sigma is shared/correlated across bins in this proton-energy source; do not treat these per-bin normalized residuals as independent chi-square contributions.
BC501A,68,100,0,26,27,19.0,13.9,JAERI_68MEV_BC501A_T100_FE000,JAERI_68MEV_PEAK_4.00E9_N_SR_UC,0.0,4.0,4000000000.0,N002_JAERI_TIARA_68MEV__TRANS__JAERI_68MEV_BC501A_T100_FE000,N002_JAERI_TIARA_68MEV__TRANS__JAERI_68MEV_BC501A_T100_FE000,27.180342188608805,5.29597422884534,2.641,5.29597422884534,3.9,1.0600333453557433,6.012145600853334,8.180342188608805,0.4305443257162529,43.05443257162529,0.3580550191980139,1.3606360743239032,source_normalization_systematic_sigma is shared/correlated across bins in this proton-energy source; do not treat these per-bin normalized residuals as independent chi-square contributions.
BC501A,68,100,0,25,26,18.0,15.2,JAERI_68MEV_BC501A_T100_FE000,JAERI_68MEV_PEAK_4.00E9_N_SR_UC,0.0,4.0,4000000000.0,N002_JAERI_TIARA_68MEV__TRANS__JAERI_68MEV_BC501A_T100_FE000,N002_JAERI_TIARA_68MEV__TRANS__JAERI_68MEV_BC501A_T100_FE000,12.783977884448245,3.2588620390827927,2.7359999999999998,3.2588620390827927,3.9,0.4985751374934815,4.2842099572151575,-5.216022115551755,-0.28977900641954196,-28.977900641954196,-0.34217909881364805,-1.2174991813291753,source_normalization_systematic_sigma is shared/correlated across bins in this proton-energy source; do not treat these per-bin normalized residuals as independent chi-square contributions.
BC501A,68,100,0,24,25,16.6,16.5,JAERI_68MEV_BC501A_T100_FE000,JAERI_68MEV_PEAK_4.00E9_N_SR_UC,0.0,4.0,4000000000.0,N002_JAERI_TIARA_68MEV__TRANS__JAERI_68MEV_BC501A_T100_FE000,N002_JAERI_TIARA_68MEV__TRANS__JAERI_68MEV_BC501A_T100_FE000,10.198576823028336,2.896625190165916,2.7390000000000003,2.896625190165916,3.9,0.3977444960981051,4.0063398728116,-6.401423176971665,-0.3856279022272087,-38.56279022272087,-0.4871545119611757,-1.597823295126288,source_normalization_systematic_sigma is shared/correlated across bins in this proton-energy source; do not treat these per-bin normalized residuals as independent chi-square contributions.
BC501A,68,100,0,23,24,14.9,16.7,JAERI_68MEV_BC501A_T100_FE000,JAERI_68MEV_PEAK_4.00E9_N_SR_UC,0.0,4.0,4000000000.0,N002_JAERI_TIARA_68MEV__TRANS__JAERI_68MEV_BC501A_T100_FE000,N002_JAERI_TIARA_68MEV__TRANS__JAERI_68MEV_BC501A_T100_FE000,15.440636611122894,3.872102269884441,2.4882999999999997,3.872102269884441,3.9,0.6021848278337929,4.641921955970118,0.5406366111228937,0.03628433631697273,3.6284336316972734,0.03564156208557319,0.11646826815508271,source_normalization_systematic_sigma is shared/correlated across bins in this proton-energy source; do not treat these per-bin normalized residuals as independent chi-square contributions.
BC501A,68,100,0,22,23,13.2,15.1,JAERI_68MEV_BC501A_T100_FE000,JAERI_68MEV_PEAK_4.00E9_N_SR_UC,0.0,4.0,4000000000.0,N002_JAERI_TIARA_68MEV__TRANS__JAERI_68MEV_BC501A_T100_FE000,N002_JAERI_TIARA_68MEV__TRANS__JAERI_68MEV_BC501A_T100_FE000,12.01079441192058,2.837857295085118,1.9931999999999999,2.837857295085118,3.9,0.4684209820649026,3.4993854437181495,-1.1892055880794192,-0.09009133243025903,-9.009133243025904,-0.09441104981615282,-0.33983269554206935,source_normalization_systematic_sigma is shared/correlated across bins in this proton-energy source; do not treat these per-bin normalized residuals as independent chi-square contributions.
BC501A,68,100,0,21,22,11.6,11.9,JAERI_68MEV_BC501A_T100_FE000,JAERI_68MEV_PEAK_4.00E9_N_SR_UC,0.0,4.0,4000000000.0,N002_JAERI_TIARA_68MEV__TRANS__JAERI_68MEV_BC501A_T100_FE000,N002_JAERI_TIARA_68MEV__TRANS__JAERI_68MEV_BC501A_T100_FE000,12.931349183487374,3.0916722270901937,1.3803999999999998,3.0916722270901937,3.9,0.5043226181560075,3.4231977189383276,1.331349183487374,0.11477148133511846,11.477148133511845,0.10864943443183821,0.3889197448695074,source_normalization_systematic_sigma is shared/correlated across bins in this proton-energy source; do not treat these per-bin normalized residuals as independent chi-square contributions.
BC501A,68,100,0,20,21,9.98,8.3,JAERI_68MEV_BC501A_T100_FE000,JAERI_68MEV_PEAK_4.00E9_N_SR_UC,0.0,4.0,4000000000.0,N002_JAERI_TIARA_68MEV__TRANS__JAERI_68MEV_BC501A_T100_FE000,N002_JAERI_TIARA_68MEV__TRANS__JAERI_68MEV_BC501A_T100_FE000,9.421424858663256,2.766505889901243,0.8283400000000002,2.766505889901243,3.9,0.367435569487867,2.911135670521582,-0.5585751413367444,-0.05596945303975394,-5.596945303975394,-0.057596754292122486,-0.19187533820320563,source_normalization_systematic_sigma is shared/correlated across bins in this proton-energy source; do not treat these per-bin normalized residuals as independent chi-square contributions.
BC501A,68,100,0,19,20,8.44,14.8,JAERI_68MEV_BC501A_T100_FE000,JAERI_68MEV_PEAK_4.00E9_N_SR_UC,0.0,4.0,4000000000.0,N002_JAERI_TIARA_68MEV__TRANS__JAERI_68MEV_BC501A_T100_FE000,N002_JAERI_TIARA_68MEV__TRANS__JAERI_68MEV_BC501A_T100_FE000,12.509395020809508,3.0260371436834865,1.24912,3.0260371436834865,3.9,0.4878664058115708,3.3098663416022727,4.069395020809509,0.4821558081527854,48.21558081527854,0.39349765505406736,1.2294741239731015,source_normalization_systematic_sigma is shared/correlated across bins in this proton-energy source; do not treat these per-bin normalized residuals as independent chi-square contributions.
BC501A,68,100,0,18,19,7.07,22.8,JAERI_68MEV_BC501A_T100_FE000,JAERI_68MEV_PEAK_4.00E9_N_SR_UC,0.0,4.0,4000000000.0,N002_JAERI_TIARA_68MEV__TRANS__JAERI_68MEV_BC501A_T100_FE000,N002_JAERI_TIARA_68MEV__TRANS__JAERI_68MEV_BC501A_T100_FE000,16.595052148936446,3.559183441606959,1.61196,3.559183441606959,3.9,0.6472070338085214,3.9604392126657344,9.525052148936446,1.347249243131039,134.7249243131039,0.8532441077072352,2.4050494496859662,source_normalization_systematic_sigma is shared/correlated across bins in this proton-energy source; do not treat these per-bin normalized residuals as independent chi-square contributions.
BC501A,68,100,0,17,18,6.04,26.7,JAERI_68MEV_BC501A_T100_FE000,JAERI_68MEV_PEAK_4.00E9_N_SR_UC,0.0,4.0,4000000000.0,N002_JAERI_TIARA_68MEV__TRANS__JAERI_68MEV_BC501A_T100_FE000,N002_JAERI_TIARA_68MEV__TRANS__JAERI_68MEV_BC501A_T100_FE000,18.008334199336975,3.347647457492792,1.6126800000000001,3.347647457492792,3.9,0.702325033774142,3.781632020057452,11.968334199336976,1.9815122846584396,198.15122846584396,1.0924306498671652,3.164859546317029,source_normalization_systematic_sigma is shared/correlated across bins in this proton-energy source; do not treat these per-bin normalized residuals as independent chi-square contributions.
BC501A,68,100,0,16,17,5.5,23.5,JAERI_68MEV_BC501A_T100_FE000,JAERI_68MEV_PEAK_4.00E9_N_SR_UC,0.0,4.0,4000000000.0,N002_JAERI_TIARA_68MEV__TRANS__JAERI_68MEV_BC501A_T100_FE000,N002_JAERI_TIARA_68MEV__TRANS__JAERI_68MEV_BC501A_T100_FE000,11.672191372302123,2.6807283157350894,1.2925,2.6807283157350894,3.9,0.4552154635197828,3.0106613344930415,6.172191372302123,1.1222166131458406,112.22166131458407,0.7524611146925875,2.0501114826790854,source_normalization_systematic_sigma is shared/correlated across bins in this proton-energy source; do not treat these per-bin normalized residuals as independent chi-square contributions.
BC501A,68,100,0,15,16,5.42,16.2,JAERI_68MEV_BC501A_T100_FE000,JAERI_68MEV_PEAK_4.00E9_N_SR_UC,0.0,4.0,4000000000.0,N002_JAERI_TIARA_68MEV__TRANS__JAERI_68MEV_BC501A_T100_FE000,N002_JAERI_TIARA_68MEV__TRANS__JAERI_68MEV_BC501A_T100_FE000,13.783647783328034,2.786991363704335,0.87804,2.786991363704335,3.9,0.5375622635497933,2.9710685434966537,8.363647783328034,1.5431084471084933,154.31084471084932,0.9333871308741851,2.8150302360526656,source_normalization_systematic_sigma is shared/correlated across bins in this proton-energy source; do not treat these per-bin normalized residuals as independent chi-square contributions.
BC501A,68,100,0,14,15,5.63,10.6,JAERI_68MEV_BC501A_T100_FE000,JAERI_68MEV_PEAK_4.00E9_N_SR_UC,0.0,4.0,4000000000.0,N002_JAERI_TIARA_68MEV__TRANS__JAERI_68MEV_BC501A_T100_FE000,N002_JAERI_TIARA_68MEV__TRANS__JAERI_68MEV_BC501A_T100_FE000,12.570455657206471,2.570567178519318,0.59678,2.570567178519318,3.9,0.4902477706310524,2.6840836172313045,6.9404556572064715,1.232762994175217,123.2762994175217,0.803239829372433,2.585782206131758,source_normalization_systematic_sigma is shared/correlated across bins in this proton-energy source; do not treat these per-bin normalized residuals as independent chi-square contributions.
BC501A,68,100,0,13,14,5.87,9.9,JAERI_68MEV_BC501A_T100_FE000,JAERI_68MEV_PEAK_4.00E9_N_SR_UC,0.0,4.0,4000000000.0,N002_JAERI_TIARA_68MEV__TRANS__JAERI_68MEV_BC501A_T100_FE000,N002_JAERI_TIARA_68MEV__TRANS__JAERI_68MEV_BC501A_T100_FE000,12.210968785134522,2.41674441432747,0.58113,2.41674441432747,3.9,0.47622778262024634,2.5308414691604892,6.340968785134522,1.0802331831574994,108.02331831574993,0.7324799947169337,2.505478459398683,source_normalization_systematic_sigma is shared/correlated across bins in this proton-energy source; do not treat these per-bin normalized residuals as independent chi-square contributions.
BC501A,68,100,0,12,13,6.05,12.6,JAERI_68MEV_BC501A_T100_FE000,JAERI_68MEV_PEAK_4.00E9_N_SR_UC,0.0,4.0,4000000000.0,N002_JAERI_TIARA_68MEV__TRANS__JAERI_68MEV_BC501A_T100_FE000,N002_JAERI_TIARA_68MEV__TRANS__JAERI_68MEV_BC501A_T100_FE000,9.672929899138632,1.9230473949862377,0.7622999999999999,1.9230473949862377,3.9,0.3772442660664066,2.1027424496697966,3.622929899138632,0.5988313882873773,59.88313882873773,0.469272980066232,1.7229546584307354,source_normalization_systematic_sigma is shared/correlated across bins in this proton-energy source; do not treat these per-bin normalized residuals as independent chi-square contributions.
BC501A,68,100,0,11,12,6.2,15.0,JAERI_68MEV_BC501A_T100_FE000,JAERI_68MEV_PEAK_4.00E9_N_SR_UC,0.0,4.0,4000000000.0,N002_JAERI_TIARA_68MEV__TRANS__JAERI_68MEV_BC501A_T100_FE000,N002_JAERI_TIARA_68MEV__TRANS__JAERI_68MEV_BC501A_T100_FE000,7.706638948963411,1.8057629484625404,0.93,1.8057629484625404,3.9,0.30055891900957304,2.0532938147854853,1.5066389489634107,0.2430062820908727,24.300628209087268,0.2175328664907607,0.7337668569954828,source_normalization_systematic_sigma is shared/correlated across bins in this proton-energy source; do not treat these per-bin normalized residuals as independent chi-square contributions.
BC501A,68,100,0,10,11,6.4,14.9,JAERI_68MEV_BC501A_T100_FE000,JAERI_68MEV_PEAK_4.00E9_N_SR_UC,0.0,4.0,4000000000.0,N002_JAERI_TIARA_68MEV__TRANS__JAERI_68MEV_BC501A_T100_FE000,N002_JAERI_TIARA_68MEV__TRANS__JAERI_68MEV_BC501A_T100_FE000,4.744119363124377,1.1881954036545506,0.9536000000000001,1.1881954036545506,3.9,0.1850206551618507,1.5347292660604088,-1.6558806368756231,-0.2587313495118161,-25.87313495118161,-0.2993921681257746,-1.0789398974101831,source_normalization_systematic_sigma is shared/correlated across bins in this proton-energy source; do not treat these per-bin normalized residuals as independent chi-square contributions.
BC501A,68,100,0,9,10,6.73,11.6,JAERI_68MEV_BC501A_T100_FE000,JAERI_68MEV_PEAK_4.00E9_N_SR_UC,0.0,4.0,4000000000.0,N002_JAERI_TIARA_68MEV__TRANS__JAERI_68MEV_BC501A_T100_FE000,N002_JAERI_TIARA_68MEV__TRANS__JAERI_68MEV_BC501A_T100_FE000,8.279198429336628,1.5233134938377495,0.7806799999999999,1.5233134938377495,3.9,0.3228887387441285,1.7418962083074714,1.5491984293366272,0.23019293155076184,23.019293155076184,0.20717101200319807,0.8893747066835397,source_normalization_systematic_sigma is shared/correlated across bins in this proton-energy source; do not treat these per-bin normalized residuals as independent chi-square contributions.
BC501A,68,100,0,8,9,7.12,5.5,JAERI_68MEV_BC501A_T100_FE000,JAERI_68MEV_PEAK_4.00E9_N_SR_UC,0.0,4.0,4000000000.0,N002_JAERI_TIARA_68MEV__TRANS__JAERI_68MEV_BC501A_T100_FE000,N002_JAERI_TIARA_68MEV__TRANS__JAERI_68MEV_BC501A_T100_FE000,9.19955766899203,1.6220543569827528,0.39160000000000006,1.6220543569827528,3.9,0.35878274909068913,1.706791129005481,2.07955766899203,0.29207270631910537,29.207270631910536,0.256247678017868,1.2184019670899942,source_normalization_systematic_sigma is shared/correlated across bins in this proton-energy source; do not treat these per-bin normalized residuals as independent chi-square contributions.
BC501A,68,100,0,7,8,7.19,16.8,JAERI_68MEV_BC501A_T100_FE000,JAERI_68MEV_PEAK_4.00E9_N_SR_UC,0.0,4.0,4000000000.0,N002_JAERI_TIARA_68MEV__TRANS__JAERI_68MEV_BC501A_T100_FE000,N002_JAERI_TIARA_68MEV__TRANS__JAERI_68MEV_BC501A_T100_FE000,9.01845224772754,1.485779927808364,1.20792,1.485779927808364,3.9,0.35171963766137404,1.9468742701558508,1.8284522477275393,0.2543049023265006,25.43049023265006,0.22658155645710262,0.9391732562068162,source_normalization_systematic_sigma is shared/correlated across bins in this proton-energy source; do not treat these per-bin normalized residuals as independent chi-square contributions.
BC501A,68,100,0,6,7,6.38,38.1,JAERI_68MEV_BC501A_T100_FE000,JAERI_68MEV_PEAK_4.00E9_N_SR_UC,0.0,4.0,4000000000.0,N002_JAERI_TIARA_68MEV__TRANS__JAERI_68MEV_BC501A_T100_FE000,N002_JAERI_TIARA_68MEV__TRANS__JAERI_68MEV_BC501A_T100_FE000,11.104137036414055,1.5239686209654428,2.43078,1.5239686209654428,3.9,0.43306134442014815,2.901502006568029,4.724137036414056,0.7404603505351185,74.04603505351184,0.5541496475072158,1.628169487982497,source_normalization_systematic_sigma is shared/correlated across bins in this proton-energy source; do not treat these per-bin normalized residuals as independent chi-square contributions.
BC501A,68,150,0,58,60,12.1,5.3,JAERI_68MEV_BC501A_T150_FE000,JAERI_68MEV_PEAK_4.00E9_N_SR_UC,0.0,4.0,4000000000.0,N002_JAERI_TIARA_68MEV__TRANS__JAERI_68MEV_BC501A_T150_FE000,N002_JAERI_TIARA_68MEV__TRANS__JAERI_68MEV_BC501A_T150_FE000,5.02876939546624,0.8182458190251887,0.6413,0.8182458190251887,3.9,0.19612200642318334,1.0579488417478686,-7.07123060453376,-0.5843992235151868,-58.43992235151868,-0.8780301514122913,-6.6839059938391445,source_normalization_systematic_sigma is shared/correlated across bins in this proton-energy source; do not treat these per-bin normalized residuals as independent chi-square contributions.
BC501A,68,150,0,68,70,4.22,6.8,JAERI_68MEV_BC501A_T150_FE000,JAERI_68MEV_PEAK_4.00E9_N_SR_UC,0.0,4.0,4000000000.0,N002_JAERI_TIARA_68MEV__TRANS__JAERI_68MEV_BC501A_T150_FE000,N002_JAERI_TIARA_68MEV__TRANS__JAERI_68MEV_BC501A_T150_FE000,0.2507724990545885,0.1914351525695814,0.28696,0.1914351525695814,3.9,0.00978012746312895,0.34509290072751997,-3.9692275009454114,-0.9405752371908559,-94.0575237190856,-2.823044257176,-11.501910043868019,source_normalization_systematic_sigma is shared/correlated across bins in this proton-energy source; do not treat these per-bin normalized residuals as independent chi-square contributions.
BC501A,68,150,0,66,68,9.86,5.8,JAERI_68MEV_BC501A_T150_FE000,JAERI_68MEV_PEAK_4.00E9_N_SR_UC,0.0,4.0,4000000000.0,N002_JAERI_TIARA_68MEV__TRANS__JAERI_68MEV_BC501A_T150_FE000,N002_JAERI_TIARA_68MEV__TRANS__JAERI_68MEV_BC501A_T150_FE000,4.705533189793281,0.8333254187873689,0.5718799999999999,0.8333254187873689,3.9,0.18351579440193796,1.0272078829487816,-5.154466810206719,-0.5227653965726896,-52.27653965726896,-0.7397470779185524,-5.017939304953455,source_normalization_systematic_sigma is shared/correlated across bins in this proton-energy source; do not treat these per-bin normalized residuals as independent chi-square contributions.
BC501A,68,150,0,64,66,16.8,4.7,JAERI_68MEV_BC501A_T150_FE000,JAERI_68MEV_PEAK_4.00E9_N_SR_UC,0.0,4.0,4000000000.0,N002_JAERI_TIARA_68MEV__TRANS__JAERI_68MEV_BC501A_T150_FE000,N002_JAERI_TIARA_68MEV__TRANS__JAERI_68MEV_BC501A_T150_FE000,31.98486663961353,2.180038897046054,0.7896000000000001,2.180038897046054,3.9,1.2474097989449275,2.6328822531852047,15.184866639613528,0.9038611095008052,90.38611095008052,0.6438839870176807,5.767392985859204,source_normalization_systematic_sigma is shared/correlated across bins in this proton-energy source; do not treat these per-bin normalized residuals as independent chi-square contributions.
BC501A,68,150,0,62,64,20.7,4.6,JAERI_68MEV_BC501A_T150_FE000,JAERI_68MEV_PEAK_4.00E9_N_SR_UC,0.0,4.0,4000000000.0,N002_JAERI_TIARA_68MEV__TRANS__JAERI_68MEV_BC501A_T150_FE000,N002_JAERI_TIARA_68MEV__TRANS__JAERI_68MEV_BC501A_T150_FE000,24.865714941995453,1.8734096189300813,0.9521999999999998,1.8734096189300813,3.9,0.9697628827378226,2.314473695904908,4.165714941995454,0.20124226772924897,20.124226772924896,0.18335624442774548,1.7998540875042226,source_normalization_systematic_sigma is shared/correlated across bins in this proton-energy source; do not treat these per-bin normalized residuals as independent chi-square contributions.
BC501A,68,150,0,60,62,18.4,5.0,JAERI_68MEV_BC501A_T150_FE000,JAERI_68MEV_PEAK_4.00E9_N_SR_UC,0.0,4.0,4000000000.0,N002_JAERI_TIARA_68MEV__TRANS__JAERI_68MEV_BC501A_T150_FE000,N002_JAERI_TIARA_68MEV__TRANS__JAERI_68MEV_BC501A_T150_FE000,10.792565165708924,1.1799385368340465,0.92,1.1799385368340465,3.9,0.420910041462648,1.5542909038240424,-7.607434834291075,-0.41344754534190625,-41.34475453419063,-0.5334931781306422,-4.894472981585624,source_normalization_systematic_sigma is shared/correlated across bins in this proton-energy source; do not treat these per-bin normalized residuals as independent chi-square contributions.
BC501A,68,150,0,56,58,6.54,5.0,JAERI_68MEV_BC501A_T150_FE000,JAERI_68MEV_PEAK_4.00E9_N_SR_UC,0.0,4.0,4000000000.0,N002_JAERI_TIARA_68MEV__TRANS__JAERI_68MEV_BC501A_T150_FE000,N002_JAERI_TIARA_68MEV__TRANS__JAERI_68MEV_BC501A_T150_FE000,5.139314543761454,0.7984721363813915,0.327,0.7984721363813915,3.9,0.2004332672066967,0.8858105029748826,-1.4006854562385458,-0.21417208810986937,-21.41720881098694,-0.24101745213975492,-1.5812472888213909,source_normalization_systematic_sigma is shared/correlated across bins in this proton-energy source; do not treat these per-bin normalized residuals as independent chi-square contributions.
BC501A,68,150,0,54,56,4.04,6.5,JAERI_68MEV_BC501A_T150_FE000,JAERI_68MEV_PEAK_4.00E9_N_SR_UC,0.0,4.0,4000000000.0,N002_JAERI_TIARA_68MEV__TRANS__JAERI_68MEV_BC501A_T150_FE000,N002_JAERI_TIARA_68MEV__TRANS__JAERI_68MEV_BC501A_T150_FE000,3.7716043296922463,0.6434134347646329,0.2626,0.6434134347646329,3.9,0.1470925688579976,0.7103350138131073,-0.2683956703077537,-0.06643457185835487,-6.643457185835487,-0.06874422939205377,-0.37784378509936434,source_normalization_systematic_sigma is shared/correlated across bins in this proton-energy source; do not treat these per-bin normalized residuals as independent chi-square contributions.
BC501A,68,150,0,52,54,3.65,6.9,JAERI_68MEV_BC501A_T150_FE000,JAERI_68MEV_PEAK_4.00E9_N_SR_UC,0.0,4.0,4000000000.0,N002_JAERI_TIARA_68MEV__TRANS__JAERI_68MEV_BC501A_T150_FE000,N002_JAERI_TIARA_68MEV__TRANS__JAERI_68MEV_BC501A_T150_FE000,3.2769130127821366,0.6039939264562453,0.25185,0.6039939264562453,3.9,0.12779960749850333,0.6667606957318374,-0.37308698721786326,-0.1022156129364009,-10.22156129364009,-0.10782534300204719,-0.5595515596616902,source_normalization_systematic_sigma is shared/correlated across bins in this proton-energy source; do not treat these per-bin normalized residuals as independent chi-square contributions.
BC501A,68,150,0,50,52,3.85,6.3,JAERI_68MEV_BC501A_T150_FE000,JAERI_68MEV_PEAK_4.00E9_N_SR_UC,0.0,4.0,4000000000.0,N002_JAERI_TIARA_68MEV__TRANS__JAERI_68MEV_BC501A_T150_FE000,N002_JAERI_TIARA_68MEV__TRANS__JAERI_68MEV_BC501A_T150_FE000,2.9901002202793654,0.5470288250860732,0.24255,0.5470288250860732,3.9,0.11661390859089525,0.6096473092304233,-0.8598997797206347,-0.2233505921352298,-22.335059213522978,-0.25276624297074773,-1.4104872878158239,source_normalization_systematic_sigma is shared/correlated across bins in this proton-energy source; do not treat these per-bin normalized residuals as independent chi-square contributions.
BC501A,68,150,0,48,50,3.88,6.3,JAERI_68MEV_BC501A_T150_FE000,JAERI_68MEV_PEAK_4.00E9_N_SR_UC,0.0,4.0,4000000000.0,N002_JAERI_TIARA_68MEV__TRANS__JAERI_68MEV_BC501A_T150_FE000,N002_JAERI_TIARA_68MEV__TRANS__JAERI_68MEV_BC501A_T150_FE000,2.959562071242867,0.5341971542317541,0.24444,0.5341971542317541,3.9,0.11542292077847181,0.5986985584000832,-0.9204379287571327,-0.2372262702982301,-23.72262702982301,-0.27079384514916854,-1.5373979373139655,source_normalization_systematic_sigma is shared/correlated across bins in this proton-energy source; do not treat these per-bin normalized residuals as independent chi-square contributions.
BC501A,68,150,0,46,48,3.55,6.9,JAERI_68MEV_BC501A_T150_FE000,JAERI_68MEV_PEAK_4.00E9_N_SR_UC,0.0,4.0,4000000000.0,N002_JAERI_TIARA_68MEV__TRANS__JAERI_68MEV_BC501A_T150_FE000,N002_JAERI_TIARA_68MEV__TRANS__JAERI_68MEV_BC501A_T150_FE000,2.5974307289850835,0.4851968584213535,0.24495,0.4851968584213535,3.9,0.10129979843041825,0.5528816718647801,-0.9525692710149163,-0.26832937211687785,-26.832937211687785,-0.3124248281923655,-1.7229170715716706,source_normalization_systematic_sigma is shared/correlated across bins in this proton-energy source; do not treat these per-bin normalized residuals as independent chi-square contributions.
BC501A,68,150,0,44,46,2.96,7.5,JAERI_68MEV_BC501A_T150_FE000,JAERI_68MEV_PEAK_4.00E9_N_SR_UC,0.0,4.0,4000000000.0,N002_JAERI_TIARA_68MEV__TRANS__JAERI_68MEV_BC501A_T150_FE000,N002_JAERI_TIARA_68MEV__TRANS__JAERI_68MEV_BC501A_T150_FE000,2.5174966017756053,0.4835910675924629,0.222,0.4835910675924629,3.9,0.0981823674692486,0.541095276210285,-0.44250339822439466,-0.1494943912920252,-14.94943912920252,-0.1619242725671715,-0.8177920186692321,source_normalization_systematic_sigma is shared/correlated across bins in this proton-energy source; do not treat these per-bin normalized residuals as independent chi-square contributions.
BC501A,68,150,0,43,44,2.51,8.2,JAERI_68MEV_BC501A_T150_FE000,JAERI_68MEV_PEAK_4.00E9_N_SR_UC,0.0,4.0,4000000000.0,N002_JAERI_TIARA_68MEV__TRANS__JAERI_68MEV_BC501A_T150_FE000,N002_JAERI_TIARA_68MEV__TRANS__JAERI_68MEV_BC501A_T150_FE000,2.8004744741364904,0.7236725990468585,0.20581999999999998,0.7236725990468585,3.9,0.10921850449132313,0.7602582355585216,0.29047447413649063,0.11572688212609189,11.572688212609188,0.10950610473032742,0.3820734331448503,source_normalization_systematic_sigma is shared/correlated across bins in this proton-energy source; do not treat these per-bin normalized residuals as independent chi-square contributions.
BC501A,68,150,0,42,43,2.29,8.7,JAERI_68MEV_BC501A_T150_FE000,JAERI_68MEV_PEAK_4.00E9_N_SR_UC,0.0,4.0,4000000000.0,N002_JAERI_TIARA_68MEV__TRANS__JAERI_68MEV_BC501A_T150_FE000,N002_JAERI_TIARA_68MEV__TRANS__JAERI_68MEV_BC501A_T150_FE000,1.9061119865968044,0.5341106528771519,0.19923,0.5341106528771519,3.9,0.07433836747727537,0.5748851844464631,-0.38388801340319567,-0.16763668707563129,-16.763668707563127,-0.18348625928741194,-0.6677646663878251,source_normalization_systematic_sigma is shared/correlated across bins in this proton-energy source; do not treat these per-bin normalized residuals as independent chi-square contributions.
BC501A,68,150,0,41,42,2.15,9.3,JAERI_68MEV_BC501A_T150_FE000,JAERI_68MEV_PEAK_4.00E9_N_SR_UC,0.0,4.0,4000000000.0,N002_JAERI_TIARA_68MEV__TRANS__JAERI_68MEV_BC501A_T150_FE000,N002_JAERI_TIARA_68MEV__TRANS__JAERI_68MEV_BC501A_T150_FE000,1.8893439662689413,0.5372550417608558,0.19995000000000002,0.5372550417608558,3.9,0.0736844146844887,0.5779726424017443,-0.2606560337310586,-0.12123536452607378,-12.123536452607379,-0.12923818111808563,-0.45098334178571486,source_normalization_systematic_sigma is shared/correlated across bins in this proton-energy source; do not treat these per-bin normalized residuals as independent chi-square contributions.
BC501A,68,150,0,40,41,2.11,10.2,JAERI_68MEV_BC501A_T150_FE000,JAERI_68MEV_PEAK_4.00E9_N_SR_UC,0.0,4.0,4000000000.0,N002_JAERI_TIARA_68MEV__TRANS__JAERI_68MEV_BC501A_T150_FE000,N002_JAERI_TIARA_68MEV__TRANS__JAERI_68MEV_BC501A_T150_FE000,2.9652204687142807,0.6791319132589124,0.21522,0.6791319132589124,3.9,0.11564359827985694,0.721743199365137,0.8552204687142808,0.4053177576844933,40.53177576844933,0.34026343926794744,1.1849373426262328,source_normalization_systematic_sigma is shared/correlated across bins in this proton-energy source; do not treat these per-bin normalized residuals as independent chi-square contributions.
BC501A,68,150,0,39,40,2.12,11.2,JAERI_68MEV_BC501A_T150_FE000,JAERI_68MEV_PEAK_4.00E9_N_SR_UC,0.0,4.0,4000000000.0,N002_JAERI_TIARA_68MEV__TRANS__JAERI_68MEV_BC501A_T150_FE000,N002_JAERI_TIARA_68MEV__TRANS__JAERI_68MEV_BC501A_T150_FE000,3.7989985330287936,0.7973178012808557,0.23743999999999998,0.7973178012808557,3.9,0.14816094278812295,0.8450118903348068,1.6789985330287935,0.7919804401079215,79.19804401079215,0.583321399374821,1.9869525532517043,source_normalization_systematic_sigma is shared/correlated across bins in this proton-energy source; do not treat these per-bin normalized residuals as independent chi-square contributions.
BC501A,68,150,0,38,39,2.14,11.7,JAERI_68MEV_BC501A_T150_FE000,JAERI_68MEV_PEAK_4.00E9_N_SR_UC,0.0,4.0,4000000000.0,N002_JAERI_TIARA_68MEV__TRANS__JAERI_68MEV_BC501A_T150_FE000,N002_JAERI_TIARA_68MEV__TRANS__JAERI_68MEV_BC501A_T150_FE000,1.9510733724597928,0.5515456098315734,0.25038,0.5515456098315734,3.9,0.07609186152593192,0.6104774160564531,-0.18892662754020728,-0.08828347081318097,-8.828347081318096,-0.09242616048343404,-0.30947357358545846,source_normalization_systematic_sigma is shared/correlated across bins in this proton-energy source; do not treat these per-bin normalized residuals as independent chi-square contributions.
BC501A,68,150,0,37,38,2.15,11.9,JAERI_68MEV_BC501A_T150_FE000,JAERI_68MEV_PEAK_4.00E9_N_SR_UC,0.0,4.0,4000000000.0,N002_JAERI_TIARA_68MEV__TRANS__JAERI_68MEV_BC501A_T150_FE000,N002_JAERI_TIARA_68MEV__TRANS__JAERI_68MEV_BC501A_T150_FE000,2.795238270234263,0.6561709303744707,0.25585,0.6561709303744707,3.9,0.10901429253913625,0.7126735776962037,0.645238270234263,0.30011082336477346,30.011082336477347,0.26244950957615704,0.9053770062867592,source_normalization_systematic_sigma is shared/correlated across bins in this proton-energy source; do not treat these per-bin normalized residuals as independent chi-square contributions.
BC501A,68,150,0,36,37,2.12,11.7,JAERI_68MEV_BC501A_T150_FE000,JAERI_68MEV_PEAK_4.00E9_N_SR_UC,0.0,4.0,4000000000.0,N002_JAERI_TIARA_68MEV__TRANS__JAERI_68MEV_BC501A_T150_FE000,N002_JAERI_TIARA_68MEV__TRANS__JAERI_68MEV_BC501A_T150_FE000,2.3236081060167915,0.587000038037159,0.24803999999999998,0.587000038037159,3.9,0.09062071613465486,0.6436652860364491,0.20360810601679136,0.09604155944188271,9.604155944188271,0.09170510700570718,0.3163260633031273,source_normalization_systematic_sigma is shared/correlated across bins in this proton-energy source; do not treat these per-bin normalized residuals as independent chi-square contributions.
BC501A,68,150,0,35,36,2.03,11.5,JAERI_68MEV_BC501A_T150_FE000,JAERI_68MEV_PEAK_4.00E9_N_SR_UC,0.0,4.0,4000000000.0,N002_JAERI_TIARA_68MEV__TRANS__JAERI_68MEV_BC501A_T150_FE000,N002_JAERI_TIARA_68MEV__TRANS__JAERI_68MEV_BC501A_T150_FE000,2.5257351949020865,0.6298183450958038,0.23345,0.6298183450958038,3.9,0.09850367260118137,0.6788762949427074,0.49573519490208673,0.24420452950841712,24.42045295084171,0.21849639359080322,0.7302290543874763,source_normalization_systematic_sigma is shared/correlated across bins in this proton-energy source; do not treat these per-bin normalized residuals as independent chi-square contributions.
BC501A,68,150,0,34,35,1.89,11.3,JAERI_68MEV_BC501A_T150_FE000,JAERI_68MEV_PEAK_4.00E9_N_SR_UC,0.0,4.0,4000000000.0,N002_JAERI_TIARA_68MEV__TRANS__JAERI_68MEV_BC501A_T150_FE000,N002_JAERI_TIARA_68MEV__TRANS__JAERI_68MEV_BC501A_T150_FE000,2.368466246061816,0.5282438742020257,0.21356999999999998,0.5282438742020257,3.9,0.09237018359641082,0.5772226488536293,0.4784662460618161,0.2531567439480509,25.315674394805086,0.22566576302082011,0.8289110744563739,source_normalization_systematic_sigma is shared/correlated across bins in this proton-energy source; do not treat these per-bin normalized residuals as independent chi-square contributions.
BC501A,68,150,0,33,34,1.72,11.6,JAERI_68MEV_BC501A_T150_FE000,JAERI_68MEV_PEAK_4.00E9_N_SR_UC,0.0,4.0,4000000000.0,N002_JAERI_TIARA_68MEV__TRANS__JAERI_68MEV_BC501A_T150_FE000,N002_JAERI_TIARA_68MEV__TRANS__JAERI_68MEV_BC501A_T150_FE000,2.5602157805558075,0.587066508590183,0.19951999999999998,0.587066508590183,3.9,0.0998484154416765,0.6280326599584459,0.8402157805558075,0.4884975468347718,48.84975468347718,0.39776725339358004,1.3378536406234045,source_normalization_systematic_sigma is shared/correlated across bins in this proton-energy source; do not treat these per-bin normalized residuals as independent chi-square contributions.
BC501A,68,150,0,32,33,1.55,12.4,JAERI_68MEV_BC501A_T150_FE000,JAERI_68MEV_PEAK_4.00E9_N_SR_UC,0.0,4.0,4000000000.0,N002_JAERI_TIARA_68MEV__TRANS__JAERI_68MEV_BC501A_T150_FE000,N002_JAERI_TIARA_68MEV__TRANS__JAERI_68MEV_BC501A_T150_FE000,2.278925860537816,0.5355844008494762,0.19220000000000004,0.5355844008494762,3.9,0.08887810856097483,0.5759260443969076,0.7289258605378162,0.47027474873407493,47.02747487340749,0.3854492872270181,1.2656587900988665,source_normalization_systematic_sigma is shared/correlated across bins in this proton-energy source; do not treat these per-bin normalized residuals as independent chi-square contributions.
BC501A,68,150,0,31,32,1.42,13.1,JAERI_68MEV_BC501A_T150_FE000,JAERI_68MEV_PEAK_4.00E9_N_SR_UC,0.0,4.0,4000000000.0,N002_JAERI_TIARA_68MEV__TRANS__JAERI_68MEV_BC501A_T150_FE000,N002_JAERI_TIARA_68MEV__TRANS__JAERI_68MEV_BC501A_T150_FE000,2.479251531489464,0.5396739920482959,0.18602,0.5396739920482959,3.9,0.0966908097280891,0.5789650859760178,1.0592515314894642,0.7459517827390593,74.59517827390593,0.557299841193623,1.8295602915394815,source_normalization_systematic_sigma is shared/correlated across bins in this proton-energy source; do not treat these per-bin normalized residuals as independent chi-square contributions.
BC501A,68,150,0,30,31,1.34,13.1,JAERI_68MEV_BC501A_T150_FE000,JAERI_68MEV_PEAK_4.00E9_N_SR_UC,0.0,4.0,4000000000.0,N002_JAERI_TIARA_68MEV__TRANS__JAERI_68MEV_BC501A_T150_FE000,N002_JAERI_TIARA_68MEV__TRANS__JAERI_68MEV_BC501A_T150_FE000,1.174375936415495,0.3404202677274378,0.17554000000000003,0.3404202677274378,3.9,0.0458006615202043,0.38574337437642237,-0.165624063584505,-0.12360004745112312,-12.360004745112311,-0.13193272540405285,-0.42936333994652887,source_normalization_systematic_sigma is shared/correlated across bins in this proton-energy source; do not treat these per-bin normalized residuals as independent chi-square contributions.
BC501A,68,150,0,29,30,1.34,12.2,JAERI_68MEV_BC501A_T150_FE000,JAERI_68MEV_PEAK_4.00E9_N_SR_UC,0.0,4.0,4000000000.0,N002_JAERI_TIARA_68MEV__TRANS__JAERI_68MEV_BC501A_T150_FE000,N002_JAERI_TIARA_68MEV__TRANS__JAERI_68MEV_BC501A_T150_FE000,2.682900182524018,0.5566422689345673,0.16348,0.5566422689345673,3.9,0.10463310711843671,0.5895120126595228,1.342900182524018,1.0021643153164315,100.21643153164315,0.6942287531076455,2.2779861201906,source_normalization_systematic_sigma is shared/correlated across bins in this proton-energy source; do not treat these per-bin normalized residuals as independent chi-square contributions.
BC501A,68,150,0,28,29,1.37,11.4,JAERI_68MEV_BC501A_T150_FE000,JAERI_68MEV_PEAK_4.00E9_N_SR_UC,0.0,4.0,4000000000.0,N002_JAERI_TIARA_68MEV__TRANS__JAERI_68MEV_BC501A_T150_FE000,N002_JAERI_TIARA_68MEV__TRANS__JAERI_68MEV_BC501A_T150_FE000,1.4595954918848322,0.3679872645293572,0.15618,0.3679872645293572,3.9,0.056924224183508454,0.40379101841756393,0.08959549188483207,0.0653981692590015,6.53981692590015,0.0633485971390465,0.22188579685588886,source_normalization_systematic_sigma is shared/correlated across bins in this proton-energy source; do not treat these per-bin normalized residuals as independent chi-square contributions.
BC501A,68,150,0,27,28,1.4,11.6,JAERI_68MEV_BC501A_T150_FE000,JAERI_68MEV_PEAK_4.00E9_N_SR_UC,0.0,4.0,4000000000.0,N002_JAERI_TIARA_68MEV__TRANS__JAERI_68MEV_BC501A_T150_FE000,N002_JAERI_TIARA_68MEV__TRANS__JAERI_68MEV_BC501A_T150_FE000,1.9596891672768144,0.4387136514257725,0.1624,0.4387136514257725,3.9,0.07642787752379576,0.4740091227077033,0.5596891672768145,0.3997779766262961,39.97779766262961,0.3363136359207125,1.18075610882693,source_normalization_systematic_sigma is shared/correlated across bins in this proton-energy source; do not treat these per-bin normalized residuals as independent chi-square contributions.
BC501A,68,150,0,26,27,1.38,13.0,JAERI_68MEV_BC501A_T150_FE000,JAERI_68MEV_PEAK_4.00E9_N_SR_UC,0.0,4.0,4000000000.0,N002_JAERI_TIARA_68MEV__TRANS__JAERI_68MEV_BC501A_T150_FE000,N002_JAERI_TIARA_68MEV__TRANS__JAERI_68MEV_BC501A_T150_FE000,1.9817024756202937,0.4531580867171056,0.17939999999999998,0.4531580867171056,3.9,0.07728639654919145,0.4934671201292612,0.6017024756202938,0.4360162866813723,43.60162866813723,0.3618728122618359,1.2193365091126656,source_normalization_systematic_sigma is shared/correlated across bins in this proton-energy source; do not treat these per-bin normalized residuals as independent chi-square contributions.
BC501A,68,150,0,25,26,1.31,15.2,JAERI_68MEV_BC501A_T150_FE000,JAERI_68MEV_PEAK_4.00E9_N_SR_UC,0.0,4.0,4000000000.0,N002_JAERI_TIARA_68MEV__TRANS__JAERI_68MEV_BC501A_T150_FE000,N002_JAERI_TIARA_68MEV__TRANS__JAERI_68MEV_BC501A_T150_FE000,0.9585260810579432,0.2980126001060703,0.19912,0.2980126001060703,3.9,0.03738251716125979,0.3603577899966815,-0.3514739189420568,-0.26830070148248614,-26.830070148248613,-0.31238564379493033,-0.9753470819800885,source_normalization_systematic_sigma is shared/correlated across bins in this proton-energy source; do not treat these per-bin normalized residuals as independent chi-square contributions.
BC501A,68,150,0,24,25,1.21,17.3,JAERI_68MEV_BC501A_T150_FE000,JAERI_68MEV_PEAK_4.00E9_N_SR_UC,0.0,4.0,4000000000.0,N002_JAERI_TIARA_68MEV__TRANS__JAERI_68MEV_BC501A_T150_FE000,N002_JAERI_TIARA_68MEV__TRANS__JAERI_68MEV_BC501A_T150_FE000,2.110262609557556,0.4470565955097209,0.20933,0.4470565955097209,3.9,0.0823002417727447,0.5004517741846805,0.9002626095575561,0.7440186855847571,74.40186855847571,0.5561920396408344,1.7988998261105864,source_normalization_systematic_sigma is shared/correlated across bins in this proton-energy source; do not treat these per-bin normalized residuals as independent chi-square contributions.
BC501A,68,150,0,23,24,1.1,17.6,JAERI_68MEV_BC501A_T150_FE000,JAERI_68MEV_PEAK_4.00E9_N_SR_UC,0.0,4.0,4000000000.0,N002_JAERI_TIARA_68MEV__TRANS__JAERI_68MEV_BC501A_T150_FE000,N002_JAERI_TIARA_68MEV__TRANS__JAERI_68MEV_BC501A_T150_FE000,0.6892304501792079,0.2266432709641625,0.19360000000000002,0.2266432709641625,3.9,0.02687998755698911,0.2992835879302416,-0.41076954982079217,-0.3734268634734474,-37.34268634734474,-0.46748977318876117,-1.372509440499411,source_normalization_systematic_sigma is shared/correlated across bins in this proton-energy source; do not treat these per-bin normalized residuals as independent chi-square contributions.
BC501A,68,150,0,22,23,1.01,15.7,JAERI_68MEV_BC501A_T150_FE000,JAERI_68MEV_PEAK_4.00E9_N_SR_UC,0.0,4.0,4000000000.0,N002_JAERI_TIARA_68MEV__TRANS__JAERI_68MEV_BC501A_T150_FE000,N002_JAERI_TIARA_68MEV__TRANS__JAERI_68MEV_BC501A_T150_FE000,1.226575867363868,0.3216938364951854,0.15857,0.3216938364951854,3.9,0.047836458827190856,0.3618282688405048,0.21657586736386802,0.21443155184541388,21.44315518454139,0.19427610874909992,0.5985598307669416,source_normalization_systematic_sigma is shared/correlated across bins in this proton-energy source; do not treat these per-bin normalized residuals as independent chi-square contributions.
BC501A,68,150,0,21,22,0.919,11.7,JAERI_68MEV_BC501A_T150_FE000,JAERI_68MEV_PEAK_4.00E9_N_SR_UC,0.0,4.0,4000000000.0,N002_JAERI_TIARA_68MEV__TRANS__JAERI_68MEV_BC501A_T150_FE000,N002_JAERI_TIARA_68MEV__TRANS__JAERI_68MEV_BC501A_T150_FE000,0.8834515175240116,0.23851763943344,0.107523,0.23851763943344,3.9,0.03445460918343645,0.2638919853725835,-0.03554848247598841,-0.0386817001914999,-3.8681700191499897,-0.03944970756966128,-0.13470845818147245,source_normalization_systematic_sigma is shared/correlated across bins in this proton-energy source; do not treat these per-bin normalized residuals as independent chi-square contributions.
BC501A,68,150,0,20,21,0.83,7.5,JAERI_68MEV_BC501A_T150_FE000,JAERI_68MEV_PEAK_4.00E9_N_SR_UC,0.0,4.0,4000000000.0,N002_JAERI_TIARA_68MEV__TRANS__JAERI_68MEV_BC501A_T150_FE000,N002_JAERI_TIARA_68MEV__TRANS__JAERI_68MEV_BC501A_T150_FE000,1.3097507210896524,0.2910396219531298,0.06225,0.2910396219531298,3.9,0.05108027812249644,0.3019740367311275,0.47975072108965244,0.5780129169754848,57.801291697548486,0.4561664080527181,1.5887151302243057,source_normalization_systematic_sigma is shared/correlated across bins in this proton-energy source; do not treat these per-bin normalized residuals as independent chi-square contributions.
BC501A,68,150,0,19,20,0.735,13.8,JAERI_68MEV_BC501A_T150_FE000,JAERI_68MEV_PEAK_4.00E9_N_SR_UC,0.0,4.0,4000000000.0,N002_JAERI_TIARA_68MEV__TRANS__JAERI_68MEV_BC501A_T150_FE000,N002_JAERI_TIARA_68MEV__TRANS__JAERI_68MEV_BC501A_T150_FE000,0.9688820125318904,0.2633240754899786,0.10143,0.2633240754899786,3.9,0.037786398488743725,0.2847023455179147,0.23388201253189045,0.3182068197712795,31.82068197712795,0.2762723431713318,0.8214966129148858,source_normalization_systematic_sigma is shared/correlated across bins in this proton-energy source; do not treat these per-bin normalized residuals as independent chi-square contributions.
BC501A,68,150,0,18,19,0.632,22.1,JAERI_68MEV_BC501A_T150_FE000,JAERI_68MEV_PEAK_4.00E9_N_SR_UC,0.0,4.0,4000000000.0,N002_JAERI_TIARA_68MEV__TRANS__JAERI_68MEV_BC501A_T150_FE000,N002_JAERI_TIARA_68MEV__TRANS__JAERI_68MEV_BC501A_T150_FE000,1.012060674653015,0.2591936854917019,0.13967200000000002,0.2591936854917019,3.9,0.03947036631146758,0.29706488180115254,0.38006067465301496,0.6013618269826186,60.13618269826186,0.4708544090940391,1.2793860800665682,source_normalization_systematic_sigma is shared/correlated across bins in this proton-energy source; do not treat these per-bin normalized residuals as independent chi-square contributions.
BC501A,68,150,0,17,18,0.532,26.9,JAERI_68MEV_BC501A_T150_FE000,JAERI_68MEV_PEAK_4.00E9_N_SR_UC,0.0,4.0,4000000000.0,N002_JAERI_TIARA_68MEV__TRANS__JAERI_68MEV_BC501A_T150_FE000,N002_JAERI_TIARA_68MEV__TRANS__JAERI_68MEV_BC501A_T150_FE000,0.9798294268247976,0.2385639167079776,0.143108,0.2385639167079776,3.9,0.03821334764616711,0.28080758885289714,0.44782942682479754,0.8417846368887172,84.17846368887172,0.6107350129133619,1.5947910405633512,source_normalization_systematic_sigma is shared/correlated across bins in this proton-energy source; do not treat these per-bin normalized residuals as independent chi-square contributions.
BC501A,68,150,0,16,17,0.461,23.7,JAERI_68MEV_BC501A_T150_FE000,JAERI_68MEV_PEAK_4.00E9_N_SR_UC,0.0,4.0,4000000000.0,N002_JAERI_TIARA_68MEV__TRANS__JAERI_68MEV_BC501A_T150_FE000,N002_JAERI_TIARA_68MEV__TRANS__JAERI_68MEV_BC501A_T150_FE000,0.8046373298349826,0.2161906472204109,0.109257,0.2161906472204109,3.9,0.03138085586356432,0.24425446998839132,0.3436373298349826,0.7454172013774025,74.54172013774026,0.5569936109622916,1.4068824609486763,source_normalization_systematic_sigma is shared/correlated across bins in this proton-energy source; do not treat these per-bin normalized residuals as independent chi-square contributions.
BC501A,68,150,0,15,16,0.434,13.7,JAERI_68MEV_BC501A_T150_FE000,JAERI_68MEV_PEAK_4.00E9_N_SR_UC,0.0,4.0,4000000000.0,N002_JAERI_TIARA_68MEV__TRANS__JAERI_68MEV_BC501A_T150_FE000,N002_JAERI_TIARA_68MEV__TRANS__JAERI_68MEV_BC501A_T150_FE000,0.6509427798265008,0.1672088666960614,0.05945799999999999,0.1672088666960614,3.9,0.025386768413233535,0.17927227023789366,0.21694277982650084,0.49986815628226,49.986815628226,0.40537720843327446,1.2101301530828976,source_normalization_systematic_sigma is shared/correlated across bins in this proton-energy source; do not treat these per-bin normalized residuals as independent chi-square contributions.
BC501A,68,150,0,14,15,0.447,11.1,JAERI_68MEV_BC501A_T150_FE000,JAERI_68MEV_PEAK_4.00E9_N_SR_UC,0.0,4.0,4000000000.0,N002_JAERI_TIARA_68MEV__TRANS__JAERI_68MEV_BC501A_T150_FE000,N002_JAERI_TIARA_68MEV__TRANS__JAERI_68MEV_BC501A_T150_FE000,0.7896828539136223,0.2038206358846013,0.049616999999999994,0.2038206358846013,3.9,0.030797631302631266,0.21202167906904246,0.34268285391362224,0.7666283085315934,76.66283085315933,0.569072819502326,1.6162632775020684,source_normalization_systematic_sigma is shared/correlated across bins in this proton-energy source; do not treat these per-bin normalized residuals as independent chi-square contributions.
BC501A,68,150,0,13,14,0.473,6.6,JAERI_68MEV_BC501A_T150_FE000,JAERI_68MEV_PEAK_4.00E9_N_SR_UC,0.0,4.0,4000000000.0,N002_JAERI_TIARA_68MEV__TRANS__JAERI_68MEV_BC501A_T150_FE000,N002_JAERI_TIARA_68MEV__TRANS__JAERI_68MEV_BC501A_T150_FE000,0.9066009260818249,0.1992884168091488,0.031217999999999996,0.1992884168091488,3.9,0.035357436117191166,0.20479400598425304,0.4336009260818249,0.9167038606381076,91.67038606381077,0.6506069715031811,2.117253988943237,source_normalization_systematic_sigma is shared/correlated across bins in this proton-energy source; do not treat these per-bin normalized residuals as independent chi-square contributions.
BC501A,68,150,0,12,13,0.492,11.4,JAERI_68MEV_BC501A_T150_FE000,JAERI_68MEV_PEAK_4.00E9_N_SR_UC,0.0,4.0,4000000000.0,N002_JAERI_TIARA_68MEV__TRANS__JAERI_68MEV_BC501A_T150_FE000,N002_JAERI_TIARA_68MEV__TRANS__JAERI_68MEV_BC501A_T150_FE000,0.5554005343869121,0.1350376402483514,0.056088000000000006,0.1350376402483514,3.9,0.021660620841089568,0.1478181670941181,0.06340053438691207,0.1288628747701465,12.88628747701465,0.12121082054577642,0.42890894693981674,source_normalization_systematic_sigma is shared/correlated across bins in this proton-energy source; do not treat these per-bin normalized residuals as independent chi-square contributions.
BC501A,68,150,0,11,12,0.498,14.3,JAERI_68MEV_BC501A_T150_FE000,JAERI_68MEV_PEAK_4.00E9_N_SR_UC,0.0,4.0,4000000000.0,N002_JAERI_TIARA_68MEV__TRANS__JAERI_68MEV_BC501A_T150_FE000,N002_JAERI_TIARA_68MEV__TRANS__JAERI_68MEV_BC501A_T150_FE000,0.901841343671344,0.1916744504565263,0.071214,0.1916744504565263,3.9,0.035171812403182415,0.20747911977241473,0.40384134367134406,0.8109263929143455,81.09263929143455,0.5938385336326102,1.9464192064932626,source_normalization_systematic_sigma is shared/correlated across bins in this proton-energy source; do not treat these per-bin normalized residuals as independent chi-square contributions.
BC501A,68,150,0,10,11,0.501,14.0,JAERI_68MEV_BC501A_T150_FE000,JAERI_68MEV_PEAK_4.00E9_N_SR_UC,0.0,4.0,4000000000.0,N002_JAERI_TIARA_68MEV__TRANS__JAERI_68MEV_BC501A_T150_FE000,N002_JAERI_TIARA_68MEV__TRANS__JAERI_68MEV_BC501A_T150_FE000,0.6168526970111484,0.1498784501354766,0.07014000000000001,0.1498784501354766,3.9,0.024057255183434788,0.16721818364631716,0.11585269701114842,0.23124290820588506,23.124290820588506,0.20802415365479002,0.6928235583289687,source_normalization_systematic_sigma is shared/correlated across bins in this proton-energy source; do not treat these per-bin normalized residuals as independent chi-square contributions.
BC501A,68,150,0,9,10,0.514,11.4,JAERI_68MEV_BC501A_T150_FE000,JAERI_68MEV_PEAK_4.00E9_N_SR_UC,0.0,4.0,4000000000.0,N002_JAERI_TIARA_68MEV__TRANS__JAERI_68MEV_BC501A_T150_FE000,N002_JAERI_TIARA_68MEV__TRANS__JAERI_68MEV_BC501A_T150_FE000,0.8304476353002948,0.1539308390322783,0.058596,0.1539308390322783,3.9,0.032387457776711495,0.16786048326637049,0.31644763530029474,0.6156568780161376,61.565687801613755,0.47974160959382006,1.8851824392649803,source_normalization_systematic_sigma is shared/correlated across bins in this proton-energy source; do not treat these per-bin normalized residuals as independent chi-square contributions.
BC501A,68,150,0,8,9,0.551,7.1,JAERI_68MEV_BC501A_T150_FE000,JAERI_68MEV_PEAK_4.00E9_N_SR_UC,0.0,4.0,4000000000.0,N002_JAERI_TIARA_68MEV__TRANS__JAERI_68MEV_BC501A_T150_FE000,N002_JAERI_TIARA_68MEV__TRANS__JAERI_68MEV_BC501A_T150_FE000,0.8689785297963704,0.1669141756423207,0.039121,0.1669141756423207,3.9,0.033890162662058444,0.17475507945869917,0.3179785297963703,0.5770935205015795,57.709352050157946,0.4555836090136697,1.8195667375237579,source_normalization_systematic_sigma is shared/correlated across bins in this proton-energy source; do not treat these per-bin normalized residuals as independent chi-square contributions.
BC501A,68,150,0,7,8,0.592,10.3,JAERI_68MEV_BC501A_T150_FE000,JAERI_68MEV_PEAK_4.00E9_N_SR_UC,0.0,4.0,4000000000.0,N002_JAERI_TIARA_68MEV__TRANS__JAERI_68MEV_BC501A_T150_FE000,N002_JAERI_TIARA_68MEV__TRANS__JAERI_68MEV_BC501A_T150_FE000,0.6097456321415639,0.1174173285005939,0.060976,0.1174173285005939,3.9,0.02378007965352099,0.13442616485098496,0.017745632141563883,0.02997572996885791,2.997572996885791,0.029535238826898152,0.13201025381654974,source_normalization_systematic_sigma is shared/correlated across bins in this proton-energy source; do not treat these per-bin normalized residuals as independent chi-square contributions.
BC501A,68,150,0,6,7,0.573,28.0,JAERI_68MEV_BC501A_T150_FE000,JAERI_68MEV_PEAK_4.00E9_N_SR_UC,0.0,4.0,4000000000.0,N002_JAERI_TIARA_68MEV__TRANS__JAERI_68MEV_BC501A_T150_FE000,N002_JAERI_TIARA_68MEV__TRANS__JAERI_68MEV_BC501A_T150_FE000,1.2003012821468264,0.1652028534374708,0.16043999999999997,0.1652028534374708,3.9,0.04681175000372623,0.2349985453620805,0.6273012821468265,1.0947666355092958,109.47666355092957,0.7394421560046305,2.6693836814193665,source_normalization_systematic_sigma is shared/correlated across bins in this proton-energy source; do not treat these per-bin normalized residuals as independent chi-square contributions.
BC501A,68,200,0,58,60,1.71,6.5,JAERI_68MEV_BC501A_T200_FE000,JAERI_68MEV_PEAK_4.00E9_N_SR_UC,0.0,4.0,4000000000.0,N002_JAERI_TIARA_68MEV__TRANS__JAERI_68MEV_BC501A_T200_FE000,N002_JAERI_TIARA_68MEV__TRANS__JAERI_68MEV_BC501A_T200_FE000,0.5144143564522378,0.0820256259496063,0.11115,0.0820256259496063,3.9,0.02006215990163727,0.13958873905993846,-1.195585643547762,-0.6991728909636036,-69.91728909636036,-1.2012195678409796,-8.56505798103374,source_normalization_systematic_sigma is shared/correlated across bins in this proton-energy source; do not treat these per-bin normalized residuals as independent chi-square contributions.
BC501A,68,200,0,68,70,0.535,9.6,JAERI_68MEV_BC501A_T200_FE000,JAERI_68MEV_PEAK_4.00E9_N_SR_UC,0.0,4.0,4000000000.0,N002_JAERI_TIARA_68MEV__TRANS__JAERI_68MEV_BC501A_T200_FE000,N002_JAERI_TIARA_68MEV__TRANS__JAERI_68MEV_BC501A_T200_FE000,0.0,0.0,0.05136,0.0,3.9,0.0,0.05136,-0.535,-1.0,-100.0,,-10.416666666666666,source_normalization_systematic_sigma is shared/correlated across bins in this proton-energy source; do not treat these per-bin normalized residuals as independent chi-square contributions.
BC501A,68,200,0,66,68,1.24,7.5,JAERI_68MEV_BC501A_T200_FE000,JAERI_68MEV_PEAK_4.00E9_N_SR_UC,0.0,4.0,4000000000.0,N002_JAERI_TIARA_68MEV__TRANS__JAERI_68MEV_BC501A_T200_FE000,N002_JAERI_TIARA_68MEV__TRANS__JAERI_68MEV_BC501A_T200_FE000,0.2542910594457521,0.0618423011733889,0.09300000000000001,0.0618423011733889,3.9,0.00991735131838433,0.11212414580094869,-0.9857089405542478,-0.7949265649631031,-79.4926564963103,-1.5843871442969049,-8.79122809376094,source_normalization_systematic_sigma is shared/correlated across bins in this proton-energy source; do not treat these per-bin normalized residuals as independent chi-square contributions.
BC501A,68,200,0,64,66,2.1,5.2,JAERI_68MEV_BC501A_T200_FE000,JAERI_68MEV_PEAK_4.00E9_N_SR_UC,0.0,4.0,4000000000.0,N002_JAERI_TIARA_68MEV__TRANS__JAERI_68MEV_BC501A_T200_FE000,N002_JAERI_TIARA_68MEV__TRANS__JAERI_68MEV_BC501A_T200_FE000,1.6130886477138344,0.1495993472157527,0.10920000000000002,0.1495993472157527,3.9,0.06291045726083955,0.19560759269554762,-0.48691135228616567,-0.23186254870769793,-23.186254870769794,-0.26378658881137657,-2.4892252165488085,source_normalization_systematic_sigma is shared/correlated across bins in this proton-energy source; do not treat these per-bin normalized residuals as independent chi-square contributions.
BC501A,68,200,0,62,64,2.62,5.0,JAERI_68MEV_BC501A_T200_FE000,JAERI_68MEV_PEAK_4.00E9_N_SR_UC,0.0,4.0,4000000000.0,N002_JAERI_TIARA_68MEV__TRANS__JAERI_68MEV_BC501A_T200_FE000,N002_JAERI_TIARA_68MEV__TRANS__JAERI_68MEV_BC501A_T200_FE000,2.286025830016527,0.1764871090327804,0.131,0.1764871090327804,3.9,0.08915500737064455,0.23718624537272012,-0.33397416998347307,-0.1274710572456004,-12.74710572456004,-0.1363594532443942,-1.4080671898096708,source_normalization_systematic_sigma is shared/correlated across bins in this proton-energy source; do not treat these per-bin normalized residuals as independent chi-square contributions.
BC501A,68,200,0,60,62,2.42,6.1,JAERI_68MEV_BC501A_T200_FE000,JAERI_68MEV_PEAK_4.00E9_N_SR_UC,0.0,4.0,4000000000.0,N002_JAERI_TIARA_68MEV__TRANS__JAERI_68MEV_BC501A_T200_FE000,N002_JAERI_TIARA_68MEV__TRANS__JAERI_68MEV_BC501A_T200_FE000,0.9293395539065598,0.1085144228593677,0.14761999999999997,0.1085144228593677,3.9,0.036244242602355835,0.1867637263772601,-1.49066044609344,-0.6159753909477025,-61.59753909477025,-0.9570486423741438,-7.981530862595486,source_normalization_systematic_sigma is shared/correlated across bins in this proton-energy source; do not treat these per-bin normalized residuals as independent chi-square contributions.
BC501A,68,200,0,56,58,1.04,5.5,JAERI_68MEV_BC501A_T200_FE000,JAERI_68MEV_PEAK_4.00E9_N_SR_UC,0.0,4.0,4000000000.0,N002_JAERI_TIARA_68MEV__TRANS__JAERI_68MEV_BC501A_T200_FE000,N002_JAERI_TIARA_68MEV__TRANS__JAERI_68MEV_BC501A_T200_FE000,0.5649373868276736,0.0839841248142076,0.05720000000000001,0.0839841248142076,3.9,0.02203255808627927,0.10397406809697152,-0.47506261317232645,-0.45679097420416004,-45.67909742041601,-0.6102610869039714,-4.569049012579356,source_normalization_systematic_sigma is shared/correlated across bins in this proton-energy source; do not treat these per-bin normalized residuals as independent chi-square contributions.
BC501A,68,200,0,54,56,0.685,7.7,JAERI_68MEV_BC501A_T200_FE000,JAERI_68MEV_PEAK_4.00E9_N_SR_UC,0.0,4.0,4000000000.0,N002_JAERI_TIARA_68MEV__TRANS__JAERI_68MEV_BC501A_T200_FE000,N002_JAERI_TIARA_68MEV__TRANS__JAERI_68MEV_BC501A_T200_FE000,0.5481042581029093,0.0824080990221166,0.05274500000000001,0.0824080990221166,3.9,0.021376066066013465,0.10015021722341669,-0.13689574189709075,-0.19984779838991348,-19.984779838991347,-0.22295331739722068,-1.3669040935947405,source_normalization_systematic_sigma is shared/correlated across bins in this proton-energy source; do not treat these per-bin normalized residuals as independent chi-square contributions.
BC501A,68,200,0,52,54,0.588,8.6,JAERI_68MEV_BC501A_T200_FE000,JAERI_68MEV_PEAK_4.00E9_N_SR_UC,0.0,4.0,4000000000.0,N002_JAERI_TIARA_68MEV__TRANS__JAERI_68MEV_BC501A_T200_FE000,N002_JAERI_TIARA_68MEV__TRANS__JAERI_68MEV_BC501A_T200_FE000,0.347296418731655,0.0593172088154866,0.05056799999999999,0.0593172088154866,3.9,0.013544560330534545,0.07911453090430057,-0.24070358126834496,-0.40935983208902205,-40.93598320890221,-0.526548299944768,-3.0424699295696715,source_normalization_systematic_sigma is shared/correlated across bins in this proton-energy source; do not treat these per-bin normalized residuals as independent chi-square contributions.
BC501A,68,200,0,50,52,0.584,7.8,JAERI_68MEV_BC501A_T200_FE000,JAERI_68MEV_PEAK_4.00E9_N_SR_UC,0.0,4.0,4000000000.0,N002_JAERI_TIARA_68MEV__TRANS__JAERI_68MEV_BC501A_T200_FE000,N002_JAERI_TIARA_68MEV__TRANS__JAERI_68MEV_BC501A_T200_FE000,0.341201446891595,0.0612961283949195,0.045551999999999995,0.0612961283949195,3.9,0.013306856428772204,0.07751949747142593,-0.24279855310840498,-0.4157509471034332,-41.57509471034332,-0.5374279266229914,-3.132096582513344,source_normalization_systematic_sigma is shared/correlated across bins in this proton-energy source; do not treat these per-bin normalized residuals as independent chi-square contributions.
BC501A,68,200,0,48,50,0.582,8.1,JAERI_68MEV_BC501A_T200_FE000,JAERI_68MEV_PEAK_4.00E9_N_SR_UC,0.0,4.0,4000000000.0,N002_JAERI_TIARA_68MEV__TRANS__JAERI_68MEV_BC501A_T200_FE000,N002_JAERI_TIARA_68MEV__TRANS__JAERI_68MEV_BC501A_T200_FE000,0.2406319505238394,0.0473654389759765,0.04714199999999999,0.0473654389759765,3.9,0.009384646070429737,0.06748277228488901,-0.34136804947616056,-0.5865430403370456,-58.65430403370456,-0.8832018578126831,-5.058595518794371,source_normalization_systematic_sigma is shared/correlated across bins in this proton-energy source; do not treat these per-bin normalized residuals as independent chi-square contributions.
BC501A,68,200,0,46,48,0.555,8.8,JAERI_68MEV_BC501A_T200_FE000,JAERI_68MEV_PEAK_4.00E9_N_SR_UC,0.0,4.0,4000000000.0,N002_JAERI_TIARA_68MEV__TRANS__JAERI_68MEV_BC501A_T200_FE000,N002_JAERI_TIARA_68MEV__TRANS__JAERI_68MEV_BC501A_T200_FE000,0.3121705810080729,0.0554416804076565,0.048840000000000015,0.0554416804076565,3.9,0.012174652659314842,0.07488222548642424,-0.24282941899192717,-0.437530484670139,-43.7530484670139,-0.5754183413412982,-3.2428178705232376,source_normalization_systematic_sigma is shared/correlated across bins in this proton-energy source; do not treat these per-bin normalized residuals as independent chi-square contributions.
BC501A,68,200,0,44,46,0.499,9.3,JAERI_68MEV_BC501A_T200_FE000,JAERI_68MEV_PEAK_4.00E9_N_SR_UC,0.0,4.0,4000000000.0,N002_JAERI_TIARA_68MEV__TRANS__JAERI_68MEV_BC501A_T200_FE000,N002_JAERI_TIARA_68MEV__TRANS__JAERI_68MEV_BC501A_T200_FE000,0.3645563965260246,0.0570429414208861,0.046407000000000004,0.0570429414208861,3.9,0.01421769946451496,0.07489759537535175,-0.13444360347397538,-0.2694260590660829,-26.942605906608293,-0.31392483329168014,-1.795032307782471,source_normalization_systematic_sigma is shared/correlated across bins in this proton-energy source; do not treat these per-bin normalized residuals as independent chi-square contributions.
BC501A,68,200,0,43,44,0.454,9.6,JAERI_68MEV_BC501A_T200_FE000,JAERI_68MEV_PEAK_4.00E9_N_SR_UC,0.0,4.0,4000000000.0,N002_JAERI_TIARA_68MEV__TRANS__JAERI_68MEV_BC501A_T200_FE000,N002_JAERI_TIARA_68MEV__TRANS__JAERI_68MEV_BC501A_T200_FE000,0.1815081311214952,0.0555807977308674,0.043584,0.0555807977308674,3.9,0.0070788171137383124,0.07098520820656476,-0.27249186887850485,-0.6002023543579402,-60.02023543579402,-0.9167967457724465,-3.8387133849852484,source_normalization_systematic_sigma is shared/correlated across bins in this proton-energy source; do not treat these per-bin normalized residuals as independent chi-square contributions.
BC501A,68,200,0,42,43,0.432,9.9,JAERI_68MEV_BC501A_T200_FE000,JAERI_68MEV_PEAK_4.00E9_N_SR_UC,0.0,4.0,4000000000.0,N002_JAERI_TIARA_68MEV__TRANS__JAERI_68MEV_BC501A_T200_FE000,N002_JAERI_TIARA_68MEV__TRANS__JAERI_68MEV_BC501A_T200_FE000,0.3212808900236232,0.0748573951887309,0.042768,0.0748573951887309,3.9,0.012529954710921306,0.0871190633759315,-0.1107191099763768,-0.25629423605642776,-25.629423605642778,-0.2961098009417866,-1.270894172709452,source_normalization_systematic_sigma is shared/correlated across bins in this proton-energy source; do not treat these per-bin normalized residuals as independent chi-square contributions.
BC501A,68,200,0,41,42,0.421,10.5,JAERI_68MEV_BC501A_T200_FE000,JAERI_68MEV_PEAK_4.00E9_N_SR_UC,0.0,4.0,4000000000.0,N002_JAERI_TIARA_68MEV__TRANS__JAERI_68MEV_BC501A_T200_FE000,N002_JAERI_TIARA_68MEV__TRANS__JAERI_68MEV_BC501A_T200_FE000,0.2327014438369841,0.0593066768439361,0.044204999999999994,0.0593066768439361,3.9,0.00907535630964238,0.07452332544524588,-0.18829855616301588,-0.44726497900953893,-44.726497900953895,-0.5928765586792286,-2.5267063035366486,source_normalization_systematic_sigma is shared/correlated across bins in this proton-energy source; do not treat these per-bin normalized residuals as independent chi-square contributions.
BC501A,68,200,0,40,41,0.42,11.5,JAERI_68MEV_BC501A_T200_FE000,JAERI_68MEV_PEAK_4.00E9_N_SR_UC,0.0,4.0,4000000000.0,N002_JAERI_TIARA_68MEV__TRANS__JAERI_68MEV_BC501A_T200_FE000,N002_JAERI_TIARA_68MEV__TRANS__JAERI_68MEV_BC501A_T200_FE000,0.2816911176788029,0.069639718926893,0.0483,0.069639718926893,3.9,0.010985953589473312,0.0854591810660898,-0.1383088823211971,-0.3293068626695169,-32.93068626695169,-0.39944356802886377,-1.6184204037040328,source_normalization_systematic_sigma is shared/correlated across bins in this proton-energy source; do not treat these per-bin normalized residuals as independent chi-square contributions.
BC501A,68,200,0,39,40,0.426,12.5,JAERI_68MEV_BC501A_T200_FE000,JAERI_68MEV_PEAK_4.00E9_N_SR_UC,0.0,4.0,4000000000.0,N002_JAERI_TIARA_68MEV__TRANS__JAERI_68MEV_BC501A_T200_FE000,N002_JAERI_TIARA_68MEV__TRANS__JAERI_68MEV_BC501A_T200_FE000,0.2226943730148183,0.059618718543013,0.05325,0.059618718543013,3.9,0.008685080547577913,0.08040761608721476,-0.2033056269851817,-0.47724325583375987,-47.724325583375986,-0.6486390394343006,-2.528437440113442,source_normalization_systematic_sigma is shared/correlated across bins in this proton-energy source; do not treat these per-bin normalized residuals as independent chi-square contributions.
BC501A,68,200,0,38,39,0.432,13.1,JAERI_68MEV_BC501A_T200_FE000,JAERI_68MEV_PEAK_4.00E9_N_SR_UC,0.0,4.0,4000000000.0,N002_JAERI_TIARA_68MEV__TRANS__JAERI_68MEV_BC501A_T200_FE000,N002_JAERI_TIARA_68MEV__TRANS__JAERI_68MEV_BC501A_T200_FE000,0.2404311850554536,0.0625527998241216,0.056591999999999996,0.0625527998241216,3.9,0.00937681621716269,0.08487303406976254,-0.1915688149445464,-0.4434463308901537,-44.34463308901537,-0.5859916724676586,-2.257122265560623,source_normalization_systematic_sigma is shared/correlated across bins in this proton-energy source; do not treat these per-bin normalized residuals as independent chi-square contributions.
BC501A,68,200,0,37,38,0.434,13.4,JAERI_68MEV_BC501A_T200_FE000,JAERI_68MEV_PEAK_4.00E9_N_SR_UC,0.0,4.0,4000000000.0,N002_JAERI_TIARA_68MEV__TRANS__JAERI_68MEV_BC501A_T200_FE000,N002_JAERI_TIARA_68MEV__TRANS__JAERI_68MEV_BC501A_T200_FE000,0.197899343372921,0.0553439244533897,0.058156,0.0553439244533897,3.9,0.007718074391543919,0.08065134209804517,-0.236100656627079,-0.5440107295554816,-54.40107295554816,-0.7852859994715127,-2.92742377851641,source_normalization_systematic_sigma is shared/correlated across bins in this proton-energy source; do not treat these per-bin normalized residuals as independent chi-square contributions.
BC501A,68,200,0,36,37,0.425,13.2,JAERI_68MEV_BC501A_T200_FE000,JAERI_68MEV_PEAK_4.00E9_N_SR_UC,0.0,4.0,4000000000.0,N002_JAERI_TIARA_68MEV__TRANS__JAERI_68MEV_BC501A_T200_FE000,N002_JAERI_TIARA_68MEV__TRANS__JAERI_68MEV_BC501A_T200_FE000,0.258799365899877,0.0597595069258171,0.0561,0.0597595069258171,3.9,0.010093175270095203,0.08258499170581567,-0.16620063410012298,-0.39106031552970116,-39.106031552970116,-0.49603605645570764,-2.0124798788157907,source_normalization_systematic_sigma is shared/correlated across bins in this proton-energy source; do not treat these per-bin normalized residuals as independent chi-square contributions.
BC501A,68,200,0,35,36,0.404,12.9,JAERI_68MEV_BC501A_T200_FE000,JAERI_68MEV_PEAK_4.00E9_N_SR_UC,0.0,4.0,4000000000.0,N002_JAERI_TIARA_68MEV__TRANS__JAERI_68MEV_BC501A_T200_FE000,N002_JAERI_TIARA_68MEV__TRANS__JAERI_68MEV_BC501A_T200_FE000,0.3064940801166079,0.0663493571549976,0.05211600000000001,0.0663493571549976,3.9,0.011953269124547708,0.08521264749815778,-0.09750591988339213,-0.24135128684007953,-24.135128684007952,-0.2762164372359853,-1.1442658190557935,source_normalization_systematic_sigma is shared/correlated across bins in this proton-energy source; do not treat these per-bin normalized residuals as independent chi-square contributions.
BC501A,68,200,0,34,35,0.374,12.7,JAERI_68MEV_BC501A_T200_FE000,JAERI_68MEV_PEAK_4.00E9_N_SR_UC,0.0,4.0,4000000000.0,N002_JAERI_TIARA_68MEV__TRANS__JAERI_68MEV_BC501A_T200_FE000,N002_JAERI_TIARA_68MEV__TRANS__JAERI_68MEV_BC501A_T200_FE000,0.258475121719666,0.059791822046787,0.047498,0.059791822046787,3.9,0.010080529747066976,0.07702427583337701,-0.11552487828033398,-0.30889004887789834,-30.889004887789834,-0.36945634902722874,-1.4998502359209909,source_normalization_systematic_sigma is shared/correlated across bins in this proton-energy source; do not treat these per-bin normalized residuals as independent chi-square contributions.
BC501A,68,200,0,33,34,0.338,12.8,JAERI_68MEV_BC501A_T200_FE000,JAERI_68MEV_PEAK_4.00E9_N_SR_UC,0.0,4.0,4000000000.0,N002_JAERI_TIARA_68MEV__TRANS__JAERI_68MEV_BC501A_T200_FE000,N002_JAERI_TIARA_68MEV__TRANS__JAERI_68MEV_BC501A_T200_FE000,0.1706042715946097,0.0424782397892996,0.043264000000000004,0.0424782397892996,3.9,0.006653566592189778,0.060995446551311845,-0.16739572840539033,-0.4952536343354743,-49.52536343354743,-0.6836992220835111,-2.744397129129471,source_normalization_systematic_sigma is shared/correlated across bins in this proton-energy source; do not treat these per-bin normalized residuals as independent chi-square contributions.
BC501A,68,200,0,32,33,0.302,13.3,JAERI_68MEV_BC501A_T200_FE000,JAERI_68MEV_PEAK_4.00E9_N_SR_UC,0.0,4.0,4000000000.0,N002_JAERI_TIARA_68MEV__TRANS__JAERI_68MEV_BC501A_T200_FE000,N002_JAERI_TIARA_68MEV__TRANS__JAERI_68MEV_BC501A_T200_FE000,0.1989338818930833,0.0486341398223123,0.04016600000000001,0.0486341398223123,3.9,0.007758421393830249,0.06355139821263153,-0.10306611810691668,-0.34127853677786985,-34.12785367778699,-0.4174544996517845,-1.6217757752878388,source_normalization_systematic_sigma is shared/correlated across bins in this proton-energy source; do not treat these per-bin normalized residuals as independent chi-square contributions.
BC501A,68,200,0,31,32,0.272,14.1,JAERI_68MEV_BC501A_T200_FE000,JAERI_68MEV_PEAK_4.00E9_N_SR_UC,0.0,4.0,4000000000.0,N002_JAERI_TIARA_68MEV__TRANS__JAERI_68MEV_BC501A_T200_FE000,N002_JAERI_TIARA_68MEV__TRANS__JAERI_68MEV_BC501A_T200_FE000,0.1572505883744347,0.0381495261178358,0.038352000000000004,0.0381495261178358,3.9,0.006132772946602954,0.05444146536446297,-0.11474941162556532,-0.421872836858696,-42.187283685869595,-0.5479614290726242,-2.1077575861958477,source_normalization_systematic_sigma is shared/correlated across bins in this proton-energy source; do not treat these per-bin normalized residuals as independent chi-square contributions.
BC501A,68,200,0,30,31,0.25,14.3,JAERI_68MEV_BC501A_T200_FE000,JAERI_68MEV_PEAK_4.00E9_N_SR_UC,0.0,4.0,4000000000.0,N002_JAERI_TIARA_68MEV__TRANS__JAERI_68MEV_BC501A_T200_FE000,N002_JAERI_TIARA_68MEV__TRANS__JAERI_68MEV_BC501A_T200_FE000,0.1227553001821676,0.0325728640391384,0.035750000000000004,0.0325728640391384,3.9,0.004787456707104536,0.048600141084513285,-0.1272446998178324,-0.5089787992713296,-50.89787992713296,-0.7112679734463254,-2.618196099401441,source_normalization_systematic_sigma is shared/correlated across bins in this proton-energy source; do not treat these per-bin normalized residuals as independent chi-square contributions.
BC501A,68,200,0,29,30,0.236,13.7,JAERI_68MEV_BC501A_T200_FE000,JAERI_68MEV_PEAK_4.00E9_N_SR_UC,0.0,4.0,4000000000.0,N002_JAERI_TIARA_68MEV__TRANS__JAERI_68MEV_BC501A_T200_FE000,N002_JAERI_TIARA_68MEV__TRANS__JAERI_68MEV_BC501A_T200_FE000,0.1590724988821313,0.0387052004105314,0.032332,0.0387052004105314,3.9,0.0062038274564031205,0.05081277632572561,-0.0769275011178687,-0.32596398778757923,-32.59639877875792,-0.3944717389149662,-1.5139401284578435,source_normalization_systematic_sigma is shared/correlated across bins in this proton-energy source; do not treat these per-bin normalized residuals as independent chi-square contributions.
BC501A,68,200,0,28,29,0.225,13.2,JAERI_68MEV_BC501A_T200_FE000,JAERI_68MEV_PEAK_4.00E9_N_SR_UC,0.0,4.0,4000000000.0,N002_JAERI_TIARA_68MEV__TRANS__JAERI_68MEV_BC501A_T200_FE000,N002_JAERI_TIARA_68MEV__TRANS__JAERI_68MEV_BC501A_T200_FE000,0.1898468111135567,0.045275149685625,0.029699999999999997,0.045275149685625,3.9,0.007404025633428711,0.05465115529095628,-0.03515318888644331,-0.15623639505085915,-15.623639505085915,-0.16988291254122706,-0.6432286508728295,source_normalization_systematic_sigma is shared/correlated across bins in this proton-energy source; do not treat these per-bin normalized residuals as independent chi-square contributions.
BC501A,68,200,0,27,28,0.213,13.9,JAERI_68MEV_BC501A_T200_FE000,JAERI_68MEV_PEAK_4.00E9_N_SR_UC,0.0,4.0,4000000000.0,N002_JAERI_TIARA_68MEV__TRANS__JAERI_68MEV_BC501A_T200_FE000,N002_JAERI_TIARA_68MEV__TRANS__JAERI_68MEV_BC501A_T200_FE000,0.1644445103193157,0.039761574518437,0.029607,0.039761574518437,3.9,0.006413335902453312,0.04998687962438659,-0.048555489680684294,-0.22796004544922205,-22.796004544922205,-0.2587189756971306,-0.971364687004708,source_normalization_systematic_sigma is shared/correlated across bins in this proton-energy source; do not treat these per-bin normalized residuals as independent chi-square contributions.
BC501A,68,200,0,26,27,0.2,15.7,JAERI_68MEV_BC501A_T200_FE000,JAERI_68MEV_PEAK_4.00E9_N_SR_UC,0.0,4.0,4000000000.0,N002_JAERI_TIARA_68MEV__TRANS__JAERI_68MEV_BC501A_T200_FE000,N002_JAERI_TIARA_68MEV__TRANS__JAERI_68MEV_BC501A_T200_FE000,0.1375623208062575,0.0380283207816154,0.031400000000000004,0.0380283207816154,3.9,0.005364930511444043,0.04960741538179616,-0.06243767919374252,-0.31218839596871256,-31.218839596871256,-0.37424030989731616,-1.2586360065970001,source_normalization_systematic_sigma is shared/correlated across bins in this proton-energy source; do not treat these per-bin normalized residuals as independent chi-square contributions.
BC501A,68,200,0,25,26,0.187,18.2,JAERI_68MEV_BC501A_T200_FE000,JAERI_68MEV_PEAK_4.00E9_N_SR_UC,0.0,4.0,4000000000.0,N002_JAERI_TIARA_68MEV__TRANS__JAERI_68MEV_BC501A_T200_FE000,N002_JAERI_TIARA_68MEV__TRANS__JAERI_68MEV_BC501A_T200_FE000,0.1680475944307554,0.0417679640480948,0.034034,0.0417679640480948,3.9,0.00655385618279946,0.054275491776563003,-0.0189524055692446,-0.10134976240237754,-10.134976240237755,-0.10686137739017924,-0.3491890160528871,source_normalization_systematic_sigma is shared/correlated across bins in this proton-energy source; do not treat these per-bin normalized residuals as independent chi-square contributions.
BC501A,68,200,0,24,25,0.176,20.1,JAERI_68MEV_BC501A_T200_FE000,JAERI_68MEV_PEAK_4.00E9_N_SR_UC,0.0,4.0,4000000000.0,N002_JAERI_TIARA_68MEV__TRANS__JAERI_68MEV_BC501A_T200_FE000,N002_JAERI_TIARA_68MEV__TRANS__JAERI_68MEV_BC501A_T200_FE000,0.1742916076967898,0.0409242003962546,0.035376,0.0409242003962546,3.9,0.006797372700174802,0.054520233213898546,-0.0017083923032101822,-0.009706774450057853,-0.9706774450057853,-0.00975419228415329,-0.03133501459004528,source_normalization_systematic_sigma is shared/correlated across bins in this proton-energy source; do not treat these per-bin normalized residuals as independent chi-square contributions.
BC501A,68,200,0,23,24,0.165,20.0,JAERI_68MEV_BC501A_T200_FE000,JAERI_68MEV_PEAK_4.00E9_N_SR_UC,0.0,4.0,4000000000.0,N002_JAERI_TIARA_68MEV__TRANS__JAERI_68MEV_BC501A_T200_FE000,N002_JAERI_TIARA_68MEV__TRANS__JAERI_68MEV_BC501A_T200_FE000,0.1191476421469581,0.0311961400821444,0.033,0.0311961400821444,3.9,0.004646758043731366,0.04564856532621544,-0.04585235785304191,-0.2778930778972237,-27.78930778972237,-0.3255820594986909,-1.0044643796660448,source_normalization_systematic_sigma is shared/correlated across bins in this proton-energy source; do not treat these per-bin normalized residuals as independent chi-square contributions.
BC501A,68,200,0,22,23,0.154,17.5,JAERI_68MEV_BC501A_T200_FE000,JAERI_68MEV_PEAK_4.00E9_N_SR_UC,0.0,4.0,4000000000.0,N002_JAERI_TIARA_68MEV__TRANS__JAERI_68MEV_BC501A_T200_FE000,N002_JAERI_TIARA_68MEV__TRANS__JAERI_68MEV_BC501A_T200_FE000,0.1231147750036162,0.0326439748033319,0.026949999999999998,0.0326439748033319,3.9,0.0048014762251410315,0.04260264974037604,-0.030885224996383798,-0.20055340906742727,-20.055340906742728,-0.2238355520257666,-0.7249601887347579,source_normalization_systematic_sigma is shared/correlated across bins in this proton-energy source; do not treat these per-bin normalized residuals as independent chi-square contributions.
BC501A,68,200,0,21,22,0.142,13.5,JAERI_68MEV_BC501A_T200_FE000,JAERI_68MEV_PEAK_4.00E9_N_SR_UC,0.0,4.0,4000000000.0,N002_JAERI_TIARA_68MEV__TRANS__JAERI_68MEV_BC501A_T200_FE000,N002_JAERI_TIARA_68MEV__TRANS__JAERI_68MEV_BC501A_T200_FE000,0.1552166508668868,0.0363671854825187,0.01917,0.0363671854825187,3.9,0.0060534493838085845,0.04155364399619186,0.013216650866886809,0.0930750061048367,9.30750061048367,0.08899483090651718,0.3180623790322224,source_normalization_systematic_sigma is shared/correlated across bins in this proton-energy source; do not treat these per-bin normalized residuals as independent chi-square contributions.
BC501A,68,200,0,20,21,0.13,9.5,JAERI_68MEV_BC501A_T200_FE000,JAERI_68MEV_PEAK_4.00E9_N_SR_UC,0.0,4.0,4000000000.0,N002_JAERI_TIARA_68MEV__TRANS__JAERI_68MEV_BC501A_T200_FE000,N002_JAERI_TIARA_68MEV__TRANS__JAERI_68MEV_BC501A_T200_FE000,0.1005275223677585,0.0260147792278306,0.012350000000000002,0.0260147792278306,3.9,0.003920573372342581,0.029063071651852086,-0.029472477632241506,-0.22671136640185774,-22.671136640185775,-0.25710290604216796,-1.014086810413356,source_normalization_systematic_sigma is shared/correlated across bins in this proton-energy source; do not treat these per-bin normalized residuals as independent chi-square contributions.
BC501A,68,200,0,19,20,0.119,16.7,JAERI_68MEV_BC501A_T200_FE000,JAERI_68MEV_PEAK_4.00E9_N_SR_UC,0.0,4.0,4000000000.0,N002_JAERI_TIARA_68MEV__TRANS__JAERI_68MEV_BC501A_T200_FE000,N002_JAERI_TIARA_68MEV__TRANS__JAERI_68MEV_BC501A_T200_FE000,0.1175863287835938,0.027360152959807,0.019873,0.027360152959807,3.9,0.004585866822560158,0.03412541975563515,-0.0014136712164061899,-0.011879590053833529,-1.1879590053833529,-0.011950716244960458,-0.04142575319305045,source_normalization_systematic_sigma is shared/correlated across bins in this proton-energy source; do not treat these per-bin normalized residuals as independent chi-square contributions.
BC501A,68,200,0,18,19,0.11,24.5,JAERI_68MEV_BC501A_T200_FE000,JAERI_68MEV_PEAK_4.00E9_N_SR_UC,0.0,4.0,4000000000.0,N002_JAERI_TIARA_68MEV__TRANS__JAERI_68MEV_BC501A_T200_FE000,N002_JAERI_TIARA_68MEV__TRANS__JAERI_68MEV_BC501A_T200_FE000,0.1061097545712128,0.0244458134392711,0.026949999999999998,0.0244458134392711,3.9,0.004138280428277299,0.03662001719839452,-0.0038902454287872007,-0.0353658675344291,-3.53658675344291,-0.036006386875261746,-0.10623275810361321,source_normalization_systematic_sigma is shared/correlated across bins in this proton-energy source; do not treat these per-bin normalized residuals as independent chi-square contributions.
BC501A,68,200,0,17,18,0.102,27.6,JAERI_68MEV_BC501A_T200_FE000,JAERI_68MEV_PEAK_4.00E9_N_SR_UC,0.0,4.0,4000000000.0,N002_JAERI_TIARA_68MEV__TRANS__JAERI_68MEV_BC501A_T200_FE000,N002_JAERI_TIARA_68MEV__TRANS__JAERI_68MEV_BC501A_T200_FE000,0.0920844095605756,0.023498056363528,0.028152,0.023498056363528,3.9,0.0035912919728624485,0.03684550359131878,-0.009915590439424388,-0.0972116709747489,-9.72116709747489,-0.10226716165305418,-0.2691126317448573,source_normalization_systematic_sigma is shared/correlated across bins in this proton-energy source; do not treat these per-bin normalized residuals as independent chi-square contributions.
BC501A,68,200,0,16,17,0.0963,23.8,JAERI_68MEV_BC501A_T200_FE000,JAERI_68MEV_PEAK_4.00E9_N_SR_UC,0.0,4.0,4000000000.0,N002_JAERI_TIARA_68MEV__TRANS__JAERI_68MEV_BC501A_T200_FE000,N002_JAERI_TIARA_68MEV__TRANS__JAERI_68MEV_BC501A_T200_FE000,0.1430175134391897,0.0305053233508215,0.0229194,0.0305053233508215,3.9,0.005577683024128398,0.03856143406326878,0.0467175134391897,0.48512475014734896,48.512475014734896,0.3954987755595182,1.2115087152241026,source_normalization_systematic_sigma is shared/correlated across bins in this proton-energy source; do not treat these per-bin normalized residuals as independent chi-square contributions.
BC501A,68,200,0,15,16,0.0914,15.3,JAERI_68MEV_BC501A_T200_FE000,JAERI_68MEV_PEAK_4.00E9_N_SR_UC,0.0,4.0,4000000000.0,N002_JAERI_TIARA_68MEV__TRANS__JAERI_68MEV_BC501A_T200_FE000,N002_JAERI_TIARA_68MEV__TRANS__JAERI_68MEV_BC501A_T200_FE000,0.080853174529394,0.0201305267585569,0.0139842,0.0201305267585569,3.9,0.0031532738066463663,0.02471313603969876,-0.010546825470605994,-0.11539196357336975,-11.539196357336975,-0.12261062877498989,-0.42677001630484107,source_normalization_systematic_sigma is shared/correlated across bins in this proton-energy source; do not treat these per-bin normalized residuals as independent chi-square contributions.
BC501A,68,200,0,14,15,0.0872,12.0,JAERI_68MEV_BC501A_T200_FE000,JAERI_68MEV_PEAK_4.00E9_N_SR_UC,0.0,4.0,4000000000.0,N002_JAERI_TIARA_68MEV__TRANS__JAERI_68MEV_BC501A_T200_FE000,N002_JAERI_TIARA_68MEV__TRANS__JAERI_68MEV_BC501A_T200_FE000,0.0694295273851181,0.0181543949043649,0.010464,0.0181543949043649,3.9,0.0027077515680196057,0.021128399582025677,-0.017770472614881905,-0.20378982356515946,-20.378982356515944,-0.22789208724309024,-0.8410704533437344,source_normalization_systematic_sigma is shared/correlated across bins in this proton-energy source; do not treat these per-bin normalized residuals as independent chi-square contributions.
BC501A,68,200,0,13,14,0.0851,7.7,JAERI_68MEV_BC501A_T200_FE000,JAERI_68MEV_PEAK_4.00E9_N_SR_UC,0.0,4.0,4000000000.0,N002_JAERI_TIARA_68MEV__TRANS__JAERI_68MEV_BC501A_T200_FE000,N002_JAERI_TIARA_68MEV__TRANS__JAERI_68MEV_BC501A_T200_FE000,0.1063765071153454,0.0239211388704617,0.0065527,0.0239211388704617,3.9,0.00414868377749847,0.02514697475315058,0.0212765071153454,0.2500177099335535,25.00177099335535,0.22315771916068808,0.8460861524776351,source_normalization_systematic_sigma is shared/correlated across bins in this proton-energy source; do not treat these per-bin normalized residuals as independent chi-square contributions.
BC501A,68,200,0,12,13,0.0861,12.0,JAERI_68MEV_BC501A_T200_FE000,JAERI_68MEV_PEAK_4.00E9_N_SR_UC,0.0,4.0,4000000000.0,N002_JAERI_TIARA_68MEV__TRANS__JAERI_68MEV_BC501A_T200_FE000,N002_JAERI_TIARA_68MEV__TRANS__JAERI_68MEV_BC501A_T200_FE000,0.1007544975642825,0.0213892918312126,0.010332,0.0213892918312126,3.9,0.003929425405007017,0.02407680238433444,0.014654497564282498,0.17020322374311844,17.020322374311846,0.15717742923328554,0.6086563045355823,source_normalization_systematic_sigma is shared/correlated across bins in this proton-energy source; do not treat these per-bin normalized residuals as independent chi-square contributions.
BC501A,68,200,0,11,12,0.0888,14.1,JAERI_68MEV_BC501A_T200_FE000,JAERI_68MEV_PEAK_4.00E9_N_SR_UC,0.0,4.0,4000000000.0,N002_JAERI_TIARA_68MEV__TRANS__JAERI_68MEV_BC501A_T200_FE000,N002_JAERI_TIARA_68MEV__TRANS__JAERI_68MEV_BC501A_T200_FE000,0.0922347320915817,0.0179561985431912,0.0125208,0.0179561985431912,3.9,0.0035971545515716863,0.0221841163815554,0.0034347320915816965,0.03867941544573982,3.867941544573982,0.03795011344260649,0.1548284381719817,source_normalization_systematic_sigma is shared/correlated across bins in this proton-energy source; do not treat these per-bin normalized residuals as independent chi-square contributions.
BC501A,68,200,0,10,11,0.0901,13.7,JAERI_68MEV_BC501A_T200_FE000,JAERI_68MEV_PEAK_4.00E9_N_SR_UC,0.0,4.0,4000000000.0,N002_JAERI_TIARA_68MEV__TRANS__JAERI_68MEV_BC501A_T200_FE000,N002_JAERI_TIARA_68MEV__TRANS__JAERI_68MEV_BC501A_T200_FE000,0.0760402970825476,0.0165443957952191,0.012343699999999999,0.0165443957952191,3.9,0.0029655715862193567,0.020853742511881528,-0.014059702917452399,-0.1560455373746104,-15.60455373746104,-0.1696567400770825,-0.674205261211114,source_normalization_systematic_sigma is shared/correlated across bins in this proton-energy source; do not treat these per-bin normalized residuals as independent chi-square contributions.
BC501A,68,200,0,9,10,0.0911,11.5,JAERI_68MEV_BC501A_T200_FE000,JAERI_68MEV_PEAK_4.00E9_N_SR_UC,0.0,4.0,4000000000.0,N002_JAERI_TIARA_68MEV__TRANS__JAERI_68MEV_BC501A_T200_FE000,N002_JAERI_TIARA_68MEV__TRANS__JAERI_68MEV_BC501A_T200_FE000,0.0698373843084174,0.0142881962949586,0.0104765,0.0142881962949586,3.9,0.0027236579880282785,0.01792562184274283,-0.021262615691582595,-0.23339863547291542,-23.339863547291543,-0.2657883460645498,-1.18615777338797,source_normalization_systematic_sigma is shared/correlated across bins in this proton-energy source; do not treat these per-bin normalized residuals as independent chi-square contributions.
BC501A,68,200,0,8,9,0.0962,7.3,JAERI_68MEV_BC501A_T200_FE000,JAERI_68MEV_PEAK_4.00E9_N_SR_UC,0.0,4.0,4000000000.0,N002_JAERI_TIARA_68MEV__TRANS__JAERI_68MEV_BC501A_T200_FE000,N002_JAERI_TIARA_68MEV__TRANS__JAERI_68MEV_BC501A_T200_FE000,0.071682570995093,0.0137085095682183,0.007022599999999999,0.0137085095682183,3.9,0.002795620268808627,0.015654253033259246,-0.024517429004907,-0.25485892936493765,-25.485892936493766,-0.2941817219711368,-1.5661832572155903,source_normalization_systematic_sigma is shared/correlated across bins in this proton-energy source; do not treat these per-bin normalized residuals as independent chi-square contributions.
BC501A,68,200,0,7,8,0.104,8.8,JAERI_68MEV_BC501A_T200_FE000,JAERI_68MEV_PEAK_4.00E9_N_SR_UC,0.0,4.0,4000000000.0,N002_JAERI_TIARA_68MEV__TRANS__JAERI_68MEV_BC501A_T200_FE000,N002_JAERI_TIARA_68MEV__TRANS__JAERI_68MEV_BC501A_T200_FE000,0.0805769344654585,0.0147297369408741,0.009152,0.0147297369408741,3.9,0.0031425004441528815,0.017623835093101958,-0.0234230655345415,-0.22522178398597598,-22.522178398597596,-0.2551784634691942,-1.3290560999239822,source_normalization_systematic_sigma is shared/correlated across bins in this proton-energy source; do not treat these per-bin normalized residuals as independent chi-square contributions.
BC501A,68,200,0,6,7,0.11,11.9,JAERI_68MEV_BC501A_T200_FE000,JAERI_68MEV_PEAK_4.00E9_N_SR_UC,0.0,4.0,4000000000.0,N002_JAERI_TIARA_68MEV__TRANS__JAERI_68MEV_BC501A_T200_FE000,N002_JAERI_TIARA_68MEV__TRANS__JAERI_68MEV_BC501A_T200_FE000,0.0928222919900978,0.0141811133856001,0.01309,0.0141811133856001,3.9,0.003620069387613814,0.019635604885676044,-0.017177708009902204,-0.15616098190820185,-15.616098190820185,-0.16979353943682685,-0.8748244889788525,source_normalization_systematic_sigma is shared/correlated across bins in this proton-energy source; do not treat these per-bin normalized residuals as independent chi-square contributions.
