record_id,benchmark_id,data_origin,particle,material,material_density_g_cm3,source_definition,source_proton_MeV,beam_nominal_MV,geometry_id,source_normalization_id,additional_iron_collimator_cm,energy_MeV,energy_lower_MeV,energy_upper_MeV,penetration_mfp,shield_thickness_cm,depth_cm,off_axis_cm,observable,value,unit,uncertainty_abs,uncertainty_percent,detector_or_score,quality_flag,quality_note,provenance,source_file
P001_NIST_ORDINARY_CONCRETE_MU_OVER_RHO_0000,P001_NIST_ORDINARY_CONCRETE,external_reference,photon,NIST ordinary concrete,2.3,monoenergetic photon,,,P001_INFINITE_MEDIUM_COEFFICIENT,NOT_APPLICABLE,,0.001,,,,,,,mu_over_rho,3466.0,cm2/g,,,NIST coefficient; edge_side=none,OK,,NIST X-Ray Mass Attenuation Coefficients,nist_ordinary_concrete_attenuation.csv
P001_NIST_ORDINARY_CONCRETE_MU_EN_OVER_RHO_0000,P001_NIST_ORDINARY_CONCRETE,external_reference,photon,NIST ordinary concrete,2.3,monoenergetic photon,,,P001_INFINITE_MEDIUM_COEFFICIENT,NOT_APPLICABLE,,0.001,,,,,,,mu_en_over_rho,3456.0,cm2/g,,,NIST coefficient; edge_side=none,OK,mu_en/rho is reference-only in current Geant4 baseline,NIST X-Ray Mass Attenuation Coefficients,nist_ordinary_concrete_attenuation.csv
P001_NIST_ORDINARY_CONCRETE_MU_OVER_RHO_0001,P001_NIST_ORDINARY_CONCRETE,external_reference,photon,NIST ordinary concrete,2.3,monoenergetic photon,,,P001_INFINITE_MEDIUM_COEFFICIENT,NOT_APPLICABLE,,0.00103542,,,,,,,mu_over_rho,3164.0,cm2/g,,,NIST coefficient; edge_side=none,OK,,NIST X-Ray Mass Attenuation Coefficients,nist_ordinary_concrete_attenuation.csv
P001_NIST_ORDINARY_CONCRETE_MU_EN_OVER_RHO_0001,P001_NIST_ORDINARY_CONCRETE,external_reference,photon,NIST ordinary concrete,2.3,monoenergetic photon,,,P001_INFINITE_MEDIUM_COEFFICIENT,NOT_APPLICABLE,,0.00103542,,,,,,,mu_en_over_rho,3156.0,cm2/g,,,NIST coefficient; edge_side=none,OK,mu_en/rho is reference-only in current Geant4 baseline,NIST X-Ray Mass Attenuation Coefficients,nist_ordinary_concrete_attenuation.csv
P001_NIST_ORDINARY_CONCRETE_MU_OVER_RHO_0002,P001_NIST_ORDINARY_CONCRETE,external_reference,photon,NIST ordinary concrete,2.3,monoenergetic photon,,,P001_INFINITE_MEDIUM_COEFFICIENT,NOT_APPLICABLE,,0.0010721,,,,,,,mu_over_rho,2889.0,cm2/g,,,NIST coefficient; edge_side=pre_edge,OK,,NIST X-Ray Mass Attenuation Coefficients,nist_ordinary_concrete_attenuation.csv
P001_NIST_ORDINARY_CONCRETE_MU_EN_OVER_RHO_0002,P001_NIST_ORDINARY_CONCRETE,external_reference,photon,NIST ordinary concrete,2.3,monoenergetic photon,,,P001_INFINITE_MEDIUM_COEFFICIENT,NOT_APPLICABLE,,0.0010721,,,,,,,mu_en_over_rho,2880.0,cm2/g,,,NIST coefficient; edge_side=pre_edge,OK,mu_en/rho is reference-only in current Geant4 baseline,NIST X-Ray Mass Attenuation Coefficients,nist_ordinary_concrete_attenuation.csv
P001_NIST_ORDINARY_CONCRETE_MU_OVER_RHO_0003,P001_NIST_ORDINARY_CONCRETE,external_reference,photon,NIST ordinary concrete,2.3,monoenergetic photon,,,P001_INFINITE_MEDIUM_COEFFICIENT,NOT_APPLICABLE,,0.0010721,,,,,,,mu_over_rho,2978.0,cm2/g,,,NIST coefficient; edge_side=post_edge,OK,,NIST X-Ray Mass Attenuation Coefficients,nist_ordinary_concrete_attenuation.csv
P001_NIST_ORDINARY_CONCRETE_MU_EN_OVER_RHO_0003,P001_NIST_ORDINARY_CONCRETE,external_reference,photon,NIST ordinary concrete,2.3,monoenergetic photon,,,P001_INFINITE_MEDIUM_COEFFICIENT,NOT_APPLICABLE,,0.0010721,,,,,,,mu_en_over_rho,2968.0,cm2/g,,,NIST coefficient; edge_side=post_edge,OK,mu_en/rho is reference-only in current Geant4 baseline,NIST X-Ray Mass Attenuation Coefficients,nist_ordinary_concrete_attenuation.csv
P001_NIST_ORDINARY_CONCRETE_MU_OVER_RHO_0004,P001_NIST_ORDINARY_CONCRETE,external_reference,photon,NIST ordinary concrete,2.3,monoenergetic photon,,,P001_INFINITE_MEDIUM_COEFFICIENT,NOT_APPLICABLE,,0.00118283,,,,,,,mu_over_rho,2302.0,cm2/g,,,NIST coefficient; edge_side=none,OK,,NIST X-Ray Mass Attenuation Coefficients,nist_ordinary_concrete_attenuation.csv
P001_NIST_ORDINARY_CONCRETE_MU_EN_OVER_RHO_0004,P001_NIST_ORDINARY_CONCRETE,external_reference,photon,NIST ordinary concrete,2.3,monoenergetic photon,,,P001_INFINITE_MEDIUM_COEFFICIENT,NOT_APPLICABLE,,0.00118283,,,,,,,mu_en_over_rho,2295.0,cm2/g,,,NIST coefficient; edge_side=none,OK,mu_en/rho is reference-only in current Geant4 baseline,NIST X-Ray Mass Attenuation Coefficients,nist_ordinary_concrete_attenuation.csv
P001_NIST_ORDINARY_CONCRETE_MU_OVER_RHO_0005,P001_NIST_ORDINARY_CONCRETE,external_reference,photon,NIST ordinary concrete,2.3,monoenergetic photon,,,P001_INFINITE_MEDIUM_COEFFICIENT,NOT_APPLICABLE,,0.001305,,,,,,,mu_over_rho,1775.0,cm2/g,,,NIST coefficient; edge_side=pre_edge,OK,,NIST X-Ray Mass Attenuation Coefficients,nist_ordinary_concrete_attenuation.csv
P001_NIST_ORDINARY_CONCRETE_MU_EN_OVER_RHO_0005,P001_NIST_ORDINARY_CONCRETE,external_reference,photon,NIST ordinary concrete,2.3,monoenergetic photon,,,P001_INFINITE_MEDIUM_COEFFICIENT,NOT_APPLICABLE,,0.001305,,,,,,,mu_en_over_rho,1769.0,cm2/g,,,NIST coefficient; edge_side=pre_edge,OK,mu_en/rho is reference-only in current Geant4 baseline,NIST X-Ray Mass Attenuation Coefficients,nist_ordinary_concrete_attenuation.csv
P001_NIST_ORDINARY_CONCRETE_MU_OVER_RHO_0006,P001_NIST_ORDINARY_CONCRETE,external_reference,photon,NIST ordinary concrete,2.3,monoenergetic photon,,,P001_INFINITE_MEDIUM_COEFFICIENT,NOT_APPLICABLE,,0.001305,,,,,,,mu_over_rho,1781.0,cm2/g,,,NIST coefficient; edge_side=post_edge,OK,,NIST X-Ray Mass Attenuation Coefficients,nist_ordinary_concrete_attenuation.csv
P001_NIST_ORDINARY_CONCRETE_MU_EN_OVER_RHO_0006,P001_NIST_ORDINARY_CONCRETE,external_reference,photon,NIST ordinary concrete,2.3,monoenergetic photon,,,P001_INFINITE_MEDIUM_COEFFICIENT,NOT_APPLICABLE,,0.001305,,,,,,,mu_en_over_rho,1775.0,cm2/g,,,NIST coefficient; edge_side=post_edge,OK,mu_en/rho is reference-only in current Geant4 baseline,NIST X-Ray Mass Attenuation Coefficients,nist_ordinary_concrete_attenuation.csv
P001_NIST_ORDINARY_CONCRETE_MU_OVER_RHO_0007,P001_NIST_ORDINARY_CONCRETE,external_reference,photon,NIST ordinary concrete,2.3,monoenergetic photon,,,P001_INFINITE_MEDIUM_COEFFICIENT,NOT_APPLICABLE,,0.0015,,,,,,,mu_over_rho,1227.0,cm2/g,,,NIST coefficient; edge_side=none,OK,,NIST X-Ray Mass Attenuation Coefficients,nist_ordinary_concrete_attenuation.csv
P001_NIST_ORDINARY_CONCRETE_MU_EN_OVER_RHO_0007,P001_NIST_ORDINARY_CONCRETE,external_reference,photon,NIST ordinary concrete,2.3,monoenergetic photon,,,P001_INFINITE_MEDIUM_COEFFICIENT,NOT_APPLICABLE,,0.0015,,,,,,,mu_en_over_rho,1223.0,cm2/g,,,NIST coefficient; edge_side=none,OK,mu_en/rho is reference-only in current Geant4 baseline,NIST X-Ray Mass Attenuation Coefficients,nist_ordinary_concrete_attenuation.csv
P001_NIST_ORDINARY_CONCRETE_MU_OVER_RHO_0008,P001_NIST_ORDINARY_CONCRETE,external_reference,photon,NIST ordinary concrete,2.3,monoenergetic photon,,,P001_INFINITE_MEDIUM_COEFFICIENT,NOT_APPLICABLE,,0.0015596,,,,,,,mu_over_rho,1104.0,cm2/g,,,NIST coefficient; edge_side=pre_edge,OK,,NIST X-Ray Mass Attenuation Coefficients,nist_ordinary_concrete_attenuation.csv
P001_NIST_ORDINARY_CONCRETE_MU_EN_OVER_RHO_0008,P001_NIST_ORDINARY_CONCRETE,external_reference,photon,NIST ordinary concrete,2.3,monoenergetic photon,,,P001_INFINITE_MEDIUM_COEFFICIENT,NOT_APPLICABLE,,0.0015596,,,,,,,mu_en_over_rho,1100.0,cm2/g,,,NIST coefficient; edge_side=pre_edge,OK,mu_en/rho is reference-only in current Geant4 baseline,NIST X-Ray Mass Attenuation Coefficients,nist_ordinary_concrete_attenuation.csv
P001_NIST_ORDINARY_CONCRETE_MU_OVER_RHO_0009,P001_NIST_ORDINARY_CONCRETE,external_reference,photon,NIST ordinary concrete,2.3,monoenergetic photon,,,P001_INFINITE_MEDIUM_COEFFICIENT,NOT_APPLICABLE,,0.0015596,,,,,,,mu_over_rho,1176.0,cm2/g,,,NIST coefficient; edge_side=post_edge,OK,,NIST X-Ray Mass Attenuation Coefficients,nist_ordinary_concrete_attenuation.csv
P001_NIST_ORDINARY_CONCRETE_MU_EN_OVER_RHO_0009,P001_NIST_ORDINARY_CONCRETE,external_reference,photon,NIST ordinary concrete,2.3,monoenergetic photon,,,P001_INFINITE_MEDIUM_COEFFICIENT,NOT_APPLICABLE,,0.0015596,,,,,,,mu_en_over_rho,1169.0,cm2/g,,,NIST coefficient; edge_side=post_edge,OK,mu_en/rho is reference-only in current Geant4 baseline,NIST X-Ray Mass Attenuation Coefficients,nist_ordinary_concrete_attenuation.csv
P001_NIST_ORDINARY_CONCRETE_MU_OVER_RHO_0010,P001_NIST_ORDINARY_CONCRETE,external_reference,photon,NIST ordinary concrete,2.3,monoenergetic photon,,,P001_INFINITE_MEDIUM_COEFFICIENT,NOT_APPLICABLE,,0.0016935,,,,,,,mu_over_rho,941.9,cm2/g,,,NIST coefficient; edge_side=none,OK,,NIST X-Ray Mass Attenuation Coefficients,nist_ordinary_concrete_attenuation.csv
P001_NIST_ORDINARY_CONCRETE_MU_EN_OVER_RHO_0010,P001_NIST_ORDINARY_CONCRETE,external_reference,photon,NIST ordinary concrete,2.3,monoenergetic photon,,,P001_INFINITE_MEDIUM_COEFFICIENT,NOT_APPLICABLE,,0.0016935,,,,,,,mu_en_over_rho,936.5,cm2/g,,,NIST coefficient; edge_side=none,OK,mu_en/rho is reference-only in current Geant4 baseline,NIST X-Ray Mass Attenuation Coefficients,nist_ordinary_concrete_attenuation.csv
P001_NIST_ORDINARY_CONCRETE_MU_OVER_RHO_0011,P001_NIST_ORDINARY_CONCRETE,external_reference,photon,NIST ordinary concrete,2.3,monoenergetic photon,,,P001_INFINITE_MEDIUM_COEFFICIENT,NOT_APPLICABLE,,0.0018389,,,,,,,mu_over_rho,752.5,cm2/g,,,NIST coefficient; edge_side=pre_edge,OK,,NIST X-Ray Mass Attenuation Coefficients,nist_ordinary_concrete_attenuation.csv
P001_NIST_ORDINARY_CONCRETE_MU_EN_OVER_RHO_0011,P001_NIST_ORDINARY_CONCRETE,external_reference,photon,NIST ordinary concrete,2.3,monoenergetic photon,,,P001_INFINITE_MEDIUM_COEFFICIENT,NOT_APPLICABLE,,0.0018389,,,,,,,mu_en_over_rho,748.2,cm2/g,,,NIST coefficient; edge_side=pre_edge,OK,mu_en/rho is reference-only in current Geant4 baseline,NIST X-Ray Mass Attenuation Coefficients,nist_ordinary_concrete_attenuation.csv
P001_NIST_ORDINARY_CONCRETE_MU_OVER_RHO_0012,P001_NIST_ORDINARY_CONCRETE,external_reference,photon,NIST ordinary concrete,2.3,monoenergetic photon,,,P001_INFINITE_MEDIUM_COEFFICIENT,NOT_APPLICABLE,,0.0018389,,,,,,,mu_over_rho,1631.0,cm2/g,,,NIST coefficient; edge_side=post_edge,OK,,NIST X-Ray Mass Attenuation Coefficients,nist_ordinary_concrete_attenuation.csv
P001_NIST_ORDINARY_CONCRETE_MU_EN_OVER_RHO_0012,P001_NIST_ORDINARY_CONCRETE,external_reference,photon,NIST ordinary concrete,2.3,monoenergetic photon,,,P001_INFINITE_MEDIUM_COEFFICIENT,NOT_APPLICABLE,,0.0018389,,,,,,,mu_en_over_rho,1587.0,cm2/g,,,NIST coefficient; edge_side=post_edge,OK,mu_en/rho is reference-only in current Geant4 baseline,NIST X-Ray Mass Attenuation Coefficients,nist_ordinary_concrete_attenuation.csv
P001_NIST_ORDINARY_CONCRETE_MU_OVER_RHO_0013,P001_NIST_ORDINARY_CONCRETE,external_reference,photon,NIST ordinary concrete,2.3,monoenergetic photon,,,P001_INFINITE_MEDIUM_COEFFICIENT,NOT_APPLICABLE,,0.002,,,,,,,mu_over_rho,1368.0,cm2/g,,,NIST coefficient; edge_side=none,OK,,NIST X-Ray Mass Attenuation Coefficients,nist_ordinary_concrete_attenuation.csv
P001_NIST_ORDINARY_CONCRETE_MU_EN_OVER_RHO_0013,P001_NIST_ORDINARY_CONCRETE,external_reference,photon,NIST ordinary concrete,2.3,monoenergetic photon,,,P001_INFINITE_MEDIUM_COEFFICIENT,NOT_APPLICABLE,,0.002,,,,,,,mu_en_over_rho,1333.0,cm2/g,,,NIST coefficient; edge_side=none,OK,mu_en/rho is reference-only in current Geant4 baseline,NIST X-Ray Mass Attenuation Coefficients,nist_ordinary_concrete_attenuation.csv
P001_NIST_ORDINARY_CONCRETE_MU_OVER_RHO_0014,P001_NIST_ORDINARY_CONCRETE,external_reference,photon,NIST ordinary concrete,2.3,monoenergetic photon,,,P001_INFINITE_MEDIUM_COEFFICIENT,NOT_APPLICABLE,,0.003,,,,,,,mu_over_rho,464.6,cm2/g,,,NIST coefficient; edge_side=none,OK,,NIST X-Ray Mass Attenuation Coefficients,nist_ordinary_concrete_attenuation.csv
P001_NIST_ORDINARY_CONCRETE_MU_EN_OVER_RHO_0014,P001_NIST_ORDINARY_CONCRETE,external_reference,photon,NIST ordinary concrete,2.3,monoenergetic photon,,,P001_INFINITE_MEDIUM_COEFFICIENT,NOT_APPLICABLE,,0.003,,,,,,,mu_en_over_rho,455.2,cm2/g,,,NIST coefficient; edge_side=none,OK,mu_en/rho is reference-only in current Geant4 baseline,NIST X-Ray Mass Attenuation Coefficients,nist_ordinary_concrete_attenuation.csv
P001_NIST_ORDINARY_CONCRETE_MU_OVER_RHO_0015,P001_NIST_ORDINARY_CONCRETE,external_reference,photon,NIST ordinary concrete,2.3,monoenergetic photon,,,P001_INFINITE_MEDIUM_COEFFICIENT,NOT_APPLICABLE,,0.0036074,,,,,,,mu_over_rho,280.4,cm2/g,,,NIST coefficient; edge_side=pre_edge,OK,,NIST X-Ray Mass Attenuation Coefficients,nist_ordinary_concrete_attenuation.csv
P001_NIST_ORDINARY_CONCRETE_MU_EN_OVER_RHO_0015,P001_NIST_ORDINARY_CONCRETE,external_reference,photon,NIST ordinary concrete,2.3,monoenergetic photon,,,P001_INFINITE_MEDIUM_COEFFICIENT,NOT_APPLICABLE,,0.0036074,,,,,,,mu_en_over_rho,275.1,cm2/g,,,NIST coefficient; edge_side=pre_edge,OK,mu_en/rho is reference-only in current Geant4 baseline,NIST X-Ray Mass Attenuation Coefficients,nist_ordinary_concrete_attenuation.csv
P001_NIST_ORDINARY_CONCRETE_MU_OVER_RHO_0016,P001_NIST_ORDINARY_CONCRETE,external_reference,photon,NIST ordinary concrete,2.3,monoenergetic photon,,,P001_INFINITE_MEDIUM_COEFFICIENT,NOT_APPLICABLE,,0.0036074,,,,,,,mu_over_rho,291.1,cm2/g,,,NIST coefficient; edge_side=post_edge,OK,,NIST X-Ray Mass Attenuation Coefficients,nist_ordinary_concrete_attenuation.csv
P001_NIST_ORDINARY_CONCRETE_MU_EN_OVER_RHO_0016,P001_NIST_ORDINARY_CONCRETE,external_reference,photon,NIST ordinary concrete,2.3,monoenergetic photon,,,P001_INFINITE_MEDIUM_COEFFICIENT,NOT_APPLICABLE,,0.0036074,,,,,,,mu_en_over_rho,284.4,cm2/g,,,NIST coefficient; edge_side=post_edge,OK,mu_en/rho is reference-only in current Geant4 baseline,NIST X-Ray Mass Attenuation Coefficients,nist_ordinary_concrete_attenuation.csv
P001_NIST_ORDINARY_CONCRETE_MU_OVER_RHO_0017,P001_NIST_ORDINARY_CONCRETE,external_reference,photon,NIST ordinary concrete,2.3,monoenergetic photon,,,P001_INFINITE_MEDIUM_COEFFICIENT,NOT_APPLICABLE,,0.004,,,,,,,mu_over_rho,218.8,cm2/g,,,NIST coefficient; edge_side=none,OK,,NIST X-Ray Mass Attenuation Coefficients,nist_ordinary_concrete_attenuation.csv
P001_NIST_ORDINARY_CONCRETE_MU_EN_OVER_RHO_0017,P001_NIST_ORDINARY_CONCRETE,external_reference,photon,NIST ordinary concrete,2.3,monoenergetic photon,,,P001_INFINITE_MEDIUM_COEFFICIENT,NOT_APPLICABLE,,0.004,,,,,,,mu_en_over_rho,213.9,cm2/g,,,NIST coefficient; edge_side=none,OK,mu_en/rho is reference-only in current Geant4 baseline,NIST X-Ray Mass Attenuation Coefficients,nist_ordinary_concrete_attenuation.csv
P001_NIST_ORDINARY_CONCRETE_MU_OVER_RHO_0018,P001_NIST_ORDINARY_CONCRETE,external_reference,photon,NIST ordinary concrete,2.3,monoenergetic photon,,,P001_INFINITE_MEDIUM_COEFFICIENT,NOT_APPLICABLE,,0.0040381,,,,,,,mu_over_rho,213.1,cm2/g,,,NIST coefficient; edge_side=pre_edge,OK,,NIST X-Ray Mass Attenuation Coefficients,nist_ordinary_concrete_attenuation.csv
P001_NIST_ORDINARY_CONCRETE_MU_EN_OVER_RHO_0018,P001_NIST_ORDINARY_CONCRETE,external_reference,photon,NIST ordinary concrete,2.3,monoenergetic photon,,,P001_INFINITE_MEDIUM_COEFFICIENT,NOT_APPLICABLE,,0.0040381,,,,,,,mu_en_over_rho,208.4,cm2/g,,,NIST coefficient; edge_side=pre_edge,OK,mu_en/rho is reference-only in current Geant4 baseline,NIST X-Ray Mass Attenuation Coefficients,nist_ordinary_concrete_attenuation.csv
P001_NIST_ORDINARY_CONCRETE_MU_OVER_RHO_0019,P001_NIST_ORDINARY_CONCRETE,external_reference,photon,NIST ordinary concrete,2.3,monoenergetic photon,,,P001_INFINITE_MEDIUM_COEFFICIENT,NOT_APPLICABLE,,0.0040381,,,,,,,mu_over_rho,252.0,cm2/g,,,NIST coefficient; edge_side=post_edge,OK,,NIST X-Ray Mass Attenuation Coefficients,nist_ordinary_concrete_attenuation.csv
P001_NIST_ORDINARY_CONCRETE_MU_EN_OVER_RHO_0019,P001_NIST_ORDINARY_CONCRETE,external_reference,photon,NIST ordinary concrete,2.3,monoenergetic photon,,,P001_INFINITE_MEDIUM_COEFFICIENT,NOT_APPLICABLE,,0.0040381,,,,,,,mu_en_over_rho,241.5,cm2/g,,,NIST coefficient; edge_side=post_edge,OK,mu_en/rho is reference-only in current Geant4 baseline,NIST X-Ray Mass Attenuation Coefficients,nist_ordinary_concrete_attenuation.csv
P001_NIST_ORDINARY_CONCRETE_MU_OVER_RHO_0020,P001_NIST_ORDINARY_CONCRETE,external_reference,photon,NIST ordinary concrete,2.3,monoenergetic photon,,,P001_INFINITE_MEDIUM_COEFFICIENT,NOT_APPLICABLE,,0.005,,,,,,,mu_over_rho,140.1,cm2/g,,,NIST coefficient; edge_side=none,OK,,NIST X-Ray Mass Attenuation Coefficients,nist_ordinary_concrete_attenuation.csv
P001_NIST_ORDINARY_CONCRETE_MU_EN_OVER_RHO_0020,P001_NIST_ORDINARY_CONCRETE,external_reference,photon,NIST ordinary concrete,2.3,monoenergetic photon,,,P001_INFINITE_MEDIUM_COEFFICIENT,NOT_APPLICABLE,,0.005,,,,,,,mu_en_over_rho,134.8,cm2/g,,,NIST coefficient; edge_side=none,OK,mu_en/rho is reference-only in current Geant4 baseline,NIST X-Ray Mass Attenuation Coefficients,nist_ordinary_concrete_attenuation.csv
P001_NIST_ORDINARY_CONCRETE_MU_OVER_RHO_0021,P001_NIST_ORDINARY_CONCRETE,external_reference,photon,NIST ordinary concrete,2.3,monoenergetic photon,,,P001_INFINITE_MEDIUM_COEFFICIENT,NOT_APPLICABLE,,0.006,,,,,,,mu_over_rho,84.01,cm2/g,,,NIST coefficient; edge_side=none,OK,,NIST X-Ray Mass Attenuation Coefficients,nist_ordinary_concrete_attenuation.csv
P001_NIST_ORDINARY_CONCRETE_MU_EN_OVER_RHO_0021,P001_NIST_ORDINARY_CONCRETE,external_reference,photon,NIST ordinary concrete,2.3,monoenergetic photon,,,P001_INFINITE_MEDIUM_COEFFICIENT,NOT_APPLICABLE,,0.006,,,,,,,mu_en_over_rho,80.94,cm2/g,,,NIST coefficient; edge_side=none,OK,mu_en/rho is reference-only in current Geant4 baseline,NIST X-Ray Mass Attenuation Coefficients,nist_ordinary_concrete_attenuation.csv
P001_NIST_ORDINARY_CONCRETE_MU_OVER_RHO_0022,P001_NIST_ORDINARY_CONCRETE,external_reference,photon,NIST ordinary concrete,2.3,monoenergetic photon,,,P001_INFINITE_MEDIUM_COEFFICIENT,NOT_APPLICABLE,,0.007112,,,,,,,mu_over_rho,51.87,cm2/g,,,NIST coefficient; edge_side=pre_edge,OK,,NIST X-Ray Mass Attenuation Coefficients,nist_ordinary_concrete_attenuation.csv
P001_NIST_ORDINARY_CONCRETE_MU_EN_OVER_RHO_0022,P001_NIST_ORDINARY_CONCRETE,external_reference,photon,NIST ordinary concrete,2.3,monoenergetic photon,,,P001_INFINITE_MEDIUM_COEFFICIENT,NOT_APPLICABLE,,0.007112,,,,,,,mu_en_over_rho,49.95,cm2/g,,,NIST coefficient; edge_side=pre_edge,OK,mu_en/rho is reference-only in current Geant4 baseline,NIST X-Ray Mass Attenuation Coefficients,nist_ordinary_concrete_attenuation.csv
P001_NIST_ORDINARY_CONCRETE_MU_OVER_RHO_0023,P001_NIST_ORDINARY_CONCRETE,external_reference,photon,NIST ordinary concrete,2.3,monoenergetic photon,,,P001_INFINITE_MEDIUM_COEFFICIENT,NOT_APPLICABLE,,0.007112,,,,,,,mu_over_rho,54.15,cm2/g,,,NIST coefficient; edge_side=post_edge,OK,,NIST X-Ray Mass Attenuation Coefficients,nist_ordinary_concrete_attenuation.csv
P001_NIST_ORDINARY_CONCRETE_MU_EN_OVER_RHO_0023,P001_NIST_ORDINARY_CONCRETE,external_reference,photon,NIST ordinary concrete,2.3,monoenergetic photon,,,P001_INFINITE_MEDIUM_COEFFICIENT,NOT_APPLICABLE,,0.007112,,,,,,,mu_en_over_rho,51.53,cm2/g,,,NIST coefficient; edge_side=post_edge,OK,mu_en/rho is reference-only in current Geant4 baseline,NIST X-Ray Mass Attenuation Coefficients,nist_ordinary_concrete_attenuation.csv
P001_NIST_ORDINARY_CONCRETE_MU_OVER_RHO_0024,P001_NIST_ORDINARY_CONCRETE,external_reference,photon,NIST ordinary concrete,2.3,monoenergetic photon,,,P001_INFINITE_MEDIUM_COEFFICIENT,NOT_APPLICABLE,,0.008,,,,,,,mu_over_rho,38.78,cm2/g,,,NIST coefficient; edge_side=none,OK,,NIST X-Ray Mass Attenuation Coefficients,nist_ordinary_concrete_attenuation.csv
P001_NIST_ORDINARY_CONCRETE_MU_EN_OVER_RHO_0024,P001_NIST_ORDINARY_CONCRETE,external_reference,photon,NIST ordinary concrete,2.3,monoenergetic photon,,,P001_INFINITE_MEDIUM_COEFFICIENT,NOT_APPLICABLE,,0.008,,,,,,,mu_en_over_rho,36.89,cm2/g,,,NIST coefficient; edge_side=none,OK,mu_en/rho is reference-only in current Geant4 baseline,NIST X-Ray Mass Attenuation Coefficients,nist_ordinary_concrete_attenuation.csv
P001_NIST_ORDINARY_CONCRETE_MU_OVER_RHO_0025,P001_NIST_ORDINARY_CONCRETE,external_reference,photon,NIST ordinary concrete,2.3,monoenergetic photon,,,P001_INFINITE_MEDIUM_COEFFICIENT,NOT_APPLICABLE,,0.01,,,,,,,mu_over_rho,20.45,cm2/g,,,NIST coefficient; edge_side=none,OK,,NIST X-Ray Mass Attenuation Coefficients,nist_ordinary_concrete_attenuation.csv
P001_NIST_ORDINARY_CONCRETE_MU_EN_OVER_RHO_0025,P001_NIST_ORDINARY_CONCRETE,external_reference,photon,NIST ordinary concrete,2.3,monoenergetic photon,,,P001_INFINITE_MEDIUM_COEFFICIENT,NOT_APPLICABLE,,0.01,,,,,,,mu_en_over_rho,19.37,cm2/g,,,NIST coefficient; edge_side=none,OK,mu_en/rho is reference-only in current Geant4 baseline,NIST X-Ray Mass Attenuation Coefficients,nist_ordinary_concrete_attenuation.csv
P001_NIST_ORDINARY_CONCRETE_MU_OVER_RHO_0026,P001_NIST_ORDINARY_CONCRETE,external_reference,photon,NIST ordinary concrete,2.3,monoenergetic photon,,,P001_INFINITE_MEDIUM_COEFFICIENT,NOT_APPLICABLE,,0.015,,,,,,,mu_over_rho,6.351,cm2/g,,,NIST coefficient; edge_side=none,OK,,NIST X-Ray Mass Attenuation Coefficients,nist_ordinary_concrete_attenuation.csv
P001_NIST_ORDINARY_CONCRETE_MU_EN_OVER_RHO_0026,P001_NIST_ORDINARY_CONCRETE,external_reference,photon,NIST ordinary concrete,2.3,monoenergetic photon,,,P001_INFINITE_MEDIUM_COEFFICIENT,NOT_APPLICABLE,,0.015,,,,,,,mu_en_over_rho,5.855,cm2/g,,,NIST coefficient; edge_side=none,OK,mu_en/rho is reference-only in current Geant4 baseline,NIST X-Ray Mass Attenuation Coefficients,nist_ordinary_concrete_attenuation.csv
P001_NIST_ORDINARY_CONCRETE_MU_OVER_RHO_0027,P001_NIST_ORDINARY_CONCRETE,external_reference,photon,NIST ordinary concrete,2.3,monoenergetic photon,,,P001_INFINITE_MEDIUM_COEFFICIENT,NOT_APPLICABLE,,0.02,,,,,,,mu_over_rho,2.806,cm2/g,,,NIST coefficient; edge_side=none,OK,,NIST X-Ray Mass Attenuation Coefficients,nist_ordinary_concrete_attenuation.csv
P001_NIST_ORDINARY_CONCRETE_MU_EN_OVER_RHO_0027,P001_NIST_ORDINARY_CONCRETE,external_reference,photon,NIST ordinary concrete,2.3,monoenergetic photon,,,P001_INFINITE_MEDIUM_COEFFICIENT,NOT_APPLICABLE,,0.02,,,,,,,mu_en_over_rho,2.462,cm2/g,,,NIST coefficient; edge_side=none,OK,mu_en/rho is reference-only in current Geant4 baseline,NIST X-Ray Mass Attenuation Coefficients,nist_ordinary_concrete_attenuation.csv
P001_NIST_ORDINARY_CONCRETE_MU_OVER_RHO_0028,P001_NIST_ORDINARY_CONCRETE,external_reference,photon,NIST ordinary concrete,2.3,monoenergetic photon,,,P001_INFINITE_MEDIUM_COEFFICIENT,NOT_APPLICABLE,,0.03,,,,,,,mu_over_rho,0.9601,cm2/g,,,NIST coefficient; edge_side=none,OK,,NIST X-Ray Mass Attenuation Coefficients,nist_ordinary_concrete_attenuation.csv
P001_NIST_ORDINARY_CONCRETE_MU_EN_OVER_RHO_0028,P001_NIST_ORDINARY_CONCRETE,external_reference,photon,NIST ordinary concrete,2.3,monoenergetic photon,,,P001_INFINITE_MEDIUM_COEFFICIENT,NOT_APPLICABLE,,0.03,,,,,,,mu_en_over_rho,0.7157,cm2/g,,,NIST coefficient; edge_side=none,OK,mu_en/rho is reference-only in current Geant4 baseline,NIST X-Ray Mass Attenuation Coefficients,nist_ordinary_concrete_attenuation.csv
P001_NIST_ORDINARY_CONCRETE_MU_OVER_RHO_0029,P001_NIST_ORDINARY_CONCRETE,external_reference,photon,NIST ordinary concrete,2.3,monoenergetic photon,,,P001_INFINITE_MEDIUM_COEFFICIENT,NOT_APPLICABLE,,0.04,,,,,,,mu_over_rho,0.5058,cm2/g,,,NIST coefficient; edge_side=none,OK,,NIST X-Ray Mass Attenuation Coefficients,nist_ordinary_concrete_attenuation.csv
P001_NIST_ORDINARY_CONCRETE_MU_EN_OVER_RHO_0029,P001_NIST_ORDINARY_CONCRETE,external_reference,photon,NIST ordinary concrete,2.3,monoenergetic photon,,,P001_INFINITE_MEDIUM_COEFFICIENT,NOT_APPLICABLE,,0.04,,,,,,,mu_en_over_rho,0.2995,cm2/g,,,NIST coefficient; edge_side=none,OK,mu_en/rho is reference-only in current Geant4 baseline,NIST X-Ray Mass Attenuation Coefficients,nist_ordinary_concrete_attenuation.csv
P001_NIST_ORDINARY_CONCRETE_MU_OVER_RHO_0030,P001_NIST_ORDINARY_CONCRETE,external_reference,photon,NIST ordinary concrete,2.3,monoenergetic photon,,,P001_INFINITE_MEDIUM_COEFFICIENT,NOT_APPLICABLE,,0.05,,,,,,,mu_over_rho,0.3412,cm2/g,,,NIST coefficient; edge_side=none,OK,,NIST X-Ray Mass Attenuation Coefficients,nist_ordinary_concrete_attenuation.csv
P001_NIST_ORDINARY_CONCRETE_MU_EN_OVER_RHO_0030,P001_NIST_ORDINARY_CONCRETE,external_reference,photon,NIST ordinary concrete,2.3,monoenergetic photon,,,P001_INFINITE_MEDIUM_COEFFICIENT,NOT_APPLICABLE,,0.05,,,,,,,mu_en_over_rho,0.1563,cm2/g,,,NIST coefficient; edge_side=none,OK,mu_en/rho is reference-only in current Geant4 baseline,NIST X-Ray Mass Attenuation Coefficients,nist_ordinary_concrete_attenuation.csv
P001_NIST_ORDINARY_CONCRETE_MU_OVER_RHO_0031,P001_NIST_ORDINARY_CONCRETE,external_reference,photon,NIST ordinary concrete,2.3,monoenergetic photon,,,P001_INFINITE_MEDIUM_COEFFICIENT,NOT_APPLICABLE,,0.06,,,,,,,mu_over_rho,0.266,cm2/g,,,NIST coefficient; edge_side=none,OK,,NIST X-Ray Mass Attenuation Coefficients,nist_ordinary_concrete_attenuation.csv
P001_NIST_ORDINARY_CONCRETE_MU_EN_OVER_RHO_0031,P001_NIST_ORDINARY_CONCRETE,external_reference,photon,NIST ordinary concrete,2.3,monoenergetic photon,,,P001_INFINITE_MEDIUM_COEFFICIENT,NOT_APPLICABLE,,0.06,,,,,,,mu_en_over_rho,0.09554,cm2/g,,,NIST coefficient; edge_side=none,OK,mu_en/rho is reference-only in current Geant4 baseline,NIST X-Ray Mass Attenuation Coefficients,nist_ordinary_concrete_attenuation.csv
P001_NIST_ORDINARY_CONCRETE_MU_OVER_RHO_0032,P001_NIST_ORDINARY_CONCRETE,external_reference,photon,NIST ordinary concrete,2.3,monoenergetic photon,,,P001_INFINITE_MEDIUM_COEFFICIENT,NOT_APPLICABLE,,0.08,,,,,,,mu_over_rho,0.2014,cm2/g,,,NIST coefficient; edge_side=none,OK,,NIST X-Ray Mass Attenuation Coefficients,nist_ordinary_concrete_attenuation.csv
P001_NIST_ORDINARY_CONCRETE_MU_EN_OVER_RHO_0032,P001_NIST_ORDINARY_CONCRETE,external_reference,photon,NIST ordinary concrete,2.3,monoenergetic photon,,,P001_INFINITE_MEDIUM_COEFFICIENT,NOT_APPLICABLE,,0.08,,,,,,,mu_en_over_rho,0.0505,cm2/g,,,NIST coefficient; edge_side=none,OK,mu_en/rho is reference-only in current Geant4 baseline,NIST X-Ray Mass Attenuation Coefficients,nist_ordinary_concrete_attenuation.csv
P001_NIST_ORDINARY_CONCRETE_MU_OVER_RHO_0033,P001_NIST_ORDINARY_CONCRETE,external_reference,photon,NIST ordinary concrete,2.3,monoenergetic photon,,,P001_INFINITE_MEDIUM_COEFFICIENT,NOT_APPLICABLE,,0.1,,,,,,,mu_over_rho,0.1738,cm2/g,,,NIST coefficient; edge_side=none,OK,,NIST X-Ray Mass Attenuation Coefficients,nist_ordinary_concrete_attenuation.csv
P001_NIST_ORDINARY_CONCRETE_MU_EN_OVER_RHO_0033,P001_NIST_ORDINARY_CONCRETE,external_reference,photon,NIST ordinary concrete,2.3,monoenergetic photon,,,P001_INFINITE_MEDIUM_COEFFICIENT,NOT_APPLICABLE,,0.1,,,,,,,mu_en_over_rho,0.03649,cm2/g,,,NIST coefficient; edge_side=none,OK,mu_en/rho is reference-only in current Geant4 baseline,NIST X-Ray Mass Attenuation Coefficients,nist_ordinary_concrete_attenuation.csv
P001_NIST_ORDINARY_CONCRETE_MU_OVER_RHO_0034,P001_NIST_ORDINARY_CONCRETE,external_reference,photon,NIST ordinary concrete,2.3,monoenergetic photon,,,P001_INFINITE_MEDIUM_COEFFICIENT,NOT_APPLICABLE,,0.15,,,,,,,mu_over_rho,0.1436,cm2/g,,,NIST coefficient; edge_side=none,OK,,NIST X-Ray Mass Attenuation Coefficients,nist_ordinary_concrete_attenuation.csv
P001_NIST_ORDINARY_CONCRETE_MU_EN_OVER_RHO_0034,P001_NIST_ORDINARY_CONCRETE,external_reference,photon,NIST ordinary concrete,2.3,monoenergetic photon,,,P001_INFINITE_MEDIUM_COEFFICIENT,NOT_APPLICABLE,,0.15,,,,,,,mu_en_over_rho,0.02897,cm2/g,,,NIST coefficient; edge_side=none,OK,mu_en/rho is reference-only in current Geant4 baseline,NIST X-Ray Mass Attenuation Coefficients,nist_ordinary_concrete_attenuation.csv
P001_NIST_ORDINARY_CONCRETE_MU_OVER_RHO_0035,P001_NIST_ORDINARY_CONCRETE,external_reference,photon,NIST ordinary concrete,2.3,monoenergetic photon,,,P001_INFINITE_MEDIUM_COEFFICIENT,NOT_APPLICABLE,,0.2,,,,,,,mu_over_rho,0.1282,cm2/g,,,NIST coefficient; edge_side=none,OK,,NIST X-Ray Mass Attenuation Coefficients,nist_ordinary_concrete_attenuation.csv
P001_NIST_ORDINARY_CONCRETE_MU_EN_OVER_RHO_0035,P001_NIST_ORDINARY_CONCRETE,external_reference,photon,NIST ordinary concrete,2.3,monoenergetic photon,,,P001_INFINITE_MEDIUM_COEFFICIENT,NOT_APPLICABLE,,0.2,,,,,,,mu_en_over_rho,0.02868,cm2/g,,,NIST coefficient; edge_side=none,OK,mu_en/rho is reference-only in current Geant4 baseline,NIST X-Ray Mass Attenuation Coefficients,nist_ordinary_concrete_attenuation.csv
P001_NIST_ORDINARY_CONCRETE_MU_OVER_RHO_0036,P001_NIST_ORDINARY_CONCRETE,external_reference,photon,NIST ordinary concrete,2.3,monoenergetic photon,,,P001_INFINITE_MEDIUM_COEFFICIENT,NOT_APPLICABLE,,0.3,,,,,,,mu_over_rho,0.1097,cm2/g,,,NIST coefficient; edge_side=none,OK,,NIST X-Ray Mass Attenuation Coefficients,nist_ordinary_concrete_attenuation.csv
P001_NIST_ORDINARY_CONCRETE_MU_EN_OVER_RHO_0036,P001_NIST_ORDINARY_CONCRETE,external_reference,photon,NIST ordinary concrete,2.3,monoenergetic photon,,,P001_INFINITE_MEDIUM_COEFFICIENT,NOT_APPLICABLE,,0.3,,,,,,,mu_en_over_rho,0.02969,cm2/g,,,NIST coefficient; edge_side=none,OK,mu_en/rho is reference-only in current Geant4 baseline,NIST X-Ray Mass Attenuation Coefficients,nist_ordinary_concrete_attenuation.csv
P001_NIST_ORDINARY_CONCRETE_MU_OVER_RHO_0037,P001_NIST_ORDINARY_CONCRETE,external_reference,photon,NIST ordinary concrete,2.3,monoenergetic photon,,,P001_INFINITE_MEDIUM_COEFFICIENT,NOT_APPLICABLE,,0.4,,,,,,,mu_over_rho,0.09783,cm2/g,,,NIST coefficient; edge_side=none,OK,,NIST X-Ray Mass Attenuation Coefficients,nist_ordinary_concrete_attenuation.csv
P001_NIST_ORDINARY_CONCRETE_MU_EN_OVER_RHO_0037,P001_NIST_ORDINARY_CONCRETE,external_reference,photon,NIST ordinary concrete,2.3,monoenergetic photon,,,P001_INFINITE_MEDIUM_COEFFICIENT,NOT_APPLICABLE,,0.4,,,,,,,mu_en_over_rho,0.03024,cm2/g,,,NIST coefficient; edge_side=none,OK,mu_en/rho is reference-only in current Geant4 baseline,NIST X-Ray Mass Attenuation Coefficients,nist_ordinary_concrete_attenuation.csv
P001_NIST_ORDINARY_CONCRETE_MU_OVER_RHO_0038,P001_NIST_ORDINARY_CONCRETE,external_reference,photon,NIST ordinary concrete,2.3,monoenergetic photon,,,P001_INFINITE_MEDIUM_COEFFICIENT,NOT_APPLICABLE,,0.5,,,,,,,mu_over_rho,0.08915,cm2/g,,,NIST coefficient; edge_side=none,OK,,NIST X-Ray Mass Attenuation Coefficients,nist_ordinary_concrete_attenuation.csv
P001_NIST_ORDINARY_CONCRETE_MU_EN_OVER_RHO_0038,P001_NIST_ORDINARY_CONCRETE,external_reference,photon,NIST ordinary concrete,2.3,monoenergetic photon,,,P001_INFINITE_MEDIUM_COEFFICIENT,NOT_APPLICABLE,,0.5,,,,,,,mu_en_over_rho,0.03033,cm2/g,,,NIST coefficient; edge_side=none,OK,mu_en/rho is reference-only in current Geant4 baseline,NIST X-Ray Mass Attenuation Coefficients,nist_ordinary_concrete_attenuation.csv
P001_NIST_ORDINARY_CONCRETE_MU_OVER_RHO_0039,P001_NIST_ORDINARY_CONCRETE,external_reference,photon,NIST ordinary concrete,2.3,monoenergetic photon,,,P001_INFINITE_MEDIUM_COEFFICIENT,NOT_APPLICABLE,,0.6,,,,,,,mu_over_rho,0.08236,cm2/g,,,NIST coefficient; edge_side=none,OK,,NIST X-Ray Mass Attenuation Coefficients,nist_ordinary_concrete_attenuation.csv
P001_NIST_ORDINARY_CONCRETE_MU_EN_OVER_RHO_0039,P001_NIST_ORDINARY_CONCRETE,external_reference,photon,NIST ordinary concrete,2.3,monoenergetic photon,,,P001_INFINITE_MEDIUM_COEFFICIENT,NOT_APPLICABLE,,0.6,,,,,,,mu_en_over_rho,0.03015,cm2/g,,,NIST coefficient; edge_side=none,OK,mu_en/rho is reference-only in current Geant4 baseline,NIST X-Ray Mass Attenuation Coefficients,nist_ordinary_concrete_attenuation.csv
P001_NIST_ORDINARY_CONCRETE_MU_OVER_RHO_0040,P001_NIST_ORDINARY_CONCRETE,external_reference,photon,NIST ordinary concrete,2.3,monoenergetic photon,,,P001_INFINITE_MEDIUM_COEFFICIENT,NOT_APPLICABLE,,0.8,,,,,,,mu_over_rho,0.07227,cm2/g,,,NIST coefficient; edge_side=none,OK,,NIST X-Ray Mass Attenuation Coefficients,nist_ordinary_concrete_attenuation.csv
P001_NIST_ORDINARY_CONCRETE_MU_EN_OVER_RHO_0040,P001_NIST_ORDINARY_CONCRETE,external_reference,photon,NIST ordinary concrete,2.3,monoenergetic photon,,,P001_INFINITE_MEDIUM_COEFFICIENT,NOT_APPLICABLE,,0.8,,,,,,,mu_en_over_rho,0.0294,cm2/g,,,NIST coefficient; edge_side=none,OK,mu_en/rho is reference-only in current Geant4 baseline,NIST X-Ray Mass Attenuation Coefficients,nist_ordinary_concrete_attenuation.csv
P001_NIST_ORDINARY_CONCRETE_MU_OVER_RHO_0041,P001_NIST_ORDINARY_CONCRETE,external_reference,photon,NIST ordinary concrete,2.3,monoenergetic photon,,,P001_INFINITE_MEDIUM_COEFFICIENT,NOT_APPLICABLE,,1.0,,,,,,,mu_over_rho,0.06495,cm2/g,,,NIST coefficient; edge_side=none,OK,,NIST X-Ray Mass Attenuation Coefficients,nist_ordinary_concrete_attenuation.csv
P001_NIST_ORDINARY_CONCRETE_MU_EN_OVER_RHO_0041,P001_NIST_ORDINARY_CONCRETE,external_reference,photon,NIST ordinary concrete,2.3,monoenergetic photon,,,P001_INFINITE_MEDIUM_COEFFICIENT,NOT_APPLICABLE,,1.0,,,,,,,mu_en_over_rho,0.02843,cm2/g,,,NIST coefficient; edge_side=none,OK,mu_en/rho is reference-only in current Geant4 baseline,NIST X-Ray Mass Attenuation Coefficients,nist_ordinary_concrete_attenuation.csv
P001_NIST_ORDINARY_CONCRETE_MU_OVER_RHO_0042,P001_NIST_ORDINARY_CONCRETE,external_reference,photon,NIST ordinary concrete,2.3,monoenergetic photon,,,P001_INFINITE_MEDIUM_COEFFICIENT,NOT_APPLICABLE,,1.25,,,,,,,mu_over_rho,0.05807,cm2/g,,,NIST coefficient; edge_side=none,OK,,NIST X-Ray Mass Attenuation Coefficients,nist_ordinary_concrete_attenuation.csv
P001_NIST_ORDINARY_CONCRETE_MU_EN_OVER_RHO_0042,P001_NIST_ORDINARY_CONCRETE,external_reference,photon,NIST ordinary concrete,2.3,monoenergetic photon,,,P001_INFINITE_MEDIUM_COEFFICIENT,NOT_APPLICABLE,,1.25,,,,,,,mu_en_over_rho,0.02716,cm2/g,,,NIST coefficient; edge_side=none,OK,mu_en/rho is reference-only in current Geant4 baseline,NIST X-Ray Mass Attenuation Coefficients,nist_ordinary_concrete_attenuation.csv
P001_NIST_ORDINARY_CONCRETE_MU_OVER_RHO_0043,P001_NIST_ORDINARY_CONCRETE,external_reference,photon,NIST ordinary concrete,2.3,monoenergetic photon,,,P001_INFINITE_MEDIUM_COEFFICIENT,NOT_APPLICABLE,,1.5,,,,,,,mu_over_rho,0.05288,cm2/g,,,NIST coefficient; edge_side=none,OK,,NIST X-Ray Mass Attenuation Coefficients,nist_ordinary_concrete_attenuation.csv
P001_NIST_ORDINARY_CONCRETE_MU_EN_OVER_RHO_0043,P001_NIST_ORDINARY_CONCRETE,external_reference,photon,NIST ordinary concrete,2.3,monoenergetic photon,,,P001_INFINITE_MEDIUM_COEFFICIENT,NOT_APPLICABLE,,1.5,,,,,,,mu_en_over_rho,0.02595,cm2/g,,,NIST coefficient; edge_side=none,OK,mu_en/rho is reference-only in current Geant4 baseline,NIST X-Ray Mass Attenuation Coefficients,nist_ordinary_concrete_attenuation.csv
P001_NIST_ORDINARY_CONCRETE_MU_OVER_RHO_0044,P001_NIST_ORDINARY_CONCRETE,external_reference,photon,NIST ordinary concrete,2.3,monoenergetic photon,,,P001_INFINITE_MEDIUM_COEFFICIENT,NOT_APPLICABLE,,2.0,,,,,,,mu_over_rho,0.04557,cm2/g,,,NIST coefficient; edge_side=none,OK,,NIST X-Ray Mass Attenuation Coefficients,nist_ordinary_concrete_attenuation.csv
P001_NIST_ORDINARY_CONCRETE_MU_EN_OVER_RHO_0044,P001_NIST_ORDINARY_CONCRETE,external_reference,photon,NIST ordinary concrete,2.3,monoenergetic photon,,,P001_INFINITE_MEDIUM_COEFFICIENT,NOT_APPLICABLE,,2.0,,,,,,,mu_en_over_rho,0.02395,cm2/g,,,NIST coefficient; edge_side=none,OK,mu_en/rho is reference-only in current Geant4 baseline,NIST X-Ray Mass Attenuation Coefficients,nist_ordinary_concrete_attenuation.csv
P001_NIST_ORDINARY_CONCRETE_MU_OVER_RHO_0045,P001_NIST_ORDINARY_CONCRETE,external_reference,photon,NIST ordinary concrete,2.3,monoenergetic photon,,,P001_INFINITE_MEDIUM_COEFFICIENT,NOT_APPLICABLE,,3.0,,,,,,,mu_over_rho,0.03701,cm2/g,,,NIST coefficient; edge_side=none,OK,,NIST X-Ray Mass Attenuation Coefficients,nist_ordinary_concrete_attenuation.csv
P001_NIST_ORDINARY_CONCRETE_MU_EN_OVER_RHO_0045,P001_NIST_ORDINARY_CONCRETE,external_reference,photon,NIST ordinary concrete,2.3,monoenergetic photon,,,P001_INFINITE_MEDIUM_COEFFICIENT,NOT_APPLICABLE,,3.0,,,,,,,mu_en_over_rho,0.0212,cm2/g,,,NIST coefficient; edge_side=none,OK,mu_en/rho is reference-only in current Geant4 baseline,NIST X-Ray Mass Attenuation Coefficients,nist_ordinary_concrete_attenuation.csv
P001_NIST_ORDINARY_CONCRETE_MU_OVER_RHO_0046,P001_NIST_ORDINARY_CONCRETE,external_reference,photon,NIST ordinary concrete,2.3,monoenergetic photon,,,P001_INFINITE_MEDIUM_COEFFICIENT,NOT_APPLICABLE,,4.0,,,,,,,mu_over_rho,0.03217,cm2/g,,,NIST coefficient; edge_side=none,OK,,NIST X-Ray Mass Attenuation Coefficients,nist_ordinary_concrete_attenuation.csv
P001_NIST_ORDINARY_CONCRETE_MU_EN_OVER_RHO_0046,P001_NIST_ORDINARY_CONCRETE,external_reference,photon,NIST ordinary concrete,2.3,monoenergetic photon,,,P001_INFINITE_MEDIUM_COEFFICIENT,NOT_APPLICABLE,,4.0,,,,,,,mu_en_over_rho,0.01951,cm2/g,,,NIST coefficient; edge_side=none,OK,mu_en/rho is reference-only in current Geant4 baseline,NIST X-Ray Mass Attenuation Coefficients,nist_ordinary_concrete_attenuation.csv
P001_NIST_ORDINARY_CONCRETE_MU_OVER_RHO_0047,P001_NIST_ORDINARY_CONCRETE,external_reference,photon,NIST ordinary concrete,2.3,monoenergetic photon,,,P001_INFINITE_MEDIUM_COEFFICIENT,NOT_APPLICABLE,,5.0,,,,,,,mu_over_rho,0.02908,cm2/g,,,NIST coefficient; edge_side=none,OK,,NIST X-Ray Mass Attenuation Coefficients,nist_ordinary_concrete_attenuation.csv
P001_NIST_ORDINARY_CONCRETE_MU_EN_OVER_RHO_0047,P001_NIST_ORDINARY_CONCRETE,external_reference,photon,NIST ordinary concrete,2.3,monoenergetic photon,,,P001_INFINITE_MEDIUM_COEFFICIENT,NOT_APPLICABLE,,5.0,,,,,,,mu_en_over_rho,0.0184,cm2/g,,,NIST coefficient; edge_side=none,OK,mu_en/rho is reference-only in current Geant4 baseline,NIST X-Ray Mass Attenuation Coefficients,nist_ordinary_concrete_attenuation.csv
P001_NIST_ORDINARY_CONCRETE_MU_OVER_RHO_0048,P001_NIST_ORDINARY_CONCRETE,external_reference,photon,NIST ordinary concrete,2.3,monoenergetic photon,,,P001_INFINITE_MEDIUM_COEFFICIENT,NOT_APPLICABLE,,6.0,,,,,,,mu_over_rho,0.02697,cm2/g,,,NIST coefficient; edge_side=none,OK,,NIST X-Ray Mass Attenuation Coefficients,nist_ordinary_concrete_attenuation.csv
P001_NIST_ORDINARY_CONCRETE_MU_EN_OVER_RHO_0048,P001_NIST_ORDINARY_CONCRETE,external_reference,photon,NIST ordinary concrete,2.3,monoenergetic photon,,,P001_INFINITE_MEDIUM_COEFFICIENT,NOT_APPLICABLE,,6.0,,,,,,,mu_en_over_rho,0.01763,cm2/g,,,NIST coefficient; edge_side=none,OK,mu_en/rho is reference-only in current Geant4 baseline,NIST X-Ray Mass Attenuation Coefficients,nist_ordinary_concrete_attenuation.csv
P001_NIST_ORDINARY_CONCRETE_MU_OVER_RHO_0049,P001_NIST_ORDINARY_CONCRETE,external_reference,photon,NIST ordinary concrete,2.3,monoenergetic photon,,,P001_INFINITE_MEDIUM_COEFFICIENT,NOT_APPLICABLE,,8.0,,,,,,,mu_over_rho,0.02432,cm2/g,,,NIST coefficient; edge_side=none,OK,,NIST X-Ray Mass Attenuation Coefficients,nist_ordinary_concrete_attenuation.csv
P001_NIST_ORDINARY_CONCRETE_MU_EN_OVER_RHO_0049,P001_NIST_ORDINARY_CONCRETE,external_reference,photon,NIST ordinary concrete,2.3,monoenergetic photon,,,P001_INFINITE_MEDIUM_COEFFICIENT,NOT_APPLICABLE,,8.0,,,,,,,mu_en_over_rho,0.01669,cm2/g,,,NIST coefficient; edge_side=none,OK,mu_en/rho is reference-only in current Geant4 baseline,NIST X-Ray Mass Attenuation Coefficients,nist_ordinary_concrete_attenuation.csv
P001_NIST_ORDINARY_CONCRETE_MU_OVER_RHO_0050,P001_NIST_ORDINARY_CONCRETE,external_reference,photon,NIST ordinary concrete,2.3,monoenergetic photon,,,P001_INFINITE_MEDIUM_COEFFICIENT,NOT_APPLICABLE,,10.0,,,,,,,mu_over_rho,0.02278,cm2/g,,,NIST coefficient; edge_side=none,OK,,NIST X-Ray Mass Attenuation Coefficients,nist_ordinary_concrete_attenuation.csv
P001_NIST_ORDINARY_CONCRETE_MU_EN_OVER_RHO_0050,P001_NIST_ORDINARY_CONCRETE,external_reference,photon,NIST ordinary concrete,2.3,monoenergetic photon,,,P001_INFINITE_MEDIUM_COEFFICIENT,NOT_APPLICABLE,,10.0,,,,,,,mu_en_over_rho,0.01617,cm2/g,,,NIST coefficient; edge_side=none,OK,mu_en/rho is reference-only in current Geant4 baseline,NIST X-Ray Mass Attenuation Coefficients,nist_ordinary_concrete_attenuation.csv
P001_NIST_ORDINARY_CONCRETE_MU_OVER_RHO_0051,P001_NIST_ORDINARY_CONCRETE,external_reference,photon,NIST ordinary concrete,2.3,monoenergetic photon,,,P001_INFINITE_MEDIUM_COEFFICIENT,NOT_APPLICABLE,,15.0,,,,,,,mu_over_rho,0.02096,cm2/g,,,NIST coefficient; edge_side=none,OK,,NIST X-Ray Mass Attenuation Coefficients,nist_ordinary_concrete_attenuation.csv
P001_NIST_ORDINARY_CONCRETE_MU_EN_OVER_RHO_0051,P001_NIST_ORDINARY_CONCRETE,external_reference,photon,NIST ordinary concrete,2.3,monoenergetic photon,,,P001_INFINITE_MEDIUM_COEFFICIENT,NOT_APPLICABLE,,15.0,,,,,,,mu_en_over_rho,0.01559,cm2/g,,,NIST coefficient; edge_side=none,OK,mu_en/rho is reference-only in current Geant4 baseline,NIST X-Ray Mass Attenuation Coefficients,nist_ordinary_concrete_attenuation.csv
P001_NIST_ORDINARY_CONCRETE_MU_OVER_RHO_0052,P001_NIST_ORDINARY_CONCRETE,external_reference,photon,NIST ordinary concrete,2.3,monoenergetic photon,,,P001_INFINITE_MEDIUM_COEFFICIENT,NOT_APPLICABLE,,20.0,,,,,,,mu_over_rho,0.0203,cm2/g,,,NIST coefficient; edge_side=none,OK,,NIST X-Ray Mass Attenuation Coefficients,nist_ordinary_concrete_attenuation.csv
P001_NIST_ORDINARY_CONCRETE_MU_EN_OVER_RHO_0052,P001_NIST_ORDINARY_CONCRETE,external_reference,photon,NIST ordinary concrete,2.3,monoenergetic photon,,,P001_INFINITE_MEDIUM_COEFFICIENT,NOT_APPLICABLE,,20.0,,,,,,,mu_en_over_rho,0.01539,cm2/g,,,NIST coefficient; edge_side=none,OK,mu_en/rho is reference-only in current Geant4 baseline,NIST X-Ray Mass Attenuation Coefficients,nist_ordinary_concrete_attenuation.csv
N001_JAERI_TIARA_43MEV_SOURCE_000000,N001_JAERI_TIARA_43MEV,external_reference,neutron,source spectrum,,measured 43-MeV p-7Li source,43.0,,JAERI_43MEV_SOURCE_TOF,JAERI_43MEV_PEAK_NORMALIZED_SHAPE,,,0.0,6.5,,0.0,,0.0,normalized_source_flux_density,0.04405,relative per MeV,,,source-spectrum measurement,PUBLISHED_ASSUMPTION,0-6.5 MeV uses published constant-below-6.5 assumption,JAERI-Data/Code 97-020 Tables 3-4,jaeri_tiara_source_spectra.csv
N001_JAERI_TIARA_43MEV_SOURCE_000001,N001_JAERI_TIARA_43MEV,external_reference,neutron,source spectrum,,measured 43-MeV p-7Li source,43.0,,JAERI_43MEV_SOURCE_TOF,JAERI_43MEV_PEAK_NORMALIZED_SHAPE,,,6.5,7.5,,0.0,,0.0,normalized_source_flux_density,0.04405,relative per MeV,0.00151,,source-spectrum measurement,OK,,JAERI-Data/Code 97-020 Tables 3-4,jaeri_tiara_source_spectra.csv
N001_JAERI_TIARA_43MEV_SOURCE_000002,N001_JAERI_TIARA_43MEV,external_reference,neutron,source spectrum,,measured 43-MeV p-7Li source,43.0,,JAERI_43MEV_SOURCE_TOF,JAERI_43MEV_PEAK_NORMALIZED_SHAPE,,,7.5,8.5,,0.0,,0.0,normalized_source_flux_density,0.04423,relative per MeV,0.00152,,source-spectrum measurement,OK,,JAERI-Data/Code 97-020 Tables 3-4,jaeri_tiara_source_spectra.csv
N001_JAERI_TIARA_43MEV_SOURCE_000003,N001_JAERI_TIARA_43MEV,external_reference,neutron,source spectrum,,measured 43-MeV p-7Li source,43.0,,JAERI_43MEV_SOURCE_TOF,JAERI_43MEV_PEAK_NORMALIZED_SHAPE,,,8.5,9.5,,0.0,,0.0,normalized_source_flux_density,0.04483,relative per MeV,0.00154,,source-spectrum measurement,OK,,JAERI-Data/Code 97-020 Tables 3-4,jaeri_tiara_source_spectra.csv
N001_JAERI_TIARA_43MEV_SOURCE_000004,N001_JAERI_TIARA_43MEV,external_reference,neutron,source spectrum,,measured 43-MeV p-7Li source,43.0,,JAERI_43MEV_SOURCE_TOF,JAERI_43MEV_PEAK_NORMALIZED_SHAPE,,,9.5,10.5,,0.0,,0.0,normalized_source_flux_density,0.04503,relative per MeV,0.00154,,source-spectrum measurement,OK,,JAERI-Data/Code 97-020 Tables 3-4,jaeri_tiara_source_spectra.csv
N001_JAERI_TIARA_43MEV_SOURCE_000005,N001_JAERI_TIARA_43MEV,external_reference,neutron,source spectrum,,measured 43-MeV p-7Li source,43.0,,JAERI_43MEV_SOURCE_TOF,JAERI_43MEV_PEAK_NORMALIZED_SHAPE,,,10.5,11.5,,0.0,,0.0,normalized_source_flux_density,0.0439,relative per MeV,0.00151,,source-spectrum measurement,OK,,JAERI-Data/Code 97-020 Tables 3-4,jaeri_tiara_source_spectra.csv
N001_JAERI_TIARA_43MEV_SOURCE_000006,N001_JAERI_TIARA_43MEV,external_reference,neutron,source spectrum,,measured 43-MeV p-7Li source,43.0,,JAERI_43MEV_SOURCE_TOF,JAERI_43MEV_PEAK_NORMALIZED_SHAPE,,,11.5,12.5,,0.0,,0.0,normalized_source_flux_density,0.04501,relative per MeV,0.00151,,source-spectrum measurement,OK,,JAERI-Data/Code 97-020 Tables 3-4,jaeri_tiara_source_spectra.csv
N001_JAERI_TIARA_43MEV_SOURCE_000007,N001_JAERI_TIARA_43MEV,external_reference,neutron,source spectrum,,measured 43-MeV p-7Li source,43.0,,JAERI_43MEV_SOURCE_TOF,JAERI_43MEV_PEAK_NORMALIZED_SHAPE,,,12.5,13.5,,0.0,,0.0,normalized_source_flux_density,0.04633,relative per MeV,0.00157,,source-spectrum measurement,OK,,JAERI-Data/Code 97-020 Tables 3-4,jaeri_tiara_source_spectra.csv
N001_JAERI_TIARA_43MEV_SOURCE_000008,N001_JAERI_TIARA_43MEV,external_reference,neutron,source spectrum,,measured 43-MeV p-7Li source,43.0,,JAERI_43MEV_SOURCE_TOF,JAERI_43MEV_PEAK_NORMALIZED_SHAPE,,,13.5,14.5,,0.0,,0.0,normalized_source_flux_density,0.04931,relative per MeV,0.00165,,source-spectrum measurement,OK,,JAERI-Data/Code 97-020 Tables 3-4,jaeri_tiara_source_spectra.csv
N001_JAERI_TIARA_43MEV_SOURCE_000009,N001_JAERI_TIARA_43MEV,external_reference,neutron,source spectrum,,measured 43-MeV p-7Li source,43.0,,JAERI_43MEV_SOURCE_TOF,JAERI_43MEV_PEAK_NORMALIZED_SHAPE,,,14.5,15.5,,0.0,,0.0,normalized_source_flux_density,0.04895,relative per MeV,0.00165,,source-spectrum measurement,OK,,JAERI-Data/Code 97-020 Tables 3-4,jaeri_tiara_source_spectra.csv
N001_JAERI_TIARA_43MEV_SOURCE_000010,N001_JAERI_TIARA_43MEV,external_reference,neutron,source spectrum,,measured 43-MeV p-7Li source,43.0,,JAERI_43MEV_SOURCE_TOF,JAERI_43MEV_PEAK_NORMALIZED_SHAPE,,,15.5,16.5,,0.0,,0.0,normalized_source_flux_density,0.04885,relative per MeV,0.00162,,source-spectrum measurement,OK,,JAERI-Data/Code 97-020 Tables 3-4,jaeri_tiara_source_spectra.csv
N001_JAERI_TIARA_43MEV_SOURCE_000011,N001_JAERI_TIARA_43MEV,external_reference,neutron,source spectrum,,measured 43-MeV p-7Li source,43.0,,JAERI_43MEV_SOURCE_TOF,JAERI_43MEV_PEAK_NORMALIZED_SHAPE,,,16.5,17.5,,0.0,,0.0,normalized_source_flux_density,0.04752,relative per MeV,0.00157,,source-spectrum measurement,OK,,JAERI-Data/Code 97-020 Tables 3-4,jaeri_tiara_source_spectra.csv
N001_JAERI_TIARA_43MEV_SOURCE_000012,N001_JAERI_TIARA_43MEV,external_reference,neutron,source spectrum,,measured 43-MeV p-7Li source,43.0,,JAERI_43MEV_SOURCE_TOF,JAERI_43MEV_PEAK_NORMALIZED_SHAPE,,,17.5,18.5,,0.0,,0.0,normalized_source_flux_density,0.04977,relative per MeV,0.00163,,source-spectrum measurement,OK,,JAERI-Data/Code 97-020 Tables 3-4,jaeri_tiara_source_spectra.csv
N001_JAERI_TIARA_43MEV_SOURCE_000013,N001_JAERI_TIARA_43MEV,external_reference,neutron,source spectrum,,measured 43-MeV p-7Li source,43.0,,JAERI_43MEV_SOURCE_TOF,JAERI_43MEV_PEAK_NORMALIZED_SHAPE,,,18.5,19.5,,0.0,,0.0,normalized_source_flux_density,0.04611,relative per MeV,0.00151,,source-spectrum measurement,OK,,JAERI-Data/Code 97-020 Tables 3-4,jaeri_tiara_source_spectra.csv
N001_JAERI_TIARA_43MEV_SOURCE_000014,N001_JAERI_TIARA_43MEV,external_reference,neutron,source spectrum,,measured 43-MeV p-7Li source,43.0,,JAERI_43MEV_SOURCE_TOF,JAERI_43MEV_PEAK_NORMALIZED_SHAPE,,,19.5,20.5,,0.0,,0.0,normalized_source_flux_density,0.04707,relative per MeV,0.00156,,source-spectrum measurement,OK,,JAERI-Data/Code 97-020 Tables 3-4,jaeri_tiara_source_spectra.csv
N001_JAERI_TIARA_43MEV_SOURCE_000015,N001_JAERI_TIARA_43MEV,external_reference,neutron,source spectrum,,measured 43-MeV p-7Li source,43.0,,JAERI_43MEV_SOURCE_TOF,JAERI_43MEV_PEAK_NORMALIZED_SHAPE,,,20.5,21.5,,0.0,,0.0,normalized_source_flux_density,0.04749,relative per MeV,0.00205,,source-spectrum measurement,OK,,JAERI-Data/Code 97-020 Tables 3-4,jaeri_tiara_source_spectra.csv
N001_JAERI_TIARA_43MEV_SOURCE_000016,N001_JAERI_TIARA_43MEV,external_reference,neutron,source spectrum,,measured 43-MeV p-7Li source,43.0,,JAERI_43MEV_SOURCE_TOF,JAERI_43MEV_PEAK_NORMALIZED_SHAPE,,,21.5,22.5,,0.0,,0.0,normalized_source_flux_density,0.04686,relative per MeV,0.00202,,source-spectrum measurement,OK,,JAERI-Data/Code 97-020 Tables 3-4,jaeri_tiara_source_spectra.csv
N001_JAERI_TIARA_43MEV_SOURCE_000017,N001_JAERI_TIARA_43MEV,external_reference,neutron,source spectrum,,measured 43-MeV p-7Li source,43.0,,JAERI_43MEV_SOURCE_TOF,JAERI_43MEV_PEAK_NORMALIZED_SHAPE,,,22.5,23.5,,0.0,,0.0,normalized_source_flux_density,0.04653,relative per MeV,0.00201,,source-spectrum measurement,OK,,JAERI-Data/Code 97-020 Tables 3-4,jaeri_tiara_source_spectra.csv
N001_JAERI_TIARA_43MEV_SOURCE_000018,N001_JAERI_TIARA_43MEV,external_reference,neutron,source spectrum,,measured 43-MeV p-7Li source,43.0,,JAERI_43MEV_SOURCE_TOF,JAERI_43MEV_PEAK_NORMALIZED_SHAPE,,,23.5,24.5,,0.0,,0.0,normalized_source_flux_density,0.04488,relative per MeV,0.00191,,source-spectrum measurement,OK,,JAERI-Data/Code 97-020 Tables 3-4,jaeri_tiara_source_spectra.csv
N001_JAERI_TIARA_43MEV_SOURCE_000019,N001_JAERI_TIARA_43MEV,external_reference,neutron,source spectrum,,measured 43-MeV p-7Li source,43.0,,JAERI_43MEV_SOURCE_TOF,JAERI_43MEV_PEAK_NORMALIZED_SHAPE,,,24.5,25.5,,0.0,,0.0,normalized_source_flux_density,0.04358,relative per MeV,0.00188,,source-spectrum measurement,OK,,JAERI-Data/Code 97-020 Tables 3-4,jaeri_tiara_source_spectra.csv
N001_JAERI_TIARA_43MEV_SOURCE_000020,N001_JAERI_TIARA_43MEV,external_reference,neutron,source spectrum,,measured 43-MeV p-7Li source,43.0,,JAERI_43MEV_SOURCE_TOF,JAERI_43MEV_PEAK_NORMALIZED_SHAPE,,,25.5,26.5,,0.0,,0.0,normalized_source_flux_density,0.04097,relative per MeV,0.00177,,source-spectrum measurement,OK,,JAERI-Data/Code 97-020 Tables 3-4,jaeri_tiara_source_spectra.csv
N001_JAERI_TIARA_43MEV_SOURCE_000021,N001_JAERI_TIARA_43MEV,external_reference,neutron,source spectrum,,measured 43-MeV p-7Li source,43.0,,JAERI_43MEV_SOURCE_TOF,JAERI_43MEV_PEAK_NORMALIZED_SHAPE,,,26.5,27.5,,0.0,,0.0,normalized_source_flux_density,0.0396,relative per MeV,0.0017,,source-spectrum measurement,OK,,JAERI-Data/Code 97-020 Tables 3-4,jaeri_tiara_source_spectra.csv
N001_JAERI_TIARA_43MEV_SOURCE_000022,N001_JAERI_TIARA_43MEV,external_reference,neutron,source spectrum,,measured 43-MeV p-7Li source,43.0,,JAERI_43MEV_SOURCE_TOF,JAERI_43MEV_PEAK_NORMALIZED_SHAPE,,,27.5,28.5,,0.0,,0.0,normalized_source_flux_density,0.03473,relative per MeV,0.0015,,source-spectrum measurement,OK,,JAERI-Data/Code 97-020 Tables 3-4,jaeri_tiara_source_spectra.csv
N001_JAERI_TIARA_43MEV_SOURCE_000023,N001_JAERI_TIARA_43MEV,external_reference,neutron,source spectrum,,measured 43-MeV p-7Li source,43.0,,JAERI_43MEV_SOURCE_TOF,JAERI_43MEV_PEAK_NORMALIZED_SHAPE,,,28.5,29.5,,0.0,,0.0,normalized_source_flux_density,0.03491,relative per MeV,0.00151,,source-spectrum measurement,OK,,JAERI-Data/Code 97-020 Tables 3-4,jaeri_tiara_source_spectra.csv
N001_JAERI_TIARA_43MEV_SOURCE_000024,N001_JAERI_TIARA_43MEV,external_reference,neutron,source spectrum,,measured 43-MeV p-7Li source,43.0,,JAERI_43MEV_SOURCE_TOF,JAERI_43MEV_PEAK_NORMALIZED_SHAPE,,,29.5,30.5,,0.0,,0.0,normalized_source_flux_density,0.03081,relative per MeV,0.00134,,source-spectrum measurement,OK,,JAERI-Data/Code 97-020 Tables 3-4,jaeri_tiara_source_spectra.csv
N001_JAERI_TIARA_43MEV_SOURCE_000025,N001_JAERI_TIARA_43MEV,external_reference,neutron,source spectrum,,measured 43-MeV p-7Li source,43.0,,JAERI_43MEV_SOURCE_TOF,JAERI_43MEV_PEAK_NORMALIZED_SHAPE,,,30.5,31.5,,0.0,,0.0,normalized_source_flux_density,0.02639,relative per MeV,0.00116,,source-spectrum measurement,OK,,JAERI-Data/Code 97-020 Tables 3-4,jaeri_tiara_source_spectra.csv
N001_JAERI_TIARA_43MEV_SOURCE_000026,N001_JAERI_TIARA_43MEV,external_reference,neutron,source spectrum,,measured 43-MeV p-7Li source,43.0,,JAERI_43MEV_SOURCE_TOF,JAERI_43MEV_PEAK_NORMALIZED_SHAPE,,,31.5,32.5,,0.0,,0.0,normalized_source_flux_density,0.02097,relative per MeV,0.000943,,source-spectrum measurement,OK,,JAERI-Data/Code 97-020 Tables 3-4,jaeri_tiara_source_spectra.csv
N001_JAERI_TIARA_43MEV_SOURCE_000027,N001_JAERI_TIARA_43MEV,external_reference,neutron,source spectrum,,measured 43-MeV p-7Li source,43.0,,JAERI_43MEV_SOURCE_TOF,JAERI_43MEV_PEAK_NORMALIZED_SHAPE,,,32.5,33.5,,0.0,,0.0,normalized_source_flux_density,0.01875,relative per MeV,0.00119,,source-spectrum measurement,OK,,JAERI-Data/Code 97-020 Tables 3-4,jaeri_tiara_source_spectra.csv
N001_JAERI_TIARA_43MEV_SOURCE_000028,N001_JAERI_TIARA_43MEV,external_reference,neutron,source spectrum,,measured 43-MeV p-7Li source,43.0,,JAERI_43MEV_SOURCE_TOF,JAERI_43MEV_PEAK_NORMALIZED_SHAPE,,,33.5,34.5,,0.0,,0.0,normalized_source_flux_density,0.0149,relative per MeV,0.00096,,source-spectrum measurement,OK,,JAERI-Data/Code 97-020 Tables 3-4,jaeri_tiara_source_spectra.csv
N001_JAERI_TIARA_43MEV_SOURCE_000029,N001_JAERI_TIARA_43MEV,external_reference,neutron,source spectrum,,measured 43-MeV p-7Li source,43.0,,JAERI_43MEV_SOURCE_TOF,JAERI_43MEV_PEAK_NORMALIZED_SHAPE,,,34.5,35.5,,0.0,,0.0,normalized_source_flux_density,0.0129,relative per MeV,0.00084,,source-spectrum measurement,OK,,JAERI-Data/Code 97-020 Tables 3-4,jaeri_tiara_source_spectra.csv
N001_JAERI_TIARA_43MEV_SOURCE_000030,N001_JAERI_TIARA_43MEV,external_reference,neutron,source spectrum,,measured 43-MeV p-7Li source,43.0,,JAERI_43MEV_SOURCE_TOF,JAERI_43MEV_PEAK_NORMALIZED_SHAPE,,,35.5,36.5,,0.0,,0.0,normalized_source_flux_density,0.01083,relative per MeV,0.000711,,source-spectrum measurement,OK,,JAERI-Data/Code 97-020 Tables 3-4,jaeri_tiara_source_spectra.csv
N001_JAERI_TIARA_43MEV_SOURCE_000031,N001_JAERI_TIARA_43MEV,external_reference,neutron,source spectrum,,measured 43-MeV p-7Li source,43.0,,JAERI_43MEV_SOURCE_TOF,JAERI_43MEV_PEAK_NORMALIZED_SHAPE,,,36.5,37.5,,0.0,,0.0,normalized_source_flux_density,0.007232,relative per MeV,0.000491,,source-spectrum measurement,OK,,JAERI-Data/Code 97-020 Tables 3-4,jaeri_tiara_source_spectra.csv
N001_JAERI_TIARA_43MEV_SOURCE_000032,N001_JAERI_TIARA_43MEV,external_reference,neutron,source spectrum,,measured 43-MeV p-7Li source,43.0,,JAERI_43MEV_SOURCE_TOF,JAERI_43MEV_PEAK_NORMALIZED_SHAPE,,,37.5,38.5,,0.0,,0.0,normalized_source_flux_density,0.01337,relative per MeV,0.000853,,source-spectrum measurement,OK,,JAERI-Data/Code 97-020 Tables 3-4,jaeri_tiara_source_spectra.csv
N001_JAERI_TIARA_43MEV_SOURCE_000033,N001_JAERI_TIARA_43MEV,external_reference,neutron,source spectrum,,measured 43-MeV p-7Li source,43.0,,JAERI_43MEV_SOURCE_TOF,JAERI_43MEV_PEAK_NORMALIZED_SHAPE,,,38.5,39.5,,0.0,,0.0,normalized_source_flux_density,0.1377,relative per MeV,0.00831,,source-spectrum measurement,OK,,JAERI-Data/Code 97-020 Tables 3-4,jaeri_tiara_source_spectra.csv
N001_JAERI_TIARA_43MEV_SOURCE_000034,N001_JAERI_TIARA_43MEV,external_reference,neutron,source spectrum,,measured 43-MeV p-7Li source,43.0,,JAERI_43MEV_SOURCE_TOF,JAERI_43MEV_PEAK_NORMALIZED_SHAPE,,,39.5,40.5,,0.0,,0.0,normalized_source_flux_density,0.3629,relative per MeV,0.0218,,source-spectrum measurement,OK,,JAERI-Data/Code 97-020 Tables 3-4,jaeri_tiara_source_spectra.csv
N001_JAERI_TIARA_43MEV_SOURCE_000035,N001_JAERI_TIARA_43MEV,external_reference,neutron,source spectrum,,measured 43-MeV p-7Li source,43.0,,JAERI_43MEV_SOURCE_TOF,JAERI_43MEV_PEAK_NORMALIZED_SHAPE,,,40.5,41.5,,0.0,,0.0,normalized_source_flux_density,0.3677,relative per MeV,0.0221,,source-spectrum measurement,OK,,JAERI-Data/Code 97-020 Tables 3-4,jaeri_tiara_source_spectra.csv
N001_JAERI_TIARA_43MEV_SOURCE_000036,N001_JAERI_TIARA_43MEV,external_reference,neutron,source spectrum,,measured 43-MeV p-7Li source,43.0,,JAERI_43MEV_SOURCE_TOF,JAERI_43MEV_PEAK_NORMALIZED_SHAPE,,,41.5,42.5,,0.0,,0.0,normalized_source_flux_density,0.1135,relative per MeV,0.00686,,source-spectrum measurement,OK,,JAERI-Data/Code 97-020 Tables 3-4,jaeri_tiara_source_spectra.csv
N001_JAERI_TIARA_43MEV_SOURCE_000037,N001_JAERI_TIARA_43MEV,external_reference,neutron,source spectrum,,measured 43-MeV p-7Li source,43.0,,JAERI_43MEV_SOURCE_TOF,JAERI_43MEV_PEAK_NORMALIZED_SHAPE,,,42.5,43.5,,0.0,,0.0,normalized_source_flux_density,0.005063,relative per MeV,0.000354,,source-spectrum measurement,OK,,JAERI-Data/Code 97-020 Tables 3-4,jaeri_tiara_source_spectra.csv
N001_JAERI_TIARA_43MEV_SOURCE_000038,N001_JAERI_TIARA_43MEV,external_reference,neutron,source spectrum,,measured 43-MeV p-7Li source,43.0,,JAERI_43MEV_SOURCE_TOF,JAERI_43MEV_PEAK_NORMALIZED_SHAPE,,,43.5,44.5,,0.0,,0.0,normalized_source_flux_density,0.0006359,relative per MeV,7.29e-05,,source-spectrum measurement,OK,,JAERI-Data/Code 97-020 Tables 3-4,jaeri_tiara_source_spectra.csv
N001_JAERI_TIARA_43MEV_SOURCE_000039,N001_JAERI_TIARA_43MEV,external_reference,neutron,source spectrum,,measured 43-MeV p-7Li source,43.0,,JAERI_43MEV_SOURCE_TOF,JAERI_43MEV_PEAK_NORMALIZED_SHAPE,,,44.5,45.5,,0.0,,0.0,normalized_source_flux_density,0.0001634,relative per MeV,3.31e-05,,source-spectrum measurement,OK,,JAERI-Data/Code 97-020 Tables 3-4,jaeri_tiara_source_spectra.csv
N002_JAERI_TIARA_68MEV_SOURCE_000040,N002_JAERI_TIARA_68MEV,external_reference,neutron,source spectrum,,measured 68-MeV p-7Li source,68.0,,JAERI_68MEV_SOURCE_TOF,JAERI_68MEV_PEAK_NORMALIZED_SHAPE,,,0.0,6.5,,0.0,,0.0,normalized_source_flux_density,0.02373,relative per MeV,,,source-spectrum measurement,PUBLISHED_ASSUMPTION,0-6.5 MeV uses published constant-below-6.5 assumption,JAERI-Data/Code 97-020 Tables 3-4,jaeri_tiara_source_spectra.csv
N002_JAERI_TIARA_68MEV_SOURCE_000041,N002_JAERI_TIARA_68MEV,external_reference,neutron,source spectrum,,measured 68-MeV p-7Li source,68.0,,JAERI_68MEV_SOURCE_TOF,JAERI_68MEV_PEAK_NORMALIZED_SHAPE,,,6.5,7.5,,0.0,,0.0,normalized_source_flux_density,0.02373,relative per MeV,0.00085,,source-spectrum measurement,OK,,JAERI-Data/Code 97-020 Tables 3-4,jaeri_tiara_source_spectra.csv
N002_JAERI_TIARA_68MEV_SOURCE_000042,N002_JAERI_TIARA_68MEV,external_reference,neutron,source spectrum,,measured 68-MeV p-7Li source,68.0,,JAERI_68MEV_SOURCE_TOF,JAERI_68MEV_PEAK_NORMALIZED_SHAPE,,,7.5,8.5,,0.0,,0.0,normalized_source_flux_density,0.02395,relative per MeV,0.000855,,source-spectrum measurement,OK,,JAERI-Data/Code 97-020 Tables 3-4,jaeri_tiara_source_spectra.csv
N002_JAERI_TIARA_68MEV_SOURCE_000043,N002_JAERI_TIARA_68MEV,external_reference,neutron,source spectrum,,measured 68-MeV p-7Li source,68.0,,JAERI_68MEV_SOURCE_TOF,JAERI_68MEV_PEAK_NORMALIZED_SHAPE,,,8.5,9.5,,0.0,,0.0,normalized_source_flux_density,0.0244,relative per MeV,0.000867,,source-spectrum measurement,OK,,JAERI-Data/Code 97-020 Tables 3-4,jaeri_tiara_source_spectra.csv
N002_JAERI_TIARA_68MEV_SOURCE_000044,N002_JAERI_TIARA_68MEV,external_reference,neutron,source spectrum,,measured 68-MeV p-7Li source,68.0,,JAERI_68MEV_SOURCE_TOF,JAERI_68MEV_PEAK_NORMALIZED_SHAPE,,,9.5,10.5,,0.0,,0.0,normalized_source_flux_density,0.02508,relative per MeV,0.000886,,source-spectrum measurement,OK,,JAERI-Data/Code 97-020 Tables 3-4,jaeri_tiara_source_spectra.csv
N002_JAERI_TIARA_68MEV_SOURCE_000045,N002_JAERI_TIARA_68MEV,external_reference,neutron,source spectrum,,measured 68-MeV p-7Li source,68.0,,JAERI_68MEV_SOURCE_TOF,JAERI_68MEV_PEAK_NORMALIZED_SHAPE,,,10.5,11.5,,0.0,,0.0,normalized_source_flux_density,0.02569,relative per MeV,0.000907,,source-spectrum measurement,OK,,JAERI-Data/Code 97-020 Tables 3-4,jaeri_tiara_source_spectra.csv
N002_JAERI_TIARA_68MEV_SOURCE_000046,N002_JAERI_TIARA_68MEV,external_reference,neutron,source spectrum,,measured 68-MeV p-7Li source,68.0,,JAERI_68MEV_SOURCE_TOF,JAERI_68MEV_PEAK_NORMALIZED_SHAPE,,,11.5,12.5,,0.0,,0.0,normalized_source_flux_density,0.02533,relative per MeV,0.000898,,source-spectrum measurement,OK,,JAERI-Data/Code 97-020 Tables 3-4,jaeri_tiara_source_spectra.csv
N002_JAERI_TIARA_68MEV_SOURCE_000047,N002_JAERI_TIARA_68MEV,external_reference,neutron,source spectrum,,measured 68-MeV p-7Li source,68.0,,JAERI_68MEV_SOURCE_TOF,JAERI_68MEV_PEAK_NORMALIZED_SHAPE,,,12.5,13.5,,0.0,,0.0,normalized_source_flux_density,0.02592,relative per MeV,0.000921,,source-spectrum measurement,OK,,JAERI-Data/Code 97-020 Tables 3-4,jaeri_tiara_source_spectra.csv
N002_JAERI_TIARA_68MEV_SOURCE_000048,N002_JAERI_TIARA_68MEV,external_reference,neutron,source spectrum,,measured 68-MeV p-7Li source,68.0,,JAERI_68MEV_SOURCE_TOF,JAERI_68MEV_PEAK_NORMALIZED_SHAPE,,,13.5,14.5,,0.0,,0.0,normalized_source_flux_density,0.02678,relative per MeV,0.000946,,source-spectrum measurement,OK,,JAERI-Data/Code 97-020 Tables 3-4,jaeri_tiara_source_spectra.csv
N002_JAERI_TIARA_68MEV_SOURCE_000049,N002_JAERI_TIARA_68MEV,external_reference,neutron,source spectrum,,measured 68-MeV p-7Li source,68.0,,JAERI_68MEV_SOURCE_TOF,JAERI_68MEV_PEAK_NORMALIZED_SHAPE,,,14.5,15.5,,0.0,,0.0,normalized_source_flux_density,0.02714,relative per MeV,0.00096,,source-spectrum measurement,OK,,JAERI-Data/Code 97-020 Tables 3-4,jaeri_tiara_source_spectra.csv
N002_JAERI_TIARA_68MEV_SOURCE_000050,N002_JAERI_TIARA_68MEV,external_reference,neutron,source spectrum,,measured 68-MeV p-7Li source,68.0,,JAERI_68MEV_SOURCE_TOF,JAERI_68MEV_PEAK_NORMALIZED_SHAPE,,,15.5,16.5,,0.0,,0.0,normalized_source_flux_density,0.02788,relative per MeV,0.000983,,source-spectrum measurement,OK,,JAERI-Data/Code 97-020 Tables 3-4,jaeri_tiara_source_spectra.csv
N002_JAERI_TIARA_68MEV_SOURCE_000051,N002_JAERI_TIARA_68MEV,external_reference,neutron,source spectrum,,measured 68-MeV p-7Li source,68.0,,JAERI_68MEV_SOURCE_TOF,JAERI_68MEV_PEAK_NORMALIZED_SHAPE,,,16.5,17.5,,0.0,,0.0,normalized_source_flux_density,0.02795,relative per MeV,0.000989,,source-spectrum measurement,OK,,JAERI-Data/Code 97-020 Tables 3-4,jaeri_tiara_source_spectra.csv
N002_JAERI_TIARA_68MEV_SOURCE_000052,N002_JAERI_TIARA_68MEV,external_reference,neutron,source spectrum,,measured 68-MeV p-7Li source,68.0,,JAERI_68MEV_SOURCE_TOF,JAERI_68MEV_PEAK_NORMALIZED_SHAPE,,,17.5,18.5,,0.0,,0.0,normalized_source_flux_density,0.02855,relative per MeV,0.00101,,source-spectrum measurement,OK,,JAERI-Data/Code 97-020 Tables 3-4,jaeri_tiara_source_spectra.csv
N002_JAERI_TIARA_68MEV_SOURCE_000053,N002_JAERI_TIARA_68MEV,external_reference,neutron,source spectrum,,measured 68-MeV p-7Li source,68.0,,JAERI_68MEV_SOURCE_TOF,JAERI_68MEV_PEAK_NORMALIZED_SHAPE,,,18.5,19.5,,0.0,,0.0,normalized_source_flux_density,0.02954,relative per MeV,0.00104,,source-spectrum measurement,OK,,JAERI-Data/Code 97-020 Tables 3-4,jaeri_tiara_source_spectra.csv
N002_JAERI_TIARA_68MEV_SOURCE_000054,N002_JAERI_TIARA_68MEV,external_reference,neutron,source spectrum,,measured 68-MeV p-7Li source,68.0,,JAERI_68MEV_SOURCE_TOF,JAERI_68MEV_PEAK_NORMALIZED_SHAPE,,,19.5,20.5,,0.0,,0.0,normalized_source_flux_density,0.031,relative per MeV,0.00109,,source-spectrum measurement,OK,,JAERI-Data/Code 97-020 Tables 3-4,jaeri_tiara_source_spectra.csv
N002_JAERI_TIARA_68MEV_SOURCE_000055,N002_JAERI_TIARA_68MEV,external_reference,neutron,source spectrum,,measured 68-MeV p-7Li source,68.0,,JAERI_68MEV_SOURCE_TOF,JAERI_68MEV_PEAK_NORMALIZED_SHAPE,,,20.5,21.5,,0.0,,0.0,normalized_source_flux_density,0.03149,relative per MeV,0.0011,,source-spectrum measurement,OK,,JAERI-Data/Code 97-020 Tables 3-4,jaeri_tiara_source_spectra.csv
N002_JAERI_TIARA_68MEV_SOURCE_000056,N002_JAERI_TIARA_68MEV,external_reference,neutron,source spectrum,,measured 68-MeV p-7Li source,68.0,,JAERI_68MEV_SOURCE_TOF,JAERI_68MEV_PEAK_NORMALIZED_SHAPE,,,21.5,22.5,,0.0,,0.0,normalized_source_flux_density,0.03334,relative per MeV,0.00145,,source-spectrum measurement,OK,,JAERI-Data/Code 97-020 Tables 3-4,jaeri_tiara_source_spectra.csv
N002_JAERI_TIARA_68MEV_SOURCE_000057,N002_JAERI_TIARA_68MEV,external_reference,neutron,source spectrum,,measured 68-MeV p-7Li source,68.0,,JAERI_68MEV_SOURCE_TOF,JAERI_68MEV_PEAK_NORMALIZED_SHAPE,,,22.5,23.5,,0.0,,0.0,normalized_source_flux_density,0.03383,relative per MeV,0.00146,,source-spectrum measurement,OK,,JAERI-Data/Code 97-020 Tables 3-4,jaeri_tiara_source_spectra.csv
N002_JAERI_TIARA_68MEV_SOURCE_000058,N002_JAERI_TIARA_68MEV,external_reference,neutron,source spectrum,,measured 68-MeV p-7Li source,68.0,,JAERI_68MEV_SOURCE_TOF,JAERI_68MEV_PEAK_NORMALIZED_SHAPE,,,23.5,24.5,,0.0,,0.0,normalized_source_flux_density,0.03528,relative per MeV,0.00152,,source-spectrum measurement,OK,,JAERI-Data/Code 97-020 Tables 3-4,jaeri_tiara_source_spectra.csv
N002_JAERI_TIARA_68MEV_SOURCE_000059,N002_JAERI_TIARA_68MEV,external_reference,neutron,source spectrum,,measured 68-MeV p-7Li source,68.0,,JAERI_68MEV_SOURCE_TOF,JAERI_68MEV_PEAK_NORMALIZED_SHAPE,,,24.5,25.5,,0.0,,0.0,normalized_source_flux_density,0.03624,relative per MeV,0.00156,,source-spectrum measurement,OK,,JAERI-Data/Code 97-020 Tables 3-4,jaeri_tiara_source_spectra.csv
N002_JAERI_TIARA_68MEV_SOURCE_000060,N002_JAERI_TIARA_68MEV,external_reference,neutron,source spectrum,,measured 68-MeV p-7Li source,68.0,,JAERI_68MEV_SOURCE_TOF,JAERI_68MEV_PEAK_NORMALIZED_SHAPE,,,25.5,26.5,,0.0,,0.0,normalized_source_flux_density,0.03669,relative per MeV,0.00157,,source-spectrum measurement,OK,,JAERI-Data/Code 97-020 Tables 3-4,jaeri_tiara_source_spectra.csv
N002_JAERI_TIARA_68MEV_SOURCE_000061,N002_JAERI_TIARA_68MEV,external_reference,neutron,source spectrum,,measured 68-MeV p-7Li source,68.0,,JAERI_68MEV_SOURCE_TOF,JAERI_68MEV_PEAK_NORMALIZED_SHAPE,,,26.5,27.5,,0.0,,0.0,normalized_source_flux_density,0.03841,relative per MeV,0.00164,,source-spectrum measurement,OK,,JAERI-Data/Code 97-020 Tables 3-4,jaeri_tiara_source_spectra.csv
N002_JAERI_TIARA_68MEV_SOURCE_000062,N002_JAERI_TIARA_68MEV,external_reference,neutron,source spectrum,,measured 68-MeV p-7Li source,68.0,,JAERI_68MEV_SOURCE_TOF,JAERI_68MEV_PEAK_NORMALIZED_SHAPE,,,27.5,28.5,,0.0,,0.0,normalized_source_flux_density,0.03806,relative per MeV,0.00162,,source-spectrum measurement,OK,,JAERI-Data/Code 97-020 Tables 3-4,jaeri_tiara_source_spectra.csv
N002_JAERI_TIARA_68MEV_SOURCE_000063,N002_JAERI_TIARA_68MEV,external_reference,neutron,source spectrum,,measured 68-MeV p-7Li source,68.0,,JAERI_68MEV_SOURCE_TOF,JAERI_68MEV_PEAK_NORMALIZED_SHAPE,,,28.5,29.5,,0.0,,0.0,normalized_source_flux_density,0.03927,relative per MeV,0.00167,,source-spectrum measurement,OK,,JAERI-Data/Code 97-020 Tables 3-4,jaeri_tiara_source_spectra.csv
N002_JAERI_TIARA_68MEV_SOURCE_000064,N002_JAERI_TIARA_68MEV,external_reference,neutron,source spectrum,,measured 68-MeV p-7Li source,68.0,,JAERI_68MEV_SOURCE_TOF,JAERI_68MEV_PEAK_NORMALIZED_SHAPE,,,29.5,30.5,,0.0,,0.0,normalized_source_flux_density,0.03845,relative per MeV,0.00164,,source-spectrum measurement,OK,,JAERI-Data/Code 97-020 Tables 3-4,jaeri_tiara_source_spectra.csv
N002_JAERI_TIARA_68MEV_SOURCE_000065,N002_JAERI_TIARA_68MEV,external_reference,neutron,source spectrum,,measured 68-MeV p-7Li source,68.0,,JAERI_68MEV_SOURCE_TOF,JAERI_68MEV_PEAK_NORMALIZED_SHAPE,,,30.5,31.5,,0.0,,0.0,normalized_source_flux_density,0.03875,relative per MeV,0.00165,,source-spectrum measurement,OK,,JAERI-Data/Code 97-020 Tables 3-4,jaeri_tiara_source_spectra.csv
N002_JAERI_TIARA_68MEV_SOURCE_000066,N002_JAERI_TIARA_68MEV,external_reference,neutron,source spectrum,,measured 68-MeV p-7Li source,68.0,,JAERI_68MEV_SOURCE_TOF,JAERI_68MEV_PEAK_NORMALIZED_SHAPE,,,31.5,32.5,,0.0,,0.0,normalized_source_flux_density,0.03857,relative per MeV,0.00164,,source-spectrum measurement,OK,,JAERI-Data/Code 97-020 Tables 3-4,jaeri_tiara_source_spectra.csv
N002_JAERI_TIARA_68MEV_SOURCE_000067,N002_JAERI_TIARA_68MEV,external_reference,neutron,source spectrum,,measured 68-MeV p-7Li source,68.0,,JAERI_68MEV_SOURCE_TOF,JAERI_68MEV_PEAK_NORMALIZED_SHAPE,,,32.5,33.5,,0.0,,0.0,normalized_source_flux_density,0.03878,relative per MeV,0.00239,,source-spectrum measurement,OK,,JAERI-Data/Code 97-020 Tables 3-4,jaeri_tiara_source_spectra.csv
N002_JAERI_TIARA_68MEV_SOURCE_000068,N002_JAERI_TIARA_68MEV,external_reference,neutron,source spectrum,,measured 68-MeV p-7Li source,68.0,,JAERI_68MEV_SOURCE_TOF,JAERI_68MEV_PEAK_NORMALIZED_SHAPE,,,33.5,34.5,,0.0,,0.0,normalized_source_flux_density,0.03762,relative per MeV,0.00233,,source-spectrum measurement,OK,,JAERI-Data/Code 97-020 Tables 3-4,jaeri_tiara_source_spectra.csv
N002_JAERI_TIARA_68MEV_SOURCE_000069,N002_JAERI_TIARA_68MEV,external_reference,neutron,source spectrum,,measured 68-MeV p-7Li source,68.0,,JAERI_68MEV_SOURCE_TOF,JAERI_68MEV_PEAK_NORMALIZED_SHAPE,,,34.5,35.5,,0.0,,0.0,normalized_source_flux_density,0.03702,relative per MeV,0.00228,,source-spectrum measurement,OK,,JAERI-Data/Code 97-020 Tables 3-4,jaeri_tiara_source_spectra.csv
N002_JAERI_TIARA_68MEV_SOURCE_000070,N002_JAERI_TIARA_68MEV,external_reference,neutron,source spectrum,,measured 68-MeV p-7Li source,68.0,,JAERI_68MEV_SOURCE_TOF,JAERI_68MEV_PEAK_NORMALIZED_SHAPE,,,35.5,36.5,,0.0,,0.0,normalized_source_flux_density,0.03716,relative per MeV,0.0023,,source-spectrum measurement,OK,,JAERI-Data/Code 97-020 Tables 3-4,jaeri_tiara_source_spectra.csv
N002_JAERI_TIARA_68MEV_SOURCE_000071,N002_JAERI_TIARA_68MEV,external_reference,neutron,source spectrum,,measured 68-MeV p-7Li source,68.0,,JAERI_68MEV_SOURCE_TOF,JAERI_68MEV_PEAK_NORMALIZED_SHAPE,,,36.5,37.5,,0.0,,0.0,normalized_source_flux_density,0.03656,relative per MeV,0.00226,,source-spectrum measurement,OK,,JAERI-Data/Code 97-020 Tables 3-4,jaeri_tiara_source_spectra.csv
N002_JAERI_TIARA_68MEV_SOURCE_000072,N002_JAERI_TIARA_68MEV,external_reference,neutron,source spectrum,,measured 68-MeV p-7Li source,68.0,,JAERI_68MEV_SOURCE_TOF,JAERI_68MEV_PEAK_NORMALIZED_SHAPE,,,37.5,38.5,,0.0,,0.0,normalized_source_flux_density,0.03615,relative per MeV,0.00223,,source-spectrum measurement,OK,,JAERI-Data/Code 97-020 Tables 3-4,jaeri_tiara_source_spectra.csv
N002_JAERI_TIARA_68MEV_SOURCE_000073,N002_JAERI_TIARA_68MEV,external_reference,neutron,source spectrum,,measured 68-MeV p-7Li source,68.0,,JAERI_68MEV_SOURCE_TOF,JAERI_68MEV_PEAK_NORMALIZED_SHAPE,,,38.5,39.5,,0.0,,0.0,normalized_source_flux_density,0.03399,relative per MeV,0.0021,,source-spectrum measurement,OK,,JAERI-Data/Code 97-020 Tables 3-4,jaeri_tiara_source_spectra.csv
N002_JAERI_TIARA_68MEV_SOURCE_000074,N002_JAERI_TIARA_68MEV,external_reference,neutron,source spectrum,,measured 68-MeV p-7Li source,68.0,,JAERI_68MEV_SOURCE_TOF,JAERI_68MEV_PEAK_NORMALIZED_SHAPE,,,39.5,40.5,,0.0,,0.0,normalized_source_flux_density,0.03345,relative per MeV,0.00207,,source-spectrum measurement,OK,,JAERI-Data/Code 97-020 Tables 3-4,jaeri_tiara_source_spectra.csv
N002_JAERI_TIARA_68MEV_SOURCE_000075,N002_JAERI_TIARA_68MEV,external_reference,neutron,source spectrum,,measured 68-MeV p-7Li source,68.0,,JAERI_68MEV_SOURCE_TOF,JAERI_68MEV_PEAK_NORMALIZED_SHAPE,,,40.5,41.5,,0.0,,0.0,normalized_source_flux_density,0.03324,relative per MeV,0.00205,,source-spectrum measurement,OK,,JAERI-Data/Code 97-020 Tables 3-4,jaeri_tiara_source_spectra.csv
N002_JAERI_TIARA_68MEV_SOURCE_000076,N002_JAERI_TIARA_68MEV,external_reference,neutron,source spectrum,,measured 68-MeV p-7Li source,68.0,,JAERI_68MEV_SOURCE_TOF,JAERI_68MEV_PEAK_NORMALIZED_SHAPE,,,41.5,42.5,,0.0,,0.0,normalized_source_flux_density,0.0334,relative per MeV,0.00207,,source-spectrum measurement,OK,,JAERI-Data/Code 97-020 Tables 3-4,jaeri_tiara_source_spectra.csv
N002_JAERI_TIARA_68MEV_SOURCE_000077,N002_JAERI_TIARA_68MEV,external_reference,neutron,source spectrum,,measured 68-MeV p-7Li source,68.0,,JAERI_68MEV_SOURCE_TOF,JAERI_68MEV_PEAK_NORMALIZED_SHAPE,,,42.5,43.5,,0.0,,0.0,normalized_source_flux_density,0.03137,relative per MeV,0.00194,,source-spectrum measurement,OK,,JAERI-Data/Code 97-020 Tables 3-4,jaeri_tiara_source_spectra.csv
N002_JAERI_TIARA_68MEV_SOURCE_000078,N002_JAERI_TIARA_68MEV,external_reference,neutron,source spectrum,,measured 68-MeV p-7Li source,68.0,,JAERI_68MEV_SOURCE_TOF,JAERI_68MEV_PEAK_NORMALIZED_SHAPE,,,43.5,44.5,,0.0,,0.0,normalized_source_flux_density,0.03211,relative per MeV,0.00198,,source-spectrum measurement,OK,,JAERI-Data/Code 97-020 Tables 3-4,jaeri_tiara_source_spectra.csv
N002_JAERI_TIARA_68MEV_SOURCE_000079,N002_JAERI_TIARA_68MEV,external_reference,neutron,source spectrum,,measured 68-MeV p-7Li source,68.0,,JAERI_68MEV_SOURCE_TOF,JAERI_68MEV_PEAK_NORMALIZED_SHAPE,,,44.5,45.5,,0.0,,0.0,normalized_source_flux_density,0.03103,relative per MeV,0.00192,,source-spectrum measurement,OK,,JAERI-Data/Code 97-020 Tables 3-4,jaeri_tiara_source_spectra.csv
N002_JAERI_TIARA_68MEV_SOURCE_000080,N002_JAERI_TIARA_68MEV,external_reference,neutron,source spectrum,,measured 68-MeV p-7Li source,68.0,,JAERI_68MEV_SOURCE_TOF,JAERI_68MEV_PEAK_NORMALIZED_SHAPE,,,45.5,46.5,,0.0,,0.0,normalized_source_flux_density,0.03102,relative per MeV,0.00192,,source-spectrum measurement,OK,,JAERI-Data/Code 97-020 Tables 3-4,jaeri_tiara_source_spectra.csv
N002_JAERI_TIARA_68MEV_SOURCE_000081,N002_JAERI_TIARA_68MEV,external_reference,neutron,source spectrum,,measured 68-MeV p-7Li source,68.0,,JAERI_68MEV_SOURCE_TOF,JAERI_68MEV_PEAK_NORMALIZED_SHAPE,,,46.5,47.5,,0.0,,0.0,normalized_source_flux_density,0.0316,relative per MeV,0.00195,,source-spectrum measurement,OK,,JAERI-Data/Code 97-020 Tables 3-4,jaeri_tiara_source_spectra.csv
N002_JAERI_TIARA_68MEV_SOURCE_000082,N002_JAERI_TIARA_68MEV,external_reference,neutron,source spectrum,,measured 68-MeV p-7Li source,68.0,,JAERI_68MEV_SOURCE_TOF,JAERI_68MEV_PEAK_NORMALIZED_SHAPE,,,47.5,48.5,,0.0,,0.0,normalized_source_flux_density,0.03086,relative per MeV,0.0019,,source-spectrum measurement,OK,,JAERI-Data/Code 97-020 Tables 3-4,jaeri_tiara_source_spectra.csv
N002_JAERI_TIARA_68MEV_SOURCE_000083,N002_JAERI_TIARA_68MEV,external_reference,neutron,source spectrum,,measured 68-MeV p-7Li source,68.0,,JAERI_68MEV_SOURCE_TOF,JAERI_68MEV_PEAK_NORMALIZED_SHAPE,,,48.5,49.5,,0.0,,0.0,normalized_source_flux_density,0.03003,relative per MeV,0.00185,,source-spectrum measurement,OK,,JAERI-Data/Code 97-020 Tables 3-4,jaeri_tiara_source_spectra.csv
N002_JAERI_TIARA_68MEV_SOURCE_000084,N002_JAERI_TIARA_68MEV,external_reference,neutron,source spectrum,,measured 68-MeV p-7Li source,68.0,,JAERI_68MEV_SOURCE_TOF,JAERI_68MEV_PEAK_NORMALIZED_SHAPE,,,49.5,50.5,,0.0,,0.0,normalized_source_flux_density,0.02856,relative per MeV,0.00177,,source-spectrum measurement,OK,,JAERI-Data/Code 97-020 Tables 3-4,jaeri_tiara_source_spectra.csv
N002_JAERI_TIARA_68MEV_SOURCE_000085,N002_JAERI_TIARA_68MEV,external_reference,neutron,source spectrum,,measured 68-MeV p-7Li source,68.0,,JAERI_68MEV_SOURCE_TOF,JAERI_68MEV_PEAK_NORMALIZED_SHAPE,,,50.5,51.5,,0.0,,0.0,normalized_source_flux_density,0.02804,relative per MeV,0.00173,,source-spectrum measurement,OK,,JAERI-Data/Code 97-020 Tables 3-4,jaeri_tiara_source_spectra.csv
N002_JAERI_TIARA_68MEV_SOURCE_000086,N002_JAERI_TIARA_68MEV,external_reference,neutron,source spectrum,,measured 68-MeV p-7Li source,68.0,,JAERI_68MEV_SOURCE_TOF,JAERI_68MEV_PEAK_NORMALIZED_SHAPE,,,51.5,52.5,,0.0,,0.0,normalized_source_flux_density,0.02656,relative per MeV,0.00164,,source-spectrum measurement,OK,,JAERI-Data/Code 97-020 Tables 3-4,jaeri_tiara_source_spectra.csv
N002_JAERI_TIARA_68MEV_SOURCE_000087,N002_JAERI_TIARA_68MEV,external_reference,neutron,source spectrum,,measured 68-MeV p-7Li source,68.0,,JAERI_68MEV_SOURCE_TOF,JAERI_68MEV_PEAK_NORMALIZED_SHAPE,,,52.5,53.5,,0.0,,0.0,normalized_source_flux_density,0.02505,relative per MeV,0.00156,,source-spectrum measurement,OK,,JAERI-Data/Code 97-020 Tables 3-4,jaeri_tiara_source_spectra.csv
N002_JAERI_TIARA_68MEV_SOURCE_000088,N002_JAERI_TIARA_68MEV,external_reference,neutron,source spectrum,,measured 68-MeV p-7Li source,68.0,,JAERI_68MEV_SOURCE_TOF,JAERI_68MEV_PEAK_NORMALIZED_SHAPE,,,53.5,54.5,,0.0,,0.0,normalized_source_flux_density,0.02391,relative per MeV,0.00148,,source-spectrum measurement,OK,,JAERI-Data/Code 97-020 Tables 3-4,jaeri_tiara_source_spectra.csv
N002_JAERI_TIARA_68MEV_SOURCE_000089,N002_JAERI_TIARA_68MEV,external_reference,neutron,source spectrum,,measured 68-MeV p-7Li source,68.0,,JAERI_68MEV_SOURCE_TOF,JAERI_68MEV_PEAK_NORMALIZED_SHAPE,,,54.5,55.5,,0.0,,0.0,normalized_source_flux_density,0.02177,relative per MeV,0.00136,,source-spectrum measurement,OK,,JAERI-Data/Code 97-020 Tables 3-4,jaeri_tiara_source_spectra.csv
N002_JAERI_TIARA_68MEV_SOURCE_000090,N002_JAERI_TIARA_68MEV,external_reference,neutron,source spectrum,,measured 68-MeV p-7Li source,68.0,,JAERI_68MEV_SOURCE_TOF,JAERI_68MEV_PEAK_NORMALIZED_SHAPE,,,55.5,56.5,,0.0,,0.0,normalized_source_flux_density,0.01959,relative per MeV,0.00122,,source-spectrum measurement,OK,,JAERI-Data/Code 97-020 Tables 3-4,jaeri_tiara_source_spectra.csv
N002_JAERI_TIARA_68MEV_SOURCE_000091,N002_JAERI_TIARA_68MEV,external_reference,neutron,source spectrum,,measured 68-MeV p-7Li source,68.0,,JAERI_68MEV_SOURCE_TOF,JAERI_68MEV_PEAK_NORMALIZED_SHAPE,,,56.5,57.5,,0.0,,0.0,normalized_source_flux_density,0.01604,relative per MeV,0.00101,,source-spectrum measurement,OK,,JAERI-Data/Code 97-020 Tables 3-4,jaeri_tiara_source_spectra.csv
N002_JAERI_TIARA_68MEV_SOURCE_000092,N002_JAERI_TIARA_68MEV,external_reference,neutron,source spectrum,,measured 68-MeV p-7Li source,68.0,,JAERI_68MEV_SOURCE_TOF,JAERI_68MEV_PEAK_NORMALIZED_SHAPE,,,57.5,58.5,,0.0,,0.0,normalized_source_flux_density,0.01281,relative per MeV,0.000838,,source-spectrum measurement,OK,,JAERI-Data/Code 97-020 Tables 3-4,jaeri_tiara_source_spectra.csv
N002_JAERI_TIARA_68MEV_SOURCE_000093,N002_JAERI_TIARA_68MEV,external_reference,neutron,source spectrum,,measured 68-MeV p-7Li source,68.0,,JAERI_68MEV_SOURCE_TOF,JAERI_68MEV_PEAK_NORMALIZED_SHAPE,,,58.5,59.5,,0.0,,0.0,normalized_source_flux_density,0.01088,relative per MeV,0.000742,,source-spectrum measurement,OK,,JAERI-Data/Code 97-020 Tables 3-4,jaeri_tiara_source_spectra.csv
N002_JAERI_TIARA_68MEV_SOURCE_000094,N002_JAERI_TIARA_68MEV,external_reference,neutron,source spectrum,,measured 68-MeV p-7Li source,68.0,,JAERI_68MEV_SOURCE_TOF,JAERI_68MEV_PEAK_NORMALIZED_SHAPE,,,59.5,60.5,,0.0,,0.0,normalized_source_flux_density,0.00901,relative per MeV,0.000627,,source-spectrum measurement,OK,,JAERI-Data/Code 97-020 Tables 3-4,jaeri_tiara_source_spectra.csv
N002_JAERI_TIARA_68MEV_SOURCE_000095,N002_JAERI_TIARA_68MEV,external_reference,neutron,source spectrum,,measured 68-MeV p-7Li source,68.0,,JAERI_68MEV_SOURCE_TOF,JAERI_68MEV_PEAK_NORMALIZED_SHAPE,,,60.5,61.5,,0.0,,0.0,normalized_source_flux_density,0.007428,relative per MeV,0.000527,,source-spectrum measurement,OK,,JAERI-Data/Code 97-020 Tables 3-4,jaeri_tiara_source_spectra.csv
N002_JAERI_TIARA_68MEV_SOURCE_000096,N002_JAERI_TIARA_68MEV,external_reference,neutron,source spectrum,,measured 68-MeV p-7Li source,68.0,,JAERI_68MEV_SOURCE_TOF,JAERI_68MEV_PEAK_NORMALIZED_SHAPE,,,61.5,62.5,,0.0,,0.0,normalized_source_flux_density,0.008095,relative per MeV,0.000562,,source-spectrum measurement,OK,,JAERI-Data/Code 97-020 Tables 3-4,jaeri_tiara_source_spectra.csv
N002_JAERI_TIARA_68MEV_SOURCE_000097,N002_JAERI_TIARA_68MEV,external_reference,neutron,source spectrum,,measured 68-MeV p-7Li source,68.0,,JAERI_68MEV_SOURCE_TOF,JAERI_68MEV_PEAK_NORMALIZED_SHAPE,,,62.5,63.5,,0.0,,0.0,normalized_source_flux_density,0.04701,relative per MeV,0.0029,,source-spectrum measurement,OK,,JAERI-Data/Code 97-020 Tables 3-4,jaeri_tiara_source_spectra.csv
N002_JAERI_TIARA_68MEV_SOURCE_000098,N002_JAERI_TIARA_68MEV,external_reference,neutron,source spectrum,,measured 68-MeV p-7Li source,68.0,,JAERI_68MEV_SOURCE_TOF,JAERI_68MEV_PEAK_NORMALIZED_SHAPE,,,63.5,64.5,,0.0,,0.0,normalized_source_flux_density,0.2104,relative per MeV,0.0127,,source-spectrum measurement,OK,,JAERI-Data/Code 97-020 Tables 3-4,jaeri_tiara_source_spectra.csv
N002_JAERI_TIARA_68MEV_SOURCE_000099,N002_JAERI_TIARA_68MEV,external_reference,neutron,source spectrum,,measured 68-MeV p-7Li source,68.0,,JAERI_68MEV_SOURCE_TOF,JAERI_68MEV_PEAK_NORMALIZED_SHAPE,,,64.5,65.5,,0.0,,0.0,normalized_source_flux_density,0.3614,relative per MeV,0.0218,,source-spectrum measurement,OK,,JAERI-Data/Code 97-020 Tables 3-4,jaeri_tiara_source_spectra.csv
N002_JAERI_TIARA_68MEV_SOURCE_000100,N002_JAERI_TIARA_68MEV,external_reference,neutron,source spectrum,,measured 68-MeV p-7Li source,68.0,,JAERI_68MEV_SOURCE_TOF,JAERI_68MEV_PEAK_NORMALIZED_SHAPE,,,65.5,66.5,,0.0,,0.0,normalized_source_flux_density,0.2765,relative per MeV,0.0167,,source-spectrum measurement,OK,,JAERI-Data/Code 97-020 Tables 3-4,jaeri_tiara_source_spectra.csv
N002_JAERI_TIARA_68MEV_SOURCE_000101,N002_JAERI_TIARA_68MEV,external_reference,neutron,source spectrum,,measured 68-MeV p-7Li source,68.0,,JAERI_68MEV_SOURCE_TOF,JAERI_68MEV_PEAK_NORMALIZED_SHAPE,,,66.5,67.5,,0.0,,0.0,normalized_source_flux_density,0.08202,relative per MeV,0.00499,,source-spectrum measurement,OK,,JAERI-Data/Code 97-020 Tables 3-4,jaeri_tiara_source_spectra.csv
N002_JAERI_TIARA_68MEV_SOURCE_000102,N002_JAERI_TIARA_68MEV,external_reference,neutron,source spectrum,,measured 68-MeV p-7Li source,68.0,,JAERI_68MEV_SOURCE_TOF,JAERI_68MEV_PEAK_NORMALIZED_SHAPE,,,67.5,68.5,,0.0,,0.0,normalized_source_flux_density,0.008896,relative per MeV,0.000605,,source-spectrum measurement,OK,,JAERI-Data/Code 97-020 Tables 3-4,jaeri_tiara_source_spectra.csv
N002_JAERI_TIARA_68MEV_SOURCE_000103,N002_JAERI_TIARA_68MEV,external_reference,neutron,source spectrum,,measured 68-MeV p-7Li source,68.0,,JAERI_68MEV_SOURCE_TOF,JAERI_68MEV_PEAK_NORMALIZED_SHAPE,,,68.5,69.5,,0.0,,0.0,normalized_source_flux_density,0.001074,relative per MeV,0.000112,,source-spectrum measurement,OK,,JAERI-Data/Code 97-020 Tables 3-4,jaeri_tiara_source_spectra.csv
N002_JAERI_TIARA_68MEV_SOURCE_000104,N002_JAERI_TIARA_68MEV,external_reference,neutron,source spectrum,,measured 68-MeV p-7Li source,68.0,,JAERI_68MEV_SOURCE_TOF,JAERI_68MEV_PEAK_NORMALIZED_SHAPE,,,69.5,70.5,,0.0,,0.0,normalized_source_flux_density,0.0004013,relative per MeV,6.17e-05,,source-spectrum measurement,OK,,JAERI-Data/Code 97-020 Tables 3-4,jaeri_tiara_source_spectra.csv
N002_JAERI_TIARA_68MEV_SOURCE_000105,N002_JAERI_TIARA_68MEV,external_reference,neutron,source spectrum,,measured 68-MeV p-7Li source,68.0,,JAERI_68MEV_SOURCE_TOF,JAERI_68MEV_PEAK_NORMALIZED_SHAPE,,,70.5,71.5,,0.0,,0.0,normalized_source_flux_density,0.0004973,relative per MeV,6.87e-05,,source-spectrum measurement,OK,,JAERI-Data/Code 97-020 Tables 3-4,jaeri_tiara_source_spectra.csv
N002_JAERI_TIARA_68MEV_SOURCE_000106,N002_JAERI_TIARA_68MEV,external_reference,neutron,source spectrum,,measured 68-MeV p-7Li source,68.0,,JAERI_68MEV_SOURCE_TOF,JAERI_68MEV_PEAK_NORMALIZED_SHAPE,,,71.5,72.5,,0.0,,0.0,normalized_source_flux_density,0.0001324,relative per MeV,3.24e-05,,source-spectrum measurement,OK,,JAERI-Data/Code 97-020 Tables 3-4,jaeri_tiara_source_spectra.csv
N001_JAERI_TIARA_43MEV_TRANS_000000,N001_JAERI_TIARA_43MEV,external_reference,neutron,JAERI/TIARA experimental concrete,2.31,measured 43-MeV p-7Li source,43.0,,JAERI_43MEV_BC501A_T025_FE040,JAERI_43MEV_PEAK_3.45E9_N_SR_UC,40.0,,43.0,44.0,,25.0,,0.0,lethargy_flux,6740.0,n cm-2 lethargy-1 uC-1,694.22,10.3,BC501A unfolded neutron spectrum,OK,,JAERI-Data/Code 97-020 Tables 10-15,jaeri_tiara_bc501a_transmission_spectra_phase1_verified.csv
N001_JAERI_TIARA_43MEV_TRANS_000001,N001_JAERI_TIARA_43MEV,external_reference,neutron,JAERI/TIARA experimental concrete,2.31,measured 43-MeV p-7Li source,43.0,,JAERI_43MEV_BC501A_T025_FE040,JAERI_43MEV_PEAK_3.45E9_N_SR_UC,40.0,,42.0,43.0,,25.0,,0.0,lethargy_flux,13200.0,n cm-2 lethargy-1 uC-1,831.6,6.3,BC501A unfolded neutron spectrum,OK,,JAERI-Data/Code 97-020 Tables 10-15,jaeri_tiara_bc501a_transmission_spectra_phase1_verified.csv
N001_JAERI_TIARA_43MEV_TRANS_000002,N001_JAERI_TIARA_43MEV,external_reference,neutron,JAERI/TIARA experimental concrete,2.31,measured 43-MeV p-7Li source,43.0,,JAERI_43MEV_BC501A_T025_FE040,JAERI_43MEV_PEAK_3.45E9_N_SR_UC,40.0,,41.0,42.0,,25.0,,0.0,lethargy_flux,19700.0,n cm-2 lethargy-1 uC-1,906.2,4.6,BC501A unfolded neutron spectrum,OK,,JAERI-Data/Code 97-020 Tables 10-15,jaeri_tiara_bc501a_transmission_spectra_phase1_verified.csv
N001_JAERI_TIARA_43MEV_TRANS_000003,N001_JAERI_TIARA_43MEV,external_reference,neutron,JAERI/TIARA experimental concrete,2.31,measured 43-MeV p-7Li source,43.0,,JAERI_43MEV_BC501A_T025_FE040,JAERI_43MEV_PEAK_3.45E9_N_SR_UC,40.0,,40.0,41.0,,25.0,,0.0,lethargy_flux,22700.0,n cm-2 lethargy-1 uC-1,1066.9,4.7,BC501A unfolded neutron spectrum,OK,,JAERI-Data/Code 97-020 Tables 10-15,jaeri_tiara_bc501a_transmission_spectra_phase1_verified.csv
N001_JAERI_TIARA_43MEV_TRANS_000004,N001_JAERI_TIARA_43MEV,external_reference,neutron,JAERI/TIARA experimental concrete,2.31,measured 43-MeV p-7Li source,43.0,,JAERI_43MEV_BC501A_T025_FE040,JAERI_43MEV_PEAK_3.45E9_N_SR_UC,40.0,,39.0,40.0,,25.0,,0.0,lethargy_flux,20200.0,n cm-2 lethargy-1 uC-1,1070.6,5.3,BC501A unfolded neutron spectrum,OK,,JAERI-Data/Code 97-020 Tables 10-15,jaeri_tiara_bc501a_transmission_spectra_phase1_verified.csv
N001_JAERI_TIARA_43MEV_TRANS_000005,N001_JAERI_TIARA_43MEV,external_reference,neutron,JAERI/TIARA experimental concrete,2.31,measured 43-MeV p-7Li source,43.0,,JAERI_43MEV_BC501A_T025_FE040,JAERI_43MEV_PEAK_3.45E9_N_SR_UC,40.0,,38.0,39.0,,25.0,,0.0,lethargy_flux,14000.0,n cm-2 lethargy-1 uC-1,840.0,6.0,BC501A unfolded neutron spectrum,OK,,JAERI-Data/Code 97-020 Tables 10-15,jaeri_tiara_bc501a_transmission_spectra_phase1_verified.csv
N001_JAERI_TIARA_43MEV_TRANS_000006,N001_JAERI_TIARA_43MEV,external_reference,neutron,JAERI/TIARA experimental concrete,2.31,measured 43-MeV p-7Li source,43.0,,JAERI_43MEV_BC501A_T025_FE040,JAERI_43MEV_PEAK_3.45E9_N_SR_UC,40.0,,37.0,38.0,,25.0,,0.0,lethargy_flux,7430.0,n cm-2 lethargy-1 uC-1,445.8,6.0,BC501A unfolded neutron spectrum,OK,,JAERI-Data/Code 97-020 Tables 10-15,jaeri_tiara_bc501a_transmission_spectra_phase1_verified.csv
N001_JAERI_TIARA_43MEV_TRANS_000007,N001_JAERI_TIARA_43MEV,external_reference,neutron,JAERI/TIARA experimental concrete,2.31,measured 43-MeV p-7Li source,43.0,,JAERI_43MEV_BC501A_T025_FE040,JAERI_43MEV_PEAK_3.45E9_N_SR_UC,40.0,,36.0,37.0,,25.0,,0.0,lethargy_flux,3130.0,n cm-2 lethargy-1 uC-1,181.54,5.8,BC501A unfolded neutron spectrum,OK,,JAERI-Data/Code 97-020 Tables 10-15,jaeri_tiara_bc501a_transmission_spectra_phase1_verified.csv
N001_JAERI_TIARA_43MEV_TRANS_000008,N001_JAERI_TIARA_43MEV,external_reference,neutron,JAERI/TIARA experimental concrete,2.31,measured 43-MeV p-7Li source,43.0,,JAERI_43MEV_BC501A_T025_FE040,JAERI_43MEV_PEAK_3.45E9_N_SR_UC,40.0,,35.0,36.0,,25.0,,0.0,lethargy_flux,1330.0,n cm-2 lethargy-1 uC-1,171.57,12.9,BC501A unfolded neutron spectrum,OK,,JAERI-Data/Code 97-020 Tables 10-15,jaeri_tiara_bc501a_transmission_spectra_phase1_verified.csv
N001_JAERI_TIARA_43MEV_TRANS_000009,N001_JAERI_TIARA_43MEV,external_reference,neutron,JAERI/TIARA experimental concrete,2.31,measured 43-MeV p-7Li source,43.0,,JAERI_43MEV_BC501A_T025_FE040,JAERI_43MEV_PEAK_3.45E9_N_SR_UC,40.0,,34.0,35.0,,25.0,,0.0,lethargy_flux,1020.0,n cm-2 lethargy-1 uC-1,181.56,17.8,BC501A unfolded neutron spectrum,OK,,JAERI-Data/Code 97-020 Tables 10-15,jaeri_tiara_bc501a_transmission_spectra_phase1_verified.csv
N001_JAERI_TIARA_43MEV_TRANS_000010,N001_JAERI_TIARA_43MEV,external_reference,neutron,JAERI/TIARA experimental concrete,2.31,measured 43-MeV p-7Li source,43.0,,JAERI_43MEV_BC501A_T025_FE040,JAERI_43MEV_PEAK_3.45E9_N_SR_UC,40.0,,33.0,34.0,,25.0,,0.0,lethargy_flux,1270.0,n cm-2 lethargy-1 uC-1,175.26,13.8,BC501A unfolded neutron spectrum,OK,,JAERI-Data/Code 97-020 Tables 10-15,jaeri_tiara_bc501a_transmission_spectra_phase1_verified.csv
N001_JAERI_TIARA_43MEV_TRANS_000011,N001_JAERI_TIARA_43MEV,external_reference,neutron,JAERI/TIARA experimental concrete,2.31,measured 43-MeV p-7Li source,43.0,,JAERI_43MEV_BC501A_T025_FE040,JAERI_43MEV_PEAK_3.45E9_N_SR_UC,40.0,,32.0,33.0,,25.0,,0.0,lethargy_flux,1610.0,n cm-2 lethargy-1 uC-1,183.54,11.4,BC501A unfolded neutron spectrum,OK,,JAERI-Data/Code 97-020 Tables 10-15,jaeri_tiara_bc501a_transmission_spectra_phase1_verified.csv
N001_JAERI_TIARA_43MEV_TRANS_000012,N001_JAERI_TIARA_43MEV,external_reference,neutron,JAERI/TIARA experimental concrete,2.31,measured 43-MeV p-7Li source,43.0,,JAERI_43MEV_BC501A_T025_FE040,JAERI_43MEV_PEAK_3.45E9_N_SR_UC,40.0,,31.0,32.0,,25.0,,0.0,lethargy_flux,1880.0,n cm-2 lethargy-1 uC-1,195.52,10.4,BC501A unfolded neutron spectrum,OK,,JAERI-Data/Code 97-020 Tables 10-15,jaeri_tiara_bc501a_transmission_spectra_phase1_verified.csv
N001_JAERI_TIARA_43MEV_TRANS_000013,N001_JAERI_TIARA_43MEV,external_reference,neutron,JAERI/TIARA experimental concrete,2.31,measured 43-MeV p-7Li source,43.0,,JAERI_43MEV_BC501A_T025_FE040,JAERI_43MEV_PEAK_3.45E9_N_SR_UC,40.0,,30.0,31.0,,25.0,,0.0,lethargy_flux,2050.0,n cm-2 lethargy-1 uC-1,194.75,9.5,BC501A unfolded neutron spectrum,OK,,JAERI-Data/Code 97-020 Tables 10-15,jaeri_tiara_bc501a_transmission_spectra_phase1_verified.csv
N001_JAERI_TIARA_43MEV_TRANS_000014,N001_JAERI_TIARA_43MEV,external_reference,neutron,JAERI/TIARA experimental concrete,2.31,measured 43-MeV p-7Li source,43.0,,JAERI_43MEV_BC501A_T025_FE040,JAERI_43MEV_PEAK_3.45E9_N_SR_UC,40.0,,29.0,30.0,,25.0,,0.0,lethargy_flux,2150.0,n cm-2 lethargy-1 uC-1,189.2,8.8,BC501A unfolded neutron spectrum,OK,,JAERI-Data/Code 97-020 Tables 10-15,jaeri_tiara_bc501a_transmission_spectra_phase1_verified.csv
N001_JAERI_TIARA_43MEV_TRANS_000015,N001_JAERI_TIARA_43MEV,external_reference,neutron,JAERI/TIARA experimental concrete,2.31,measured 43-MeV p-7Li source,43.0,,JAERI_43MEV_BC501A_T025_FE040,JAERI_43MEV_PEAK_3.45E9_N_SR_UC,40.0,,28.0,29.0,,25.0,,0.0,lethargy_flux,2170.0,n cm-2 lethargy-1 uC-1,197.47,9.1,BC501A unfolded neutron spectrum,OK,,JAERI-Data/Code 97-020 Tables 10-15,jaeri_tiara_bc501a_transmission_spectra_phase1_verified.csv
N001_JAERI_TIARA_43MEV_TRANS_000016,N001_JAERI_TIARA_43MEV,external_reference,neutron,JAERI/TIARA experimental concrete,2.31,measured 43-MeV p-7Li source,43.0,,JAERI_43MEV_BC501A_T025_FE040,JAERI_43MEV_PEAK_3.45E9_N_SR_UC,40.0,,27.0,28.0,,25.0,,0.0,lethargy_flux,2130.0,n cm-2 lethargy-1 uC-1,238.56,11.2,BC501A unfolded neutron spectrum,OK,,JAERI-Data/Code 97-020 Tables 10-15,jaeri_tiara_bc501a_transmission_spectra_phase1_verified.csv
N001_JAERI_TIARA_43MEV_TRANS_000017,N001_JAERI_TIARA_43MEV,external_reference,neutron,JAERI/TIARA experimental concrete,2.31,measured 43-MeV p-7Li source,43.0,,JAERI_43MEV_BC501A_T025_FE040,JAERI_43MEV_PEAK_3.45E9_N_SR_UC,40.0,,26.0,27.0,,25.0,,0.0,lethargy_flux,2040.0,n cm-2 lethargy-1 uC-1,306.0,15.0,BC501A unfolded neutron spectrum,OK,,JAERI-Data/Code 97-020 Tables 10-15,jaeri_tiara_bc501a_transmission_spectra_phase1_verified.csv
N001_JAERI_TIARA_43MEV_TRANS_000018,N001_JAERI_TIARA_43MEV,external_reference,neutron,JAERI/TIARA experimental concrete,2.31,measured 43-MeV p-7Li source,43.0,,JAERI_43MEV_BC501A_T025_FE040,JAERI_43MEV_PEAK_3.45E9_N_SR_UC,40.0,,25.0,26.0,,25.0,,0.0,lethargy_flux,1930.0,n cm-2 lethargy-1 uC-1,376.35,19.5,BC501A unfolded neutron spectrum,OK,,JAERI-Data/Code 97-020 Tables 10-15,jaeri_tiara_bc501a_transmission_spectra_phase1_verified.csv
N001_JAERI_TIARA_43MEV_TRANS_000019,N001_JAERI_TIARA_43MEV,external_reference,neutron,JAERI/TIARA experimental concrete,2.31,measured 43-MeV p-7Li source,43.0,,JAERI_43MEV_BC501A_T025_FE040,JAERI_43MEV_PEAK_3.45E9_N_SR_UC,40.0,,24.0,25.0,,25.0,,0.0,lethargy_flux,1820.0,n cm-2 lethargy-1 uC-1,405.86,22.3,BC501A unfolded neutron spectrum,OK,,JAERI-Data/Code 97-020 Tables 10-15,jaeri_tiara_bc501a_transmission_spectra_phase1_verified.csv
N001_JAERI_TIARA_43MEV_TRANS_000020,N001_JAERI_TIARA_43MEV,external_reference,neutron,JAERI/TIARA experimental concrete,2.31,measured 43-MeV p-7Li source,43.0,,JAERI_43MEV_BC501A_T025_FE040,JAERI_43MEV_PEAK_3.45E9_N_SR_UC,40.0,,23.0,24.0,,25.0,,0.0,lethargy_flux,1730.0,n cm-2 lethargy-1 uC-1,382.33,22.1,BC501A unfolded neutron spectrum,OK,,JAERI-Data/Code 97-020 Tables 10-15,jaeri_tiara_bc501a_transmission_spectra_phase1_verified.csv
N001_JAERI_TIARA_43MEV_TRANS_000021,N001_JAERI_TIARA_43MEV,external_reference,neutron,JAERI/TIARA experimental concrete,2.31,measured 43-MeV p-7Li source,43.0,,JAERI_43MEV_BC501A_T025_FE040,JAERI_43MEV_PEAK_3.45E9_N_SR_UC,40.0,,22.0,23.0,,25.0,,0.0,lethargy_flux,1670.0,n cm-2 lethargy-1 uC-1,298.92999999999995,17.9,BC501A unfolded neutron spectrum,OK,,JAERI-Data/Code 97-020 Tables 10-15,jaeri_tiara_bc501a_transmission_spectra_phase1_verified.csv
N001_JAERI_TIARA_43MEV_TRANS_000022,N001_JAERI_TIARA_43MEV,external_reference,neutron,JAERI/TIARA experimental concrete,2.31,measured 43-MeV p-7Li source,43.0,,JAERI_43MEV_BC501A_T025_FE040,JAERI_43MEV_PEAK_3.45E9_N_SR_UC,40.0,,21.0,22.0,,25.0,,0.0,lethargy_flux,1640.0,n cm-2 lethargy-1 uC-1,183.68,11.2,BC501A unfolded neutron spectrum,OK,,JAERI-Data/Code 97-020 Tables 10-15,jaeri_tiara_bc501a_transmission_spectra_phase1_verified.csv
N001_JAERI_TIARA_43MEV_TRANS_000023,N001_JAERI_TIARA_43MEV,external_reference,neutron,JAERI/TIARA experimental concrete,2.31,measured 43-MeV p-7Li source,43.0,,JAERI_43MEV_BC501A_T025_FE040,JAERI_43MEV_PEAK_3.45E9_N_SR_UC,40.0,,20.0,21.0,,25.0,,0.0,lethargy_flux,1640.0,n cm-2 lethargy-1 uC-1,80.36000000000001,4.9,BC501A unfolded neutron spectrum,OK,,JAERI-Data/Code 97-020 Tables 10-15,jaeri_tiara_bc501a_transmission_spectra_phase1_verified.csv
N001_JAERI_TIARA_43MEV_TRANS_000024,N001_JAERI_TIARA_43MEV,external_reference,neutron,JAERI/TIARA experimental concrete,2.31,measured 43-MeV p-7Li source,43.0,,JAERI_43MEV_BC501A_T025_FE040,JAERI_43MEV_PEAK_3.45E9_N_SR_UC,40.0,,19.0,20.0,,25.0,,0.0,lethargy_flux,1650.0,n cm-2 lethargy-1 uC-1,145.20000000000002,8.8,BC501A unfolded neutron spectrum,OK,,JAERI-Data/Code 97-020 Tables 10-15,jaeri_tiara_bc501a_transmission_spectra_phase1_verified.csv
N001_JAERI_TIARA_43MEV_TRANS_000025,N001_JAERI_TIARA_43MEV,external_reference,neutron,JAERI/TIARA experimental concrete,2.31,measured 43-MeV p-7Li source,43.0,,JAERI_43MEV_BC501A_T025_FE040,JAERI_43MEV_PEAK_3.45E9_N_SR_UC,40.0,,18.0,19.0,,25.0,,0.0,lethargy_flux,1630.0,n cm-2 lethargy-1 uC-1,216.79,13.3,BC501A unfolded neutron spectrum,OK,,JAERI-Data/Code 97-020 Tables 10-15,jaeri_tiara_bc501a_transmission_spectra_phase1_verified.csv
N001_JAERI_TIARA_43MEV_TRANS_000026,N001_JAERI_TIARA_43MEV,external_reference,neutron,JAERI/TIARA experimental concrete,2.31,measured 43-MeV p-7Li source,43.0,,JAERI_43MEV_BC501A_T025_FE040,JAERI_43MEV_PEAK_3.45E9_N_SR_UC,40.0,,17.0,18.0,,25.0,,0.0,lethargy_flux,1550.0,n cm-2 lethargy-1 uC-1,207.7,13.4,BC501A unfolded neutron spectrum,OK,,JAERI-Data/Code 97-020 Tables 10-15,jaeri_tiara_bc501a_transmission_spectra_phase1_verified.csv
N001_JAERI_TIARA_43MEV_TRANS_000027,N001_JAERI_TIARA_43MEV,external_reference,neutron,JAERI/TIARA experimental concrete,2.31,measured 43-MeV p-7Li source,43.0,,JAERI_43MEV_BC501A_T025_FE040,JAERI_43MEV_PEAK_3.45E9_N_SR_UC,40.0,,16.0,17.0,,25.0,,0.0,lethargy_flux,1420.0,n cm-2 lethargy-1 uC-1,123.53999999999998,8.7,BC501A unfolded neutron spectrum,OK,,JAERI-Data/Code 97-020 Tables 10-15,jaeri_tiara_bc501a_transmission_spectra_phase1_verified.csv
N001_JAERI_TIARA_43MEV_TRANS_000028,N001_JAERI_TIARA_43MEV,external_reference,neutron,JAERI/TIARA experimental concrete,2.31,measured 43-MeV p-7Li source,43.0,,JAERI_43MEV_BC501A_T025_FE040,JAERI_43MEV_PEAK_3.45E9_N_SR_UC,40.0,,15.0,16.0,,25.0,,0.0,lethargy_flux,1270.0,n cm-2 lethargy-1 uC-1,60.96,4.8,BC501A unfolded neutron spectrum,OK,,JAERI-Data/Code 97-020 Tables 10-15,jaeri_tiara_bc501a_transmission_spectra_phase1_verified.csv
N001_JAERI_TIARA_43MEV_TRANS_000029,N001_JAERI_TIARA_43MEV,external_reference,neutron,JAERI/TIARA experimental concrete,2.31,measured 43-MeV p-7Li source,43.0,,JAERI_43MEV_BC501A_T025_FE040,JAERI_43MEV_PEAK_3.45E9_N_SR_UC,40.0,,14.0,15.0,,25.0,,0.0,lethargy_flux,1160.0,n cm-2 lethargy-1 uC-1,64.96,5.6,BC501A unfolded neutron spectrum,OK,,JAERI-Data/Code 97-020 Tables 10-15,jaeri_tiara_bc501a_transmission_spectra_phase1_verified.csv
N001_JAERI_TIARA_43MEV_TRANS_000030,N001_JAERI_TIARA_43MEV,external_reference,neutron,JAERI/TIARA experimental concrete,2.31,measured 43-MeV p-7Li source,43.0,,JAERI_43MEV_BC501A_T025_FE040,JAERI_43MEV_PEAK_3.45E9_N_SR_UC,40.0,,13.0,14.0,,25.0,,0.0,lethargy_flux,1110.0,n cm-2 lethargy-1 uC-1,52.17,4.7,BC501A unfolded neutron spectrum,OK,,JAERI-Data/Code 97-020 Tables 10-15,jaeri_tiara_bc501a_transmission_spectra_phase1_verified.csv
N001_JAERI_TIARA_43MEV_TRANS_000031,N001_JAERI_TIARA_43MEV,external_reference,neutron,JAERI/TIARA experimental concrete,2.31,measured 43-MeV p-7Li source,43.0,,JAERI_43MEV_BC501A_T025_FE040,JAERI_43MEV_PEAK_3.45E9_N_SR_UC,40.0,,12.0,13.0,,25.0,,0.0,lethargy_flux,1090.0,n cm-2 lethargy-1 uC-1,100.28,9.2,BC501A unfolded neutron spectrum,OK,,JAERI-Data/Code 97-020 Tables 10-15,jaeri_tiara_bc501a_transmission_spectra_phase1_verified.csv
N001_JAERI_TIARA_43MEV_TRANS_000032,N001_JAERI_TIARA_43MEV,external_reference,neutron,JAERI/TIARA experimental concrete,2.31,measured 43-MeV p-7Li source,43.0,,JAERI_43MEV_BC501A_T025_FE040,JAERI_43MEV_PEAK_3.45E9_N_SR_UC,40.0,,11.0,12.0,,25.0,,0.0,lethargy_flux,1050.0,n cm-2 lethargy-1 uC-1,137.55,13.1,BC501A unfolded neutron spectrum,OK,,JAERI-Data/Code 97-020 Tables 10-15,jaeri_tiara_bc501a_transmission_spectra_phase1_verified.csv
N001_JAERI_TIARA_43MEV_TRANS_000033,N001_JAERI_TIARA_43MEV,external_reference,neutron,JAERI/TIARA experimental concrete,2.31,measured 43-MeV p-7Li source,43.0,,JAERI_43MEV_BC501A_T025_FE040,JAERI_43MEV_PEAK_3.45E9_N_SR_UC,40.0,,10.0,11.0,,25.0,,0.0,lethargy_flux,985.0,n cm-2 lethargy-1 uC-1,134.945,13.7,BC501A unfolded neutron spectrum,OK,,JAERI-Data/Code 97-020 Tables 10-15,jaeri_tiara_bc501a_transmission_spectra_phase1_verified.csv
N001_JAERI_TIARA_43MEV_TRANS_000034,N001_JAERI_TIARA_43MEV,external_reference,neutron,JAERI/TIARA experimental concrete,2.31,measured 43-MeV p-7Li source,43.0,,JAERI_43MEV_BC501A_T025_FE040,JAERI_43MEV_PEAK_3.45E9_N_SR_UC,40.0,,9.0,10.0,,25.0,,0.0,lethargy_flux,911.0,n cm-2 lethargy-1 uC-1,108.40899999999999,11.9,BC501A unfolded neutron spectrum,OK,,JAERI-Data/Code 97-020 Tables 10-15,jaeri_tiara_bc501a_transmission_spectra_phase1_verified.csv
N001_JAERI_TIARA_43MEV_TRANS_000035,N001_JAERI_TIARA_43MEV,external_reference,neutron,JAERI/TIARA experimental concrete,2.31,measured 43-MeV p-7Li source,43.0,,JAERI_43MEV_BC501A_T025_FE040,JAERI_43MEV_PEAK_3.45E9_N_SR_UC,40.0,,8.0,9.0,,25.0,,0.0,lethargy_flux,846.0,n cm-2 lethargy-1 uC-1,60.912,7.2,BC501A unfolded neutron spectrum,OK,,JAERI-Data/Code 97-020 Tables 10-15,jaeri_tiara_bc501a_transmission_spectra_phase1_verified.csv
N001_JAERI_TIARA_43MEV_TRANS_000036,N001_JAERI_TIARA_43MEV,external_reference,neutron,JAERI/TIARA experimental concrete,2.31,measured 43-MeV p-7Li source,43.0,,JAERI_43MEV_BC501A_T025_FE040,JAERI_43MEV_PEAK_3.45E9_N_SR_UC,40.0,,7.0,8.0,,25.0,,0.0,lethargy_flux,756.0,n cm-2 lethargy-1 uC-1,81.648,10.8,BC501A unfolded neutron spectrum,OK,,JAERI-Data/Code 97-020 Tables 10-15,jaeri_tiara_bc501a_transmission_spectra_phase1_verified.csv
N001_JAERI_TIARA_43MEV_TRANS_000037,N001_JAERI_TIARA_43MEV,external_reference,neutron,JAERI/TIARA experimental concrete,2.31,measured 43-MeV p-7Li source,43.0,,JAERI_43MEV_BC501A_T025_FE040,JAERI_43MEV_PEAK_3.45E9_N_SR_UC,40.0,,6.0,7.0,,25.0,,0.0,lethargy_flux,676.0,n cm-2 lethargy-1 uC-1,153.452,22.7,BC501A unfolded neutron spectrum,OK,,JAERI-Data/Code 97-020 Tables 10-15,jaeri_tiara_bc501a_transmission_spectra_phase1_verified.csv
N001_JAERI_TIARA_43MEV_TRANS_000038,N001_JAERI_TIARA_43MEV,external_reference,neutron,JAERI/TIARA experimental concrete,2.31,measured 43-MeV p-7Li source,43.0,,JAERI_43MEV_BC501A_T025_FE040,JAERI_43MEV_PEAK_3.45E9_N_SR_UC,40.0,,5.0,6.0,,25.0,,0.0,lethargy_flux,694.0,n cm-2 lethargy-1 uC-1,47.886,6.9,BC501A unfolded neutron spectrum,OK,,JAERI-Data/Code 97-020 Tables 10-15,jaeri_tiara_bc501a_transmission_spectra_phase1_verified.csv
N001_JAERI_TIARA_43MEV_TRANS_000039,N001_JAERI_TIARA_43MEV,external_reference,neutron,JAERI/TIARA experimental concrete,2.31,measured 43-MeV p-7Li source,43.0,,JAERI_43MEV_BC501A_T025_FE040,JAERI_43MEV_PEAK_3.45E9_N_SR_UC,40.0,,4.0,5.0,,25.0,,0.0,lethargy_flux,634.0,n cm-2 lethargy-1 uC-1,273.254,43.1,BC501A unfolded neutron spectrum,OK,,JAERI-Data/Code 97-020 Tables 10-15,jaeri_tiara_bc501a_transmission_spectra_phase1_verified.csv
N001_JAERI_TIARA_43MEV_TRANS_000040,N001_JAERI_TIARA_43MEV,external_reference,neutron,JAERI/TIARA experimental concrete,2.31,measured 43-MeV p-7Li source,43.0,,JAERI_43MEV_BC501A_T025_FE040,JAERI_43MEV_PEAK_3.45E9_N_SR_UC,40.0,,43.0,44.0,,25.0,,20.0,lethargy_flux,103.0,n cm-2 lethargy-1 uC-1,57.577,55.9,BC501A unfolded neutron spectrum,OK,,JAERI-Data/Code 97-020 Tables 10-15,jaeri_tiara_bc501a_transmission_spectra_phase1_verified.csv
N001_JAERI_TIARA_43MEV_TRANS_000041,N001_JAERI_TIARA_43MEV,external_reference,neutron,JAERI/TIARA experimental concrete,2.31,measured 43-MeV p-7Li source,43.0,,JAERI_43MEV_BC501A_T025_FE040,JAERI_43MEV_PEAK_3.45E9_N_SR_UC,40.0,,42.0,43.0,,25.0,,20.0,lethargy_flux,186.0,n cm-2 lethargy-1 uC-1,119.97,64.5,BC501A unfolded neutron spectrum,OK,,JAERI-Data/Code 97-020 Tables 10-15,jaeri_tiara_bc501a_transmission_spectra_phase1_verified.csv
N001_JAERI_TIARA_43MEV_TRANS_000042,N001_JAERI_TIARA_43MEV,external_reference,neutron,JAERI/TIARA experimental concrete,2.31,measured 43-MeV p-7Li source,43.0,,JAERI_43MEV_BC501A_T025_FE040,JAERI_43MEV_PEAK_3.45E9_N_SR_UC,40.0,,41.0,42.0,,25.0,,20.0,lethargy_flux,322.0,n cm-2 lethargy-1 uC-1,128.8,40.0,BC501A unfolded neutron spectrum,OK,,JAERI-Data/Code 97-020 Tables 10-15,jaeri_tiara_bc501a_transmission_spectra_phase1_verified.csv
N001_JAERI_TIARA_43MEV_TRANS_000043,N001_JAERI_TIARA_43MEV,external_reference,neutron,JAERI/TIARA experimental concrete,2.31,measured 43-MeV p-7Li source,43.0,,JAERI_43MEV_BC501A_T025_FE040,JAERI_43MEV_PEAK_3.45E9_N_SR_UC,40.0,,40.0,41.0,,25.0,,20.0,lethargy_flux,461.0,n cm-2 lethargy-1 uC-1,58.547,12.7,BC501A unfolded neutron spectrum,OK,,JAERI-Data/Code 97-020 Tables 10-15,jaeri_tiara_bc501a_transmission_spectra_phase1_verified.csv
N001_JAERI_TIARA_43MEV_TRANS_000044,N001_JAERI_TIARA_43MEV,external_reference,neutron,JAERI/TIARA experimental concrete,2.31,measured 43-MeV p-7Li source,43.0,,JAERI_43MEV_BC501A_T025_FE040,JAERI_43MEV_PEAK_3.45E9_N_SR_UC,40.0,,39.0,40.0,,25.0,,20.0,lethargy_flux,504.0,n cm-2 lethargy-1 uC-1,56.952000000000005,11.3,BC501A unfolded neutron spectrum,OK,,JAERI-Data/Code 97-020 Tables 10-15,jaeri_tiara_bc501a_transmission_spectra_phase1_verified.csv
N001_JAERI_TIARA_43MEV_TRANS_000045,N001_JAERI_TIARA_43MEV,external_reference,neutron,JAERI/TIARA experimental concrete,2.31,measured 43-MeV p-7Li source,43.0,,JAERI_43MEV_BC501A_T025_FE040,JAERI_43MEV_PEAK_3.45E9_N_SR_UC,40.0,,38.0,39.0,,25.0,,20.0,lethargy_flux,415.0,n cm-2 lethargy-1 uC-1,101.26,24.4,BC501A unfolded neutron spectrum,OK,,JAERI-Data/Code 97-020 Tables 10-15,jaeri_tiara_bc501a_transmission_spectra_phase1_verified.csv
N001_JAERI_TIARA_43MEV_TRANS_000046,N001_JAERI_TIARA_43MEV,external_reference,neutron,JAERI/TIARA experimental concrete,2.31,measured 43-MeV p-7Li source,43.0,,JAERI_43MEV_BC501A_T025_FE040,JAERI_43MEV_PEAK_3.45E9_N_SR_UC,40.0,,37.0,38.0,,25.0,,20.0,lethargy_flux,274.0,n cm-2 lethargy-1 uC-1,81.378,29.7,BC501A unfolded neutron spectrum,OK,,JAERI-Data/Code 97-020 Tables 10-15,jaeri_tiara_bc501a_transmission_spectra_phase1_verified.csv
N001_JAERI_TIARA_43MEV_TRANS_000047,N001_JAERI_TIARA_43MEV,external_reference,neutron,JAERI/TIARA experimental concrete,2.31,measured 43-MeV p-7Li source,43.0,,JAERI_43MEV_BC501A_T025_FE040,JAERI_43MEV_PEAK_3.45E9_N_SR_UC,40.0,,36.0,37.0,,25.0,,20.0,lethargy_flux,173.0,n cm-2 lethargy-1 uC-1,38.06,22.0,BC501A unfolded neutron spectrum,OK,,JAERI-Data/Code 97-020 Tables 10-15,jaeri_tiara_bc501a_transmission_spectra_phase1_verified.csv
N001_JAERI_TIARA_43MEV_TRANS_000048,N001_JAERI_TIARA_43MEV,external_reference,neutron,JAERI/TIARA experimental concrete,2.31,measured 43-MeV p-7Li source,43.0,,JAERI_43MEV_BC501A_T025_FE040,JAERI_43MEV_PEAK_3.45E9_N_SR_UC,40.0,,35.0,36.0,,25.0,,20.0,lethargy_flux,130.0,n cm-2 lethargy-1 uC-1,13.91,10.7,BC501A unfolded neutron spectrum,OK,,JAERI-Data/Code 97-020 Tables 10-15,jaeri_tiara_bc501a_transmission_spectra_phase1_verified.csv
N001_JAERI_TIARA_43MEV_TRANS_000049,N001_JAERI_TIARA_43MEV,external_reference,neutron,JAERI/TIARA experimental concrete,2.31,measured 43-MeV p-7Li source,43.0,,JAERI_43MEV_BC501A_T025_FE040,JAERI_43MEV_PEAK_3.45E9_N_SR_UC,40.0,,34.0,35.0,,25.0,,20.0,lethargy_flux,119.0,n cm-2 lethargy-1 uC-1,13.328,11.2,BC501A unfolded neutron spectrum,OK,,JAERI-Data/Code 97-020 Tables 10-15,jaeri_tiara_bc501a_transmission_spectra_phase1_verified.csv
N001_JAERI_TIARA_43MEV_TRANS_000050,N001_JAERI_TIARA_43MEV,external_reference,neutron,JAERI/TIARA experimental concrete,2.31,measured 43-MeV p-7Li source,43.0,,JAERI_43MEV_BC501A_T025_FE040,JAERI_43MEV_PEAK_3.45E9_N_SR_UC,40.0,,33.0,34.0,,25.0,,20.0,lethargy_flux,117.0,n cm-2 lethargy-1 uC-1,12.402000000000001,10.6,BC501A unfolded neutron spectrum,OK,,JAERI-Data/Code 97-020 Tables 10-15,jaeri_tiara_bc501a_transmission_spectra_phase1_verified.csv
N001_JAERI_TIARA_43MEV_TRANS_000051,N001_JAERI_TIARA_43MEV,external_reference,neutron,JAERI/TIARA experimental concrete,2.31,measured 43-MeV p-7Li source,43.0,,JAERI_43MEV_BC501A_T025_FE040,JAERI_43MEV_PEAK_3.45E9_N_SR_UC,40.0,,32.0,33.0,,25.0,,20.0,lethargy_flux,116.0,n cm-2 lethargy-1 uC-1,10.671999999999999,9.2,BC501A unfolded neutron spectrum,OK,,JAERI-Data/Code 97-020 Tables 10-15,jaeri_tiara_bc501a_transmission_spectra_phase1_verified.csv
N001_JAERI_TIARA_43MEV_TRANS_000052,N001_JAERI_TIARA_43MEV,external_reference,neutron,JAERI/TIARA experimental concrete,2.31,measured 43-MeV p-7Li source,43.0,,JAERI_43MEV_BC501A_T025_FE040,JAERI_43MEV_PEAK_3.45E9_N_SR_UC,40.0,,31.0,32.0,,25.0,,20.0,lethargy_flux,114.0,n cm-2 lethargy-1 uC-1,9.462,8.3,BC501A unfolded neutron spectrum,OK,,JAERI-Data/Code 97-020 Tables 10-15,jaeri_tiara_bc501a_transmission_spectra_phase1_verified.csv
N001_JAERI_TIARA_43MEV_TRANS_000053,N001_JAERI_TIARA_43MEV,external_reference,neutron,JAERI/TIARA experimental concrete,2.31,measured 43-MeV p-7Li source,43.0,,JAERI_43MEV_BC501A_T025_FE040,JAERI_43MEV_PEAK_3.45E9_N_SR_UC,40.0,,30.0,31.0,,25.0,,20.0,lethargy_flux,113.0,n cm-2 lethargy-1 uC-1,9.605,8.5,BC501A unfolded neutron spectrum,OK,,JAERI-Data/Code 97-020 Tables 10-15,jaeri_tiara_bc501a_transmission_spectra_phase1_verified.csv
N001_JAERI_TIARA_43MEV_TRANS_000054,N001_JAERI_TIARA_43MEV,external_reference,neutron,JAERI/TIARA experimental concrete,2.31,measured 43-MeV p-7Li source,43.0,,JAERI_43MEV_BC501A_T025_FE040,JAERI_43MEV_PEAK_3.45E9_N_SR_UC,40.0,,29.0,30.0,,25.0,,20.0,lethargy_flux,111.0,n cm-2 lethargy-1 uC-1,10.655999999999999,9.6,BC501A unfolded neutron spectrum,OK,,JAERI-Data/Code 97-020 Tables 10-15,jaeri_tiara_bc501a_transmission_spectra_phase1_verified.csv
N001_JAERI_TIARA_43MEV_TRANS_000055,N001_JAERI_TIARA_43MEV,external_reference,neutron,JAERI/TIARA experimental concrete,2.31,measured 43-MeV p-7Li source,43.0,,JAERI_43MEV_BC501A_T025_FE040,JAERI_43MEV_PEAK_3.45E9_N_SR_UC,40.0,,28.0,29.0,,25.0,,20.0,lethargy_flux,108.0,n cm-2 lethargy-1 uC-1,12.204,11.3,BC501A unfolded neutron spectrum,OK,,JAERI-Data/Code 97-020 Tables 10-15,jaeri_tiara_bc501a_transmission_spectra_phase1_verified.csv
N001_JAERI_TIARA_43MEV_TRANS_000056,N001_JAERI_TIARA_43MEV,external_reference,neutron,JAERI/TIARA experimental concrete,2.31,measured 43-MeV p-7Li source,43.0,,JAERI_43MEV_BC501A_T025_FE040,JAERI_43MEV_PEAK_3.45E9_N_SR_UC,40.0,,27.0,28.0,,25.0,,20.0,lethargy_flux,105.0,n cm-2 lethargy-1 uC-1,14.385,13.7,BC501A unfolded neutron spectrum,OK,,JAERI-Data/Code 97-020 Tables 10-15,jaeri_tiara_bc501a_transmission_spectra_phase1_verified.csv
N001_JAERI_TIARA_43MEV_TRANS_000057,N001_JAERI_TIARA_43MEV,external_reference,neutron,JAERI/TIARA experimental concrete,2.31,measured 43-MeV p-7Li source,43.0,,JAERI_43MEV_BC501A_T025_FE040,JAERI_43MEV_PEAK_3.45E9_N_SR_UC,40.0,,26.0,27.0,,25.0,,20.0,lethargy_flux,102.0,n cm-2 lethargy-1 uC-1,16.83,16.5,BC501A unfolded neutron spectrum,OK,,JAERI-Data/Code 97-020 Tables 10-15,jaeri_tiara_bc501a_transmission_spectra_phase1_verified.csv
N001_JAERI_TIARA_43MEV_TRANS_000058,N001_JAERI_TIARA_43MEV,external_reference,neutron,JAERI/TIARA experimental concrete,2.31,measured 43-MeV p-7Li source,43.0,,JAERI_43MEV_BC501A_T025_FE040,JAERI_43MEV_PEAK_3.45E9_N_SR_UC,40.0,,25.0,26.0,,25.0,,20.0,lethargy_flux,99.2,n cm-2 lethargy-1 uC-1,18.4512,18.6,BC501A unfolded neutron spectrum,OK,,JAERI-Data/Code 97-020 Tables 10-15,jaeri_tiara_bc501a_transmission_spectra_phase1_verified.csv
N001_JAERI_TIARA_43MEV_TRANS_000059,N001_JAERI_TIARA_43MEV,external_reference,neutron,JAERI/TIARA experimental concrete,2.31,measured 43-MeV p-7Li source,43.0,,JAERI_43MEV_BC501A_T025_FE040,JAERI_43MEV_PEAK_3.45E9_N_SR_UC,40.0,,24.0,25.0,,25.0,,20.0,lethargy_flux,97.2,n cm-2 lethargy-1 uC-1,18.7596,19.3,BC501A unfolded neutron spectrum,OK,,JAERI-Data/Code 97-020 Tables 10-15,jaeri_tiara_bc501a_transmission_spectra_phase1_verified.csv
N001_JAERI_TIARA_43MEV_TRANS_000060,N001_JAERI_TIARA_43MEV,external_reference,neutron,JAERI/TIARA experimental concrete,2.31,measured 43-MeV p-7Li source,43.0,,JAERI_43MEV_BC501A_T025_FE040,JAERI_43MEV_PEAK_3.45E9_N_SR_UC,40.0,,23.0,24.0,,25.0,,20.0,lethargy_flux,95.7,n cm-2 lethargy-1 uC-1,17.0346,17.8,BC501A unfolded neutron spectrum,OK,,JAERI-Data/Code 97-020 Tables 10-15,jaeri_tiara_bc501a_transmission_spectra_phase1_verified.csv
N001_JAERI_TIARA_43MEV_TRANS_000061,N001_JAERI_TIARA_43MEV,external_reference,neutron,JAERI/TIARA experimental concrete,2.31,measured 43-MeV p-7Li source,43.0,,JAERI_43MEV_BC501A_T025_FE040,JAERI_43MEV_PEAK_3.45E9_N_SR_UC,40.0,,22.0,23.0,,25.0,,20.0,lethargy_flux,94.5,n cm-2 lethargy-1 uC-1,13.3245,14.1,BC501A unfolded neutron spectrum,OK,,JAERI-Data/Code 97-020 Tables 10-15,jaeri_tiara_bc501a_transmission_spectra_phase1_verified.csv
N001_JAERI_TIARA_43MEV_TRANS_000062,N001_JAERI_TIARA_43MEV,external_reference,neutron,JAERI/TIARA experimental concrete,2.31,measured 43-MeV p-7Li source,43.0,,JAERI_43MEV_BC501A_T025_FE040,JAERI_43MEV_PEAK_3.45E9_N_SR_UC,40.0,,21.0,22.0,,25.0,,20.0,lethargy_flux,93.4,n cm-2 lethargy-1 uC-1,8.312600000000002,8.9,BC501A unfolded neutron spectrum,OK,,JAERI-Data/Code 97-020 Tables 10-15,jaeri_tiara_bc501a_transmission_spectra_phase1_verified.csv
N001_JAERI_TIARA_43MEV_TRANS_000063,N001_JAERI_TIARA_43MEV,external_reference,neutron,JAERI/TIARA experimental concrete,2.31,measured 43-MeV p-7Li source,43.0,,JAERI_43MEV_BC501A_T025_FE040,JAERI_43MEV_PEAK_3.45E9_N_SR_UC,40.0,,20.0,21.0,,25.0,,20.0,lethargy_flux,92.0,n cm-2 lethargy-1 uC-1,4.4159999999999995,4.8,BC501A unfolded neutron spectrum,OK,,JAERI-Data/Code 97-020 Tables 10-15,jaeri_tiara_bc501a_transmission_spectra_phase1_verified.csv
N001_JAERI_TIARA_43MEV_TRANS_000064,N001_JAERI_TIARA_43MEV,external_reference,neutron,JAERI/TIARA experimental concrete,2.31,measured 43-MeV p-7Li source,43.0,,JAERI_43MEV_BC501A_T025_FE040,JAERI_43MEV_PEAK_3.45E9_N_SR_UC,40.0,,19.0,20.0,,25.0,,20.0,lethargy_flux,90.3,n cm-2 lethargy-1 uC-1,6.0501,6.7,BC501A unfolded neutron spectrum,OK,,JAERI-Data/Code 97-020 Tables 10-15,jaeri_tiara_bc501a_transmission_spectra_phase1_verified.csv
N001_JAERI_TIARA_43MEV_TRANS_000065,N001_JAERI_TIARA_43MEV,external_reference,neutron,JAERI/TIARA experimental concrete,2.31,measured 43-MeV p-7Li source,43.0,,JAERI_43MEV_BC501A_T025_FE040,JAERI_43MEV_PEAK_3.45E9_N_SR_UC,40.0,,18.0,19.0,,25.0,,20.0,lethargy_flux,88.0,n cm-2 lethargy-1 uC-1,8.184000000000001,9.3,BC501A unfolded neutron spectrum,OK,,JAERI-Data/Code 97-020 Tables 10-15,jaeri_tiara_bc501a_transmission_spectra_phase1_verified.csv
N001_JAERI_TIARA_43MEV_TRANS_000066,N001_JAERI_TIARA_43MEV,external_reference,neutron,JAERI/TIARA experimental concrete,2.31,measured 43-MeV p-7Li source,43.0,,JAERI_43MEV_BC501A_T025_FE040,JAERI_43MEV_PEAK_3.45E9_N_SR_UC,40.0,,17.0,18.0,,25.0,,20.0,lethargy_flux,84.9,n cm-2 lethargy-1 uC-1,7.8957000000000015,9.3,BC501A unfolded neutron spectrum,OK,,JAERI-Data/Code 97-020 Tables 10-15,jaeri_tiara_bc501a_transmission_spectra_phase1_verified.csv
N001_JAERI_TIARA_43MEV_TRANS_000067,N001_JAERI_TIARA_43MEV,external_reference,neutron,JAERI/TIARA experimental concrete,2.31,measured 43-MeV p-7Li source,43.0,,JAERI_43MEV_BC501A_T025_FE040,JAERI_43MEV_PEAK_3.45E9_N_SR_UC,40.0,,16.0,17.0,,25.0,,20.0,lethargy_flux,81.3,n cm-2 lethargy-1 uC-1,5.772299999999999,7.1,BC501A unfolded neutron spectrum,OK,,JAERI-Data/Code 97-020 Tables 10-15,jaeri_tiara_bc501a_transmission_spectra_phase1_verified.csv
N001_JAERI_TIARA_43MEV_TRANS_000068,N001_JAERI_TIARA_43MEV,external_reference,neutron,JAERI/TIARA experimental concrete,2.31,measured 43-MeV p-7Li source,43.0,,JAERI_43MEV_BC501A_T025_FE040,JAERI_43MEV_PEAK_3.45E9_N_SR_UC,40.0,,15.0,16.0,,25.0,,20.0,lethargy_flux,77.5,n cm-2 lethargy-1 uC-1,4.03,5.2,BC501A unfolded neutron spectrum,OK,,JAERI-Data/Code 97-020 Tables 10-15,jaeri_tiara_bc501a_transmission_spectra_phase1_verified.csv
N001_JAERI_TIARA_43MEV_TRANS_000069,N001_JAERI_TIARA_43MEV,external_reference,neutron,JAERI/TIARA experimental concrete,2.31,measured 43-MeV p-7Li source,43.0,,JAERI_43MEV_BC501A_T025_FE040,JAERI_43MEV_PEAK_3.45E9_N_SR_UC,40.0,,14.0,15.0,,25.0,,20.0,lethargy_flux,74.2,n cm-2 lethargy-1 uC-1,3.6358000000000006,4.9,BC501A unfolded neutron spectrum,OK,,JAERI-Data/Code 97-020 Tables 10-15,jaeri_tiara_bc501a_transmission_spectra_phase1_verified.csv
N001_JAERI_TIARA_43MEV_TRANS_000070,N001_JAERI_TIARA_43MEV,external_reference,neutron,JAERI/TIARA experimental concrete,2.31,measured 43-MeV p-7Li source,43.0,,JAERI_43MEV_BC501A_T025_FE040,JAERI_43MEV_PEAK_3.45E9_N_SR_UC,40.0,,13.0,14.0,,25.0,,20.0,lethargy_flux,71.6,n cm-2 lethargy-1 uC-1,4.0812,5.7,BC501A unfolded neutron spectrum,OK,,JAERI-Data/Code 97-020 Tables 10-15,jaeri_tiara_bc501a_transmission_spectra_phase1_verified.csv
N001_JAERI_TIARA_43MEV_TRANS_000071,N001_JAERI_TIARA_43MEV,external_reference,neutron,JAERI/TIARA experimental concrete,2.31,measured 43-MeV p-7Li source,43.0,,JAERI_43MEV_BC501A_T025_FE040,JAERI_43MEV_PEAK_3.45E9_N_SR_UC,40.0,,12.0,13.0,,25.0,,20.0,lethargy_flux,69.6,n cm-2 lethargy-1 uC-1,5.568,8.0,BC501A unfolded neutron spectrum,OK,,JAERI-Data/Code 97-020 Tables 10-15,jaeri_tiara_bc501a_transmission_spectra_phase1_verified.csv
N001_JAERI_TIARA_43MEV_TRANS_000072,N001_JAERI_TIARA_43MEV,external_reference,neutron,JAERI/TIARA experimental concrete,2.31,measured 43-MeV p-7Li source,43.0,,JAERI_43MEV_BC501A_T025_FE040,JAERI_43MEV_PEAK_3.45E9_N_SR_UC,40.0,,11.0,12.0,,25.0,,20.0,lethargy_flux,67.9,n cm-2 lethargy-1 uC-1,6.7221,9.9,BC501A unfolded neutron spectrum,OK,,JAERI-Data/Code 97-020 Tables 10-15,jaeri_tiara_bc501a_transmission_spectra_phase1_verified.csv
N001_JAERI_TIARA_43MEV_TRANS_000073,N001_JAERI_TIARA_43MEV,external_reference,neutron,JAERI/TIARA experimental concrete,2.31,measured 43-MeV p-7Li source,43.0,,JAERI_43MEV_BC501A_T025_FE040,JAERI_43MEV_PEAK_3.45E9_N_SR_UC,40.0,,10.0,11.0,,25.0,,20.0,lethargy_flux,66.3,n cm-2 lethargy-1 uC-1,6.8952,10.4,BC501A unfolded neutron spectrum,OK,,JAERI-Data/Code 97-020 Tables 10-15,jaeri_tiara_bc501a_transmission_spectra_phase1_verified.csv
N001_JAERI_TIARA_43MEV_TRANS_000074,N001_JAERI_TIARA_43MEV,external_reference,neutron,JAERI/TIARA experimental concrete,2.31,measured 43-MeV p-7Li source,43.0,,JAERI_43MEV_BC501A_T025_FE040,JAERI_43MEV_PEAK_3.45E9_N_SR_UC,40.0,,9.0,10.0,,25.0,,20.0,lethargy_flux,65.0,n cm-2 lethargy-1 uC-1,5.655,8.7,BC501A unfolded neutron spectrum,OK,,JAERI-Data/Code 97-020 Tables 10-15,jaeri_tiara_bc501a_transmission_spectra_phase1_verified.csv
N001_JAERI_TIARA_43MEV_TRANS_000075,N001_JAERI_TIARA_43MEV,external_reference,neutron,JAERI/TIARA experimental concrete,2.31,measured 43-MeV p-7Li source,43.0,,JAERI_43MEV_BC501A_T025_FE040,JAERI_43MEV_PEAK_3.45E9_N_SR_UC,40.0,,8.0,9.0,,25.0,,20.0,lethargy_flux,63.5,n cm-2 lethargy-1 uC-1,2.8575,4.5,BC501A unfolded neutron spectrum,OK,,JAERI-Data/Code 97-020 Tables 10-15,jaeri_tiara_bc501a_transmission_spectra_phase1_verified.csv
N001_JAERI_TIARA_43MEV_TRANS_000076,N001_JAERI_TIARA_43MEV,external_reference,neutron,JAERI/TIARA experimental concrete,2.31,measured 43-MeV p-7Li source,43.0,,JAERI_43MEV_BC501A_T025_FE040,JAERI_43MEV_PEAK_3.45E9_N_SR_UC,40.0,,7.0,8.0,,25.0,,20.0,lethargy_flux,59.1,n cm-2 lethargy-1 uC-1,8.805900000000001,14.9,BC501A unfolded neutron spectrum,OK,,JAERI-Data/Code 97-020 Tables 10-15,jaeri_tiara_bc501a_transmission_spectra_phase1_verified.csv
N001_JAERI_TIARA_43MEV_TRANS_000077,N001_JAERI_TIARA_43MEV,external_reference,neutron,JAERI/TIARA experimental concrete,2.31,measured 43-MeV p-7Li source,43.0,,JAERI_43MEV_BC501A_T025_FE040,JAERI_43MEV_PEAK_3.45E9_N_SR_UC,40.0,,6.0,7.0,,25.0,,20.0,lethargy_flux,48.5,n cm-2 lethargy-1 uC-1,18.7695,38.7,BC501A unfolded neutron spectrum,OK,,JAERI-Data/Code 97-020 Tables 10-15,jaeri_tiara_bc501a_transmission_spectra_phase1_verified.csv
N001_JAERI_TIARA_43MEV_TRANS_000078,N001_JAERI_TIARA_43MEV,external_reference,neutron,JAERI/TIARA experimental concrete,2.31,measured 43-MeV p-7Li source,43.0,,JAERI_43MEV_BC501A_T025_FE040,JAERI_43MEV_PEAK_3.45E9_N_SR_UC,40.0,,43.0,44.0,,25.0,,40.0,lethargy_flux,12.4,n cm-2 lethargy-1 uC-1,2.5420000000000003,20.5,BC501A unfolded neutron spectrum,OK,,JAERI-Data/Code 97-020 Tables 10-15,jaeri_tiara_bc501a_transmission_spectra_phase1_verified.csv
N001_JAERI_TIARA_43MEV_TRANS_000079,N001_JAERI_TIARA_43MEV,external_reference,neutron,JAERI/TIARA experimental concrete,2.31,measured 43-MeV p-7Li source,43.0,,JAERI_43MEV_BC501A_T025_FE040,JAERI_43MEV_PEAK_3.45E9_N_SR_UC,40.0,,42.0,43.0,,25.0,,40.0,lethargy_flux,23.3,n cm-2 lethargy-1 uC-1,5.1027,21.9,BC501A unfolded neutron spectrum,OK,,JAERI-Data/Code 97-020 Tables 10-15,jaeri_tiara_bc501a_transmission_spectra_phase1_verified.csv
N001_JAERI_TIARA_43MEV_TRANS_000080,N001_JAERI_TIARA_43MEV,external_reference,neutron,JAERI/TIARA experimental concrete,2.31,measured 43-MeV p-7Li source,43.0,,JAERI_43MEV_BC501A_T025_FE040,JAERI_43MEV_PEAK_3.45E9_N_SR_UC,40.0,,41.0,42.0,,25.0,,40.0,lethargy_flux,32.0,n cm-2 lethargy-1 uC-1,5.568,17.4,BC501A unfolded neutron spectrum,OK,,JAERI-Data/Code 97-020 Tables 10-15,jaeri_tiara_bc501a_transmission_spectra_phase1_verified.csv
N001_JAERI_TIARA_43MEV_TRANS_000081,N001_JAERI_TIARA_43MEV,external_reference,neutron,JAERI/TIARA experimental concrete,2.31,measured 43-MeV p-7Li source,43.0,,JAERI_43MEV_BC501A_T025_FE040,JAERI_43MEV_PEAK_3.45E9_N_SR_UC,40.0,,40.0,41.0,,25.0,,40.0,lethargy_flux,34.6,n cm-2 lethargy-1 uC-1,2.8026,8.1,BC501A unfolded neutron spectrum,OK,,JAERI-Data/Code 97-020 Tables 10-15,jaeri_tiara_bc501a_transmission_spectra_phase1_verified.csv
N001_JAERI_TIARA_43MEV_TRANS_000082,N001_JAERI_TIARA_43MEV,external_reference,neutron,JAERI/TIARA experimental concrete,2.31,measured 43-MeV p-7Li source,43.0,,JAERI_43MEV_BC501A_T025_FE040,JAERI_43MEV_PEAK_3.45E9_N_SR_UC,40.0,,39.0,40.0,,25.0,,40.0,lethargy_flux,32.6,n cm-2 lethargy-1 uC-1,3.0644,9.4,BC501A unfolded neutron spectrum,OK,,JAERI-Data/Code 97-020 Tables 10-15,jaeri_tiara_bc501a_transmission_spectra_phase1_verified.csv
N001_JAERI_TIARA_43MEV_TRANS_000083,N001_JAERI_TIARA_43MEV,external_reference,neutron,JAERI/TIARA experimental concrete,2.31,measured 43-MeV p-7Li source,43.0,,JAERI_43MEV_BC501A_T025_FE040,JAERI_43MEV_PEAK_3.45E9_N_SR_UC,40.0,,38.0,39.0,,25.0,,40.0,lethargy_flux,28.5,n cm-2 lethargy-1 uC-1,5.016,17.6,BC501A unfolded neutron spectrum,OK,,JAERI-Data/Code 97-020 Tables 10-15,jaeri_tiara_bc501a_transmission_spectra_phase1_verified.csv
N001_JAERI_TIARA_43MEV_TRANS_000084,N001_JAERI_TIARA_43MEV,external_reference,neutron,JAERI/TIARA experimental concrete,2.31,measured 43-MeV p-7Li source,43.0,,JAERI_43MEV_BC501A_T025_FE040,JAERI_43MEV_PEAK_3.45E9_N_SR_UC,40.0,,37.0,38.0,,25.0,,40.0,lethargy_flux,23.2,n cm-2 lethargy-1 uC-1,4.0832,17.6,BC501A unfolded neutron spectrum,OK,,JAERI-Data/Code 97-020 Tables 10-15,jaeri_tiara_bc501a_transmission_spectra_phase1_verified.csv
N001_JAERI_TIARA_43MEV_TRANS_000085,N001_JAERI_TIARA_43MEV,external_reference,neutron,JAERI/TIARA experimental concrete,2.31,measured 43-MeV p-7Li source,43.0,,JAERI_43MEV_BC501A_T025_FE040,JAERI_43MEV_PEAK_3.45E9_N_SR_UC,40.0,,36.0,37.0,,25.0,,40.0,lethargy_flux,18.3,n cm-2 lethargy-1 uC-1,1.9215,10.5,BC501A unfolded neutron spectrum,OK,,JAERI-Data/Code 97-020 Tables 10-15,jaeri_tiara_bc501a_transmission_spectra_phase1_verified.csv
N001_JAERI_TIARA_43MEV_TRANS_000086,N001_JAERI_TIARA_43MEV,external_reference,neutron,JAERI/TIARA experimental concrete,2.31,measured 43-MeV p-7Li source,43.0,,JAERI_43MEV_BC501A_T025_FE040,JAERI_43MEV_PEAK_3.45E9_N_SR_UC,40.0,,35.0,36.0,,25.0,,40.0,lethargy_flux,15.5,n cm-2 lethargy-1 uC-1,0.93,6.0,BC501A unfolded neutron spectrum,OK,,JAERI-Data/Code 97-020 Tables 10-15,jaeri_tiara_bc501a_transmission_spectra_phase1_verified.csv
N001_JAERI_TIARA_43MEV_TRANS_000087,N001_JAERI_TIARA_43MEV,external_reference,neutron,JAERI/TIARA experimental concrete,2.31,measured 43-MeV p-7Li source,43.0,,JAERI_43MEV_BC501A_T025_FE040,JAERI_43MEV_PEAK_3.45E9_N_SR_UC,40.0,,34.0,35.0,,25.0,,40.0,lethargy_flux,14.6,n cm-2 lethargy-1 uC-1,1.022,7.0,BC501A unfolded neutron spectrum,OK,,JAERI-Data/Code 97-020 Tables 10-15,jaeri_tiara_bc501a_transmission_spectra_phase1_verified.csv
N001_JAERI_TIARA_43MEV_TRANS_000088,N001_JAERI_TIARA_43MEV,external_reference,neutron,JAERI/TIARA experimental concrete,2.31,measured 43-MeV p-7Li source,43.0,,JAERI_43MEV_BC501A_T025_FE040,JAERI_43MEV_PEAK_3.45E9_N_SR_UC,40.0,,33.0,34.0,,25.0,,40.0,lethargy_flux,14.5,n cm-2 lethargy-1 uC-1,1.0005000000000002,6.9,BC501A unfolded neutron spectrum,OK,,JAERI-Data/Code 97-020 Tables 10-15,jaeri_tiara_bc501a_transmission_spectra_phase1_verified.csv
N001_JAERI_TIARA_43MEV_TRANS_000089,N001_JAERI_TIARA_43MEV,external_reference,neutron,JAERI/TIARA experimental concrete,2.31,measured 43-MeV p-7Li source,43.0,,JAERI_43MEV_BC501A_T025_FE040,JAERI_43MEV_PEAK_3.45E9_N_SR_UC,40.0,,32.0,33.0,,25.0,,40.0,lethargy_flux,14.5,n cm-2 lethargy-1 uC-1,0.9135,6.3,BC501A unfolded neutron spectrum,OK,,JAERI-Data/Code 97-020 Tables 10-15,jaeri_tiara_bc501a_transmission_spectra_phase1_verified.csv
N001_JAERI_TIARA_43MEV_TRANS_000090,N001_JAERI_TIARA_43MEV,external_reference,neutron,JAERI/TIARA experimental concrete,2.31,measured 43-MeV p-7Li source,43.0,,JAERI_43MEV_BC501A_T025_FE040,JAERI_43MEV_PEAK_3.45E9_N_SR_UC,40.0,,31.0,32.0,,25.0,,40.0,lethargy_flux,14.4,n cm-2 lethargy-1 uC-1,0.8784000000000001,6.1,BC501A unfolded neutron spectrum,OK,,JAERI-Data/Code 97-020 Tables 10-15,jaeri_tiara_bc501a_transmission_spectra_phase1_verified.csv
N001_JAERI_TIARA_43MEV_TRANS_000091,N001_JAERI_TIARA_43MEV,external_reference,neutron,JAERI/TIARA experimental concrete,2.31,measured 43-MeV p-7Li source,43.0,,JAERI_43MEV_BC501A_T025_FE040,JAERI_43MEV_PEAK_3.45E9_N_SR_UC,40.0,,30.0,31.0,,25.0,,40.0,lethargy_flux,14.2,n cm-2 lethargy-1 uC-1,0.8946,6.3,BC501A unfolded neutron spectrum,OK,,JAERI-Data/Code 97-020 Tables 10-15,jaeri_tiara_bc501a_transmission_spectra_phase1_verified.csv
N001_JAERI_TIARA_43MEV_TRANS_000092,N001_JAERI_TIARA_43MEV,external_reference,neutron,JAERI/TIARA experimental concrete,2.31,measured 43-MeV p-7Li source,43.0,,JAERI_43MEV_BC501A_T025_FE040,JAERI_43MEV_PEAK_3.45E9_N_SR_UC,40.0,,29.0,30.0,,25.0,,40.0,lethargy_flux,13.9,n cm-2 lethargy-1 uC-1,0.9451999999999999,6.8,BC501A unfolded neutron spectrum,OK,,JAERI-Data/Code 97-020 Tables 10-15,jaeri_tiara_bc501a_transmission_spectra_phase1_verified.csv
N001_JAERI_TIARA_43MEV_TRANS_000093,N001_JAERI_TIARA_43MEV,external_reference,neutron,JAERI/TIARA experimental concrete,2.31,measured 43-MeV p-7Li source,43.0,,JAERI_43MEV_BC501A_T025_FE040,JAERI_43MEV_PEAK_3.45E9_N_SR_UC,40.0,,28.0,29.0,,25.0,,40.0,lethargy_flux,13.7,n cm-2 lethargy-1 uC-1,1.0549,7.7,BC501A unfolded neutron spectrum,OK,,JAERI-Data/Code 97-020 Tables 10-15,jaeri_tiara_bc501a_transmission_spectra_phase1_verified.csv
N001_JAERI_TIARA_43MEV_TRANS_000094,N001_JAERI_TIARA_43MEV,external_reference,neutron,JAERI/TIARA experimental concrete,2.31,measured 43-MeV p-7Li source,43.0,,JAERI_43MEV_BC501A_T025_FE040,JAERI_43MEV_PEAK_3.45E9_N_SR_UC,40.0,,27.0,28.0,,25.0,,40.0,lethargy_flux,13.4,n cm-2 lethargy-1 uC-1,1.2060000000000002,9.0,BC501A unfolded neutron spectrum,OK,,JAERI-Data/Code 97-020 Tables 10-15,jaeri_tiara_bc501a_transmission_spectra_phase1_verified.csv
N001_JAERI_TIARA_43MEV_TRANS_000095,N001_JAERI_TIARA_43MEV,external_reference,neutron,JAERI/TIARA experimental concrete,2.31,measured 43-MeV p-7Li source,43.0,,JAERI_43MEV_BC501A_T025_FE040,JAERI_43MEV_PEAK_3.45E9_N_SR_UC,40.0,,26.0,27.0,,25.0,,40.0,lethargy_flux,13.2,n cm-2 lethargy-1 uC-1,1.386,10.5,BC501A unfolded neutron spectrum,OK,,JAERI-Data/Code 97-020 Tables 10-15,jaeri_tiara_bc501a_transmission_spectra_phase1_verified.csv
N001_JAERI_TIARA_43MEV_TRANS_000096,N001_JAERI_TIARA_43MEV,external_reference,neutron,JAERI/TIARA experimental concrete,2.31,measured 43-MeV p-7Li source,43.0,,JAERI_43MEV_BC501A_T025_FE040,JAERI_43MEV_PEAK_3.45E9_N_SR_UC,40.0,,25.0,26.0,,25.0,,40.0,lethargy_flux,13.1,n cm-2 lethargy-1 uC-1,1.5195999999999998,11.6,BC501A unfolded neutron spectrum,OK,,JAERI-Data/Code 97-020 Tables 10-15,jaeri_tiara_bc501a_transmission_spectra_phase1_verified.csv
N001_JAERI_TIARA_43MEV_TRANS_000097,N001_JAERI_TIARA_43MEV,external_reference,neutron,JAERI/TIARA experimental concrete,2.31,measured 43-MeV p-7Li source,43.0,,JAERI_43MEV_BC501A_T025_FE040,JAERI_43MEV_PEAK_3.45E9_N_SR_UC,40.0,,24.0,25.0,,25.0,,40.0,lethargy_flux,13.0,n cm-2 lethargy-1 uC-1,1.521,11.7,BC501A unfolded neutron spectrum,OK,,JAERI-Data/Code 97-020 Tables 10-15,jaeri_tiara_bc501a_transmission_spectra_phase1_verified.csv
N001_JAERI_TIARA_43MEV_TRANS_000098,N001_JAERI_TIARA_43MEV,external_reference,neutron,JAERI/TIARA experimental concrete,2.31,measured 43-MeV p-7Li source,43.0,,JAERI_43MEV_BC501A_T025_FE040,JAERI_43MEV_PEAK_3.45E9_N_SR_UC,40.0,,23.0,24.0,,25.0,,40.0,lethargy_flux,13.0,n cm-2 lethargy-1 uC-1,1.4040000000000001,10.8,BC501A unfolded neutron spectrum,OK,,JAERI-Data/Code 97-020 Tables 10-15,jaeri_tiara_bc501a_transmission_spectra_phase1_verified.csv
N001_JAERI_TIARA_43MEV_TRANS_000099,N001_JAERI_TIARA_43MEV,external_reference,neutron,JAERI/TIARA experimental concrete,2.31,measured 43-MeV p-7Li source,43.0,,JAERI_43MEV_BC501A_T025_FE040,JAERI_43MEV_PEAK_3.45E9_N_SR_UC,40.0,,22.0,23.0,,25.0,,40.0,lethargy_flux,13.0,n cm-2 lethargy-1 uC-1,1.1440000000000001,8.8,BC501A unfolded neutron spectrum,OK,,JAERI-Data/Code 97-020 Tables 10-15,jaeri_tiara_bc501a_transmission_spectra_phase1_verified.csv
N001_JAERI_TIARA_43MEV_TRANS_000100,N001_JAERI_TIARA_43MEV,external_reference,neutron,JAERI/TIARA experimental concrete,2.31,measured 43-MeV p-7Li source,43.0,,JAERI_43MEV_BC501A_T025_FE040,JAERI_43MEV_PEAK_3.45E9_N_SR_UC,40.0,,21.0,22.0,,25.0,,40.0,lethargy_flux,13.1,n cm-2 lethargy-1 uC-1,0.8122,6.2,BC501A unfolded neutron spectrum,OK,,JAERI-Data/Code 97-020 Tables 10-15,jaeri_tiara_bc501a_transmission_spectra_phase1_verified.csv
N001_JAERI_TIARA_43MEV_TRANS_000101,N001_JAERI_TIARA_43MEV,external_reference,neutron,JAERI/TIARA experimental concrete,2.31,measured 43-MeV p-7Li source,43.0,,JAERI_43MEV_BC501A_T025_FE040,JAERI_43MEV_PEAK_3.45E9_N_SR_UC,40.0,,20.0,21.0,,25.0,,40.0,lethargy_flux,13.1,n cm-2 lethargy-1 uC-1,0.5894999999999999,4.5,BC501A unfolded neutron spectrum,OK,,JAERI-Data/Code 97-020 Tables 10-15,jaeri_tiara_bc501a_transmission_spectra_phase1_verified.csv
N001_JAERI_TIARA_43MEV_TRANS_000102,N001_JAERI_TIARA_43MEV,external_reference,neutron,JAERI/TIARA experimental concrete,2.31,measured 43-MeV p-7Li source,43.0,,JAERI_43MEV_BC501A_T025_FE040,JAERI_43MEV_PEAK_3.45E9_N_SR_UC,40.0,,19.0,20.0,,25.0,,40.0,lethargy_flux,13.0,n cm-2 lethargy-1 uC-1,0.6629999999999999,5.1,BC501A unfolded neutron spectrum,OK,,JAERI-Data/Code 97-020 Tables 10-15,jaeri_tiara_bc501a_transmission_spectra_phase1_verified.csv
N001_JAERI_TIARA_43MEV_TRANS_000103,N001_JAERI_TIARA_43MEV,external_reference,neutron,JAERI/TIARA experimental concrete,2.31,measured 43-MeV p-7Li source,43.0,,JAERI_43MEV_BC501A_T025_FE040,JAERI_43MEV_PEAK_3.45E9_N_SR_UC,40.0,,18.0,19.0,,25.0,,40.0,lethargy_flux,12.9,n cm-2 lethargy-1 uC-1,0.774,6.0,BC501A unfolded neutron spectrum,OK,,JAERI-Data/Code 97-020 Tables 10-15,jaeri_tiara_bc501a_transmission_spectra_phase1_verified.csv
N001_JAERI_TIARA_43MEV_TRANS_000104,N001_JAERI_TIARA_43MEV,external_reference,neutron,JAERI/TIARA experimental concrete,2.31,measured 43-MeV p-7Li source,43.0,,JAERI_43MEV_BC501A_T025_FE040,JAERI_43MEV_PEAK_3.45E9_N_SR_UC,40.0,,17.0,18.0,,25.0,,40.0,lethargy_flux,12.5,n cm-2 lethargy-1 uC-1,0.7375,5.9,BC501A unfolded neutron spectrum,OK,,JAERI-Data/Code 97-020 Tables 10-15,jaeri_tiara_bc501a_transmission_spectra_phase1_verified.csv
N001_JAERI_TIARA_43MEV_TRANS_000105,N001_JAERI_TIARA_43MEV,external_reference,neutron,JAERI/TIARA experimental concrete,2.31,measured 43-MeV p-7Li source,43.0,,JAERI_43MEV_BC501A_T025_FE040,JAERI_43MEV_PEAK_3.45E9_N_SR_UC,40.0,,16.0,17.0,,25.0,,40.0,lethargy_flux,12.1,n cm-2 lethargy-1 uC-1,0.6171,5.1,BC501A unfolded neutron spectrum,OK,,JAERI-Data/Code 97-020 Tables 10-15,jaeri_tiara_bc501a_transmission_spectra_phase1_verified.csv
N001_JAERI_TIARA_43MEV_TRANS_000106,N001_JAERI_TIARA_43MEV,external_reference,neutron,JAERI/TIARA experimental concrete,2.31,measured 43-MeV p-7Li source,43.0,,JAERI_43MEV_BC501A_T025_FE040,JAERI_43MEV_PEAK_3.45E9_N_SR_UC,40.0,,15.0,16.0,,25.0,,40.0,lethargy_flux,11.7,n cm-2 lethargy-1 uC-1,0.5381999999999999,4.6,BC501A unfolded neutron spectrum,OK,,JAERI-Data/Code 97-020 Tables 10-15,jaeri_tiara_bc501a_transmission_spectra_phase1_verified.csv
N001_JAERI_TIARA_43MEV_TRANS_000107,N001_JAERI_TIARA_43MEV,external_reference,neutron,JAERI/TIARA experimental concrete,2.31,measured 43-MeV p-7Li source,43.0,,JAERI_43MEV_BC501A_T025_FE040,JAERI_43MEV_PEAK_3.45E9_N_SR_UC,40.0,,14.0,15.0,,25.0,,40.0,lethargy_flux,11.3,n cm-2 lethargy-1 uC-1,0.5085000000000001,4.5,BC501A unfolded neutron spectrum,OK,,JAERI-Data/Code 97-020 Tables 10-15,jaeri_tiara_bc501a_transmission_spectra_phase1_verified.csv
N001_JAERI_TIARA_43MEV_TRANS_000108,N001_JAERI_TIARA_43MEV,external_reference,neutron,JAERI/TIARA experimental concrete,2.31,measured 43-MeV p-7Li source,43.0,,JAERI_43MEV_BC501A_T025_FE040,JAERI_43MEV_PEAK_3.45E9_N_SR_UC,40.0,,13.0,14.0,,25.0,,40.0,lethargy_flux,11.1,n cm-2 lethargy-1 uC-1,0.5217,4.7,BC501A unfolded neutron spectrum,OK,,JAERI-Data/Code 97-020 Tables 10-15,jaeri_tiara_bc501a_transmission_spectra_phase1_verified.csv
N001_JAERI_TIARA_43MEV_TRANS_000109,N001_JAERI_TIARA_43MEV,external_reference,neutron,JAERI/TIARA experimental concrete,2.31,measured 43-MeV p-7Li source,43.0,,JAERI_43MEV_BC501A_T025_FE040,JAERI_43MEV_PEAK_3.45E9_N_SR_UC,40.0,,12.0,13.0,,25.0,,40.0,lethargy_flux,11.0,n cm-2 lethargy-1 uC-1,0.605,5.5,BC501A unfolded neutron spectrum,OK,,JAERI-Data/Code 97-020 Tables 10-15,jaeri_tiara_bc501a_transmission_spectra_phase1_verified.csv
N001_JAERI_TIARA_43MEV_TRANS_000110,N001_JAERI_TIARA_43MEV,external_reference,neutron,JAERI/TIARA experimental concrete,2.31,measured 43-MeV p-7Li source,43.0,,JAERI_43MEV_BC501A_T025_FE040,JAERI_43MEV_PEAK_3.45E9_N_SR_UC,40.0,,11.0,12.0,,25.0,,40.0,lethargy_flux,11.0,n cm-2 lethargy-1 uC-1,0.6709999999999999,6.1,BC501A unfolded neutron spectrum,OK,,JAERI-Data/Code 97-020 Tables 10-15,jaeri_tiara_bc501a_transmission_spectra_phase1_verified.csv
N001_JAERI_TIARA_43MEV_TRANS_000111,N001_JAERI_TIARA_43MEV,external_reference,neutron,JAERI/TIARA experimental concrete,2.31,measured 43-MeV p-7Li source,43.0,,JAERI_43MEV_BC501A_T025_FE040,JAERI_43MEV_PEAK_3.45E9_N_SR_UC,40.0,,10.0,11.0,,25.0,,40.0,lethargy_flux,11.0,n cm-2 lethargy-1 uC-1,0.682,6.2,BC501A unfolded neutron spectrum,OK,,JAERI-Data/Code 97-020 Tables 10-15,jaeri_tiara_bc501a_transmission_spectra_phase1_verified.csv
N001_JAERI_TIARA_43MEV_TRANS_000112,N001_JAERI_TIARA_43MEV,external_reference,neutron,JAERI/TIARA experimental concrete,2.31,measured 43-MeV p-7Li source,43.0,,JAERI_43MEV_BC501A_T025_FE040,JAERI_43MEV_PEAK_3.45E9_N_SR_UC,40.0,,9.0,10.0,,25.0,,40.0,lethargy_flux,11.1,n cm-2 lethargy-1 uC-1,0.6104999999999999,5.5,BC501A unfolded neutron spectrum,OK,,JAERI-Data/Code 97-020 Tables 10-15,jaeri_tiara_bc501a_transmission_spectra_phase1_verified.csv
N001_JAERI_TIARA_43MEV_TRANS_000113,N001_JAERI_TIARA_43MEV,external_reference,neutron,JAERI/TIARA experimental concrete,2.31,measured 43-MeV p-7Li source,43.0,,JAERI_43MEV_BC501A_T025_FE040,JAERI_43MEV_PEAK_3.45E9_N_SR_UC,40.0,,8.0,9.0,,25.0,,40.0,lethargy_flux,11.3,n cm-2 lethargy-1 uC-1,0.4972000000000001,4.4,BC501A unfolded neutron spectrum,OK,,JAERI-Data/Code 97-020 Tables 10-15,jaeri_tiara_bc501a_transmission_spectra_phase1_verified.csv
N001_JAERI_TIARA_43MEV_TRANS_000114,N001_JAERI_TIARA_43MEV,external_reference,neutron,JAERI/TIARA experimental concrete,2.31,measured 43-MeV p-7Li source,43.0,,JAERI_43MEV_BC501A_T025_FE040,JAERI_43MEV_PEAK_3.45E9_N_SR_UC,40.0,,7.0,8.0,,25.0,,40.0,lethargy_flux,11.1,n cm-2 lethargy-1 uC-1,0.8214,7.4,BC501A unfolded neutron spectrum,OK,,JAERI-Data/Code 97-020 Tables 10-15,jaeri_tiara_bc501a_transmission_spectra_phase1_verified.csv
N001_JAERI_TIARA_43MEV_TRANS_000115,N001_JAERI_TIARA_43MEV,external_reference,neutron,JAERI/TIARA experimental concrete,2.31,measured 43-MeV p-7Li source,43.0,,JAERI_43MEV_BC501A_T025_FE040,JAERI_43MEV_PEAK_3.45E9_N_SR_UC,40.0,,6.0,7.0,,25.0,,40.0,lethargy_flux,9.77,n cm-2 lethargy-1 uC-1,1.5241199999999997,15.6,BC501A unfolded neutron spectrum,OK,,JAERI-Data/Code 97-020 Tables 10-15,jaeri_tiara_bc501a_transmission_spectra_phase1_verified.csv
N001_JAERI_TIARA_43MEV_TRANS_000116,N001_JAERI_TIARA_43MEV,external_reference,neutron,JAERI/TIARA experimental concrete,2.31,measured 43-MeV p-7Li source,43.0,,JAERI_43MEV_BC501A_T050_FE040,JAERI_43MEV_PEAK_3.45E9_N_SR_UC,40.0,,43.0,44.0,,50.0,,0.0,lethargy_flux,929.0,n cm-2 lethargy-1 uC-1,101.26100000000001,10.9,BC501A unfolded neutron spectrum,OK,,JAERI-Data/Code 97-020 Tables 10-15,jaeri_tiara_bc501a_transmission_spectra_phase1_verified.csv
N001_JAERI_TIARA_43MEV_TRANS_000117,N001_JAERI_TIARA_43MEV,external_reference,neutron,JAERI/TIARA experimental concrete,2.31,measured 43-MeV p-7Li source,43.0,,JAERI_43MEV_BC501A_T050_FE040,JAERI_43MEV_PEAK_3.45E9_N_SR_UC,40.0,,42.0,43.0,,50.0,,0.0,lethargy_flux,1610.0,n cm-2 lethargy-1 uC-1,104.65,6.5,BC501A unfolded neutron spectrum,OK,,JAERI-Data/Code 97-020 Tables 10-15,jaeri_tiara_bc501a_transmission_spectra_phase1_verified.csv
N001_JAERI_TIARA_43MEV_TRANS_000118,N001_JAERI_TIARA_43MEV,external_reference,neutron,JAERI/TIARA experimental concrete,2.31,measured 43-MeV p-7Li source,43.0,,JAERI_43MEV_BC501A_T050_FE040,JAERI_43MEV_PEAK_3.45E9_N_SR_UC,40.0,,41.0,42.0,,50.0,,0.0,lethargy_flux,2220.0,n cm-2 lethargy-1 uC-1,102.12,4.6,BC501A unfolded neutron spectrum,OK,,JAERI-Data/Code 97-020 Tables 10-15,jaeri_tiara_bc501a_transmission_spectra_phase1_verified.csv
N001_JAERI_TIARA_43MEV_TRANS_000119,N001_JAERI_TIARA_43MEV,external_reference,neutron,JAERI/TIARA experimental concrete,2.31,measured 43-MeV p-7Li source,43.0,,JAERI_43MEV_BC501A_T050_FE040,JAERI_43MEV_PEAK_3.45E9_N_SR_UC,40.0,,40.0,41.0,,50.0,,0.0,lethargy_flux,2430.0,n cm-2 lethargy-1 uC-1,114.21,4.7,BC501A unfolded neutron spectrum,OK,,JAERI-Data/Code 97-020 Tables 10-15,jaeri_tiara_bc501a_transmission_spectra_phase1_verified.csv
N001_JAERI_TIARA_43MEV_TRANS_000120,N001_JAERI_TIARA_43MEV,external_reference,neutron,JAERI/TIARA experimental concrete,2.31,measured 43-MeV p-7Li source,43.0,,JAERI_43MEV_BC501A_T050_FE040,JAERI_43MEV_PEAK_3.45E9_N_SR_UC,40.0,,39.0,40.0,,50.0,,0.0,lethargy_flux,2110.0,n cm-2 lethargy-1 uC-1,109.72,5.2,BC501A unfolded neutron spectrum,OK,,JAERI-Data/Code 97-020 Tables 10-15,jaeri_tiara_bc501a_transmission_spectra_phase1_verified.csv
N001_JAERI_TIARA_43MEV_TRANS_000121,N001_JAERI_TIARA_43MEV,external_reference,neutron,JAERI/TIARA experimental concrete,2.31,measured 43-MeV p-7Li source,43.0,,JAERI_43MEV_BC501A_T050_FE040,JAERI_43MEV_PEAK_3.45E9_N_SR_UC,40.0,,38.0,39.0,,50.0,,0.0,lethargy_flux,1450.0,n cm-2 lethargy-1 uC-1,82.65,5.7,BC501A unfolded neutron spectrum,OK,,JAERI-Data/Code 97-020 Tables 10-15,jaeri_tiara_bc501a_transmission_spectra_phase1_verified.csv
N001_JAERI_TIARA_43MEV_TRANS_000122,N001_JAERI_TIARA_43MEV,external_reference,neutron,JAERI/TIARA experimental concrete,2.31,measured 43-MeV p-7Li source,43.0,,JAERI_43MEV_BC501A_T050_FE040,JAERI_43MEV_PEAK_3.45E9_N_SR_UC,40.0,,37.0,38.0,,50.0,,0.0,lethargy_flux,794.0,n cm-2 lethargy-1 uC-1,43.67,5.5,BC501A unfolded neutron spectrum,OK,,JAERI-Data/Code 97-020 Tables 10-15,jaeri_tiara_bc501a_transmission_spectra_phase1_verified.csv
N001_JAERI_TIARA_43MEV_TRANS_000123,N001_JAERI_TIARA_43MEV,external_reference,neutron,JAERI/TIARA experimental concrete,2.31,measured 43-MeV p-7Li source,43.0,,JAERI_43MEV_BC501A_T050_FE040,JAERI_43MEV_PEAK_3.45E9_N_SR_UC,40.0,,36.0,37.0,,50.0,,0.0,lethargy_flux,371.0,n cm-2 lethargy-1 uC-1,19.663,5.3,BC501A unfolded neutron spectrum,OK,,JAERI-Data/Code 97-020 Tables 10-15,jaeri_tiara_bc501a_transmission_spectra_phase1_verified.csv
N001_JAERI_TIARA_43MEV_TRANS_000124,N001_JAERI_TIARA_43MEV,external_reference,neutron,JAERI/TIARA experimental concrete,2.31,measured 43-MeV p-7Li source,43.0,,JAERI_43MEV_BC501A_T050_FE040,JAERI_43MEV_PEAK_3.45E9_N_SR_UC,40.0,,35.0,36.0,,50.0,,0.0,lethargy_flux,191.0,n cm-2 lethargy-1 uC-1,22.538,11.8,BC501A unfolded neutron spectrum,OK,,JAERI-Data/Code 97-020 Tables 10-15,jaeri_tiara_bc501a_transmission_spectra_phase1_verified.csv
N001_JAERI_TIARA_43MEV_TRANS_000125,N001_JAERI_TIARA_43MEV,external_reference,neutron,JAERI/TIARA experimental concrete,2.31,measured 43-MeV p-7Li source,43.0,,JAERI_43MEV_BC501A_T050_FE040,JAERI_43MEV_PEAK_3.45E9_N_SR_UC,40.0,,34.0,35.0,,50.0,,0.0,lethargy_flux,152.0,n cm-2 lethargy-1 uC-1,22.191999999999997,14.6,BC501A unfolded neutron spectrum,OK,,JAERI-Data/Code 97-020 Tables 10-15,jaeri_tiara_bc501a_transmission_spectra_phase1_verified.csv
N001_JAERI_TIARA_43MEV_TRANS_000126,N001_JAERI_TIARA_43MEV,external_reference,neutron,JAERI/TIARA experimental concrete,2.31,measured 43-MeV p-7Li source,43.0,,JAERI_43MEV_BC501A_T050_FE040,JAERI_43MEV_PEAK_3.45E9_N_SR_UC,40.0,,33.0,34.0,,50.0,,0.0,lethargy_flux,164.0,n cm-2 lethargy-1 uC-1,19.68,12.0,BC501A unfolded neutron spectrum,OK,,JAERI-Data/Code 97-020 Tables 10-15,jaeri_tiara_bc501a_transmission_spectra_phase1_verified.csv
N001_JAERI_TIARA_43MEV_TRANS_000127,N001_JAERI_TIARA_43MEV,external_reference,neutron,JAERI/TIARA experimental concrete,2.31,measured 43-MeV p-7Li source,43.0,,JAERI_43MEV_BC501A_T050_FE040,JAERI_43MEV_PEAK_3.45E9_N_SR_UC,40.0,,32.0,33.0,,50.0,,0.0,lethargy_flux,183.0,n cm-2 lethargy-1 uC-1,19.581,10.7,BC501A unfolded neutron spectrum,OK,,JAERI-Data/Code 97-020 Tables 10-15,jaeri_tiara_bc501a_transmission_spectra_phase1_verified.csv
N001_JAERI_TIARA_43MEV_TRANS_000128,N001_JAERI_TIARA_43MEV,external_reference,neutron,JAERI/TIARA experimental concrete,2.31,measured 43-MeV p-7Li source,43.0,,JAERI_43MEV_BC501A_T050_FE040,JAERI_43MEV_PEAK_3.45E9_N_SR_UC,40.0,,31.0,32.0,,50.0,,0.0,lethargy_flux,197.0,n cm-2 lethargy-1 uC-1,20.881999999999998,10.6,BC501A unfolded neutron spectrum,OK,,JAERI-Data/Code 97-020 Tables 10-15,jaeri_tiara_bc501a_transmission_spectra_phase1_verified.csv
N001_JAERI_TIARA_43MEV_TRANS_000129,N001_JAERI_TIARA_43MEV,external_reference,neutron,JAERI/TIARA experimental concrete,2.31,measured 43-MeV p-7Li source,43.0,,JAERI_43MEV_BC501A_T050_FE040,JAERI_43MEV_PEAK_3.45E9_N_SR_UC,40.0,,30.0,31.0,,50.0,,0.0,lethargy_flux,205.0,n cm-2 lethargy-1 uC-1,21.115,10.3,BC501A unfolded neutron spectrum,OK,,JAERI-Data/Code 97-020 Tables 10-15,jaeri_tiara_bc501a_transmission_spectra_phase1_verified.csv
N001_JAERI_TIARA_43MEV_TRANS_000130,N001_JAERI_TIARA_43MEV,external_reference,neutron,JAERI/TIARA experimental concrete,2.31,measured 43-MeV p-7Li source,43.0,,JAERI_43MEV_BC501A_T050_FE040,JAERI_43MEV_PEAK_3.45E9_N_SR_UC,40.0,,29.0,30.0,,50.0,,0.0,lethargy_flux,207.0,n cm-2 lethargy-1 uC-1,20.493000000000002,9.9,BC501A unfolded neutron spectrum,OK,,JAERI-Data/Code 97-020 Tables 10-15,jaeri_tiara_bc501a_transmission_spectra_phase1_verified.csv
N001_JAERI_TIARA_43MEV_TRANS_000131,N001_JAERI_TIARA_43MEV,external_reference,neutron,JAERI/TIARA experimental concrete,2.31,measured 43-MeV p-7Li source,43.0,,JAERI_43MEV_BC501A_T050_FE040,JAERI_43MEV_PEAK_3.45E9_N_SR_UC,40.0,,28.0,29.0,,50.0,,0.0,lethargy_flux,203.0,n cm-2 lethargy-1 uC-1,21.315,10.5,BC501A unfolded neutron spectrum,OK,,JAERI-Data/Code 97-020 Tables 10-15,jaeri_tiara_bc501a_transmission_spectra_phase1_verified.csv
N001_JAERI_TIARA_43MEV_TRANS_000132,N001_JAERI_TIARA_43MEV,external_reference,neutron,JAERI/TIARA experimental concrete,2.31,measured 43-MeV p-7Li source,43.0,,JAERI_43MEV_BC501A_T050_FE040,JAERI_43MEV_PEAK_3.45E9_N_SR_UC,40.0,,27.0,28.0,,50.0,,0.0,lethargy_flux,192.0,n cm-2 lethargy-1 uC-1,25.536000000000005,13.3,BC501A unfolded neutron spectrum,OK,,JAERI-Data/Code 97-020 Tables 10-15,jaeri_tiara_bc501a_transmission_spectra_phase1_verified.csv
N001_JAERI_TIARA_43MEV_TRANS_000133,N001_JAERI_TIARA_43MEV,external_reference,neutron,JAERI/TIARA experimental concrete,2.31,measured 43-MeV p-7Li source,43.0,,JAERI_43MEV_BC501A_T050_FE040,JAERI_43MEV_PEAK_3.45E9_N_SR_UC,40.0,,26.0,27.0,,50.0,,0.0,lethargy_flux,176.0,n cm-2 lethargy-1 uC-1,33.088,18.8,BC501A unfolded neutron spectrum,OK,,JAERI-Data/Code 97-020 Tables 10-15,jaeri_tiara_bc501a_transmission_spectra_phase1_verified.csv
N001_JAERI_TIARA_43MEV_TRANS_000134,N001_JAERI_TIARA_43MEV,external_reference,neutron,JAERI/TIARA experimental concrete,2.31,measured 43-MeV p-7Li source,43.0,,JAERI_43MEV_BC501A_T050_FE040,JAERI_43MEV_PEAK_3.45E9_N_SR_UC,40.0,,25.0,26.0,,50.0,,0.0,lethargy_flux,158.0,n cm-2 lethargy-1 uC-1,40.29,25.5,BC501A unfolded neutron spectrum,OK,,JAERI-Data/Code 97-020 Tables 10-15,jaeri_tiara_bc501a_transmission_spectra_phase1_verified.csv
N001_JAERI_TIARA_43MEV_TRANS_000135,N001_JAERI_TIARA_43MEV,external_reference,neutron,JAERI/TIARA experimental concrete,2.31,measured 43-MeV p-7Li source,43.0,,JAERI_43MEV_BC501A_T050_FE040,JAERI_43MEV_PEAK_3.45E9_N_SR_UC,40.0,,24.0,25.0,,50.0,,0.0,lethargy_flux,143.0,n cm-2 lethargy-1 uC-1,43.900999999999996,30.7,BC501A unfolded neutron spectrum,OK,,JAERI-Data/Code 97-020 Tables 10-15,jaeri_tiara_bc501a_transmission_spectra_phase1_verified.csv
N001_JAERI_TIARA_43MEV_TRANS_000136,N001_JAERI_TIARA_43MEV,external_reference,neutron,JAERI/TIARA experimental concrete,2.31,measured 43-MeV p-7Li source,43.0,,JAERI_43MEV_BC501A_T050_FE040,JAERI_43MEV_PEAK_3.45E9_N_SR_UC,40.0,,23.0,24.0,,50.0,,0.0,lethargy_flux,133.0,n cm-2 lethargy-1 uC-1,40.830999999999996,30.7,BC501A unfolded neutron spectrum,OK,,JAERI-Data/Code 97-020 Tables 10-15,jaeri_tiara_bc501a_transmission_spectra_phase1_verified.csv
N001_JAERI_TIARA_43MEV_TRANS_000137,N001_JAERI_TIARA_43MEV,external_reference,neutron,JAERI/TIARA experimental concrete,2.31,measured 43-MeV p-7Li source,43.0,,JAERI_43MEV_BC501A_T050_FE040,JAERI_43MEV_PEAK_3.45E9_N_SR_UC,40.0,,22.0,23.0,,50.0,,0.0,lethargy_flux,130.0,n cm-2 lethargy-1 uC-1,32.24,24.8,BC501A unfolded neutron spectrum,OK,,JAERI-Data/Code 97-020 Tables 10-15,jaeri_tiara_bc501a_transmission_spectra_phase1_verified.csv
N001_JAERI_TIARA_43MEV_TRANS_000138,N001_JAERI_TIARA_43MEV,external_reference,neutron,JAERI/TIARA experimental concrete,2.31,measured 43-MeV p-7Li source,43.0,,JAERI_43MEV_BC501A_T050_FE040,JAERI_43MEV_PEAK_3.45E9_N_SR_UC,40.0,,21.0,22.0,,50.0,,0.0,lethargy_flux,130.0,n cm-2 lethargy-1 uC-1,19.11,14.7,BC501A unfolded neutron spectrum,OK,,JAERI-Data/Code 97-020 Tables 10-15,jaeri_tiara_bc501a_transmission_spectra_phase1_verified.csv
N001_JAERI_TIARA_43MEV_TRANS_000139,N001_JAERI_TIARA_43MEV,external_reference,neutron,JAERI/TIARA experimental concrete,2.31,measured 43-MeV p-7Li source,43.0,,JAERI_43MEV_BC501A_T050_FE040,JAERI_43MEV_PEAK_3.45E9_N_SR_UC,40.0,,20.0,21.0,,50.0,,0.0,lethargy_flux,132.0,n cm-2 lethargy-1 uC-1,6.996,5.3,BC501A unfolded neutron spectrum,OK,,JAERI-Data/Code 97-020 Tables 10-15,jaeri_tiara_bc501a_transmission_spectra_phase1_verified.csv
N001_JAERI_TIARA_43MEV_TRANS_000140,N001_JAERI_TIARA_43MEV,external_reference,neutron,JAERI/TIARA experimental concrete,2.31,measured 43-MeV p-7Li source,43.0,,JAERI_43MEV_BC501A_T050_FE040,JAERI_43MEV_PEAK_3.45E9_N_SR_UC,40.0,,19.0,20.0,,50.0,,0.0,lethargy_flux,133.0,n cm-2 lethargy-1 uC-1,14.895999999999999,11.2,BC501A unfolded neutron spectrum,OK,,JAERI-Data/Code 97-020 Tables 10-15,jaeri_tiara_bc501a_transmission_spectra_phase1_verified.csv
N001_JAERI_TIARA_43MEV_TRANS_000141,N001_JAERI_TIARA_43MEV,external_reference,neutron,JAERI/TIARA experimental concrete,2.31,measured 43-MeV p-7Li source,43.0,,JAERI_43MEV_BC501A_T050_FE040,JAERI_43MEV_PEAK_3.45E9_N_SR_UC,40.0,,18.0,19.0,,50.0,,0.0,lethargy_flux,130.0,n cm-2 lethargy-1 uC-1,23.53,18.1,BC501A unfolded neutron spectrum,OK,,JAERI-Data/Code 97-020 Tables 10-15,jaeri_tiara_bc501a_transmission_spectra_phase1_verified.csv
N001_JAERI_TIARA_43MEV_TRANS_000142,N001_JAERI_TIARA_43MEV,external_reference,neutron,JAERI/TIARA experimental concrete,2.31,measured 43-MeV p-7Li source,43.0,,JAERI_43MEV_BC501A_T050_FE040,JAERI_43MEV_PEAK_3.45E9_N_SR_UC,40.0,,17.0,18.0,,50.0,,0.0,lethargy_flux,119.0,n cm-2 lethargy-1 uC-1,22.491,18.9,BC501A unfolded neutron spectrum,OK,,JAERI-Data/Code 97-020 Tables 10-15,jaeri_tiara_bc501a_transmission_spectra_phase1_verified.csv
N001_JAERI_TIARA_43MEV_TRANS_000143,N001_JAERI_TIARA_43MEV,external_reference,neutron,JAERI/TIARA experimental concrete,2.31,measured 43-MeV p-7Li source,43.0,,JAERI_43MEV_BC501A_T050_FE040,JAERI_43MEV_PEAK_3.45E9_N_SR_UC,40.0,,16.0,17.0,,50.0,,0.0,lethargy_flux,103.0,n cm-2 lethargy-1 uC-1,12.875,12.5,BC501A unfolded neutron spectrum,OK,,JAERI-Data/Code 97-020 Tables 10-15,jaeri_tiara_bc501a_transmission_spectra_phase1_verified.csv
N001_JAERI_TIARA_43MEV_TRANS_000144,N001_JAERI_TIARA_43MEV,external_reference,neutron,JAERI/TIARA experimental concrete,2.31,measured 43-MeV p-7Li source,43.0,,JAERI_43MEV_BC501A_T050_FE040,JAERI_43MEV_PEAK_3.45E9_N_SR_UC,40.0,,15.0,16.0,,50.0,,0.0,lethargy_flux,87.5,n cm-2 lethargy-1 uC-1,4.7250000000000005,5.4,BC501A unfolded neutron spectrum,OK,,JAERI-Data/Code 97-020 Tables 10-15,jaeri_tiara_bc501a_transmission_spectra_phase1_verified.csv
N001_JAERI_TIARA_43MEV_TRANS_000145,N001_JAERI_TIARA_43MEV,external_reference,neutron,JAERI/TIARA experimental concrete,2.31,measured 43-MeV p-7Li source,43.0,,JAERI_43MEV_BC501A_T050_FE040,JAERI_43MEV_PEAK_3.45E9_N_SR_UC,40.0,,14.0,15.0,,50.0,,0.0,lethargy_flux,78.4,n cm-2 lethargy-1 uC-1,5.5664,7.1,BC501A unfolded neutron spectrum,OK,,JAERI-Data/Code 97-020 Tables 10-15,jaeri_tiara_bc501a_transmission_spectra_phase1_verified.csv
N001_JAERI_TIARA_43MEV_TRANS_000146,N001_JAERI_TIARA_43MEV,external_reference,neutron,JAERI/TIARA experimental concrete,2.31,measured 43-MeV p-7Li source,43.0,,JAERI_43MEV_BC501A_T050_FE040,JAERI_43MEV_PEAK_3.45E9_N_SR_UC,40.0,,13.0,14.0,,50.0,,0.0,lethargy_flux,77.5,n cm-2 lethargy-1 uC-1,3.9525,5.1,BC501A unfolded neutron spectrum,OK,,JAERI-Data/Code 97-020 Tables 10-15,jaeri_tiara_bc501a_transmission_spectra_phase1_verified.csv
N001_JAERI_TIARA_43MEV_TRANS_000147,N001_JAERI_TIARA_43MEV,external_reference,neutron,JAERI/TIARA experimental concrete,2.31,measured 43-MeV p-7Li source,43.0,,JAERI_43MEV_BC501A_T050_FE040,JAERI_43MEV_PEAK_3.45E9_N_SR_UC,40.0,,12.0,13.0,,50.0,,0.0,lethargy_flux,80.4,n cm-2 lethargy-1 uC-1,10.3716,12.9,BC501A unfolded neutron spectrum,OK,,JAERI-Data/Code 97-020 Tables 10-15,jaeri_tiara_bc501a_transmission_spectra_phase1_verified.csv
N001_JAERI_TIARA_43MEV_TRANS_000148,N001_JAERI_TIARA_43MEV,external_reference,neutron,JAERI/TIARA experimental concrete,2.31,measured 43-MeV p-7Li source,43.0,,JAERI_43MEV_BC501A_T050_FE040,JAERI_43MEV_PEAK_3.45E9_N_SR_UC,40.0,,11.0,12.0,,50.0,,0.0,lethargy_flux,81.4,n cm-2 lethargy-1 uC-1,14.8148,18.2,BC501A unfolded neutron spectrum,OK,,JAERI-Data/Code 97-020 Tables 10-15,jaeri_tiara_bc501a_transmission_spectra_phase1_verified.csv
N001_JAERI_TIARA_43MEV_TRANS_000149,N001_JAERI_TIARA_43MEV,external_reference,neutron,JAERI/TIARA experimental concrete,2.31,measured 43-MeV p-7Li source,43.0,,JAERI_43MEV_BC501A_T050_FE040,JAERI_43MEV_PEAK_3.45E9_N_SR_UC,40.0,,10.0,11.0,,50.0,,0.0,lethargy_flux,78.4,n cm-2 lethargy-1 uC-1,14.4256,18.4,BC501A unfolded neutron spectrum,OK,,JAERI-Data/Code 97-020 Tables 10-15,jaeri_tiara_bc501a_transmission_spectra_phase1_verified.csv
N001_JAERI_TIARA_43MEV_TRANS_000150,N001_JAERI_TIARA_43MEV,external_reference,neutron,JAERI/TIARA experimental concrete,2.31,measured 43-MeV p-7Li source,43.0,,JAERI_43MEV_BC501A_T050_FE040,JAERI_43MEV_PEAK_3.45E9_N_SR_UC,40.0,,9.0,10.0,,50.0,,0.0,lethargy_flux,73.7,n cm-2 lethargy-1 uC-1,11.5709,15.7,BC501A unfolded neutron spectrum,OK,,JAERI-Data/Code 97-020 Tables 10-15,jaeri_tiara_bc501a_transmission_spectra_phase1_verified.csv
N001_JAERI_TIARA_43MEV_TRANS_000151,N001_JAERI_TIARA_43MEV,external_reference,neutron,JAERI/TIARA experimental concrete,2.31,measured 43-MeV p-7Li source,43.0,,JAERI_43MEV_BC501A_T050_FE040,JAERI_43MEV_PEAK_3.45E9_N_SR_UC,40.0,,8.0,9.0,,50.0,,0.0,lethargy_flux,68.0,n cm-2 lethargy-1 uC-1,5.984000000000001,8.8,BC501A unfolded neutron spectrum,OK,,JAERI-Data/Code 97-020 Tables 10-15,jaeri_tiara_bc501a_transmission_spectra_phase1_verified.csv
N001_JAERI_TIARA_43MEV_TRANS_000152,N001_JAERI_TIARA_43MEV,external_reference,neutron,JAERI/TIARA experimental concrete,2.31,measured 43-MeV p-7Li source,43.0,,JAERI_43MEV_BC501A_T050_FE040,JAERI_43MEV_PEAK_3.45E9_N_SR_UC,40.0,,7.0,8.0,,50.0,,0.0,lethargy_flux,56.9,n cm-2 lethargy-1 uC-1,8.535,15.0,BC501A unfolded neutron spectrum,OK,,JAERI-Data/Code 97-020 Tables 10-15,jaeri_tiara_bc501a_transmission_spectra_phase1_verified.csv
N001_JAERI_TIARA_43MEV_TRANS_000153,N001_JAERI_TIARA_43MEV,external_reference,neutron,JAERI/TIARA experimental concrete,2.31,measured 43-MeV p-7Li source,43.0,,JAERI_43MEV_BC501A_T050_FE040,JAERI_43MEV_PEAK_3.45E9_N_SR_UC,40.0,,6.0,7.0,,50.0,,0.0,lethargy_flux,48.2,n cm-2 lethargy-1 uC-1,18.5088,38.4,BC501A unfolded neutron spectrum,OK,,JAERI-Data/Code 97-020 Tables 10-15,jaeri_tiara_bc501a_transmission_spectra_phase1_verified.csv
N001_JAERI_TIARA_43MEV_TRANS_000154,N001_JAERI_TIARA_43MEV,external_reference,neutron,JAERI/TIARA experimental concrete,2.31,measured 43-MeV p-7Li source,43.0,,JAERI_43MEV_BC501A_T050_FE040,JAERI_43MEV_PEAK_3.45E9_N_SR_UC,40.0,,5.0,6.0,,50.0,,0.0,lethargy_flux,50.1,n cm-2 lethargy-1 uC-1,14.278500000000001,28.5,BC501A unfolded neutron spectrum,OK,,JAERI-Data/Code 97-020 Tables 10-15,jaeri_tiara_bc501a_transmission_spectra_phase1_verified.csv
N001_JAERI_TIARA_43MEV_TRANS_000155,N001_JAERI_TIARA_43MEV,external_reference,neutron,JAERI/TIARA experimental concrete,2.31,measured 43-MeV p-7Li source,43.0,,JAERI_43MEV_BC501A_T050_FE040,JAERI_43MEV_PEAK_3.45E9_N_SR_UC,40.0,,4.0,5.0,,50.0,,0.0,lethargy_flux,32.0,n cm-2 lethargy-1 uC-1,23.584,73.7,BC501A unfolded neutron spectrum,OK,,JAERI-Data/Code 97-020 Tables 10-15,jaeri_tiara_bc501a_transmission_spectra_phase1_verified.csv
N001_JAERI_TIARA_43MEV_TRANS_000156,N001_JAERI_TIARA_43MEV,external_reference,neutron,JAERI/TIARA experimental concrete,2.31,measured 43-MeV p-7Li source,43.0,,JAERI_43MEV_BC501A_T050_FE040,JAERI_43MEV_PEAK_3.45E9_N_SR_UC,40.0,,43.0,44.0,,50.0,,20.0,lethargy_flux,76.4,n cm-2 lethargy-1 uC-1,23.4548,30.7,BC501A unfolded neutron spectrum,OK,,JAERI-Data/Code 97-020 Tables 10-15,jaeri_tiara_bc501a_transmission_spectra_phase1_verified.csv
N001_JAERI_TIARA_43MEV_TRANS_000157,N001_JAERI_TIARA_43MEV,external_reference,neutron,JAERI/TIARA experimental concrete,2.31,measured 43-MeV p-7Li source,43.0,,JAERI_43MEV_BC501A_T050_FE040,JAERI_43MEV_PEAK_3.45E9_N_SR_UC,40.0,,42.0,43.0,,50.0,,20.0,lethargy_flux,139.0,n cm-2 lethargy-1 uC-1,48.928000000000004,35.2,BC501A unfolded neutron spectrum,OK,,JAERI-Data/Code 97-020 Tables 10-15,jaeri_tiara_bc501a_transmission_spectra_phase1_verified.csv
N001_JAERI_TIARA_43MEV_TRANS_000158,N001_JAERI_TIARA_43MEV,external_reference,neutron,JAERI/TIARA experimental concrete,2.31,measured 43-MeV p-7Li source,43.0,,JAERI_43MEV_BC501A_T050_FE040,JAERI_43MEV_PEAK_3.45E9_N_SR_UC,40.0,,41.0,42.0,,50.0,,20.0,lethargy_flux,222.0,n cm-2 lethargy-1 uC-1,52.614,23.7,BC501A unfolded neutron spectrum,OK,,JAERI-Data/Code 97-020 Tables 10-15,jaeri_tiara_bc501a_transmission_spectra_phase1_verified.csv
N001_JAERI_TIARA_43MEV_TRANS_000159,N001_JAERI_TIARA_43MEV,external_reference,neutron,JAERI/TIARA experimental concrete,2.31,measured 43-MeV p-7Li source,43.0,,JAERI_43MEV_BC501A_T050_FE040,JAERI_43MEV_PEAK_3.45E9_N_SR_UC,40.0,,40.0,41.0,,50.0,,20.0,lethargy_flux,296.0,n cm-2 lethargy-1 uC-1,25.456,8.6,BC501A unfolded neutron spectrum,OK,,JAERI-Data/Code 97-020 Tables 10-15,jaeri_tiara_bc501a_transmission_spectra_phase1_verified.csv
N001_JAERI_TIARA_43MEV_TRANS_000160,N001_JAERI_TIARA_43MEV,external_reference,neutron,JAERI/TIARA experimental concrete,2.31,measured 43-MeV p-7Li source,43.0,,JAERI_43MEV_BC501A_T050_FE040,JAERI_43MEV_PEAK_3.45E9_N_SR_UC,40.0,,39.0,40.0,,50.0,,20.0,lethargy_flux,316.0,n cm-2 lethargy-1 uC-1,25.28,8.0,BC501A unfolded neutron spectrum,OK,,JAERI-Data/Code 97-020 Tables 10-15,jaeri_tiara_bc501a_transmission_spectra_phase1_verified.csv
N001_JAERI_TIARA_43MEV_TRANS_000161,N001_JAERI_TIARA_43MEV,external_reference,neutron,JAERI/TIARA experimental concrete,2.31,measured 43-MeV p-7Li source,43.0,,JAERI_43MEV_BC501A_T050_FE040,JAERI_43MEV_PEAK_3.45E9_N_SR_UC,40.0,,38.0,39.0,,50.0,,20.0,lethargy_flux,266.0,n cm-2 lethargy-1 uC-1,41.762,15.7,BC501A unfolded neutron spectrum,OK,,JAERI-Data/Code 97-020 Tables 10-15,jaeri_tiara_bc501a_transmission_spectra_phase1_verified.csv
N001_JAERI_TIARA_43MEV_TRANS_000162,N001_JAERI_TIARA_43MEV,external_reference,neutron,JAERI/TIARA experimental concrete,2.31,measured 43-MeV p-7Li source,43.0,,JAERI_43MEV_BC501A_T050_FE040,JAERI_43MEV_PEAK_3.45E9_N_SR_UC,40.0,,37.0,38.0,,50.0,,20.0,lethargy_flux,179.0,n cm-2 lethargy-1 uC-1,33.294000000000004,18.6,BC501A unfolded neutron spectrum,OK,,JAERI-Data/Code 97-020 Tables 10-15,jaeri_tiara_bc501a_transmission_spectra_phase1_verified.csv
N001_JAERI_TIARA_43MEV_TRANS_000163,N001_JAERI_TIARA_43MEV,external_reference,neutron,JAERI/TIARA experimental concrete,2.31,measured 43-MeV p-7Li source,43.0,,JAERI_43MEV_BC501A_T050_FE040,JAERI_43MEV_PEAK_3.45E9_N_SR_UC,40.0,,36.0,37.0,,50.0,,20.0,lethargy_flux,107.0,n cm-2 lethargy-1 uC-1,15.836000000000002,14.8,BC501A unfolded neutron spectrum,OK,,JAERI-Data/Code 97-020 Tables 10-15,jaeri_tiara_bc501a_transmission_spectra_phase1_verified.csv
N001_JAERI_TIARA_43MEV_TRANS_000164,N001_JAERI_TIARA_43MEV,external_reference,neutron,JAERI/TIARA experimental concrete,2.31,measured 43-MeV p-7Li source,43.0,,JAERI_43MEV_BC501A_T050_FE040,JAERI_43MEV_PEAK_3.45E9_N_SR_UC,40.0,,35.0,36.0,,50.0,,20.0,lethargy_flux,70.6,n cm-2 lethargy-1 uC-1,5.8598,8.3,BC501A unfolded neutron spectrum,OK,,JAERI-Data/Code 97-020 Tables 10-15,jaeri_tiara_bc501a_transmission_spectra_phase1_verified.csv
N001_JAERI_TIARA_43MEV_TRANS_000165,N001_JAERI_TIARA_43MEV,external_reference,neutron,JAERI/TIARA experimental concrete,2.31,measured 43-MeV p-7Li source,43.0,,JAERI_43MEV_BC501A_T050_FE040,JAERI_43MEV_PEAK_3.45E9_N_SR_UC,40.0,,34.0,35.0,,50.0,,20.0,lethargy_flux,58.4,n cm-2 lethargy-1 uC-1,5.1975999999999996,8.9,BC501A unfolded neutron spectrum,OK,,JAERI-Data/Code 97-020 Tables 10-15,jaeri_tiara_bc501a_transmission_spectra_phase1_verified.csv
N001_JAERI_TIARA_43MEV_TRANS_000166,N001_JAERI_TIARA_43MEV,external_reference,neutron,JAERI/TIARA experimental concrete,2.31,measured 43-MeV p-7Li source,43.0,,JAERI_43MEV_BC501A_T050_FE040,JAERI_43MEV_PEAK_3.45E9_N_SR_UC,40.0,,33.0,34.0,,50.0,,20.0,lethargy_flux,55.5,n cm-2 lethargy-1 uC-1,4.8285,8.7,BC501A unfolded neutron spectrum,OK,,JAERI-Data/Code 97-020 Tables 10-15,jaeri_tiara_bc501a_transmission_spectra_phase1_verified.csv
N001_JAERI_TIARA_43MEV_TRANS_000167,N001_JAERI_TIARA_43MEV,external_reference,neutron,JAERI/TIARA experimental concrete,2.31,measured 43-MeV p-7Li source,43.0,,JAERI_43MEV_BC501A_T050_FE040,JAERI_43MEV_PEAK_3.45E9_N_SR_UC,40.0,,32.0,33.0,,50.0,,20.0,lethargy_flux,54.6,n cm-2 lethargy-1 uC-1,4.2042,7.7,BC501A unfolded neutron spectrum,OK,,JAERI-Data/Code 97-020 Tables 10-15,jaeri_tiara_bc501a_transmission_spectra_phase1_verified.csv
N001_JAERI_TIARA_43MEV_TRANS_000168,N001_JAERI_TIARA_43MEV,external_reference,neutron,JAERI/TIARA experimental concrete,2.31,measured 43-MeV p-7Li source,43.0,,JAERI_43MEV_BC501A_T050_FE040,JAERI_43MEV_PEAK_3.45E9_N_SR_UC,40.0,,31.0,32.0,,50.0,,20.0,lethargy_flux,53.6,n cm-2 lethargy-1 uC-1,3.9664000000000006,7.4,BC501A unfolded neutron spectrum,OK,,JAERI-Data/Code 97-020 Tables 10-15,jaeri_tiara_bc501a_transmission_spectra_phase1_verified.csv
N001_JAERI_TIARA_43MEV_TRANS_000169,N001_JAERI_TIARA_43MEV,external_reference,neutron,JAERI/TIARA experimental concrete,2.31,measured 43-MeV p-7Li source,43.0,,JAERI_43MEV_BC501A_T050_FE040,JAERI_43MEV_PEAK_3.45E9_N_SR_UC,40.0,,30.0,31.0,,50.0,,20.0,lethargy_flux,52.3,n cm-2 lethargy-1 uC-1,4.1317,7.9,BC501A unfolded neutron spectrum,OK,,JAERI-Data/Code 97-020 Tables 10-15,jaeri_tiara_bc501a_transmission_spectra_phase1_verified.csv
N001_JAERI_TIARA_43MEV_TRANS_000170,N001_JAERI_TIARA_43MEV,external_reference,neutron,JAERI/TIARA experimental concrete,2.31,measured 43-MeV p-7Li source,43.0,,JAERI_43MEV_BC501A_T050_FE040,JAERI_43MEV_PEAK_3.45E9_N_SR_UC,40.0,,29.0,30.0,,50.0,,20.0,lethargy_flux,50.7,n cm-2 lethargy-1 uC-1,4.563,9.0,BC501A unfolded neutron spectrum,OK,,JAERI-Data/Code 97-020 Tables 10-15,jaeri_tiara_bc501a_transmission_spectra_phase1_verified.csv
N001_JAERI_TIARA_43MEV_TRANS_000171,N001_JAERI_TIARA_43MEV,external_reference,neutron,JAERI/TIARA experimental concrete,2.31,measured 43-MeV p-7Li source,43.0,,JAERI_43MEV_BC501A_T050_FE040,JAERI_43MEV_PEAK_3.45E9_N_SR_UC,40.0,,28.0,29.0,,50.0,,20.0,lethargy_flux,49.1,n cm-2 lethargy-1 uC-1,5.302800000000001,10.8,BC501A unfolded neutron spectrum,OK,,JAERI-Data/Code 97-020 Tables 10-15,jaeri_tiara_bc501a_transmission_spectra_phase1_verified.csv
N001_JAERI_TIARA_43MEV_TRANS_000172,N001_JAERI_TIARA_43MEV,external_reference,neutron,JAERI/TIARA experimental concrete,2.31,measured 43-MeV p-7Li source,43.0,,JAERI_43MEV_BC501A_T050_FE040,JAERI_43MEV_PEAK_3.45E9_N_SR_UC,40.0,,27.0,28.0,,50.0,,20.0,lethargy_flux,47.5,n cm-2 lethargy-1 uC-1,6.27,13.2,BC501A unfolded neutron spectrum,OK,,JAERI-Data/Code 97-020 Tables 10-15,jaeri_tiara_bc501a_transmission_spectra_phase1_verified.csv
N001_JAERI_TIARA_43MEV_TRANS_000173,N001_JAERI_TIARA_43MEV,external_reference,neutron,JAERI/TIARA experimental concrete,2.31,measured 43-MeV p-7Li source,43.0,,JAERI_43MEV_BC501A_T050_FE040,JAERI_43MEV_PEAK_3.45E9_N_SR_UC,40.0,,26.0,27.0,,50.0,,20.0,lethargy_flux,46.0,n cm-2 lethargy-1 uC-1,7.314,15.9,BC501A unfolded neutron spectrum,OK,,JAERI-Data/Code 97-020 Tables 10-15,jaeri_tiara_bc501a_transmission_spectra_phase1_verified.csv
N001_JAERI_TIARA_43MEV_TRANS_000174,N001_JAERI_TIARA_43MEV,external_reference,neutron,JAERI/TIARA experimental concrete,2.31,measured 43-MeV p-7Li source,43.0,,JAERI_43MEV_BC501A_T050_FE040,JAERI_43MEV_PEAK_3.45E9_N_SR_UC,40.0,,25.0,26.0,,50.0,,20.0,lethargy_flux,44.4,n cm-2 lethargy-1 uC-1,8.0364,18.1,BC501A unfolded neutron spectrum,OK,,JAERI-Data/Code 97-020 Tables 10-15,jaeri_tiara_bc501a_transmission_spectra_phase1_verified.csv
N001_JAERI_TIARA_43MEV_TRANS_000175,N001_JAERI_TIARA_43MEV,external_reference,neutron,JAERI/TIARA experimental concrete,2.31,measured 43-MeV p-7Li source,43.0,,JAERI_43MEV_BC501A_T050_FE040,JAERI_43MEV_PEAK_3.45E9_N_SR_UC,40.0,,24.0,25.0,,50.0,,20.0,lethargy_flux,42.7,n cm-2 lethargy-1 uC-1,8.155700000000001,19.1,BC501A unfolded neutron spectrum,OK,,JAERI-Data/Code 97-020 Tables 10-15,jaeri_tiara_bc501a_transmission_spectra_phase1_verified.csv
N001_JAERI_TIARA_43MEV_TRANS_000176,N001_JAERI_TIARA_43MEV,external_reference,neutron,JAERI/TIARA experimental concrete,2.31,measured 43-MeV p-7Li source,43.0,,JAERI_43MEV_BC501A_T050_FE040,JAERI_43MEV_PEAK_3.45E9_N_SR_UC,40.0,,23.0,24.0,,50.0,,20.0,lethargy_flux,40.6,n cm-2 lethargy-1 uC-1,7.3892,18.2,BC501A unfolded neutron spectrum,OK,,JAERI-Data/Code 97-020 Tables 10-15,jaeri_tiara_bc501a_transmission_spectra_phase1_verified.csv
N001_JAERI_TIARA_43MEV_TRANS_000177,N001_JAERI_TIARA_43MEV,external_reference,neutron,JAERI/TIARA experimental concrete,2.31,measured 43-MeV p-7Li source,43.0,,JAERI_43MEV_BC501A_T050_FE040,JAERI_43MEV_PEAK_3.45E9_N_SR_UC,40.0,,22.0,23.0,,50.0,,20.0,lethargy_flux,38.3,n cm-2 lethargy-1 uC-1,5.7833,15.1,BC501A unfolded neutron spectrum,OK,,JAERI-Data/Code 97-020 Tables 10-15,jaeri_tiara_bc501a_transmission_spectra_phase1_verified.csv
N001_JAERI_TIARA_43MEV_TRANS_000178,N001_JAERI_TIARA_43MEV,external_reference,neutron,JAERI/TIARA experimental concrete,2.31,measured 43-MeV p-7Li source,43.0,,JAERI_43MEV_BC501A_T050_FE040,JAERI_43MEV_PEAK_3.45E9_N_SR_UC,40.0,,21.0,22.0,,50.0,,20.0,lethargy_flux,35.8,n cm-2 lethargy-1 uC-1,3.5441999999999996,9.9,BC501A unfolded neutron spectrum,OK,,JAERI-Data/Code 97-020 Tables 10-15,jaeri_tiara_bc501a_transmission_spectra_phase1_verified.csv
N001_JAERI_TIARA_43MEV_TRANS_000179,N001_JAERI_TIARA_43MEV,external_reference,neutron,JAERI/TIARA experimental concrete,2.31,measured 43-MeV p-7Li source,43.0,,JAERI_43MEV_BC501A_T050_FE040,JAERI_43MEV_PEAK_3.45E9_N_SR_UC,40.0,,20.0,21.0,,50.0,,20.0,lethargy_flux,33.1,n cm-2 lethargy-1 uC-1,1.6219000000000003,4.9,BC501A unfolded neutron spectrum,OK,,JAERI-Data/Code 97-020 Tables 10-15,jaeri_tiara_bc501a_transmission_spectra_phase1_verified.csv
N001_JAERI_TIARA_43MEV_TRANS_000180,N001_JAERI_TIARA_43MEV,external_reference,neutron,JAERI/TIARA experimental concrete,2.31,measured 43-MeV p-7Li source,43.0,,JAERI_43MEV_BC501A_T050_FE040,JAERI_43MEV_PEAK_3.45E9_N_SR_UC,40.0,,19.0,20.0,,50.0,,20.0,lethargy_flux,30.6,n cm-2 lethargy-1 uC-1,2.3868,7.8,BC501A unfolded neutron spectrum,OK,,JAERI-Data/Code 97-020 Tables 10-15,jaeri_tiara_bc501a_transmission_spectra_phase1_verified.csv
N001_JAERI_TIARA_43MEV_TRANS_000181,N001_JAERI_TIARA_43MEV,external_reference,neutron,JAERI/TIARA experimental concrete,2.31,measured 43-MeV p-7Li source,43.0,,JAERI_43MEV_BC501A_T050_FE040,JAERI_43MEV_PEAK_3.45E9_N_SR_UC,40.0,,18.0,19.0,,50.0,,20.0,lethargy_flux,28.4,n cm-2 lethargy-1 uC-1,3.3796,11.9,BC501A unfolded neutron spectrum,OK,,JAERI-Data/Code 97-020 Tables 10-15,jaeri_tiara_bc501a_transmission_spectra_phase1_verified.csv
N001_JAERI_TIARA_43MEV_TRANS_000182,N001_JAERI_TIARA_43MEV,external_reference,neutron,JAERI/TIARA experimental concrete,2.31,measured 43-MeV p-7Li source,43.0,,JAERI_43MEV_BC501A_T050_FE040,JAERI_43MEV_PEAK_3.45E9_N_SR_UC,40.0,,17.0,18.0,,50.0,,20.0,lethargy_flux,26.7,n cm-2 lethargy-1 uC-1,3.2573999999999996,12.2,BC501A unfolded neutron spectrum,OK,,JAERI-Data/Code 97-020 Tables 10-15,jaeri_tiara_bc501a_transmission_spectra_phase1_verified.csv
N001_JAERI_TIARA_43MEV_TRANS_000183,N001_JAERI_TIARA_43MEV,external_reference,neutron,JAERI/TIARA experimental concrete,2.31,measured 43-MeV p-7Li source,43.0,,JAERI_43MEV_BC501A_T050_FE040,JAERI_43MEV_PEAK_3.45E9_N_SR_UC,40.0,,16.0,17.0,,50.0,,20.0,lethargy_flux,25.4,n cm-2 lethargy-1 uC-1,2.2606,8.9,BC501A unfolded neutron spectrum,OK,,JAERI-Data/Code 97-020 Tables 10-15,jaeri_tiara_bc501a_transmission_spectra_phase1_verified.csv
N001_JAERI_TIARA_43MEV_TRANS_000184,N001_JAERI_TIARA_43MEV,external_reference,neutron,JAERI/TIARA experimental concrete,2.31,measured 43-MeV p-7Li source,43.0,,JAERI_43MEV_BC501A_T050_FE040,JAERI_43MEV_PEAK_3.45E9_N_SR_UC,40.0,,15.0,16.0,,50.0,,20.0,lethargy_flux,24.2,n cm-2 lethargy-1 uC-1,1.4036,5.8,BC501A unfolded neutron spectrum,OK,,JAERI-Data/Code 97-020 Tables 10-15,jaeri_tiara_bc501a_transmission_spectra_phase1_verified.csv
N001_JAERI_TIARA_43MEV_TRANS_000185,N001_JAERI_TIARA_43MEV,external_reference,neutron,JAERI/TIARA experimental concrete,2.31,measured 43-MeV p-7Li source,43.0,,JAERI_43MEV_BC501A_T050_FE040,JAERI_43MEV_PEAK_3.45E9_N_SR_UC,40.0,,14.0,15.0,,50.0,,20.0,lethargy_flux,23.1,n cm-2 lethargy-1 uC-1,1.2012,5.2,BC501A unfolded neutron spectrum,OK,,JAERI-Data/Code 97-020 Tables 10-15,jaeri_tiara_bc501a_transmission_spectra_phase1_verified.csv
N001_JAERI_TIARA_43MEV_TRANS_000186,N001_JAERI_TIARA_43MEV,external_reference,neutron,JAERI/TIARA experimental concrete,2.31,measured 43-MeV p-7Li source,43.0,,JAERI_43MEV_BC501A_T050_FE040,JAERI_43MEV_PEAK_3.45E9_N_SR_UC,40.0,,13.0,14.0,,50.0,,20.0,lethargy_flux,22.0,n cm-2 lethargy-1 uC-1,1.496,6.8,BC501A unfolded neutron spectrum,OK,,JAERI-Data/Code 97-020 Tables 10-15,jaeri_tiara_bc501a_transmission_spectra_phase1_verified.csv
N001_JAERI_TIARA_43MEV_TRANS_000187,N001_JAERI_TIARA_43MEV,external_reference,neutron,JAERI/TIARA experimental concrete,2.31,measured 43-MeV p-7Li source,43.0,,JAERI_43MEV_BC501A_T050_FE040,JAERI_43MEV_PEAK_3.45E9_N_SR_UC,40.0,,12.0,13.0,,50.0,,20.0,lethargy_flux,20.9,n cm-2 lethargy-1 uC-1,2.2362999999999995,10.7,BC501A unfolded neutron spectrum,OK,,JAERI-Data/Code 97-020 Tables 10-15,jaeri_tiara_bc501a_transmission_spectra_phase1_verified.csv
N001_JAERI_TIARA_43MEV_TRANS_000188,N001_JAERI_TIARA_43MEV,external_reference,neutron,JAERI/TIARA experimental concrete,2.31,measured 43-MeV p-7Li source,43.0,,JAERI_43MEV_BC501A_T050_FE040,JAERI_43MEV_PEAK_3.45E9_N_SR_UC,40.0,,11.0,12.0,,50.0,,20.0,lethargy_flux,19.9,n cm-2 lethargy-1 uC-1,2.7859999999999996,14.0,BC501A unfolded neutron spectrum,OK,,JAERI-Data/Code 97-020 Tables 10-15,jaeri_tiara_bc501a_transmission_spectra_phase1_verified.csv
N001_JAERI_TIARA_43MEV_TRANS_000189,N001_JAERI_TIARA_43MEV,external_reference,neutron,JAERI/TIARA experimental concrete,2.31,measured 43-MeV p-7Li source,43.0,,JAERI_43MEV_BC501A_T050_FE040,JAERI_43MEV_PEAK_3.45E9_N_SR_UC,40.0,,10.0,11.0,,50.0,,20.0,lethargy_flux,19.2,n cm-2 lethargy-1 uC-1,2.8223999999999996,14.7,BC501A unfolded neutron spectrum,OK,,JAERI-Data/Code 97-020 Tables 10-15,jaeri_tiara_bc501a_transmission_spectra_phase1_verified.csv
N001_JAERI_TIARA_43MEV_TRANS_000190,N001_JAERI_TIARA_43MEV,external_reference,neutron,JAERI/TIARA experimental concrete,2.31,measured 43-MeV p-7Li source,43.0,,JAERI_43MEV_BC501A_T050_FE040,JAERI_43MEV_PEAK_3.45E9_N_SR_UC,40.0,,9.0,10.0,,50.0,,20.0,lethargy_flux,19.0,n cm-2 lethargy-1 uC-1,2.261,11.9,BC501A unfolded neutron spectrum,OK,,JAERI-Data/Code 97-020 Tables 10-15,jaeri_tiara_bc501a_transmission_spectra_phase1_verified.csv
N001_JAERI_TIARA_43MEV_TRANS_000191,N001_JAERI_TIARA_43MEV,external_reference,neutron,JAERI/TIARA experimental concrete,2.31,measured 43-MeV p-7Li source,43.0,,JAERI_43MEV_BC501A_T050_FE040,JAERI_43MEV_PEAK_3.45E9_N_SR_UC,40.0,,8.0,9.0,,50.0,,20.0,lethargy_flux,19.4,n cm-2 lethargy-1 uC-1,0.8923999999999999,4.6,BC501A unfolded neutron spectrum,OK,,JAERI-Data/Code 97-020 Tables 10-15,jaeri_tiara_bc501a_transmission_spectra_phase1_verified.csv
N001_JAERI_TIARA_43MEV_TRANS_000192,N001_JAERI_TIARA_43MEV,external_reference,neutron,JAERI/TIARA experimental concrete,2.31,measured 43-MeV p-7Li source,43.0,,JAERI_43MEV_BC501A_T050_FE040,JAERI_43MEV_PEAK_3.45E9_N_SR_UC,40.0,,7.0,8.0,,50.0,,20.0,lethargy_flux,20.2,n cm-2 lethargy-1 uC-1,3.7572,18.6,BC501A unfolded neutron spectrum,OK,,JAERI-Data/Code 97-020 Tables 10-15,jaeri_tiara_bc501a_transmission_spectra_phase1_verified.csv
N001_JAERI_TIARA_43MEV_TRANS_000193,N001_JAERI_TIARA_43MEV,external_reference,neutron,JAERI/TIARA experimental concrete,2.31,measured 43-MeV p-7Li source,43.0,,JAERI_43MEV_BC501A_T050_FE040,JAERI_43MEV_PEAK_3.45E9_N_SR_UC,40.0,,6.0,7.0,,50.0,,20.0,lethargy_flux,19.5,n cm-2 lethargy-1 uC-1,8.19,42.0,BC501A unfolded neutron spectrum,OK,,JAERI-Data/Code 97-020 Tables 10-15,jaeri_tiara_bc501a_transmission_spectra_phase1_verified.csv
N001_JAERI_TIARA_43MEV_TRANS_000194,N001_JAERI_TIARA_43MEV,external_reference,neutron,JAERI/TIARA experimental concrete,2.31,measured 43-MeV p-7Li source,43.0,,JAERI_43MEV_BC501A_T050_FE040,JAERI_43MEV_PEAK_3.45E9_N_SR_UC,40.0,,43.0,44.0,,50.0,,40.0,lethargy_flux,11.5,n cm-2 lethargy-1 uC-1,2.3575,20.5,BC501A unfolded neutron spectrum,OK,,JAERI-Data/Code 97-020 Tables 10-15,jaeri_tiara_bc501a_transmission_spectra_phase1_verified.csv
N001_JAERI_TIARA_43MEV_TRANS_000195,N001_JAERI_TIARA_43MEV,external_reference,neutron,JAERI/TIARA experimental concrete,2.31,measured 43-MeV p-7Li source,43.0,,JAERI_43MEV_BC501A_T050_FE040,JAERI_43MEV_PEAK_3.45E9_N_SR_UC,40.0,,42.0,43.0,,50.0,,40.0,lethargy_flux,22.4,n cm-2 lethargy-1 uC-1,4.7712,21.3,BC501A unfolded neutron spectrum,OK,,JAERI-Data/Code 97-020 Tables 10-15,jaeri_tiara_bc501a_transmission_spectra_phase1_verified.csv
N001_JAERI_TIARA_43MEV_TRANS_000196,N001_JAERI_TIARA_43MEV,external_reference,neutron,JAERI/TIARA experimental concrete,2.31,measured 43-MeV p-7Li source,43.0,,JAERI_43MEV_BC501A_T050_FE040,JAERI_43MEV_PEAK_3.45E9_N_SR_UC,40.0,,41.0,42.0,,50.0,,40.0,lethargy_flux,33.4,n cm-2 lethargy-1 uC-1,5.177,15.5,BC501A unfolded neutron spectrum,OK,,JAERI-Data/Code 97-020 Tables 10-15,jaeri_tiara_bc501a_transmission_spectra_phase1_verified.csv
N001_JAERI_TIARA_43MEV_TRANS_000197,N001_JAERI_TIARA_43MEV,external_reference,neutron,JAERI/TIARA experimental concrete,2.31,measured 43-MeV p-7Li source,43.0,,JAERI_43MEV_BC501A_T050_FE040,JAERI_43MEV_PEAK_3.45E9_N_SR_UC,40.0,,40.0,41.0,,50.0,,40.0,lethargy_flux,40.1,n cm-2 lethargy-1 uC-1,2.807,7.0,BC501A unfolded neutron spectrum,OK,,JAERI-Data/Code 97-020 Tables 10-15,jaeri_tiara_bc501a_transmission_spectra_phase1_verified.csv
N001_JAERI_TIARA_43MEV_TRANS_000198,N001_JAERI_TIARA_43MEV,external_reference,neutron,JAERI/TIARA experimental concrete,2.31,measured 43-MeV p-7Li source,43.0,,JAERI_43MEV_BC501A_T050_FE040,JAERI_43MEV_PEAK_3.45E9_N_SR_UC,40.0,,39.0,40.0,,50.0,,40.0,lethargy_flux,40.1,n cm-2 lethargy-1 uC-1,3.0877000000000003,7.7,BC501A unfolded neutron spectrum,OK,,JAERI-Data/Code 97-020 Tables 10-15,jaeri_tiara_bc501a_transmission_spectra_phase1_verified.csv
N001_JAERI_TIARA_43MEV_TRANS_000199,N001_JAERI_TIARA_43MEV,external_reference,neutron,JAERI/TIARA experimental concrete,2.31,measured 43-MeV p-7Li source,43.0,,JAERI_43MEV_BC501A_T050_FE040,JAERI_43MEV_PEAK_3.45E9_N_SR_UC,40.0,,38.0,39.0,,50.0,,40.0,lethargy_flux,33.9,n cm-2 lethargy-1 uC-1,4.8138,14.2,BC501A unfolded neutron spectrum,OK,,JAERI-Data/Code 97-020 Tables 10-15,jaeri_tiara_bc501a_transmission_spectra_phase1_verified.csv
N001_JAERI_TIARA_43MEV_TRANS_000200,N001_JAERI_TIARA_43MEV,external_reference,neutron,JAERI/TIARA experimental concrete,2.31,measured 43-MeV p-7Li source,43.0,,JAERI_43MEV_BC501A_T050_FE040,JAERI_43MEV_PEAK_3.45E9_N_SR_UC,40.0,,37.0,38.0,,50.0,,40.0,lethargy_flux,24.7,n cm-2 lethargy-1 uC-1,3.9026,15.8,BC501A unfolded neutron spectrum,OK,,JAERI-Data/Code 97-020 Tables 10-15,jaeri_tiara_bc501a_transmission_spectra_phase1_verified.csv
N001_JAERI_TIARA_43MEV_TRANS_000201,N001_JAERI_TIARA_43MEV,external_reference,neutron,JAERI/TIARA experimental concrete,2.31,measured 43-MeV p-7Li source,43.0,,JAERI_43MEV_BC501A_T050_FE040,JAERI_43MEV_PEAK_3.45E9_N_SR_UC,40.0,,36.0,37.0,,50.0,,40.0,lethargy_flux,16.9,n cm-2 lethargy-1 uC-1,1.8082999999999998,10.7,BC501A unfolded neutron spectrum,OK,,JAERI-Data/Code 97-020 Tables 10-15,jaeri_tiara_bc501a_transmission_spectra_phase1_verified.csv
N001_JAERI_TIARA_43MEV_TRANS_000202,N001_JAERI_TIARA_43MEV,external_reference,neutron,JAERI/TIARA experimental concrete,2.31,measured 43-MeV p-7Li source,43.0,,JAERI_43MEV_BC501A_T050_FE040,JAERI_43MEV_PEAK_3.45E9_N_SR_UC,40.0,,35.0,36.0,,50.0,,40.0,lethargy_flux,12.8,n cm-2 lethargy-1 uC-1,0.8064,6.3,BC501A unfolded neutron spectrum,OK,,JAERI-Data/Code 97-020 Tables 10-15,jaeri_tiara_bc501a_transmission_spectra_phase1_verified.csv
N001_JAERI_TIARA_43MEV_TRANS_000203,N001_JAERI_TIARA_43MEV,external_reference,neutron,JAERI/TIARA experimental concrete,2.31,measured 43-MeV p-7Li source,43.0,,JAERI_43MEV_BC501A_T050_FE040,JAERI_43MEV_PEAK_3.45E9_N_SR_UC,40.0,,34.0,35.0,,50.0,,40.0,lethargy_flux,11.4,n cm-2 lethargy-1 uC-1,0.9234,8.1,BC501A unfolded neutron spectrum,OK,,JAERI-Data/Code 97-020 Tables 10-15,jaeri_tiara_bc501a_transmission_spectra_phase1_verified.csv
N001_JAERI_TIARA_43MEV_TRANS_000204,N001_JAERI_TIARA_43MEV,external_reference,neutron,JAERI/TIARA experimental concrete,2.31,measured 43-MeV p-7Li source,43.0,,JAERI_43MEV_BC501A_T050_FE040,JAERI_43MEV_PEAK_3.45E9_N_SR_UC,40.0,,33.0,34.0,,50.0,,40.0,lethargy_flux,11.0,n cm-2 lethargy-1 uC-1,0.8690000000000001,7.9,BC501A unfolded neutron spectrum,OK,,JAERI-Data/Code 97-020 Tables 10-15,jaeri_tiara_bc501a_transmission_spectra_phase1_verified.csv
N001_JAERI_TIARA_43MEV_TRANS_000205,N001_JAERI_TIARA_43MEV,external_reference,neutron,JAERI/TIARA experimental concrete,2.31,measured 43-MeV p-7Li source,43.0,,JAERI_43MEV_BC501A_T050_FE040,JAERI_43MEV_PEAK_3.45E9_N_SR_UC,40.0,,32.0,33.0,,50.0,,40.0,lethargy_flux,10.6,n cm-2 lethargy-1 uC-1,0.7631999999999999,7.2,BC501A unfolded neutron spectrum,OK,,JAERI-Data/Code 97-020 Tables 10-15,jaeri_tiara_bc501a_transmission_spectra_phase1_verified.csv
N001_JAERI_TIARA_43MEV_TRANS_000206,N001_JAERI_TIARA_43MEV,external_reference,neutron,JAERI/TIARA experimental concrete,2.31,measured 43-MeV p-7Li source,43.0,,JAERI_43MEV_BC501A_T050_FE040,JAERI_43MEV_PEAK_3.45E9_N_SR_UC,40.0,,31.0,32.0,,50.0,,40.0,lethargy_flux,10.3,n cm-2 lethargy-1 uC-1,0.7107000000000001,6.9,BC501A unfolded neutron spectrum,OK,,JAERI-Data/Code 97-020 Tables 10-15,jaeri_tiara_bc501a_transmission_spectra_phase1_verified.csv
N001_JAERI_TIARA_43MEV_TRANS_000207,N001_JAERI_TIARA_43MEV,external_reference,neutron,JAERI/TIARA experimental concrete,2.31,measured 43-MeV p-7Li source,43.0,,JAERI_43MEV_BC501A_T050_FE040,JAERI_43MEV_PEAK_3.45E9_N_SR_UC,40.0,,30.0,31.0,,50.0,,40.0,lethargy_flux,9.85,n cm-2 lethargy-1 uC-1,0.7092,7.2,BC501A unfolded neutron spectrum,OK,,JAERI-Data/Code 97-020 Tables 10-15,jaeri_tiara_bc501a_transmission_spectra_phase1_verified.csv
N001_JAERI_TIARA_43MEV_TRANS_000208,N001_JAERI_TIARA_43MEV,external_reference,neutron,JAERI/TIARA experimental concrete,2.31,measured 43-MeV p-7Li source,43.0,,JAERI_43MEV_BC501A_T050_FE040,JAERI_43MEV_PEAK_3.45E9_N_SR_UC,40.0,,29.0,30.0,,50.0,,40.0,lethargy_flux,9.36,n cm-2 lethargy-1 uC-1,0.7581599999999998,8.1,BC501A unfolded neutron spectrum,OK,,JAERI-Data/Code 97-020 Tables 10-15,jaeri_tiara_bc501a_transmission_spectra_phase1_verified.csv
N001_JAERI_TIARA_43MEV_TRANS_000209,N001_JAERI_TIARA_43MEV,external_reference,neutron,JAERI/TIARA experimental concrete,2.31,measured 43-MeV p-7Li source,43.0,,JAERI_43MEV_BC501A_T050_FE040,JAERI_43MEV_PEAK_3.45E9_N_SR_UC,40.0,,28.0,29.0,,50.0,,40.0,lethargy_flux,8.81,n cm-2 lethargy-1 uC-1,0.8457600000000001,9.6,BC501A unfolded neutron spectrum,OK,,JAERI-Data/Code 97-020 Tables 10-15,jaeri_tiara_bc501a_transmission_spectra_phase1_verified.csv
N001_JAERI_TIARA_43MEV_TRANS_000210,N001_JAERI_TIARA_43MEV,external_reference,neutron,JAERI/TIARA experimental concrete,2.31,measured 43-MeV p-7Li source,43.0,,JAERI_43MEV_BC501A_T050_FE040,JAERI_43MEV_PEAK_3.45E9_N_SR_UC,40.0,,27.0,28.0,,50.0,,40.0,lethargy_flux,8.21,n cm-2 lethargy-1 uC-1,0.9934100000000001,12.1,BC501A unfolded neutron spectrum,OK,,JAERI-Data/Code 97-020 Tables 10-15,jaeri_tiara_bc501a_transmission_spectra_phase1_verified.csv
N001_JAERI_TIARA_43MEV_TRANS_000211,N001_JAERI_TIARA_43MEV,external_reference,neutron,JAERI/TIARA experimental concrete,2.31,measured 43-MeV p-7Li source,43.0,,JAERI_43MEV_BC501A_T050_FE040,JAERI_43MEV_PEAK_3.45E9_N_SR_UC,40.0,,26.0,27.0,,50.0,,40.0,lethargy_flux,7.61,n cm-2 lethargy-1 uC-1,1.14911,15.1,BC501A unfolded neutron spectrum,OK,,JAERI-Data/Code 97-020 Tables 10-15,jaeri_tiara_bc501a_transmission_spectra_phase1_verified.csv
N001_JAERI_TIARA_43MEV_TRANS_000212,N001_JAERI_TIARA_43MEV,external_reference,neutron,JAERI/TIARA experimental concrete,2.31,measured 43-MeV p-7Li source,43.0,,JAERI_43MEV_BC501A_T050_FE040,JAERI_43MEV_PEAK_3.45E9_N_SR_UC,40.0,,25.0,26.0,,50.0,,40.0,lethargy_flux,7.1,n cm-2 lethargy-1 uC-1,1.2638,17.8,BC501A unfolded neutron spectrum,OK,,JAERI-Data/Code 97-020 Tables 10-15,jaeri_tiara_bc501a_transmission_spectra_phase1_verified.csv
N001_JAERI_TIARA_43MEV_TRANS_000213,N001_JAERI_TIARA_43MEV,external_reference,neutron,JAERI/TIARA experimental concrete,2.31,measured 43-MeV p-7Li source,43.0,,JAERI_43MEV_BC501A_T050_FE040,JAERI_43MEV_PEAK_3.45E9_N_SR_UC,40.0,,24.0,25.0,,50.0,,40.0,lethargy_flux,6.77,n cm-2 lethargy-1 uC-1,1.2863,19.0,BC501A unfolded neutron spectrum,OK,,JAERI-Data/Code 97-020 Tables 10-15,jaeri_tiara_bc501a_transmission_spectra_phase1_verified.csv
N001_JAERI_TIARA_43MEV_TRANS_000214,N001_JAERI_TIARA_43MEV,external_reference,neutron,JAERI/TIARA experimental concrete,2.31,measured 43-MeV p-7Li source,43.0,,JAERI_43MEV_BC501A_T050_FE040,JAERI_43MEV_PEAK_3.45E9_N_SR_UC,40.0,,23.0,24.0,,50.0,,40.0,lethargy_flux,6.66,n cm-2 lethargy-1 uC-1,1.1655,17.5,BC501A unfolded neutron spectrum,OK,,JAERI-Data/Code 97-020 Tables 10-15,jaeri_tiara_bc501a_transmission_spectra_phase1_verified.csv
N001_JAERI_TIARA_43MEV_TRANS_000215,N001_JAERI_TIARA_43MEV,external_reference,neutron,JAERI/TIARA experimental concrete,2.31,measured 43-MeV p-7Li source,43.0,,JAERI_43MEV_BC501A_T050_FE040,JAERI_43MEV_PEAK_3.45E9_N_SR_UC,40.0,,22.0,23.0,,50.0,,40.0,lethargy_flux,6.77,n cm-2 lethargy-1 uC-1,0.9207199999999999,13.6,BC501A unfolded neutron spectrum,OK,,JAERI-Data/Code 97-020 Tables 10-15,jaeri_tiara_bc501a_transmission_spectra_phase1_verified.csv
N001_JAERI_TIARA_43MEV_TRANS_000216,N001_JAERI_TIARA_43MEV,external_reference,neutron,JAERI/TIARA experimental concrete,2.31,measured 43-MeV p-7Li source,43.0,,JAERI_43MEV_BC501A_T050_FE040,JAERI_43MEV_PEAK_3.45E9_N_SR_UC,40.0,,21.0,22.0,,50.0,,40.0,lethargy_flux,7.03,n cm-2 lethargy-1 uC-1,0.5834900000000001,8.3,BC501A unfolded neutron spectrum,OK,,JAERI-Data/Code 97-020 Tables 10-15,jaeri_tiara_bc501a_transmission_spectra_phase1_verified.csv
N001_JAERI_TIARA_43MEV_TRANS_000217,N001_JAERI_TIARA_43MEV,external_reference,neutron,JAERI/TIARA experimental concrete,2.31,measured 43-MeV p-7Li source,43.0,,JAERI_43MEV_BC501A_T050_FE040,JAERI_43MEV_PEAK_3.45E9_N_SR_UC,40.0,,20.0,21.0,,50.0,,40.0,lethargy_flux,7.33,n cm-2 lethargy-1 uC-1,0.34451,4.7,BC501A unfolded neutron spectrum,OK,,JAERI-Data/Code 97-020 Tables 10-15,jaeri_tiara_bc501a_transmission_spectra_phase1_verified.csv
N001_JAERI_TIARA_43MEV_TRANS_000218,N001_JAERI_TIARA_43MEV,external_reference,neutron,JAERI/TIARA experimental concrete,2.31,measured 43-MeV p-7Li source,43.0,,JAERI_43MEV_BC501A_T050_FE040,JAERI_43MEV_PEAK_3.45E9_N_SR_UC,40.0,,19.0,20.0,,50.0,,40.0,lethargy_flux,7.5,n cm-2 lethargy-1 uC-1,0.4425,5.9,BC501A unfolded neutron spectrum,OK,,JAERI-Data/Code 97-020 Tables 10-15,jaeri_tiara_bc501a_transmission_spectra_phase1_verified.csv
N001_JAERI_TIARA_43MEV_TRANS_000219,N001_JAERI_TIARA_43MEV,external_reference,neutron,JAERI/TIARA experimental concrete,2.31,measured 43-MeV p-7Li source,43.0,,JAERI_43MEV_BC501A_T050_FE040,JAERI_43MEV_PEAK_3.45E9_N_SR_UC,40.0,,18.0,19.0,,50.0,,40.0,lethargy_flux,7.4,n cm-2 lethargy-1 uC-1,0.5698000000000001,7.7,BC501A unfolded neutron spectrum,OK,,JAERI-Data/Code 97-020 Tables 10-15,jaeri_tiara_bc501a_transmission_spectra_phase1_verified.csv
N001_JAERI_TIARA_43MEV_TRANS_000220,N001_JAERI_TIARA_43MEV,external_reference,neutron,JAERI/TIARA experimental concrete,2.31,measured 43-MeV p-7Li source,43.0,,JAERI_43MEV_BC501A_T050_FE040,JAERI_43MEV_PEAK_3.45E9_N_SR_UC,40.0,,17.0,18.0,,50.0,,40.0,lethargy_flux,6.98,n cm-2 lethargy-1 uC-1,0.53746,7.7,BC501A unfolded neutron spectrum,OK,,JAERI-Data/Code 97-020 Tables 10-15,jaeri_tiara_bc501a_transmission_spectra_phase1_verified.csv
N001_JAERI_TIARA_43MEV_TRANS_000221,N001_JAERI_TIARA_43MEV,external_reference,neutron,JAERI/TIARA experimental concrete,2.31,measured 43-MeV p-7Li source,43.0,,JAERI_43MEV_BC501A_T050_FE040,JAERI_43MEV_PEAK_3.45E9_N_SR_UC,40.0,,16.0,17.0,,50.0,,40.0,lethargy_flux,6.34,n cm-2 lethargy-1 uC-1,0.39942,6.3,BC501A unfolded neutron spectrum,OK,,JAERI-Data/Code 97-020 Tables 10-15,jaeri_tiara_bc501a_transmission_spectra_phase1_verified.csv
N001_JAERI_TIARA_43MEV_TRANS_000222,N001_JAERI_TIARA_43MEV,external_reference,neutron,JAERI/TIARA experimental concrete,2.31,measured 43-MeV p-7Li source,43.0,,JAERI_43MEV_BC501A_T050_FE040,JAERI_43MEV_PEAK_3.45E9_N_SR_UC,40.0,,15.0,16.0,,50.0,,40.0,lethargy_flux,5.75,n cm-2 lethargy-1 uC-1,0.2875,5.0,BC501A unfolded neutron spectrum,OK,,JAERI-Data/Code 97-020 Tables 10-15,jaeri_tiara_bc501a_transmission_spectra_phase1_verified.csv
N001_JAERI_TIARA_43MEV_TRANS_000223,N001_JAERI_TIARA_43MEV,external_reference,neutron,JAERI/TIARA experimental concrete,2.31,measured 43-MeV p-7Li source,43.0,,JAERI_43MEV_BC501A_T050_FE040,JAERI_43MEV_PEAK_3.45E9_N_SR_UC,40.0,,14.0,15.0,,50.0,,40.0,lethargy_flux,5.4,n cm-2 lethargy-1 uC-1,0.25920000000000004,4.8,BC501A unfolded neutron spectrum,OK,,JAERI-Data/Code 97-020 Tables 10-15,jaeri_tiara_bc501a_transmission_spectra_phase1_verified.csv
N001_JAERI_TIARA_43MEV_TRANS_000224,N001_JAERI_TIARA_43MEV,external_reference,neutron,JAERI/TIARA experimental concrete,2.31,measured 43-MeV p-7Li source,43.0,,JAERI_43MEV_BC501A_T050_FE040,JAERI_43MEV_PEAK_3.45E9_N_SR_UC,40.0,,13.0,14.0,,50.0,,40.0,lethargy_flux,5.34,n cm-2 lethargy-1 uC-1,0.29369999999999996,5.5,BC501A unfolded neutron spectrum,OK,,JAERI-Data/Code 97-020 Tables 10-15,jaeri_tiara_bc501a_transmission_spectra_phase1_verified.csv
N001_JAERI_TIARA_43MEV_TRANS_000225,N001_JAERI_TIARA_43MEV,external_reference,neutron,JAERI/TIARA experimental concrete,2.31,measured 43-MeV p-7Li source,43.0,,JAERI_43MEV_BC501A_T050_FE040,JAERI_43MEV_PEAK_3.45E9_N_SR_UC,40.0,,12.0,13.0,,50.0,,40.0,lethargy_flux,5.43,n cm-2 lethargy-1 uC-1,0.39638999999999996,7.3,BC501A unfolded neutron spectrum,OK,,JAERI-Data/Code 97-020 Tables 10-15,jaeri_tiara_bc501a_transmission_spectra_phase1_verified.csv
N001_JAERI_TIARA_43MEV_TRANS_000226,N001_JAERI_TIARA_43MEV,external_reference,neutron,JAERI/TIARA experimental concrete,2.31,measured 43-MeV p-7Li source,43.0,,JAERI_43MEV_BC501A_T050_FE040,JAERI_43MEV_PEAK_3.45E9_N_SR_UC,40.0,,11.0,12.0,,50.0,,40.0,lethargy_flux,5.51,n cm-2 lethargy-1 uC-1,0.47936999999999996,8.7,BC501A unfolded neutron spectrum,OK,,JAERI-Data/Code 97-020 Tables 10-15,jaeri_tiara_bc501a_transmission_spectra_phase1_verified.csv
N001_JAERI_TIARA_43MEV_TRANS_000227,N001_JAERI_TIARA_43MEV,external_reference,neutron,JAERI/TIARA experimental concrete,2.31,measured 43-MeV p-7Li source,43.0,,JAERI_43MEV_BC501A_T050_FE040,JAERI_43MEV_PEAK_3.45E9_N_SR_UC,40.0,,10.0,11.0,,50.0,,40.0,lethargy_flux,5.51,n cm-2 lethargy-1 uC-1,0.48488,8.8,BC501A unfolded neutron spectrum,OK,,JAERI-Data/Code 97-020 Tables 10-15,jaeri_tiara_bc501a_transmission_spectra_phase1_verified.csv
N001_JAERI_TIARA_43MEV_TRANS_000228,N001_JAERI_TIARA_43MEV,external_reference,neutron,JAERI/TIARA experimental concrete,2.31,measured 43-MeV p-7Li source,43.0,,JAERI_43MEV_BC501A_T050_FE040,JAERI_43MEV_PEAK_3.45E9_N_SR_UC,40.0,,9.0,10.0,,50.0,,40.0,lethargy_flux,5.41,n cm-2 lethargy-1 uC-1,0.40575000000000006,7.5,BC501A unfolded neutron spectrum,OK,,JAERI-Data/Code 97-020 Tables 10-15,jaeri_tiara_bc501a_transmission_spectra_phase1_verified.csv
N001_JAERI_TIARA_43MEV_TRANS_000229,N001_JAERI_TIARA_43MEV,external_reference,neutron,JAERI/TIARA experimental concrete,2.31,measured 43-MeV p-7Li source,43.0,,JAERI_43MEV_BC501A_T050_FE040,JAERI_43MEV_PEAK_3.45E9_N_SR_UC,40.0,,8.0,9.0,,50.0,,40.0,lethargy_flux,5.06,n cm-2 lethargy-1 uC-1,0.22769999999999999,4.5,BC501A unfolded neutron spectrum,OK,,JAERI-Data/Code 97-020 Tables 10-15,jaeri_tiara_bc501a_transmission_spectra_phase1_verified.csv
N001_JAERI_TIARA_43MEV_TRANS_000230,N001_JAERI_TIARA_43MEV,external_reference,neutron,JAERI/TIARA experimental concrete,2.31,measured 43-MeV p-7Li source,43.0,,JAERI_43MEV_BC501A_T050_FE040,JAERI_43MEV_PEAK_3.45E9_N_SR_UC,40.0,,7.0,8.0,,50.0,,40.0,lethargy_flux,4.09,n cm-2 lethargy-1 uC-1,0.6053200000000001,14.8,BC501A unfolded neutron spectrum,OK,,JAERI-Data/Code 97-020 Tables 10-15,jaeri_tiara_bc501a_transmission_spectra_phase1_verified.csv
N001_JAERI_TIARA_43MEV_TRANS_000231,N001_JAERI_TIARA_43MEV,external_reference,neutron,JAERI/TIARA experimental concrete,2.31,measured 43-MeV p-7Li source,43.0,,JAERI_43MEV_BC501A_T100_FE000,JAERI_43MEV_PEAK_3.15E9_N_SR_UC,0.0,,43.0,44.0,,100.0,,0.0,lethargy_flux,7.98,n cm-2 lethargy-1 uC-1,0.61446,7.7,BC501A unfolded neutron spectrum,OK,,JAERI-Data/Code 97-020 Tables 10-15,jaeri_tiara_bc501a_transmission_spectra_phase1_verified.csv
N001_JAERI_TIARA_43MEV_TRANS_000232,N001_JAERI_TIARA_43MEV,external_reference,neutron,JAERI/TIARA experimental concrete,2.31,measured 43-MeV p-7Li source,43.0,,JAERI_43MEV_BC501A_T100_FE000,JAERI_43MEV_PEAK_3.15E9_N_SR_UC,0.0,,42.0,43.0,,100.0,,0.0,lethargy_flux,16.6,n cm-2 lethargy-1 uC-1,0.9462,5.7,BC501A unfolded neutron spectrum,OK,,JAERI-Data/Code 97-020 Tables 10-15,jaeri_tiara_bc501a_transmission_spectra_phase1_verified.csv
N001_JAERI_TIARA_43MEV_TRANS_000233,N001_JAERI_TIARA_43MEV,external_reference,neutron,JAERI/TIARA experimental concrete,2.31,measured 43-MeV p-7Li source,43.0,,JAERI_43MEV_BC501A_T100_FE000,JAERI_43MEV_PEAK_3.15E9_N_SR_UC,0.0,,41.0,42.0,,100.0,,0.0,lethargy_flux,27.4,n cm-2 lethargy-1 uC-1,1.3152,4.8,BC501A unfolded neutron spectrum,OK,,JAERI-Data/Code 97-020 Tables 10-15,jaeri_tiara_bc501a_transmission_spectra_phase1_verified.csv
N001_JAERI_TIARA_43MEV_TRANS_000234,N001_JAERI_TIARA_43MEV,external_reference,neutron,JAERI/TIARA experimental concrete,2.31,measured 43-MeV p-7Li source,43.0,,JAERI_43MEV_BC501A_T100_FE000,JAERI_43MEV_PEAK_3.15E9_N_SR_UC,0.0,,40.0,41.0,,100.0,,0.0,lethargy_flux,35.9,n cm-2 lethargy-1 uC-1,1.6155,4.5,BC501A unfolded neutron spectrum,OK,,JAERI-Data/Code 97-020 Tables 10-15,jaeri_tiara_bc501a_transmission_spectra_phase1_verified.csv
N001_JAERI_TIARA_43MEV_TRANS_000235,N001_JAERI_TIARA_43MEV,external_reference,neutron,JAERI/TIARA experimental concrete,2.31,measured 43-MeV p-7Li source,43.0,,JAERI_43MEV_BC501A_T100_FE000,JAERI_43MEV_PEAK_3.15E9_N_SR_UC,0.0,,39.0,40.0,,100.0,,0.0,lethargy_flux,37.3,n cm-2 lethargy-1 uC-1,1.8277,4.9,BC501A unfolded neutron spectrum,OK,,JAERI-Data/Code 97-020 Tables 10-15,jaeri_tiara_bc501a_transmission_spectra_phase1_verified.csv
N001_JAERI_TIARA_43MEV_TRANS_000236,N001_JAERI_TIARA_43MEV,external_reference,neutron,JAERI/TIARA experimental concrete,2.31,measured 43-MeV p-7Li source,43.0,,JAERI_43MEV_BC501A_T100_FE000,JAERI_43MEV_PEAK_3.15E9_N_SR_UC,0.0,,38.0,39.0,,100.0,,0.0,lethargy_flux,31.0,n cm-2 lethargy-1 uC-1,1.829,5.9,BC501A unfolded neutron spectrum,OK,,JAERI-Data/Code 97-020 Tables 10-15,jaeri_tiara_bc501a_transmission_spectra_phase1_verified.csv
N001_JAERI_TIARA_43MEV_TRANS_000237,N001_JAERI_TIARA_43MEV,external_reference,neutron,JAERI/TIARA experimental concrete,2.31,measured 43-MeV p-7Li source,43.0,,JAERI_43MEV_BC501A_T100_FE000,JAERI_43MEV_PEAK_3.15E9_N_SR_UC,0.0,,37.0,38.0,,100.0,,0.0,lethargy_flux,21.3,n cm-2 lethargy-1 uC-1,1.4058,6.6,BC501A unfolded neutron spectrum,OK,,JAERI-Data/Code 97-020 Tables 10-15,jaeri_tiara_bc501a_transmission_spectra_phase1_verified.csv
N001_JAERI_TIARA_43MEV_TRANS_000238,N001_JAERI_TIARA_43MEV,external_reference,neutron,JAERI/TIARA experimental concrete,2.31,measured 43-MeV p-7Li source,43.0,,JAERI_43MEV_BC501A_T100_FE000,JAERI_43MEV_PEAK_3.15E9_N_SR_UC,0.0,,36.0,37.0,,100.0,,0.0,lethargy_flux,13.1,n cm-2 lethargy-1 uC-1,0.7597999999999999,5.8,BC501A unfolded neutron spectrum,OK,,JAERI-Data/Code 97-020 Tables 10-15,jaeri_tiara_bc501a_transmission_spectra_phase1_verified.csv
N001_JAERI_TIARA_43MEV_TRANS_000239,N001_JAERI_TIARA_43MEV,external_reference,neutron,JAERI/TIARA experimental concrete,2.31,measured 43-MeV p-7Li source,43.0,,JAERI_43MEV_BC501A_T100_FE000,JAERI_43MEV_PEAK_3.15E9_N_SR_UC,0.0,,35.0,36.0,,100.0,,0.0,lethargy_flux,8.37,n cm-2 lethargy-1 uC-1,0.4184999999999999,5.0,BC501A unfolded neutron spectrum,OK,,JAERI-Data/Code 97-020 Tables 10-15,jaeri_tiara_bc501a_transmission_spectra_phase1_verified.csv
N001_JAERI_TIARA_43MEV_TRANS_000240,N001_JAERI_TIARA_43MEV,external_reference,neutron,JAERI/TIARA experimental concrete,2.31,measured 43-MeV p-7Li source,43.0,,JAERI_43MEV_BC501A_T100_FE000,JAERI_43MEV_PEAK_3.15E9_N_SR_UC,0.0,,34.0,35.0,,100.0,,0.0,lethargy_flux,6.42,n cm-2 lethargy-1 uC-1,0.47508,7.4,BC501A unfolded neutron spectrum,OK,,JAERI-Data/Code 97-020 Tables 10-15,jaeri_tiara_bc501a_transmission_spectra_phase1_verified.csv
N001_JAERI_TIARA_43MEV_TRANS_000241,N001_JAERI_TIARA_43MEV,external_reference,neutron,JAERI/TIARA experimental concrete,2.31,measured 43-MeV p-7Li source,43.0,,JAERI_43MEV_BC501A_T100_FE000,JAERI_43MEV_PEAK_3.15E9_N_SR_UC,0.0,,33.0,34.0,,100.0,,0.0,lethargy_flux,5.78,n cm-2 lethargy-1 uC-1,0.46240000000000003,8.0,BC501A unfolded neutron spectrum,OK,,JAERI-Data/Code 97-020 Tables 10-15,jaeri_tiara_bc501a_transmission_spectra_phase1_verified.csv
N001_JAERI_TIARA_43MEV_TRANS_000242,N001_JAERI_TIARA_43MEV,external_reference,neutron,JAERI/TIARA experimental concrete,2.31,measured 43-MeV p-7Li source,43.0,,JAERI_43MEV_BC501A_T100_FE000,JAERI_43MEV_PEAK_3.15E9_N_SR_UC,0.0,,32.0,33.0,,100.0,,0.0,lethargy_flux,5.53,n cm-2 lethargy-1 uC-1,0.42028,7.6,BC501A unfolded neutron spectrum,OK,,JAERI-Data/Code 97-020 Tables 10-15,jaeri_tiara_bc501a_transmission_spectra_phase1_verified.csv
N001_JAERI_TIARA_43MEV_TRANS_000243,N001_JAERI_TIARA_43MEV,external_reference,neutron,JAERI/TIARA experimental concrete,2.31,measured 43-MeV p-7Li source,43.0,,JAERI_43MEV_BC501A_T100_FE000,JAERI_43MEV_PEAK_3.15E9_N_SR_UC,0.0,,31.0,32.0,,100.0,,0.0,lethargy_flux,5.31,n cm-2 lethargy-1 uC-1,0.4035599999999999,7.6,BC501A unfolded neutron spectrum,OK,,JAERI-Data/Code 97-020 Tables 10-15,jaeri_tiara_bc501a_transmission_spectra_phase1_verified.csv
N001_JAERI_TIARA_43MEV_TRANS_000244,N001_JAERI_TIARA_43MEV,external_reference,neutron,JAERI/TIARA experimental concrete,2.31,measured 43-MeV p-7Li source,43.0,,JAERI_43MEV_BC501A_T100_FE000,JAERI_43MEV_PEAK_3.15E9_N_SR_UC,0.0,,30.0,31.0,,100.0,,0.0,lethargy_flux,5.06,n cm-2 lethargy-1 uC-1,0.38961999999999997,7.7,BC501A unfolded neutron spectrum,OK,,JAERI-Data/Code 97-020 Tables 10-15,jaeri_tiara_bc501a_transmission_spectra_phase1_verified.csv
N001_JAERI_TIARA_43MEV_TRANS_000245,N001_JAERI_TIARA_43MEV,external_reference,neutron,JAERI/TIARA experimental concrete,2.31,measured 43-MeV p-7Li source,43.0,,JAERI_43MEV_BC501A_T100_FE000,JAERI_43MEV_PEAK_3.15E9_N_SR_UC,0.0,,29.0,30.0,,100.0,,0.0,lethargy_flux,4.8,n cm-2 lethargy-1 uC-1,0.37439999999999996,7.8,BC501A unfolded neutron spectrum,OK,,JAERI-Data/Code 97-020 Tables 10-15,jaeri_tiara_bc501a_transmission_spectra_phase1_verified.csv
N001_JAERI_TIARA_43MEV_TRANS_000246,N001_JAERI_TIARA_43MEV,external_reference,neutron,JAERI/TIARA experimental concrete,2.31,measured 43-MeV p-7Li source,43.0,,JAERI_43MEV_BC501A_T100_FE000,JAERI_43MEV_PEAK_3.15E9_N_SR_UC,0.0,,28.0,29.0,,100.0,,0.0,lethargy_flux,4.54,n cm-2 lethargy-1 uC-1,0.39498,8.7,BC501A unfolded neutron spectrum,OK,,JAERI-Data/Code 97-020 Tables 10-15,jaeri_tiara_bc501a_transmission_spectra_phase1_verified.csv
N001_JAERI_TIARA_43MEV_TRANS_000247,N001_JAERI_TIARA_43MEV,external_reference,neutron,JAERI/TIARA experimental concrete,2.31,measured 43-MeV p-7Li source,43.0,,JAERI_43MEV_BC501A_T100_FE000,JAERI_43MEV_PEAK_3.15E9_N_SR_UC,0.0,,27.0,28.0,,100.0,,0.0,lethargy_flux,4.29,n cm-2 lethargy-1 uC-1,0.4719,11.0,BC501A unfolded neutron spectrum,OK,,JAERI-Data/Code 97-020 Tables 10-15,jaeri_tiara_bc501a_transmission_spectra_phase1_verified.csv
N001_JAERI_TIARA_43MEV_TRANS_000248,N001_JAERI_TIARA_43MEV,external_reference,neutron,JAERI/TIARA experimental concrete,2.31,measured 43-MeV p-7Li source,43.0,,JAERI_43MEV_BC501A_T100_FE000,JAERI_43MEV_PEAK_3.15E9_N_SR_UC,0.0,,26.0,27.0,,100.0,,0.0,lethargy_flux,4.04,n cm-2 lethargy-1 uC-1,0.606,15.0,BC501A unfolded neutron spectrum,OK,,JAERI-Data/Code 97-020 Tables 10-15,jaeri_tiara_bc501a_transmission_spectra_phase1_verified.csv
N001_JAERI_TIARA_43MEV_TRANS_000249,N001_JAERI_TIARA_43MEV,external_reference,neutron,JAERI/TIARA experimental concrete,2.31,measured 43-MeV p-7Li source,43.0,,JAERI_43MEV_BC501A_T100_FE000,JAERI_43MEV_PEAK_3.15E9_N_SR_UC,0.0,,25.0,26.0,,100.0,,0.0,lethargy_flux,3.75,n cm-2 lethargy-1 uC-1,0.74625,19.9,BC501A unfolded neutron spectrum,OK,,JAERI-Data/Code 97-020 Tables 10-15,jaeri_tiara_bc501a_transmission_spectra_phase1_verified.csv
N001_JAERI_TIARA_43MEV_TRANS_000250,N001_JAERI_TIARA_43MEV,external_reference,neutron,JAERI/TIARA experimental concrete,2.31,measured 43-MeV p-7Li source,43.0,,JAERI_43MEV_BC501A_T100_FE000,JAERI_43MEV_PEAK_3.15E9_N_SR_UC,0.0,,24.0,25.0,,100.0,,0.0,lethargy_flux,3.4,n cm-2 lethargy-1 uC-1,0.8058,23.7,BC501A unfolded neutron spectrum,OK,,JAERI-Data/Code 97-020 Tables 10-15,jaeri_tiara_bc501a_transmission_spectra_phase1_verified.csv
N001_JAERI_TIARA_43MEV_TRANS_000251,N001_JAERI_TIARA_43MEV,external_reference,neutron,JAERI/TIARA experimental concrete,2.31,measured 43-MeV p-7Li source,43.0,,JAERI_43MEV_BC501A_T100_FE000,JAERI_43MEV_PEAK_3.15E9_N_SR_UC,0.0,,23.0,24.0,,100.0,,0.0,lethargy_flux,3.03,n cm-2 lethargy-1 uC-1,0.7514399999999999,24.8,BC501A unfolded neutron spectrum,OK,,JAERI-Data/Code 97-020 Tables 10-15,jaeri_tiara_bc501a_transmission_spectra_phase1_verified.csv
N001_JAERI_TIARA_43MEV_TRANS_000252,N001_JAERI_TIARA_43MEV,external_reference,neutron,JAERI/TIARA experimental concrete,2.31,measured 43-MeV p-7Li source,43.0,,JAERI_43MEV_BC501A_T100_FE000,JAERI_43MEV_PEAK_3.15E9_N_SR_UC,0.0,,22.0,23.0,,100.0,,0.0,lethargy_flux,2.68,n cm-2 lethargy-1 uC-1,0.58692,21.9,BC501A unfolded neutron spectrum,OK,,JAERI-Data/Code 97-020 Tables 10-15,jaeri_tiara_bc501a_transmission_spectra_phase1_verified.csv
N001_JAERI_TIARA_43MEV_TRANS_000253,N001_JAERI_TIARA_43MEV,external_reference,neutron,JAERI/TIARA experimental concrete,2.31,measured 43-MeV p-7Li source,43.0,,JAERI_43MEV_BC501A_T100_FE000,JAERI_43MEV_PEAK_3.15E9_N_SR_UC,0.0,,21.0,22.0,,100.0,,0.0,lethargy_flux,2.38,n cm-2 lethargy-1 uC-1,0.34985999999999995,14.7,BC501A unfolded neutron spectrum,OK,,JAERI-Data/Code 97-020 Tables 10-15,jaeri_tiara_bc501a_transmission_spectra_phase1_verified.csv
N001_JAERI_TIARA_43MEV_TRANS_000254,N001_JAERI_TIARA_43MEV,external_reference,neutron,JAERI/TIARA experimental concrete,2.31,measured 43-MeV p-7Li source,43.0,,JAERI_43MEV_BC501A_T100_FE000,JAERI_43MEV_PEAK_3.15E9_N_SR_UC,0.0,,20.0,21.0,,100.0,,0.0,lethargy_flux,2.17,n cm-2 lethargy-1 uC-1,0.12369,5.7,BC501A unfolded neutron spectrum,OK,,JAERI-Data/Code 97-020 Tables 10-15,jaeri_tiara_bc501a_transmission_spectra_phase1_verified.csv
N001_JAERI_TIARA_43MEV_TRANS_000255,N001_JAERI_TIARA_43MEV,external_reference,neutron,JAERI/TIARA experimental concrete,2.31,measured 43-MeV p-7Li source,43.0,,JAERI_43MEV_BC501A_T100_FE000,JAERI_43MEV_PEAK_3.15E9_N_SR_UC,0.0,,19.0,20.0,,100.0,,0.0,lethargy_flux,2.03,n cm-2 lethargy-1 uC-1,0.26187,12.9,BC501A unfolded neutron spectrum,OK,,JAERI-Data/Code 97-020 Tables 10-15,jaeri_tiara_bc501a_transmission_spectra_phase1_verified.csv
N001_JAERI_TIARA_43MEV_TRANS_000256,N001_JAERI_TIARA_43MEV,external_reference,neutron,JAERI/TIARA experimental concrete,2.31,measured 43-MeV p-7Li source,43.0,,JAERI_43MEV_BC501A_T100_FE000,JAERI_43MEV_PEAK_3.15E9_N_SR_UC,0.0,,18.0,19.0,,100.0,,0.0,lethargy_flux,1.93,n cm-2 lethargy-1 uC-1,0.41109,21.3,BC501A unfolded neutron spectrum,OK,,JAERI-Data/Code 97-020 Tables 10-15,jaeri_tiara_bc501a_transmission_spectra_phase1_verified.csv
N001_JAERI_TIARA_43MEV_TRANS_000257,N001_JAERI_TIARA_43MEV,external_reference,neutron,JAERI/TIARA experimental concrete,2.31,measured 43-MeV p-7Li source,43.0,,JAERI_43MEV_BC501A_T100_FE000,JAERI_43MEV_PEAK_3.15E9_N_SR_UC,0.0,,17.0,18.0,,100.0,,0.0,lethargy_flux,1.85,n cm-2 lethargy-1 uC-1,0.3922,21.2,BC501A unfolded neutron spectrum,OK,,JAERI-Data/Code 97-020 Tables 10-15,jaeri_tiara_bc501a_transmission_spectra_phase1_verified.csv
N001_JAERI_TIARA_43MEV_TRANS_000258,N001_JAERI_TIARA_43MEV,external_reference,neutron,JAERI/TIARA experimental concrete,2.31,measured 43-MeV p-7Li source,43.0,,JAERI_43MEV_BC501A_T100_FE000,JAERI_43MEV_PEAK_3.15E9_N_SR_UC,0.0,,16.0,17.0,,100.0,,0.0,lethargy_flux,1.75,n cm-2 lethargy-1 uC-1,0.2205,12.6,BC501A unfolded neutron spectrum,OK,,JAERI-Data/Code 97-020 Tables 10-15,jaeri_tiara_bc501a_transmission_spectra_phase1_verified.csv
N001_JAERI_TIARA_43MEV_TRANS_000259,N001_JAERI_TIARA_43MEV,external_reference,neutron,JAERI/TIARA experimental concrete,2.31,measured 43-MeV p-7Li source,43.0,,JAERI_43MEV_BC501A_T100_FE000,JAERI_43MEV_PEAK_3.15E9_N_SR_UC,0.0,,15.0,16.0,,100.0,,0.0,lethargy_flux,1.65,n cm-2 lethargy-1 uC-1,0.09405,5.7,BC501A unfolded neutron spectrum,OK,,JAERI-Data/Code 97-020 Tables 10-15,jaeri_tiara_bc501a_transmission_spectra_phase1_verified.csv
N001_JAERI_TIARA_43MEV_TRANS_000260,N001_JAERI_TIARA_43MEV,external_reference,neutron,JAERI/TIARA experimental concrete,2.31,measured 43-MeV p-7Li source,43.0,,JAERI_43MEV_BC501A_T100_FE000,JAERI_43MEV_PEAK_3.15E9_N_SR_UC,0.0,,14.0,15.0,,100.0,,0.0,lethargy_flux,1.55,n cm-2 lethargy-1 uC-1,0.1116,7.2,BC501A unfolded neutron spectrum,OK,,JAERI-Data/Code 97-020 Tables 10-15,jaeri_tiara_bc501a_transmission_spectra_phase1_verified.csv
N001_JAERI_TIARA_43MEV_TRANS_000261,N001_JAERI_TIARA_43MEV,external_reference,neutron,JAERI/TIARA experimental concrete,2.31,measured 43-MeV p-7Li source,43.0,,JAERI_43MEV_BC501A_T100_FE000,JAERI_43MEV_PEAK_3.15E9_N_SR_UC,0.0,,13.0,14.0,,100.0,,0.0,lethargy_flux,1.46,n cm-2 lethargy-1 uC-1,0.07446,5.1,BC501A unfolded neutron spectrum,OK,,JAERI-Data/Code 97-020 Tables 10-15,jaeri_tiara_bc501a_transmission_spectra_phase1_verified.csv
N001_JAERI_TIARA_43MEV_TRANS_000262,N001_JAERI_TIARA_43MEV,external_reference,neutron,JAERI/TIARA experimental concrete,2.31,measured 43-MeV p-7Li source,43.0,,JAERI_43MEV_BC501A_T100_FE000,JAERI_43MEV_PEAK_3.15E9_N_SR_UC,0.0,,12.0,13.0,,100.0,,0.0,lethargy_flux,1.39,n cm-2 lethargy-1 uC-1,0.18486999999999998,13.3,BC501A unfolded neutron spectrum,OK,,JAERI-Data/Code 97-020 Tables 10-15,jaeri_tiara_bc501a_transmission_spectra_phase1_verified.csv
N001_JAERI_TIARA_43MEV_TRANS_000263,N001_JAERI_TIARA_43MEV,external_reference,neutron,JAERI/TIARA experimental concrete,2.31,measured 43-MeV p-7Li source,43.0,,JAERI_43MEV_BC501A_T100_FE000,JAERI_43MEV_PEAK_3.15E9_N_SR_UC,0.0,,11.0,12.0,,100.0,,0.0,lethargy_flux,1.33,n cm-2 lethargy-1 uC-1,0.26866,20.2,BC501A unfolded neutron spectrum,OK,,JAERI-Data/Code 97-020 Tables 10-15,jaeri_tiara_bc501a_transmission_spectra_phase1_verified.csv
N001_JAERI_TIARA_43MEV_TRANS_000264,N001_JAERI_TIARA_43MEV,external_reference,neutron,JAERI/TIARA experimental concrete,2.31,measured 43-MeV p-7Li source,43.0,,JAERI_43MEV_BC501A_T100_FE000,JAERI_43MEV_PEAK_3.15E9_N_SR_UC,0.0,,10.0,11.0,,100.0,,0.0,lethargy_flux,1.3,n cm-2 lethargy-1 uC-1,0.2652,20.4,BC501A unfolded neutron spectrum,OK,,JAERI-Data/Code 97-020 Tables 10-15,jaeri_tiara_bc501a_transmission_spectra_phase1_verified.csv
N001_JAERI_TIARA_43MEV_TRANS_000265,N001_JAERI_TIARA_43MEV,external_reference,neutron,JAERI/TIARA experimental concrete,2.31,measured 43-MeV p-7Li source,43.0,,JAERI_43MEV_BC501A_T100_FE000,JAERI_43MEV_PEAK_3.15E9_N_SR_UC,0.0,,9.0,10.0,,100.0,,0.0,lethargy_flux,1.31,n cm-2 lethargy-1 uC-1,0.21222000000000002,16.2,BC501A unfolded neutron spectrum,OK,,JAERI-Data/Code 97-020 Tables 10-15,jaeri_tiara_bc501a_transmission_spectra_phase1_verified.csv
N001_JAERI_TIARA_43MEV_TRANS_000266,N001_JAERI_TIARA_43MEV,external_reference,neutron,JAERI/TIARA experimental concrete,2.31,measured 43-MeV p-7Li source,43.0,,JAERI_43MEV_BC501A_T100_FE000,JAERI_43MEV_PEAK_3.15E9_N_SR_UC,0.0,,8.0,9.0,,100.0,,0.0,lethargy_flux,1.38,n cm-2 lethargy-1 uC-1,0.11315999999999998,8.2,BC501A unfolded neutron spectrum,OK,,JAERI-Data/Code 97-020 Tables 10-15,jaeri_tiara_bc501a_transmission_spectra_phase1_verified.csv
N001_JAERI_TIARA_43MEV_TRANS_000267,N001_JAERI_TIARA_43MEV,external_reference,neutron,JAERI/TIARA experimental concrete,2.31,measured 43-MeV p-7Li source,43.0,,JAERI_43MEV_BC501A_T100_FE000,JAERI_43MEV_PEAK_3.15E9_N_SR_UC,0.0,,7.0,8.0,,100.0,,0.0,lethargy_flux,1.44,n cm-2 lethargy-1 uC-1,0.16416,11.4,BC501A unfolded neutron spectrum,OK,,JAERI-Data/Code 97-020 Tables 10-15,jaeri_tiara_bc501a_transmission_spectra_phase1_verified.csv
N001_JAERI_TIARA_43MEV_TRANS_000268,N001_JAERI_TIARA_43MEV,external_reference,neutron,JAERI/TIARA experimental concrete,2.31,measured 43-MeV p-7Li source,43.0,,JAERI_43MEV_BC501A_T100_FE000,JAERI_43MEV_PEAK_3.15E9_N_SR_UC,0.0,,6.0,7.0,,100.0,,0.0,lethargy_flux,1.52,n cm-2 lethargy-1 uC-1,0.34503999999999996,22.7,BC501A unfolded neutron spectrum,OK,,JAERI-Data/Code 97-020 Tables 10-15,jaeri_tiara_bc501a_transmission_spectra_phase1_verified.csv
N001_JAERI_TIARA_43MEV_TRANS_000269,N001_JAERI_TIARA_43MEV,external_reference,neutron,JAERI/TIARA experimental concrete,2.31,measured 43-MeV p-7Li source,43.0,,JAERI_43MEV_BC501A_T100_FE000,JAERI_43MEV_PEAK_3.15E9_N_SR_UC,0.0,,5.0,6.0,,100.0,,0.0,lethargy_flux,1.66,n cm-2 lethargy-1 uC-1,0.27058,16.3,BC501A unfolded neutron spectrum,OK,,JAERI-Data/Code 97-020 Tables 10-15,jaeri_tiara_bc501a_transmission_spectra_phase1_verified.csv
N001_JAERI_TIARA_43MEV_TRANS_000270,N001_JAERI_TIARA_43MEV,external_reference,neutron,JAERI/TIARA experimental concrete,2.31,measured 43-MeV p-7Li source,43.0,,JAERI_43MEV_BC501A_T100_FE000,JAERI_43MEV_PEAK_3.15E9_N_SR_UC,0.0,,4.0,5.0,,100.0,,0.0,lethargy_flux,1.57,n cm-2 lethargy-1 uC-1,0.43175,27.5,BC501A unfolded neutron spectrum,OK,,JAERI-Data/Code 97-020 Tables 10-15,jaeri_tiara_bc501a_transmission_spectra_phase1_verified.csv
N001_JAERI_TIARA_43MEV_TRANS_000271,N001_JAERI_TIARA_43MEV,external_reference,neutron,JAERI/TIARA experimental concrete,2.31,measured 43-MeV p-7Li source,43.0,,JAERI_43MEV_BC501A_T150_FE000,JAERI_43MEV_PEAK_3.15E9_N_SR_UC,0.0,,43.0,44.0,,150.0,,0.0,lethargy_flux,0.203,n cm-2 lethargy-1 uC-1,0.023751,11.7,BC501A unfolded neutron spectrum,OK,,JAERI-Data/Code 97-020 Tables 10-15,jaeri_tiara_bc501a_transmission_spectra_phase1_verified.csv
N001_JAERI_TIARA_43MEV_TRANS_000272,N001_JAERI_TIARA_43MEV,external_reference,neutron,JAERI/TIARA experimental concrete,2.31,measured 43-MeV p-7Li source,43.0,,JAERI_43MEV_BC501A_T150_FE000,JAERI_43MEV_PEAK_3.15E9_N_SR_UC,0.0,,42.0,43.0,,150.0,,0.0,lethargy_flux,0.391,n cm-2 lethargy-1 uC-1,0.034408,8.8,BC501A unfolded neutron spectrum,OK,,JAERI-Data/Code 97-020 Tables 10-15,jaeri_tiara_bc501a_transmission_spectra_phase1_verified.csv
N001_JAERI_TIARA_43MEV_TRANS_000273,N001_JAERI_TIARA_43MEV,external_reference,neutron,JAERI/TIARA experimental concrete,2.31,measured 43-MeV p-7Li source,43.0,,JAERI_43MEV_BC501A_T150_FE000,JAERI_43MEV_PEAK_3.15E9_N_SR_UC,0.0,,41.0,42.0,,150.0,,0.0,lethargy_flux,0.625,n cm-2 lethargy-1 uC-1,0.045,7.2,BC501A unfolded neutron spectrum,OK,,JAERI-Data/Code 97-020 Tables 10-15,jaeri_tiara_bc501a_transmission_spectra_phase1_verified.csv
N001_JAERI_TIARA_43MEV_TRANS_000274,N001_JAERI_TIARA_43MEV,external_reference,neutron,JAERI/TIARA experimental concrete,2.31,measured 43-MeV p-7Li source,43.0,,JAERI_43MEV_BC501A_T150_FE000,JAERI_43MEV_PEAK_3.15E9_N_SR_UC,0.0,,40.0,41.0,,150.0,,0.0,lethargy_flux,0.816,n cm-2 lethargy-1 uC-1,0.047327999999999995,5.8,BC501A unfolded neutron spectrum,OK,,JAERI-Data/Code 97-020 Tables 10-15,jaeri_tiara_bc501a_transmission_spectra_phase1_verified.csv
N001_JAERI_TIARA_43MEV_TRANS_000275,N001_JAERI_TIARA_43MEV,external_reference,neutron,JAERI/TIARA experimental concrete,2.31,measured 43-MeV p-7Li source,43.0,,JAERI_43MEV_BC501A_T150_FE000,JAERI_43MEV_PEAK_3.15E9_N_SR_UC,0.0,,39.0,40.0,,150.0,,0.0,lethargy_flux,0.865,n cm-2 lethargy-1 uC-1,0.042385,4.9,BC501A unfolded neutron spectrum,OK,,JAERI-Data/Code 97-020 Tables 10-15,jaeri_tiara_bc501a_transmission_spectra_phase1_verified.csv
N001_JAERI_TIARA_43MEV_TRANS_000276,N001_JAERI_TIARA_43MEV,external_reference,neutron,JAERI/TIARA experimental concrete,2.31,measured 43-MeV p-7Li source,43.0,,JAERI_43MEV_BC501A_T150_FE000,JAERI_43MEV_PEAK_3.15E9_N_SR_UC,0.0,,38.0,39.0,,150.0,,0.0,lethargy_flux,0.747,n cm-2 lethargy-1 uC-1,0.06125399999999999,8.2,BC501A unfolded neutron spectrum,OK,,JAERI-Data/Code 97-020 Tables 10-15,jaeri_tiara_bc501a_transmission_spectra_phase1_verified.csv
N001_JAERI_TIARA_43MEV_TRANS_000277,N001_JAERI_TIARA_43MEV,external_reference,neutron,JAERI/TIARA experimental concrete,2.31,measured 43-MeV p-7Li source,43.0,,JAERI_43MEV_BC501A_T150_FE000,JAERI_43MEV_PEAK_3.15E9_N_SR_UC,0.0,,37.0,38.0,,150.0,,0.0,lethargy_flux,0.54,n cm-2 lethargy-1 uC-1,0.08424,15.6,BC501A unfolded neutron spectrum,OK,,JAERI-Data/Code 97-020 Tables 10-15,jaeri_tiara_bc501a_transmission_spectra_phase1_verified.csv
N001_JAERI_TIARA_43MEV_TRANS_000278,N001_JAERI_TIARA_43MEV,external_reference,neutron,JAERI/TIARA experimental concrete,2.31,measured 43-MeV p-7Li source,43.0,,JAERI_43MEV_BC501A_T150_FE000,JAERI_43MEV_PEAK_3.15E9_N_SR_UC,0.0,,36.0,37.0,,150.0,,0.0,lethargy_flux,0.357,n cm-2 lethargy-1 uC-1,0.075684,21.2,BC501A unfolded neutron spectrum,OK,,JAERI-Data/Code 97-020 Tables 10-15,jaeri_tiara_bc501a_transmission_spectra_phase1_verified.csv
N001_JAERI_TIARA_43MEV_TRANS_000279,N001_JAERI_TIARA_43MEV,external_reference,neutron,JAERI/TIARA experimental concrete,2.31,measured 43-MeV p-7Li source,43.0,,JAERI_43MEV_BC501A_T150_FE000,JAERI_43MEV_PEAK_3.15E9_N_SR_UC,0.0,,35.0,36.0,,150.0,,0.0,lethargy_flux,0.251,n cm-2 lethargy-1 uC-1,0.039407,15.7,BC501A unfolded neutron spectrum,OK,,JAERI-Data/Code 97-020 Tables 10-15,jaeri_tiara_bc501a_transmission_spectra_phase1_verified.csv
N001_JAERI_TIARA_43MEV_TRANS_000280,N001_JAERI_TIARA_43MEV,external_reference,neutron,JAERI/TIARA experimental concrete,2.31,measured 43-MeV p-7Li source,43.0,,JAERI_43MEV_BC501A_T150_FE000,JAERI_43MEV_PEAK_3.15E9_N_SR_UC,0.0,,34.0,35.0,,150.0,,0.0,lethargy_flux,0.211,n cm-2 lethargy-1 uC-1,0.014769999999999998,7.0,BC501A unfolded neutron spectrum,OK,,JAERI-Data/Code 97-020 Tables 10-15,jaeri_tiara_bc501a_transmission_spectra_phase1_verified.csv
N001_JAERI_TIARA_43MEV_TRANS_000281,N001_JAERI_TIARA_43MEV,external_reference,neutron,JAERI/TIARA experimental concrete,2.31,measured 43-MeV p-7Li source,43.0,,JAERI_43MEV_BC501A_T150_FE000,JAERI_43MEV_PEAK_3.15E9_N_SR_UC,0.0,,33.0,34.0,,150.0,,0.0,lethargy_flux,0.2,n cm-2 lethargy-1 uC-1,0.0274,13.7,BC501A unfolded neutron spectrum,OK,,JAERI-Data/Code 97-020 Tables 10-15,jaeri_tiara_bc501a_transmission_spectra_phase1_verified.csv
N001_JAERI_TIARA_43MEV_TRANS_000282,N001_JAERI_TIARA_43MEV,external_reference,neutron,JAERI/TIARA experimental concrete,2.31,measured 43-MeV p-7Li source,43.0,,JAERI_43MEV_BC501A_T150_FE000,JAERI_43MEV_PEAK_3.15E9_N_SR_UC,0.0,,32.0,33.0,,150.0,,0.0,lethargy_flux,0.193,n cm-2 lethargy-1 uC-1,0.031459,16.3,BC501A unfolded neutron spectrum,OK,,JAERI-Data/Code 97-020 Tables 10-15,jaeri_tiara_bc501a_transmission_spectra_phase1_verified.csv
N001_JAERI_TIARA_43MEV_TRANS_000283,N001_JAERI_TIARA_43MEV,external_reference,neutron,JAERI/TIARA experimental concrete,2.31,measured 43-MeV p-7Li source,43.0,,JAERI_43MEV_BC501A_T150_FE000,JAERI_43MEV_PEAK_3.15E9_N_SR_UC,0.0,,31.0,32.0,,150.0,,0.0,lethargy_flux,0.185,n cm-2 lethargy-1 uC-1,0.02886,15.6,BC501A unfolded neutron spectrum,OK,,JAERI-Data/Code 97-020 Tables 10-15,jaeri_tiara_bc501a_transmission_spectra_phase1_verified.csv
N001_JAERI_TIARA_43MEV_TRANS_000284,N001_JAERI_TIARA_43MEV,external_reference,neutron,JAERI/TIARA experimental concrete,2.31,measured 43-MeV p-7Li source,43.0,,JAERI_43MEV_BC501A_T150_FE000,JAERI_43MEV_PEAK_3.15E9_N_SR_UC,0.0,,30.0,31.0,,150.0,,0.0,lethargy_flux,0.174,n cm-2 lethargy-1 uC-1,0.025056,14.4,BC501A unfolded neutron spectrum,OK,,JAERI-Data/Code 97-020 Tables 10-15,jaeri_tiara_bc501a_transmission_spectra_phase1_verified.csv
N001_JAERI_TIARA_43MEV_TRANS_000285,N001_JAERI_TIARA_43MEV,external_reference,neutron,JAERI/TIARA experimental concrete,2.31,measured 43-MeV p-7Li source,43.0,,JAERI_43MEV_BC501A_T150_FE000,JAERI_43MEV_PEAK_3.15E9_N_SR_UC,0.0,,29.0,30.0,,150.0,,0.0,lethargy_flux,0.163,n cm-2 lethargy-1 uC-1,0.022494,13.8,BC501A unfolded neutron spectrum,OK,,JAERI-Data/Code 97-020 Tables 10-15,jaeri_tiara_bc501a_transmission_spectra_phase1_verified.csv
N001_JAERI_TIARA_43MEV_TRANS_000286,N001_JAERI_TIARA_43MEV,external_reference,neutron,JAERI/TIARA experimental concrete,2.31,measured 43-MeV p-7Li source,43.0,,JAERI_43MEV_BC501A_T150_FE000,JAERI_43MEV_PEAK_3.15E9_N_SR_UC,0.0,,28.0,29.0,,150.0,,0.0,lethargy_flux,0.153,n cm-2 lethargy-1 uC-1,0.022338,14.6,BC501A unfolded neutron spectrum,OK,,JAERI-Data/Code 97-020 Tables 10-15,jaeri_tiara_bc501a_transmission_spectra_phase1_verified.csv
N001_JAERI_TIARA_43MEV_TRANS_000287,N001_JAERI_TIARA_43MEV,external_reference,neutron,JAERI/TIARA experimental concrete,2.31,measured 43-MeV p-7Li source,43.0,,JAERI_43MEV_BC501A_T150_FE000,JAERI_43MEV_PEAK_3.15E9_N_SR_UC,0.0,,27.0,28.0,,150.0,,0.0,lethargy_flux,0.146,n cm-2 lethargy-1 uC-1,0.024089999999999997,16.5,BC501A unfolded neutron spectrum,OK,,JAERI-Data/Code 97-020 Tables 10-15,jaeri_tiara_bc501a_transmission_spectra_phase1_verified.csv
N001_JAERI_TIARA_43MEV_TRANS_000288,N001_JAERI_TIARA_43MEV,external_reference,neutron,JAERI/TIARA experimental concrete,2.31,measured 43-MeV p-7Li source,43.0,,JAERI_43MEV_BC501A_T150_FE000,JAERI_43MEV_PEAK_3.15E9_N_SR_UC,0.0,,26.0,27.0,,150.0,,0.0,lethargy_flux,0.141,n cm-2 lethargy-1 uC-1,0.026789999999999998,19.0,BC501A unfolded neutron spectrum,OK,,JAERI-Data/Code 97-020 Tables 10-15,jaeri_tiara_bc501a_transmission_spectra_phase1_verified.csv
N001_JAERI_TIARA_43MEV_TRANS_000289,N001_JAERI_TIARA_43MEV,external_reference,neutron,JAERI/TIARA experimental concrete,2.31,measured 43-MeV p-7Li source,43.0,,JAERI_43MEV_BC501A_T150_FE000,JAERI_43MEV_PEAK_3.15E9_N_SR_UC,0.0,,25.0,26.0,,150.0,,0.0,lethargy_flux,0.136,n cm-2 lethargy-1 uC-1,0.028968000000000004,21.3,BC501A unfolded neutron spectrum,OK,,JAERI-Data/Code 97-020 Tables 10-15,jaeri_tiara_bc501a_transmission_spectra_phase1_verified.csv
N001_JAERI_TIARA_43MEV_TRANS_000290,N001_JAERI_TIARA_43MEV,external_reference,neutron,JAERI/TIARA experimental concrete,2.31,measured 43-MeV p-7Li source,43.0,,JAERI_43MEV_BC501A_T150_FE000,JAERI_43MEV_PEAK_3.15E9_N_SR_UC,0.0,,24.0,25.0,,150.0,,0.0,lethargy_flux,0.129,n cm-2 lethargy-1 uC-1,0.029154000000000003,22.6,BC501A unfolded neutron spectrum,OK,,JAERI-Data/Code 97-020 Tables 10-15,jaeri_tiara_bc501a_transmission_spectra_phase1_verified.csv
N001_JAERI_TIARA_43MEV_TRANS_000291,N001_JAERI_TIARA_43MEV,external_reference,neutron,JAERI/TIARA experimental concrete,2.31,measured 43-MeV p-7Li source,43.0,,JAERI_43MEV_BC501A_T150_FE000,JAERI_43MEV_PEAK_3.15E9_N_SR_UC,0.0,,23.0,24.0,,150.0,,0.0,lethargy_flux,0.118,n cm-2 lethargy-1 uC-1,0.026195999999999997,22.2,BC501A unfolded neutron spectrum,OK,,JAERI-Data/Code 97-020 Tables 10-15,jaeri_tiara_bc501a_transmission_spectra_phase1_verified.csv
N001_JAERI_TIARA_43MEV_TRANS_000292,N001_JAERI_TIARA_43MEV,external_reference,neutron,JAERI/TIARA experimental concrete,2.31,measured 43-MeV p-7Li source,43.0,,JAERI_43MEV_BC501A_T150_FE000,JAERI_43MEV_PEAK_3.15E9_N_SR_UC,0.0,,22.0,23.0,,150.0,,0.0,lethargy_flux,0.105,n cm-2 lethargy-1 uC-1,0.02037,19.4,BC501A unfolded neutron spectrum,OK,,JAERI-Data/Code 97-020 Tables 10-15,jaeri_tiara_bc501a_transmission_spectra_phase1_verified.csv
N001_JAERI_TIARA_43MEV_TRANS_000293,N001_JAERI_TIARA_43MEV,external_reference,neutron,JAERI/TIARA experimental concrete,2.31,measured 43-MeV p-7Li source,43.0,,JAERI_43MEV_BC501A_T150_FE000,JAERI_43MEV_PEAK_3.15E9_N_SR_UC,0.0,,21.0,22.0,,150.0,,0.0,lethargy_flux,0.0881,n cm-2 lethargy-1 uC-1,0.0120697,13.7,BC501A unfolded neutron spectrum,OK,,JAERI-Data/Code 97-020 Tables 10-15,jaeri_tiara_bc501a_transmission_spectra_phase1_verified.csv
N001_JAERI_TIARA_43MEV_TRANS_000294,N001_JAERI_TIARA_43MEV,external_reference,neutron,JAERI/TIARA experimental concrete,2.31,measured 43-MeV p-7Li source,43.0,,JAERI_43MEV_BC501A_T150_FE000,JAERI_43MEV_PEAK_3.15E9_N_SR_UC,0.0,,20.0,21.0,,150.0,,0.0,lethargy_flux,0.0713,n cm-2 lethargy-1 uC-1,0.0047058,6.6,BC501A unfolded neutron spectrum,OK,,JAERI-Data/Code 97-020 Tables 10-15,jaeri_tiara_bc501a_transmission_spectra_phase1_verified.csv
N001_JAERI_TIARA_43MEV_TRANS_000295,N001_JAERI_TIARA_43MEV,external_reference,neutron,JAERI/TIARA experimental concrete,2.31,measured 43-MeV p-7Li source,43.0,,JAERI_43MEV_BC501A_T150_FE000,JAERI_43MEV_PEAK_3.15E9_N_SR_UC,0.0,,19.0,20.0,,150.0,,0.0,lethargy_flux,0.0571,n cm-2 lethargy-1 uC-1,0.0073088,12.8,BC501A unfolded neutron spectrum,OK,,JAERI-Data/Code 97-020 Tables 10-15,jaeri_tiara_bc501a_transmission_spectra_phase1_verified.csv
N001_JAERI_TIARA_43MEV_TRANS_000296,N001_JAERI_TIARA_43MEV,external_reference,neutron,JAERI/TIARA experimental concrete,2.31,measured 43-MeV p-7Li source,43.0,,JAERI_43MEV_BC501A_T150_FE000,JAERI_43MEV_PEAK_3.15E9_N_SR_UC,0.0,,18.0,19.0,,150.0,,0.0,lethargy_flux,0.0481,n cm-2 lethargy-1 uC-1,0.0107744,22.4,BC501A unfolded neutron spectrum,OK,,JAERI-Data/Code 97-020 Tables 10-15,jaeri_tiara_bc501a_transmission_spectra_phase1_verified.csv
N001_JAERI_TIARA_43MEV_TRANS_000297,N001_JAERI_TIARA_43MEV,external_reference,neutron,JAERI/TIARA experimental concrete,2.31,measured 43-MeV p-7Li source,43.0,,JAERI_43MEV_BC501A_T150_FE000,JAERI_43MEV_PEAK_3.15E9_N_SR_UC,0.0,,17.0,18.0,,150.0,,0.0,lethargy_flux,0.0453,n cm-2 lethargy-1 uC-1,0.010147199999999999,22.4,BC501A unfolded neutron spectrum,OK,,JAERI-Data/Code 97-020 Tables 10-15,jaeri_tiara_bc501a_transmission_spectra_phase1_verified.csv
N001_JAERI_TIARA_43MEV_TRANS_000298,N001_JAERI_TIARA_43MEV,external_reference,neutron,JAERI/TIARA experimental concrete,2.31,measured 43-MeV p-7Li source,43.0,,JAERI_43MEV_BC501A_T150_FE000,JAERI_43MEV_PEAK_3.15E9_N_SR_UC,0.0,,16.0,17.0,,150.0,,0.0,lethargy_flux,0.0467,n cm-2 lethargy-1 uC-1,0.0068182,14.6,BC501A unfolded neutron spectrum,OK,,JAERI-Data/Code 97-020 Tables 10-15,jaeri_tiara_bc501a_transmission_spectra_phase1_verified.csv
N001_JAERI_TIARA_43MEV_TRANS_000299,N001_JAERI_TIARA_43MEV,external_reference,neutron,JAERI/TIARA experimental concrete,2.31,measured 43-MeV p-7Li source,43.0,,JAERI_43MEV_BC501A_T150_FE000,JAERI_43MEV_PEAK_3.15E9_N_SR_UC,0.0,,15.0,16.0,,150.0,,0.0,lethargy_flux,0.0487,n cm-2 lethargy-1 uC-1,0.003993399999999999,8.2,BC501A unfolded neutron spectrum,OK,,JAERI-Data/Code 97-020 Tables 10-15,jaeri_tiara_bc501a_transmission_spectra_phase1_verified.csv
N001_JAERI_TIARA_43MEV_TRANS_000300,N001_JAERI_TIARA_43MEV,external_reference,neutron,JAERI/TIARA experimental concrete,2.31,measured 43-MeV p-7Li source,43.0,,JAERI_43MEV_BC501A_T150_FE000,JAERI_43MEV_PEAK_3.15E9_N_SR_UC,0.0,,14.0,15.0,,150.0,,0.0,lethargy_flux,0.0483,n cm-2 lethargy-1 uC-1,0.0032361,6.7,BC501A unfolded neutron spectrum,OK,,JAERI-Data/Code 97-020 Tables 10-15,jaeri_tiara_bc501a_transmission_spectra_phase1_verified.csv
N001_JAERI_TIARA_43MEV_TRANS_000301,N001_JAERI_TIARA_43MEV,external_reference,neutron,JAERI/TIARA experimental concrete,2.31,measured 43-MeV p-7Li source,43.0,,JAERI_43MEV_BC501A_T150_FE000,JAERI_43MEV_PEAK_3.15E9_N_SR_UC,0.0,,13.0,14.0,,150.0,,0.0,lethargy_flux,0.045,n cm-2 lethargy-1 uC-1,0.00441,9.8,BC501A unfolded neutron spectrum,OK,,JAERI-Data/Code 97-020 Tables 10-15,jaeri_tiara_bc501a_transmission_spectra_phase1_verified.csv
N001_JAERI_TIARA_43MEV_TRANS_000302,N001_JAERI_TIARA_43MEV,external_reference,neutron,JAERI/TIARA experimental concrete,2.31,measured 43-MeV p-7Li source,43.0,,JAERI_43MEV_BC501A_T150_FE000,JAERI_43MEV_PEAK_3.15E9_N_SR_UC,0.0,,12.0,13.0,,150.0,,0.0,lethargy_flux,0.0406,n cm-2 lethargy-1 uC-1,0.0073079999999999985,18.0,BC501A unfolded neutron spectrum,OK,,JAERI-Data/Code 97-020 Tables 10-15,jaeri_tiara_bc501a_transmission_spectra_phase1_verified.csv
N001_JAERI_TIARA_43MEV_TRANS_000303,N001_JAERI_TIARA_43MEV,external_reference,neutron,JAERI/TIARA experimental concrete,2.31,measured 43-MeV p-7Li source,43.0,,JAERI_43MEV_BC501A_T150_FE000,JAERI_43MEV_PEAK_3.15E9_N_SR_UC,0.0,,11.0,12.0,,150.0,,0.0,lethargy_flux,0.0371,n cm-2 lethargy-1 uC-1,0.0094605,25.5,BC501A unfolded neutron spectrum,OK,,JAERI-Data/Code 97-020 Tables 10-15,jaeri_tiara_bc501a_transmission_spectra_phase1_verified.csv
N001_JAERI_TIARA_43MEV_TRANS_000304,N001_JAERI_TIARA_43MEV,external_reference,neutron,JAERI/TIARA experimental concrete,2.31,measured 43-MeV p-7Li source,43.0,,JAERI_43MEV_BC501A_T150_FE000,JAERI_43MEV_PEAK_3.15E9_N_SR_UC,0.0,,10.0,11.0,,150.0,,0.0,lethargy_flux,0.0359,n cm-2 lethargy-1 uC-1,0.0097289,27.1,BC501A unfolded neutron spectrum,OK,,JAERI-Data/Code 97-020 Tables 10-15,jaeri_tiara_bc501a_transmission_spectra_phase1_verified.csv
N001_JAERI_TIARA_43MEV_TRANS_000305,N001_JAERI_TIARA_43MEV,external_reference,neutron,JAERI/TIARA experimental concrete,2.31,measured 43-MeV p-7Li source,43.0,,JAERI_43MEV_BC501A_T150_FE000,JAERI_43MEV_PEAK_3.15E9_N_SR_UC,0.0,,9.0,10.0,,150.0,,0.0,lethargy_flux,0.0378,n cm-2 lethargy-1 uC-1,0.007711199999999999,20.4,BC501A unfolded neutron spectrum,OK,,JAERI-Data/Code 97-020 Tables 10-15,jaeri_tiara_bc501a_transmission_spectra_phase1_verified.csv
N001_JAERI_TIARA_43MEV_TRANS_000306,N001_JAERI_TIARA_43MEV,external_reference,neutron,JAERI/TIARA experimental concrete,2.31,measured 43-MeV p-7Li source,43.0,,JAERI_43MEV_BC501A_T150_FE000,JAERI_43MEV_PEAK_3.15E9_N_SR_UC,0.0,,8.0,9.0,,150.0,,0.0,lethargy_flux,0.0451,n cm-2 lethargy-1 uC-1,0.0023452,5.2,BC501A unfolded neutron spectrum,OK,,JAERI-Data/Code 97-020 Tables 10-15,jaeri_tiara_bc501a_transmission_spectra_phase1_verified.csv
N001_JAERI_TIARA_43MEV_TRANS_000307,N001_JAERI_TIARA_43MEV,external_reference,neutron,JAERI/TIARA experimental concrete,2.31,measured 43-MeV p-7Li source,43.0,,JAERI_43MEV_BC501A_T150_FE000,JAERI_43MEV_PEAK_3.15E9_N_SR_UC,0.0,,7.0,8.0,,150.0,,0.0,lethargy_flux,0.0583,n cm-2 lethargy-1 uC-1,0.0132924,22.8,BC501A unfolded neutron spectrum,OK,,JAERI-Data/Code 97-020 Tables 10-15,jaeri_tiara_bc501a_transmission_spectra_phase1_verified.csv
N001_JAERI_TIARA_43MEV_TRANS_000308,N001_JAERI_TIARA_43MEV,external_reference,neutron,JAERI/TIARA experimental concrete,2.31,measured 43-MeV p-7Li source,43.0,,JAERI_43MEV_BC501A_T150_FE000,JAERI_43MEV_PEAK_3.15E9_N_SR_UC,0.0,,6.0,7.0,,150.0,,0.0,lethargy_flux,0.0687,n cm-2 lethargy-1 uC-1,0.0289914,42.2,BC501A unfolded neutron spectrum,OK,,JAERI-Data/Code 97-020 Tables 10-15,jaeri_tiara_bc501a_transmission_spectra_phase1_verified.csv
N001_JAERI_TIARA_43MEV_TRANS_000309,N001_JAERI_TIARA_43MEV,external_reference,neutron,JAERI/TIARA experimental concrete,2.31,measured 43-MeV p-7Li source,43.0,,JAERI_43MEV_BC501A_T150_FE000,JAERI_43MEV_PEAK_3.15E9_N_SR_UC,0.0,,5.0,6.0,,150.0,,0.0,lethargy_flux,0.0631,n cm-2 lethargy-1 uC-1,0.034641899999999996,54.9,BC501A unfolded neutron spectrum,OK,,JAERI-Data/Code 97-020 Tables 10-15,jaeri_tiara_bc501a_transmission_spectra_phase1_verified.csv
N002_JAERI_TIARA_68MEV_TRANS_000310,N002_JAERI_TIARA_68MEV,external_reference,neutron,JAERI/TIARA experimental concrete,2.31,measured 68-MeV p-7Li source,68.0,,JAERI_68MEV_BC501A_T025_FE080,JAERI_68MEV_PEAK_4.77E9_N_SR_UC,80.0,,68.0,70.0,,25.0,,0.0,lethargy_flux,16000.0,n cm-2 lethargy-1 uC-1,768.0,4.8,BC501A unfolded neutron spectrum,OK,,JAERI-Data/Code 97-020 Tables 10-15,jaeri_tiara_bc501a_transmission_spectra_phase1_verified.csv
N002_JAERI_TIARA_68MEV_TRANS_000311,N002_JAERI_TIARA_68MEV,external_reference,neutron,JAERI/TIARA experimental concrete,2.31,measured 68-MeV p-7Li source,68.0,,JAERI_68MEV_BC501A_T025_FE080,JAERI_68MEV_PEAK_4.77E9_N_SR_UC,80.0,,66.0,68.0,,25.0,,0.0,lethargy_flux,32400.0,n cm-2 lethargy-1 uC-1,1522.8,4.7,BC501A unfolded neutron spectrum,OK,,JAERI-Data/Code 97-020 Tables 10-15,jaeri_tiara_bc501a_transmission_spectra_phase1_verified.csv
N002_JAERI_TIARA_68MEV_TRANS_000312,N002_JAERI_TIARA_68MEV,external_reference,neutron,JAERI/TIARA experimental concrete,2.31,measured 68-MeV p-7Li source,68.0,,JAERI_68MEV_BC501A_T025_FE080,JAERI_68MEV_PEAK_4.77E9_N_SR_UC,80.0,,64.0,66.0,,25.0,,0.0,lethargy_flux,45800.0,n cm-2 lethargy-1 uC-1,2061.0,4.5,BC501A unfolded neutron spectrum,OK,,JAERI-Data/Code 97-020 Tables 10-15,jaeri_tiara_bc501a_transmission_spectra_phase1_verified.csv
N002_JAERI_TIARA_68MEV_TRANS_000313,N002_JAERI_TIARA_68MEV,external_reference,neutron,JAERI/TIARA experimental concrete,2.31,measured 68-MeV p-7Li source,68.0,,JAERI_68MEV_BC501A_T025_FE080,JAERI_68MEV_PEAK_4.77E9_N_SR_UC,80.0,,62.0,64.0,,25.0,,0.0,lethargy_flux,46600.0,n cm-2 lethargy-1 uC-1,2050.4,4.4,BC501A unfolded neutron spectrum,OK,,JAERI-Data/Code 97-020 Tables 10-15,jaeri_tiara_bc501a_transmission_spectra_phase1_verified.csv
N002_JAERI_TIARA_68MEV_TRANS_000314,N002_JAERI_TIARA_68MEV,external_reference,neutron,JAERI/TIARA experimental concrete,2.31,measured 68-MeV p-7Li source,68.0,,JAERI_68MEV_BC501A_T025_FE080,JAERI_68MEV_PEAK_4.77E9_N_SR_UC,80.0,,60.0,62.0,,25.0,,0.0,lethargy_flux,34800.0,n cm-2 lethargy-1 uC-1,1635.6,4.7,BC501A unfolded neutron spectrum,OK,,JAERI-Data/Code 97-020 Tables 10-15,jaeri_tiara_bc501a_transmission_spectra_phase1_verified.csv
N002_JAERI_TIARA_68MEV_TRANS_000315,N002_JAERI_TIARA_68MEV,external_reference,neutron,JAERI/TIARA experimental concrete,2.31,measured 68-MeV p-7Li source,68.0,,JAERI_68MEV_BC501A_T025_FE080,JAERI_68MEV_PEAK_4.77E9_N_SR_UC,80.0,,58.0,60.0,,25.0,,0.0,lethargy_flux,19500.0,n cm-2 lethargy-1 uC-1,994.5,5.1,BC501A unfolded neutron spectrum,OK,,JAERI-Data/Code 97-020 Tables 10-15,jaeri_tiara_bc501a_transmission_spectra_phase1_verified.csv
N002_JAERI_TIARA_68MEV_TRANS_000316,N002_JAERI_TIARA_68MEV,external_reference,neutron,JAERI/TIARA experimental concrete,2.31,measured 68-MeV p-7Li source,68.0,,JAERI_68MEV_BC501A_T025_FE080,JAERI_68MEV_PEAK_4.77E9_N_SR_UC,80.0,,56.0,58.0,,25.0,,0.0,lethargy_flux,9140.0,n cm-2 lethargy-1 uC-1,447.86,4.9,BC501A unfolded neutron spectrum,OK,,JAERI-Data/Code 97-020 Tables 10-15,jaeri_tiara_bc501a_transmission_spectra_phase1_verified.csv
N002_JAERI_TIARA_68MEV_TRANS_000317,N002_JAERI_TIARA_68MEV,external_reference,neutron,JAERI/TIARA experimental concrete,2.31,measured 68-MeV p-7Li source,68.0,,JAERI_68MEV_BC501A_T025_FE080,JAERI_68MEV_PEAK_4.77E9_N_SR_UC,80.0,,54.0,56.0,,25.0,,0.0,lethargy_flux,5440.0,n cm-2 lethargy-1 uC-1,320.96000000000004,5.9,BC501A unfolded neutron spectrum,OK,,JAERI-Data/Code 97-020 Tables 10-15,jaeri_tiara_bc501a_transmission_spectra_phase1_verified.csv
N002_JAERI_TIARA_68MEV_TRANS_000318,N002_JAERI_TIARA_68MEV,external_reference,neutron,JAERI/TIARA experimental concrete,2.31,measured 68-MeV p-7Li source,68.0,,JAERI_68MEV_BC501A_T025_FE080,JAERI_68MEV_PEAK_4.77E9_N_SR_UC,80.0,,52.0,54.0,,25.0,,0.0,lethargy_flux,5550.0,n cm-2 lethargy-1 uC-1,349.65,6.3,BC501A unfolded neutron spectrum,OK,,JAERI-Data/Code 97-020 Tables 10-15,jaeri_tiara_bc501a_transmission_spectra_phase1_verified.csv
N002_JAERI_TIARA_68MEV_TRANS_000319,N002_JAERI_TIARA_68MEV,external_reference,neutron,JAERI/TIARA experimental concrete,2.31,measured 68-MeV p-7Li source,68.0,,JAERI_68MEV_BC501A_T025_FE080,JAERI_68MEV_PEAK_4.77E9_N_SR_UC,80.0,,50.0,52.0,,25.0,,0.0,lethargy_flux,6560.0,n cm-2 lethargy-1 uC-1,360.8,5.5,BC501A unfolded neutron spectrum,OK,,JAERI-Data/Code 97-020 Tables 10-15,jaeri_tiara_bc501a_transmission_spectra_phase1_verified.csv
N002_JAERI_TIARA_68MEV_TRANS_000320,N002_JAERI_TIARA_68MEV,external_reference,neutron,JAERI/TIARA experimental concrete,2.31,measured 68-MeV p-7Li source,68.0,,JAERI_68MEV_BC501A_T025_FE080,JAERI_68MEV_PEAK_4.77E9_N_SR_UC,80.0,,48.0,50.0,,25.0,,0.0,lethargy_flux,7050.0,n cm-2 lethargy-1 uC-1,366.6,5.2,BC501A unfolded neutron spectrum,OK,,JAERI-Data/Code 97-020 Tables 10-15,jaeri_tiara_bc501a_transmission_spectra_phase1_verified.csv
N002_JAERI_TIARA_68MEV_TRANS_000321,N002_JAERI_TIARA_68MEV,external_reference,neutron,JAERI/TIARA experimental concrete,2.31,measured 68-MeV p-7Li source,68.0,,JAERI_68MEV_BC501A_T025_FE080,JAERI_68MEV_PEAK_4.77E9_N_SR_UC,80.0,,46.0,48.0,,25.0,,0.0,lethargy_flux,6740.0,n cm-2 lethargy-1 uC-1,350.48,5.2,BC501A unfolded neutron spectrum,OK,,JAERI-Data/Code 97-020 Tables 10-15,jaeri_tiara_bc501a_transmission_spectra_phase1_verified.csv
N002_JAERI_TIARA_68MEV_TRANS_000322,N002_JAERI_TIARA_68MEV,external_reference,neutron,JAERI/TIARA experimental concrete,2.31,measured 68-MeV p-7Li source,68.0,,JAERI_68MEV_BC501A_T025_FE080,JAERI_68MEV_PEAK_4.77E9_N_SR_UC,80.0,,44.0,46.0,,25.0,,0.0,lethargy_flux,5920.0,n cm-2 lethargy-1 uC-1,307.84,5.2,BC501A unfolded neutron spectrum,OK,,JAERI-Data/Code 97-020 Tables 10-15,jaeri_tiara_bc501a_transmission_spectra_phase1_verified.csv
N002_JAERI_TIARA_68MEV_TRANS_000323,N002_JAERI_TIARA_68MEV,external_reference,neutron,JAERI/TIARA experimental concrete,2.31,measured 68-MeV p-7Li source,68.0,,JAERI_68MEV_BC501A_T025_FE080,JAERI_68MEV_PEAK_4.77E9_N_SR_UC,80.0,,43.0,44.0,,25.0,,0.0,lethargy_flux,5280.0,n cm-2 lethargy-1 uC-1,279.84,5.3,BC501A unfolded neutron spectrum,OK,,JAERI-Data/Code 97-020 Tables 10-15,jaeri_tiara_bc501a_transmission_spectra_phase1_verified.csv
N002_JAERI_TIARA_68MEV_TRANS_000324,N002_JAERI_TIARA_68MEV,external_reference,neutron,JAERI/TIARA experimental concrete,2.31,measured 68-MeV p-7Li source,68.0,,JAERI_68MEV_BC501A_T025_FE080,JAERI_68MEV_PEAK_4.77E9_N_SR_UC,80.0,,42.0,43.0,,25.0,,0.0,lethargy_flux,4940.0,n cm-2 lethargy-1 uC-1,271.7,5.5,BC501A unfolded neutron spectrum,OK,,JAERI-Data/Code 97-020 Tables 10-15,jaeri_tiara_bc501a_transmission_spectra_phase1_verified.csv
N002_JAERI_TIARA_68MEV_TRANS_000325,N002_JAERI_TIARA_68MEV,external_reference,neutron,JAERI/TIARA experimental concrete,2.31,measured 68-MeV p-7Li source,68.0,,JAERI_68MEV_BC501A_T025_FE080,JAERI_68MEV_PEAK_4.77E9_N_SR_UC,80.0,,41.0,42.0,,25.0,,0.0,lethargy_flux,4690.0,n cm-2 lethargy-1 uC-1,267.33,5.7,BC501A unfolded neutron spectrum,OK,,JAERI-Data/Code 97-020 Tables 10-15,jaeri_tiara_bc501a_transmission_spectra_phase1_verified.csv
N002_JAERI_TIARA_68MEV_TRANS_000326,N002_JAERI_TIARA_68MEV,external_reference,neutron,JAERI/TIARA experimental concrete,2.31,measured 68-MeV p-7Li source,68.0,,JAERI_68MEV_BC501A_T025_FE080,JAERI_68MEV_PEAK_4.77E9_N_SR_UC,80.0,,40.0,41.0,,25.0,,0.0,lethargy_flux,4530.0,n cm-2 lethargy-1 uC-1,267.27,5.9,BC501A unfolded neutron spectrum,OK,,JAERI-Data/Code 97-020 Tables 10-15,jaeri_tiara_bc501a_transmission_spectra_phase1_verified.csv
N002_JAERI_TIARA_68MEV_TRANS_000327,N002_JAERI_TIARA_68MEV,external_reference,neutron,JAERI/TIARA experimental concrete,2.31,measured 68-MeV p-7Li source,68.0,,JAERI_68MEV_BC501A_T025_FE080,JAERI_68MEV_PEAK_4.77E9_N_SR_UC,80.0,,39.0,40.0,,25.0,,0.0,lethargy_flux,4420.0,n cm-2 lethargy-1 uC-1,278.46,6.3,BC501A unfolded neutron spectrum,OK,,JAERI-Data/Code 97-020 Tables 10-15,jaeri_tiara_bc501a_transmission_spectra_phase1_verified.csv
N002_JAERI_TIARA_68MEV_TRANS_000328,N002_JAERI_TIARA_68MEV,external_reference,neutron,JAERI/TIARA experimental concrete,2.31,measured 68-MeV p-7Li source,68.0,,JAERI_68MEV_BC501A_T025_FE080,JAERI_68MEV_PEAK_4.77E9_N_SR_UC,80.0,,38.0,39.0,,25.0,,0.0,lethargy_flux,4350.0,n cm-2 lethargy-1 uC-1,291.45,6.7,BC501A unfolded neutron spectrum,OK,,JAERI-Data/Code 97-020 Tables 10-15,jaeri_tiara_bc501a_transmission_spectra_phase1_verified.csv
N002_JAERI_TIARA_68MEV_TRANS_000329,N002_JAERI_TIARA_68MEV,external_reference,neutron,JAERI/TIARA experimental concrete,2.31,measured 68-MeV p-7Li source,68.0,,JAERI_68MEV_BC501A_T025_FE080,JAERI_68MEV_PEAK_4.77E9_N_SR_UC,80.0,,37.0,38.0,,25.0,,0.0,lethargy_flux,4270.0,n cm-2 lethargy-1 uC-1,294.63,6.9,BC501A unfolded neutron spectrum,OK,,JAERI-Data/Code 97-020 Tables 10-15,jaeri_tiara_bc501a_transmission_spectra_phase1_verified.csv
N002_JAERI_TIARA_68MEV_TRANS_000330,N002_JAERI_TIARA_68MEV,external_reference,neutron,JAERI/TIARA experimental concrete,2.31,measured 68-MeV p-7Li source,68.0,,JAERI_68MEV_BC501A_T025_FE080,JAERI_68MEV_PEAK_4.77E9_N_SR_UC,80.0,,36.0,37.0,,25.0,,0.0,lethargy_flux,4170.0,n cm-2 lethargy-1 uC-1,296.07,7.1,BC501A unfolded neutron spectrum,OK,,JAERI-Data/Code 97-020 Tables 10-15,jaeri_tiara_bc501a_transmission_spectra_phase1_verified.csv
N002_JAERI_TIARA_68MEV_TRANS_000331,N002_JAERI_TIARA_68MEV,external_reference,neutron,JAERI/TIARA experimental concrete,2.31,measured 68-MeV p-7Li source,68.0,,JAERI_68MEV_BC501A_T025_FE080,JAERI_68MEV_PEAK_4.77E9_N_SR_UC,80.0,,35.0,36.0,,25.0,,0.0,lethargy_flux,4020.0,n cm-2 lethargy-1 uC-1,293.46,7.3,BC501A unfolded neutron spectrum,OK,,JAERI-Data/Code 97-020 Tables 10-15,jaeri_tiara_bc501a_transmission_spectra_phase1_verified.csv
N002_JAERI_TIARA_68MEV_TRANS_000332,N002_JAERI_TIARA_68MEV,external_reference,neutron,JAERI/TIARA experimental concrete,2.31,measured 68-MeV p-7Li source,68.0,,JAERI_68MEV_BC501A_T025_FE080,JAERI_68MEV_PEAK_4.77E9_N_SR_UC,80.0,,34.0,35.0,,25.0,,0.0,lethargy_flux,3830.0,n cm-2 lethargy-1 uC-1,291.08,7.6,BC501A unfolded neutron spectrum,OK,,JAERI-Data/Code 97-020 Tables 10-15,jaeri_tiara_bc501a_transmission_spectra_phase1_verified.csv
N002_JAERI_TIARA_68MEV_TRANS_000333,N002_JAERI_TIARA_68MEV,external_reference,neutron,JAERI/TIARA experimental concrete,2.31,measured 68-MeV p-7Li source,68.0,,JAERI_68MEV_BC501A_T025_FE080,JAERI_68MEV_PEAK_4.77E9_N_SR_UC,80.0,,33.0,34.0,,25.0,,0.0,lethargy_flux,3630.0,n cm-2 lethargy-1 uC-1,283.14,7.8,BC501A unfolded neutron spectrum,OK,,JAERI-Data/Code 97-020 Tables 10-15,jaeri_tiara_bc501a_transmission_spectra_phase1_verified.csv
N002_JAERI_TIARA_68MEV_TRANS_000334,N002_JAERI_TIARA_68MEV,external_reference,neutron,JAERI/TIARA experimental concrete,2.31,measured 68-MeV p-7Li source,68.0,,JAERI_68MEV_BC501A_T025_FE080,JAERI_68MEV_PEAK_4.77E9_N_SR_UC,80.0,,32.0,33.0,,25.0,,0.0,lethargy_flux,3440.0,n cm-2 lethargy-1 uC-1,278.64,8.1,BC501A unfolded neutron spectrum,OK,,JAERI-Data/Code 97-020 Tables 10-15,jaeri_tiara_bc501a_transmission_spectra_phase1_verified.csv
N002_JAERI_TIARA_68MEV_TRANS_000335,N002_JAERI_TIARA_68MEV,external_reference,neutron,JAERI/TIARA experimental concrete,2.31,measured 68-MeV p-7Li source,68.0,,JAERI_68MEV_BC501A_T025_FE080,JAERI_68MEV_PEAK_4.77E9_N_SR_UC,80.0,,31.0,32.0,,25.0,,0.0,lethargy_flux,3310.0,n cm-2 lethargy-1 uC-1,271.41999999999996,8.2,BC501A unfolded neutron spectrum,OK,,JAERI-Data/Code 97-020 Tables 10-15,jaeri_tiara_bc501a_transmission_spectra_phase1_verified.csv
N002_JAERI_TIARA_68MEV_TRANS_000336,N002_JAERI_TIARA_68MEV,external_reference,neutron,JAERI/TIARA experimental concrete,2.31,measured 68-MeV p-7Li source,68.0,,JAERI_68MEV_BC501A_T025_FE080,JAERI_68MEV_PEAK_4.77E9_N_SR_UC,80.0,,30.0,31.0,,25.0,,0.0,lethargy_flux,3240.0,n cm-2 lethargy-1 uC-1,265.67999999999995,8.2,BC501A unfolded neutron spectrum,OK,,JAERI-Data/Code 97-020 Tables 10-15,jaeri_tiara_bc501a_transmission_spectra_phase1_verified.csv
N002_JAERI_TIARA_68MEV_TRANS_000337,N002_JAERI_TIARA_68MEV,external_reference,neutron,JAERI/TIARA experimental concrete,2.31,measured 68-MeV p-7Li source,68.0,,JAERI_68MEV_BC501A_T025_FE080,JAERI_68MEV_PEAK_4.77E9_N_SR_UC,80.0,,29.0,30.0,,25.0,,0.0,lethargy_flux,3230.0,n cm-2 lethargy-1 uC-1,268.09000000000003,8.3,BC501A unfolded neutron spectrum,OK,,JAERI-Data/Code 97-020 Tables 10-15,jaeri_tiara_bc501a_transmission_spectra_phase1_verified.csv
N002_JAERI_TIARA_68MEV_TRANS_000338,N002_JAERI_TIARA_68MEV,external_reference,neutron,JAERI/TIARA experimental concrete,2.31,measured 68-MeV p-7Li source,68.0,,JAERI_68MEV_BC501A_T025_FE080,JAERI_68MEV_PEAK_4.77E9_N_SR_UC,80.0,,28.0,29.0,,25.0,,0.0,lethargy_flux,3240.0,n cm-2 lethargy-1 uC-1,281.87999999999994,8.7,BC501A unfolded neutron spectrum,OK,,JAERI-Data/Code 97-020 Tables 10-15,jaeri_tiara_bc501a_transmission_spectra_phase1_verified.csv
N002_JAERI_TIARA_68MEV_TRANS_000339,N002_JAERI_TIARA_68MEV,external_reference,neutron,JAERI/TIARA experimental concrete,2.31,measured 68-MeV p-7Li source,68.0,,JAERI_68MEV_BC501A_T025_FE080,JAERI_68MEV_PEAK_4.77E9_N_SR_UC,80.0,,27.0,28.0,,25.0,,0.0,lethargy_flux,3210.0,n cm-2 lethargy-1 uC-1,308.16,9.6,BC501A unfolded neutron spectrum,OK,,JAERI-Data/Code 97-020 Tables 10-15,jaeri_tiara_bc501a_transmission_spectra_phase1_verified.csv
N002_JAERI_TIARA_68MEV_TRANS_000340,N002_JAERI_TIARA_68MEV,external_reference,neutron,JAERI/TIARA experimental concrete,2.31,measured 68-MeV p-7Li source,68.0,,JAERI_68MEV_BC501A_T025_FE080,JAERI_68MEV_PEAK_4.77E9_N_SR_UC,80.0,,26.0,27.0,,25.0,,0.0,lethargy_flux,3100.0,n cm-2 lethargy-1 uC-1,334.8,10.8,BC501A unfolded neutron spectrum,OK,,JAERI-Data/Code 97-020 Tables 10-15,jaeri_tiara_bc501a_transmission_spectra_phase1_verified.csv
N002_JAERI_TIARA_68MEV_TRANS_000341,N002_JAERI_TIARA_68MEV,external_reference,neutron,JAERI/TIARA experimental concrete,2.31,measured 68-MeV p-7Li source,68.0,,JAERI_68MEV_BC501A_T025_FE080,JAERI_68MEV_PEAK_4.77E9_N_SR_UC,80.0,,25.0,26.0,,25.0,,0.0,lethargy_flux,2900.0,n cm-2 lethargy-1 uC-1,356.7,12.3,BC501A unfolded neutron spectrum,OK,,JAERI-Data/Code 97-020 Tables 10-15,jaeri_tiara_bc501a_transmission_spectra_phase1_verified.csv
N002_JAERI_TIARA_68MEV_TRANS_000342,N002_JAERI_TIARA_68MEV,external_reference,neutron,JAERI/TIARA experimental concrete,2.31,measured 68-MeV p-7Li source,68.0,,JAERI_68MEV_BC501A_T025_FE080,JAERI_68MEV_PEAK_4.77E9_N_SR_UC,80.0,,24.0,25.0,,25.0,,0.0,lethargy_flux,2630.0,n cm-2 lethargy-1 uC-1,357.68,13.6,BC501A unfolded neutron spectrum,OK,,JAERI-Data/Code 97-020 Tables 10-15,jaeri_tiara_bc501a_transmission_spectra_phase1_verified.csv
N002_JAERI_TIARA_68MEV_TRANS_000343,N002_JAERI_TIARA_68MEV,external_reference,neutron,JAERI/TIARA experimental concrete,2.31,measured 68-MeV p-7Li source,68.0,,JAERI_68MEV_BC501A_T025_FE080,JAERI_68MEV_PEAK_4.77E9_N_SR_UC,80.0,,23.0,24.0,,25.0,,0.0,lethargy_flux,2310.0,n cm-2 lethargy-1 uC-1,323.4,14.0,BC501A unfolded neutron spectrum,OK,,JAERI-Data/Code 97-020 Tables 10-15,jaeri_tiara_bc501a_transmission_spectra_phase1_verified.csv
N002_JAERI_TIARA_68MEV_TRANS_000344,N002_JAERI_TIARA_68MEV,external_reference,neutron,JAERI/TIARA experimental concrete,2.31,measured 68-MeV p-7Li source,68.0,,JAERI_68MEV_BC501A_T025_FE080,JAERI_68MEV_PEAK_4.77E9_N_SR_UC,80.0,,22.0,23.0,,25.0,,0.0,lethargy_flux,2000.0,n cm-2 lethargy-1 uC-1,256.0,12.8,BC501A unfolded neutron spectrum,OK,,JAERI-Data/Code 97-020 Tables 10-15,jaeri_tiara_bc501a_transmission_spectra_phase1_verified.csv
N002_JAERI_TIARA_68MEV_TRANS_000345,N002_JAERI_TIARA_68MEV,external_reference,neutron,JAERI/TIARA experimental concrete,2.31,measured 68-MeV p-7Li source,68.0,,JAERI_68MEV_BC501A_T025_FE080,JAERI_68MEV_PEAK_4.77E9_N_SR_UC,80.0,,21.0,22.0,,25.0,,0.0,lethargy_flux,1690.0,n cm-2 lethargy-1 uC-1,163.93,9.7,BC501A unfolded neutron spectrum,OK,,JAERI-Data/Code 97-020 Tables 10-15,jaeri_tiara_bc501a_transmission_spectra_phase1_verified.csv
N002_JAERI_TIARA_68MEV_TRANS_000346,N002_JAERI_TIARA_68MEV,external_reference,neutron,JAERI/TIARA experimental concrete,2.31,measured 68-MeV p-7Li source,68.0,,JAERI_68MEV_BC501A_T025_FE080,JAERI_68MEV_PEAK_4.77E9_N_SR_UC,80.0,,20.0,21.0,,25.0,,0.0,lethargy_flux,1400.0,n cm-2 lethargy-1 uC-1,84.0,6.0,BC501A unfolded neutron spectrum,OK,,JAERI-Data/Code 97-020 Tables 10-15,jaeri_tiara_bc501a_transmission_spectra_phase1_verified.csv
N002_JAERI_TIARA_68MEV_TRANS_000347,N002_JAERI_TIARA_68MEV,external_reference,neutron,JAERI/TIARA experimental concrete,2.31,measured 68-MeV p-7Li source,68.0,,JAERI_68MEV_BC501A_T025_FE080,JAERI_68MEV_PEAK_4.77E9_N_SR_UC,80.0,,19.0,20.0,,25.0,,0.0,lethargy_flux,1140.0,n cm-2 lethargy-1 uC-1,124.26,10.9,BC501A unfolded neutron spectrum,OK,,JAERI-Data/Code 97-020 Tables 10-15,jaeri_tiara_bc501a_transmission_spectra_phase1_verified.csv
N002_JAERI_TIARA_68MEV_TRANS_000348,N002_JAERI_TIARA_68MEV,external_reference,neutron,JAERI/TIARA experimental concrete,2.31,measured 68-MeV p-7Li source,68.0,,JAERI_68MEV_BC501A_T025_FE080,JAERI_68MEV_PEAK_4.77E9_N_SR_UC,80.0,,18.0,19.0,,25.0,,0.0,lethargy_flux,922.0,n cm-2 lethargy-1 uC-1,165.03799999999998,17.9,BC501A unfolded neutron spectrum,OK,,JAERI-Data/Code 97-020 Tables 10-15,jaeri_tiara_bc501a_transmission_spectra_phase1_verified.csv
N002_JAERI_TIARA_68MEV_TRANS_000349,N002_JAERI_TIARA_68MEV,external_reference,neutron,JAERI/TIARA experimental concrete,2.31,measured 68-MeV p-7Li source,68.0,,JAERI_68MEV_BC501A_T025_FE080,JAERI_68MEV_PEAK_4.77E9_N_SR_UC,80.0,,17.0,18.0,,25.0,,0.0,lethargy_flux,764.0,n cm-2 lethargy-1 uC-1,160.44,21.0,BC501A unfolded neutron spectrum,OK,,JAERI-Data/Code 97-020 Tables 10-15,jaeri_tiara_bc501a_transmission_spectra_phase1_verified.csv
N002_JAERI_TIARA_68MEV_TRANS_000350,N002_JAERI_TIARA_68MEV,external_reference,neutron,JAERI/TIARA experimental concrete,2.31,measured 68-MeV p-7Li source,68.0,,JAERI_68MEV_BC501A_T025_FE080,JAERI_68MEV_PEAK_4.77E9_N_SR_UC,80.0,,16.0,17.0,,25.0,,0.0,lethargy_flux,672.0,n cm-2 lethargy-1 uC-1,118.944,17.7,BC501A unfolded neutron spectrum,OK,,JAERI-Data/Code 97-020 Tables 10-15,jaeri_tiara_bc501a_transmission_spectra_phase1_verified.csv
N002_JAERI_TIARA_68MEV_TRANS_000351,N002_JAERI_TIARA_68MEV,external_reference,neutron,JAERI/TIARA experimental concrete,2.31,measured 68-MeV p-7Li source,68.0,,JAERI_68MEV_BC501A_T025_FE080,JAERI_68MEV_PEAK_4.77E9_N_SR_UC,80.0,,15.0,16.0,,25.0,,0.0,lethargy_flux,632.0,n cm-2 lethargy-1 uC-1,73.944,11.7,BC501A unfolded neutron spectrum,OK,,JAERI-Data/Code 97-020 Tables 10-15,jaeri_tiara_bc501a_transmission_spectra_phase1_verified.csv
N002_JAERI_TIARA_68MEV_TRANS_000352,N002_JAERI_TIARA_68MEV,external_reference,neutron,JAERI/TIARA experimental concrete,2.31,measured 68-MeV p-7Li source,68.0,,JAERI_68MEV_BC501A_T025_FE080,JAERI_68MEV_PEAK_4.77E9_N_SR_UC,80.0,,14.0,15.0,,25.0,,0.0,lethargy_flux,617.0,n cm-2 lethargy-1 uC-1,51.828,8.4,BC501A unfolded neutron spectrum,OK,,JAERI-Data/Code 97-020 Tables 10-15,jaeri_tiara_bc501a_transmission_spectra_phase1_verified.csv
N002_JAERI_TIARA_68MEV_TRANS_000353,N002_JAERI_TIARA_68MEV,external_reference,neutron,JAERI/TIARA experimental concrete,2.31,measured 68-MeV p-7Li source,68.0,,JAERI_68MEV_BC501A_T025_FE080,JAERI_68MEV_PEAK_4.77E9_N_SR_UC,80.0,,13.0,14.0,,25.0,,0.0,lethargy_flux,599.0,n cm-2 lethargy-1 uC-1,59.9,10.0,BC501A unfolded neutron spectrum,OK,,JAERI-Data/Code 97-020 Tables 10-15,jaeri_tiara_bc501a_transmission_spectra_phase1_verified.csv
N002_JAERI_TIARA_68MEV_TRANS_000354,N002_JAERI_TIARA_68MEV,external_reference,neutron,JAERI/TIARA experimental concrete,2.31,measured 68-MeV p-7Li source,68.0,,JAERI_68MEV_BC501A_T025_FE080,JAERI_68MEV_PEAK_4.77E9_N_SR_UC,80.0,,12.0,13.0,,25.0,,0.0,lethargy_flux,571.0,n cm-2 lethargy-1 uC-1,90.789,15.9,BC501A unfolded neutron spectrum,OK,,JAERI-Data/Code 97-020 Tables 10-15,jaeri_tiara_bc501a_transmission_spectra_phase1_verified.csv
N002_JAERI_TIARA_68MEV_TRANS_000355,N002_JAERI_TIARA_68MEV,external_reference,neutron,JAERI/TIARA experimental concrete,2.31,measured 68-MeV p-7Li source,68.0,,JAERI_68MEV_BC501A_T025_FE080,JAERI_68MEV_PEAK_4.77E9_N_SR_UC,80.0,,11.0,12.0,,25.0,,0.0,lethargy_flux,541.0,n cm-2 lethargy-1 uC-1,114.15100000000001,21.1,BC501A unfolded neutron spectrum,OK,,JAERI-Data/Code 97-020 Tables 10-15,jaeri_tiara_bc501a_transmission_spectra_phase1_verified.csv
N002_JAERI_TIARA_68MEV_TRANS_000356,N002_JAERI_TIARA_68MEV,external_reference,neutron,JAERI/TIARA experimental concrete,2.31,measured 68-MeV p-7Li source,68.0,,JAERI_68MEV_BC501A_T025_FE080,JAERI_68MEV_PEAK_4.77E9_N_SR_UC,80.0,,10.0,11.0,,25.0,,0.0,lethargy_flux,522.0,n cm-2 lethargy-1 uC-1,115.36200000000001,22.1,BC501A unfolded neutron spectrum,OK,,JAERI-Data/Code 97-020 Tables 10-15,jaeri_tiara_bc501a_transmission_spectra_phase1_verified.csv
N002_JAERI_TIARA_68MEV_TRANS_000357,N002_JAERI_TIARA_68MEV,external_reference,neutron,JAERI/TIARA experimental concrete,2.31,measured 68-MeV p-7Li source,68.0,,JAERI_68MEV_BC501A_T025_FE080,JAERI_68MEV_PEAK_4.77E9_N_SR_UC,80.0,,9.0,10.0,,25.0,,0.0,lethargy_flux,521.0,n cm-2 lethargy-1 uC-1,91.175,17.5,BC501A unfolded neutron spectrum,OK,,JAERI-Data/Code 97-020 Tables 10-15,jaeri_tiara_bc501a_transmission_spectra_phase1_verified.csv
N002_JAERI_TIARA_68MEV_TRANS_000358,N002_JAERI_TIARA_68MEV,external_reference,neutron,JAERI/TIARA experimental concrete,2.31,measured 68-MeV p-7Li source,68.0,,JAERI_68MEV_BC501A_T025_FE080,JAERI_68MEV_PEAK_4.77E9_N_SR_UC,80.0,,8.0,9.0,,25.0,,0.0,lethargy_flux,535.0,n cm-2 lethargy-1 uC-1,30.495,5.7,BC501A unfolded neutron spectrum,OK,,JAERI-Data/Code 97-020 Tables 10-15,jaeri_tiara_bc501a_transmission_spectra_phase1_verified.csv
N002_JAERI_TIARA_68MEV_TRANS_000359,N002_JAERI_TIARA_68MEV,external_reference,neutron,JAERI/TIARA experimental concrete,2.31,measured 68-MeV p-7Li source,68.0,,JAERI_68MEV_BC501A_T025_FE080,JAERI_68MEV_PEAK_4.77E9_N_SR_UC,80.0,,7.0,8.0,,25.0,,0.0,lethargy_flux,549.0,n cm-2 lethargy-1 uC-1,154.269,28.1,BC501A unfolded neutron spectrum,OK,,JAERI-Data/Code 97-020 Tables 10-15,jaeri_tiara_bc501a_transmission_spectra_phase1_verified.csv
N002_JAERI_TIARA_68MEV_TRANS_000360,N002_JAERI_TIARA_68MEV,external_reference,neutron,JAERI/TIARA experimental concrete,2.31,measured 68-MeV p-7Li source,68.0,,JAERI_68MEV_BC501A_T025_FE080,JAERI_68MEV_PEAK_4.77E9_N_SR_UC,80.0,,6.0,7.0,,25.0,,0.0,lethargy_flux,521.0,n cm-2 lethargy-1 uC-1,333.44,64.0,BC501A unfolded neutron spectrum,OK,,JAERI-Data/Code 97-020 Tables 10-15,jaeri_tiara_bc501a_transmission_spectra_phase1_verified.csv
N002_JAERI_TIARA_68MEV_TRANS_000361,N002_JAERI_TIARA_68MEV,external_reference,neutron,JAERI/TIARA experimental concrete,2.31,measured 68-MeV p-7Li source,68.0,,JAERI_68MEV_BC501A_T025_FE080,JAERI_68MEV_PEAK_4.77E9_N_SR_UC,80.0,,68.0,70.0,,25.0,,20.0,lethargy_flux,108.0,n cm-2 lethargy-1 uC-1,12.527999999999999,11.6,BC501A unfolded neutron spectrum,OK,,JAERI-Data/Code 97-020 Tables 10-15,jaeri_tiara_bc501a_transmission_spectra_phase1_verified.csv
N002_JAERI_TIARA_68MEV_TRANS_000362,N002_JAERI_TIARA_68MEV,external_reference,neutron,JAERI/TIARA experimental concrete,2.31,measured 68-MeV p-7Li source,68.0,,JAERI_68MEV_BC501A_T025_FE080,JAERI_68MEV_PEAK_4.77E9_N_SR_UC,80.0,,66.0,68.0,,25.0,,20.0,lethargy_flux,258.0,n cm-2 lethargy-1 uC-1,37.668,14.6,BC501A unfolded neutron spectrum,OK,,JAERI-Data/Code 97-020 Tables 10-15,jaeri_tiara_bc501a_transmission_spectra_phase1_verified.csv
N002_JAERI_TIARA_68MEV_TRANS_000363,N002_JAERI_TIARA_68MEV,external_reference,neutron,JAERI/TIARA experimental concrete,2.31,measured 68-MeV p-7Li source,68.0,,JAERI_68MEV_BC501A_T025_FE080,JAERI_68MEV_PEAK_4.77E9_N_SR_UC,80.0,,64.0,66.0,,25.0,,20.0,lethargy_flux,495.0,n cm-2 lethargy-1 uC-1,55.935,11.3,BC501A unfolded neutron spectrum,OK,,JAERI-Data/Code 97-020 Tables 10-15,jaeri_tiara_bc501a_transmission_spectra_phase1_verified.csv
N002_JAERI_TIARA_68MEV_TRANS_000364,N002_JAERI_TIARA_68MEV,external_reference,neutron,JAERI/TIARA experimental concrete,2.31,measured 68-MeV p-7Li source,68.0,,JAERI_68MEV_BC501A_T025_FE080,JAERI_68MEV_PEAK_4.77E9_N_SR_UC,80.0,,62.0,64.0,,25.0,,20.0,lethargy_flux,534.0,n cm-2 lethargy-1 uC-1,61.943999999999996,11.6,BC501A unfolded neutron spectrum,OK,,JAERI-Data/Code 97-020 Tables 10-15,jaeri_tiara_bc501a_transmission_spectra_phase1_verified.csv
N002_JAERI_TIARA_68MEV_TRANS_000365,N002_JAERI_TIARA_68MEV,external_reference,neutron,JAERI/TIARA experimental concrete,2.31,measured 68-MeV p-7Li source,68.0,,JAERI_68MEV_BC501A_T025_FE080,JAERI_68MEV_PEAK_4.77E9_N_SR_UC,80.0,,60.0,62.0,,25.0,,20.0,lethargy_flux,376.0,n cm-2 lethargy-1 uC-1,59.408,15.8,BC501A unfolded neutron spectrum,OK,,JAERI-Data/Code 97-020 Tables 10-15,jaeri_tiara_bc501a_transmission_spectra_phase1_verified.csv
N002_JAERI_TIARA_68MEV_TRANS_000366,N002_JAERI_TIARA_68MEV,external_reference,neutron,JAERI/TIARA experimental concrete,2.31,measured 68-MeV p-7Li source,68.0,,JAERI_68MEV_BC501A_T025_FE080,JAERI_68MEV_PEAK_4.77E9_N_SR_UC,80.0,,58.0,60.0,,25.0,,20.0,lethargy_flux,177.0,n cm-2 lethargy-1 uC-1,27.965999999999998,15.8,BC501A unfolded neutron spectrum,OK,,JAERI-Data/Code 97-020 Tables 10-15,jaeri_tiara_bc501a_transmission_spectra_phase1_verified.csv
N002_JAERI_TIARA_68MEV_TRANS_000367,N002_JAERI_TIARA_68MEV,external_reference,neutron,JAERI/TIARA experimental concrete,2.31,measured 68-MeV p-7Li source,68.0,,JAERI_68MEV_BC501A_T025_FE080,JAERI_68MEV_PEAK_4.77E9_N_SR_UC,80.0,,56.0,58.0,,25.0,,20.0,lethargy_flux,123.0,n cm-2 lethargy-1 uC-1,16.727999999999998,13.6,BC501A unfolded neutron spectrum,OK,,JAERI-Data/Code 97-020 Tables 10-15,jaeri_tiara_bc501a_transmission_spectra_phase1_verified.csv
N002_JAERI_TIARA_68MEV_TRANS_000368,N002_JAERI_TIARA_68MEV,external_reference,neutron,JAERI/TIARA experimental concrete,2.31,measured 68-MeV p-7Li source,68.0,,JAERI_68MEV_BC501A_T025_FE080,JAERI_68MEV_PEAK_4.77E9_N_SR_UC,80.0,,54.0,56.0,,25.0,,20.0,lethargy_flux,151.0,n cm-2 lethargy-1 uC-1,14.495999999999999,9.6,BC501A unfolded neutron spectrum,OK,,JAERI-Data/Code 97-020 Tables 10-15,jaeri_tiara_bc501a_transmission_spectra_phase1_verified.csv
N002_JAERI_TIARA_68MEV_TRANS_000369,N002_JAERI_TIARA_68MEV,external_reference,neutron,JAERI/TIARA experimental concrete,2.31,measured 68-MeV p-7Li source,68.0,,JAERI_68MEV_BC501A_T025_FE080,JAERI_68MEV_PEAK_4.77E9_N_SR_UC,80.0,,52.0,54.0,,25.0,,20.0,lethargy_flux,175.0,n cm-2 lethargy-1 uC-1,10.85,6.2,BC501A unfolded neutron spectrum,OK,,JAERI-Data/Code 97-020 Tables 10-15,jaeri_tiara_bc501a_transmission_spectra_phase1_verified.csv
N002_JAERI_TIARA_68MEV_TRANS_000370,N002_JAERI_TIARA_68MEV,external_reference,neutron,JAERI/TIARA experimental concrete,2.31,measured 68-MeV p-7Li source,68.0,,JAERI_68MEV_BC501A_T025_FE080,JAERI_68MEV_PEAK_4.77E9_N_SR_UC,80.0,,50.0,52.0,,25.0,,20.0,lethargy_flux,189.0,n cm-2 lethargy-1 uC-1,10.773,5.7,BC501A unfolded neutron spectrum,OK,,JAERI-Data/Code 97-020 Tables 10-15,jaeri_tiara_bc501a_transmission_spectra_phase1_verified.csv
N002_JAERI_TIARA_68MEV_TRANS_000371,N002_JAERI_TIARA_68MEV,external_reference,neutron,JAERI/TIARA experimental concrete,2.31,measured 68-MeV p-7Li source,68.0,,JAERI_68MEV_BC501A_T025_FE080,JAERI_68MEV_PEAK_4.77E9_N_SR_UC,80.0,,48.0,50.0,,25.0,,20.0,lethargy_flux,200.0,n cm-2 lethargy-1 uC-1,11.8,5.9,BC501A unfolded neutron spectrum,OK,,JAERI-Data/Code 97-020 Tables 10-15,jaeri_tiara_bc501a_transmission_spectra_phase1_verified.csv
N002_JAERI_TIARA_68MEV_TRANS_000372,N002_JAERI_TIARA_68MEV,external_reference,neutron,JAERI/TIARA experimental concrete,2.31,measured 68-MeV p-7Li source,68.0,,JAERI_68MEV_BC501A_T025_FE080,JAERI_68MEV_PEAK_4.77E9_N_SR_UC,80.0,,46.0,48.0,,25.0,,20.0,lethargy_flux,214.0,n cm-2 lethargy-1 uC-1,13.482000000000001,6.3,BC501A unfolded neutron spectrum,OK,,JAERI-Data/Code 97-020 Tables 10-15,jaeri_tiara_bc501a_transmission_spectra_phase1_verified.csv
N002_JAERI_TIARA_68MEV_TRANS_000373,N002_JAERI_TIARA_68MEV,external_reference,neutron,JAERI/TIARA experimental concrete,2.31,measured 68-MeV p-7Li source,68.0,,JAERI_68MEV_BC501A_T025_FE080,JAERI_68MEV_PEAK_4.77E9_N_SR_UC,80.0,,44.0,46.0,,25.0,,20.0,lethargy_flux,224.0,n cm-2 lethargy-1 uC-1,13.888,6.2,BC501A unfolded neutron spectrum,OK,,JAERI-Data/Code 97-020 Tables 10-15,jaeri_tiara_bc501a_transmission_spectra_phase1_verified.csv
N002_JAERI_TIARA_68MEV_TRANS_000374,N002_JAERI_TIARA_68MEV,external_reference,neutron,JAERI/TIARA experimental concrete,2.31,measured 68-MeV p-7Li source,68.0,,JAERI_68MEV_BC501A_T025_FE080,JAERI_68MEV_PEAK_4.77E9_N_SR_UC,80.0,,43.0,44.0,,25.0,,20.0,lethargy_flux,226.0,n cm-2 lethargy-1 uC-1,13.56,6.0,BC501A unfolded neutron spectrum,OK,,JAERI-Data/Code 97-020 Tables 10-15,jaeri_tiara_bc501a_transmission_spectra_phase1_verified.csv
N002_JAERI_TIARA_68MEV_TRANS_000375,N002_JAERI_TIARA_68MEV,external_reference,neutron,JAERI/TIARA experimental concrete,2.31,measured 68-MeV p-7Li source,68.0,,JAERI_68MEV_BC501A_T025_FE080,JAERI_68MEV_PEAK_4.77E9_N_SR_UC,80.0,,42.0,43.0,,25.0,,20.0,lethargy_flux,226.0,n cm-2 lethargy-1 uC-1,13.107999999999999,5.8,BC501A unfolded neutron spectrum,OK,,JAERI-Data/Code 97-020 Tables 10-15,jaeri_tiara_bc501a_transmission_spectra_phase1_verified.csv
N002_JAERI_TIARA_68MEV_TRANS_000376,N002_JAERI_TIARA_68MEV,external_reference,neutron,JAERI/TIARA experimental concrete,2.31,measured 68-MeV p-7Li source,68.0,,JAERI_68MEV_BC501A_T025_FE080,JAERI_68MEV_PEAK_4.77E9_N_SR_UC,80.0,,41.0,42.0,,25.0,,20.0,lethargy_flux,225.0,n cm-2 lethargy-1 uC-1,12.825,5.7,BC501A unfolded neutron spectrum,OK,,JAERI-Data/Code 97-020 Tables 10-15,jaeri_tiara_bc501a_transmission_spectra_phase1_verified.csv
N002_JAERI_TIARA_68MEV_TRANS_000377,N002_JAERI_TIARA_68MEV,external_reference,neutron,JAERI/TIARA experimental concrete,2.31,measured 68-MeV p-7Li source,68.0,,JAERI_68MEV_BC501A_T025_FE080,JAERI_68MEV_PEAK_4.77E9_N_SR_UC,80.0,,40.0,41.0,,25.0,,20.0,lethargy_flux,225.0,n cm-2 lethargy-1 uC-1,13.275,5.9,BC501A unfolded neutron spectrum,OK,,JAERI-Data/Code 97-020 Tables 10-15,jaeri_tiara_bc501a_transmission_spectra_phase1_verified.csv
N002_JAERI_TIARA_68MEV_TRANS_000378,N002_JAERI_TIARA_68MEV,external_reference,neutron,JAERI/TIARA experimental concrete,2.31,measured 68-MeV p-7Li source,68.0,,JAERI_68MEV_BC501A_T025_FE080,JAERI_68MEV_PEAK_4.77E9_N_SR_UC,80.0,,39.0,40.0,,25.0,,20.0,lethargy_flux,225.0,n cm-2 lethargy-1 uC-1,14.4,6.4,BC501A unfolded neutron spectrum,OK,,JAERI-Data/Code 97-020 Tables 10-15,jaeri_tiara_bc501a_transmission_spectra_phase1_verified.csv
N002_JAERI_TIARA_68MEV_TRANS_000379,N002_JAERI_TIARA_68MEV,external_reference,neutron,JAERI/TIARA experimental concrete,2.31,measured 68-MeV p-7Li source,68.0,,JAERI_68MEV_BC501A_T025_FE080,JAERI_68MEV_PEAK_4.77E9_N_SR_UC,80.0,,38.0,39.0,,25.0,,20.0,lethargy_flux,225.0,n cm-2 lethargy-1 uC-1,15.3,6.8,BC501A unfolded neutron spectrum,OK,,JAERI-Data/Code 97-020 Tables 10-15,jaeri_tiara_bc501a_transmission_spectra_phase1_verified.csv
N002_JAERI_TIARA_68MEV_TRANS_000380,N002_JAERI_TIARA_68MEV,external_reference,neutron,JAERI/TIARA experimental concrete,2.31,measured 68-MeV p-7Li source,68.0,,JAERI_68MEV_BC501A_T025_FE080,JAERI_68MEV_PEAK_4.77E9_N_SR_UC,80.0,,37.0,38.0,,25.0,,20.0,lethargy_flux,227.0,n cm-2 lethargy-1 uC-1,15.663000000000002,6.9,BC501A unfolded neutron spectrum,OK,,JAERI-Data/Code 97-020 Tables 10-15,jaeri_tiara_bc501a_transmission_spectra_phase1_verified.csv
N002_JAERI_TIARA_68MEV_TRANS_000381,N002_JAERI_TIARA_68MEV,external_reference,neutron,JAERI/TIARA experimental concrete,2.31,measured 68-MeV p-7Li source,68.0,,JAERI_68MEV_BC501A_T025_FE080,JAERI_68MEV_PEAK_4.77E9_N_SR_UC,80.0,,36.0,37.0,,25.0,,20.0,lethargy_flux,228.0,n cm-2 lethargy-1 uC-1,15.048,6.6,BC501A unfolded neutron spectrum,OK,,JAERI-Data/Code 97-020 Tables 10-15,jaeri_tiara_bc501a_transmission_spectra_phase1_verified.csv
N002_JAERI_TIARA_68MEV_TRANS_000382,N002_JAERI_TIARA_68MEV,external_reference,neutron,JAERI/TIARA experimental concrete,2.31,measured 68-MeV p-7Li source,68.0,,JAERI_68MEV_BC501A_T025_FE080,JAERI_68MEV_PEAK_4.77E9_N_SR_UC,80.0,,35.0,36.0,,25.0,,20.0,lethargy_flux,230.0,n cm-2 lethargy-1 uC-1,14.49,6.3,BC501A unfolded neutron spectrum,OK,,JAERI-Data/Code 97-020 Tables 10-15,jaeri_tiara_bc501a_transmission_spectra_phase1_verified.csv
N002_JAERI_TIARA_68MEV_TRANS_000383,N002_JAERI_TIARA_68MEV,external_reference,neutron,JAERI/TIARA experimental concrete,2.31,measured 68-MeV p-7Li source,68.0,,JAERI_68MEV_BC501A_T025_FE080,JAERI_68MEV_PEAK_4.77E9_N_SR_UC,80.0,,34.0,35.0,,25.0,,20.0,lethargy_flux,231.0,n cm-2 lethargy-1 uC-1,13.629000000000001,5.9,BC501A unfolded neutron spectrum,OK,,JAERI-Data/Code 97-020 Tables 10-15,jaeri_tiara_bc501a_transmission_spectra_phase1_verified.csv
N002_JAERI_TIARA_68MEV_TRANS_000384,N002_JAERI_TIARA_68MEV,external_reference,neutron,JAERI/TIARA experimental concrete,2.31,measured 68-MeV p-7Li source,68.0,,JAERI_68MEV_BC501A_T025_FE080,JAERI_68MEV_PEAK_4.77E9_N_SR_UC,80.0,,33.0,34.0,,25.0,,20.0,lethargy_flux,230.0,n cm-2 lethargy-1 uC-1,13.34,5.8,BC501A unfolded neutron spectrum,OK,,JAERI-Data/Code 97-020 Tables 10-15,jaeri_tiara_bc501a_transmission_spectra_phase1_verified.csv
N002_JAERI_TIARA_68MEV_TRANS_000385,N002_JAERI_TIARA_68MEV,external_reference,neutron,JAERI/TIARA experimental concrete,2.31,measured 68-MeV p-7Li source,68.0,,JAERI_68MEV_BC501A_T025_FE080,JAERI_68MEV_PEAK_4.77E9_N_SR_UC,80.0,,32.0,33.0,,25.0,,20.0,lethargy_flux,228.0,n cm-2 lethargy-1 uC-1,14.136000000000001,6.2,BC501A unfolded neutron spectrum,OK,,JAERI-Data/Code 97-020 Tables 10-15,jaeri_tiara_bc501a_transmission_spectra_phase1_verified.csv
N002_JAERI_TIARA_68MEV_TRANS_000386,N002_JAERI_TIARA_68MEV,external_reference,neutron,JAERI/TIARA experimental concrete,2.31,measured 68-MeV p-7Li source,68.0,,JAERI_68MEV_BC501A_T025_FE080,JAERI_68MEV_PEAK_4.77E9_N_SR_UC,80.0,,31.0,32.0,,25.0,,20.0,lethargy_flux,223.0,n cm-2 lethargy-1 uC-1,14.941,6.7,BC501A unfolded neutron spectrum,OK,,JAERI-Data/Code 97-020 Tables 10-15,jaeri_tiara_bc501a_transmission_spectra_phase1_verified.csv
N002_JAERI_TIARA_68MEV_TRANS_000387,N002_JAERI_TIARA_68MEV,external_reference,neutron,JAERI/TIARA experimental concrete,2.31,measured 68-MeV p-7Li source,68.0,,JAERI_68MEV_BC501A_T025_FE080,JAERI_68MEV_PEAK_4.77E9_N_SR_UC,80.0,,30.0,31.0,,25.0,,20.0,lethargy_flux,216.0,n cm-2 lethargy-1 uC-1,14.904000000000002,6.9,BC501A unfolded neutron spectrum,OK,,JAERI-Data/Code 97-020 Tables 10-15,jaeri_tiara_bc501a_transmission_spectra_phase1_verified.csv
N002_JAERI_TIARA_68MEV_TRANS_000388,N002_JAERI_TIARA_68MEV,external_reference,neutron,JAERI/TIARA experimental concrete,2.31,measured 68-MeV p-7Li source,68.0,,JAERI_68MEV_BC501A_T025_FE080,JAERI_68MEV_PEAK_4.77E9_N_SR_UC,80.0,,29.0,30.0,,25.0,,20.0,lethargy_flux,208.0,n cm-2 lethargy-1 uC-1,13.104,6.3,BC501A unfolded neutron spectrum,OK,,JAERI-Data/Code 97-020 Tables 10-15,jaeri_tiara_bc501a_transmission_spectra_phase1_verified.csv
N002_JAERI_TIARA_68MEV_TRANS_000389,N002_JAERI_TIARA_68MEV,external_reference,neutron,JAERI/TIARA experimental concrete,2.31,measured 68-MeV p-7Li source,68.0,,JAERI_68MEV_BC501A_T025_FE080,JAERI_68MEV_PEAK_4.77E9_N_SR_UC,80.0,,28.0,29.0,,25.0,,20.0,lethargy_flux,201.0,n cm-2 lethargy-1 uC-1,11.457,5.7,BC501A unfolded neutron spectrum,OK,,JAERI-Data/Code 97-020 Tables 10-15,jaeri_tiara_bc501a_transmission_spectra_phase1_verified.csv
N002_JAERI_TIARA_68MEV_TRANS_000390,N002_JAERI_TIARA_68MEV,external_reference,neutron,JAERI/TIARA experimental concrete,2.31,measured 68-MeV p-7Li source,68.0,,JAERI_68MEV_BC501A_T025_FE080,JAERI_68MEV_PEAK_4.77E9_N_SR_UC,80.0,,27.0,28.0,,25.0,,20.0,lethargy_flux,194.0,n cm-2 lethargy-1 uC-1,11.058,5.7,BC501A unfolded neutron spectrum,OK,,JAERI-Data/Code 97-020 Tables 10-15,jaeri_tiara_bc501a_transmission_spectra_phase1_verified.csv
N002_JAERI_TIARA_68MEV_TRANS_000391,N002_JAERI_TIARA_68MEV,external_reference,neutron,JAERI/TIARA experimental concrete,2.31,measured 68-MeV p-7Li source,68.0,,JAERI_68MEV_BC501A_T025_FE080,JAERI_68MEV_PEAK_4.77E9_N_SR_UC,80.0,,26.0,27.0,,25.0,,20.0,lethargy_flux,187.0,n cm-2 lethargy-1 uC-1,13.09,7.0,BC501A unfolded neutron spectrum,OK,,JAERI-Data/Code 97-020 Tables 10-15,jaeri_tiara_bc501a_transmission_spectra_phase1_verified.csv
N002_JAERI_TIARA_68MEV_TRANS_000392,N002_JAERI_TIARA_68MEV,external_reference,neutron,JAERI/TIARA experimental concrete,2.31,measured 68-MeV p-7Li source,68.0,,JAERI_68MEV_BC501A_T025_FE080,JAERI_68MEV_PEAK_4.77E9_N_SR_UC,80.0,,25.0,26.0,,25.0,,20.0,lethargy_flux,179.0,n cm-2 lethargy-1 uC-1,16.647000000000002,9.3,BC501A unfolded neutron spectrum,OK,,JAERI-Data/Code 97-020 Tables 10-15,jaeri_tiara_bc501a_transmission_spectra_phase1_verified.csv
N002_JAERI_TIARA_68MEV_TRANS_000393,N002_JAERI_TIARA_68MEV,external_reference,neutron,JAERI/TIARA experimental concrete,2.31,measured 68-MeV p-7Li source,68.0,,JAERI_68MEV_BC501A_T025_FE080,JAERI_68MEV_PEAK_4.77E9_N_SR_UC,80.0,,24.0,25.0,,25.0,,20.0,lethargy_flux,170.0,n cm-2 lethargy-1 uC-1,18.7,11.0,BC501A unfolded neutron spectrum,OK,,JAERI-Data/Code 97-020 Tables 10-15,jaeri_tiara_bc501a_transmission_spectra_phase1_verified.csv
N002_JAERI_TIARA_68MEV_TRANS_000394,N002_JAERI_TIARA_68MEV,external_reference,neutron,JAERI/TIARA experimental concrete,2.31,measured 68-MeV p-7Li source,68.0,,JAERI_68MEV_BC501A_T025_FE080,JAERI_68MEV_PEAK_4.77E9_N_SR_UC,80.0,,23.0,24.0,,25.0,,20.0,lethargy_flux,160.0,n cm-2 lethargy-1 uC-1,17.44,10.9,BC501A unfolded neutron spectrum,OK,,JAERI-Data/Code 97-020 Tables 10-15,jaeri_tiara_bc501a_transmission_spectra_phase1_verified.csv
N002_JAERI_TIARA_68MEV_TRANS_000395,N002_JAERI_TIARA_68MEV,external_reference,neutron,JAERI/TIARA experimental concrete,2.31,measured 68-MeV p-7Li source,68.0,,JAERI_68MEV_BC501A_T025_FE080,JAERI_68MEV_PEAK_4.77E9_N_SR_UC,80.0,,22.0,23.0,,25.0,,20.0,lethargy_flux,150.0,n cm-2 lethargy-1 uC-1,13.8,9.2,BC501A unfolded neutron spectrum,OK,,JAERI-Data/Code 97-020 Tables 10-15,jaeri_tiara_bc501a_transmission_spectra_phase1_verified.csv
N002_JAERI_TIARA_68MEV_TRANS_000396,N002_JAERI_TIARA_68MEV,external_reference,neutron,JAERI/TIARA experimental concrete,2.31,measured 68-MeV p-7Li source,68.0,,JAERI_68MEV_BC501A_T025_FE080,JAERI_68MEV_PEAK_4.77E9_N_SR_UC,80.0,,21.0,22.0,,25.0,,20.0,lethargy_flux,141.0,n cm-2 lethargy-1 uC-1,9.729000000000001,6.9,BC501A unfolded neutron spectrum,OK,,JAERI-Data/Code 97-020 Tables 10-15,jaeri_tiara_bc501a_transmission_spectra_phase1_verified.csv
N002_JAERI_TIARA_68MEV_TRANS_000397,N002_JAERI_TIARA_68MEV,external_reference,neutron,JAERI/TIARA experimental concrete,2.31,measured 68-MeV p-7Li source,68.0,,JAERI_68MEV_BC501A_T025_FE080,JAERI_68MEV_PEAK_4.77E9_N_SR_UC,80.0,,20.0,21.0,,25.0,,20.0,lethargy_flux,132.0,n cm-2 lethargy-1 uC-1,6.731999999999999,5.1,BC501A unfolded neutron spectrum,OK,,JAERI-Data/Code 97-020 Tables 10-15,jaeri_tiara_bc501a_transmission_spectra_phase1_verified.csv
N002_JAERI_TIARA_68MEV_TRANS_000398,N002_JAERI_TIARA_68MEV,external_reference,neutron,JAERI/TIARA experimental concrete,2.31,measured 68-MeV p-7Li source,68.0,,JAERI_68MEV_BC501A_T025_FE080,JAERI_68MEV_PEAK_4.77E9_N_SR_UC,80.0,,19.0,20.0,,25.0,,20.0,lethargy_flux,124.0,n cm-2 lethargy-1 uC-1,8.68,7.0,BC501A unfolded neutron spectrum,OK,,JAERI-Data/Code 97-020 Tables 10-15,jaeri_tiara_bc501a_transmission_spectra_phase1_verified.csv
N002_JAERI_TIARA_68MEV_TRANS_000399,N002_JAERI_TIARA_68MEV,external_reference,neutron,JAERI/TIARA experimental concrete,2.31,measured 68-MeV p-7Li source,68.0,,JAERI_68MEV_BC501A_T025_FE080,JAERI_68MEV_PEAK_4.77E9_N_SR_UC,80.0,,18.0,19.0,,25.0,,20.0,lethargy_flux,115.0,n cm-2 lethargy-1 uC-1,12.65,11.0,BC501A unfolded neutron spectrum,OK,,JAERI-Data/Code 97-020 Tables 10-15,jaeri_tiara_bc501a_transmission_spectra_phase1_verified.csv
N002_JAERI_TIARA_68MEV_TRANS_000400,N002_JAERI_TIARA_68MEV,external_reference,neutron,JAERI/TIARA experimental concrete,2.31,measured 68-MeV p-7Li source,68.0,,JAERI_68MEV_BC501A_T025_FE080,JAERI_68MEV_PEAK_4.77E9_N_SR_UC,80.0,,17.0,18.0,,25.0,,20.0,lethargy_flux,106.0,n cm-2 lethargy-1 uC-1,13.461999999999998,12.7,BC501A unfolded neutron spectrum,OK,,JAERI-Data/Code 97-020 Tables 10-15,jaeri_tiara_bc501a_transmission_spectra_phase1_verified.csv
N002_JAERI_TIARA_68MEV_TRANS_000401,N002_JAERI_TIARA_68MEV,external_reference,neutron,JAERI/TIARA experimental concrete,2.31,measured 68-MeV p-7Li source,68.0,,JAERI_68MEV_BC501A_T025_FE080,JAERI_68MEV_PEAK_4.77E9_N_SR_UC,80.0,,16.0,17.0,,25.0,,20.0,lethargy_flux,98.2,n cm-2 lethargy-1 uC-1,9.5254,9.7,BC501A unfolded neutron spectrum,OK,,JAERI-Data/Code 97-020 Tables 10-15,jaeri_tiara_bc501a_transmission_spectra_phase1_verified.csv
N002_JAERI_TIARA_68MEV_TRANS_000402,N002_JAERI_TIARA_68MEV,external_reference,neutron,JAERI/TIARA experimental concrete,2.31,measured 68-MeV p-7Li source,68.0,,JAERI_68MEV_BC501A_T025_FE080,JAERI_68MEV_PEAK_4.77E9_N_SR_UC,80.0,,15.0,16.0,,25.0,,20.0,lethargy_flux,91.1,n cm-2 lethargy-1 uC-1,6.194799999999999,6.8,BC501A unfolded neutron spectrum,OK,,JAERI-Data/Code 97-020 Tables 10-15,jaeri_tiara_bc501a_transmission_spectra_phase1_verified.csv
N002_JAERI_TIARA_68MEV_TRANS_000403,N002_JAERI_TIARA_68MEV,external_reference,neutron,JAERI/TIARA experimental concrete,2.31,measured 68-MeV p-7Li source,68.0,,JAERI_68MEV_BC501A_T025_FE080,JAERI_68MEV_PEAK_4.77E9_N_SR_UC,80.0,,14.0,15.0,,25.0,,20.0,lethargy_flux,85.1,n cm-2 lethargy-1 uC-1,7.063300000000001,8.3,BC501A unfolded neutron spectrum,OK,,JAERI-Data/Code 97-020 Tables 10-15,jaeri_tiara_bc501a_transmission_spectra_phase1_verified.csv
N002_JAERI_TIARA_68MEV_TRANS_000404,N002_JAERI_TIARA_68MEV,external_reference,neutron,JAERI/TIARA experimental concrete,2.31,measured 68-MeV p-7Li source,68.0,,JAERI_68MEV_BC501A_T025_FE080,JAERI_68MEV_PEAK_4.77E9_N_SR_UC,80.0,,13.0,14.0,,25.0,,20.0,lethargy_flux,81.1,n cm-2 lethargy-1 uC-1,4.3794,5.4,BC501A unfolded neutron spectrum,OK,,JAERI-Data/Code 97-020 Tables 10-15,jaeri_tiara_bc501a_transmission_spectra_phase1_verified.csv
N002_JAERI_TIARA_68MEV_TRANS_000405,N002_JAERI_TIARA_68MEV,external_reference,neutron,JAERI/TIARA experimental concrete,2.31,measured 68-MeV p-7Li source,68.0,,JAERI_68MEV_BC501A_T025_FE080,JAERI_68MEV_PEAK_4.77E9_N_SR_UC,80.0,,12.0,13.0,,25.0,,20.0,lethargy_flux,79.8,n cm-2 lethargy-1 uC-1,5.7456,7.2,BC501A unfolded neutron spectrum,OK,,JAERI-Data/Code 97-020 Tables 10-15,jaeri_tiara_bc501a_transmission_spectra_phase1_verified.csv
N002_JAERI_TIARA_68MEV_TRANS_000406,N002_JAERI_TIARA_68MEV,external_reference,neutron,JAERI/TIARA experimental concrete,2.31,measured 68-MeV p-7Li source,68.0,,JAERI_68MEV_BC501A_T025_FE080,JAERI_68MEV_PEAK_4.77E9_N_SR_UC,80.0,,11.0,12.0,,25.0,,20.0,lethargy_flux,79.9,n cm-2 lethargy-1 uC-1,7.031200000000001,8.8,BC501A unfolded neutron spectrum,OK,,JAERI-Data/Code 97-020 Tables 10-15,jaeri_tiara_bc501a_transmission_spectra_phase1_verified.csv
N002_JAERI_TIARA_68MEV_TRANS_000407,N002_JAERI_TIARA_68MEV,external_reference,neutron,JAERI/TIARA experimental concrete,2.31,measured 68-MeV p-7Li source,68.0,,JAERI_68MEV_BC501A_T025_FE080,JAERI_68MEV_PEAK_4.77E9_N_SR_UC,80.0,,10.0,11.0,,25.0,,20.0,lethargy_flux,80.0,n cm-2 lethargy-1 uC-1,6.16,7.7,BC501A unfolded neutron spectrum,OK,,JAERI-Data/Code 97-020 Tables 10-15,jaeri_tiara_bc501a_transmission_spectra_phase1_verified.csv
N002_JAERI_TIARA_68MEV_TRANS_000408,N002_JAERI_TIARA_68MEV,external_reference,neutron,JAERI/TIARA experimental concrete,2.31,measured 68-MeV p-7Li source,68.0,,JAERI_68MEV_BC501A_T025_FE080,JAERI_68MEV_PEAK_4.77E9_N_SR_UC,80.0,,9.0,10.0,,25.0,,20.0,lethargy_flux,79.4,n cm-2 lethargy-1 uC-1,5.0022,6.3,BC501A unfolded neutron spectrum,OK,,JAERI-Data/Code 97-020 Tables 10-15,jaeri_tiara_bc501a_transmission_spectra_phase1_verified.csv
N002_JAERI_TIARA_68MEV_TRANS_000409,N002_JAERI_TIARA_68MEV,external_reference,neutron,JAERI/TIARA experimental concrete,2.31,measured 68-MeV p-7Li source,68.0,,JAERI_68MEV_BC501A_T025_FE080,JAERI_68MEV_PEAK_4.77E9_N_SR_UC,80.0,,8.0,9.0,,25.0,,20.0,lethargy_flux,78.9,n cm-2 lethargy-1 uC-1,4.3395,5.5,BC501A unfolded neutron spectrum,OK,,JAERI-Data/Code 97-020 Tables 10-15,jaeri_tiara_bc501a_transmission_spectra_phase1_verified.csv
N002_JAERI_TIARA_68MEV_TRANS_000410,N002_JAERI_TIARA_68MEV,external_reference,neutron,JAERI/TIARA experimental concrete,2.31,measured 68-MeV p-7Li source,68.0,,JAERI_68MEV_BC501A_T025_FE080,JAERI_68MEV_PEAK_4.77E9_N_SR_UC,80.0,,7.0,8.0,,25.0,,20.0,lethargy_flux,80.7,n cm-2 lethargy-1 uC-1,3.954300000000001,4.9,BC501A unfolded neutron spectrum,OK,,JAERI-Data/Code 97-020 Tables 10-15,jaeri_tiara_bc501a_transmission_spectra_phase1_verified.csv
N002_JAERI_TIARA_68MEV_TRANS_000411,N002_JAERI_TIARA_68MEV,external_reference,neutron,JAERI/TIARA experimental concrete,2.31,measured 68-MeV p-7Li source,68.0,,JAERI_68MEV_BC501A_T025_FE080,JAERI_68MEV_PEAK_4.77E9_N_SR_UC,80.0,,68.0,70.0,,25.0,,40.0,lethargy_flux,5.04,n cm-2 lethargy-1 uC-1,0.69552,13.8,BC501A unfolded neutron spectrum,OK,,JAERI-Data/Code 97-020 Tables 10-15,jaeri_tiara_bc501a_transmission_spectra_phase1_verified.csv
N002_JAERI_TIARA_68MEV_TRANS_000412,N002_JAERI_TIARA_68MEV,external_reference,neutron,JAERI/TIARA experimental concrete,2.31,measured 68-MeV p-7Li source,68.0,,JAERI_68MEV_BC501A_T025_FE080,JAERI_68MEV_PEAK_4.77E9_N_SR_UC,80.0,,66.0,68.0,,25.0,,40.0,lethargy_flux,9.94,n cm-2 lethargy-1 uC-1,2.14704,21.6,BC501A unfolded neutron spectrum,OK,,JAERI-Data/Code 97-020 Tables 10-15,jaeri_tiara_bc501a_transmission_spectra_phase1_verified.csv
N002_JAERI_TIARA_68MEV_TRANS_000413,N002_JAERI_TIARA_68MEV,external_reference,neutron,JAERI/TIARA experimental concrete,2.31,measured 68-MeV p-7Li source,68.0,,JAERI_68MEV_BC501A_T025_FE080,JAERI_68MEV_PEAK_4.77E9_N_SR_UC,80.0,,64.0,66.0,,25.0,,40.0,lethargy_flux,23.6,n cm-2 lethargy-1 uC-1,3.2332,13.7,BC501A unfolded neutron spectrum,OK,,JAERI-Data/Code 97-020 Tables 10-15,jaeri_tiara_bc501a_transmission_spectra_phase1_verified.csv
N002_JAERI_TIARA_68MEV_TRANS_000414,N002_JAERI_TIARA_68MEV,external_reference,neutron,JAERI/TIARA experimental concrete,2.31,measured 68-MeV p-7Li source,68.0,,JAERI_68MEV_BC501A_T025_FE080,JAERI_68MEV_PEAK_4.77E9_N_SR_UC,80.0,,62.0,64.0,,25.0,,40.0,lethargy_flux,33.7,n cm-2 lethargy-1 uC-1,3.9092000000000002,11.6,BC501A unfolded neutron spectrum,OK,,JAERI-Data/Code 97-020 Tables 10-15,jaeri_tiara_bc501a_transmission_spectra_phase1_verified.csv
N002_JAERI_TIARA_68MEV_TRANS_000415,N002_JAERI_TIARA_68MEV,external_reference,neutron,JAERI/TIARA experimental concrete,2.31,measured 68-MeV p-7Li source,68.0,,JAERI_68MEV_BC501A_T025_FE080,JAERI_68MEV_PEAK_4.77E9_N_SR_UC,80.0,,60.0,62.0,,25.0,,40.0,lethargy_flux,21.4,n cm-2 lethargy-1 uC-1,4.044599999999999,18.9,BC501A unfolded neutron spectrum,OK,,JAERI-Data/Code 97-020 Tables 10-15,jaeri_tiara_bc501a_transmission_spectra_phase1_verified.csv
N002_JAERI_TIARA_68MEV_TRANS_000416,N002_JAERI_TIARA_68MEV,external_reference,neutron,JAERI/TIARA experimental concrete,2.31,measured 68-MeV p-7Li source,68.0,,JAERI_68MEV_BC501A_T025_FE080,JAERI_68MEV_PEAK_4.77E9_N_SR_UC,80.0,,58.0,60.0,,25.0,,40.0,lethargy_flux,13.5,n cm-2 lethargy-1 uC-1,1.9035,14.1,BC501A unfolded neutron spectrum,OK,,JAERI-Data/Code 97-020 Tables 10-15,jaeri_tiara_bc501a_transmission_spectra_phase1_verified.csv
N002_JAERI_TIARA_68MEV_TRANS_000417,N002_JAERI_TIARA_68MEV,external_reference,neutron,JAERI/TIARA experimental concrete,2.31,measured 68-MeV p-7Li source,68.0,,JAERI_68MEV_BC501A_T025_FE080,JAERI_68MEV_PEAK_4.77E9_N_SR_UC,80.0,,56.0,58.0,,25.0,,40.0,lethargy_flux,14.1,n cm-2 lethargy-1 uC-1,1.269,9.0,BC501A unfolded neutron spectrum,OK,,JAERI-Data/Code 97-020 Tables 10-15,jaeri_tiara_bc501a_transmission_spectra_phase1_verified.csv
N002_JAERI_TIARA_68MEV_TRANS_000418,N002_JAERI_TIARA_68MEV,external_reference,neutron,JAERI/TIARA experimental concrete,2.31,measured 68-MeV p-7Li source,68.0,,JAERI_68MEV_BC501A_T025_FE080,JAERI_68MEV_PEAK_4.77E9_N_SR_UC,80.0,,54.0,56.0,,25.0,,40.0,lethargy_flux,15.2,n cm-2 lethargy-1 uC-1,1.1248,7.4,BC501A unfolded neutron spectrum,OK,,JAERI-Data/Code 97-020 Tables 10-15,jaeri_tiara_bc501a_transmission_spectra_phase1_verified.csv
N002_JAERI_TIARA_68MEV_TRANS_000419,N002_JAERI_TIARA_68MEV,external_reference,neutron,JAERI/TIARA experimental concrete,2.31,measured 68-MeV p-7Li source,68.0,,JAERI_68MEV_BC501A_T025_FE080,JAERI_68MEV_PEAK_4.77E9_N_SR_UC,80.0,,52.0,54.0,,25.0,,40.0,lethargy_flux,15.8,n cm-2 lethargy-1 uC-1,0.9006000000000001,5.7,BC501A unfolded neutron spectrum,OK,,JAERI-Data/Code 97-020 Tables 10-15,jaeri_tiara_bc501a_transmission_spectra_phase1_verified.csv
N002_JAERI_TIARA_68MEV_TRANS_000420,N002_JAERI_TIARA_68MEV,external_reference,neutron,JAERI/TIARA experimental concrete,2.31,measured 68-MeV p-7Li source,68.0,,JAERI_68MEV_BC501A_T025_FE080,JAERI_68MEV_PEAK_4.77E9_N_SR_UC,80.0,,50.0,52.0,,25.0,,40.0,lethargy_flux,16.7,n cm-2 lethargy-1 uC-1,0.9018,5.4,BC501A unfolded neutron spectrum,OK,,JAERI-Data/Code 97-020 Tables 10-15,jaeri_tiara_bc501a_transmission_spectra_phase1_verified.csv
N002_JAERI_TIARA_68MEV_TRANS_000421,N002_JAERI_TIARA_68MEV,external_reference,neutron,JAERI/TIARA experimental concrete,2.31,measured 68-MeV p-7Li source,68.0,,JAERI_68MEV_BC501A_T025_FE080,JAERI_68MEV_PEAK_4.77E9_N_SR_UC,80.0,,48.0,50.0,,25.0,,40.0,lethargy_flux,18.6,n cm-2 lethargy-1 uC-1,1.0230000000000001,5.5,BC501A unfolded neutron spectrum,OK,,JAERI-Data/Code 97-020 Tables 10-15,jaeri_tiara_bc501a_transmission_spectra_phase1_verified.csv
N002_JAERI_TIARA_68MEV_TRANS_000422,N002_JAERI_TIARA_68MEV,external_reference,neutron,JAERI/TIARA experimental concrete,2.31,measured 68-MeV p-7Li source,68.0,,JAERI_68MEV_BC501A_T025_FE080,JAERI_68MEV_PEAK_4.77E9_N_SR_UC,80.0,,46.0,48.0,,25.0,,40.0,lethargy_flux,20.8,n cm-2 lethargy-1 uC-1,1.2064,5.8,BC501A unfolded neutron spectrum,OK,,JAERI-Data/Code 97-020 Tables 10-15,jaeri_tiara_bc501a_transmission_spectra_phase1_verified.csv
N002_JAERI_TIARA_68MEV_TRANS_000423,N002_JAERI_TIARA_68MEV,external_reference,neutron,JAERI/TIARA experimental concrete,2.31,measured 68-MeV p-7Li source,68.0,,JAERI_68MEV_BC501A_T025_FE080,JAERI_68MEV_PEAK_4.77E9_N_SR_UC,80.0,,44.0,46.0,,25.0,,40.0,lethargy_flux,22.0,n cm-2 lethargy-1 uC-1,1.276,5.8,BC501A unfolded neutron spectrum,OK,,JAERI-Data/Code 97-020 Tables 10-15,jaeri_tiara_bc501a_transmission_spectra_phase1_verified.csv
N002_JAERI_TIARA_68MEV_TRANS_000424,N002_JAERI_TIARA_68MEV,external_reference,neutron,JAERI/TIARA experimental concrete,2.31,measured 68-MeV p-7Li source,68.0,,JAERI_68MEV_BC501A_T025_FE080,JAERI_68MEV_PEAK_4.77E9_N_SR_UC,80.0,,43.0,44.0,,25.0,,40.0,lethargy_flux,22.2,n cm-2 lethargy-1 uC-1,1.2209999999999999,5.5,BC501A unfolded neutron spectrum,OK,,JAERI-Data/Code 97-020 Tables 10-15,jaeri_tiara_bc501a_transmission_spectra_phase1_verified.csv
N002_JAERI_TIARA_68MEV_TRANS_000425,N002_JAERI_TIARA_68MEV,external_reference,neutron,JAERI/TIARA experimental concrete,2.31,measured 68-MeV p-7Li source,68.0,,JAERI_68MEV_BC501A_T025_FE080,JAERI_68MEV_PEAK_4.77E9_N_SR_UC,80.0,,42.0,43.0,,25.0,,40.0,lethargy_flux,22.3,n cm-2 lethargy-1 uC-1,1.1819,5.3,BC501A unfolded neutron spectrum,OK,,JAERI-Data/Code 97-020 Tables 10-15,jaeri_tiara_bc501a_transmission_spectra_phase1_verified.csv
N002_JAERI_TIARA_68MEV_TRANS_000426,N002_JAERI_TIARA_68MEV,external_reference,neutron,JAERI/TIARA experimental concrete,2.31,measured 68-MeV p-7Li source,68.0,,JAERI_68MEV_BC501A_T025_FE080,JAERI_68MEV_PEAK_4.77E9_N_SR_UC,80.0,,41.0,42.0,,25.0,,40.0,lethargy_flux,22.4,n cm-2 lethargy-1 uC-1,1.1423999999999999,5.1,BC501A unfolded neutron spectrum,OK,,JAERI-Data/Code 97-020 Tables 10-15,jaeri_tiara_bc501a_transmission_spectra_phase1_verified.csv
N002_JAERI_TIARA_68MEV_TRANS_000427,N002_JAERI_TIARA_68MEV,external_reference,neutron,JAERI/TIARA experimental concrete,2.31,measured 68-MeV p-7Li source,68.0,,JAERI_68MEV_BC501A_T025_FE080,JAERI_68MEV_PEAK_4.77E9_N_SR_UC,80.0,,40.0,41.0,,25.0,,40.0,lethargy_flux,22.9,n cm-2 lethargy-1 uC-1,1.2137,5.3,BC501A unfolded neutron spectrum,OK,,JAERI-Data/Code 97-020 Tables 10-15,jaeri_tiara_bc501a_transmission_spectra_phase1_verified.csv
N002_JAERI_TIARA_68MEV_TRANS_000428,N002_JAERI_TIARA_68MEV,external_reference,neutron,JAERI/TIARA experimental concrete,2.31,measured 68-MeV p-7Li source,68.0,,JAERI_68MEV_BC501A_T025_FE080,JAERI_68MEV_PEAK_4.77E9_N_SR_UC,80.0,,39.0,40.0,,25.0,,40.0,lethargy_flux,23.5,n cm-2 lethargy-1 uC-1,1.3395000000000001,5.7,BC501A unfolded neutron spectrum,OK,,JAERI-Data/Code 97-020 Tables 10-15,jaeri_tiara_bc501a_transmission_spectra_phase1_verified.csv
N002_JAERI_TIARA_68MEV_TRANS_000429,N002_JAERI_TIARA_68MEV,external_reference,neutron,JAERI/TIARA experimental concrete,2.31,measured 68-MeV p-7Li source,68.0,,JAERI_68MEV_BC501A_T025_FE080,JAERI_68MEV_PEAK_4.77E9_N_SR_UC,80.0,,38.0,39.0,,25.0,,40.0,lethargy_flux,24.3,n cm-2 lethargy-1 uC-1,1.4337,5.9,BC501A unfolded neutron spectrum,OK,,JAERI-Data/Code 97-020 Tables 10-15,jaeri_tiara_bc501a_transmission_spectra_phase1_verified.csv
N002_JAERI_TIARA_68MEV_TRANS_000430,N002_JAERI_TIARA_68MEV,external_reference,neutron,JAERI/TIARA experimental concrete,2.31,measured 68-MeV p-7Li source,68.0,,JAERI_68MEV_BC501A_T025_FE080,JAERI_68MEV_PEAK_4.77E9_N_SR_UC,80.0,,37.0,38.0,,25.0,,40.0,lethargy_flux,25.3,n cm-2 lethargy-1 uC-1,1.4674,5.8,BC501A unfolded neutron spectrum,OK,,JAERI-Data/Code 97-020 Tables 10-15,jaeri_tiara_bc501a_transmission_spectra_phase1_verified.csv
N002_JAERI_TIARA_68MEV_TRANS_000431,N002_JAERI_TIARA_68MEV,external_reference,neutron,JAERI/TIARA experimental concrete,2.31,measured 68-MeV p-7Li source,68.0,,JAERI_68MEV_BC501A_T025_FE080,JAERI_68MEV_PEAK_4.77E9_N_SR_UC,80.0,,36.0,37.0,,25.0,,40.0,lethargy_flux,26.4,n cm-2 lethargy-1 uC-1,1.5048,5.7,BC501A unfolded neutron spectrum,OK,,JAERI-Data/Code 97-020 Tables 10-15,jaeri_tiara_bc501a_transmission_spectra_phase1_verified.csv
N002_JAERI_TIARA_68MEV_TRANS_000432,N002_JAERI_TIARA_68MEV,external_reference,neutron,JAERI/TIARA experimental concrete,2.31,measured 68-MeV p-7Li source,68.0,,JAERI_68MEV_BC501A_T025_FE080,JAERI_68MEV_PEAK_4.77E9_N_SR_UC,80.0,,35.0,36.0,,25.0,,40.0,lethargy_flux,27.4,n cm-2 lethargy-1 uC-1,1.4522,5.3,BC501A unfolded neutron spectrum,OK,,JAERI-Data/Code 97-020 Tables 10-15,jaeri_tiara_bc501a_transmission_spectra_phase1_verified.csv
N002_JAERI_TIARA_68MEV_TRANS_000433,N002_JAERI_TIARA_68MEV,external_reference,neutron,JAERI/TIARA experimental concrete,2.31,measured 68-MeV p-7Li source,68.0,,JAERI_68MEV_BC501A_T025_FE080,JAERI_68MEV_PEAK_4.77E9_N_SR_UC,80.0,,34.0,35.0,,25.0,,40.0,lethargy_flux,28.3,n cm-2 lethargy-1 uC-1,1.4716,5.2,BC501A unfolded neutron spectrum,OK,,JAERI-Data/Code 97-020 Tables 10-15,jaeri_tiara_bc501a_transmission_spectra_phase1_verified.csv
N002_JAERI_TIARA_68MEV_TRANS_000434,N002_JAERI_TIARA_68MEV,external_reference,neutron,JAERI/TIARA experimental concrete,2.31,measured 68-MeV p-7Li source,68.0,,JAERI_68MEV_BC501A_T025_FE080,JAERI_68MEV_PEAK_4.77E9_N_SR_UC,80.0,,33.0,34.0,,25.0,,40.0,lethargy_flux,28.8,n cm-2 lethargy-1 uC-1,1.5263999999999998,5.3,BC501A unfolded neutron spectrum,OK,,JAERI-Data/Code 97-020 Tables 10-15,jaeri_tiara_bc501a_transmission_spectra_phase1_verified.csv
N002_JAERI_TIARA_68MEV_TRANS_000435,N002_JAERI_TIARA_68MEV,external_reference,neutron,JAERI/TIARA experimental concrete,2.31,measured 68-MeV p-7Li source,68.0,,JAERI_68MEV_BC501A_T025_FE080,JAERI_68MEV_PEAK_4.77E9_N_SR_UC,80.0,,32.0,33.0,,25.0,,40.0,lethargy_flux,28.7,n cm-2 lethargy-1 uC-1,1.6359000000000001,5.7,BC501A unfolded neutron spectrum,OK,,JAERI-Data/Code 97-020 Tables 10-15,jaeri_tiara_bc501a_transmission_spectra_phase1_verified.csv
N002_JAERI_TIARA_68MEV_TRANS_000436,N002_JAERI_TIARA_68MEV,external_reference,neutron,JAERI/TIARA experimental concrete,2.31,measured 68-MeV p-7Li source,68.0,,JAERI_68MEV_BC501A_T025_FE080,JAERI_68MEV_PEAK_4.77E9_N_SR_UC,80.0,,31.0,32.0,,25.0,,40.0,lethargy_flux,28.1,n cm-2 lethargy-1 uC-1,1.7703,6.3,BC501A unfolded neutron spectrum,OK,,JAERI-Data/Code 97-020 Tables 10-15,jaeri_tiara_bc501a_transmission_spectra_phase1_verified.csv
N002_JAERI_TIARA_68MEV_TRANS_000437,N002_JAERI_TIARA_68MEV,external_reference,neutron,JAERI/TIARA experimental concrete,2.31,measured 68-MeV p-7Li source,68.0,,JAERI_68MEV_BC501A_T025_FE080,JAERI_68MEV_PEAK_4.77E9_N_SR_UC,80.0,,30.0,31.0,,25.0,,40.0,lethargy_flux,27.2,n cm-2 lethargy-1 uC-1,1.7135999999999998,6.3,BC501A unfolded neutron spectrum,OK,,JAERI-Data/Code 97-020 Tables 10-15,jaeri_tiara_bc501a_transmission_spectra_phase1_verified.csv
N002_JAERI_TIARA_68MEV_TRANS_000438,N002_JAERI_TIARA_68MEV,external_reference,neutron,JAERI/TIARA experimental concrete,2.31,measured 68-MeV p-7Li source,68.0,,JAERI_68MEV_BC501A_T025_FE080,JAERI_68MEV_PEAK_4.77E9_N_SR_UC,80.0,,29.0,30.0,,25.0,,40.0,lethargy_flux,26.3,n cm-2 lethargy-1 uC-1,1.4990999999999999,5.7,BC501A unfolded neutron spectrum,OK,,JAERI-Data/Code 97-020 Tables 10-15,jaeri_tiara_bc501a_transmission_spectra_phase1_verified.csv
N002_JAERI_TIARA_68MEV_TRANS_000439,N002_JAERI_TIARA_68MEV,external_reference,neutron,JAERI/TIARA experimental concrete,2.31,measured 68-MeV p-7Li source,68.0,,JAERI_68MEV_BC501A_T025_FE080,JAERI_68MEV_PEAK_4.77E9_N_SR_UC,80.0,,28.0,29.0,,25.0,,40.0,lethargy_flux,25.7,n cm-2 lethargy-1 uC-1,1.3107,5.1,BC501A unfolded neutron spectrum,OK,,JAERI-Data/Code 97-020 Tables 10-15,jaeri_tiara_bc501a_transmission_spectra_phase1_verified.csv
N002_JAERI_TIARA_68MEV_TRANS_000440,N002_JAERI_TIARA_68MEV,external_reference,neutron,JAERI/TIARA experimental concrete,2.31,measured 68-MeV p-7Li source,68.0,,JAERI_68MEV_BC501A_T025_FE080,JAERI_68MEV_PEAK_4.77E9_N_SR_UC,80.0,,27.0,28.0,,25.0,,40.0,lethargy_flux,25.3,n cm-2 lethargy-1 uC-1,1.3156,5.2,BC501A unfolded neutron spectrum,OK,,JAERI-Data/Code 97-020 Tables 10-15,jaeri_tiara_bc501a_transmission_spectra_phase1_verified.csv
N002_JAERI_TIARA_68MEV_TRANS_000441,N002_JAERI_TIARA_68MEV,external_reference,neutron,JAERI/TIARA experimental concrete,2.31,measured 68-MeV p-7Li source,68.0,,JAERI_68MEV_BC501A_T025_FE080,JAERI_68MEV_PEAK_4.77E9_N_SR_UC,80.0,,26.0,27.0,,25.0,,40.0,lethargy_flux,25.2,n cm-2 lethargy-1 uC-1,1.6128,6.4,BC501A unfolded neutron spectrum,OK,,JAERI-Data/Code 97-020 Tables 10-15,jaeri_tiara_bc501a_transmission_spectra_phase1_verified.csv
N002_JAERI_TIARA_68MEV_TRANS_000442,N002_JAERI_TIARA_68MEV,external_reference,neutron,JAERI/TIARA experimental concrete,2.31,measured 68-MeV p-7Li source,68.0,,JAERI_68MEV_BC501A_T025_FE080,JAERI_68MEV_PEAK_4.77E9_N_SR_UC,80.0,,25.0,26.0,,25.0,,40.0,lethargy_flux,25.1,n cm-2 lethargy-1 uC-1,2.2088,8.8,BC501A unfolded neutron spectrum,OK,,JAERI-Data/Code 97-020 Tables 10-15,jaeri_tiara_bc501a_transmission_spectra_phase1_verified.csv
N002_JAERI_TIARA_68MEV_TRANS_000443,N002_JAERI_TIARA_68MEV,external_reference,neutron,JAERI/TIARA experimental concrete,2.31,measured 68-MeV p-7Li source,68.0,,JAERI_68MEV_BC501A_T025_FE080,JAERI_68MEV_PEAK_4.77E9_N_SR_UC,80.0,,24.0,25.0,,25.0,,40.0,lethargy_flux,24.8,n cm-2 lethargy-1 uC-1,2.5544000000000002,10.3,BC501A unfolded neutron spectrum,OK,,JAERI-Data/Code 97-020 Tables 10-15,jaeri_tiara_bc501a_transmission_spectra_phase1_verified.csv
N002_JAERI_TIARA_68MEV_TRANS_000444,N002_JAERI_TIARA_68MEV,external_reference,neutron,JAERI/TIARA experimental concrete,2.31,measured 68-MeV p-7Li source,68.0,,JAERI_68MEV_BC501A_T025_FE080,JAERI_68MEV_PEAK_4.77E9_N_SR_UC,80.0,,23.0,24.0,,25.0,,40.0,lethargy_flux,24.2,n cm-2 lethargy-1 uC-1,2.3958,9.9,BC501A unfolded neutron spectrum,OK,,JAERI-Data/Code 97-020 Tables 10-15,jaeri_tiara_bc501a_transmission_spectra_phase1_verified.csv
N002_JAERI_TIARA_68MEV_TRANS_000445,N002_JAERI_TIARA_68MEV,external_reference,neutron,JAERI/TIARA experimental concrete,2.31,measured 68-MeV p-7Li source,68.0,,JAERI_68MEV_BC501A_T025_FE080,JAERI_68MEV_PEAK_4.77E9_N_SR_UC,80.0,,22.0,23.0,,25.0,,40.0,lethargy_flux,23.2,n cm-2 lethargy-1 uC-1,1.9023999999999999,8.2,BC501A unfolded neutron spectrum,OK,,JAERI-Data/Code 97-020 Tables 10-15,jaeri_tiara_bc501a_transmission_spectra_phase1_verified.csv
N002_JAERI_TIARA_68MEV_TRANS_000446,N002_JAERI_TIARA_68MEV,external_reference,neutron,JAERI/TIARA experimental concrete,2.31,measured 68-MeV p-7Li source,68.0,,JAERI_68MEV_BC501A_T025_FE080,JAERI_68MEV_PEAK_4.77E9_N_SR_UC,80.0,,21.0,22.0,,25.0,,40.0,lethargy_flux,22.0,n cm-2 lethargy-1 uC-1,1.3419999999999999,6.1,BC501A unfolded neutron spectrum,OK,,JAERI-Data/Code 97-020 Tables 10-15,jaeri_tiara_bc501a_transmission_spectra_phase1_verified.csv
N002_JAERI_TIARA_68MEV_TRANS_000447,N002_JAERI_TIARA_68MEV,external_reference,neutron,JAERI/TIARA experimental concrete,2.31,measured 68-MeV p-7Li source,68.0,,JAERI_68MEV_BC501A_T025_FE080,JAERI_68MEV_PEAK_4.77E9_N_SR_UC,80.0,,20.0,21.0,,25.0,,40.0,lethargy_flux,20.4,n cm-2 lethargy-1 uC-1,0.9383999999999999,4.6,BC501A unfolded neutron spectrum,OK,,JAERI-Data/Code 97-020 Tables 10-15,jaeri_tiara_bc501a_transmission_spectra_phase1_verified.csv
N002_JAERI_TIARA_68MEV_TRANS_000448,N002_JAERI_TIARA_68MEV,external_reference,neutron,JAERI/TIARA experimental concrete,2.31,measured 68-MeV p-7Li source,68.0,,JAERI_68MEV_BC501A_T025_FE080,JAERI_68MEV_PEAK_4.77E9_N_SR_UC,80.0,,19.0,20.0,,25.0,,40.0,lethargy_flux,18.8,n cm-2 lethargy-1 uC-1,1.1467999999999998,6.1,BC501A unfolded neutron spectrum,OK,,JAERI-Data/Code 97-020 Tables 10-15,jaeri_tiara_bc501a_transmission_spectra_phase1_verified.csv
N002_JAERI_TIARA_68MEV_TRANS_000449,N002_JAERI_TIARA_68MEV,external_reference,neutron,JAERI/TIARA experimental concrete,2.31,measured 68-MeV p-7Li source,68.0,,JAERI_68MEV_BC501A_T025_FE080,JAERI_68MEV_PEAK_4.77E9_N_SR_UC,80.0,,18.0,19.0,,25.0,,40.0,lethargy_flux,17.4,n cm-2 lethargy-1 uC-1,1.6529999999999998,9.5,BC501A unfolded neutron spectrum,OK,,JAERI-Data/Code 97-020 Tables 10-15,jaeri_tiara_bc501a_transmission_spectra_phase1_verified.csv
N002_JAERI_TIARA_68MEV_TRANS_000450,N002_JAERI_TIARA_68MEV,external_reference,neutron,JAERI/TIARA experimental concrete,2.31,measured 68-MeV p-7Li source,68.0,,JAERI_68MEV_BC501A_T025_FE080,JAERI_68MEV_PEAK_4.77E9_N_SR_UC,80.0,,17.0,18.0,,25.0,,40.0,lethargy_flux,16.6,n cm-2 lethargy-1 uC-1,1.7596,10.6,BC501A unfolded neutron spectrum,OK,,JAERI-Data/Code 97-020 Tables 10-15,jaeri_tiara_bc501a_transmission_spectra_phase1_verified.csv
N002_JAERI_TIARA_68MEV_TRANS_000451,N002_JAERI_TIARA_68MEV,external_reference,neutron,JAERI/TIARA experimental concrete,2.31,measured 68-MeV p-7Li source,68.0,,JAERI_68MEV_BC501A_T025_FE080,JAERI_68MEV_PEAK_4.77E9_N_SR_UC,80.0,,16.0,17.0,,25.0,,40.0,lethargy_flux,16.2,n cm-2 lethargy-1 uC-1,1.1825999999999999,7.3,BC501A unfolded neutron spectrum,OK,,JAERI-Data/Code 97-020 Tables 10-15,jaeri_tiara_bc501a_transmission_spectra_phase1_verified.csv
N002_JAERI_TIARA_68MEV_TRANS_000452,N002_JAERI_TIARA_68MEV,external_reference,neutron,JAERI/TIARA experimental concrete,2.31,measured 68-MeV p-7Li source,68.0,,JAERI_68MEV_BC501A_T025_FE080,JAERI_68MEV_PEAK_4.77E9_N_SR_UC,80.0,,15.0,16.0,,25.0,,40.0,lethargy_flux,15.9,n cm-2 lethargy-1 uC-1,0.8268000000000001,5.2,BC501A unfolded neutron spectrum,OK,,JAERI-Data/Code 97-020 Tables 10-15,jaeri_tiara_bc501a_transmission_spectra_phase1_verified.csv
N002_JAERI_TIARA_68MEV_TRANS_000453,N002_JAERI_TIARA_68MEV,external_reference,neutron,JAERI/TIARA experimental concrete,2.31,measured 68-MeV p-7Li source,68.0,,JAERI_68MEV_BC501A_T025_FE080,JAERI_68MEV_PEAK_4.77E9_N_SR_UC,80.0,,14.0,15.0,,25.0,,40.0,lethargy_flux,15.5,n cm-2 lethargy-1 uC-1,1.023,6.6,BC501A unfolded neutron spectrum,OK,,JAERI-Data/Code 97-020 Tables 10-15,jaeri_tiara_bc501a_transmission_spectra_phase1_verified.csv
N002_JAERI_TIARA_68MEV_TRANS_000454,N002_JAERI_TIARA_68MEV,external_reference,neutron,JAERI/TIARA experimental concrete,2.31,measured 68-MeV p-7Li source,68.0,,JAERI_68MEV_BC501A_T025_FE080,JAERI_68MEV_PEAK_4.77E9_N_SR_UC,80.0,,13.0,14.0,,25.0,,40.0,lethargy_flux,14.9,n cm-2 lethargy-1 uC-1,0.7152,4.8,BC501A unfolded neutron spectrum,OK,,JAERI-Data/Code 97-020 Tables 10-15,jaeri_tiara_bc501a_transmission_spectra_phase1_verified.csv
N002_JAERI_TIARA_68MEV_TRANS_000455,N002_JAERI_TIARA_68MEV,external_reference,neutron,JAERI/TIARA experimental concrete,2.31,measured 68-MeV p-7Li source,68.0,,JAERI_68MEV_BC501A_T025_FE080,JAERI_68MEV_PEAK_4.77E9_N_SR_UC,80.0,,12.0,13.0,,25.0,,40.0,lethargy_flux,14.4,n cm-2 lethargy-1 uC-1,0.8496000000000001,5.9,BC501A unfolded neutron spectrum,OK,,JAERI-Data/Code 97-020 Tables 10-15,jaeri_tiara_bc501a_transmission_spectra_phase1_verified.csv
N002_JAERI_TIARA_68MEV_TRANS_000456,N002_JAERI_TIARA_68MEV,external_reference,neutron,JAERI/TIARA experimental concrete,2.31,measured 68-MeV p-7Li source,68.0,,JAERI_68MEV_BC501A_T025_FE080,JAERI_68MEV_PEAK_4.77E9_N_SR_UC,80.0,,11.0,12.0,,25.0,,40.0,lethargy_flux,14.4,n cm-2 lethargy-1 uC-1,1.0512000000000001,7.3,BC501A unfolded neutron spectrum,OK,,JAERI-Data/Code 97-020 Tables 10-15,jaeri_tiara_bc501a_transmission_spectra_phase1_verified.csv
N002_JAERI_TIARA_68MEV_TRANS_000457,N002_JAERI_TIARA_68MEV,external_reference,neutron,JAERI/TIARA experimental concrete,2.31,measured 68-MeV p-7Li source,68.0,,JAERI_68MEV_BC501A_T025_FE080,JAERI_68MEV_PEAK_4.77E9_N_SR_UC,80.0,,10.0,11.0,,25.0,,40.0,lethargy_flux,14.6,n cm-2 lethargy-1 uC-1,0.9344,6.4,BC501A unfolded neutron spectrum,OK,,JAERI-Data/Code 97-020 Tables 10-15,jaeri_tiara_bc501a_transmission_spectra_phase1_verified.csv
N002_JAERI_TIARA_68MEV_TRANS_000458,N002_JAERI_TIARA_68MEV,external_reference,neutron,JAERI/TIARA experimental concrete,2.31,measured 68-MeV p-7Li source,68.0,,JAERI_68MEV_BC501A_T025_FE080,JAERI_68MEV_PEAK_4.77E9_N_SR_UC,80.0,,9.0,10.0,,25.0,,40.0,lethargy_flux,14.7,n cm-2 lethargy-1 uC-1,0.7938,5.4,BC501A unfolded neutron spectrum,OK,,JAERI-Data/Code 97-020 Tables 10-15,jaeri_tiara_bc501a_transmission_spectra_phase1_verified.csv
N002_JAERI_TIARA_68MEV_TRANS_000459,N002_JAERI_TIARA_68MEV,external_reference,neutron,JAERI/TIARA experimental concrete,2.31,measured 68-MeV p-7Li source,68.0,,JAERI_68MEV_BC501A_T025_FE080,JAERI_68MEV_PEAK_4.77E9_N_SR_UC,80.0,,8.0,9.0,,25.0,,40.0,lethargy_flux,14.8,n cm-2 lethargy-1 uC-1,0.7252000000000001,4.9,BC501A unfolded neutron spectrum,OK,,JAERI-Data/Code 97-020 Tables 10-15,jaeri_tiara_bc501a_transmission_spectra_phase1_verified.csv
N002_JAERI_TIARA_68MEV_TRANS_000460,N002_JAERI_TIARA_68MEV,external_reference,neutron,JAERI/TIARA experimental concrete,2.31,measured 68-MeV p-7Li source,68.0,,JAERI_68MEV_BC501A_T025_FE080,JAERI_68MEV_PEAK_4.77E9_N_SR_UC,80.0,,7.0,8.0,,25.0,,40.0,lethargy_flux,15.4,n cm-2 lethargy-1 uC-1,0.693,4.5,BC501A unfolded neutron spectrum,OK,,JAERI-Data/Code 97-020 Tables 10-15,jaeri_tiara_bc501a_transmission_spectra_phase1_verified.csv
N002_JAERI_TIARA_68MEV_TRANS_000461,N002_JAERI_TIARA_68MEV,external_reference,neutron,JAERI/TIARA experimental concrete,2.31,measured 68-MeV p-7Li source,68.0,,JAERI_68MEV_BC501A_T050_FE080,JAERI_68MEV_PEAK_4.77E9_N_SR_UC,80.0,,68.0,70.0,,50.0,,0.0,lethargy_flux,3120.0,n cm-2 lethargy-1 uC-1,156.0,5.0,BC501A unfolded neutron spectrum,OK,,JAERI-Data/Code 97-020 Tables 10-15,jaeri_tiara_bc501a_transmission_spectra_phase1_verified.csv
N002_JAERI_TIARA_68MEV_TRANS_000462,N002_JAERI_TIARA_68MEV,external_reference,neutron,JAERI/TIARA experimental concrete,2.31,measured 68-MeV p-7Li source,68.0,,JAERI_68MEV_BC501A_T050_FE080,JAERI_68MEV_PEAK_4.77E9_N_SR_UC,80.0,,66.0,68.0,,50.0,,0.0,lethargy_flux,6410.0,n cm-2 lethargy-1 uC-1,307.68,4.8,BC501A unfolded neutron spectrum,OK,,JAERI-Data/Code 97-020 Tables 10-15,jaeri_tiara_bc501a_transmission_spectra_phase1_verified.csv
N002_JAERI_TIARA_68MEV_TRANS_000463,N002_JAERI_TIARA_68MEV,external_reference,neutron,JAERI/TIARA experimental concrete,2.31,measured 68-MeV p-7Li source,68.0,,JAERI_68MEV_BC501A_T050_FE080,JAERI_68MEV_PEAK_4.77E9_N_SR_UC,80.0,,64.0,66.0,,50.0,,0.0,lethargy_flux,9060.0,n cm-2 lethargy-1 uC-1,407.7,4.5,BC501A unfolded neutron spectrum,OK,,JAERI-Data/Code 97-020 Tables 10-15,jaeri_tiara_bc501a_transmission_spectra_phase1_verified.csv
N002_JAERI_TIARA_68MEV_TRANS_000464,N002_JAERI_TIARA_68MEV,external_reference,neutron,JAERI/TIARA experimental concrete,2.31,measured 68-MeV p-7Li source,68.0,,JAERI_68MEV_BC501A_T050_FE080,JAERI_68MEV_PEAK_4.77E9_N_SR_UC,80.0,,62.0,64.0,,50.0,,0.0,lethargy_flux,9240.0,n cm-2 lethargy-1 uC-1,406.56,4.4,BC501A unfolded neutron spectrum,OK,,JAERI-Data/Code 97-020 Tables 10-15,jaeri_tiara_bc501a_transmission_spectra_phase1_verified.csv
N002_JAERI_TIARA_68MEV_TRANS_000465,N002_JAERI_TIARA_68MEV,external_reference,neutron,JAERI/TIARA experimental concrete,2.31,measured 68-MeV p-7Li source,68.0,,JAERI_68MEV_BC501A_T050_FE080,JAERI_68MEV_PEAK_4.77E9_N_SR_UC,80.0,,60.0,62.0,,50.0,,0.0,lethargy_flux,6950.0,n cm-2 lethargy-1 uC-1,333.6,4.8,BC501A unfolded neutron spectrum,OK,,JAERI-Data/Code 97-020 Tables 10-15,jaeri_tiara_bc501a_transmission_spectra_phase1_verified.csv
N002_JAERI_TIARA_68MEV_TRANS_000466,N002_JAERI_TIARA_68MEV,external_reference,neutron,JAERI/TIARA experimental concrete,2.31,measured 68-MeV p-7Li source,68.0,,JAERI_68MEV_BC501A_T050_FE080,JAERI_68MEV_PEAK_4.77E9_N_SR_UC,80.0,,58.0,60.0,,50.0,,0.0,lethargy_flux,3920.0,n cm-2 lethargy-1 uC-1,203.84,5.2,BC501A unfolded neutron spectrum,OK,,JAERI-Data/Code 97-020 Tables 10-15,jaeri_tiara_bc501a_transmission_spectra_phase1_verified.csv
N002_JAERI_TIARA_68MEV_TRANS_000467,N002_JAERI_TIARA_68MEV,external_reference,neutron,JAERI/TIARA experimental concrete,2.31,measured 68-MeV p-7Li source,68.0,,JAERI_68MEV_BC501A_T050_FE080,JAERI_68MEV_PEAK_4.77E9_N_SR_UC,80.0,,56.0,58.0,,50.0,,0.0,lethargy_flux,1790.0,n cm-2 lethargy-1 uC-1,91.29,5.1,BC501A unfolded neutron spectrum,OK,,JAERI-Data/Code 97-020 Tables 10-15,jaeri_tiara_bc501a_transmission_spectra_phase1_verified.csv
N002_JAERI_TIARA_68MEV_TRANS_000468,N002_JAERI_TIARA_68MEV,external_reference,neutron,JAERI/TIARA experimental concrete,2.31,measured 68-MeV p-7Li source,68.0,,JAERI_68MEV_BC501A_T050_FE080,JAERI_68MEV_PEAK_4.77E9_N_SR_UC,80.0,,54.0,56.0,,50.0,,0.0,lethargy_flux,930.0,n cm-2 lethargy-1 uC-1,58.59,6.3,BC501A unfolded neutron spectrum,OK,,JAERI-Data/Code 97-020 Tables 10-15,jaeri_tiara_bc501a_transmission_spectra_phase1_verified.csv
N002_JAERI_TIARA_68MEV_TRANS_000469,N002_JAERI_TIARA_68MEV,external_reference,neutron,JAERI/TIARA experimental concrete,2.31,measured 68-MeV p-7Li source,68.0,,JAERI_68MEV_BC501A_T050_FE080,JAERI_68MEV_PEAK_4.77E9_N_SR_UC,80.0,,52.0,54.0,,50.0,,0.0,lethargy_flux,846.0,n cm-2 lethargy-1 uC-1,64.29599999999999,7.6,BC501A unfolded neutron spectrum,OK,,JAERI-Data/Code 97-020 Tables 10-15,jaeri_tiara_bc501a_transmission_spectra_phase1_verified.csv
N002_JAERI_TIARA_68MEV_TRANS_000470,N002_JAERI_TIARA_68MEV,external_reference,neutron,JAERI/TIARA experimental concrete,2.31,measured 68-MeV p-7Li source,68.0,,JAERI_68MEV_BC501A_T050_FE080,JAERI_68MEV_PEAK_4.77E9_N_SR_UC,80.0,,50.0,52.0,,50.0,,0.0,lethargy_flux,985.0,n cm-2 lethargy-1 uC-1,62.055,6.3,BC501A unfolded neutron spectrum,OK,,JAERI-Data/Code 97-020 Tables 10-15,jaeri_tiara_bc501a_transmission_spectra_phase1_verified.csv
N002_JAERI_TIARA_68MEV_TRANS_000471,N002_JAERI_TIARA_68MEV,external_reference,neutron,JAERI/TIARA experimental concrete,2.31,measured 68-MeV p-7Li source,68.0,,JAERI_68MEV_BC501A_T050_FE080,JAERI_68MEV_PEAK_4.77E9_N_SR_UC,80.0,,48.0,50.0,,50.0,,0.0,lethargy_flux,1070.0,n cm-2 lethargy-1 uC-1,59.92,5.6,BC501A unfolded neutron spectrum,OK,,JAERI-Data/Code 97-020 Tables 10-15,jaeri_tiara_bc501a_transmission_spectra_phase1_verified.csv
N002_JAERI_TIARA_68MEV_TRANS_000472,N002_JAERI_TIARA_68MEV,external_reference,neutron,JAERI/TIARA experimental concrete,2.31,measured 68-MeV p-7Li source,68.0,,JAERI_68MEV_BC501A_T050_FE080,JAERI_68MEV_PEAK_4.77E9_N_SR_UC,80.0,,46.0,48.0,,50.0,,0.0,lethargy_flux,1050.0,n cm-2 lethargy-1 uC-1,55.65,5.3,BC501A unfolded neutron spectrum,OK,,JAERI-Data/Code 97-020 Tables 10-15,jaeri_tiara_bc501a_transmission_spectra_phase1_verified.csv
N002_JAERI_TIARA_68MEV_TRANS_000473,N002_JAERI_TIARA_68MEV,external_reference,neutron,JAERI/TIARA experimental concrete,2.31,measured 68-MeV p-7Li source,68.0,,JAERI_68MEV_BC501A_T050_FE080,JAERI_68MEV_PEAK_4.77E9_N_SR_UC,80.0,,44.0,46.0,,50.0,,0.0,lethargy_flux,953.0,n cm-2 lethargy-1 uC-1,49.556000000000004,5.2,BC501A unfolded neutron spectrum,OK,,JAERI-Data/Code 97-020 Tables 10-15,jaeri_tiara_bc501a_transmission_spectra_phase1_verified.csv
N002_JAERI_TIARA_68MEV_TRANS_000474,N002_JAERI_TIARA_68MEV,external_reference,neutron,JAERI/TIARA experimental concrete,2.31,measured 68-MeV p-7Li source,68.0,,JAERI_68MEV_BC501A_T050_FE080,JAERI_68MEV_PEAK_4.77E9_N_SR_UC,80.0,,43.0,44.0,,50.0,,0.0,lethargy_flux,857.0,n cm-2 lethargy-1 uC-1,46.278,5.4,BC501A unfolded neutron spectrum,OK,,JAERI-Data/Code 97-020 Tables 10-15,jaeri_tiara_bc501a_transmission_spectra_phase1_verified.csv
N002_JAERI_TIARA_68MEV_TRANS_000475,N002_JAERI_TIARA_68MEV,external_reference,neutron,JAERI/TIARA experimental concrete,2.31,measured 68-MeV p-7Li source,68.0,,JAERI_68MEV_BC501A_T050_FE080,JAERI_68MEV_PEAK_4.77E9_N_SR_UC,80.0,,42.0,43.0,,50.0,,0.0,lethargy_flux,793.0,n cm-2 lethargy-1 uC-1,43.615,5.5,BC501A unfolded neutron spectrum,OK,,JAERI-Data/Code 97-020 Tables 10-15,jaeri_tiara_bc501a_transmission_spectra_phase1_verified.csv
N002_JAERI_TIARA_68MEV_TRANS_000476,N002_JAERI_TIARA_68MEV,external_reference,neutron,JAERI/TIARA experimental concrete,2.31,measured 68-MeV p-7Li source,68.0,,JAERI_68MEV_BC501A_T050_FE080,JAERI_68MEV_PEAK_4.77E9_N_SR_UC,80.0,,41.0,42.0,,50.0,,0.0,lethargy_flux,734.0,n cm-2 lethargy-1 uC-1,42.571999999999996,5.8,BC501A unfolded neutron spectrum,OK,,JAERI-Data/Code 97-020 Tables 10-15,jaeri_tiara_bc501a_transmission_spectra_phase1_verified.csv
N002_JAERI_TIARA_68MEV_TRANS_000477,N002_JAERI_TIARA_68MEV,external_reference,neutron,JAERI/TIARA experimental concrete,2.31,measured 68-MeV p-7Li source,68.0,,JAERI_68MEV_BC501A_T050_FE080,JAERI_68MEV_PEAK_4.77E9_N_SR_UC,80.0,,40.0,41.0,,50.0,,0.0,lethargy_flux,682.0,n cm-2 lethargy-1 uC-1,42.965999999999994,6.3,BC501A unfolded neutron spectrum,OK,,JAERI-Data/Code 97-020 Tables 10-15,jaeri_tiara_bc501a_transmission_spectra_phase1_verified.csv
N002_JAERI_TIARA_68MEV_TRANS_000478,N002_JAERI_TIARA_68MEV,external_reference,neutron,JAERI/TIARA experimental concrete,2.31,measured 68-MeV p-7Li source,68.0,,JAERI_68MEV_BC501A_T050_FE080,JAERI_68MEV_PEAK_4.77E9_N_SR_UC,80.0,,39.0,40.0,,50.0,,0.0,lethargy_flux,638.0,n cm-2 lethargy-1 uC-1,44.022,6.9,BC501A unfolded neutron spectrum,OK,,JAERI-Data/Code 97-020 Tables 10-15,jaeri_tiara_bc501a_transmission_spectra_phase1_verified.csv
N002_JAERI_TIARA_68MEV_TRANS_000479,N002_JAERI_TIARA_68MEV,external_reference,neutron,JAERI/TIARA experimental concrete,2.31,measured 68-MeV p-7Li source,68.0,,JAERI_68MEV_BC501A_T050_FE080,JAERI_68MEV_PEAK_4.77E9_N_SR_UC,80.0,,38.0,39.0,,50.0,,0.0,lethargy_flux,598.0,n cm-2 lethargy-1 uC-1,45.448,7.6,BC501A unfolded neutron spectrum,OK,,JAERI-Data/Code 97-020 Tables 10-15,jaeri_tiara_bc501a_transmission_spectra_phase1_verified.csv
N002_JAERI_TIARA_68MEV_TRANS_000480,N002_JAERI_TIARA_68MEV,external_reference,neutron,JAERI/TIARA experimental concrete,2.31,measured 68-MeV p-7Li source,68.0,,JAERI_68MEV_BC501A_T050_FE080,JAERI_68MEV_PEAK_4.77E9_N_SR_UC,80.0,,37.0,38.0,,50.0,,0.0,lethargy_flux,563.0,n cm-2 lethargy-1 uC-1,46.166,8.2,BC501A unfolded neutron spectrum,OK,,JAERI-Data/Code 97-020 Tables 10-15,jaeri_tiara_bc501a_transmission_spectra_phase1_verified.csv
N002_JAERI_TIARA_68MEV_TRANS_000481,N002_JAERI_TIARA_68MEV,external_reference,neutron,JAERI/TIARA experimental concrete,2.31,measured 68-MeV p-7Li source,68.0,,JAERI_68MEV_BC501A_T050_FE080,JAERI_68MEV_PEAK_4.77E9_N_SR_UC,80.0,,36.0,37.0,,50.0,,0.0,lethargy_flux,531.0,n cm-2 lethargy-1 uC-1,46.728,8.8,BC501A unfolded neutron spectrum,OK,,JAERI-Data/Code 97-020 Tables 10-15,jaeri_tiara_bc501a_transmission_spectra_phase1_verified.csv
N002_JAERI_TIARA_68MEV_TRANS_000482,N002_JAERI_TIARA_68MEV,external_reference,neutron,JAERI/TIARA experimental concrete,2.31,measured 68-MeV p-7Li source,68.0,,JAERI_68MEV_BC501A_T050_FE080,JAERI_68MEV_PEAK_4.77E9_N_SR_UC,80.0,,35.0,36.0,,50.0,,0.0,lethargy_flux,500.0,n cm-2 lethargy-1 uC-1,46.5,9.3,BC501A unfolded neutron spectrum,OK,,JAERI-Data/Code 97-020 Tables 10-15,jaeri_tiara_bc501a_transmission_spectra_phase1_verified.csv
N002_JAERI_TIARA_68MEV_TRANS_000483,N002_JAERI_TIARA_68MEV,external_reference,neutron,JAERI/TIARA experimental concrete,2.31,measured 68-MeV p-7Li source,68.0,,JAERI_68MEV_BC501A_T050_FE080,JAERI_68MEV_PEAK_4.77E9_N_SR_UC,80.0,,34.0,35.0,,50.0,,0.0,lethargy_flux,471.0,n cm-2 lethargy-1 uC-1,46.158,9.8,BC501A unfolded neutron spectrum,OK,,JAERI-Data/Code 97-020 Tables 10-15,jaeri_tiara_bc501a_transmission_spectra_phase1_verified.csv
N002_JAERI_TIARA_68MEV_TRANS_000484,N002_JAERI_TIARA_68MEV,external_reference,neutron,JAERI/TIARA experimental concrete,2.31,measured 68-MeV p-7Li source,68.0,,JAERI_68MEV_BC501A_T050_FE080,JAERI_68MEV_PEAK_4.77E9_N_SR_UC,80.0,,33.0,34.0,,50.0,,0.0,lethargy_flux,446.0,n cm-2 lethargy-1 uC-1,45.492,10.2,BC501A unfolded neutron spectrum,OK,,JAERI-Data/Code 97-020 Tables 10-15,jaeri_tiara_bc501a_transmission_spectra_phase1_verified.csv
N002_JAERI_TIARA_68MEV_TRANS_000485,N002_JAERI_TIARA_68MEV,external_reference,neutron,JAERI/TIARA experimental concrete,2.31,measured 68-MeV p-7Li source,68.0,,JAERI_68MEV_BC501A_T050_FE080,JAERI_68MEV_PEAK_4.77E9_N_SR_UC,80.0,,32.0,33.0,,50.0,,0.0,lethargy_flux,427.0,n cm-2 lethargy-1 uC-1,44.835,10.5,BC501A unfolded neutron spectrum,OK,,JAERI-Data/Code 97-020 Tables 10-15,jaeri_tiara_bc501a_transmission_spectra_phase1_verified.csv
N002_JAERI_TIARA_68MEV_TRANS_000486,N002_JAERI_TIARA_68MEV,external_reference,neutron,JAERI/TIARA experimental concrete,2.31,measured 68-MeV p-7Li source,68.0,,JAERI_68MEV_BC501A_T050_FE080,JAERI_68MEV_PEAK_4.77E9_N_SR_UC,80.0,,31.0,32.0,,50.0,,0.0,lethargy_flux,416.0,n cm-2 lethargy-1 uC-1,43.68,10.5,BC501A unfolded neutron spectrum,OK,,JAERI-Data/Code 97-020 Tables 10-15,jaeri_tiara_bc501a_transmission_spectra_phase1_verified.csv
N002_JAERI_TIARA_68MEV_TRANS_000487,N002_JAERI_TIARA_68MEV,external_reference,neutron,JAERI/TIARA experimental concrete,2.31,measured 68-MeV p-7Li source,68.0,,JAERI_68MEV_BC501A_T050_FE080,JAERI_68MEV_PEAK_4.77E9_N_SR_UC,80.0,,30.0,31.0,,50.0,,0.0,lethargy_flux,412.0,n cm-2 lethargy-1 uC-1,43.672,10.6,BC501A unfolded neutron spectrum,OK,,JAERI-Data/Code 97-020 Tables 10-15,jaeri_tiara_bc501a_transmission_spectra_phase1_verified.csv
N002_JAERI_TIARA_68MEV_TRANS_000488,N002_JAERI_TIARA_68MEV,external_reference,neutron,JAERI/TIARA experimental concrete,2.31,measured 68-MeV p-7Li source,68.0,,JAERI_68MEV_BC501A_T050_FE080,JAERI_68MEV_PEAK_4.77E9_N_SR_UC,80.0,,29.0,30.0,,50.0,,0.0,lethargy_flux,413.0,n cm-2 lethargy-1 uC-1,44.190999999999995,10.7,BC501A unfolded neutron spectrum,OK,,JAERI-Data/Code 97-020 Tables 10-15,jaeri_tiara_bc501a_transmission_spectra_phase1_verified.csv
N002_JAERI_TIARA_68MEV_TRANS_000489,N002_JAERI_TIARA_68MEV,external_reference,neutron,JAERI/TIARA experimental concrete,2.31,measured 68-MeV p-7Li source,68.0,,JAERI_68MEV_BC501A_T050_FE080,JAERI_68MEV_PEAK_4.77E9_N_SR_UC,80.0,,28.0,29.0,,50.0,,0.0,lethargy_flux,414.0,n cm-2 lethargy-1 uC-1,45.95399999999999,11.1,BC501A unfolded neutron spectrum,OK,,JAERI-Data/Code 97-020 Tables 10-15,jaeri_tiara_bc501a_transmission_spectra_phase1_verified.csv
N002_JAERI_TIARA_68MEV_TRANS_000490,N002_JAERI_TIARA_68MEV,external_reference,neutron,JAERI/TIARA experimental concrete,2.31,measured 68-MeV p-7Li source,68.0,,JAERI_68MEV_BC501A_T050_FE080,JAERI_68MEV_PEAK_4.77E9_N_SR_UC,80.0,,27.0,28.0,,50.0,,0.0,lethargy_flux,411.0,n cm-2 lethargy-1 uC-1,48.498000000000005,11.8,BC501A unfolded neutron spectrum,OK,,JAERI-Data/Code 97-020 Tables 10-15,jaeri_tiara_bc501a_transmission_spectra_phase1_verified.csv
N002_JAERI_TIARA_68MEV_TRANS_000491,N002_JAERI_TIARA_68MEV,external_reference,neutron,JAERI/TIARA experimental concrete,2.31,measured 68-MeV p-7Li source,68.0,,JAERI_68MEV_BC501A_T050_FE080,JAERI_68MEV_PEAK_4.77E9_N_SR_UC,80.0,,26.0,27.0,,50.0,,0.0,lethargy_flux,399.0,n cm-2 lethargy-1 uC-1,51.07200000000001,12.8,BC501A unfolded neutron spectrum,OK,,JAERI-Data/Code 97-020 Tables 10-15,jaeri_tiara_bc501a_transmission_spectra_phase1_verified.csv
N002_JAERI_TIARA_68MEV_TRANS_000492,N002_JAERI_TIARA_68MEV,external_reference,neutron,JAERI/TIARA experimental concrete,2.31,measured 68-MeV p-7Li source,68.0,,JAERI_68MEV_BC501A_T050_FE080,JAERI_68MEV_PEAK_4.77E9_N_SR_UC,80.0,,25.0,26.0,,50.0,,0.0,lethargy_flux,378.0,n cm-2 lethargy-1 uC-1,51.408,13.6,BC501A unfolded neutron spectrum,OK,,JAERI-Data/Code 97-020 Tables 10-15,jaeri_tiara_bc501a_transmission_spectra_phase1_verified.csv
N002_JAERI_TIARA_68MEV_TRANS_000493,N002_JAERI_TIARA_68MEV,external_reference,neutron,JAERI/TIARA experimental concrete,2.31,measured 68-MeV p-7Li source,68.0,,JAERI_68MEV_BC501A_T050_FE080,JAERI_68MEV_PEAK_4.77E9_N_SR_UC,80.0,,24.0,25.0,,50.0,,0.0,lethargy_flux,348.0,n cm-2 lethargy-1 uC-1,49.416,14.2,BC501A unfolded neutron spectrum,OK,,JAERI-Data/Code 97-020 Tables 10-15,jaeri_tiara_bc501a_transmission_spectra_phase1_verified.csv
N002_JAERI_TIARA_68MEV_TRANS_000494,N002_JAERI_TIARA_68MEV,external_reference,neutron,JAERI/TIARA experimental concrete,2.31,measured 68-MeV p-7Li source,68.0,,JAERI_68MEV_BC501A_T050_FE080,JAERI_68MEV_PEAK_4.77E9_N_SR_UC,80.0,,23.0,24.0,,50.0,,0.0,lethargy_flux,311.0,n cm-2 lethargy-1 uC-1,43.229000000000006,13.9,BC501A unfolded neutron spectrum,OK,,JAERI-Data/Code 97-020 Tables 10-15,jaeri_tiara_bc501a_transmission_spectra_phase1_verified.csv
N002_JAERI_TIARA_68MEV_TRANS_000495,N002_JAERI_TIARA_68MEV,external_reference,neutron,JAERI/TIARA experimental concrete,2.31,measured 68-MeV p-7Li source,68.0,,JAERI_68MEV_BC501A_T050_FE080,JAERI_68MEV_PEAK_4.77E9_N_SR_UC,80.0,,22.0,23.0,,50.0,,0.0,lethargy_flux,270.0,n cm-2 lethargy-1 uC-1,33.75,12.5,BC501A unfolded neutron spectrum,OK,,JAERI-Data/Code 97-020 Tables 10-15,jaeri_tiara_bc501a_transmission_spectra_phase1_verified.csv
N002_JAERI_TIARA_68MEV_TRANS_000496,N002_JAERI_TIARA_68MEV,external_reference,neutron,JAERI/TIARA experimental concrete,2.31,measured 68-MeV p-7Li source,68.0,,JAERI_68MEV_BC501A_T050_FE080,JAERI_68MEV_PEAK_4.77E9_N_SR_UC,80.0,,21.0,22.0,,50.0,,0.0,lethargy_flux,227.0,n cm-2 lethargy-1 uC-1,22.7,10.0,BC501A unfolded neutron spectrum,OK,,JAERI-Data/Code 97-020 Tables 10-15,jaeri_tiara_bc501a_transmission_spectra_phase1_verified.csv
N002_JAERI_TIARA_68MEV_TRANS_000497,N002_JAERI_TIARA_68MEV,external_reference,neutron,JAERI/TIARA experimental concrete,2.31,measured 68-MeV p-7Li source,68.0,,JAERI_68MEV_BC501A_T050_FE080,JAERI_68MEV_PEAK_4.77E9_N_SR_UC,80.0,,20.0,21.0,,50.0,,0.0,lethargy_flux,185.0,n cm-2 lethargy-1 uC-1,13.505,7.3,BC501A unfolded neutron spectrum,OK,,JAERI-Data/Code 97-020 Tables 10-15,jaeri_tiara_bc501a_transmission_spectra_phase1_verified.csv
N002_JAERI_TIARA_68MEV_TRANS_000498,N002_JAERI_TIARA_68MEV,external_reference,neutron,JAERI/TIARA experimental concrete,2.31,measured 68-MeV p-7Li source,68.0,,JAERI_68MEV_BC501A_T050_FE080,JAERI_68MEV_PEAK_4.77E9_N_SR_UC,80.0,,19.0,20.0,,50.0,,0.0,lethargy_flux,147.0,n cm-2 lethargy-1 uC-1,15.435,10.5,BC501A unfolded neutron spectrum,OK,,JAERI-Data/Code 97-020 Tables 10-15,jaeri_tiara_bc501a_transmission_spectra_phase1_verified.csv
N002_JAERI_TIARA_68MEV_TRANS_000499,N002_JAERI_TIARA_68MEV,external_reference,neutron,JAERI/TIARA experimental concrete,2.31,measured 68-MeV p-7Li source,68.0,,JAERI_68MEV_BC501A_T050_FE080,JAERI_68MEV_PEAK_4.77E9_N_SR_UC,80.0,,18.0,19.0,,50.0,,0.0,lethargy_flux,116.0,n cm-2 lethargy-1 uC-1,19.836000000000002,17.1,BC501A unfolded neutron spectrum,OK,,JAERI-Data/Code 97-020 Tables 10-15,jaeri_tiara_bc501a_transmission_spectra_phase1_verified.csv
N002_JAERI_TIARA_68MEV_TRANS_000500,N002_JAERI_TIARA_68MEV,external_reference,neutron,JAERI/TIARA experimental concrete,2.31,measured 68-MeV p-7Li source,68.0,,JAERI_68MEV_BC501A_T050_FE080,JAERI_68MEV_PEAK_4.77E9_N_SR_UC,80.0,,17.0,18.0,,50.0,,0.0,lethargy_flux,94.5,n cm-2 lethargy-1 uC-1,20.034,21.2,BC501A unfolded neutron spectrum,OK,,JAERI-Data/Code 97-020 Tables 10-15,jaeri_tiara_bc501a_transmission_spectra_phase1_verified.csv
N002_JAERI_TIARA_68MEV_TRANS_000501,N002_JAERI_TIARA_68MEV,external_reference,neutron,JAERI/TIARA experimental concrete,2.31,measured 68-MeV p-7Li source,68.0,,JAERI_68MEV_BC501A_T050_FE080,JAERI_68MEV_PEAK_4.77E9_N_SR_UC,80.0,,16.0,17.0,,50.0,,0.0,lethargy_flux,82.2,n cm-2 lethargy-1 uC-1,17.097600000000003,20.8,BC501A unfolded neutron spectrum,OK,,JAERI-Data/Code 97-020 Tables 10-15,jaeri_tiara_bc501a_transmission_spectra_phase1_verified.csv
N002_JAERI_TIARA_68MEV_TRANS_000502,N002_JAERI_TIARA_68MEV,external_reference,neutron,JAERI/TIARA experimental concrete,2.31,measured 68-MeV p-7Li source,68.0,,JAERI_68MEV_BC501A_T050_FE080,JAERI_68MEV_PEAK_4.77E9_N_SR_UC,80.0,,15.0,16.0,,50.0,,0.0,lethargy_flux,76.9,n cm-2 lethargy-1 uC-1,13.534400000000003,17.6,BC501A unfolded neutron spectrum,OK,,JAERI-Data/Code 97-020 Tables 10-15,jaeri_tiara_bc501a_transmission_spectra_phase1_verified.csv
N002_JAERI_TIARA_68MEV_TRANS_000503,N002_JAERI_TIARA_68MEV,external_reference,neutron,JAERI/TIARA experimental concrete,2.31,measured 68-MeV p-7Li source,68.0,,JAERI_68MEV_BC501A_T050_FE080,JAERI_68MEV_PEAK_4.77E9_N_SR_UC,80.0,,14.0,15.0,,50.0,,0.0,lethargy_flux,75.7,n cm-2 lethargy-1 uC-1,11.5821,15.3,BC501A unfolded neutron spectrum,OK,,JAERI-Data/Code 97-020 Tables 10-15,jaeri_tiara_bc501a_transmission_spectra_phase1_verified.csv
N002_JAERI_TIARA_68MEV_TRANS_000504,N002_JAERI_TIARA_68MEV,external_reference,neutron,JAERI/TIARA experimental concrete,2.31,measured 68-MeV p-7Li source,68.0,,JAERI_68MEV_BC501A_T050_FE080,JAERI_68MEV_PEAK_4.77E9_N_SR_UC,80.0,,13.0,14.0,,50.0,,0.0,lethargy_flux,76.4,n cm-2 lethargy-1 uC-1,11.9948,15.7,BC501A unfolded neutron spectrum,OK,,JAERI-Data/Code 97-020 Tables 10-15,jaeri_tiara_bc501a_transmission_spectra_phase1_verified.csv
N002_JAERI_TIARA_68MEV_TRANS_000505,N002_JAERI_TIARA_68MEV,external_reference,neutron,JAERI/TIARA experimental concrete,2.31,measured 68-MeV p-7Li source,68.0,,JAERI_68MEV_BC501A_T050_FE080,JAERI_68MEV_PEAK_4.77E9_N_SR_UC,80.0,,12.0,13.0,,50.0,,0.0,lethargy_flux,78.2,n cm-2 lethargy-1 uC-1,14.388799999999998,18.4,BC501A unfolded neutron spectrum,OK,,JAERI-Data/Code 97-020 Tables 10-15,jaeri_tiara_bc501a_transmission_spectra_phase1_verified.csv
N002_JAERI_TIARA_68MEV_TRANS_000506,N002_JAERI_TIARA_68MEV,external_reference,neutron,JAERI/TIARA experimental concrete,2.31,measured 68-MeV p-7Li source,68.0,,JAERI_68MEV_BC501A_T050_FE080,JAERI_68MEV_PEAK_4.77E9_N_SR_UC,80.0,,11.0,12.0,,50.0,,0.0,lethargy_flux,81.3,n cm-2 lethargy-1 uC-1,16.585199999999997,20.4,BC501A unfolded neutron spectrum,OK,,JAERI-Data/Code 97-020 Tables 10-15,jaeri_tiara_bc501a_transmission_spectra_phase1_verified.csv
N002_JAERI_TIARA_68MEV_TRANS_000507,N002_JAERI_TIARA_68MEV,external_reference,neutron,JAERI/TIARA experimental concrete,2.31,measured 68-MeV p-7Li source,68.0,,JAERI_68MEV_BC501A_T050_FE080,JAERI_68MEV_PEAK_4.77E9_N_SR_UC,80.0,,10.0,11.0,,50.0,,0.0,lethargy_flux,85.5,n cm-2 lethargy-1 uC-1,16.074,18.8,BC501A unfolded neutron spectrum,OK,,JAERI-Data/Code 97-020 Tables 10-15,jaeri_tiara_bc501a_transmission_spectra_phase1_verified.csv
N002_JAERI_TIARA_68MEV_TRANS_000508,N002_JAERI_TIARA_68MEV,external_reference,neutron,JAERI/TIARA experimental concrete,2.31,measured 68-MeV p-7Li source,68.0,,JAERI_68MEV_BC501A_T050_FE080,JAERI_68MEV_PEAK_4.77E9_N_SR_UC,80.0,,9.0,10.0,,50.0,,0.0,lethargy_flux,90.6,n cm-2 lethargy-1 uC-1,10.871999999999998,12.0,BC501A unfolded neutron spectrum,OK,,JAERI-Data/Code 97-020 Tables 10-15,jaeri_tiara_bc501a_transmission_spectra_phase1_verified.csv
N002_JAERI_TIARA_68MEV_TRANS_000509,N002_JAERI_TIARA_68MEV,external_reference,neutron,JAERI/TIARA experimental concrete,2.31,measured 68-MeV p-7Li source,68.0,,JAERI_68MEV_BC501A_T050_FE080,JAERI_68MEV_PEAK_4.77E9_N_SR_UC,80.0,,8.0,9.0,,50.0,,0.0,lethargy_flux,95.6,n cm-2 lethargy-1 uC-1,8.0304,8.4,BC501A unfolded neutron spectrum,OK,,JAERI-Data/Code 97-020 Tables 10-15,jaeri_tiara_bc501a_transmission_spectra_phase1_verified.csv
N002_JAERI_TIARA_68MEV_TRANS_000510,N002_JAERI_TIARA_68MEV,external_reference,neutron,JAERI/TIARA experimental concrete,2.31,measured 68-MeV p-7Li source,68.0,,JAERI_68MEV_BC501A_T050_FE080,JAERI_68MEV_PEAK_4.77E9_N_SR_UC,80.0,,7.0,8.0,,50.0,,0.0,lethargy_flux,97.4,n cm-2 lethargy-1 uC-1,29.122600000000002,29.9,BC501A unfolded neutron spectrum,OK,,JAERI-Data/Code 97-020 Tables 10-15,jaeri_tiara_bc501a_transmission_spectra_phase1_verified.csv
N002_JAERI_TIARA_68MEV_TRANS_000511,N002_JAERI_TIARA_68MEV,external_reference,neutron,JAERI/TIARA experimental concrete,2.31,measured 68-MeV p-7Li source,68.0,,JAERI_68MEV_BC501A_T050_FE080,JAERI_68MEV_PEAK_4.77E9_N_SR_UC,80.0,,6.0,7.0,,50.0,,0.0,lethargy_flux,90.1,n cm-2 lethargy-1 uC-1,49.9154,55.4,BC501A unfolded neutron spectrum,OK,,JAERI-Data/Code 97-020 Tables 10-15,jaeri_tiara_bc501a_transmission_spectra_phase1_verified.csv
N002_JAERI_TIARA_68MEV_TRANS_000512,N002_JAERI_TIARA_68MEV,external_reference,neutron,JAERI/TIARA experimental concrete,2.31,measured 68-MeV p-7Li source,68.0,,JAERI_68MEV_BC501A_T050_FE080,JAERI_68MEV_PEAK_4.77E9_N_SR_UC,80.0,,68.0,70.0,,50.0,,20.0,lethargy_flux,177.0,n cm-2 lethargy-1 uC-1,11.328,6.4,BC501A unfolded neutron spectrum,OK,,JAERI-Data/Code 97-020 Tables 10-15,jaeri_tiara_bc501a_transmission_spectra_phase1_verified.csv
N002_JAERI_TIARA_68MEV_TRANS_000513,N002_JAERI_TIARA_68MEV,external_reference,neutron,JAERI/TIARA experimental concrete,2.31,measured 68-MeV p-7Li source,68.0,,JAERI_68MEV_BC501A_T050_FE080,JAERI_68MEV_PEAK_4.77E9_N_SR_UC,80.0,,66.0,68.0,,50.0,,20.0,lethargy_flux,478.0,n cm-2 lethargy-1 uC-1,47.8,10.0,BC501A unfolded neutron spectrum,OK,,JAERI-Data/Code 97-020 Tables 10-15,jaeri_tiara_bc501a_transmission_spectra_phase1_verified.csv
N002_JAERI_TIARA_68MEV_TRANS_000514,N002_JAERI_TIARA_68MEV,external_reference,neutron,JAERI/TIARA experimental concrete,2.31,measured 68-MeV p-7Li source,68.0,,JAERI_68MEV_BC501A_T050_FE080,JAERI_68MEV_PEAK_4.77E9_N_SR_UC,80.0,,64.0,66.0,,50.0,,20.0,lethargy_flux,798.0,n cm-2 lethargy-1 uC-1,55.86,7.0,BC501A unfolded neutron spectrum,OK,,JAERI-Data/Code 97-020 Tables 10-15,jaeri_tiara_bc501a_transmission_spectra_phase1_verified.csv
N002_JAERI_TIARA_68MEV_TRANS_000515,N002_JAERI_TIARA_68MEV,external_reference,neutron,JAERI/TIARA experimental concrete,2.31,measured 68-MeV p-7Li source,68.0,,JAERI_68MEV_BC501A_T050_FE080,JAERI_68MEV_PEAK_4.77E9_N_SR_UC,80.0,,62.0,64.0,,50.0,,20.0,lethargy_flux,749.0,n cm-2 lethargy-1 uC-1,50.931999999999995,6.8,BC501A unfolded neutron spectrum,OK,,JAERI-Data/Code 97-020 Tables 10-15,jaeri_tiara_bc501a_transmission_spectra_phase1_verified.csv
N002_JAERI_TIARA_68MEV_TRANS_000516,N002_JAERI_TIARA_68MEV,external_reference,neutron,JAERI/TIARA experimental concrete,2.31,measured 68-MeV p-7Li source,68.0,,JAERI_68MEV_BC501A_T050_FE080,JAERI_68MEV_PEAK_4.77E9_N_SR_UC,80.0,,60.0,62.0,,50.0,,20.0,lethargy_flux,457.0,n cm-2 lethargy-1 uC-1,56.211000000000006,12.3,BC501A unfolded neutron spectrum,OK,,JAERI-Data/Code 97-020 Tables 10-15,jaeri_tiara_bc501a_transmission_spectra_phase1_verified.csv
N002_JAERI_TIARA_68MEV_TRANS_000517,N002_JAERI_TIARA_68MEV,external_reference,neutron,JAERI/TIARA experimental concrete,2.31,measured 68-MeV p-7Li source,68.0,,JAERI_68MEV_BC501A_T050_FE080,JAERI_68MEV_PEAK_4.77E9_N_SR_UC,80.0,,58.0,60.0,,50.0,,20.0,lethargy_flux,216.0,n cm-2 lethargy-1 uC-1,33.696,15.6,BC501A unfolded neutron spectrum,OK,,JAERI-Data/Code 97-020 Tables 10-15,jaeri_tiara_bc501a_transmission_spectra_phase1_verified.csv
N002_JAERI_TIARA_68MEV_TRANS_000518,N002_JAERI_TIARA_68MEV,external_reference,neutron,JAERI/TIARA experimental concrete,2.31,measured 68-MeV p-7Li source,68.0,,JAERI_68MEV_BC501A_T050_FE080,JAERI_68MEV_PEAK_4.77E9_N_SR_UC,80.0,,56.0,58.0,,50.0,,20.0,lethargy_flux,128.0,n cm-2 lethargy-1 uC-1,12.16,9.5,BC501A unfolded neutron spectrum,OK,,JAERI-Data/Code 97-020 Tables 10-15,jaeri_tiara_bc501a_transmission_spectra_phase1_verified.csv
N002_JAERI_TIARA_68MEV_TRANS_000519,N002_JAERI_TIARA_68MEV,external_reference,neutron,JAERI/TIARA experimental concrete,2.31,measured 68-MeV p-7Li source,68.0,,JAERI_68MEV_BC501A_T050_FE080,JAERI_68MEV_PEAK_4.77E9_N_SR_UC,80.0,,54.0,56.0,,50.0,,20.0,lethargy_flux,132.0,n cm-2 lethargy-1 uC-1,15.84,12.0,BC501A unfolded neutron spectrum,OK,,JAERI-Data/Code 97-020 Tables 10-15,jaeri_tiara_bc501a_transmission_spectra_phase1_verified.csv
N002_JAERI_TIARA_68MEV_TRANS_000520,N002_JAERI_TIARA_68MEV,external_reference,neutron,JAERI/TIARA experimental concrete,2.31,measured 68-MeV p-7Li source,68.0,,JAERI_68MEV_BC501A_T050_FE080,JAERI_68MEV_PEAK_4.77E9_N_SR_UC,80.0,,52.0,54.0,,50.0,,20.0,lethargy_flux,153.0,n cm-2 lethargy-1 uC-1,11.781,7.7,BC501A unfolded neutron spectrum,OK,,JAERI-Data/Code 97-020 Tables 10-15,jaeri_tiara_bc501a_transmission_spectra_phase1_verified.csv
N002_JAERI_TIARA_68MEV_TRANS_000521,N002_JAERI_TIARA_68MEV,external_reference,neutron,JAERI/TIARA experimental concrete,2.31,measured 68-MeV p-7Li source,68.0,,JAERI_68MEV_BC501A_T050_FE080,JAERI_68MEV_PEAK_4.77E9_N_SR_UC,80.0,,50.0,52.0,,50.0,,20.0,lethargy_flux,167.0,n cm-2 lethargy-1 uC-1,10.354000000000001,6.2,BC501A unfolded neutron spectrum,OK,,JAERI-Data/Code 97-020 Tables 10-15,jaeri_tiara_bc501a_transmission_spectra_phase1_verified.csv
N002_JAERI_TIARA_68MEV_TRANS_000522,N002_JAERI_TIARA_68MEV,external_reference,neutron,JAERI/TIARA experimental concrete,2.31,measured 68-MeV p-7Li source,68.0,,JAERI_68MEV_BC501A_T050_FE080,JAERI_68MEV_PEAK_4.77E9_N_SR_UC,80.0,,48.0,50.0,,50.0,,20.0,lethargy_flux,174.0,n cm-2 lethargy-1 uC-1,10.788,6.2,BC501A unfolded neutron spectrum,OK,,JAERI-Data/Code 97-020 Tables 10-15,jaeri_tiara_bc501a_transmission_spectra_phase1_verified.csv
N002_JAERI_TIARA_68MEV_TRANS_000523,N002_JAERI_TIARA_68MEV,external_reference,neutron,JAERI/TIARA experimental concrete,2.31,measured 68-MeV p-7Li source,68.0,,JAERI_68MEV_BC501A_T050_FE080,JAERI_68MEV_PEAK_4.77E9_N_SR_UC,80.0,,46.0,48.0,,50.0,,20.0,lethargy_flux,175.0,n cm-2 lethargy-1 uC-1,11.025,6.3,BC501A unfolded neutron spectrum,OK,,JAERI-Data/Code 97-020 Tables 10-15,jaeri_tiara_bc501a_transmission_spectra_phase1_verified.csv
N002_JAERI_TIARA_68MEV_TRANS_000524,N002_JAERI_TIARA_68MEV,external_reference,neutron,JAERI/TIARA experimental concrete,2.31,measured 68-MeV p-7Li source,68.0,,JAERI_68MEV_BC501A_T050_FE080,JAERI_68MEV_PEAK_4.77E9_N_SR_UC,80.0,,44.0,46.0,,50.0,,20.0,lethargy_flux,173.0,n cm-2 lethargy-1 uC-1,10.552999999999999,6.1,BC501A unfolded neutron spectrum,OK,,JAERI-Data/Code 97-020 Tables 10-15,jaeri_tiara_bc501a_transmission_spectra_phase1_verified.csv
N002_JAERI_TIARA_68MEV_TRANS_000525,N002_JAERI_TIARA_68MEV,external_reference,neutron,JAERI/TIARA experimental concrete,2.31,measured 68-MeV p-7Li source,68.0,,JAERI_68MEV_BC501A_T050_FE080,JAERI_68MEV_PEAK_4.77E9_N_SR_UC,80.0,,43.0,44.0,,50.0,,20.0,lethargy_flux,170.0,n cm-2 lethargy-1 uC-1,10.37,6.1,BC501A unfolded neutron spectrum,OK,,JAERI-Data/Code 97-020 Tables 10-15,jaeri_tiara_bc501a_transmission_spectra_phase1_verified.csv
N002_JAERI_TIARA_68MEV_TRANS_000526,N002_JAERI_TIARA_68MEV,external_reference,neutron,JAERI/TIARA experimental concrete,2.31,measured 68-MeV p-7Li source,68.0,,JAERI_68MEV_BC501A_T050_FE080,JAERI_68MEV_PEAK_4.77E9_N_SR_UC,80.0,,42.0,43.0,,50.0,,20.0,lethargy_flux,166.0,n cm-2 lethargy-1 uC-1,10.126,6.1,BC501A unfolded neutron spectrum,OK,,JAERI-Data/Code 97-020 Tables 10-15,jaeri_tiara_bc501a_transmission_spectra_phase1_verified.csv
N002_JAERI_TIARA_68MEV_TRANS_000527,N002_JAERI_TIARA_68MEV,external_reference,neutron,JAERI/TIARA experimental concrete,2.31,measured 68-MeV p-7Li source,68.0,,JAERI_68MEV_BC501A_T050_FE080,JAERI_68MEV_PEAK_4.77E9_N_SR_UC,80.0,,41.0,42.0,,50.0,,20.0,lethargy_flux,163.0,n cm-2 lethargy-1 uC-1,10.268999999999998,6.3,BC501A unfolded neutron spectrum,OK,,JAERI-Data/Code 97-020 Tables 10-15,jaeri_tiara_bc501a_transmission_spectra_phase1_verified.csv
N002_JAERI_TIARA_68MEV_TRANS_000528,N002_JAERI_TIARA_68MEV,external_reference,neutron,JAERI/TIARA experimental concrete,2.31,measured 68-MeV p-7Li source,68.0,,JAERI_68MEV_BC501A_T050_FE080,JAERI_68MEV_PEAK_4.77E9_N_SR_UC,80.0,,40.0,41.0,,50.0,,20.0,lethargy_flux,159.0,n cm-2 lethargy-1 uC-1,10.812000000000001,6.8,BC501A unfolded neutron spectrum,OK,,JAERI-Data/Code 97-020 Tables 10-15,jaeri_tiara_bc501a_transmission_spectra_phase1_verified.csv
N002_JAERI_TIARA_68MEV_TRANS_000529,N002_JAERI_TIARA_68MEV,external_reference,neutron,JAERI/TIARA experimental concrete,2.31,measured 68-MeV p-7Li source,68.0,,JAERI_68MEV_BC501A_T050_FE080,JAERI_68MEV_PEAK_4.77E9_N_SR_UC,80.0,,39.0,40.0,,50.0,,20.0,lethargy_flux,156.0,n cm-2 lethargy-1 uC-1,11.544,7.4,BC501A unfolded neutron spectrum,OK,,JAERI-Data/Code 97-020 Tables 10-15,jaeri_tiara_bc501a_transmission_spectra_phase1_verified.csv
N002_JAERI_TIARA_68MEV_TRANS_000530,N002_JAERI_TIARA_68MEV,external_reference,neutron,JAERI/TIARA experimental concrete,2.31,measured 68-MeV p-7Li source,68.0,,JAERI_68MEV_BC501A_T050_FE080,JAERI_68MEV_PEAK_4.77E9_N_SR_UC,80.0,,38.0,39.0,,50.0,,20.0,lethargy_flux,152.0,n cm-2 lethargy-1 uC-1,12.008,7.9,BC501A unfolded neutron spectrum,OK,,JAERI-Data/Code 97-020 Tables 10-15,jaeri_tiara_bc501a_transmission_spectra_phase1_verified.csv
N002_JAERI_TIARA_68MEV_TRANS_000531,N002_JAERI_TIARA_68MEV,external_reference,neutron,JAERI/TIARA experimental concrete,2.31,measured 68-MeV p-7Li source,68.0,,JAERI_68MEV_BC501A_T050_FE080,JAERI_68MEV_PEAK_4.77E9_N_SR_UC,80.0,,37.0,38.0,,50.0,,20.0,lethargy_flux,148.0,n cm-2 lethargy-1 uC-1,12.136,8.2,BC501A unfolded neutron spectrum,OK,,JAERI-Data/Code 97-020 Tables 10-15,jaeri_tiara_bc501a_transmission_spectra_phase1_verified.csv
N002_JAERI_TIARA_68MEV_TRANS_000532,N002_JAERI_TIARA_68MEV,external_reference,neutron,JAERI/TIARA experimental concrete,2.31,measured 68-MeV p-7Li source,68.0,,JAERI_68MEV_BC501A_T050_FE080,JAERI_68MEV_PEAK_4.77E9_N_SR_UC,80.0,,36.0,37.0,,50.0,,20.0,lethargy_flux,144.0,n cm-2 lethargy-1 uC-1,11.808,8.2,BC501A unfolded neutron spectrum,OK,,JAERI-Data/Code 97-020 Tables 10-15,jaeri_tiara_bc501a_transmission_spectra_phase1_verified.csv
N002_JAERI_TIARA_68MEV_TRANS_000533,N002_JAERI_TIARA_68MEV,external_reference,neutron,JAERI/TIARA experimental concrete,2.31,measured 68-MeV p-7Li source,68.0,,JAERI_68MEV_BC501A_T050_FE080,JAERI_68MEV_PEAK_4.77E9_N_SR_UC,80.0,,35.0,36.0,,50.0,,20.0,lethargy_flux,139.0,n cm-2 lethargy-1 uC-1,10.981000000000002,7.9,BC501A unfolded neutron spectrum,OK,,JAERI-Data/Code 97-020 Tables 10-15,jaeri_tiara_bc501a_transmission_spectra_phase1_verified.csv
N002_JAERI_TIARA_68MEV_TRANS_000534,N002_JAERI_TIARA_68MEV,external_reference,neutron,JAERI/TIARA experimental concrete,2.31,measured 68-MeV p-7Li source,68.0,,JAERI_68MEV_BC501A_T050_FE080,JAERI_68MEV_PEAK_4.77E9_N_SR_UC,80.0,,34.0,35.0,,50.0,,20.0,lethargy_flux,134.0,n cm-2 lethargy-1 uC-1,10.318,7.7,BC501A unfolded neutron spectrum,OK,,JAERI-Data/Code 97-020 Tables 10-15,jaeri_tiara_bc501a_transmission_spectra_phase1_verified.csv
N002_JAERI_TIARA_68MEV_TRANS_000535,N002_JAERI_TIARA_68MEV,external_reference,neutron,JAERI/TIARA experimental concrete,2.31,measured 68-MeV p-7Li source,68.0,,JAERI_68MEV_BC501A_T050_FE080,JAERI_68MEV_PEAK_4.77E9_N_SR_UC,80.0,,33.0,34.0,,50.0,,20.0,lethargy_flux,128.0,n cm-2 lethargy-1 uC-1,9.6,7.5,BC501A unfolded neutron spectrum,OK,,JAERI-Data/Code 97-020 Tables 10-15,jaeri_tiara_bc501a_transmission_spectra_phase1_verified.csv
N002_JAERI_TIARA_68MEV_TRANS_000536,N002_JAERI_TIARA_68MEV,external_reference,neutron,JAERI/TIARA experimental concrete,2.31,measured 68-MeV p-7Li source,68.0,,JAERI_68MEV_BC501A_T050_FE080,JAERI_68MEV_PEAK_4.77E9_N_SR_UC,80.0,,32.0,33.0,,50.0,,20.0,lethargy_flux,121.0,n cm-2 lethargy-1 uC-1,9.196,7.6,BC501A unfolded neutron spectrum,OK,,JAERI-Data/Code 97-020 Tables 10-15,jaeri_tiara_bc501a_transmission_spectra_phase1_verified.csv
N002_JAERI_TIARA_68MEV_TRANS_000537,N002_JAERI_TIARA_68MEV,external_reference,neutron,JAERI/TIARA experimental concrete,2.31,measured 68-MeV p-7Li source,68.0,,JAERI_68MEV_BC501A_T050_FE080,JAERI_68MEV_PEAK_4.77E9_N_SR_UC,80.0,,31.0,32.0,,50.0,,20.0,lethargy_flux,114.0,n cm-2 lethargy-1 uC-1,8.778,7.7,BC501A unfolded neutron spectrum,OK,,JAERI-Data/Code 97-020 Tables 10-15,jaeri_tiara_bc501a_transmission_spectra_phase1_verified.csv
N002_JAERI_TIARA_68MEV_TRANS_000538,N002_JAERI_TIARA_68MEV,external_reference,neutron,JAERI/TIARA experimental concrete,2.31,measured 68-MeV p-7Li source,68.0,,JAERI_68MEV_BC501A_T050_FE080,JAERI_68MEV_PEAK_4.77E9_N_SR_UC,80.0,,30.0,31.0,,50.0,,20.0,lethargy_flux,107.0,n cm-2 lethargy-1 uC-1,8.346,7.8,BC501A unfolded neutron spectrum,OK,,JAERI-Data/Code 97-020 Tables 10-15,jaeri_tiara_bc501a_transmission_spectra_phase1_verified.csv
N002_JAERI_TIARA_68MEV_TRANS_000539,N002_JAERI_TIARA_68MEV,external_reference,neutron,JAERI/TIARA experimental concrete,2.31,measured 68-MeV p-7Li source,68.0,,JAERI_68MEV_BC501A_T050_FE080,JAERI_68MEV_PEAK_4.77E9_N_SR_UC,80.0,,29.0,30.0,,50.0,,20.0,lethargy_flux,101.0,n cm-2 lethargy-1 uC-1,7.675999999999999,7.6,BC501A unfolded neutron spectrum,OK,,JAERI-Data/Code 97-020 Tables 10-15,jaeri_tiara_bc501a_transmission_spectra_phase1_verified.csv
N002_JAERI_TIARA_68MEV_TRANS_000540,N002_JAERI_TIARA_68MEV,external_reference,neutron,JAERI/TIARA experimental concrete,2.31,measured 68-MeV p-7Li source,68.0,,JAERI_68MEV_BC501A_T050_FE080,JAERI_68MEV_PEAK_4.77E9_N_SR_UC,80.0,,28.0,29.0,,50.0,,20.0,lethargy_flux,95.9,n cm-2 lethargy-1 uC-1,7.0966000000000005,7.4,BC501A unfolded neutron spectrum,OK,,JAERI-Data/Code 97-020 Tables 10-15,jaeri_tiara_bc501a_transmission_spectra_phase1_verified.csv
N002_JAERI_TIARA_68MEV_TRANS_000541,N002_JAERI_TIARA_68MEV,external_reference,neutron,JAERI/TIARA experimental concrete,2.31,measured 68-MeV p-7Li source,68.0,,JAERI_68MEV_BC501A_T050_FE080,JAERI_68MEV_PEAK_4.77E9_N_SR_UC,80.0,,27.0,28.0,,50.0,,20.0,lethargy_flux,91.7,n cm-2 lethargy-1 uC-1,7.0609,7.7,BC501A unfolded neutron spectrum,OK,,JAERI-Data/Code 97-020 Tables 10-15,jaeri_tiara_bc501a_transmission_spectra_phase1_verified.csv
N002_JAERI_TIARA_68MEV_TRANS_000542,N002_JAERI_TIARA_68MEV,external_reference,neutron,JAERI/TIARA experimental concrete,2.31,measured 68-MeV p-7Li source,68.0,,JAERI_68MEV_BC501A_T050_FE080,JAERI_68MEV_PEAK_4.77E9_N_SR_UC,80.0,,26.0,27.0,,50.0,,20.0,lethargy_flux,87.6,n cm-2 lethargy-1 uC-1,7.445999999999999,8.5,BC501A unfolded neutron spectrum,OK,,JAERI-Data/Code 97-020 Tables 10-15,jaeri_tiara_bc501a_transmission_spectra_phase1_verified.csv
N002_JAERI_TIARA_68MEV_TRANS_000543,N002_JAERI_TIARA_68MEV,external_reference,neutron,JAERI/TIARA experimental concrete,2.31,measured 68-MeV p-7Li source,68.0,,JAERI_68MEV_BC501A_T050_FE080,JAERI_68MEV_PEAK_4.77E9_N_SR_UC,80.0,,25.0,26.0,,50.0,,20.0,lethargy_flux,83.3,n cm-2 lethargy-1 uC-1,7.9135,9.5,BC501A unfolded neutron spectrum,OK,,JAERI-Data/Code 97-020 Tables 10-15,jaeri_tiara_bc501a_transmission_spectra_phase1_verified.csv
N002_JAERI_TIARA_68MEV_TRANS_000544,N002_JAERI_TIARA_68MEV,external_reference,neutron,JAERI/TIARA experimental concrete,2.31,measured 68-MeV p-7Li source,68.0,,JAERI_68MEV_BC501A_T050_FE080,JAERI_68MEV_PEAK_4.77E9_N_SR_UC,80.0,,24.0,25.0,,50.0,,20.0,lethargy_flux,78.6,n cm-2 lethargy-1 uC-1,8.0958,10.3,BC501A unfolded neutron spectrum,OK,,JAERI-Data/Code 97-020 Tables 10-15,jaeri_tiara_bc501a_transmission_spectra_phase1_verified.csv
N002_JAERI_TIARA_68MEV_TRANS_000545,N002_JAERI_TIARA_68MEV,external_reference,neutron,JAERI/TIARA experimental concrete,2.31,measured 68-MeV p-7Li source,68.0,,JAERI_68MEV_BC501A_T050_FE080,JAERI_68MEV_PEAK_4.77E9_N_SR_UC,80.0,,23.0,24.0,,50.0,,20.0,lethargy_flux,73.7,n cm-2 lethargy-1 uC-1,7.591100000000001,10.3,BC501A unfolded neutron spectrum,OK,,JAERI-Data/Code 97-020 Tables 10-15,jaeri_tiara_bc501a_transmission_spectra_phase1_verified.csv
N002_JAERI_TIARA_68MEV_TRANS_000546,N002_JAERI_TIARA_68MEV,external_reference,neutron,JAERI/TIARA experimental concrete,2.31,measured 68-MeV p-7Li source,68.0,,JAERI_68MEV_BC501A_T050_FE080,JAERI_68MEV_PEAK_4.77E9_N_SR_UC,80.0,,22.0,23.0,,50.0,,20.0,lethargy_flux,68.9,n cm-2 lethargy-1 uC-1,6.3388,9.2,BC501A unfolded neutron spectrum,OK,,JAERI-Data/Code 97-020 Tables 10-15,jaeri_tiara_bc501a_transmission_spectra_phase1_verified.csv
N002_JAERI_TIARA_68MEV_TRANS_000547,N002_JAERI_TIARA_68MEV,external_reference,neutron,JAERI/TIARA experimental concrete,2.31,measured 68-MeV p-7Li source,68.0,,JAERI_68MEV_BC501A_T050_FE080,JAERI_68MEV_PEAK_4.77E9_N_SR_UC,80.0,,21.0,22.0,,50.0,,20.0,lethargy_flux,64.3,n cm-2 lethargy-1 uC-1,4.6939,7.3,BC501A unfolded neutron spectrum,OK,,JAERI-Data/Code 97-020 Tables 10-15,jaeri_tiara_bc501a_transmission_spectra_phase1_verified.csv
N002_JAERI_TIARA_68MEV_TRANS_000548,N002_JAERI_TIARA_68MEV,external_reference,neutron,JAERI/TIARA experimental concrete,2.31,measured 68-MeV p-7Li source,68.0,,JAERI_68MEV_BC501A_T050_FE080,JAERI_68MEV_PEAK_4.77E9_N_SR_UC,80.0,,20.0,21.0,,50.0,,20.0,lethargy_flux,60.0,n cm-2 lethargy-1 uC-1,3.36,5.6,BC501A unfolded neutron spectrum,OK,,JAERI-Data/Code 97-020 Tables 10-15,jaeri_tiara_bc501a_transmission_spectra_phase1_verified.csv
N002_JAERI_TIARA_68MEV_TRANS_000549,N002_JAERI_TIARA_68MEV,external_reference,neutron,JAERI/TIARA experimental concrete,2.31,measured 68-MeV p-7Li source,68.0,,JAERI_68MEV_BC501A_T050_FE080,JAERI_68MEV_PEAK_4.77E9_N_SR_UC,80.0,,19.0,20.0,,50.0,,20.0,lethargy_flux,56.1,n cm-2 lethargy-1 uC-1,4.544099999999999,8.1,BC501A unfolded neutron spectrum,OK,,JAERI-Data/Code 97-020 Tables 10-15,jaeri_tiara_bc501a_transmission_spectra_phase1_verified.csv
N002_JAERI_TIARA_68MEV_TRANS_000550,N002_JAERI_TIARA_68MEV,external_reference,neutron,JAERI/TIARA experimental concrete,2.31,measured 68-MeV p-7Li source,68.0,,JAERI_68MEV_BC501A_T050_FE080,JAERI_68MEV_PEAK_4.77E9_N_SR_UC,80.0,,18.0,19.0,,50.0,,20.0,lethargy_flux,52.4,n cm-2 lethargy-1 uC-1,5.8164,11.1,BC501A unfolded neutron spectrum,OK,,JAERI-Data/Code 97-020 Tables 10-15,jaeri_tiara_bc501a_transmission_spectra_phase1_verified.csv
N002_JAERI_TIARA_68MEV_TRANS_000551,N002_JAERI_TIARA_68MEV,external_reference,neutron,JAERI/TIARA experimental concrete,2.31,measured 68-MeV p-7Li source,68.0,,JAERI_68MEV_BC501A_T050_FE080,JAERI_68MEV_PEAK_4.77E9_N_SR_UC,80.0,,17.0,18.0,,50.0,,20.0,lethargy_flux,48.5,n cm-2 lethargy-1 uC-1,5.9655000000000005,12.3,BC501A unfolded neutron spectrum,OK,,JAERI-Data/Code 97-020 Tables 10-15,jaeri_tiara_bc501a_transmission_spectra_phase1_verified.csv
N002_JAERI_TIARA_68MEV_TRANS_000552,N002_JAERI_TIARA_68MEV,external_reference,neutron,JAERI/TIARA experimental concrete,2.31,measured 68-MeV p-7Li source,68.0,,JAERI_68MEV_BC501A_T050_FE080,JAERI_68MEV_PEAK_4.77E9_N_SR_UC,80.0,,16.0,17.0,,50.0,,20.0,lethargy_flux,44.4,n cm-2 lethargy-1 uC-1,4.7952,10.8,BC501A unfolded neutron spectrum,OK,,JAERI-Data/Code 97-020 Tables 10-15,jaeri_tiara_bc501a_transmission_spectra_phase1_verified.csv
N002_JAERI_TIARA_68MEV_TRANS_000553,N002_JAERI_TIARA_68MEV,external_reference,neutron,JAERI/TIARA experimental concrete,2.31,measured 68-MeV p-7Li source,68.0,,JAERI_68MEV_BC501A_T050_FE080,JAERI_68MEV_PEAK_4.77E9_N_SR_UC,80.0,,15.0,16.0,,50.0,,20.0,lethargy_flux,40.5,n cm-2 lethargy-1 uC-1,3.0780000000000003,7.6,BC501A unfolded neutron spectrum,OK,,JAERI-Data/Code 97-020 Tables 10-15,jaeri_tiara_bc501a_transmission_spectra_phase1_verified.csv
N002_JAERI_TIARA_68MEV_TRANS_000554,N002_JAERI_TIARA_68MEV,external_reference,neutron,JAERI/TIARA experimental concrete,2.31,measured 68-MeV p-7Li source,68.0,,JAERI_68MEV_BC501A_T050_FE080,JAERI_68MEV_PEAK_4.77E9_N_SR_UC,80.0,,14.0,15.0,,50.0,,20.0,lethargy_flux,37.5,n cm-2 lethargy-1 uC-1,2.55,6.8,BC501A unfolded neutron spectrum,OK,,JAERI-Data/Code 97-020 Tables 10-15,jaeri_tiara_bc501a_transmission_spectra_phase1_verified.csv
N002_JAERI_TIARA_68MEV_TRANS_000555,N002_JAERI_TIARA_68MEV,external_reference,neutron,JAERI/TIARA experimental concrete,2.31,measured 68-MeV p-7Li source,68.0,,JAERI_68MEV_BC501A_T050_FE080,JAERI_68MEV_PEAK_4.77E9_N_SR_UC,80.0,,13.0,14.0,,50.0,,20.0,lethargy_flux,35.7,n cm-2 lethargy-1 uC-1,1.8921000000000001,5.3,BC501A unfolded neutron spectrum,OK,,JAERI-Data/Code 97-020 Tables 10-15,jaeri_tiara_bc501a_transmission_spectra_phase1_verified.csv
N002_JAERI_TIARA_68MEV_TRANS_000556,N002_JAERI_TIARA_68MEV,external_reference,neutron,JAERI/TIARA experimental concrete,2.31,measured 68-MeV p-7Li source,68.0,,JAERI_68MEV_BC501A_T050_FE080,JAERI_68MEV_PEAK_4.77E9_N_SR_UC,80.0,,12.0,13.0,,50.0,,20.0,lethargy_flux,34.5,n cm-2 lethargy-1 uC-1,2.5185,7.3,BC501A unfolded neutron spectrum,OK,,JAERI-Data/Code 97-020 Tables 10-15,jaeri_tiara_bc501a_transmission_spectra_phase1_verified.csv
N002_JAERI_TIARA_68MEV_TRANS_000557,N002_JAERI_TIARA_68MEV,external_reference,neutron,JAERI/TIARA experimental concrete,2.31,measured 68-MeV p-7Li source,68.0,,JAERI_68MEV_BC501A_T050_FE080,JAERI_68MEV_PEAK_4.77E9_N_SR_UC,80.0,,11.0,12.0,,50.0,,20.0,lethargy_flux,33.4,n cm-2 lethargy-1 uC-1,2.9392,8.8,BC501A unfolded neutron spectrum,OK,,JAERI-Data/Code 97-020 Tables 10-15,jaeri_tiara_bc501a_transmission_spectra_phase1_verified.csv
N002_JAERI_TIARA_68MEV_TRANS_000558,N002_JAERI_TIARA_68MEV,external_reference,neutron,JAERI/TIARA experimental concrete,2.31,measured 68-MeV p-7Li source,68.0,,JAERI_68MEV_BC501A_T050_FE080,JAERI_68MEV_PEAK_4.77E9_N_SR_UC,80.0,,10.0,11.0,,50.0,,20.0,lethargy_flux,32.7,n cm-2 lethargy-1 uC-1,2.8776000000000006,8.8,BC501A unfolded neutron spectrum,OK,,JAERI-Data/Code 97-020 Tables 10-15,jaeri_tiara_bc501a_transmission_spectra_phase1_verified.csv
N002_JAERI_TIARA_68MEV_TRANS_000559,N002_JAERI_TIARA_68MEV,external_reference,neutron,JAERI/TIARA experimental concrete,2.31,measured 68-MeV p-7Li source,68.0,,JAERI_68MEV_BC501A_T050_FE080,JAERI_68MEV_PEAK_4.77E9_N_SR_UC,80.0,,9.0,10.0,,50.0,,20.0,lethargy_flux,32.8,n cm-2 lethargy-1 uC-1,2.5256,7.7,BC501A unfolded neutron spectrum,OK,,JAERI-Data/Code 97-020 Tables 10-15,jaeri_tiara_bc501a_transmission_spectra_phase1_verified.csv
N002_JAERI_TIARA_68MEV_TRANS_000560,N002_JAERI_TIARA_68MEV,external_reference,neutron,JAERI/TIARA experimental concrete,2.31,measured 68-MeV p-7Li source,68.0,,JAERI_68MEV_BC501A_T050_FE080,JAERI_68MEV_PEAK_4.77E9_N_SR_UC,80.0,,8.0,9.0,,50.0,,20.0,lethargy_flux,33.8,n cm-2 lethargy-1 uC-1,1.8927999999999998,5.6,BC501A unfolded neutron spectrum,OK,,JAERI-Data/Code 97-020 Tables 10-15,jaeri_tiara_bc501a_transmission_spectra_phase1_verified.csv
N002_JAERI_TIARA_68MEV_TRANS_000561,N002_JAERI_TIARA_68MEV,external_reference,neutron,JAERI/TIARA experimental concrete,2.31,measured 68-MeV p-7Li source,68.0,,JAERI_68MEV_BC501A_T050_FE080,JAERI_68MEV_PEAK_4.77E9_N_SR_UC,80.0,,7.0,8.0,,50.0,,20.0,lethargy_flux,32.2,n cm-2 lethargy-1 uC-1,2.1896,6.8,BC501A unfolded neutron spectrum,OK,,JAERI-Data/Code 97-020 Tables 10-15,jaeri_tiara_bc501a_transmission_spectra_phase1_verified.csv
N002_JAERI_TIARA_68MEV_TRANS_000562,N002_JAERI_TIARA_68MEV,external_reference,neutron,JAERI/TIARA experimental concrete,2.31,measured 68-MeV p-7Li source,68.0,,JAERI_68MEV_BC501A_T050_FE080,JAERI_68MEV_PEAK_4.77E9_N_SR_UC,80.0,,68.0,70.0,,50.0,,40.0,lethargy_flux,8.31,n cm-2 lethargy-1 uC-1,0.83931,10.1,BC501A unfolded neutron spectrum,OK,,JAERI-Data/Code 97-020 Tables 10-15,jaeri_tiara_bc501a_transmission_spectra_phase1_verified.csv
N002_JAERI_TIARA_68MEV_TRANS_000563,N002_JAERI_TIARA_68MEV,external_reference,neutron,JAERI/TIARA experimental concrete,2.31,measured 68-MeV p-7Li source,68.0,,JAERI_68MEV_BC501A_T050_FE080,JAERI_68MEV_PEAK_4.77E9_N_SR_UC,80.0,,66.0,68.0,,50.0,,40.0,lethargy_flux,29.9,n cm-2 lethargy-1 uC-1,4.096299999999999,13.7,BC501A unfolded neutron spectrum,OK,,JAERI-Data/Code 97-020 Tables 10-15,jaeri_tiara_bc501a_transmission_spectra_phase1_verified.csv
N002_JAERI_TIARA_68MEV_TRANS_000564,N002_JAERI_TIARA_68MEV,external_reference,neutron,JAERI/TIARA experimental concrete,2.31,measured 68-MeV p-7Li source,68.0,,JAERI_68MEV_BC501A_T050_FE080,JAERI_68MEV_PEAK_4.77E9_N_SR_UC,80.0,,64.0,66.0,,50.0,,40.0,lethargy_flux,59.0,n cm-2 lethargy-1 uC-1,4.837999999999999,8.2,BC501A unfolded neutron spectrum,OK,,JAERI-Data/Code 97-020 Tables 10-15,jaeri_tiara_bc501a_transmission_spectra_phase1_verified.csv
N002_JAERI_TIARA_68MEV_TRANS_000565,N002_JAERI_TIARA_68MEV,external_reference,neutron,JAERI/TIARA experimental concrete,2.31,measured 68-MeV p-7Li source,68.0,,JAERI_68MEV_BC501A_T050_FE080,JAERI_68MEV_PEAK_4.77E9_N_SR_UC,80.0,,62.0,64.0,,50.0,,40.0,lethargy_flux,67.4,n cm-2 lethargy-1 uC-1,4.8528,7.2,BC501A unfolded neutron spectrum,OK,,JAERI-Data/Code 97-020 Tables 10-15,jaeri_tiara_bc501a_transmission_spectra_phase1_verified.csv
N002_JAERI_TIARA_68MEV_TRANS_000566,N002_JAERI_TIARA_68MEV,external_reference,neutron,JAERI/TIARA experimental concrete,2.31,measured 68-MeV p-7Li source,68.0,,JAERI_68MEV_BC501A_T050_FE080,JAERI_68MEV_PEAK_4.77E9_N_SR_UC,80.0,,60.0,62.0,,50.0,,40.0,lethargy_flux,51.4,n cm-2 lethargy-1 uC-1,5.9624,11.6,BC501A unfolded neutron spectrum,OK,,JAERI-Data/Code 97-020 Tables 10-15,jaeri_tiara_bc501a_transmission_spectra_phase1_verified.csv
N002_JAERI_TIARA_68MEV_TRANS_000567,N002_JAERI_TIARA_68MEV,external_reference,neutron,JAERI/TIARA experimental concrete,2.31,measured 68-MeV p-7Li source,68.0,,JAERI_68MEV_BC501A_T050_FE080,JAERI_68MEV_PEAK_4.77E9_N_SR_UC,80.0,,58.0,60.0,,50.0,,40.0,lethargy_flux,30.0,n cm-2 lethargy-1 uC-1,3.75,12.5,BC501A unfolded neutron spectrum,OK,,JAERI-Data/Code 97-020 Tables 10-15,jaeri_tiara_bc501a_transmission_spectra_phase1_verified.csv
N002_JAERI_TIARA_68MEV_TRANS_000568,N002_JAERI_TIARA_68MEV,external_reference,neutron,JAERI/TIARA experimental concrete,2.31,measured 68-MeV p-7Li source,68.0,,JAERI_68MEV_BC501A_T050_FE080,JAERI_68MEV_PEAK_4.77E9_N_SR_UC,80.0,,56.0,58.0,,50.0,,40.0,lethargy_flux,20.7,n cm-2 lethargy-1 uC-1,1.4904,7.2,BC501A unfolded neutron spectrum,OK,,JAERI-Data/Code 97-020 Tables 10-15,jaeri_tiara_bc501a_transmission_spectra_phase1_verified.csv
N002_JAERI_TIARA_68MEV_TRANS_000569,N002_JAERI_TIARA_68MEV,external_reference,neutron,JAERI/TIARA experimental concrete,2.31,measured 68-MeV p-7Li source,68.0,,JAERI_68MEV_BC501A_T050_FE080,JAERI_68MEV_PEAK_4.77E9_N_SR_UC,80.0,,54.0,56.0,,50.0,,40.0,lethargy_flux,21.0,n cm-2 lethargy-1 uC-1,1.869,8.9,BC501A unfolded neutron spectrum,OK,,JAERI-Data/Code 97-020 Tables 10-15,jaeri_tiara_bc501a_transmission_spectra_phase1_verified.csv
N002_JAERI_TIARA_68MEV_TRANS_000570,N002_JAERI_TIARA_68MEV,external_reference,neutron,JAERI/TIARA experimental concrete,2.31,measured 68-MeV p-7Li source,68.0,,JAERI_68MEV_BC501A_T050_FE080,JAERI_68MEV_PEAK_4.77E9_N_SR_UC,80.0,,52.0,54.0,,50.0,,40.0,lethargy_flux,22.8,n cm-2 lethargy-1 uC-1,1.4820000000000002,6.5,BC501A unfolded neutron spectrum,OK,,JAERI-Data/Code 97-020 Tables 10-15,jaeri_tiara_bc501a_transmission_spectra_phase1_verified.csv
N002_JAERI_TIARA_68MEV_TRANS_000571,N002_JAERI_TIARA_68MEV,external_reference,neutron,JAERI/TIARA experimental concrete,2.31,measured 68-MeV p-7Li source,68.0,,JAERI_68MEV_BC501A_T050_FE080,JAERI_68MEV_PEAK_4.77E9_N_SR_UC,80.0,,50.0,52.0,,50.0,,40.0,lethargy_flux,24.0,n cm-2 lethargy-1 uC-1,1.3439999999999999,5.6,BC501A unfolded neutron spectrum,OK,,JAERI-Data/Code 97-020 Tables 10-15,jaeri_tiara_bc501a_transmission_spectra_phase1_verified.csv
N002_JAERI_TIARA_68MEV_TRANS_000572,N002_JAERI_TIARA_68MEV,external_reference,neutron,JAERI/TIARA experimental concrete,2.31,measured 68-MeV p-7Li source,68.0,,JAERI_68MEV_BC501A_T050_FE080,JAERI_68MEV_PEAK_4.77E9_N_SR_UC,80.0,,48.0,50.0,,50.0,,40.0,lethargy_flux,24.9,n cm-2 lethargy-1 uC-1,1.4193,5.7,BC501A unfolded neutron spectrum,OK,,JAERI-Data/Code 97-020 Tables 10-15,jaeri_tiara_bc501a_transmission_spectra_phase1_verified.csv
N002_JAERI_TIARA_68MEV_TRANS_000573,N002_JAERI_TIARA_68MEV,external_reference,neutron,JAERI/TIARA experimental concrete,2.31,measured 68-MeV p-7Li source,68.0,,JAERI_68MEV_BC501A_T050_FE080,JAERI_68MEV_PEAK_4.77E9_N_SR_UC,80.0,,46.0,48.0,,50.0,,40.0,lethargy_flux,25.4,n cm-2 lethargy-1 uC-1,1.4986000000000002,5.9,BC501A unfolded neutron spectrum,OK,,JAERI-Data/Code 97-020 Tables 10-15,jaeri_tiara_bc501a_transmission_spectra_phase1_verified.csv
N002_JAERI_TIARA_68MEV_TRANS_000574,N002_JAERI_TIARA_68MEV,external_reference,neutron,JAERI/TIARA experimental concrete,2.31,measured 68-MeV p-7Li source,68.0,,JAERI_68MEV_BC501A_T050_FE080,JAERI_68MEV_PEAK_4.77E9_N_SR_UC,80.0,,44.0,46.0,,50.0,,40.0,lethargy_flux,25.8,n cm-2 lethargy-1 uC-1,1.4706000000000001,5.7,BC501A unfolded neutron spectrum,OK,,JAERI-Data/Code 97-020 Tables 10-15,jaeri_tiara_bc501a_transmission_spectra_phase1_verified.csv
N002_JAERI_TIARA_68MEV_TRANS_000575,N002_JAERI_TIARA_68MEV,external_reference,neutron,JAERI/TIARA experimental concrete,2.31,measured 68-MeV p-7Li source,68.0,,JAERI_68MEV_BC501A_T050_FE080,JAERI_68MEV_PEAK_4.77E9_N_SR_UC,80.0,,43.0,44.0,,50.0,,40.0,lethargy_flux,26.1,n cm-2 lethargy-1 uC-1,1.4355000000000002,5.5,BC501A unfolded neutron spectrum,OK,,JAERI-Data/Code 97-020 Tables 10-15,jaeri_tiara_bc501a_transmission_spectra_phase1_verified.csv
N002_JAERI_TIARA_68MEV_TRANS_000576,N002_JAERI_TIARA_68MEV,external_reference,neutron,JAERI/TIARA experimental concrete,2.31,measured 68-MeV p-7Li source,68.0,,JAERI_68MEV_BC501A_T050_FE080,JAERI_68MEV_PEAK_4.77E9_N_SR_UC,80.0,,42.0,43.0,,50.0,,40.0,lethargy_flux,26.3,n cm-2 lethargy-1 uC-1,1.4202000000000001,5.4,BC501A unfolded neutron spectrum,OK,,JAERI-Data/Code 97-020 Tables 10-15,jaeri_tiara_bc501a_transmission_spectra_phase1_verified.csv
N002_JAERI_TIARA_68MEV_TRANS_000577,N002_JAERI_TIARA_68MEV,external_reference,neutron,JAERI/TIARA experimental concrete,2.31,measured 68-MeV p-7Li source,68.0,,JAERI_68MEV_BC501A_T050_FE080,JAERI_68MEV_PEAK_4.77E9_N_SR_UC,80.0,,41.0,42.0,,50.0,,40.0,lethargy_flux,26.7,n cm-2 lethargy-1 uC-1,1.4685,5.5,BC501A unfolded neutron spectrum,OK,,JAERI-Data/Code 97-020 Tables 10-15,jaeri_tiara_bc501a_transmission_spectra_phase1_verified.csv
N002_JAERI_TIARA_68MEV_TRANS_000578,N002_JAERI_TIARA_68MEV,external_reference,neutron,JAERI/TIARA experimental concrete,2.31,measured 68-MeV p-7Li source,68.0,,JAERI_68MEV_BC501A_T050_FE080,JAERI_68MEV_PEAK_4.77E9_N_SR_UC,80.0,,40.0,41.0,,50.0,,40.0,lethargy_flux,27.1,n cm-2 lethargy-1 uC-1,1.5447,5.7,BC501A unfolded neutron spectrum,OK,,JAERI-Data/Code 97-020 Tables 10-15,jaeri_tiara_bc501a_transmission_spectra_phase1_verified.csv
N002_JAERI_TIARA_68MEV_TRANS_000579,N002_JAERI_TIARA_68MEV,external_reference,neutron,JAERI/TIARA experimental concrete,2.31,measured 68-MeV p-7Li source,68.0,,JAERI_68MEV_BC501A_T050_FE080,JAERI_68MEV_PEAK_4.77E9_N_SR_UC,80.0,,39.0,40.0,,50.0,,40.0,lethargy_flux,27.5,n cm-2 lethargy-1 uC-1,1.65,6.0,BC501A unfolded neutron spectrum,OK,,JAERI-Data/Code 97-020 Tables 10-15,jaeri_tiara_bc501a_transmission_spectra_phase1_verified.csv
N002_JAERI_TIARA_68MEV_TRANS_000580,N002_JAERI_TIARA_68MEV,external_reference,neutron,JAERI/TIARA experimental concrete,2.31,measured 68-MeV p-7Li source,68.0,,JAERI_68MEV_BC501A_T050_FE080,JAERI_68MEV_PEAK_4.77E9_N_SR_UC,80.0,,38.0,39.0,,50.0,,40.0,lethargy_flux,27.9,n cm-2 lethargy-1 uC-1,1.7576999999999998,6.3,BC501A unfolded neutron spectrum,OK,,JAERI-Data/Code 97-020 Tables 10-15,jaeri_tiara_bc501a_transmission_spectra_phase1_verified.csv
N002_JAERI_TIARA_68MEV_TRANS_000581,N002_JAERI_TIARA_68MEV,external_reference,neutron,JAERI/TIARA experimental concrete,2.31,measured 68-MeV p-7Li source,68.0,,JAERI_68MEV_BC501A_T050_FE080,JAERI_68MEV_PEAK_4.77E9_N_SR_UC,80.0,,37.0,38.0,,50.0,,40.0,lethargy_flux,28.1,n cm-2 lethargy-1 uC-1,1.7703,6.3,BC501A unfolded neutron spectrum,OK,,JAERI-Data/Code 97-020 Tables 10-15,jaeri_tiara_bc501a_transmission_spectra_phase1_verified.csv
N002_JAERI_TIARA_68MEV_TRANS_000582,N002_JAERI_TIARA_68MEV,external_reference,neutron,JAERI/TIARA experimental concrete,2.31,measured 68-MeV p-7Li source,68.0,,JAERI_68MEV_BC501A_T050_FE080,JAERI_68MEV_PEAK_4.77E9_N_SR_UC,80.0,,36.0,37.0,,50.0,,40.0,lethargy_flux,28.1,n cm-2 lethargy-1 uC-1,1.7703,6.3,BC501A unfolded neutron spectrum,OK,,JAERI-Data/Code 97-020 Tables 10-15,jaeri_tiara_bc501a_transmission_spectra_phase1_verified.csv
N002_JAERI_TIARA_68MEV_TRANS_000583,N002_JAERI_TIARA_68MEV,external_reference,neutron,JAERI/TIARA experimental concrete,2.31,measured 68-MeV p-7Li source,68.0,,JAERI_68MEV_BC501A_T050_FE080,JAERI_68MEV_PEAK_4.77E9_N_SR_UC,80.0,,35.0,36.0,,50.0,,40.0,lethargy_flux,27.8,n cm-2 lethargy-1 uC-1,1.7236000000000002,6.2,BC501A unfolded neutron spectrum,OK,,JAERI-Data/Code 97-020 Tables 10-15,jaeri_tiara_bc501a_transmission_spectra_phase1_verified.csv
N002_JAERI_TIARA_68MEV_TRANS_000584,N002_JAERI_TIARA_68MEV,external_reference,neutron,JAERI/TIARA experimental concrete,2.31,measured 68-MeV p-7Li source,68.0,,JAERI_68MEV_BC501A_T050_FE080,JAERI_68MEV_PEAK_4.77E9_N_SR_UC,80.0,,34.0,35.0,,50.0,,40.0,lethargy_flux,27.2,n cm-2 lethargy-1 uC-1,1.6591999999999998,6.1,BC501A unfolded neutron spectrum,OK,,JAERI-Data/Code 97-020 Tables 10-15,jaeri_tiara_bc501a_transmission_spectra_phase1_verified.csv
N002_JAERI_TIARA_68MEV_TRANS_000585,N002_JAERI_TIARA_68MEV,external_reference,neutron,JAERI/TIARA experimental concrete,2.31,measured 68-MeV p-7Li source,68.0,,JAERI_68MEV_BC501A_T050_FE080,JAERI_68MEV_PEAK_4.77E9_N_SR_UC,80.0,,33.0,34.0,,50.0,,40.0,lethargy_flux,26.4,n cm-2 lethargy-1 uC-1,1.6103999999999998,6.1,BC501A unfolded neutron spectrum,OK,,JAERI-Data/Code 97-020 Tables 10-15,jaeri_tiara_bc501a_transmission_spectra_phase1_verified.csv
N002_JAERI_TIARA_68MEV_TRANS_000586,N002_JAERI_TIARA_68MEV,external_reference,neutron,JAERI/TIARA experimental concrete,2.31,measured 68-MeV p-7Li source,68.0,,JAERI_68MEV_BC501A_T050_FE080,JAERI_68MEV_PEAK_4.77E9_N_SR_UC,80.0,,32.0,33.0,,50.0,,40.0,lethargy_flux,25.5,n cm-2 lethargy-1 uC-1,1.6065,6.3,BC501A unfolded neutron spectrum,OK,,JAERI-Data/Code 97-020 Tables 10-15,jaeri_tiara_bc501a_transmission_spectra_phase1_verified.csv
N002_JAERI_TIARA_68MEV_TRANS_000587,N002_JAERI_TIARA_68MEV,external_reference,neutron,JAERI/TIARA experimental concrete,2.31,measured 68-MeV p-7Li source,68.0,,JAERI_68MEV_BC501A_T050_FE080,JAERI_68MEV_PEAK_4.77E9_N_SR_UC,80.0,,31.0,32.0,,50.0,,40.0,lethargy_flux,24.5,n cm-2 lethargy-1 uC-1,1.5434999999999999,6.3,BC501A unfolded neutron spectrum,OK,,JAERI-Data/Code 97-020 Tables 10-15,jaeri_tiara_bc501a_transmission_spectra_phase1_verified.csv
N002_JAERI_TIARA_68MEV_TRANS_000588,N002_JAERI_TIARA_68MEV,external_reference,neutron,JAERI/TIARA experimental concrete,2.31,measured 68-MeV p-7Li source,68.0,,JAERI_68MEV_BC501A_T050_FE080,JAERI_68MEV_PEAK_4.77E9_N_SR_UC,80.0,,30.0,31.0,,50.0,,40.0,lethargy_flux,23.5,n cm-2 lethargy-1 uC-1,1.4805,6.3,BC501A unfolded neutron spectrum,OK,,JAERI-Data/Code 97-020 Tables 10-15,jaeri_tiara_bc501a_transmission_spectra_phase1_verified.csv
N002_JAERI_TIARA_68MEV_TRANS_000589,N002_JAERI_TIARA_68MEV,external_reference,neutron,JAERI/TIARA experimental concrete,2.31,measured 68-MeV p-7Li source,68.0,,JAERI_68MEV_BC501A_T050_FE080,JAERI_68MEV_PEAK_4.77E9_N_SR_UC,80.0,,29.0,30.0,,50.0,,40.0,lethargy_flux,22.5,n cm-2 lethargy-1 uC-1,1.3725,6.1,BC501A unfolded neutron spectrum,OK,,JAERI-Data/Code 97-020 Tables 10-15,jaeri_tiara_bc501a_transmission_spectra_phase1_verified.csv
N002_JAERI_TIARA_68MEV_TRANS_000590,N002_JAERI_TIARA_68MEV,external_reference,neutron,JAERI/TIARA experimental concrete,2.31,measured 68-MeV p-7Li source,68.0,,JAERI_68MEV_BC501A_T050_FE080,JAERI_68MEV_PEAK_4.77E9_N_SR_UC,80.0,,28.0,29.0,,50.0,,40.0,lethargy_flux,21.4,n cm-2 lethargy-1 uC-1,1.3054,6.1,BC501A unfolded neutron spectrum,OK,,JAERI-Data/Code 97-020 Tables 10-15,jaeri_tiara_bc501a_transmission_spectra_phase1_verified.csv
N002_JAERI_TIARA_68MEV_TRANS_000591,N002_JAERI_TIARA_68MEV,external_reference,neutron,JAERI/TIARA experimental concrete,2.31,measured 68-MeV p-7Li source,68.0,,JAERI_68MEV_BC501A_T050_FE080,JAERI_68MEV_PEAK_4.77E9_N_SR_UC,80.0,,27.0,28.0,,50.0,,40.0,lethargy_flux,20.4,n cm-2 lethargy-1 uC-1,1.3463999999999998,6.6,BC501A unfolded neutron spectrum,OK,,JAERI-Data/Code 97-020 Tables 10-15,jaeri_tiara_bc501a_transmission_spectra_phase1_verified.csv
N002_JAERI_TIARA_68MEV_TRANS_000592,N002_JAERI_TIARA_68MEV,external_reference,neutron,JAERI/TIARA experimental concrete,2.31,measured 68-MeV p-7Li source,68.0,,JAERI_68MEV_BC501A_T050_FE080,JAERI_68MEV_PEAK_4.77E9_N_SR_UC,80.0,,26.0,27.0,,50.0,,40.0,lethargy_flux,19.4,n cm-2 lethargy-1 uC-1,1.4938,7.7,BC501A unfolded neutron spectrum,OK,,JAERI-Data/Code 97-020 Tables 10-15,jaeri_tiara_bc501a_transmission_spectra_phase1_verified.csv
N002_JAERI_TIARA_68MEV_TRANS_000593,N002_JAERI_TIARA_68MEV,external_reference,neutron,JAERI/TIARA experimental concrete,2.31,measured 68-MeV p-7Li source,68.0,,JAERI_68MEV_BC501A_T050_FE080,JAERI_68MEV_PEAK_4.77E9_N_SR_UC,80.0,,25.0,26.0,,50.0,,40.0,lethargy_flux,18.4,n cm-2 lethargy-1 uC-1,1.656,9.0,BC501A unfolded neutron spectrum,OK,,JAERI-Data/Code 97-020 Tables 10-15,jaeri_tiara_bc501a_transmission_spectra_phase1_verified.csv
N002_JAERI_TIARA_68MEV_TRANS_000594,N002_JAERI_TIARA_68MEV,external_reference,neutron,JAERI/TIARA experimental concrete,2.31,measured 68-MeV p-7Li source,68.0,,JAERI_68MEV_BC501A_T050_FE080,JAERI_68MEV_PEAK_4.77E9_N_SR_UC,80.0,,24.0,25.0,,50.0,,40.0,lethargy_flux,17.5,n cm-2 lethargy-1 uC-1,1.75,10.0,BC501A unfolded neutron spectrum,OK,,JAERI-Data/Code 97-020 Tables 10-15,jaeri_tiara_bc501a_transmission_spectra_phase1_verified.csv
N002_JAERI_TIARA_68MEV_TRANS_000595,N002_JAERI_TIARA_68MEV,external_reference,neutron,JAERI/TIARA experimental concrete,2.31,measured 68-MeV p-7Li source,68.0,,JAERI_68MEV_BC501A_T050_FE080,JAERI_68MEV_PEAK_4.77E9_N_SR_UC,80.0,,23.0,24.0,,50.0,,40.0,lethargy_flux,16.5,n cm-2 lethargy-1 uC-1,1.6335,9.9,BC501A unfolded neutron spectrum,OK,,JAERI-Data/Code 97-020 Tables 10-15,jaeri_tiara_bc501a_transmission_spectra_phase1_verified.csv
N002_JAERI_TIARA_68MEV_TRANS_000596,N002_JAERI_TIARA_68MEV,external_reference,neutron,JAERI/TIARA experimental concrete,2.31,measured 68-MeV p-7Li source,68.0,,JAERI_68MEV_BC501A_T050_FE080,JAERI_68MEV_PEAK_4.77E9_N_SR_UC,80.0,,22.0,23.0,,50.0,,40.0,lethargy_flux,15.5,n cm-2 lethargy-1 uC-1,1.3485,8.7,BC501A unfolded neutron spectrum,OK,,JAERI-Data/Code 97-020 Tables 10-15,jaeri_tiara_bc501a_transmission_spectra_phase1_verified.csv
N002_JAERI_TIARA_68MEV_TRANS_000597,N002_JAERI_TIARA_68MEV,external_reference,neutron,JAERI/TIARA experimental concrete,2.31,measured 68-MeV p-7Li source,68.0,,JAERI_68MEV_BC501A_T050_FE080,JAERI_68MEV_PEAK_4.77E9_N_SR_UC,80.0,,21.0,22.0,,50.0,,40.0,lethargy_flux,14.5,n cm-2 lethargy-1 uC-1,0.9715,6.7,BC501A unfolded neutron spectrum,OK,,JAERI-Data/Code 97-020 Tables 10-15,jaeri_tiara_bc501a_transmission_spectra_phase1_verified.csv
N002_JAERI_TIARA_68MEV_TRANS_000598,N002_JAERI_TIARA_68MEV,external_reference,neutron,JAERI/TIARA experimental concrete,2.31,measured 68-MeV p-7Li source,68.0,,JAERI_68MEV_BC501A_T050_FE080,JAERI_68MEV_PEAK_4.77E9_N_SR_UC,80.0,,20.0,21.0,,50.0,,40.0,lethargy_flux,13.6,n cm-2 lethargy-1 uC-1,0.6664,4.9,BC501A unfolded neutron spectrum,OK,,JAERI-Data/Code 97-020 Tables 10-15,jaeri_tiara_bc501a_transmission_spectra_phase1_verified.csv
N002_JAERI_TIARA_68MEV_TRANS_000599,N002_JAERI_TIARA_68MEV,external_reference,neutron,JAERI/TIARA experimental concrete,2.31,measured 68-MeV p-7Li source,68.0,,JAERI_68MEV_BC501A_T050_FE080,JAERI_68MEV_PEAK_4.77E9_N_SR_UC,80.0,,19.0,20.0,,50.0,,40.0,lethargy_flux,12.7,n cm-2 lethargy-1 uC-1,0.8636,6.8,BC501A unfolded neutron spectrum,OK,,JAERI-Data/Code 97-020 Tables 10-15,jaeri_tiara_bc501a_transmission_spectra_phase1_verified.csv
N002_JAERI_TIARA_68MEV_TRANS_000600,N002_JAERI_TIARA_68MEV,external_reference,neutron,JAERI/TIARA experimental concrete,2.31,measured 68-MeV p-7Li source,68.0,,JAERI_68MEV_BC501A_T050_FE080,JAERI_68MEV_PEAK_4.77E9_N_SR_UC,80.0,,18.0,19.0,,50.0,,40.0,lethargy_flux,11.9,n cm-2 lethargy-1 uC-1,1.1186,9.4,BC501A unfolded neutron spectrum,OK,,JAERI-Data/Code 97-020 Tables 10-15,jaeri_tiara_bc501a_transmission_spectra_phase1_verified.csv
N002_JAERI_TIARA_68MEV_TRANS_000601,N002_JAERI_TIARA_68MEV,external_reference,neutron,JAERI/TIARA experimental concrete,2.31,measured 68-MeV p-7Li source,68.0,,JAERI_68MEV_BC501A_T050_FE080,JAERI_68MEV_PEAK_4.77E9_N_SR_UC,80.0,,17.0,18.0,,50.0,,40.0,lethargy_flux,11.0,n cm-2 lethargy-1 uC-1,1.1,10.0,BC501A unfolded neutron spectrum,OK,,JAERI-Data/Code 97-020 Tables 10-15,jaeri_tiara_bc501a_transmission_spectra_phase1_verified.csv
N002_JAERI_TIARA_68MEV_TRANS_000602,N002_JAERI_TIARA_68MEV,external_reference,neutron,JAERI/TIARA experimental concrete,2.31,measured 68-MeV p-7Li source,68.0,,JAERI_68MEV_BC501A_T050_FE080,JAERI_68MEV_PEAK_4.77E9_N_SR_UC,80.0,,16.0,17.0,,50.0,,40.0,lethargy_flux,10.3,n cm-2 lethargy-1 uC-1,0.8343,8.1,BC501A unfolded neutron spectrum,OK,,JAERI-Data/Code 97-020 Tables 10-15,jaeri_tiara_bc501a_transmission_spectra_phase1_verified.csv
N002_JAERI_TIARA_68MEV_TRANS_000603,N002_JAERI_TIARA_68MEV,external_reference,neutron,JAERI/TIARA experimental concrete,2.31,measured 68-MeV p-7Li source,68.0,,JAERI_68MEV_BC501A_T050_FE080,JAERI_68MEV_PEAK_4.77E9_N_SR_UC,80.0,,15.0,16.0,,50.0,,40.0,lethargy_flux,9.65,n cm-2 lethargy-1 uC-1,0.53075,5.5,BC501A unfolded neutron spectrum,OK,,JAERI-Data/Code 97-020 Tables 10-15,jaeri_tiara_bc501a_transmission_spectra_phase1_verified.csv
N002_JAERI_TIARA_68MEV_TRANS_000604,N002_JAERI_TIARA_68MEV,external_reference,neutron,JAERI/TIARA experimental concrete,2.31,measured 68-MeV p-7Li source,68.0,,JAERI_68MEV_BC501A_T050_FE080,JAERI_68MEV_PEAK_4.77E9_N_SR_UC,80.0,,14.0,15.0,,50.0,,40.0,lethargy_flux,9.05,n cm-2 lethargy-1 uC-1,0.4977500000000001,5.5,BC501A unfolded neutron spectrum,OK,,JAERI-Data/Code 97-020 Tables 10-15,jaeri_tiara_bc501a_transmission_spectra_phase1_verified.csv
N002_JAERI_TIARA_68MEV_TRANS_000605,N002_JAERI_TIARA_68MEV,external_reference,neutron,JAERI/TIARA experimental concrete,2.31,measured 68-MeV p-7Li source,68.0,,JAERI_68MEV_BC501A_T050_FE080,JAERI_68MEV_PEAK_4.77E9_N_SR_UC,80.0,,13.0,14.0,,50.0,,40.0,lethargy_flux,8.57,n cm-2 lethargy-1 uC-1,0.40279000000000004,4.7,BC501A unfolded neutron spectrum,OK,,JAERI-Data/Code 97-020 Tables 10-15,jaeri_tiara_bc501a_transmission_spectra_phase1_verified.csv
N002_JAERI_TIARA_68MEV_TRANS_000606,N002_JAERI_TIARA_68MEV,external_reference,neutron,JAERI/TIARA experimental concrete,2.31,measured 68-MeV p-7Li source,68.0,,JAERI_68MEV_BC501A_T050_FE080,JAERI_68MEV_PEAK_4.77E9_N_SR_UC,80.0,,12.0,13.0,,50.0,,40.0,lethargy_flux,8.26,n cm-2 lethargy-1 uC-1,0.52864,6.4,BC501A unfolded neutron spectrum,OK,,JAERI-Data/Code 97-020 Tables 10-15,jaeri_tiara_bc501a_transmission_spectra_phase1_verified.csv
N002_JAERI_TIARA_68MEV_TRANS_000607,N002_JAERI_TIARA_68MEV,external_reference,neutron,JAERI/TIARA experimental concrete,2.31,measured 68-MeV p-7Li source,68.0,,JAERI_68MEV_BC501A_T050_FE080,JAERI_68MEV_PEAK_4.77E9_N_SR_UC,80.0,,11.0,12.0,,50.0,,40.0,lethargy_flux,8.13,n cm-2 lethargy-1 uC-1,0.63414,7.8,BC501A unfolded neutron spectrum,OK,,JAERI-Data/Code 97-020 Tables 10-15,jaeri_tiara_bc501a_transmission_spectra_phase1_verified.csv
N002_JAERI_TIARA_68MEV_TRANS_000608,N002_JAERI_TIARA_68MEV,external_reference,neutron,JAERI/TIARA experimental concrete,2.31,measured 68-MeV p-7Li source,68.0,,JAERI_68MEV_BC501A_T050_FE080,JAERI_68MEV_PEAK_4.77E9_N_SR_UC,80.0,,10.0,11.0,,50.0,,40.0,lethargy_flux,8.11,n cm-2 lethargy-1 uC-1,0.62447,7.7,BC501A unfolded neutron spectrum,OK,,JAERI-Data/Code 97-020 Tables 10-15,jaeri_tiara_bc501a_transmission_spectra_phase1_verified.csv
N002_JAERI_TIARA_68MEV_TRANS_000609,N002_JAERI_TIARA_68MEV,external_reference,neutron,JAERI/TIARA experimental concrete,2.31,measured 68-MeV p-7Li source,68.0,,JAERI_68MEV_BC501A_T050_FE080,JAERI_68MEV_PEAK_4.77E9_N_SR_UC,80.0,,9.0,10.0,,50.0,,40.0,lethargy_flux,8.22,n cm-2 lethargy-1 uC-1,0.55074,6.7,BC501A unfolded neutron spectrum,OK,,JAERI-Data/Code 97-020 Tables 10-15,jaeri_tiara_bc501a_transmission_spectra_phase1_verified.csv
N002_JAERI_TIARA_68MEV_TRANS_000610,N002_JAERI_TIARA_68MEV,external_reference,neutron,JAERI/TIARA experimental concrete,2.31,measured 68-MeV p-7Li source,68.0,,JAERI_68MEV_BC501A_T050_FE080,JAERI_68MEV_PEAK_4.77E9_N_SR_UC,80.0,,8.0,9.0,,50.0,,40.0,lethargy_flux,8.55,n cm-2 lethargy-1 uC-1,0.43605000000000005,5.1,BC501A unfolded neutron spectrum,OK,,JAERI-Data/Code 97-020 Tables 10-15,jaeri_tiara_bc501a_transmission_spectra_phase1_verified.csv
N002_JAERI_TIARA_68MEV_TRANS_000611,N002_JAERI_TIARA_68MEV,external_reference,neutron,JAERI/TIARA experimental concrete,2.31,measured 68-MeV p-7Li source,68.0,,JAERI_68MEV_BC501A_T050_FE080,JAERI_68MEV_PEAK_4.77E9_N_SR_UC,80.0,,7.0,8.0,,50.0,,40.0,lethargy_flux,8.88,n cm-2 lethargy-1 uC-1,0.5772,6.5,BC501A unfolded neutron spectrum,OK,,JAERI-Data/Code 97-020 Tables 10-15,jaeri_tiara_bc501a_transmission_spectra_phase1_verified.csv
N002_JAERI_TIARA_68MEV_TRANS_000612,N002_JAERI_TIARA_68MEV,external_reference,neutron,JAERI/TIARA experimental concrete,2.31,measured 68-MeV p-7Li source,68.0,,JAERI_68MEV_BC501A_T100_FE000,JAERI_68MEV_PEAK_4.00E9_N_SR_UC,0.0,,58.0,60.0,,100.0,,0.0,lethargy_flux,182.0,n cm-2 lethargy-1 uC-1,10.556,5.8,BC501A unfolded neutron spectrum,OK,,JAERI-Data/Code 97-020 Tables 10-15,jaeri_tiara_bc501a_transmission_spectra_phase1_verified.csv
N002_JAERI_TIARA_68MEV_TRANS_000613,N002_JAERI_TIARA_68MEV,external_reference,neutron,JAERI/TIARA experimental concrete,2.31,measured 68-MeV p-7Li source,68.0,,JAERI_68MEV_BC501A_T100_FE000,JAERI_68MEV_PEAK_4.00E9_N_SR_UC,0.0,,68.0,70.0,,100.0,,0.0,lethargy_flux,141.0,n cm-2 lethargy-1 uC-1,7.755,5.5,BC501A unfolded neutron spectrum,OK,,JAERI-Data/Code 97-020 Tables 10-15,jaeri_tiara_bc501a_transmission_spectra_phase1_verified.csv
N002_JAERI_TIARA_68MEV_TRANS_000614,N002_JAERI_TIARA_68MEV,external_reference,neutron,JAERI/TIARA experimental concrete,2.31,measured 68-MeV p-7Li source,68.0,,JAERI_68MEV_BC501A_T100_FE000,JAERI_68MEV_PEAK_4.00E9_N_SR_UC,0.0,,66.0,68.0,,100.0,,0.0,lethargy_flux,283.0,n cm-2 lethargy-1 uC-1,14.716000000000001,5.2,BC501A unfolded neutron spectrum,OK,,JAERI-Data/Code 97-020 Tables 10-15,jaeri_tiara_bc501a_transmission_spectra_phase1_verified.csv
N002_JAERI_TIARA_68MEV_TRANS_000615,N002_JAERI_TIARA_68MEV,external_reference,neutron,JAERI/TIARA experimental concrete,2.31,measured 68-MeV p-7Li source,68.0,,JAERI_68MEV_BC501A_T100_FE000,JAERI_68MEV_PEAK_4.00E9_N_SR_UC,0.0,,64.0,66.0,,100.0,,0.0,lethargy_flux,399.0,n cm-2 lethargy-1 uC-1,18.354,4.6,BC501A unfolded neutron spectrum,OK,,JAERI-Data/Code 97-020 Tables 10-15,jaeri_tiara_bc501a_transmission_spectra_phase1_verified.csv
N002_JAERI_TIARA_68MEV_TRANS_000616,N002_JAERI_TIARA_68MEV,external_reference,neutron,JAERI/TIARA experimental concrete,2.31,measured 68-MeV p-7Li source,68.0,,JAERI_68MEV_BC501A_T100_FE000,JAERI_68MEV_PEAK_4.00E9_N_SR_UC,0.0,,62.0,64.0,,100.0,,0.0,lethargy_flux,410.0,n cm-2 lethargy-1 uC-1,18.45,4.5,BC501A unfolded neutron spectrum,OK,,JAERI-Data/Code 97-020 Tables 10-15,jaeri_tiara_bc501a_transmission_spectra_phase1_verified.csv
N002_JAERI_TIARA_68MEV_TRANS_000617,N002_JAERI_TIARA_68MEV,external_reference,neutron,JAERI/TIARA experimental concrete,2.31,measured 68-MeV p-7Li source,68.0,,JAERI_68MEV_BC501A_T100_FE000,JAERI_68MEV_PEAK_4.00E9_N_SR_UC,0.0,,60.0,62.0,,100.0,,0.0,lethargy_flux,314.0,n cm-2 lethargy-1 uC-1,16.014,5.1,BC501A unfolded neutron spectrum,OK,,JAERI-Data/Code 97-020 Tables 10-15,jaeri_tiara_bc501a_transmission_spectra_phase1_verified.csv
N002_JAERI_TIARA_68MEV_TRANS_000618,N002_JAERI_TIARA_68MEV,external_reference,neutron,JAERI/TIARA experimental concrete,2.31,measured 68-MeV p-7Li source,68.0,,JAERI_68MEV_BC501A_T100_FE000,JAERI_68MEV_PEAK_4.00E9_N_SR_UC,0.0,,56.0,58.0,,100.0,,0.0,lethargy_flux,86.4,n cm-2 lethargy-1 uC-1,4.752000000000001,5.5,BC501A unfolded neutron spectrum,OK,,JAERI-Data/Code 97-020 Tables 10-15,jaeri_tiara_bc501a_transmission_spectra_phase1_verified.csv
N002_JAERI_TIARA_68MEV_TRANS_000619,N002_JAERI_TIARA_68MEV,external_reference,neutron,JAERI/TIARA experimental concrete,2.31,measured 68-MeV p-7Li source,68.0,,JAERI_68MEV_BC501A_T100_FE000,JAERI_68MEV_PEAK_4.00E9_N_SR_UC,0.0,,54.0,56.0,,100.0,,0.0,lethargy_flux,46.9,n cm-2 lethargy-1 uC-1,3.6113,7.7,BC501A unfolded neutron spectrum,OK,,JAERI-Data/Code 97-020 Tables 10-15,jaeri_tiara_bc501a_transmission_spectra_phase1_verified.csv
N002_JAERI_TIARA_68MEV_TRANS_000620,N002_JAERI_TIARA_68MEV,external_reference,neutron,JAERI/TIARA experimental concrete,2.31,measured 68-MeV p-7Li source,68.0,,JAERI_68MEV_BC501A_T100_FE000,JAERI_68MEV_PEAK_4.00E9_N_SR_UC,0.0,,52.0,54.0,,100.0,,0.0,lethargy_flux,43.1,n cm-2 lethargy-1 uC-1,3.9221,9.1,BC501A unfolded neutron spectrum,OK,,JAERI-Data/Code 97-020 Tables 10-15,jaeri_tiara_bc501a_transmission_spectra_phase1_verified.csv
N002_JAERI_TIARA_68MEV_TRANS_000621,N002_JAERI_TIARA_68MEV,external_reference,neutron,JAERI/TIARA experimental concrete,2.31,measured 68-MeV p-7Li source,68.0,,JAERI_68MEV_BC501A_T100_FE000,JAERI_68MEV_PEAK_4.00E9_N_SR_UC,0.0,,50.0,52.0,,100.0,,0.0,lethargy_flux,49.7,n cm-2 lethargy-1 uC-1,3.6281,7.3,BC501A unfolded neutron spectrum,OK,,JAERI-Data/Code 97-020 Tables 10-15,jaeri_tiara_bc501a_transmission_spectra_phase1_verified.csv
N002_JAERI_TIARA_68MEV_TRANS_000622,N002_JAERI_TIARA_68MEV,external_reference,neutron,JAERI/TIARA experimental concrete,2.31,measured 68-MeV p-7Li source,68.0,,JAERI_68MEV_BC501A_T100_FE000,JAERI_68MEV_PEAK_4.00E9_N_SR_UC,0.0,,48.0,50.0,,100.0,,0.0,lethargy_flux,53.9,n cm-2 lethargy-1 uC-1,3.5035,6.5,BC501A unfolded neutron spectrum,OK,,JAERI-Data/Code 97-020 Tables 10-15,jaeri_tiara_bc501a_transmission_spectra_phase1_verified.csv
N002_JAERI_TIARA_68MEV_TRANS_000623,N002_JAERI_TIARA_68MEV,external_reference,neutron,JAERI/TIARA experimental concrete,2.31,measured 68-MeV p-7Li source,68.0,,JAERI_68MEV_BC501A_T100_FE000,JAERI_68MEV_PEAK_4.00E9_N_SR_UC,0.0,,46.0,48.0,,100.0,,0.0,lethargy_flux,52.4,n cm-2 lethargy-1 uC-1,3.3536,6.4,BC501A unfolded neutron spectrum,OK,,JAERI-Data/Code 97-020 Tables 10-15,jaeri_tiara_bc501a_transmission_spectra_phase1_verified.csv
N002_JAERI_TIARA_68MEV_TRANS_000624,N002_JAERI_TIARA_68MEV,external_reference,neutron,JAERI/TIARA experimental concrete,2.31,measured 68-MeV p-7Li source,68.0,,JAERI_68MEV_BC501A_T100_FE000,JAERI_68MEV_PEAK_4.00E9_N_SR_UC,0.0,,44.0,46.0,,100.0,,0.0,lethargy_flux,46.6,n cm-2 lethargy-1 uC-1,3.0290000000000004,6.5,BC501A unfolded neutron spectrum,OK,,JAERI-Data/Code 97-020 Tables 10-15,jaeri_tiara_bc501a_transmission_spectra_phase1_verified.csv
N002_JAERI_TIARA_68MEV_TRANS_000625,N002_JAERI_TIARA_68MEV,external_reference,neutron,JAERI/TIARA experimental concrete,2.31,measured 68-MeV p-7Li source,68.0,,JAERI_68MEV_BC501A_T100_FE000,JAERI_68MEV_PEAK_4.00E9_N_SR_UC,0.0,,43.0,44.0,,100.0,,0.0,lethargy_flux,41.5,n cm-2 lethargy-1 uC-1,2.822,6.8,BC501A unfolded neutron spectrum,OK,,JAERI-Data/Code 97-020 Tables 10-15,jaeri_tiara_bc501a_transmission_spectra_phase1_verified.csv
N002_JAERI_TIARA_68MEV_TRANS_000626,N002_JAERI_TIARA_68MEV,external_reference,neutron,JAERI/TIARA experimental concrete,2.31,measured 68-MeV p-7Li source,68.0,,JAERI_68MEV_BC501A_T100_FE000,JAERI_68MEV_PEAK_4.00E9_N_SR_UC,0.0,,42.0,43.0,,100.0,,0.0,lethargy_flux,38.4,n cm-2 lethargy-1 uC-1,2.7648,7.2,BC501A unfolded neutron spectrum,OK,,JAERI-Data/Code 97-020 Tables 10-15,jaeri_tiara_bc501a_transmission_spectra_phase1_verified.csv
N002_JAERI_TIARA_68MEV_TRANS_000627,N002_JAERI_TIARA_68MEV,external_reference,neutron,JAERI/TIARA experimental concrete,2.31,measured 68-MeV p-7Li source,68.0,,JAERI_68MEV_BC501A_T100_FE000,JAERI_68MEV_PEAK_4.00E9_N_SR_UC,0.0,,41.0,42.0,,100.0,,0.0,lethargy_flux,36.0,n cm-2 lethargy-1 uC-1,2.772,7.7,BC501A unfolded neutron spectrum,OK,,JAERI-Data/Code 97-020 Tables 10-15,jaeri_tiara_bc501a_transmission_spectra_phase1_verified.csv
N002_JAERI_TIARA_68MEV_TRANS_000628,N002_JAERI_TIARA_68MEV,external_reference,neutron,JAERI/TIARA experimental concrete,2.31,measured 68-MeV p-7Li source,68.0,,JAERI_68MEV_BC501A_T100_FE000,JAERI_68MEV_PEAK_4.00E9_N_SR_UC,0.0,,40.0,41.0,,100.0,,0.0,lethargy_flux,34.2,n cm-2 lethargy-1 uC-1,2.9070000000000005,8.5,BC501A unfolded neutron spectrum,OK,,JAERI-Data/Code 97-020 Tables 10-15,jaeri_tiara_bc501a_transmission_spectra_phase1_verified.csv
N002_JAERI_TIARA_68MEV_TRANS_000629,N002_JAERI_TIARA_68MEV,external_reference,neutron,JAERI/TIARA experimental concrete,2.31,measured 68-MeV p-7Li source,68.0,,JAERI_68MEV_BC501A_T100_FE000,JAERI_68MEV_PEAK_4.00E9_N_SR_UC,0.0,,39.0,40.0,,100.0,,0.0,lethargy_flux,33.0,n cm-2 lethargy-1 uC-1,3.135,9.5,BC501A unfolded neutron spectrum,OK,,JAERI-Data/Code 97-020 Tables 10-15,jaeri_tiara_bc501a_transmission_spectra_phase1_verified.csv
N002_JAERI_TIARA_68MEV_TRANS_000630,N002_JAERI_TIARA_68MEV,external_reference,neutron,JAERI/TIARA experimental concrete,2.31,measured 68-MeV p-7Li source,68.0,,JAERI_68MEV_BC501A_T100_FE000,JAERI_68MEV_PEAK_4.00E9_N_SR_UC,0.0,,38.0,39.0,,100.0,,0.0,lethargy_flux,32.0,n cm-2 lethargy-1 uC-1,3.264,10.2,BC501A unfolded neutron spectrum,OK,,JAERI-Data/Code 97-020 Tables 10-15,jaeri_tiara_bc501a_transmission_spectra_phase1_verified.csv
N002_JAERI_TIARA_68MEV_TRANS_000631,N002_JAERI_TIARA_68MEV,external_reference,neutron,JAERI/TIARA experimental concrete,2.31,measured 68-MeV p-7Li source,68.0,,JAERI_68MEV_BC501A_T100_FE000,JAERI_68MEV_PEAK_4.00E9_N_SR_UC,0.0,,37.0,38.0,,100.0,,0.0,lethargy_flux,31.0,n cm-2 lethargy-1 uC-1,3.3169999999999997,10.7,BC501A unfolded neutron spectrum,OK,,JAERI-Data/Code 97-020 Tables 10-15,jaeri_tiara_bc501a_transmission_spectra_phase1_verified.csv
N002_JAERI_TIARA_68MEV_TRANS_000632,N002_JAERI_TIARA_68MEV,external_reference,neutron,JAERI/TIARA experimental concrete,2.31,measured 68-MeV p-7Li source,68.0,,JAERI_68MEV_BC501A_T100_FE000,JAERI_68MEV_PEAK_4.00E9_N_SR_UC,0.0,,36.0,37.0,,100.0,,0.0,lethargy_flux,29.8,n cm-2 lethargy-1 uC-1,3.278,11.0,BC501A unfolded neutron spectrum,OK,,JAERI-Data/Code 97-020 Tables 10-15,jaeri_tiara_bc501a_transmission_spectra_phase1_verified.csv
N002_JAERI_TIARA_68MEV_TRANS_000633,N002_JAERI_TIARA_68MEV,external_reference,neutron,JAERI/TIARA experimental concrete,2.31,measured 68-MeV p-7Li source,68.0,,JAERI_68MEV_BC501A_T100_FE000,JAERI_68MEV_PEAK_4.00E9_N_SR_UC,0.0,,35.0,36.0,,100.0,,0.0,lethargy_flux,28.2,n cm-2 lethargy-1 uC-1,3.1866000000000003,11.3,BC501A unfolded neutron spectrum,OK,,JAERI-Data/Code 97-020 Tables 10-15,jaeri_tiara_bc501a_transmission_spectra_phase1_verified.csv
N002_JAERI_TIARA_68MEV_TRANS_000634,N002_JAERI_TIARA_68MEV,external_reference,neutron,JAERI/TIARA experimental concrete,2.31,measured 68-MeV p-7Li source,68.0,,JAERI_68MEV_BC501A_T100_FE000,JAERI_68MEV_PEAK_4.00E9_N_SR_UC,0.0,,34.0,35.0,,100.0,,0.0,lethargy_flux,26.2,n cm-2 lethargy-1 uC-1,3.0391999999999997,11.6,BC501A unfolded neutron spectrum,OK,,JAERI-Data/Code 97-020 Tables 10-15,jaeri_tiara_bc501a_transmission_spectra_phase1_verified.csv
N002_JAERI_TIARA_68MEV_TRANS_000635,N002_JAERI_TIARA_68MEV,external_reference,neutron,JAERI/TIARA experimental concrete,2.31,measured 68-MeV p-7Li source,68.0,,JAERI_68MEV_BC501A_T100_FE000,JAERI_68MEV_PEAK_4.00E9_N_SR_UC,0.0,,33.0,34.0,,100.0,,0.0,lethargy_flux,23.9,n cm-2 lethargy-1 uC-1,2.9158,12.2,BC501A unfolded neutron spectrum,OK,,JAERI-Data/Code 97-020 Tables 10-15,jaeri_tiara_bc501a_transmission_spectra_phase1_verified.csv
N002_JAERI_TIARA_68MEV_TRANS_000636,N002_JAERI_TIARA_68MEV,external_reference,neutron,JAERI/TIARA experimental concrete,2.31,measured 68-MeV p-7Li source,68.0,,JAERI_68MEV_BC501A_T100_FE000,JAERI_68MEV_PEAK_4.00E9_N_SR_UC,0.0,,32.0,33.0,,100.0,,0.0,lethargy_flux,21.8,n cm-2 lethargy-1 uC-1,2.7904,12.8,BC501A unfolded neutron spectrum,OK,,JAERI-Data/Code 97-020 Tables 10-15,jaeri_tiara_bc501a_transmission_spectra_phase1_verified.csv
N002_JAERI_TIARA_68MEV_TRANS_000637,N002_JAERI_TIARA_68MEV,external_reference,neutron,JAERI/TIARA experimental concrete,2.31,measured 68-MeV p-7Li source,68.0,,JAERI_68MEV_BC501A_T100_FE000,JAERI_68MEV_PEAK_4.00E9_N_SR_UC,0.0,,31.0,32.0,,100.0,,0.0,lethargy_flux,20.2,n cm-2 lethargy-1 uC-1,2.6259999999999994,13.0,BC501A unfolded neutron spectrum,OK,,JAERI-Data/Code 97-020 Tables 10-15,jaeri_tiara_bc501a_transmission_spectra_phase1_verified.csv
N002_JAERI_TIARA_68MEV_TRANS_000638,N002_JAERI_TIARA_68MEV,external_reference,neutron,JAERI/TIARA experimental concrete,2.31,measured 68-MeV p-7Li source,68.0,,JAERI_68MEV_BC501A_T100_FE000,JAERI_68MEV_PEAK_4.00E9_N_SR_UC,0.0,,30.0,31.0,,100.0,,0.0,lethargy_flux,19.3,n cm-2 lethargy-1 uC-1,2.509,13.0,BC501A unfolded neutron spectrum,OK,,JAERI-Data/Code 97-020 Tables 10-15,jaeri_tiara_bc501a_transmission_spectra_phase1_verified.csv
N002_JAERI_TIARA_68MEV_TRANS_000639,N002_JAERI_TIARA_68MEV,external_reference,neutron,JAERI/TIARA experimental concrete,2.31,measured 68-MeV p-7Li source,68.0,,JAERI_68MEV_BC501A_T100_FE000,JAERI_68MEV_PEAK_4.00E9_N_SR_UC,0.0,,29.0,30.0,,100.0,,0.0,lethargy_flux,19.1,n cm-2 lethargy-1 uC-1,2.4066,12.6,BC501A unfolded neutron spectrum,OK,,JAERI-Data/Code 97-020 Tables 10-15,jaeri_tiara_bc501a_transmission_spectra_phase1_verified.csv
N002_JAERI_TIARA_68MEV_TRANS_000640,N002_JAERI_TIARA_68MEV,external_reference,neutron,JAERI/TIARA experimental concrete,2.31,measured 68-MeV p-7Li source,68.0,,JAERI_68MEV_BC501A_T100_FE000,JAERI_68MEV_PEAK_4.00E9_N_SR_UC,0.0,,28.0,29.0,,100.0,,0.0,lethargy_flux,19.3,n cm-2 lethargy-1 uC-1,2.4125,12.5,BC501A unfolded neutron spectrum,OK,,JAERI-Data/Code 97-020 Tables 10-15,jaeri_tiara_bc501a_transmission_spectra_phase1_verified.csv
N002_JAERI_TIARA_68MEV_TRANS_000641,N002_JAERI_TIARA_68MEV,external_reference,neutron,JAERI/TIARA experimental concrete,2.31,measured 68-MeV p-7Li source,68.0,,JAERI_68MEV_BC501A_T100_FE000,JAERI_68MEV_PEAK_4.00E9_N_SR_UC,0.0,,27.0,28.0,,100.0,,0.0,lethargy_flux,19.3,n cm-2 lethargy-1 uC-1,2.4897000000000005,12.9,BC501A unfolded neutron spectrum,OK,,JAERI-Data/Code 97-020 Tables 10-15,jaeri_tiara_bc501a_transmission_spectra_phase1_verified.csv
N002_JAERI_TIARA_68MEV_TRANS_000642,N002_JAERI_TIARA_68MEV,external_reference,neutron,JAERI/TIARA experimental concrete,2.31,measured 68-MeV p-7Li source,68.0,,JAERI_68MEV_BC501A_T100_FE000,JAERI_68MEV_PEAK_4.00E9_N_SR_UC,0.0,,26.0,27.0,,100.0,,0.0,lethargy_flux,19.0,n cm-2 lethargy-1 uC-1,2.641,13.9,BC501A unfolded neutron spectrum,OK,,JAERI-Data/Code 97-020 Tables 10-15,jaeri_tiara_bc501a_transmission_spectra_phase1_verified.csv
N002_JAERI_TIARA_68MEV_TRANS_000643,N002_JAERI_TIARA_68MEV,external_reference,neutron,JAERI/TIARA experimental concrete,2.31,measured 68-MeV p-7Li source,68.0,,JAERI_68MEV_BC501A_T100_FE000,JAERI_68MEV_PEAK_4.00E9_N_SR_UC,0.0,,25.0,26.0,,100.0,,0.0,lethargy_flux,18.0,n cm-2 lethargy-1 uC-1,2.7359999999999998,15.2,BC501A unfolded neutron spectrum,OK,,JAERI-Data/Code 97-020 Tables 10-15,jaeri_tiara_bc501a_transmission_spectra_phase1_verified.csv
N002_JAERI_TIARA_68MEV_TRANS_000644,N002_JAERI_TIARA_68MEV,external_reference,neutron,JAERI/TIARA experimental concrete,2.31,measured 68-MeV p-7Li source,68.0,,JAERI_68MEV_BC501A_T100_FE000,JAERI_68MEV_PEAK_4.00E9_N_SR_UC,0.0,,24.0,25.0,,100.0,,0.0,lethargy_flux,16.6,n cm-2 lethargy-1 uC-1,2.7390000000000003,16.5,BC501A unfolded neutron spectrum,OK,,JAERI-Data/Code 97-020 Tables 10-15,jaeri_tiara_bc501a_transmission_spectra_phase1_verified.csv
N002_JAERI_TIARA_68MEV_TRANS_000645,N002_JAERI_TIARA_68MEV,external_reference,neutron,JAERI/TIARA experimental concrete,2.31,measured 68-MeV p-7Li source,68.0,,JAERI_68MEV_BC501A_T100_FE000,JAERI_68MEV_PEAK_4.00E9_N_SR_UC,0.0,,23.0,24.0,,100.0,,0.0,lethargy_flux,14.9,n cm-2 lethargy-1 uC-1,2.4882999999999997,16.7,BC501A unfolded neutron spectrum,OK,,JAERI-Data/Code 97-020 Tables 10-15,jaeri_tiara_bc501a_transmission_spectra_phase1_verified.csv
N002_JAERI_TIARA_68MEV_TRANS_000646,N002_JAERI_TIARA_68MEV,external_reference,neutron,JAERI/TIARA experimental concrete,2.31,measured 68-MeV p-7Li source,68.0,,JAERI_68MEV_BC501A_T100_FE000,JAERI_68MEV_PEAK_4.00E9_N_SR_UC,0.0,,22.0,23.0,,100.0,,0.0,lethargy_flux,13.2,n cm-2 lethargy-1 uC-1,1.9931999999999999,15.1,BC501A unfolded neutron spectrum,OK,,JAERI-Data/Code 97-020 Tables 10-15,jaeri_tiara_bc501a_transmission_spectra_phase1_verified.csv
N002_JAERI_TIARA_68MEV_TRANS_000647,N002_JAERI_TIARA_68MEV,external_reference,neutron,JAERI/TIARA experimental concrete,2.31,measured 68-MeV p-7Li source,68.0,,JAERI_68MEV_BC501A_T100_FE000,JAERI_68MEV_PEAK_4.00E9_N_SR_UC,0.0,,21.0,22.0,,100.0,,0.0,lethargy_flux,11.6,n cm-2 lethargy-1 uC-1,1.3803999999999998,11.9,BC501A unfolded neutron spectrum,OK,,JAERI-Data/Code 97-020 Tables 10-15,jaeri_tiara_bc501a_transmission_spectra_phase1_verified.csv
N002_JAERI_TIARA_68MEV_TRANS_000648,N002_JAERI_TIARA_68MEV,external_reference,neutron,JAERI/TIARA experimental concrete,2.31,measured 68-MeV p-7Li source,68.0,,JAERI_68MEV_BC501A_T100_FE000,JAERI_68MEV_PEAK_4.00E9_N_SR_UC,0.0,,20.0,21.0,,100.0,,0.0,lethargy_flux,9.98,n cm-2 lethargy-1 uC-1,0.8283400000000002,8.3,BC501A unfolded neutron spectrum,OK,,JAERI-Data/Code 97-020 Tables 10-15,jaeri_tiara_bc501a_transmission_spectra_phase1_verified.csv
N002_JAERI_TIARA_68MEV_TRANS_000649,N002_JAERI_TIARA_68MEV,external_reference,neutron,JAERI/TIARA experimental concrete,2.31,measured 68-MeV p-7Li source,68.0,,JAERI_68MEV_BC501A_T100_FE000,JAERI_68MEV_PEAK_4.00E9_N_SR_UC,0.0,,19.0,20.0,,100.0,,0.0,lethargy_flux,8.44,n cm-2 lethargy-1 uC-1,1.24912,14.8,BC501A unfolded neutron spectrum,OK,,JAERI-Data/Code 97-020 Tables 10-15,jaeri_tiara_bc501a_transmission_spectra_phase1_verified.csv
N002_JAERI_TIARA_68MEV_TRANS_000650,N002_JAERI_TIARA_68MEV,external_reference,neutron,JAERI/TIARA experimental concrete,2.31,measured 68-MeV p-7Li source,68.0,,JAERI_68MEV_BC501A_T100_FE000,JAERI_68MEV_PEAK_4.00E9_N_SR_UC,0.0,,18.0,19.0,,100.0,,0.0,lethargy_flux,7.07,n cm-2 lethargy-1 uC-1,1.61196,22.8,BC501A unfolded neutron spectrum,OK,,JAERI-Data/Code 97-020 Tables 10-15,jaeri_tiara_bc501a_transmission_spectra_phase1_verified.csv
N002_JAERI_TIARA_68MEV_TRANS_000651,N002_JAERI_TIARA_68MEV,external_reference,neutron,JAERI/TIARA experimental concrete,2.31,measured 68-MeV p-7Li source,68.0,,JAERI_68MEV_BC501A_T100_FE000,JAERI_68MEV_PEAK_4.00E9_N_SR_UC,0.0,,17.0,18.0,,100.0,,0.0,lethargy_flux,6.04,n cm-2 lethargy-1 uC-1,1.6126800000000001,26.7,BC501A unfolded neutron spectrum,OK,,JAERI-Data/Code 97-020 Tables 10-15,jaeri_tiara_bc501a_transmission_spectra_phase1_verified.csv
N002_JAERI_TIARA_68MEV_TRANS_000652,N002_JAERI_TIARA_68MEV,external_reference,neutron,JAERI/TIARA experimental concrete,2.31,measured 68-MeV p-7Li source,68.0,,JAERI_68MEV_BC501A_T100_FE000,JAERI_68MEV_PEAK_4.00E9_N_SR_UC,0.0,,16.0,17.0,,100.0,,0.0,lethargy_flux,5.5,n cm-2 lethargy-1 uC-1,1.2925,23.5,BC501A unfolded neutron spectrum,OK,,JAERI-Data/Code 97-020 Tables 10-15,jaeri_tiara_bc501a_transmission_spectra_phase1_verified.csv
N002_JAERI_TIARA_68MEV_TRANS_000653,N002_JAERI_TIARA_68MEV,external_reference,neutron,JAERI/TIARA experimental concrete,2.31,measured 68-MeV p-7Li source,68.0,,JAERI_68MEV_BC501A_T100_FE000,JAERI_68MEV_PEAK_4.00E9_N_SR_UC,0.0,,15.0,16.0,,100.0,,0.0,lethargy_flux,5.42,n cm-2 lethargy-1 uC-1,0.87804,16.2,BC501A unfolded neutron spectrum,OK,,JAERI-Data/Code 97-020 Tables 10-15,jaeri_tiara_bc501a_transmission_spectra_phase1_verified.csv
N002_JAERI_TIARA_68MEV_TRANS_000654,N002_JAERI_TIARA_68MEV,external_reference,neutron,JAERI/TIARA experimental concrete,2.31,measured 68-MeV p-7Li source,68.0,,JAERI_68MEV_BC501A_T100_FE000,JAERI_68MEV_PEAK_4.00E9_N_SR_UC,0.0,,14.0,15.0,,100.0,,0.0,lethargy_flux,5.63,n cm-2 lethargy-1 uC-1,0.59678,10.6,BC501A unfolded neutron spectrum,OK,,JAERI-Data/Code 97-020 Tables 10-15,jaeri_tiara_bc501a_transmission_spectra_phase1_verified.csv
N002_JAERI_TIARA_68MEV_TRANS_000655,N002_JAERI_TIARA_68MEV,external_reference,neutron,JAERI/TIARA experimental concrete,2.31,measured 68-MeV p-7Li source,68.0,,JAERI_68MEV_BC501A_T100_FE000,JAERI_68MEV_PEAK_4.00E9_N_SR_UC,0.0,,13.0,14.0,,100.0,,0.0,lethargy_flux,5.87,n cm-2 lethargy-1 uC-1,0.58113,9.9,BC501A unfolded neutron spectrum,OK,,JAERI-Data/Code 97-020 Tables 10-15,jaeri_tiara_bc501a_transmission_spectra_phase1_verified.csv
N002_JAERI_TIARA_68MEV_TRANS_000656,N002_JAERI_TIARA_68MEV,external_reference,neutron,JAERI/TIARA experimental concrete,2.31,measured 68-MeV p-7Li source,68.0,,JAERI_68MEV_BC501A_T100_FE000,JAERI_68MEV_PEAK_4.00E9_N_SR_UC,0.0,,12.0,13.0,,100.0,,0.0,lethargy_flux,6.05,n cm-2 lethargy-1 uC-1,0.7622999999999999,12.6,BC501A unfolded neutron spectrum,OK,,JAERI-Data/Code 97-020 Tables 10-15,jaeri_tiara_bc501a_transmission_spectra_phase1_verified.csv
N002_JAERI_TIARA_68MEV_TRANS_000657,N002_JAERI_TIARA_68MEV,external_reference,neutron,JAERI/TIARA experimental concrete,2.31,measured 68-MeV p-7Li source,68.0,,JAERI_68MEV_BC501A_T100_FE000,JAERI_68MEV_PEAK_4.00E9_N_SR_UC,0.0,,11.0,12.0,,100.0,,0.0,lethargy_flux,6.2,n cm-2 lethargy-1 uC-1,0.93,15.0,BC501A unfolded neutron spectrum,OK,,JAERI-Data/Code 97-020 Tables 10-15,jaeri_tiara_bc501a_transmission_spectra_phase1_verified.csv
N002_JAERI_TIARA_68MEV_TRANS_000658,N002_JAERI_TIARA_68MEV,external_reference,neutron,JAERI/TIARA experimental concrete,2.31,measured 68-MeV p-7Li source,68.0,,JAERI_68MEV_BC501A_T100_FE000,JAERI_68MEV_PEAK_4.00E9_N_SR_UC,0.0,,10.0,11.0,,100.0,,0.0,lethargy_flux,6.4,n cm-2 lethargy-1 uC-1,0.9536000000000001,14.9,BC501A unfolded neutron spectrum,OK,,JAERI-Data/Code 97-020 Tables 10-15,jaeri_tiara_bc501a_transmission_spectra_phase1_verified.csv
N002_JAERI_TIARA_68MEV_TRANS_000659,N002_JAERI_TIARA_68MEV,external_reference,neutron,JAERI/TIARA experimental concrete,2.31,measured 68-MeV p-7Li source,68.0,,JAERI_68MEV_BC501A_T100_FE000,JAERI_68MEV_PEAK_4.00E9_N_SR_UC,0.0,,9.0,10.0,,100.0,,0.0,lethargy_flux,6.73,n cm-2 lethargy-1 uC-1,0.7806799999999999,11.6,BC501A unfolded neutron spectrum,OK,,JAERI-Data/Code 97-020 Tables 10-15,jaeri_tiara_bc501a_transmission_spectra_phase1_verified.csv
N002_JAERI_TIARA_68MEV_TRANS_000660,N002_JAERI_TIARA_68MEV,external_reference,neutron,JAERI/TIARA experimental concrete,2.31,measured 68-MeV p-7Li source,68.0,,JAERI_68MEV_BC501A_T100_FE000,JAERI_68MEV_PEAK_4.00E9_N_SR_UC,0.0,,8.0,9.0,,100.0,,0.0,lethargy_flux,7.12,n cm-2 lethargy-1 uC-1,0.39160000000000006,5.5,BC501A unfolded neutron spectrum,OK,,JAERI-Data/Code 97-020 Tables 10-15,jaeri_tiara_bc501a_transmission_spectra_phase1_verified.csv
N002_JAERI_TIARA_68MEV_TRANS_000661,N002_JAERI_TIARA_68MEV,external_reference,neutron,JAERI/TIARA experimental concrete,2.31,measured 68-MeV p-7Li source,68.0,,JAERI_68MEV_BC501A_T100_FE000,JAERI_68MEV_PEAK_4.00E9_N_SR_UC,0.0,,7.0,8.0,,100.0,,0.0,lethargy_flux,7.19,n cm-2 lethargy-1 uC-1,1.20792,16.8,BC501A unfolded neutron spectrum,OK,,JAERI-Data/Code 97-020 Tables 10-15,jaeri_tiara_bc501a_transmission_spectra_phase1_verified.csv
N002_JAERI_TIARA_68MEV_TRANS_000662,N002_JAERI_TIARA_68MEV,external_reference,neutron,JAERI/TIARA experimental concrete,2.31,measured 68-MeV p-7Li source,68.0,,JAERI_68MEV_BC501A_T100_FE000,JAERI_68MEV_PEAK_4.00E9_N_SR_UC,0.0,,6.0,7.0,,100.0,,0.0,lethargy_flux,6.38,n cm-2 lethargy-1 uC-1,2.43078,38.1,BC501A unfolded neutron spectrum,OK,,JAERI-Data/Code 97-020 Tables 10-15,jaeri_tiara_bc501a_transmission_spectra_phase1_verified.csv
N002_JAERI_TIARA_68MEV_TRANS_000663,N002_JAERI_TIARA_68MEV,external_reference,neutron,JAERI/TIARA experimental concrete,2.31,measured 68-MeV p-7Li source,68.0,,JAERI_68MEV_BC501A_T150_FE000,JAERI_68MEV_PEAK_4.00E9_N_SR_UC,0.0,,58.0,60.0,,150.0,,0.0,lethargy_flux,12.1,n cm-2 lethargy-1 uC-1,0.6413,5.3,BC501A unfolded neutron spectrum,OK,,JAERI-Data/Code 97-020 Tables 10-15,jaeri_tiara_bc501a_transmission_spectra_phase1_verified.csv
N002_JAERI_TIARA_68MEV_TRANS_000664,N002_JAERI_TIARA_68MEV,external_reference,neutron,JAERI/TIARA experimental concrete,2.31,measured 68-MeV p-7Li source,68.0,,JAERI_68MEV_BC501A_T150_FE000,JAERI_68MEV_PEAK_4.00E9_N_SR_UC,0.0,,68.0,70.0,,150.0,,0.0,lethargy_flux,4.22,n cm-2 lethargy-1 uC-1,0.28696,6.8,BC501A unfolded neutron spectrum,OK,,JAERI-Data/Code 97-020 Tables 10-15,jaeri_tiara_bc501a_transmission_spectra_phase1_verified.csv
N002_JAERI_TIARA_68MEV_TRANS_000665,N002_JAERI_TIARA_68MEV,external_reference,neutron,JAERI/TIARA experimental concrete,2.31,measured 68-MeV p-7Li source,68.0,,JAERI_68MEV_BC501A_T150_FE000,JAERI_68MEV_PEAK_4.00E9_N_SR_UC,0.0,,66.0,68.0,,150.0,,0.0,lethargy_flux,9.86,n cm-2 lethargy-1 uC-1,0.5718799999999999,5.8,BC501A unfolded neutron spectrum,OK,,JAERI-Data/Code 97-020 Tables 10-15,jaeri_tiara_bc501a_transmission_spectra_phase1_verified.csv
N002_JAERI_TIARA_68MEV_TRANS_000666,N002_JAERI_TIARA_68MEV,external_reference,neutron,JAERI/TIARA experimental concrete,2.31,measured 68-MeV p-7Li source,68.0,,JAERI_68MEV_BC501A_T150_FE000,JAERI_68MEV_PEAK_4.00E9_N_SR_UC,0.0,,64.0,66.0,,150.0,,0.0,lethargy_flux,16.8,n cm-2 lethargy-1 uC-1,0.7896000000000001,4.7,BC501A unfolded neutron spectrum,OK,,JAERI-Data/Code 97-020 Tables 10-15,jaeri_tiara_bc501a_transmission_spectra_phase1_verified.csv
N002_JAERI_TIARA_68MEV_TRANS_000667,N002_JAERI_TIARA_68MEV,external_reference,neutron,JAERI/TIARA experimental concrete,2.31,measured 68-MeV p-7Li source,68.0,,JAERI_68MEV_BC501A_T150_FE000,JAERI_68MEV_PEAK_4.00E9_N_SR_UC,0.0,,62.0,64.0,,150.0,,0.0,lethargy_flux,20.7,n cm-2 lethargy-1 uC-1,0.9521999999999998,4.6,BC501A unfolded neutron spectrum,OK,,JAERI-Data/Code 97-020 Tables 10-15,jaeri_tiara_bc501a_transmission_spectra_phase1_verified.csv
N002_JAERI_TIARA_68MEV_TRANS_000668,N002_JAERI_TIARA_68MEV,external_reference,neutron,JAERI/TIARA experimental concrete,2.31,measured 68-MeV p-7Li source,68.0,,JAERI_68MEV_BC501A_T150_FE000,JAERI_68MEV_PEAK_4.00E9_N_SR_UC,0.0,,60.0,62.0,,150.0,,0.0,lethargy_flux,18.4,n cm-2 lethargy-1 uC-1,0.92,5.0,BC501A unfolded neutron spectrum,OK,,JAERI-Data/Code 97-020 Tables 10-15,jaeri_tiara_bc501a_transmission_spectra_phase1_verified.csv
N002_JAERI_TIARA_68MEV_TRANS_000669,N002_JAERI_TIARA_68MEV,external_reference,neutron,JAERI/TIARA experimental concrete,2.31,measured 68-MeV p-7Li source,68.0,,JAERI_68MEV_BC501A_T150_FE000,JAERI_68MEV_PEAK_4.00E9_N_SR_UC,0.0,,56.0,58.0,,150.0,,0.0,lethargy_flux,6.54,n cm-2 lethargy-1 uC-1,0.327,5.0,BC501A unfolded neutron spectrum,OK,,JAERI-Data/Code 97-020 Tables 10-15,jaeri_tiara_bc501a_transmission_spectra_phase1_verified.csv
N002_JAERI_TIARA_68MEV_TRANS_000670,N002_JAERI_TIARA_68MEV,external_reference,neutron,JAERI/TIARA experimental concrete,2.31,measured 68-MeV p-7Li source,68.0,,JAERI_68MEV_BC501A_T150_FE000,JAERI_68MEV_PEAK_4.00E9_N_SR_UC,0.0,,54.0,56.0,,150.0,,0.0,lethargy_flux,4.04,n cm-2 lethargy-1 uC-1,0.2626,6.5,BC501A unfolded neutron spectrum,OK,,JAERI-Data/Code 97-020 Tables 10-15,jaeri_tiara_bc501a_transmission_spectra_phase1_verified.csv
N002_JAERI_TIARA_68MEV_TRANS_000671,N002_JAERI_TIARA_68MEV,external_reference,neutron,JAERI/TIARA experimental concrete,2.31,measured 68-MeV p-7Li source,68.0,,JAERI_68MEV_BC501A_T150_FE000,JAERI_68MEV_PEAK_4.00E9_N_SR_UC,0.0,,52.0,54.0,,150.0,,0.0,lethargy_flux,3.65,n cm-2 lethargy-1 uC-1,0.25185,6.9,BC501A unfolded neutron spectrum,OK,,JAERI-Data/Code 97-020 Tables 10-15,jaeri_tiara_bc501a_transmission_spectra_phase1_verified.csv
N002_JAERI_TIARA_68MEV_TRANS_000672,N002_JAERI_TIARA_68MEV,external_reference,neutron,JAERI/TIARA experimental concrete,2.31,measured 68-MeV p-7Li source,68.0,,JAERI_68MEV_BC501A_T150_FE000,JAERI_68MEV_PEAK_4.00E9_N_SR_UC,0.0,,50.0,52.0,,150.0,,0.0,lethargy_flux,3.85,n cm-2 lethargy-1 uC-1,0.24255,6.3,BC501A unfolded neutron spectrum,OK,,JAERI-Data/Code 97-020 Tables 10-15,jaeri_tiara_bc501a_transmission_spectra_phase1_verified.csv
N002_JAERI_TIARA_68MEV_TRANS_000673,N002_JAERI_TIARA_68MEV,external_reference,neutron,JAERI/TIARA experimental concrete,2.31,measured 68-MeV p-7Li source,68.0,,JAERI_68MEV_BC501A_T150_FE000,JAERI_68MEV_PEAK_4.00E9_N_SR_UC,0.0,,48.0,50.0,,150.0,,0.0,lethargy_flux,3.88,n cm-2 lethargy-1 uC-1,0.24444,6.3,BC501A unfolded neutron spectrum,OK,,JAERI-Data/Code 97-020 Tables 10-15,jaeri_tiara_bc501a_transmission_spectra_phase1_verified.csv
N002_JAERI_TIARA_68MEV_TRANS_000674,N002_JAERI_TIARA_68MEV,external_reference,neutron,JAERI/TIARA experimental concrete,2.31,measured 68-MeV p-7Li source,68.0,,JAERI_68MEV_BC501A_T150_FE000,JAERI_68MEV_PEAK_4.00E9_N_SR_UC,0.0,,46.0,48.0,,150.0,,0.0,lethargy_flux,3.55,n cm-2 lethargy-1 uC-1,0.24495,6.9,BC501A unfolded neutron spectrum,OK,,JAERI-Data/Code 97-020 Tables 10-15,jaeri_tiara_bc501a_transmission_spectra_phase1_verified.csv
N002_JAERI_TIARA_68MEV_TRANS_000675,N002_JAERI_TIARA_68MEV,external_reference,neutron,JAERI/TIARA experimental concrete,2.31,measured 68-MeV p-7Li source,68.0,,JAERI_68MEV_BC501A_T150_FE000,JAERI_68MEV_PEAK_4.00E9_N_SR_UC,0.0,,44.0,46.0,,150.0,,0.0,lethargy_flux,2.96,n cm-2 lethargy-1 uC-1,0.222,7.5,BC501A unfolded neutron spectrum,OK,,JAERI-Data/Code 97-020 Tables 10-15,jaeri_tiara_bc501a_transmission_spectra_phase1_verified.csv
N002_JAERI_TIARA_68MEV_TRANS_000676,N002_JAERI_TIARA_68MEV,external_reference,neutron,JAERI/TIARA experimental concrete,2.31,measured 68-MeV p-7Li source,68.0,,JAERI_68MEV_BC501A_T150_FE000,JAERI_68MEV_PEAK_4.00E9_N_SR_UC,0.0,,43.0,44.0,,150.0,,0.0,lethargy_flux,2.51,n cm-2 lethargy-1 uC-1,0.20581999999999998,8.2,BC501A unfolded neutron spectrum,OK,,JAERI-Data/Code 97-020 Tables 10-15,jaeri_tiara_bc501a_transmission_spectra_phase1_verified.csv
N002_JAERI_TIARA_68MEV_TRANS_000677,N002_JAERI_TIARA_68MEV,external_reference,neutron,JAERI/TIARA experimental concrete,2.31,measured 68-MeV p-7Li source,68.0,,JAERI_68MEV_BC501A_T150_FE000,JAERI_68MEV_PEAK_4.00E9_N_SR_UC,0.0,,42.0,43.0,,150.0,,0.0,lethargy_flux,2.29,n cm-2 lethargy-1 uC-1,0.19923,8.7,BC501A unfolded neutron spectrum,OK,,JAERI-Data/Code 97-020 Tables 10-15,jaeri_tiara_bc501a_transmission_spectra_phase1_verified.csv
N002_JAERI_TIARA_68MEV_TRANS_000678,N002_JAERI_TIARA_68MEV,external_reference,neutron,JAERI/TIARA experimental concrete,2.31,measured 68-MeV p-7Li source,68.0,,JAERI_68MEV_BC501A_T150_FE000,JAERI_68MEV_PEAK_4.00E9_N_SR_UC,0.0,,41.0,42.0,,150.0,,0.0,lethargy_flux,2.15,n cm-2 lethargy-1 uC-1,0.19995000000000002,9.3,BC501A unfolded neutron spectrum,OK,,JAERI-Data/Code 97-020 Tables 10-15,jaeri_tiara_bc501a_transmission_spectra_phase1_verified.csv
N002_JAERI_TIARA_68MEV_TRANS_000679,N002_JAERI_TIARA_68MEV,external_reference,neutron,JAERI/TIARA experimental concrete,2.31,measured 68-MeV p-7Li source,68.0,,JAERI_68MEV_BC501A_T150_FE000,JAERI_68MEV_PEAK_4.00E9_N_SR_UC,0.0,,40.0,41.0,,150.0,,0.0,lethargy_flux,2.11,n cm-2 lethargy-1 uC-1,0.21522,10.2,BC501A unfolded neutron spectrum,OK,,JAERI-Data/Code 97-020 Tables 10-15,jaeri_tiara_bc501a_transmission_spectra_phase1_verified.csv
N002_JAERI_TIARA_68MEV_TRANS_000680,N002_JAERI_TIARA_68MEV,external_reference,neutron,JAERI/TIARA experimental concrete,2.31,measured 68-MeV p-7Li source,68.0,,JAERI_68MEV_BC501A_T150_FE000,JAERI_68MEV_PEAK_4.00E9_N_SR_UC,0.0,,39.0,40.0,,150.0,,0.0,lethargy_flux,2.12,n cm-2 lethargy-1 uC-1,0.23743999999999998,11.2,BC501A unfolded neutron spectrum,OK,,JAERI-Data/Code 97-020 Tables 10-15,jaeri_tiara_bc501a_transmission_spectra_phase1_verified.csv
N002_JAERI_TIARA_68MEV_TRANS_000681,N002_JAERI_TIARA_68MEV,external_reference,neutron,JAERI/TIARA experimental concrete,2.31,measured 68-MeV p-7Li source,68.0,,JAERI_68MEV_BC501A_T150_FE000,JAERI_68MEV_PEAK_4.00E9_N_SR_UC,0.0,,38.0,39.0,,150.0,,0.0,lethargy_flux,2.14,n cm-2 lethargy-1 uC-1,0.25038,11.7,BC501A unfolded neutron spectrum,OK,,JAERI-Data/Code 97-020 Tables 10-15,jaeri_tiara_bc501a_transmission_spectra_phase1_verified.csv
N002_JAERI_TIARA_68MEV_TRANS_000682,N002_JAERI_TIARA_68MEV,external_reference,neutron,JAERI/TIARA experimental concrete,2.31,measured 68-MeV p-7Li source,68.0,,JAERI_68MEV_BC501A_T150_FE000,JAERI_68MEV_PEAK_4.00E9_N_SR_UC,0.0,,37.0,38.0,,150.0,,0.0,lethargy_flux,2.15,n cm-2 lethargy-1 uC-1,0.25585,11.9,BC501A unfolded neutron spectrum,OK,,JAERI-Data/Code 97-020 Tables 10-15,jaeri_tiara_bc501a_transmission_spectra_phase1_verified.csv
N002_JAERI_TIARA_68MEV_TRANS_000683,N002_JAERI_TIARA_68MEV,external_reference,neutron,JAERI/TIARA experimental concrete,2.31,measured 68-MeV p-7Li source,68.0,,JAERI_68MEV_BC501A_T150_FE000,JAERI_68MEV_PEAK_4.00E9_N_SR_UC,0.0,,36.0,37.0,,150.0,,0.0,lethargy_flux,2.12,n cm-2 lethargy-1 uC-1,0.24803999999999998,11.7,BC501A unfolded neutron spectrum,OK,,JAERI-Data/Code 97-020 Tables 10-15,jaeri_tiara_bc501a_transmission_spectra_phase1_verified.csv
N002_JAERI_TIARA_68MEV_TRANS_000684,N002_JAERI_TIARA_68MEV,external_reference,neutron,JAERI/TIARA experimental concrete,2.31,measured 68-MeV p-7Li source,68.0,,JAERI_68MEV_BC501A_T150_FE000,JAERI_68MEV_PEAK_4.00E9_N_SR_UC,0.0,,35.0,36.0,,150.0,,0.0,lethargy_flux,2.03,n cm-2 lethargy-1 uC-1,0.23345,11.5,BC501A unfolded neutron spectrum,OK,,JAERI-Data/Code 97-020 Tables 10-15,jaeri_tiara_bc501a_transmission_spectra_phase1_verified.csv
N002_JAERI_TIARA_68MEV_TRANS_000685,N002_JAERI_TIARA_68MEV,external_reference,neutron,JAERI/TIARA experimental concrete,2.31,measured 68-MeV p-7Li source,68.0,,JAERI_68MEV_BC501A_T150_FE000,JAERI_68MEV_PEAK_4.00E9_N_SR_UC,0.0,,34.0,35.0,,150.0,,0.0,lethargy_flux,1.89,n cm-2 lethargy-1 uC-1,0.21356999999999998,11.3,BC501A unfolded neutron spectrum,OK,,JAERI-Data/Code 97-020 Tables 10-15,jaeri_tiara_bc501a_transmission_spectra_phase1_verified.csv
N002_JAERI_TIARA_68MEV_TRANS_000686,N002_JAERI_TIARA_68MEV,external_reference,neutron,JAERI/TIARA experimental concrete,2.31,measured 68-MeV p-7Li source,68.0,,JAERI_68MEV_BC501A_T150_FE000,JAERI_68MEV_PEAK_4.00E9_N_SR_UC,0.0,,33.0,34.0,,150.0,,0.0,lethargy_flux,1.72,n cm-2 lethargy-1 uC-1,0.19951999999999998,11.6,BC501A unfolded neutron spectrum,OK,,JAERI-Data/Code 97-020 Tables 10-15,jaeri_tiara_bc501a_transmission_spectra_phase1_verified.csv
N002_JAERI_TIARA_68MEV_TRANS_000687,N002_JAERI_TIARA_68MEV,external_reference,neutron,JAERI/TIARA experimental concrete,2.31,measured 68-MeV p-7Li source,68.0,,JAERI_68MEV_BC501A_T150_FE000,JAERI_68MEV_PEAK_4.00E9_N_SR_UC,0.0,,32.0,33.0,,150.0,,0.0,lethargy_flux,1.55,n cm-2 lethargy-1 uC-1,0.19220000000000004,12.4,BC501A unfolded neutron spectrum,OK,,JAERI-Data/Code 97-020 Tables 10-15,jaeri_tiara_bc501a_transmission_spectra_phase1_verified.csv
N002_JAERI_TIARA_68MEV_TRANS_000688,N002_JAERI_TIARA_68MEV,external_reference,neutron,JAERI/TIARA experimental concrete,2.31,measured 68-MeV p-7Li source,68.0,,JAERI_68MEV_BC501A_T150_FE000,JAERI_68MEV_PEAK_4.00E9_N_SR_UC,0.0,,31.0,32.0,,150.0,,0.0,lethargy_flux,1.42,n cm-2 lethargy-1 uC-1,0.18602,13.1,BC501A unfolded neutron spectrum,OK,,JAERI-Data/Code 97-020 Tables 10-15,jaeri_tiara_bc501a_transmission_spectra_phase1_verified.csv
N002_JAERI_TIARA_68MEV_TRANS_000689,N002_JAERI_TIARA_68MEV,external_reference,neutron,JAERI/TIARA experimental concrete,2.31,measured 68-MeV p-7Li source,68.0,,JAERI_68MEV_BC501A_T150_FE000,JAERI_68MEV_PEAK_4.00E9_N_SR_UC,0.0,,30.0,31.0,,150.0,,0.0,lethargy_flux,1.34,n cm-2 lethargy-1 uC-1,0.17554000000000003,13.1,BC501A unfolded neutron spectrum,OK,,JAERI-Data/Code 97-020 Tables 10-15,jaeri_tiara_bc501a_transmission_spectra_phase1_verified.csv
N002_JAERI_TIARA_68MEV_TRANS_000690,N002_JAERI_TIARA_68MEV,external_reference,neutron,JAERI/TIARA experimental concrete,2.31,measured 68-MeV p-7Li source,68.0,,JAERI_68MEV_BC501A_T150_FE000,JAERI_68MEV_PEAK_4.00E9_N_SR_UC,0.0,,29.0,30.0,,150.0,,0.0,lethargy_flux,1.34,n cm-2 lethargy-1 uC-1,0.16348,12.2,BC501A unfolded neutron spectrum,OK,,JAERI-Data/Code 97-020 Tables 10-15,jaeri_tiara_bc501a_transmission_spectra_phase1_verified.csv
N002_JAERI_TIARA_68MEV_TRANS_000691,N002_JAERI_TIARA_68MEV,external_reference,neutron,JAERI/TIARA experimental concrete,2.31,measured 68-MeV p-7Li source,68.0,,JAERI_68MEV_BC501A_T150_FE000,JAERI_68MEV_PEAK_4.00E9_N_SR_UC,0.0,,28.0,29.0,,150.0,,0.0,lethargy_flux,1.37,n cm-2 lethargy-1 uC-1,0.15618,11.4,BC501A unfolded neutron spectrum,OK,,JAERI-Data/Code 97-020 Tables 10-15,jaeri_tiara_bc501a_transmission_spectra_phase1_verified.csv
N002_JAERI_TIARA_68MEV_TRANS_000692,N002_JAERI_TIARA_68MEV,external_reference,neutron,JAERI/TIARA experimental concrete,2.31,measured 68-MeV p-7Li source,68.0,,JAERI_68MEV_BC501A_T150_FE000,JAERI_68MEV_PEAK_4.00E9_N_SR_UC,0.0,,27.0,28.0,,150.0,,0.0,lethargy_flux,1.4,n cm-2 lethargy-1 uC-1,0.1624,11.6,BC501A unfolded neutron spectrum,OK,,JAERI-Data/Code 97-020 Tables 10-15,jaeri_tiara_bc501a_transmission_spectra_phase1_verified.csv
N002_JAERI_TIARA_68MEV_TRANS_000693,N002_JAERI_TIARA_68MEV,external_reference,neutron,JAERI/TIARA experimental concrete,2.31,measured 68-MeV p-7Li source,68.0,,JAERI_68MEV_BC501A_T150_FE000,JAERI_68MEV_PEAK_4.00E9_N_SR_UC,0.0,,26.0,27.0,,150.0,,0.0,lethargy_flux,1.38,n cm-2 lethargy-1 uC-1,0.17939999999999998,13.0,BC501A unfolded neutron spectrum,OK,,JAERI-Data/Code 97-020 Tables 10-15,jaeri_tiara_bc501a_transmission_spectra_phase1_verified.csv
N002_JAERI_TIARA_68MEV_TRANS_000694,N002_JAERI_TIARA_68MEV,external_reference,neutron,JAERI/TIARA experimental concrete,2.31,measured 68-MeV p-7Li source,68.0,,JAERI_68MEV_BC501A_T150_FE000,JAERI_68MEV_PEAK_4.00E9_N_SR_UC,0.0,,25.0,26.0,,150.0,,0.0,lethargy_flux,1.31,n cm-2 lethargy-1 uC-1,0.19912,15.2,BC501A unfolded neutron spectrum,OK,,JAERI-Data/Code 97-020 Tables 10-15,jaeri_tiara_bc501a_transmission_spectra_phase1_verified.csv
N002_JAERI_TIARA_68MEV_TRANS_000695,N002_JAERI_TIARA_68MEV,external_reference,neutron,JAERI/TIARA experimental concrete,2.31,measured 68-MeV p-7Li source,68.0,,JAERI_68MEV_BC501A_T150_FE000,JAERI_68MEV_PEAK_4.00E9_N_SR_UC,0.0,,24.0,25.0,,150.0,,0.0,lethargy_flux,1.21,n cm-2 lethargy-1 uC-1,0.20933,17.3,BC501A unfolded neutron spectrum,OK,,JAERI-Data/Code 97-020 Tables 10-15,jaeri_tiara_bc501a_transmission_spectra_phase1_verified.csv
N002_JAERI_TIARA_68MEV_TRANS_000696,N002_JAERI_TIARA_68MEV,external_reference,neutron,JAERI/TIARA experimental concrete,2.31,measured 68-MeV p-7Li source,68.0,,JAERI_68MEV_BC501A_T150_FE000,JAERI_68MEV_PEAK_4.00E9_N_SR_UC,0.0,,23.0,24.0,,150.0,,0.0,lethargy_flux,1.1,n cm-2 lethargy-1 uC-1,0.19360000000000002,17.6,BC501A unfolded neutron spectrum,OK,,JAERI-Data/Code 97-020 Tables 10-15,jaeri_tiara_bc501a_transmission_spectra_phase1_verified.csv
N002_JAERI_TIARA_68MEV_TRANS_000697,N002_JAERI_TIARA_68MEV,external_reference,neutron,JAERI/TIARA experimental concrete,2.31,measured 68-MeV p-7Li source,68.0,,JAERI_68MEV_BC501A_T150_FE000,JAERI_68MEV_PEAK_4.00E9_N_SR_UC,0.0,,22.0,23.0,,150.0,,0.0,lethargy_flux,1.01,n cm-2 lethargy-1 uC-1,0.15857,15.7,BC501A unfolded neutron spectrum,OK,,JAERI-Data/Code 97-020 Tables 10-15,jaeri_tiara_bc501a_transmission_spectra_phase1_verified.csv
N002_JAERI_TIARA_68MEV_TRANS_000698,N002_JAERI_TIARA_68MEV,external_reference,neutron,JAERI/TIARA experimental concrete,2.31,measured 68-MeV p-7Li source,68.0,,JAERI_68MEV_BC501A_T150_FE000,JAERI_68MEV_PEAK_4.00E9_N_SR_UC,0.0,,21.0,22.0,,150.0,,0.0,lethargy_flux,0.919,n cm-2 lethargy-1 uC-1,0.107523,11.7,BC501A unfolded neutron spectrum,OK,,JAERI-Data/Code 97-020 Tables 10-15,jaeri_tiara_bc501a_transmission_spectra_phase1_verified.csv
N002_JAERI_TIARA_68MEV_TRANS_000699,N002_JAERI_TIARA_68MEV,external_reference,neutron,JAERI/TIARA experimental concrete,2.31,measured 68-MeV p-7Li source,68.0,,JAERI_68MEV_BC501A_T150_FE000,JAERI_68MEV_PEAK_4.00E9_N_SR_UC,0.0,,20.0,21.0,,150.0,,0.0,lethargy_flux,0.83,n cm-2 lethargy-1 uC-1,0.06225,7.5,BC501A unfolded neutron spectrum,OK,,JAERI-Data/Code 97-020 Tables 10-15,jaeri_tiara_bc501a_transmission_spectra_phase1_verified.csv
N002_JAERI_TIARA_68MEV_TRANS_000700,N002_JAERI_TIARA_68MEV,external_reference,neutron,JAERI/TIARA experimental concrete,2.31,measured 68-MeV p-7Li source,68.0,,JAERI_68MEV_BC501A_T150_FE000,JAERI_68MEV_PEAK_4.00E9_N_SR_UC,0.0,,19.0,20.0,,150.0,,0.0,lethargy_flux,0.735,n cm-2 lethargy-1 uC-1,0.10143,13.8,BC501A unfolded neutron spectrum,OK,,JAERI-Data/Code 97-020 Tables 10-15,jaeri_tiara_bc501a_transmission_spectra_phase1_verified.csv
N002_JAERI_TIARA_68MEV_TRANS_000701,N002_JAERI_TIARA_68MEV,external_reference,neutron,JAERI/TIARA experimental concrete,2.31,measured 68-MeV p-7Li source,68.0,,JAERI_68MEV_BC501A_T150_FE000,JAERI_68MEV_PEAK_4.00E9_N_SR_UC,0.0,,18.0,19.0,,150.0,,0.0,lethargy_flux,0.632,n cm-2 lethargy-1 uC-1,0.13967200000000002,22.1,BC501A unfolded neutron spectrum,OK,,JAERI-Data/Code 97-020 Tables 10-15,jaeri_tiara_bc501a_transmission_spectra_phase1_verified.csv
N002_JAERI_TIARA_68MEV_TRANS_000702,N002_JAERI_TIARA_68MEV,external_reference,neutron,JAERI/TIARA experimental concrete,2.31,measured 68-MeV p-7Li source,68.0,,JAERI_68MEV_BC501A_T150_FE000,JAERI_68MEV_PEAK_4.00E9_N_SR_UC,0.0,,17.0,18.0,,150.0,,0.0,lethargy_flux,0.532,n cm-2 lethargy-1 uC-1,0.143108,26.9,BC501A unfolded neutron spectrum,OK,,JAERI-Data/Code 97-020 Tables 10-15,jaeri_tiara_bc501a_transmission_spectra_phase1_verified.csv
N002_JAERI_TIARA_68MEV_TRANS_000703,N002_JAERI_TIARA_68MEV,external_reference,neutron,JAERI/TIARA experimental concrete,2.31,measured 68-MeV p-7Li source,68.0,,JAERI_68MEV_BC501A_T150_FE000,JAERI_68MEV_PEAK_4.00E9_N_SR_UC,0.0,,16.0,17.0,,150.0,,0.0,lethargy_flux,0.461,n cm-2 lethargy-1 uC-1,0.109257,23.7,BC501A unfolded neutron spectrum,OK,,JAERI-Data/Code 97-020 Tables 10-15,jaeri_tiara_bc501a_transmission_spectra_phase1_verified.csv
N002_JAERI_TIARA_68MEV_TRANS_000704,N002_JAERI_TIARA_68MEV,external_reference,neutron,JAERI/TIARA experimental concrete,2.31,measured 68-MeV p-7Li source,68.0,,JAERI_68MEV_BC501A_T150_FE000,JAERI_68MEV_PEAK_4.00E9_N_SR_UC,0.0,,15.0,16.0,,150.0,,0.0,lethargy_flux,0.434,n cm-2 lethargy-1 uC-1,0.05945799999999999,13.7,BC501A unfolded neutron spectrum,OK,,JAERI-Data/Code 97-020 Tables 10-15,jaeri_tiara_bc501a_transmission_spectra_phase1_verified.csv
N002_JAERI_TIARA_68MEV_TRANS_000705,N002_JAERI_TIARA_68MEV,external_reference,neutron,JAERI/TIARA experimental concrete,2.31,measured 68-MeV p-7Li source,68.0,,JAERI_68MEV_BC501A_T150_FE000,JAERI_68MEV_PEAK_4.00E9_N_SR_UC,0.0,,14.0,15.0,,150.0,,0.0,lethargy_flux,0.447,n cm-2 lethargy-1 uC-1,0.049616999999999994,11.1,BC501A unfolded neutron spectrum,OK,,JAERI-Data/Code 97-020 Tables 10-15,jaeri_tiara_bc501a_transmission_spectra_phase1_verified.csv
N002_JAERI_TIARA_68MEV_TRANS_000706,N002_JAERI_TIARA_68MEV,external_reference,neutron,JAERI/TIARA experimental concrete,2.31,measured 68-MeV p-7Li source,68.0,,JAERI_68MEV_BC501A_T150_FE000,JAERI_68MEV_PEAK_4.00E9_N_SR_UC,0.0,,13.0,14.0,,150.0,,0.0,lethargy_flux,0.473,n cm-2 lethargy-1 uC-1,0.031217999999999996,6.6,BC501A unfolded neutron spectrum,OK,,JAERI-Data/Code 97-020 Tables 10-15,jaeri_tiara_bc501a_transmission_spectra_phase1_verified.csv
N002_JAERI_TIARA_68MEV_TRANS_000707,N002_JAERI_TIARA_68MEV,external_reference,neutron,JAERI/TIARA experimental concrete,2.31,measured 68-MeV p-7Li source,68.0,,JAERI_68MEV_BC501A_T150_FE000,JAERI_68MEV_PEAK_4.00E9_N_SR_UC,0.0,,12.0,13.0,,150.0,,0.0,lethargy_flux,0.492,n cm-2 lethargy-1 uC-1,0.056088000000000006,11.4,BC501A unfolded neutron spectrum,OK,,JAERI-Data/Code 97-020 Tables 10-15,jaeri_tiara_bc501a_transmission_spectra_phase1_verified.csv
N002_JAERI_TIARA_68MEV_TRANS_000708,N002_JAERI_TIARA_68MEV,external_reference,neutron,JAERI/TIARA experimental concrete,2.31,measured 68-MeV p-7Li source,68.0,,JAERI_68MEV_BC501A_T150_FE000,JAERI_68MEV_PEAK_4.00E9_N_SR_UC,0.0,,11.0,12.0,,150.0,,0.0,lethargy_flux,0.498,n cm-2 lethargy-1 uC-1,0.071214,14.3,BC501A unfolded neutron spectrum,OK,,JAERI-Data/Code 97-020 Tables 10-15,jaeri_tiara_bc501a_transmission_spectra_phase1_verified.csv
N002_JAERI_TIARA_68MEV_TRANS_000709,N002_JAERI_TIARA_68MEV,external_reference,neutron,JAERI/TIARA experimental concrete,2.31,measured 68-MeV p-7Li source,68.0,,JAERI_68MEV_BC501A_T150_FE000,JAERI_68MEV_PEAK_4.00E9_N_SR_UC,0.0,,10.0,11.0,,150.0,,0.0,lethargy_flux,0.501,n cm-2 lethargy-1 uC-1,0.07014000000000001,14.0,BC501A unfolded neutron spectrum,OK,,JAERI-Data/Code 97-020 Tables 10-15,jaeri_tiara_bc501a_transmission_spectra_phase1_verified.csv
N002_JAERI_TIARA_68MEV_TRANS_000710,N002_JAERI_TIARA_68MEV,external_reference,neutron,JAERI/TIARA experimental concrete,2.31,measured 68-MeV p-7Li source,68.0,,JAERI_68MEV_BC501A_T150_FE000,JAERI_68MEV_PEAK_4.00E9_N_SR_UC,0.0,,9.0,10.0,,150.0,,0.0,lethargy_flux,0.514,n cm-2 lethargy-1 uC-1,0.058596,11.4,BC501A unfolded neutron spectrum,OK,,JAERI-Data/Code 97-020 Tables 10-15,jaeri_tiara_bc501a_transmission_spectra_phase1_verified.csv
N002_JAERI_TIARA_68MEV_TRANS_000711,N002_JAERI_TIARA_68MEV,external_reference,neutron,JAERI/TIARA experimental concrete,2.31,measured 68-MeV p-7Li source,68.0,,JAERI_68MEV_BC501A_T150_FE000,JAERI_68MEV_PEAK_4.00E9_N_SR_UC,0.0,,8.0,9.0,,150.0,,0.0,lethargy_flux,0.551,n cm-2 lethargy-1 uC-1,0.039121,7.1,BC501A unfolded neutron spectrum,OK,,JAERI-Data/Code 97-020 Tables 10-15,jaeri_tiara_bc501a_transmission_spectra_phase1_verified.csv
N002_JAERI_TIARA_68MEV_TRANS_000712,N002_JAERI_TIARA_68MEV,external_reference,neutron,JAERI/TIARA experimental concrete,2.31,measured 68-MeV p-7Li source,68.0,,JAERI_68MEV_BC501A_T150_FE000,JAERI_68MEV_PEAK_4.00E9_N_SR_UC,0.0,,7.0,8.0,,150.0,,0.0,lethargy_flux,0.592,n cm-2 lethargy-1 uC-1,0.060976,10.3,BC501A unfolded neutron spectrum,OK,,JAERI-Data/Code 97-020 Tables 10-15,jaeri_tiara_bc501a_transmission_spectra_phase1_verified.csv
N002_JAERI_TIARA_68MEV_TRANS_000713,N002_JAERI_TIARA_68MEV,external_reference,neutron,JAERI/TIARA experimental concrete,2.31,measured 68-MeV p-7Li source,68.0,,JAERI_68MEV_BC501A_T150_FE000,JAERI_68MEV_PEAK_4.00E9_N_SR_UC,0.0,,6.0,7.0,,150.0,,0.0,lethargy_flux,0.573,n cm-2 lethargy-1 uC-1,0.16043999999999997,28.0,BC501A unfolded neutron spectrum,OK,,JAERI-Data/Code 97-020 Tables 10-15,jaeri_tiara_bc501a_transmission_spectra_phase1_verified.csv
N002_JAERI_TIARA_68MEV_TRANS_000714,N002_JAERI_TIARA_68MEV,external_reference,neutron,JAERI/TIARA experimental concrete,2.31,measured 68-MeV p-7Li source,68.0,,JAERI_68MEV_BC501A_T200_FE000,JAERI_68MEV_PEAK_4.00E9_N_SR_UC,0.0,,58.0,60.0,,200.0,,0.0,lethargy_flux,1.71,n cm-2 lethargy-1 uC-1,0.11115,6.5,BC501A unfolded neutron spectrum,OK,,JAERI-Data/Code 97-020 Tables 10-15,jaeri_tiara_bc501a_transmission_spectra_phase1_verified.csv
N002_JAERI_TIARA_68MEV_TRANS_000715,N002_JAERI_TIARA_68MEV,external_reference,neutron,JAERI/TIARA experimental concrete,2.31,measured 68-MeV p-7Li source,68.0,,JAERI_68MEV_BC501A_T200_FE000,JAERI_68MEV_PEAK_4.00E9_N_SR_UC,0.0,,68.0,70.0,,200.0,,0.0,lethargy_flux,0.535,n cm-2 lethargy-1 uC-1,0.05136,9.6,BC501A unfolded neutron spectrum,OK,,JAERI-Data/Code 97-020 Tables 10-15,jaeri_tiara_bc501a_transmission_spectra_phase1_verified.csv
N002_JAERI_TIARA_68MEV_TRANS_000716,N002_JAERI_TIARA_68MEV,external_reference,neutron,JAERI/TIARA experimental concrete,2.31,measured 68-MeV p-7Li source,68.0,,JAERI_68MEV_BC501A_T200_FE000,JAERI_68MEV_PEAK_4.00E9_N_SR_UC,0.0,,66.0,68.0,,200.0,,0.0,lethargy_flux,1.24,n cm-2 lethargy-1 uC-1,0.09300000000000001,7.5,BC501A unfolded neutron spectrum,OK,,JAERI-Data/Code 97-020 Tables 10-15,jaeri_tiara_bc501a_transmission_spectra_phase1_verified.csv
N002_JAERI_TIARA_68MEV_TRANS_000717,N002_JAERI_TIARA_68MEV,external_reference,neutron,JAERI/TIARA experimental concrete,2.31,measured 68-MeV p-7Li source,68.0,,JAERI_68MEV_BC501A_T200_FE000,JAERI_68MEV_PEAK_4.00E9_N_SR_UC,0.0,,64.0,66.0,,200.0,,0.0,lethargy_flux,2.1,n cm-2 lethargy-1 uC-1,0.10920000000000002,5.2,BC501A unfolded neutron spectrum,OK,,JAERI-Data/Code 97-020 Tables 10-15,jaeri_tiara_bc501a_transmission_spectra_phase1_verified.csv
N002_JAERI_TIARA_68MEV_TRANS_000718,N002_JAERI_TIARA_68MEV,external_reference,neutron,JAERI/TIARA experimental concrete,2.31,measured 68-MeV p-7Li source,68.0,,JAERI_68MEV_BC501A_T200_FE000,JAERI_68MEV_PEAK_4.00E9_N_SR_UC,0.0,,62.0,64.0,,200.0,,0.0,lethargy_flux,2.62,n cm-2 lethargy-1 uC-1,0.131,5.0,BC501A unfolded neutron spectrum,OK,,JAERI-Data/Code 97-020 Tables 10-15,jaeri_tiara_bc501a_transmission_spectra_phase1_verified.csv
N002_JAERI_TIARA_68MEV_TRANS_000719,N002_JAERI_TIARA_68MEV,external_reference,neutron,JAERI/TIARA experimental concrete,2.31,measured 68-MeV p-7Li source,68.0,,JAERI_68MEV_BC501A_T200_FE000,JAERI_68MEV_PEAK_4.00E9_N_SR_UC,0.0,,60.0,62.0,,200.0,,0.0,lethargy_flux,2.42,n cm-2 lethargy-1 uC-1,0.14761999999999997,6.1,BC501A unfolded neutron spectrum,OK,,JAERI-Data/Code 97-020 Tables 10-15,jaeri_tiara_bc501a_transmission_spectra_phase1_verified.csv
N002_JAERI_TIARA_68MEV_TRANS_000720,N002_JAERI_TIARA_68MEV,external_reference,neutron,JAERI/TIARA experimental concrete,2.31,measured 68-MeV p-7Li source,68.0,,JAERI_68MEV_BC501A_T200_FE000,JAERI_68MEV_PEAK_4.00E9_N_SR_UC,0.0,,56.0,58.0,,200.0,,0.0,lethargy_flux,1.04,n cm-2 lethargy-1 uC-1,0.05720000000000001,5.5,BC501A unfolded neutron spectrum,OK,,JAERI-Data/Code 97-020 Tables 10-15,jaeri_tiara_bc501a_transmission_spectra_phase1_verified.csv
N002_JAERI_TIARA_68MEV_TRANS_000721,N002_JAERI_TIARA_68MEV,external_reference,neutron,JAERI/TIARA experimental concrete,2.31,measured 68-MeV p-7Li source,68.0,,JAERI_68MEV_BC501A_T200_FE000,JAERI_68MEV_PEAK_4.00E9_N_SR_UC,0.0,,54.0,56.0,,200.0,,0.0,lethargy_flux,0.685,n cm-2 lethargy-1 uC-1,0.05274500000000001,7.7,BC501A unfolded neutron spectrum,OK,,JAERI-Data/Code 97-020 Tables 10-15,jaeri_tiara_bc501a_transmission_spectra_phase1_verified.csv
N002_JAERI_TIARA_68MEV_TRANS_000722,N002_JAERI_TIARA_68MEV,external_reference,neutron,JAERI/TIARA experimental concrete,2.31,measured 68-MeV p-7Li source,68.0,,JAERI_68MEV_BC501A_T200_FE000,JAERI_68MEV_PEAK_4.00E9_N_SR_UC,0.0,,52.0,54.0,,200.0,,0.0,lethargy_flux,0.588,n cm-2 lethargy-1 uC-1,0.05056799999999999,8.6,BC501A unfolded neutron spectrum,OK,,JAERI-Data/Code 97-020 Tables 10-15,jaeri_tiara_bc501a_transmission_spectra_phase1_verified.csv
N002_JAERI_TIARA_68MEV_TRANS_000723,N002_JAERI_TIARA_68MEV,external_reference,neutron,JAERI/TIARA experimental concrete,2.31,measured 68-MeV p-7Li source,68.0,,JAERI_68MEV_BC501A_T200_FE000,JAERI_68MEV_PEAK_4.00E9_N_SR_UC,0.0,,50.0,52.0,,200.0,,0.0,lethargy_flux,0.584,n cm-2 lethargy-1 uC-1,0.045551999999999995,7.8,BC501A unfolded neutron spectrum,OK,,JAERI-Data/Code 97-020 Tables 10-15,jaeri_tiara_bc501a_transmission_spectra_phase1_verified.csv
N002_JAERI_TIARA_68MEV_TRANS_000724,N002_JAERI_TIARA_68MEV,external_reference,neutron,JAERI/TIARA experimental concrete,2.31,measured 68-MeV p-7Li source,68.0,,JAERI_68MEV_BC501A_T200_FE000,JAERI_68MEV_PEAK_4.00E9_N_SR_UC,0.0,,48.0,50.0,,200.0,,0.0,lethargy_flux,0.582,n cm-2 lethargy-1 uC-1,0.04714199999999999,8.1,BC501A unfolded neutron spectrum,OK,,JAERI-Data/Code 97-020 Tables 10-15,jaeri_tiara_bc501a_transmission_spectra_phase1_verified.csv
N002_JAERI_TIARA_68MEV_TRANS_000725,N002_JAERI_TIARA_68MEV,external_reference,neutron,JAERI/TIARA experimental concrete,2.31,measured 68-MeV p-7Li source,68.0,,JAERI_68MEV_BC501A_T200_FE000,JAERI_68MEV_PEAK_4.00E9_N_SR_UC,0.0,,46.0,48.0,,200.0,,0.0,lethargy_flux,0.555,n cm-2 lethargy-1 uC-1,0.048840000000000015,8.8,BC501A unfolded neutron spectrum,OK,,JAERI-Data/Code 97-020 Tables 10-15,jaeri_tiara_bc501a_transmission_spectra_phase1_verified.csv
N002_JAERI_TIARA_68MEV_TRANS_000726,N002_JAERI_TIARA_68MEV,external_reference,neutron,JAERI/TIARA experimental concrete,2.31,measured 68-MeV p-7Li source,68.0,,JAERI_68MEV_BC501A_T200_FE000,JAERI_68MEV_PEAK_4.00E9_N_SR_UC,0.0,,44.0,46.0,,200.0,,0.0,lethargy_flux,0.499,n cm-2 lethargy-1 uC-1,0.046407000000000004,9.3,BC501A unfolded neutron spectrum,OK,,JAERI-Data/Code 97-020 Tables 10-15,jaeri_tiara_bc501a_transmission_spectra_phase1_verified.csv
N002_JAERI_TIARA_68MEV_TRANS_000727,N002_JAERI_TIARA_68MEV,external_reference,neutron,JAERI/TIARA experimental concrete,2.31,measured 68-MeV p-7Li source,68.0,,JAERI_68MEV_BC501A_T200_FE000,JAERI_68MEV_PEAK_4.00E9_N_SR_UC,0.0,,43.0,44.0,,200.0,,0.0,lethargy_flux,0.454,n cm-2 lethargy-1 uC-1,0.043584,9.6,BC501A unfolded neutron spectrum,OK,,JAERI-Data/Code 97-020 Tables 10-15,jaeri_tiara_bc501a_transmission_spectra_phase1_verified.csv
N002_JAERI_TIARA_68MEV_TRANS_000728,N002_JAERI_TIARA_68MEV,external_reference,neutron,JAERI/TIARA experimental concrete,2.31,measured 68-MeV p-7Li source,68.0,,JAERI_68MEV_BC501A_T200_FE000,JAERI_68MEV_PEAK_4.00E9_N_SR_UC,0.0,,42.0,43.0,,200.0,,0.0,lethargy_flux,0.432,n cm-2 lethargy-1 uC-1,0.042768,9.9,BC501A unfolded neutron spectrum,OK,,JAERI-Data/Code 97-020 Tables 10-15,jaeri_tiara_bc501a_transmission_spectra_phase1_verified.csv
N002_JAERI_TIARA_68MEV_TRANS_000729,N002_JAERI_TIARA_68MEV,external_reference,neutron,JAERI/TIARA experimental concrete,2.31,measured 68-MeV p-7Li source,68.0,,JAERI_68MEV_BC501A_T200_FE000,JAERI_68MEV_PEAK_4.00E9_N_SR_UC,0.0,,41.0,42.0,,200.0,,0.0,lethargy_flux,0.421,n cm-2 lethargy-1 uC-1,0.044204999999999994,10.5,BC501A unfolded neutron spectrum,OK,,JAERI-Data/Code 97-020 Tables 10-15,jaeri_tiara_bc501a_transmission_spectra_phase1_verified.csv
N002_JAERI_TIARA_68MEV_TRANS_000730,N002_JAERI_TIARA_68MEV,external_reference,neutron,JAERI/TIARA experimental concrete,2.31,measured 68-MeV p-7Li source,68.0,,JAERI_68MEV_BC501A_T200_FE000,JAERI_68MEV_PEAK_4.00E9_N_SR_UC,0.0,,40.0,41.0,,200.0,,0.0,lethargy_flux,0.42,n cm-2 lethargy-1 uC-1,0.0483,11.5,BC501A unfolded neutron spectrum,OK,,JAERI-Data/Code 97-020 Tables 10-15,jaeri_tiara_bc501a_transmission_spectra_phase1_verified.csv
N002_JAERI_TIARA_68MEV_TRANS_000731,N002_JAERI_TIARA_68MEV,external_reference,neutron,JAERI/TIARA experimental concrete,2.31,measured 68-MeV p-7Li source,68.0,,JAERI_68MEV_BC501A_T200_FE000,JAERI_68MEV_PEAK_4.00E9_N_SR_UC,0.0,,39.0,40.0,,200.0,,0.0,lethargy_flux,0.426,n cm-2 lethargy-1 uC-1,0.05325,12.5,BC501A unfolded neutron spectrum,OK,,JAERI-Data/Code 97-020 Tables 10-15,jaeri_tiara_bc501a_transmission_spectra_phase1_verified.csv
N002_JAERI_TIARA_68MEV_TRANS_000732,N002_JAERI_TIARA_68MEV,external_reference,neutron,JAERI/TIARA experimental concrete,2.31,measured 68-MeV p-7Li source,68.0,,JAERI_68MEV_BC501A_T200_FE000,JAERI_68MEV_PEAK_4.00E9_N_SR_UC,0.0,,38.0,39.0,,200.0,,0.0,lethargy_flux,0.432,n cm-2 lethargy-1 uC-1,0.056591999999999996,13.1,BC501A unfolded neutron spectrum,OK,,JAERI-Data/Code 97-020 Tables 10-15,jaeri_tiara_bc501a_transmission_spectra_phase1_verified.csv
N002_JAERI_TIARA_68MEV_TRANS_000733,N002_JAERI_TIARA_68MEV,external_reference,neutron,JAERI/TIARA experimental concrete,2.31,measured 68-MeV p-7Li source,68.0,,JAERI_68MEV_BC501A_T200_FE000,JAERI_68MEV_PEAK_4.00E9_N_SR_UC,0.0,,37.0,38.0,,200.0,,0.0,lethargy_flux,0.434,n cm-2 lethargy-1 uC-1,0.058156,13.4,BC501A unfolded neutron spectrum,OK,,JAERI-Data/Code 97-020 Tables 10-15,jaeri_tiara_bc501a_transmission_spectra_phase1_verified.csv
N002_JAERI_TIARA_68MEV_TRANS_000734,N002_JAERI_TIARA_68MEV,external_reference,neutron,JAERI/TIARA experimental concrete,2.31,measured 68-MeV p-7Li source,68.0,,JAERI_68MEV_BC501A_T200_FE000,JAERI_68MEV_PEAK_4.00E9_N_SR_UC,0.0,,36.0,37.0,,200.0,,0.0,lethargy_flux,0.425,n cm-2 lethargy-1 uC-1,0.0561,13.2,BC501A unfolded neutron spectrum,OK,,JAERI-Data/Code 97-020 Tables 10-15,jaeri_tiara_bc501a_transmission_spectra_phase1_verified.csv
N002_JAERI_TIARA_68MEV_TRANS_000735,N002_JAERI_TIARA_68MEV,external_reference,neutron,JAERI/TIARA experimental concrete,2.31,measured 68-MeV p-7Li source,68.0,,JAERI_68MEV_BC501A_T200_FE000,JAERI_68MEV_PEAK_4.00E9_N_SR_UC,0.0,,35.0,36.0,,200.0,,0.0,lethargy_flux,0.404,n cm-2 lethargy-1 uC-1,0.05211600000000001,12.9,BC501A unfolded neutron spectrum,OK,,JAERI-Data/Code 97-020 Tables 10-15,jaeri_tiara_bc501a_transmission_spectra_phase1_verified.csv
N002_JAERI_TIARA_68MEV_TRANS_000736,N002_JAERI_TIARA_68MEV,external_reference,neutron,JAERI/TIARA experimental concrete,2.31,measured 68-MeV p-7Li source,68.0,,JAERI_68MEV_BC501A_T200_FE000,JAERI_68MEV_PEAK_4.00E9_N_SR_UC,0.0,,34.0,35.0,,200.0,,0.0,lethargy_flux,0.374,n cm-2 lethargy-1 uC-1,0.047498,12.7,BC501A unfolded neutron spectrum,OK,,JAERI-Data/Code 97-020 Tables 10-15,jaeri_tiara_bc501a_transmission_spectra_phase1_verified.csv
N002_JAERI_TIARA_68MEV_TRANS_000737,N002_JAERI_TIARA_68MEV,external_reference,neutron,JAERI/TIARA experimental concrete,2.31,measured 68-MeV p-7Li source,68.0,,JAERI_68MEV_BC501A_T200_FE000,JAERI_68MEV_PEAK_4.00E9_N_SR_UC,0.0,,33.0,34.0,,200.0,,0.0,lethargy_flux,0.338,n cm-2 lethargy-1 uC-1,0.043264000000000004,12.8,BC501A unfolded neutron spectrum,OK,,JAERI-Data/Code 97-020 Tables 10-15,jaeri_tiara_bc501a_transmission_spectra_phase1_verified.csv
N002_JAERI_TIARA_68MEV_TRANS_000738,N002_JAERI_TIARA_68MEV,external_reference,neutron,JAERI/TIARA experimental concrete,2.31,measured 68-MeV p-7Li source,68.0,,JAERI_68MEV_BC501A_T200_FE000,JAERI_68MEV_PEAK_4.00E9_N_SR_UC,0.0,,32.0,33.0,,200.0,,0.0,lethargy_flux,0.302,n cm-2 lethargy-1 uC-1,0.04016600000000001,13.3,BC501A unfolded neutron spectrum,OK,,JAERI-Data/Code 97-020 Tables 10-15,jaeri_tiara_bc501a_transmission_spectra_phase1_verified.csv
N002_JAERI_TIARA_68MEV_TRANS_000739,N002_JAERI_TIARA_68MEV,external_reference,neutron,JAERI/TIARA experimental concrete,2.31,measured 68-MeV p-7Li source,68.0,,JAERI_68MEV_BC501A_T200_FE000,JAERI_68MEV_PEAK_4.00E9_N_SR_UC,0.0,,31.0,32.0,,200.0,,0.0,lethargy_flux,0.272,n cm-2 lethargy-1 uC-1,0.038352000000000004,14.1,BC501A unfolded neutron spectrum,OK,,JAERI-Data/Code 97-020 Tables 10-15,jaeri_tiara_bc501a_transmission_spectra_phase1_verified.csv
N002_JAERI_TIARA_68MEV_TRANS_000740,N002_JAERI_TIARA_68MEV,external_reference,neutron,JAERI/TIARA experimental concrete,2.31,measured 68-MeV p-7Li source,68.0,,JAERI_68MEV_BC501A_T200_FE000,JAERI_68MEV_PEAK_4.00E9_N_SR_UC,0.0,,30.0,31.0,,200.0,,0.0,lethargy_flux,0.25,n cm-2 lethargy-1 uC-1,0.035750000000000004,14.3,BC501A unfolded neutron spectrum,OK,,JAERI-Data/Code 97-020 Tables 10-15,jaeri_tiara_bc501a_transmission_spectra_phase1_verified.csv
N002_JAERI_TIARA_68MEV_TRANS_000741,N002_JAERI_TIARA_68MEV,external_reference,neutron,JAERI/TIARA experimental concrete,2.31,measured 68-MeV p-7Li source,68.0,,JAERI_68MEV_BC501A_T200_FE000,JAERI_68MEV_PEAK_4.00E9_N_SR_UC,0.0,,29.0,30.0,,200.0,,0.0,lethargy_flux,0.236,n cm-2 lethargy-1 uC-1,0.032332,13.7,BC501A unfolded neutron spectrum,OK,,JAERI-Data/Code 97-020 Tables 10-15,jaeri_tiara_bc501a_transmission_spectra_phase1_verified.csv
N002_JAERI_TIARA_68MEV_TRANS_000742,N002_JAERI_TIARA_68MEV,external_reference,neutron,JAERI/TIARA experimental concrete,2.31,measured 68-MeV p-7Li source,68.0,,JAERI_68MEV_BC501A_T200_FE000,JAERI_68MEV_PEAK_4.00E9_N_SR_UC,0.0,,28.0,29.0,,200.0,,0.0,lethargy_flux,0.225,n cm-2 lethargy-1 uC-1,0.029699999999999997,13.2,BC501A unfolded neutron spectrum,OK,,JAERI-Data/Code 97-020 Tables 10-15,jaeri_tiara_bc501a_transmission_spectra_phase1_verified.csv
N002_JAERI_TIARA_68MEV_TRANS_000743,N002_JAERI_TIARA_68MEV,external_reference,neutron,JAERI/TIARA experimental concrete,2.31,measured 68-MeV p-7Li source,68.0,,JAERI_68MEV_BC501A_T200_FE000,JAERI_68MEV_PEAK_4.00E9_N_SR_UC,0.0,,27.0,28.0,,200.0,,0.0,lethargy_flux,0.213,n cm-2 lethargy-1 uC-1,0.029607,13.9,BC501A unfolded neutron spectrum,OK,,JAERI-Data/Code 97-020 Tables 10-15,jaeri_tiara_bc501a_transmission_spectra_phase1_verified.csv
N002_JAERI_TIARA_68MEV_TRANS_000744,N002_JAERI_TIARA_68MEV,external_reference,neutron,JAERI/TIARA experimental concrete,2.31,measured 68-MeV p-7Li source,68.0,,JAERI_68MEV_BC501A_T200_FE000,JAERI_68MEV_PEAK_4.00E9_N_SR_UC,0.0,,26.0,27.0,,200.0,,0.0,lethargy_flux,0.2,n cm-2 lethargy-1 uC-1,0.031400000000000004,15.7,BC501A unfolded neutron spectrum,OK,,JAERI-Data/Code 97-020 Tables 10-15,jaeri_tiara_bc501a_transmission_spectra_phase1_verified.csv
N002_JAERI_TIARA_68MEV_TRANS_000745,N002_JAERI_TIARA_68MEV,external_reference,neutron,JAERI/TIARA experimental concrete,2.31,measured 68-MeV p-7Li source,68.0,,JAERI_68MEV_BC501A_T200_FE000,JAERI_68MEV_PEAK_4.00E9_N_SR_UC,0.0,,25.0,26.0,,200.0,,0.0,lethargy_flux,0.187,n cm-2 lethargy-1 uC-1,0.034034,18.2,BC501A unfolded neutron spectrum,OK,,JAERI-Data/Code 97-020 Tables 10-15,jaeri_tiara_bc501a_transmission_spectra_phase1_verified.csv
N002_JAERI_TIARA_68MEV_TRANS_000746,N002_JAERI_TIARA_68MEV,external_reference,neutron,JAERI/TIARA experimental concrete,2.31,measured 68-MeV p-7Li source,68.0,,JAERI_68MEV_BC501A_T200_FE000,JAERI_68MEV_PEAK_4.00E9_N_SR_UC,0.0,,24.0,25.0,,200.0,,0.0,lethargy_flux,0.176,n cm-2 lethargy-1 uC-1,0.035376,20.1,BC501A unfolded neutron spectrum,OK,,JAERI-Data/Code 97-020 Tables 10-15,jaeri_tiara_bc501a_transmission_spectra_phase1_verified.csv
N002_JAERI_TIARA_68MEV_TRANS_000747,N002_JAERI_TIARA_68MEV,external_reference,neutron,JAERI/TIARA experimental concrete,2.31,measured 68-MeV p-7Li source,68.0,,JAERI_68MEV_BC501A_T200_FE000,JAERI_68MEV_PEAK_4.00E9_N_SR_UC,0.0,,23.0,24.0,,200.0,,0.0,lethargy_flux,0.165,n cm-2 lethargy-1 uC-1,0.033,20.0,BC501A unfolded neutron spectrum,OK,,JAERI-Data/Code 97-020 Tables 10-15,jaeri_tiara_bc501a_transmission_spectra_phase1_verified.csv
N002_JAERI_TIARA_68MEV_TRANS_000748,N002_JAERI_TIARA_68MEV,external_reference,neutron,JAERI/TIARA experimental concrete,2.31,measured 68-MeV p-7Li source,68.0,,JAERI_68MEV_BC501A_T200_FE000,JAERI_68MEV_PEAK_4.00E9_N_SR_UC,0.0,,22.0,23.0,,200.0,,0.0,lethargy_flux,0.154,n cm-2 lethargy-1 uC-1,0.026949999999999998,17.5,BC501A unfolded neutron spectrum,OK,,JAERI-Data/Code 97-020 Tables 10-15,jaeri_tiara_bc501a_transmission_spectra_phase1_verified.csv
N002_JAERI_TIARA_68MEV_TRANS_000749,N002_JAERI_TIARA_68MEV,external_reference,neutron,JAERI/TIARA experimental concrete,2.31,measured 68-MeV p-7Li source,68.0,,JAERI_68MEV_BC501A_T200_FE000,JAERI_68MEV_PEAK_4.00E9_N_SR_UC,0.0,,21.0,22.0,,200.0,,0.0,lethargy_flux,0.142,n cm-2 lethargy-1 uC-1,0.01917,13.5,BC501A unfolded neutron spectrum,OK,,JAERI-Data/Code 97-020 Tables 10-15,jaeri_tiara_bc501a_transmission_spectra_phase1_verified.csv
N002_JAERI_TIARA_68MEV_TRANS_000750,N002_JAERI_TIARA_68MEV,external_reference,neutron,JAERI/TIARA experimental concrete,2.31,measured 68-MeV p-7Li source,68.0,,JAERI_68MEV_BC501A_T200_FE000,JAERI_68MEV_PEAK_4.00E9_N_SR_UC,0.0,,20.0,21.0,,200.0,,0.0,lethargy_flux,0.13,n cm-2 lethargy-1 uC-1,0.012350000000000002,9.5,BC501A unfolded neutron spectrum,OK,,JAERI-Data/Code 97-020 Tables 10-15,jaeri_tiara_bc501a_transmission_spectra_phase1_verified.csv
N002_JAERI_TIARA_68MEV_TRANS_000751,N002_JAERI_TIARA_68MEV,external_reference,neutron,JAERI/TIARA experimental concrete,2.31,measured 68-MeV p-7Li source,68.0,,JAERI_68MEV_BC501A_T200_FE000,JAERI_68MEV_PEAK_4.00E9_N_SR_UC,0.0,,19.0,20.0,,200.0,,0.0,lethargy_flux,0.119,n cm-2 lethargy-1 uC-1,0.019873,16.7,BC501A unfolded neutron spectrum,OK,,JAERI-Data/Code 97-020 Tables 10-15,jaeri_tiara_bc501a_transmission_spectra_phase1_verified.csv
N002_JAERI_TIARA_68MEV_TRANS_000752,N002_JAERI_TIARA_68MEV,external_reference,neutron,JAERI/TIARA experimental concrete,2.31,measured 68-MeV p-7Li source,68.0,,JAERI_68MEV_BC501A_T200_FE000,JAERI_68MEV_PEAK_4.00E9_N_SR_UC,0.0,,18.0,19.0,,200.0,,0.0,lethargy_flux,0.11,n cm-2 lethargy-1 uC-1,0.026949999999999998,24.5,BC501A unfolded neutron spectrum,OK,,JAERI-Data/Code 97-020 Tables 10-15,jaeri_tiara_bc501a_transmission_spectra_phase1_verified.csv
N002_JAERI_TIARA_68MEV_TRANS_000753,N002_JAERI_TIARA_68MEV,external_reference,neutron,JAERI/TIARA experimental concrete,2.31,measured 68-MeV p-7Li source,68.0,,JAERI_68MEV_BC501A_T200_FE000,JAERI_68MEV_PEAK_4.00E9_N_SR_UC,0.0,,17.0,18.0,,200.0,,0.0,lethargy_flux,0.102,n cm-2 lethargy-1 uC-1,0.028152,27.6,BC501A unfolded neutron spectrum,OK,,JAERI-Data/Code 97-020 Tables 10-15,jaeri_tiara_bc501a_transmission_spectra_phase1_verified.csv
N002_JAERI_TIARA_68MEV_TRANS_000754,N002_JAERI_TIARA_68MEV,external_reference,neutron,JAERI/TIARA experimental concrete,2.31,measured 68-MeV p-7Li source,68.0,,JAERI_68MEV_BC501A_T200_FE000,JAERI_68MEV_PEAK_4.00E9_N_SR_UC,0.0,,16.0,17.0,,200.0,,0.0,lethargy_flux,0.0963,n cm-2 lethargy-1 uC-1,0.0229194,23.8,BC501A unfolded neutron spectrum,OK,,JAERI-Data/Code 97-020 Tables 10-15,jaeri_tiara_bc501a_transmission_spectra_phase1_verified.csv
N002_JAERI_TIARA_68MEV_TRANS_000755,N002_JAERI_TIARA_68MEV,external_reference,neutron,JAERI/TIARA experimental concrete,2.31,measured 68-MeV p-7Li source,68.0,,JAERI_68MEV_BC501A_T200_FE000,JAERI_68MEV_PEAK_4.00E9_N_SR_UC,0.0,,15.0,16.0,,200.0,,0.0,lethargy_flux,0.0914,n cm-2 lethargy-1 uC-1,0.0139842,15.3,BC501A unfolded neutron spectrum,OK,,JAERI-Data/Code 97-020 Tables 10-15,jaeri_tiara_bc501a_transmission_spectra_phase1_verified.csv
N002_JAERI_TIARA_68MEV_TRANS_000756,N002_JAERI_TIARA_68MEV,external_reference,neutron,JAERI/TIARA experimental concrete,2.31,measured 68-MeV p-7Li source,68.0,,JAERI_68MEV_BC501A_T200_FE000,JAERI_68MEV_PEAK_4.00E9_N_SR_UC,0.0,,14.0,15.0,,200.0,,0.0,lethargy_flux,0.0872,n cm-2 lethargy-1 uC-1,0.010464,12.0,BC501A unfolded neutron spectrum,OK,,JAERI-Data/Code 97-020 Tables 10-15,jaeri_tiara_bc501a_transmission_spectra_phase1_verified.csv
N002_JAERI_TIARA_68MEV_TRANS_000757,N002_JAERI_TIARA_68MEV,external_reference,neutron,JAERI/TIARA experimental concrete,2.31,measured 68-MeV p-7Li source,68.0,,JAERI_68MEV_BC501A_T200_FE000,JAERI_68MEV_PEAK_4.00E9_N_SR_UC,0.0,,13.0,14.0,,200.0,,0.0,lethargy_flux,0.0851,n cm-2 lethargy-1 uC-1,0.0065527,7.7,BC501A unfolded neutron spectrum,OK,,JAERI-Data/Code 97-020 Tables 10-15,jaeri_tiara_bc501a_transmission_spectra_phase1_verified.csv
N002_JAERI_TIARA_68MEV_TRANS_000758,N002_JAERI_TIARA_68MEV,external_reference,neutron,JAERI/TIARA experimental concrete,2.31,measured 68-MeV p-7Li source,68.0,,JAERI_68MEV_BC501A_T200_FE000,JAERI_68MEV_PEAK_4.00E9_N_SR_UC,0.0,,12.0,13.0,,200.0,,0.0,lethargy_flux,0.0861,n cm-2 lethargy-1 uC-1,0.010332,12.0,BC501A unfolded neutron spectrum,OK,,JAERI-Data/Code 97-020 Tables 10-15,jaeri_tiara_bc501a_transmission_spectra_phase1_verified.csv
N002_JAERI_TIARA_68MEV_TRANS_000759,N002_JAERI_TIARA_68MEV,external_reference,neutron,JAERI/TIARA experimental concrete,2.31,measured 68-MeV p-7Li source,68.0,,JAERI_68MEV_BC501A_T200_FE000,JAERI_68MEV_PEAK_4.00E9_N_SR_UC,0.0,,11.0,12.0,,200.0,,0.0,lethargy_flux,0.0888,n cm-2 lethargy-1 uC-1,0.0125208,14.1,BC501A unfolded neutron spectrum,OK,,JAERI-Data/Code 97-020 Tables 10-15,jaeri_tiara_bc501a_transmission_spectra_phase1_verified.csv
N002_JAERI_TIARA_68MEV_TRANS_000760,N002_JAERI_TIARA_68MEV,external_reference,neutron,JAERI/TIARA experimental concrete,2.31,measured 68-MeV p-7Li source,68.0,,JAERI_68MEV_BC501A_T200_FE000,JAERI_68MEV_PEAK_4.00E9_N_SR_UC,0.0,,10.0,11.0,,200.0,,0.0,lethargy_flux,0.0901,n cm-2 lethargy-1 uC-1,0.012343699999999999,13.7,BC501A unfolded neutron spectrum,OK,,JAERI-Data/Code 97-020 Tables 10-15,jaeri_tiara_bc501a_transmission_spectra_phase1_verified.csv
N002_JAERI_TIARA_68MEV_TRANS_000761,N002_JAERI_TIARA_68MEV,external_reference,neutron,JAERI/TIARA experimental concrete,2.31,measured 68-MeV p-7Li source,68.0,,JAERI_68MEV_BC501A_T200_FE000,JAERI_68MEV_PEAK_4.00E9_N_SR_UC,0.0,,9.0,10.0,,200.0,,0.0,lethargy_flux,0.0911,n cm-2 lethargy-1 uC-1,0.0104765,11.5,BC501A unfolded neutron spectrum,OK,,JAERI-Data/Code 97-020 Tables 10-15,jaeri_tiara_bc501a_transmission_spectra_phase1_verified.csv
N002_JAERI_TIARA_68MEV_TRANS_000762,N002_JAERI_TIARA_68MEV,external_reference,neutron,JAERI/TIARA experimental concrete,2.31,measured 68-MeV p-7Li source,68.0,,JAERI_68MEV_BC501A_T200_FE000,JAERI_68MEV_PEAK_4.00E9_N_SR_UC,0.0,,8.0,9.0,,200.0,,0.0,lethargy_flux,0.0962,n cm-2 lethargy-1 uC-1,0.007022599999999999,7.3,BC501A unfolded neutron spectrum,OK,,JAERI-Data/Code 97-020 Tables 10-15,jaeri_tiara_bc501a_transmission_spectra_phase1_verified.csv
N002_JAERI_TIARA_68MEV_TRANS_000763,N002_JAERI_TIARA_68MEV,external_reference,neutron,JAERI/TIARA experimental concrete,2.31,measured 68-MeV p-7Li source,68.0,,JAERI_68MEV_BC501A_T200_FE000,JAERI_68MEV_PEAK_4.00E9_N_SR_UC,0.0,,7.0,8.0,,200.0,,0.0,lethargy_flux,0.104,n cm-2 lethargy-1 uC-1,0.009152,8.8,BC501A unfolded neutron spectrum,OK,,JAERI-Data/Code 97-020 Tables 10-15,jaeri_tiara_bc501a_transmission_spectra_phase1_verified.csv
N002_JAERI_TIARA_68MEV_TRANS_000764,N002_JAERI_TIARA_68MEV,external_reference,neutron,JAERI/TIARA experimental concrete,2.31,measured 68-MeV p-7Li source,68.0,,JAERI_68MEV_BC501A_T200_FE000,JAERI_68MEV_PEAK_4.00E9_N_SR_UC,0.0,,6.0,7.0,,200.0,,0.0,lethargy_flux,0.11,n cm-2 lethargy-1 uC-1,0.01309,11.9,BC501A unfolded neutron spectrum,OK,,JAERI-Data/Code 97-020 Tables 10-15,jaeri_tiara_bc501a_transmission_spectra_phase1_verified.csv
N001_JAERI_TIARA_43MEV_DOSE_0000,N001_JAERI_TIARA_43MEV,external_reference,neutron,JAERI/TIARA experimental concrete,2.31,measured 43-MeV p-7Li source,43.0,,JAERI_43MEV_REM_T000_FE000,JAERI_43MEV_PEAK_3.15E9_N_SR_UC,0.0,,,,,0.0,,0.0,neutron_dose_equivalent_rem_counter,4.23,uSv/uC,0.021996,0.52,Fuji rem counter,OK,,JAERI-Data/Code 97-020 Table 24,jaeri_tiara_dose_equivalent_phase1_verified.csv
N001_JAERI_TIARA_43MEV_DOSE_EST_0000,N001_JAERI_TIARA_43MEV,external_reference_secondary,neutron,JAERI/TIARA experimental concrete,2.31,measured 43-MeV p-7Li source,43.0,,JAERI_43MEV_REM_T000_FE000,JAERI_43MEV_PEAK_3.15E9_N_SR_UC,0.0,,,,,0.0,,0.0,neutron_dose_equivalent_from_measured_spectra,21.5,uSv/uC,,,BC501A + Bonner + ICRP21 conversion,OK,,JAERI-Data/Code 97-020 Table 25,jaeri_tiara_dose_equivalent_phase1_verified.csv
N001_JAERI_TIARA_43MEV_DOSE_0001,N001_JAERI_TIARA_43MEV,external_reference,neutron,JAERI/TIARA experimental concrete,2.31,measured 43-MeV p-7Li source,43.0,,JAERI_43MEV_REM_T025_FE000,JAERI_43MEV_PEAK_3.15E9_N_SR_UC,0.0,,,,,25.0,,0.0,neutron_dose_equivalent_rem_counter,0.568,uSv/uC,0.005396,0.95,Fuji rem counter,OK,,JAERI-Data/Code 97-020 Table 24,jaeri_tiara_dose_equivalent_phase1_verified.csv
N001_JAERI_TIARA_43MEV_DOSE_EST_0001,N001_JAERI_TIARA_43MEV,external_reference_secondary,neutron,JAERI/TIARA experimental concrete,2.31,measured 43-MeV p-7Li source,43.0,,JAERI_43MEV_REM_T025_FE000,JAERI_43MEV_PEAK_3.15E9_N_SR_UC,0.0,,,,,25.0,,0.0,neutron_dose_equivalent_from_measured_spectra,2.51,uSv/uC,,,BC501A + Bonner + ICRP21 conversion,OK,,JAERI-Data/Code 97-020 Table 25,jaeri_tiara_dose_equivalent_phase1_verified.csv
N001_JAERI_TIARA_43MEV_DOSE_0002,N001_JAERI_TIARA_43MEV,external_reference,neutron,JAERI/TIARA experimental concrete,2.31,measured 43-MeV p-7Li source,43.0,,JAERI_43MEV_REM_T050_FE000,JAERI_43MEV_PEAK_3.15E9_N_SR_UC,0.0,,,,,50.0,,0.0,neutron_dose_equivalent_rem_counter,0.0463,uSv/uC,0.00010649,0.23,Fuji rem counter,OK,,JAERI-Data/Code 97-020 Table 24,jaeri_tiara_dose_equivalent_phase1_verified.csv
N001_JAERI_TIARA_43MEV_DOSE_EST_0002,N001_JAERI_TIARA_43MEV,external_reference_secondary,neutron,JAERI/TIARA experimental concrete,2.31,measured 43-MeV p-7Li source,43.0,,JAERI_43MEV_REM_T050_FE000,JAERI_43MEV_PEAK_3.15E9_N_SR_UC,0.0,,,,,50.0,,0.0,neutron_dose_equivalent_from_measured_spectra,0.269,uSv/uC,,,BC501A + Bonner + ICRP21 conversion,OK,,JAERI-Data/Code 97-020 Table 25,jaeri_tiara_dose_equivalent_phase1_verified.csv
N001_JAERI_TIARA_43MEV_DOSE_0003,N001_JAERI_TIARA_43MEV,external_reference,neutron,JAERI/TIARA experimental concrete,2.31,measured 43-MeV p-7Li source,43.0,,JAERI_43MEV_REM_T100_FE000,JAERI_43MEV_PEAK_3.15E9_N_SR_UC,0.0,,,,,100.0,,0.0,neutron_dose_equivalent_rem_counter,0.00197,uSv/uC,5.516000000000001e-06,0.28,Fuji rem counter,OK,,JAERI-Data/Code 97-020 Table 24,jaeri_tiara_dose_equivalent_phase1_verified.csv
N001_JAERI_TIARA_43MEV_DOSE_EST_0003,N001_JAERI_TIARA_43MEV,external_reference_secondary,neutron,JAERI/TIARA experimental concrete,2.31,measured 43-MeV p-7Li source,43.0,,JAERI_43MEV_REM_T100_FE000,JAERI_43MEV_PEAK_3.15E9_N_SR_UC,0.0,,,,,100.0,,0.0,neutron_dose_equivalent_from_measured_spectra,0.00519,uSv/uC,,,BC501A + Bonner + ICRP21 conversion,OK,,JAERI-Data/Code 97-020 Table 25,jaeri_tiara_dose_equivalent_phase1_verified.csv
N001_JAERI_TIARA_43MEV_DOSE_0004,N001_JAERI_TIARA_43MEV,external_reference,neutron,JAERI/TIARA experimental concrete,2.31,measured 43-MeV p-7Li source,43.0,,JAERI_43MEV_REM_T150_FE000,JAERI_43MEV_PEAK_3.15E9_N_SR_UC,0.0,,,,,150.0,,0.0,neutron_dose_equivalent_rem_counter,6.78e-05,uSv/uC,2.1018e-06,3.1,Fuji rem counter,OK,,JAERI-Data/Code 97-020 Table 24,jaeri_tiara_dose_equivalent_phase1_verified.csv
N001_JAERI_TIARA_43MEV_DOSE_EST_0004,N001_JAERI_TIARA_43MEV,external_reference_secondary,neutron,JAERI/TIARA experimental concrete,2.31,measured 43-MeV p-7Li source,43.0,,JAERI_43MEV_REM_T150_FE000,JAERI_43MEV_PEAK_3.15E9_N_SR_UC,0.0,,,,,150.0,,0.0,neutron_dose_equivalent_from_measured_spectra,0.000174,uSv/uC,,,BC501A + Bonner + ICRP21 conversion,OK,,JAERI-Data/Code 97-020 Table 25,jaeri_tiara_dose_equivalent_phase1_verified.csv
N002_JAERI_TIARA_68MEV_DOSE_0005,N002_JAERI_TIARA_68MEV,external_reference,neutron,JAERI/TIARA experimental concrete,2.31,measured 68-MeV p-7Li source,68.0,,JAERI_68MEV_REM_T000_FE000,JAERI_68MEV_PEAK_4.00E9_N_SR_UC,0.0,,,,,0.0,,0.0,neutron_dose_equivalent_rem_counter,4.58,uSv/uC,0.02061,0.45,Fuji rem counter,OK,,JAERI-Data/Code 97-020 Table 24,jaeri_tiara_dose_equivalent_phase1_verified.csv
N002_JAERI_TIARA_68MEV_DOSE_EST_0005,N002_JAERI_TIARA_68MEV,external_reference_secondary,neutron,JAERI/TIARA experimental concrete,2.31,measured 68-MeV p-7Li source,68.0,,JAERI_68MEV_REM_T000_FE000,JAERI_68MEV_PEAK_4.00E9_N_SR_UC,0.0,,,,,0.0,,0.0,neutron_dose_equivalent_from_measured_spectra,29.9,uSv/uC,,,BC501A + Bonner + ICRP21 conversion,OK,,JAERI-Data/Code 97-020 Table 25,jaeri_tiara_dose_equivalent_phase1_verified.csv
N002_JAERI_TIARA_68MEV_DOSE_0006,N002_JAERI_TIARA_68MEV,external_reference,neutron,JAERI/TIARA experimental concrete,2.31,measured 68-MeV p-7Li source,68.0,,JAERI_68MEV_REM_T025_FE000,JAERI_68MEV_PEAK_4.00E9_N_SR_UC,0.0,,,,,25.0,,0.0,neutron_dose_equivalent_rem_counter,0.685,uSv/uC,0.0024660000000000003,0.36,Fuji rem counter,OK,,JAERI-Data/Code 97-020 Table 24,jaeri_tiara_dose_equivalent_phase1_verified.csv
N002_JAERI_TIARA_68MEV_DOSE_0007,N002_JAERI_TIARA_68MEV,external_reference,neutron,JAERI/TIARA experimental concrete,2.31,measured 68-MeV p-7Li source,68.0,,JAERI_68MEV_REM_T050_FE000,JAERI_68MEV_PEAK_4.00E9_N_SR_UC,0.0,,,,,50.0,,0.0,neutron_dose_equivalent_rem_counter,0.16,uSv/uC,0.00112,0.7,Fuji rem counter,OK,,JAERI-Data/Code 97-020 Table 24,jaeri_tiara_dose_equivalent_phase1_verified.csv
N002_JAERI_TIARA_68MEV_DOSE_EST_0007,N002_JAERI_TIARA_68MEV,external_reference_secondary,neutron,JAERI/TIARA experimental concrete,2.31,measured 68-MeV p-7Li source,68.0,,JAERI_68MEV_REM_T050_FE000,JAERI_68MEV_PEAK_4.00E9_N_SR_UC,0.0,,,,,50.0,,0.0,neutron_dose_equivalent_from_measured_spectra,11.7,uSv/uC,,,BC501A + Bonner + ICRP21 conversion,PUBLISHED_TABLE_FIGURE_INCONSISTENCY,"Table 25 prints 1.17E+01 uSv/uC for the spectrum-derived estimate, while Fig. 21 is visually inconsistent with that magnitude. The published table value is preserved and must not be silently altered.",JAERI-Data/Code 97-020 Table 25,jaeri_tiara_dose_equivalent_phase1_verified.csv
N002_JAERI_TIARA_68MEV_DOSE_0008,N002_JAERI_TIARA_68MEV,external_reference,neutron,JAERI/TIARA experimental concrete,2.31,measured 68-MeV p-7Li source,68.0,,JAERI_68MEV_REM_T100_FE000,JAERI_68MEV_PEAK_4.00E9_N_SR_UC,0.0,,,,,100.0,,0.0,neutron_dose_equivalent_rem_counter,0.01,uSv/uC,0.00014,1.4,Fuji rem counter,OK,,JAERI-Data/Code 97-020 Table 24,jaeri_tiara_dose_equivalent_phase1_verified.csv
N002_JAERI_TIARA_68MEV_DOSE_EST_0008,N002_JAERI_TIARA_68MEV,external_reference_secondary,neutron,JAERI/TIARA experimental concrete,2.31,measured 68-MeV p-7Li source,68.0,,JAERI_68MEV_REM_T100_FE000,JAERI_68MEV_PEAK_4.00E9_N_SR_UC,0.0,,,,,100.0,,0.0,neutron_dose_equivalent_from_measured_spectra,0.0519,uSv/uC,,,BC501A + Bonner + ICRP21 conversion,OK,,JAERI-Data/Code 97-020 Table 25,jaeri_tiara_dose_equivalent_phase1_verified.csv
N002_JAERI_TIARA_68MEV_DOSE_0009,N002_JAERI_TIARA_68MEV,external_reference,neutron,JAERI/TIARA experimental concrete,2.31,measured 68-MeV p-7Li source,68.0,,JAERI_68MEV_REM_T150_FE000,JAERI_68MEV_PEAK_4.00E9_N_SR_UC,0.0,,,,,150.0,,0.0,neutron_dose_equivalent_rem_counter,0.000789,uSv/uC,1.1835000000000001e-05,1.5,Fuji rem counter,OK,,JAERI-Data/Code 97-020 Table 24,jaeri_tiara_dose_equivalent_phase1_verified.csv
N002_JAERI_TIARA_68MEV_DOSE_EST_0009,N002_JAERI_TIARA_68MEV,external_reference_secondary,neutron,JAERI/TIARA experimental concrete,2.31,measured 68-MeV p-7Li source,68.0,,JAERI_68MEV_REM_T150_FE000,JAERI_68MEV_PEAK_4.00E9_N_SR_UC,0.0,,,,,150.0,,0.0,neutron_dose_equivalent_from_measured_spectra,0.00327,uSv/uC,,,BC501A + Bonner + ICRP21 conversion,OK,,JAERI-Data/Code 97-020 Table 25,jaeri_tiara_dose_equivalent_phase1_verified.csv
N002_JAERI_TIARA_68MEV_DOSE_0010,N002_JAERI_TIARA_68MEV,external_reference,neutron,JAERI/TIARA experimental concrete,2.31,measured 68-MeV p-7Li source,68.0,,JAERI_68MEV_REM_T200_FE000,JAERI_68MEV_PEAK_4.00E9_N_SR_UC,0.0,,,,,200.0,,0.0,neutron_dose_equivalent_rem_counter,8.91e-05,uSv/uC,4.0094999999999995e-06,4.5,Fuji rem counter,OK,,JAERI-Data/Code 97-020 Table 24,jaeri_tiara_dose_equivalent_phase1_verified.csv
N001_JAERI_TIARA_43MEV_DEPTH_0000,N001_JAERI_TIARA_43MEV,external_reference,neutron,JAERI/TIARA experimental concrete,2.31,measured 43-MeV p-7Li source,43.0,,JAERI_43MEV_DEPTH_T150_FE000,JAERI_43MEV_PEAK_3.15E9_N_SR_UC,0.0,,,,,150.0,0.0,0.0,tld_7LiF_minus_natLiF_reaction_rate_difference,1.99e-05,60Co-eq R/uC,1.5323e-05,77.0,7LiF_minus_natLiF_TLD,OK,,JAERI-Data/Code 97-020 Table 22,jaeri_tiara_in_shield_depth_reaction_rates.csv
N001_JAERI_TIARA_43MEV_DEPTH_0001,N001_JAERI_TIARA_43MEV,external_reference,neutron,JAERI/TIARA experimental concrete,2.31,measured 43-MeV p-7Li source,43.0,,JAERI_43MEV_DEPTH_T150_FE000,JAERI_43MEV_PEAK_3.15E9_N_SR_UC,0.0,,,,,150.0,25.0,0.0,tld_7LiF_minus_natLiF_reaction_rate_difference,4.67e-05,60Co-eq R/uC,5.136999999999999e-06,11.0,7LiF_minus_natLiF_TLD,OK,,JAERI-Data/Code 97-020 Table 22,jaeri_tiara_in_shield_depth_reaction_rates.csv
N001_JAERI_TIARA_43MEV_DEPTH_0002,N001_JAERI_TIARA_43MEV,external_reference,neutron,JAERI/TIARA experimental concrete,2.31,measured 43-MeV p-7Li source,43.0,,JAERI_43MEV_DEPTH_T150_FE000,JAERI_43MEV_PEAK_3.15E9_N_SR_UC,0.0,,,,,150.0,50.0,0.0,tld_7LiF_minus_natLiF_reaction_rate_difference,9.14e-06,60Co-eq R/uC,1.371e-06,15.0,7LiF_minus_natLiF_TLD,OK,,JAERI-Data/Code 97-020 Table 22,jaeri_tiara_in_shield_depth_reaction_rates.csv
N001_JAERI_TIARA_43MEV_DEPTH_0003,N001_JAERI_TIARA_43MEV,external_reference,neutron,JAERI/TIARA experimental concrete,2.31,measured 43-MeV p-7Li source,43.0,,JAERI_43MEV_DEPTH_T150_FE000,JAERI_43MEV_PEAK_3.15E9_N_SR_UC,0.0,,,,,150.0,75.0,0.0,tld_7LiF_minus_natLiF_reaction_rate_difference,1.72e-06,60Co-eq R/uC,2.408e-07,14.0,7LiF_minus_natLiF_TLD,OK,,JAERI-Data/Code 97-020 Table 22,jaeri_tiara_in_shield_depth_reaction_rates.csv
N001_JAERI_TIARA_43MEV_DEPTH_0004,N001_JAERI_TIARA_43MEV,external_reference,neutron,JAERI/TIARA experimental concrete,2.31,measured 43-MeV p-7Li source,43.0,,JAERI_43MEV_DEPTH_T150_FE000,JAERI_43MEV_PEAK_3.15E9_N_SR_UC,0.0,,,,,150.0,100.0,0.0,tld_7LiF_minus_natLiF_reaction_rate_difference,3.48e-07,60Co-eq R/uC,5.568e-08,16.0,7LiF_minus_natLiF_TLD,OK,,JAERI-Data/Code 97-020 Table 22,jaeri_tiara_in_shield_depth_reaction_rates.csv
N001_JAERI_TIARA_43MEV_DEPTH_0005,N001_JAERI_TIARA_43MEV,external_reference,neutron,JAERI/TIARA experimental concrete,2.31,measured 43-MeV p-7Li source,43.0,,JAERI_43MEV_DEPTH_T150_FE000,JAERI_43MEV_PEAK_3.15E9_N_SR_UC,0.0,,,,,150.0,125.0,0.0,tld_7LiF_minus_natLiF_reaction_rate_difference,6.72e-08,60Co-eq R/uC,4.0320000000000006e-08,60.0,7LiF_minus_natLiF_TLD,OK,,JAERI-Data/Code 97-020 Table 22,jaeri_tiara_in_shield_depth_reaction_rates.csv
N002_JAERI_TIARA_68MEV_DEPTH_0006,N002_JAERI_TIARA_68MEV,external_reference,neutron,JAERI/TIARA experimental concrete,2.31,measured 68-MeV p-7Li source,68.0,,JAERI_68MEV_DEPTH_T200_FE000,JAERI_68MEV_PEAK_4.00E9_N_SR_UC,0.0,,,,,200.0,0.0,0.0,tld_7LiF_minus_natLiF_reaction_rate_difference,3.16e-05,60Co-eq R/uC,2.7808000000000002e-05,88.0,7LiF_minus_natLiF_TLD,OK,,JAERI-Data/Code 97-020 Table 22,jaeri_tiara_in_shield_depth_reaction_rates.csv
N002_JAERI_TIARA_68MEV_DEPTH_0007,N002_JAERI_TIARA_68MEV,external_reference,neutron,JAERI/TIARA experimental concrete,2.31,measured 68-MeV p-7Li source,68.0,,JAERI_68MEV_DEPTH_T200_FE000,JAERI_68MEV_PEAK_4.00E9_N_SR_UC,0.0,,,,,200.0,25.0,0.0,tld_7LiF_minus_natLiF_reaction_rate_difference,6.57e-05,60Co-eq R/uC,1.3140000000000001e-05,20.0,7LiF_minus_natLiF_TLD,OK,,JAERI-Data/Code 97-020 Table 22,jaeri_tiara_in_shield_depth_reaction_rates.csv
N002_JAERI_TIARA_68MEV_DEPTH_0008,N002_JAERI_TIARA_68MEV,external_reference,neutron,JAERI/TIARA experimental concrete,2.31,measured 68-MeV p-7Li source,68.0,,JAERI_68MEV_DEPTH_T200_FE000,JAERI_68MEV_PEAK_4.00E9_N_SR_UC,0.0,,,,,200.0,50.0,0.0,tld_7LiF_minus_natLiF_reaction_rate_difference,2.46e-05,60Co-eq R/uC,2.706e-06,11.0,7LiF_minus_natLiF_TLD,OK,,JAERI-Data/Code 97-020 Table 22,jaeri_tiara_in_shield_depth_reaction_rates.csv
N002_JAERI_TIARA_68MEV_DEPTH_0009,N002_JAERI_TIARA_68MEV,external_reference,neutron,JAERI/TIARA experimental concrete,2.31,measured 68-MeV p-7Li source,68.0,,JAERI_68MEV_DEPTH_T200_FE000,JAERI_68MEV_PEAK_4.00E9_N_SR_UC,0.0,,,,,200.0,75.0,0.0,tld_7LiF_minus_natLiF_reaction_rate_difference,6.62e-06,60Co-eq R/uC,6.62e-07,10.0,7LiF_minus_natLiF_TLD,OK,,JAERI-Data/Code 97-020 Table 22,jaeri_tiara_in_shield_depth_reaction_rates.csv
N002_JAERI_TIARA_68MEV_DEPTH_0010,N002_JAERI_TIARA_68MEV,external_reference,neutron,JAERI/TIARA experimental concrete,2.31,measured 68-MeV p-7Li source,68.0,,JAERI_68MEV_DEPTH_T200_FE000,JAERI_68MEV_PEAK_4.00E9_N_SR_UC,0.0,,,,,200.0,100.0,0.0,tld_7LiF_minus_natLiF_reaction_rate_difference,1.66e-06,60Co-eq R/uC,1.4608000000000002e-07,8.8,7LiF_minus_natLiF_TLD,OK,,JAERI-Data/Code 97-020 Table 22,jaeri_tiara_in_shield_depth_reaction_rates.csv
N002_JAERI_TIARA_68MEV_DEPTH_0011,N002_JAERI_TIARA_68MEV,external_reference,neutron,JAERI/TIARA experimental concrete,2.31,measured 68-MeV p-7Li source,68.0,,JAERI_68MEV_DEPTH_T200_FE000,JAERI_68MEV_PEAK_4.00E9_N_SR_UC,0.0,,,,,200.0,125.0,0.0,tld_7LiF_minus_natLiF_reaction_rate_difference,4.57e-07,60Co-eq R/uC,5.4839999999999993e-08,12.0,7LiF_minus_natLiF_TLD,OK,,JAERI-Data/Code 97-020 Table 22,jaeri_tiara_in_shield_depth_reaction_rates.csv
N002_JAERI_TIARA_68MEV_DEPTH_0012,N002_JAERI_TIARA_68MEV,external_reference,neutron,JAERI/TIARA experimental concrete,2.31,measured 68-MeV p-7Li source,68.0,,JAERI_68MEV_DEPTH_T200_FE000,JAERI_68MEV_PEAK_4.00E9_N_SR_UC,0.0,,,,,200.0,150.0,0.0,tld_7LiF_minus_natLiF_reaction_rate_difference,6.67e-08,60Co-eq R/uC,1.4674e-08,22.0,7LiF_minus_natLiF_TLD,OK,,JAERI-Data/Code 97-020 Table 22,jaeri_tiara_in_shield_depth_reaction_rates.csv
N001_JAERI_TIARA_43MEV_DEPTH_0013,N001_JAERI_TIARA_43MEV,external_reference,neutron,JAERI/TIARA experimental concrete,2.31,measured 43-MeV p-7Li source,43.0,,JAERI_43MEV_DEPTH_T150_FE000,JAERI_43MEV_PEAK_3.15E9_N_SR_UC,0.0,,,,,150.0,25.0,0.0,ssntd_reaction_rate,4.5,pits cm-2 uC-1,0.2475,5.5,SSNTD,PUBLISHED_TABLE_INTERNAL_INCONSISTENCY,JAERI Table 23 contains an internally inconsistent copied unit/footnote. SSNTD is an etched-track detector; Fig. 20 and the numerical trend support retaining the printed numerical sequence in pits cm^-2 uC^-1.,JAERI-Data/Code 97-020 Table 23 + Fig. 20,jaeri_tiara_in_shield_depth_reaction_rates.csv
N001_JAERI_TIARA_43MEV_DEPTH_0014,N001_JAERI_TIARA_43MEV,external_reference,neutron,JAERI/TIARA experimental concrete,2.31,measured 43-MeV p-7Li source,43.0,,JAERI_43MEV_DEPTH_T150_FE000,JAERI_43MEV_PEAK_3.15E9_N_SR_UC,0.0,,,,,150.0,50.0,0.0,ssntd_reaction_rate,0.427,pits cm-2 uC-1,0.031170999999999997,7.3,SSNTD,PUBLISHED_TABLE_INTERNAL_INCONSISTENCY,JAERI Table 23 contains an internally inconsistent copied unit/footnote. SSNTD is an etched-track detector; Fig. 20 and the numerical trend support retaining the printed numerical sequence in pits cm^-2 uC^-1.,JAERI-Data/Code 97-020 Table 23 + Fig. 20,jaeri_tiara_in_shield_depth_reaction_rates.csv
N001_JAERI_TIARA_43MEV_DEPTH_0015,N001_JAERI_TIARA_43MEV,external_reference,neutron,JAERI/TIARA experimental concrete,2.31,measured 43-MeV p-7Li source,43.0,,JAERI_43MEV_DEPTH_T150_FE000,JAERI_43MEV_PEAK_3.15E9_N_SR_UC,0.0,,,,,150.0,75.0,0.0,ssntd_reaction_rate,0.0472,pits cm-2 uC-1,0.008024,17.0,SSNTD,PUBLISHED_TABLE_INTERNAL_INCONSISTENCY,JAERI Table 23 contains an internally inconsistent copied unit/footnote. SSNTD is an etched-track detector; Fig. 20 and the numerical trend support retaining the printed numerical sequence in pits cm^-2 uC^-1.,JAERI-Data/Code 97-020 Table 23 + Fig. 20,jaeri_tiara_in_shield_depth_reaction_rates.csv
N001_JAERI_TIARA_43MEV_DEPTH_0016,N001_JAERI_TIARA_43MEV,external_reference,neutron,JAERI/TIARA experimental concrete,2.31,measured 43-MeV p-7Li source,43.0,,JAERI_43MEV_DEPTH_T150_FE000,JAERI_43MEV_PEAK_3.15E9_N_SR_UC,0.0,,,,,150.0,100.0,0.0,ssntd_reaction_rate,0.0045,pits cm-2 uC-1,0.001485,33.0,SSNTD,PUBLISHED_TABLE_INTERNAL_INCONSISTENCY,JAERI Table 23 contains an internally inconsistent copied unit/footnote. SSNTD is an etched-track detector; Fig. 20 and the numerical trend support retaining the printed numerical sequence in pits cm^-2 uC^-1.,JAERI-Data/Code 97-020 Table 23 + Fig. 20,jaeri_tiara_in_shield_depth_reaction_rates.csv
N001_JAERI_TIARA_43MEV_DEPTH_0017,N001_JAERI_TIARA_43MEV,external_reference,neutron,JAERI/TIARA experimental concrete,2.31,measured 43-MeV p-7Li source,43.0,,JAERI_43MEV_DEPTH_T150_FE000,JAERI_43MEV_PEAK_3.15E9_N_SR_UC,0.0,,,,,150.0,125.0,0.0,ssntd_reaction_rate,0.00153,pits cm-2 uC-1,0.0008414999999999999,55.0,SSNTD,PUBLISHED_TABLE_INTERNAL_INCONSISTENCY,JAERI Table 23 contains an internally inconsistent copied unit/footnote. SSNTD is an etched-track detector; Fig. 20 and the numerical trend support retaining the printed numerical sequence in pits cm^-2 uC^-1.,JAERI-Data/Code 97-020 Table 23 + Fig. 20,jaeri_tiara_in_shield_depth_reaction_rates.csv
N002_JAERI_TIARA_68MEV_DEPTH_0018,N002_JAERI_TIARA_68MEV,external_reference,neutron,JAERI/TIARA experimental concrete,2.31,measured 68-MeV p-7Li source,68.0,,JAERI_68MEV_DEPTH_T200_FE000,JAERI_68MEV_PEAK_4.00E9_N_SR_UC,0.0,,,,,200.0,25.0,0.0,ssntd_reaction_rate,9.15,pits cm-2 uC-1,0.50325,5.5,SSNTD,PUBLISHED_TABLE_INTERNAL_INCONSISTENCY,JAERI Table 23 contains an internally inconsistent copied unit/footnote. SSNTD is an etched-track detector; Fig. 20 and the numerical trend support retaining the printed numerical sequence in pits cm^-2 uC^-1.,JAERI-Data/Code 97-020 Table 23 + Fig. 20,jaeri_tiara_in_shield_depth_reaction_rates.csv
N002_JAERI_TIARA_68MEV_DEPTH_0019,N002_JAERI_TIARA_68MEV,external_reference,neutron,JAERI/TIARA experimental concrete,2.31,measured 68-MeV p-7Li source,68.0,,JAERI_68MEV_DEPTH_T200_FE000,JAERI_68MEV_PEAK_4.00E9_N_SR_UC,0.0,,,,,200.0,50.0,0.0,ssntd_reaction_rate,1.56,pits cm-2 uC-1,0.10296,6.6,SSNTD,PUBLISHED_TABLE_INTERNAL_INCONSISTENCY,JAERI Table 23 contains an internally inconsistent copied unit/footnote. SSNTD is an etched-track detector; Fig. 20 and the numerical trend support retaining the printed numerical sequence in pits cm^-2 uC^-1.,JAERI-Data/Code 97-020 Table 23 + Fig. 20,jaeri_tiara_in_shield_depth_reaction_rates.csv
N002_JAERI_TIARA_68MEV_DEPTH_0020,N002_JAERI_TIARA_68MEV,external_reference,neutron,JAERI/TIARA experimental concrete,2.31,measured 68-MeV p-7Li source,68.0,,JAERI_68MEV_DEPTH_T200_FE000,JAERI_68MEV_PEAK_4.00E9_N_SR_UC,0.0,,,,,200.0,75.0,0.0,ssntd_reaction_rate,0.312,pits cm-2 uC-1,0.034319999999999996,11.0,SSNTD,PUBLISHED_TABLE_INTERNAL_INCONSISTENCY,JAERI Table 23 contains an internally inconsistent copied unit/footnote. SSNTD is an etched-track detector; Fig. 20 and the numerical trend support retaining the printed numerical sequence in pits cm^-2 uC^-1.,JAERI-Data/Code 97-020 Table 23 + Fig. 20,jaeri_tiara_in_shield_depth_reaction_rates.csv
N002_JAERI_TIARA_68MEV_DEPTH_0021,N002_JAERI_TIARA_68MEV,external_reference,neutron,JAERI/TIARA experimental concrete,2.31,measured 68-MeV p-7Li source,68.0,,JAERI_68MEV_DEPTH_T200_FE000,JAERI_68MEV_PEAK_4.00E9_N_SR_UC,0.0,,,,,200.0,100.0,0.0,ssntd_reaction_rate,0.055,pits cm-2 uC-1,0.0055000000000000005,10.0,SSNTD,PUBLISHED_TABLE_INTERNAL_INCONSISTENCY,JAERI Table 23 contains an internally inconsistent copied unit/footnote. SSNTD is an etched-track detector; Fig. 20 and the numerical trend support retaining the printed numerical sequence in pits cm^-2 uC^-1.,JAERI-Data/Code 97-020 Table 23 + Fig. 20,jaeri_tiara_in_shield_depth_reaction_rates.csv
N002_JAERI_TIARA_68MEV_DEPTH_0022,N002_JAERI_TIARA_68MEV,external_reference,neutron,JAERI/TIARA experimental concrete,2.31,measured 68-MeV p-7Li source,68.0,,JAERI_68MEV_DEPTH_T200_FE000,JAERI_68MEV_PEAK_4.00E9_N_SR_UC,0.0,,,,,200.0,125.0,0.0,ssntd_reaction_rate,0.0175,pits cm-2 uC-1,0.0028000000000000004,16.0,SSNTD,PUBLISHED_TABLE_INTERNAL_INCONSISTENCY,JAERI Table 23 contains an internally inconsistent copied unit/footnote. SSNTD is an etched-track detector; Fig. 20 and the numerical trend support retaining the printed numerical sequence in pits cm^-2 uC^-1.,JAERI-Data/Code 97-020 Table 23 + Fig. 20,jaeri_tiara_in_shield_depth_reaction_rates.csv
N002_JAERI_TIARA_68MEV_DEPTH_0023,N002_JAERI_TIARA_68MEV,external_reference,neutron,JAERI/TIARA experimental concrete,2.31,measured 68-MeV p-7Li source,68.0,,JAERI_68MEV_DEPTH_T200_FE000,JAERI_68MEV_PEAK_4.00E9_N_SR_UC,0.0,,,,,200.0,150.0,0.0,ssntd_reaction_rate,0.00419,pits cm-2 uC-1,0.0011732000000000001,28.0,SSNTD,PUBLISHED_TABLE_INTERNAL_INCONSISTENCY,JAERI Table 23 contains an internally inconsistent copied unit/footnote. SSNTD is an etched-track detector; Fig. 20 and the numerical trend support retaining the printed numerical sequence in pits cm^-2 uC^-1.,JAERI-Data/Code 97-020 Table 23 + Fig. 20,jaeri_tiara_in_shield_depth_reaction_rates.csv
P002_IAEA_SRS47_BROAD_BEAM_TVL_primary_beam_concrete_TVL_00,P002_IAEA_SRS47_BROAD_BEAM_TVL,external_engineering_reference,photon,concrete,2.35,Co-60,,,IAEA47_BROAD_BEAM_CONCRETE,NOT_APPLICABLE,,,,,,,,,primary_beam_concrete_TVL,21.8,cm,,,large-attenuation TVL,ENGINEERING_REFERENCE_APPROXIMATE_VALUES,Independent integral validation only; never used to tune benchmark source spectra.,"IAEA Safety Reports Series No. 47 (2006), Table 4",P002_IAEA_SRS47_concrete_TVL.csv
P002_IAEA_SRS47_BROAD_BEAM_TVL_leakage_90deg_concrete_TVL_00,P002_IAEA_SRS47_BROAD_BEAM_TVL,external_engineering_reference,photon,concrete,2.35,Co-60,,,IAEA47_BROAD_BEAM_CONCRETE,NOT_APPLICABLE,,,,,,,,,leakage_90deg_concrete_TVL,21.8,cm,,,large-attenuation TVL,ENGINEERING_REFERENCE_APPROXIMATE_VALUES,Independent integral validation only; never used to tune benchmark source spectra.,"IAEA Safety Reports Series No. 47 (2006), Table 4",P002_IAEA_SRS47_concrete_TVL.csv
P002_IAEA_SRS47_BROAD_BEAM_TVL_primary_beam_concrete_TVL_01,P002_IAEA_SRS47_BROAD_BEAM_TVL,external_engineering_reference,photon,concrete,2.35,4 MV,,4.0,IAEA47_BROAD_BEAM_CONCRETE,NOT_APPLICABLE,,,,,,,,,primary_beam_concrete_TVL,29.0,cm,,,large-attenuation TVL,ENGINEERING_REFERENCE_APPROXIMATE_VALUES,Independent integral validation only; never used to tune benchmark source spectra.,"IAEA Safety Reports Series No. 47 (2006), Table 4",P002_IAEA_SRS47_concrete_TVL.csv
P002_IAEA_SRS47_BROAD_BEAM_TVL_leakage_90deg_concrete_TVL_01,P002_IAEA_SRS47_BROAD_BEAM_TVL,external_engineering_reference,photon,concrete,2.35,4 MV,,4.0,IAEA47_BROAD_BEAM_CONCRETE,NOT_APPLICABLE,,,,,,,,,leakage_90deg_concrete_TVL,25.4,cm,,,large-attenuation TVL,ENGINEERING_REFERENCE_APPROXIMATE_VALUES,Independent integral validation only; never used to tune benchmark source spectra.,"IAEA Safety Reports Series No. 47 (2006), Table 4",P002_IAEA_SRS47_concrete_TVL.csv
P002_IAEA_SRS47_BROAD_BEAM_TVL_primary_beam_concrete_TVL_02,P002_IAEA_SRS47_BROAD_BEAM_TVL,external_engineering_reference,photon,concrete,2.35,6 MV,,6.0,IAEA47_BROAD_BEAM_CONCRETE,NOT_APPLICABLE,,,,,,,,,primary_beam_concrete_TVL,34.3,cm,,,large-attenuation TVL,ENGINEERING_REFERENCE_APPROXIMATE_VALUES,Independent integral validation only; never used to tune benchmark source spectra.,"IAEA Safety Reports Series No. 47 (2006), Table 4",P002_IAEA_SRS47_concrete_TVL.csv
P002_IAEA_SRS47_BROAD_BEAM_TVL_leakage_90deg_concrete_TVL_02,P002_IAEA_SRS47_BROAD_BEAM_TVL,external_engineering_reference,photon,concrete,2.35,6 MV,,6.0,IAEA47_BROAD_BEAM_CONCRETE,NOT_APPLICABLE,,,,,,,,,leakage_90deg_concrete_TVL,27.9,cm,,,large-attenuation TVL,ENGINEERING_REFERENCE_APPROXIMATE_VALUES,Independent integral validation only; never used to tune benchmark source spectra.,"IAEA Safety Reports Series No. 47 (2006), Table 4",P002_IAEA_SRS47_concrete_TVL.csv
P002_IAEA_SRS47_BROAD_BEAM_TVL_primary_beam_concrete_TVL_03,P002_IAEA_SRS47_BROAD_BEAM_TVL,external_engineering_reference,photon,concrete,2.35,10 MV,,10.0,IAEA47_BROAD_BEAM_CONCRETE,NOT_APPLICABLE,,,,,,,,,primary_beam_concrete_TVL,38.9,cm,,,large-attenuation TVL,ENGINEERING_REFERENCE_APPROXIMATE_VALUES,Independent integral validation only; never used to tune benchmark source spectra.,"IAEA Safety Reports Series No. 47 (2006), Table 4",P002_IAEA_SRS47_concrete_TVL.csv
P002_IAEA_SRS47_BROAD_BEAM_TVL_leakage_90deg_concrete_TVL_03,P002_IAEA_SRS47_BROAD_BEAM_TVL,external_engineering_reference,photon,concrete,2.35,10 MV,,10.0,IAEA47_BROAD_BEAM_CONCRETE,NOT_APPLICABLE,,,,,,,,,leakage_90deg_concrete_TVL,30.5,cm,,,large-attenuation TVL,ENGINEERING_REFERENCE_APPROXIMATE_VALUES,Independent integral validation only; never used to tune benchmark source spectra.,"IAEA Safety Reports Series No. 47 (2006), Table 4",P002_IAEA_SRS47_concrete_TVL.csv
P002_IAEA_SRS47_BROAD_BEAM_TVL_primary_beam_concrete_TVL_04,P002_IAEA_SRS47_BROAD_BEAM_TVL,external_engineering_reference,photon,concrete,2.35,15 MV,,15.0,IAEA47_BROAD_BEAM_CONCRETE,NOT_APPLICABLE,,,,,,,,,primary_beam_concrete_TVL,43.2,cm,,,large-attenuation TVL,ENGINEERING_REFERENCE_APPROXIMATE_VALUES,Independent integral validation only; never used to tune benchmark source spectra.,"IAEA Safety Reports Series No. 47 (2006), Table 4",P002_IAEA_SRS47_concrete_TVL.csv
P002_IAEA_SRS47_BROAD_BEAM_TVL_leakage_90deg_concrete_TVL_04,P002_IAEA_SRS47_BROAD_BEAM_TVL,external_engineering_reference,photon,concrete,2.35,15 MV,,15.0,IAEA47_BROAD_BEAM_CONCRETE,NOT_APPLICABLE,,,,,,,,,leakage_90deg_concrete_TVL,33.0,cm,,,large-attenuation TVL,ENGINEERING_REFERENCE_APPROXIMATE_VALUES,Independent integral validation only; never used to tune benchmark source spectra.,"IAEA Safety Reports Series No. 47 (2006), Table 4",P002_IAEA_SRS47_concrete_TVL.csv
P002_IAEA_SRS47_BROAD_BEAM_TVL_primary_beam_concrete_TVL_05,P002_IAEA_SRS47_BROAD_BEAM_TVL,external_engineering_reference,photon,concrete,2.35,18 MV,,18.0,IAEA47_BROAD_BEAM_CONCRETE,NOT_APPLICABLE,,,,,,,,,primary_beam_concrete_TVL,44.5,cm,,,large-attenuation TVL,ENGINEERING_REFERENCE_APPROXIMATE_VALUES,Independent integral validation only; never used to tune benchmark source spectra.,"IAEA Safety Reports Series No. 47 (2006), Table 4",P002_IAEA_SRS47_concrete_TVL.csv
P002_IAEA_SRS47_BROAD_BEAM_TVL_leakage_90deg_concrete_TVL_05,P002_IAEA_SRS47_BROAD_BEAM_TVL,external_engineering_reference,photon,concrete,2.35,18 MV,,18.0,IAEA47_BROAD_BEAM_CONCRETE,NOT_APPLICABLE,,,,,,,,,leakage_90deg_concrete_TVL,33.0,cm,,,large-attenuation TVL,ENGINEERING_REFERENCE_APPROXIMATE_VALUES,Independent integral validation only; never used to tune benchmark source spectra.,"IAEA Safety Reports Series No. 47 (2006), Table 4",P002_IAEA_SRS47_concrete_TVL.csv
P002_IAEA_SRS47_BROAD_BEAM_TVL_primary_beam_concrete_TVL_06,P002_IAEA_SRS47_BROAD_BEAM_TVL,external_engineering_reference,photon,concrete,2.35,20 MV,,20.0,IAEA47_BROAD_BEAM_CONCRETE,NOT_APPLICABLE,,,,,,,,,primary_beam_concrete_TVL,45.7,cm,,,large-attenuation TVL,ENGINEERING_REFERENCE_APPROXIMATE_VALUES,Independent integral validation only; never used to tune benchmark source spectra.,"IAEA Safety Reports Series No. 47 (2006), Table 4",P002_IAEA_SRS47_concrete_TVL.csv
P002_IAEA_SRS47_BROAD_BEAM_TVL_leakage_90deg_concrete_TVL_06,P002_IAEA_SRS47_BROAD_BEAM_TVL,external_engineering_reference,photon,concrete,2.35,20 MV,,20.0,IAEA47_BROAD_BEAM_CONCRETE,NOT_APPLICABLE,,,,,,,,,leakage_90deg_concrete_TVL,34.3,cm,,,large-attenuation TVL,ENGINEERING_REFERENCE_APPROXIMATE_VALUES,Independent integral validation only; never used to tune benchmark source spectra.,"IAEA Safety Reports Series No. 47 (2006), Table 4",P002_IAEA_SRS47_concrete_TVL.csv
P002_IAEA_SRS47_BROAD_BEAM_TVL_primary_beam_concrete_TVL_07,P002_IAEA_SRS47_BROAD_BEAM_TVL,external_engineering_reference,photon,concrete,2.35,24 MV,,24.0,IAEA47_BROAD_BEAM_CONCRETE,NOT_APPLICABLE,,,,,,,,,primary_beam_concrete_TVL,47.0,cm,,,large-attenuation TVL,ENGINEERING_REFERENCE_APPROXIMATE_VALUES,Independent integral validation only; never used to tune benchmark source spectra.,"IAEA Safety Reports Series No. 47 (2006), Table 4",P002_IAEA_SRS47_concrete_TVL.csv
P002_IAEA_SRS47_BROAD_BEAM_TVL_leakage_90deg_concrete_TVL_07,P002_IAEA_SRS47_BROAD_BEAM_TVL,external_engineering_reference,photon,concrete,2.35,24 MV,,24.0,IAEA47_BROAD_BEAM_CONCRETE,NOT_APPLICABLE,,,,,,,,,leakage_90deg_concrete_TVL,35.6,cm,,,large-attenuation TVL,ENGINEERING_REFERENCE_APPROXIMATE_VALUES,Independent integral validation only; never used to tune benchmark source spectra.,"IAEA Safety Reports Series No. 47 (2006), Table 4",P002_IAEA_SRS47_concrete_TVL.csv
P003_PUBLIC_CONCRETE_BUILDUP_FLUKA_0000,P003_PUBLIC_CONCRETE_BUILDUP_FLUKA,external_published_monte_carlo,photon,concrete,2.3,point-isotropic monoenergetic photon,,,ALHAGAISH2024_POINT_ISOTROPIC_CONCRETE,NOT_APPLICABLE,,10.0,,,0.25,,,,exposure_buildup_factor,1.13,dimensionless,,,FLUKA exposure buildup,PUBLISHED_MONTE_CARLO_REFERENCE_NOT_EXPERIMENT,Code-to-code/reference-physics benchmark.,doi:10.2478/lpts-2024-0002,P003_concrete_exposure_buildup_FLUKA.csv
P003_PUBLIC_CONCRETE_BUILDUP_FLUKA_0001,P003_PUBLIC_CONCRETE_BUILDUP_FLUKA,external_published_monte_carlo,photon,concrete,2.3,point-isotropic monoenergetic photon,,,ALHAGAISH2024_POINT_ISOTROPIC_CONCRETE,NOT_APPLICABLE,,10.0,,,0.5,,,,exposure_buildup_factor,1.24,dimensionless,,,FLUKA exposure buildup,PUBLISHED_MONTE_CARLO_REFERENCE_NOT_EXPERIMENT,Code-to-code/reference-physics benchmark.,doi:10.2478/lpts-2024-0002,P003_concrete_exposure_buildup_FLUKA.csv
P003_PUBLIC_CONCRETE_BUILDUP_FLUKA_0002,P003_PUBLIC_CONCRETE_BUILDUP_FLUKA,external_published_monte_carlo,photon,concrete,2.3,point-isotropic monoenergetic photon,,,ALHAGAISH2024_POINT_ISOTROPIC_CONCRETE,NOT_APPLICABLE,,10.0,,,1.0,,,,exposure_buildup_factor,1.44,dimensionless,,,FLUKA exposure buildup,PUBLISHED_MONTE_CARLO_REFERENCE_NOT_EXPERIMENT,Code-to-code/reference-physics benchmark.,doi:10.2478/lpts-2024-0002,P003_concrete_exposure_buildup_FLUKA.csv
P003_PUBLIC_CONCRETE_BUILDUP_FLUKA_0003,P003_PUBLIC_CONCRETE_BUILDUP_FLUKA,external_published_monte_carlo,photon,concrete,2.3,point-isotropic monoenergetic photon,,,ALHAGAISH2024_POINT_ISOTROPIC_CONCRETE,NOT_APPLICABLE,,10.0,,,2.0,,,,exposure_buildup_factor,1.78,dimensionless,,,FLUKA exposure buildup,PUBLISHED_MONTE_CARLO_REFERENCE_NOT_EXPERIMENT,Code-to-code/reference-physics benchmark.,doi:10.2478/lpts-2024-0002,P003_concrete_exposure_buildup_FLUKA.csv
P003_PUBLIC_CONCRETE_BUILDUP_FLUKA_0004,P003_PUBLIC_CONCRETE_BUILDUP_FLUKA,external_published_monte_carlo,photon,concrete,2.3,point-isotropic monoenergetic photon,,,ALHAGAISH2024_POINT_ISOTROPIC_CONCRETE,NOT_APPLICABLE,,10.0,,,3.0,,,,exposure_buildup_factor,2.12,dimensionless,,,FLUKA exposure buildup,PUBLISHED_MONTE_CARLO_REFERENCE_NOT_EXPERIMENT,Code-to-code/reference-physics benchmark.,doi:10.2478/lpts-2024-0002,P003_concrete_exposure_buildup_FLUKA.csv
P003_PUBLIC_CONCRETE_BUILDUP_FLUKA_0005,P003_PUBLIC_CONCRETE_BUILDUP_FLUKA,external_published_monte_carlo,photon,concrete,2.3,point-isotropic monoenergetic photon,,,ALHAGAISH2024_POINT_ISOTROPIC_CONCRETE,NOT_APPLICABLE,,10.0,,,4.0,,,,exposure_buildup_factor,2.47,dimensionless,,,FLUKA exposure buildup,PUBLISHED_MONTE_CARLO_REFERENCE_NOT_EXPERIMENT,Code-to-code/reference-physics benchmark.,doi:10.2478/lpts-2024-0002,P003_concrete_exposure_buildup_FLUKA.csv
P003_PUBLIC_CONCRETE_BUILDUP_FLUKA_0006,P003_PUBLIC_CONCRETE_BUILDUP_FLUKA,external_published_monte_carlo,photon,concrete,2.3,point-isotropic monoenergetic photon,,,ALHAGAISH2024_POINT_ISOTROPIC_CONCRETE,NOT_APPLICABLE,,10.0,,,5.0,,,,exposure_buildup_factor,2.81,dimensionless,,,FLUKA exposure buildup,PUBLISHED_MONTE_CARLO_REFERENCE_NOT_EXPERIMENT,Code-to-code/reference-physics benchmark.,doi:10.2478/lpts-2024-0002,P003_concrete_exposure_buildup_FLUKA.csv
P003_PUBLIC_CONCRETE_BUILDUP_FLUKA_0007,P003_PUBLIC_CONCRETE_BUILDUP_FLUKA,external_published_monte_carlo,photon,concrete,2.3,point-isotropic monoenergetic photon,,,ALHAGAISH2024_POINT_ISOTROPIC_CONCRETE,NOT_APPLICABLE,,10.0,,,6.0,,,,exposure_buildup_factor,3.16,dimensionless,,,FLUKA exposure buildup,PUBLISHED_MONTE_CARLO_REFERENCE_NOT_EXPERIMENT,Code-to-code/reference-physics benchmark.,doi:10.2478/lpts-2024-0002,P003_concrete_exposure_buildup_FLUKA.csv
P003_PUBLIC_CONCRETE_BUILDUP_FLUKA_0008,P003_PUBLIC_CONCRETE_BUILDUP_FLUKA,external_published_monte_carlo,photon,concrete,2.3,point-isotropic monoenergetic photon,,,ALHAGAISH2024_POINT_ISOTROPIC_CONCRETE,NOT_APPLICABLE,,10.0,,,7.0,,,,exposure_buildup_factor,3.51,dimensionless,,,FLUKA exposure buildup,PUBLISHED_MONTE_CARLO_REFERENCE_NOT_EXPERIMENT,Code-to-code/reference-physics benchmark.,doi:10.2478/lpts-2024-0002,P003_concrete_exposure_buildup_FLUKA.csv
P003_PUBLIC_CONCRETE_BUILDUP_FLUKA_0009,P003_PUBLIC_CONCRETE_BUILDUP_FLUKA,external_published_monte_carlo,photon,concrete,2.3,point-isotropic monoenergetic photon,,,ALHAGAISH2024_POINT_ISOTROPIC_CONCRETE,NOT_APPLICABLE,,10.0,,,8.0,,,,exposure_buildup_factor,3.87,dimensionless,,,FLUKA exposure buildup,PUBLISHED_MONTE_CARLO_REFERENCE_NOT_EXPERIMENT,Code-to-code/reference-physics benchmark.,doi:10.2478/lpts-2024-0002,P003_concrete_exposure_buildup_FLUKA.csv
P003_PUBLIC_CONCRETE_BUILDUP_FLUKA_0010,P003_PUBLIC_CONCRETE_BUILDUP_FLUKA,external_published_monte_carlo,photon,concrete,2.3,point-isotropic monoenergetic photon,,,ALHAGAISH2024_POINT_ISOTROPIC_CONCRETE,NOT_APPLICABLE,,10.0,,,10.0,,,,exposure_buildup_factor,4.63,dimensionless,,,FLUKA exposure buildup,PUBLISHED_MONTE_CARLO_REFERENCE_NOT_EXPERIMENT,Code-to-code/reference-physics benchmark.,doi:10.2478/lpts-2024-0002,P003_concrete_exposure_buildup_FLUKA.csv
P003_PUBLIC_CONCRETE_BUILDUP_FLUKA_0011,P003_PUBLIC_CONCRETE_BUILDUP_FLUKA,external_published_monte_carlo,photon,concrete,2.3,point-isotropic monoenergetic photon,,,ALHAGAISH2024_POINT_ISOTROPIC_CONCRETE,NOT_APPLICABLE,,10.0,,,15.0,,,,exposure_buildup_factor,6.5,dimensionless,,,FLUKA exposure buildup,PUBLISHED_MONTE_CARLO_REFERENCE_NOT_EXPERIMENT,Code-to-code/reference-physics benchmark.,doi:10.2478/lpts-2024-0002,P003_concrete_exposure_buildup_FLUKA.csv
P003_PUBLIC_CONCRETE_BUILDUP_FLUKA_0012,P003_PUBLIC_CONCRETE_BUILDUP_FLUKA,external_published_monte_carlo,photon,concrete,2.3,point-isotropic monoenergetic photon,,,ALHAGAISH2024_POINT_ISOTROPIC_CONCRETE,NOT_APPLICABLE,,10.0,,,20.0,,,,exposure_buildup_factor,8.56,dimensionless,,,FLUKA exposure buildup,PUBLISHED_MONTE_CARLO_REFERENCE_NOT_EXPERIMENT,Code-to-code/reference-physics benchmark.,doi:10.2478/lpts-2024-0002,P003_concrete_exposure_buildup_FLUKA.csv
P003_PUBLIC_CONCRETE_BUILDUP_FLUKA_0013,P003_PUBLIC_CONCRETE_BUILDUP_FLUKA,external_published_monte_carlo,photon,concrete,2.3,point-isotropic monoenergetic photon,,,ALHAGAISH2024_POINT_ISOTROPIC_CONCRETE,NOT_APPLICABLE,,10.0,,,25.0,,,,exposure_buildup_factor,10.74,dimensionless,,,FLUKA exposure buildup,PUBLISHED_MONTE_CARLO_REFERENCE_NOT_EXPERIMENT,Code-to-code/reference-physics benchmark.,doi:10.2478/lpts-2024-0002,P003_concrete_exposure_buildup_FLUKA.csv
P003_PUBLIC_CONCRETE_BUILDUP_FLUKA_0014,P003_PUBLIC_CONCRETE_BUILDUP_FLUKA,external_published_monte_carlo,photon,concrete,2.3,point-isotropic monoenergetic photon,,,ALHAGAISH2024_POINT_ISOTROPIC_CONCRETE,NOT_APPLICABLE,,10.0,,,30.0,,,,exposure_buildup_factor,12.79,dimensionless,,,FLUKA exposure buildup,PUBLISHED_MONTE_CARLO_REFERENCE_NOT_EXPERIMENT,Code-to-code/reference-physics benchmark.,doi:10.2478/lpts-2024-0002,P003_concrete_exposure_buildup_FLUKA.csv
P003_PUBLIC_CONCRETE_BUILDUP_FLUKA_0015,P003_PUBLIC_CONCRETE_BUILDUP_FLUKA,external_published_monte_carlo,photon,concrete,2.3,point-isotropic monoenergetic photon,,,ALHAGAISH2024_POINT_ISOTROPIC_CONCRETE,NOT_APPLICABLE,,20.0,,,0.25,,,,exposure_buildup_factor,1.06,dimensionless,,,FLUKA exposure buildup,PUBLISHED_MONTE_CARLO_REFERENCE_NOT_EXPERIMENT,Code-to-code/reference-physics benchmark.,doi:10.2478/lpts-2024-0002,P003_concrete_exposure_buildup_FLUKA.csv
P003_PUBLIC_CONCRETE_BUILDUP_FLUKA_0016,P003_PUBLIC_CONCRETE_BUILDUP_FLUKA,external_published_monte_carlo,photon,concrete,2.3,point-isotropic monoenergetic photon,,,ALHAGAISH2024_POINT_ISOTROPIC_CONCRETE,NOT_APPLICABLE,,20.0,,,0.5,,,,exposure_buildup_factor,1.13,dimensionless,,,FLUKA exposure buildup,PUBLISHED_MONTE_CARLO_REFERENCE_NOT_EXPERIMENT,Code-to-code/reference-physics benchmark.,doi:10.2478/lpts-2024-0002,P003_concrete_exposure_buildup_FLUKA.csv
P003_PUBLIC_CONCRETE_BUILDUP_FLUKA_0017,P003_PUBLIC_CONCRETE_BUILDUP_FLUKA,external_published_monte_carlo,photon,concrete,2.3,point-isotropic monoenergetic photon,,,ALHAGAISH2024_POINT_ISOTROPIC_CONCRETE,NOT_APPLICABLE,,20.0,,,1.0,,,,exposure_buildup_factor,1.27,dimensionless,,,FLUKA exposure buildup,PUBLISHED_MONTE_CARLO_REFERENCE_NOT_EXPERIMENT,Code-to-code/reference-physics benchmark.,doi:10.2478/lpts-2024-0002,P003_concrete_exposure_buildup_FLUKA.csv
P003_PUBLIC_CONCRETE_BUILDUP_FLUKA_0018,P003_PUBLIC_CONCRETE_BUILDUP_FLUKA,external_published_monte_carlo,photon,concrete,2.3,point-isotropic monoenergetic photon,,,ALHAGAISH2024_POINT_ISOTROPIC_CONCRETE,NOT_APPLICABLE,,20.0,,,2.0,,,,exposure_buildup_factor,1.51,dimensionless,,,FLUKA exposure buildup,PUBLISHED_MONTE_CARLO_REFERENCE_NOT_EXPERIMENT,Code-to-code/reference-physics benchmark.,doi:10.2478/lpts-2024-0002,P003_concrete_exposure_buildup_FLUKA.csv
P003_PUBLIC_CONCRETE_BUILDUP_FLUKA_0019,P003_PUBLIC_CONCRETE_BUILDUP_FLUKA,external_published_monte_carlo,photon,concrete,2.3,point-isotropic monoenergetic photon,,,ALHAGAISH2024_POINT_ISOTROPIC_CONCRETE,NOT_APPLICABLE,,20.0,,,3.0,,,,exposure_buildup_factor,1.76,dimensionless,,,FLUKA exposure buildup,PUBLISHED_MONTE_CARLO_REFERENCE_NOT_EXPERIMENT,Code-to-code/reference-physics benchmark.,doi:10.2478/lpts-2024-0002,P003_concrete_exposure_buildup_FLUKA.csv
P003_PUBLIC_CONCRETE_BUILDUP_FLUKA_0020,P003_PUBLIC_CONCRETE_BUILDUP_FLUKA,external_published_monte_carlo,photon,concrete,2.3,point-isotropic monoenergetic photon,,,ALHAGAISH2024_POINT_ISOTROPIC_CONCRETE,NOT_APPLICABLE,,20.0,,,4.0,,,,exposure_buildup_factor,1.99,dimensionless,,,FLUKA exposure buildup,PUBLISHED_MONTE_CARLO_REFERENCE_NOT_EXPERIMENT,Code-to-code/reference-physics benchmark.,doi:10.2478/lpts-2024-0002,P003_concrete_exposure_buildup_FLUKA.csv
P003_PUBLIC_CONCRETE_BUILDUP_FLUKA_0021,P003_PUBLIC_CONCRETE_BUILDUP_FLUKA,external_published_monte_carlo,photon,concrete,2.3,point-isotropic monoenergetic photon,,,ALHAGAISH2024_POINT_ISOTROPIC_CONCRETE,NOT_APPLICABLE,,20.0,,,5.0,,,,exposure_buildup_factor,2.23,dimensionless,,,FLUKA exposure buildup,PUBLISHED_MONTE_CARLO_REFERENCE_NOT_EXPERIMENT,Code-to-code/reference-physics benchmark.,doi:10.2478/lpts-2024-0002,P003_concrete_exposure_buildup_FLUKA.csv
P003_PUBLIC_CONCRETE_BUILDUP_FLUKA_0022,P003_PUBLIC_CONCRETE_BUILDUP_FLUKA,external_published_monte_carlo,photon,concrete,2.3,point-isotropic monoenergetic photon,,,ALHAGAISH2024_POINT_ISOTROPIC_CONCRETE,NOT_APPLICABLE,,20.0,,,6.0,,,,exposure_buildup_factor,2.48,dimensionless,,,FLUKA exposure buildup,PUBLISHED_MONTE_CARLO_REFERENCE_NOT_EXPERIMENT,Code-to-code/reference-physics benchmark.,doi:10.2478/lpts-2024-0002,P003_concrete_exposure_buildup_FLUKA.csv
P003_PUBLIC_CONCRETE_BUILDUP_FLUKA_0023,P003_PUBLIC_CONCRETE_BUILDUP_FLUKA,external_published_monte_carlo,photon,concrete,2.3,point-isotropic monoenergetic photon,,,ALHAGAISH2024_POINT_ISOTROPIC_CONCRETE,NOT_APPLICABLE,,20.0,,,7.0,,,,exposure_buildup_factor,2.73,dimensionless,,,FLUKA exposure buildup,PUBLISHED_MONTE_CARLO_REFERENCE_NOT_EXPERIMENT,Code-to-code/reference-physics benchmark.,doi:10.2478/lpts-2024-0002,P003_concrete_exposure_buildup_FLUKA.csv
P003_PUBLIC_CONCRETE_BUILDUP_FLUKA_0024,P003_PUBLIC_CONCRETE_BUILDUP_FLUKA,external_published_monte_carlo,photon,concrete,2.3,point-isotropic monoenergetic photon,,,ALHAGAISH2024_POINT_ISOTROPIC_CONCRETE,NOT_APPLICABLE,,20.0,,,8.0,,,,exposure_buildup_factor,2.99,dimensionless,,,FLUKA exposure buildup,PUBLISHED_MONTE_CARLO_REFERENCE_NOT_EXPERIMENT,Code-to-code/reference-physics benchmark.,doi:10.2478/lpts-2024-0002,P003_concrete_exposure_buildup_FLUKA.csv
P003_PUBLIC_CONCRETE_BUILDUP_FLUKA_0025,P003_PUBLIC_CONCRETE_BUILDUP_FLUKA,external_published_monte_carlo,photon,concrete,2.3,point-isotropic monoenergetic photon,,,ALHAGAISH2024_POINT_ISOTROPIC_CONCRETE,NOT_APPLICABLE,,20.0,,,10.0,,,,exposure_buildup_factor,3.51,dimensionless,,,FLUKA exposure buildup,PUBLISHED_MONTE_CARLO_REFERENCE_NOT_EXPERIMENT,Code-to-code/reference-physics benchmark.,doi:10.2478/lpts-2024-0002,P003_concrete_exposure_buildup_FLUKA.csv
P003_PUBLIC_CONCRETE_BUILDUP_FLUKA_0026,P003_PUBLIC_CONCRETE_BUILDUP_FLUKA,external_published_monte_carlo,photon,concrete,2.3,point-isotropic monoenergetic photon,,,ALHAGAISH2024_POINT_ISOTROPIC_CONCRETE,NOT_APPLICABLE,,20.0,,,15.0,,,,exposure_buildup_factor,4.98,dimensionless,,,FLUKA exposure buildup,PUBLISHED_MONTE_CARLO_REFERENCE_NOT_EXPERIMENT,Code-to-code/reference-physics benchmark.,doi:10.2478/lpts-2024-0002,P003_concrete_exposure_buildup_FLUKA.csv
P003_PUBLIC_CONCRETE_BUILDUP_FLUKA_0027,P003_PUBLIC_CONCRETE_BUILDUP_FLUKA,external_published_monte_carlo,photon,concrete,2.3,point-isotropic monoenergetic photon,,,ALHAGAISH2024_POINT_ISOTROPIC_CONCRETE,NOT_APPLICABLE,,20.0,,,20.0,,,,exposure_buildup_factor,6.63,dimensionless,,,FLUKA exposure buildup,PUBLISHED_MONTE_CARLO_REFERENCE_NOT_EXPERIMENT,Code-to-code/reference-physics benchmark.,doi:10.2478/lpts-2024-0002,P003_concrete_exposure_buildup_FLUKA.csv
P003_PUBLIC_CONCRETE_BUILDUP_FLUKA_0028,P003_PUBLIC_CONCRETE_BUILDUP_FLUKA,external_published_monte_carlo,photon,concrete,2.3,point-isotropic monoenergetic photon,,,ALHAGAISH2024_POINT_ISOTROPIC_CONCRETE,NOT_APPLICABLE,,20.0,,,25.0,,,,exposure_buildup_factor,8.34,dimensionless,,,FLUKA exposure buildup,PUBLISHED_MONTE_CARLO_REFERENCE_NOT_EXPERIMENT,Code-to-code/reference-physics benchmark.,doi:10.2478/lpts-2024-0002,P003_concrete_exposure_buildup_FLUKA.csv
P003_PUBLIC_CONCRETE_BUILDUP_FLUKA_0029,P003_PUBLIC_CONCRETE_BUILDUP_FLUKA,external_published_monte_carlo,photon,concrete,2.3,point-isotropic monoenergetic photon,,,ALHAGAISH2024_POINT_ISOTROPIC_CONCRETE,NOT_APPLICABLE,,20.0,,,30.0,,,,exposure_buildup_factor,9.11,dimensionless,,,FLUKA exposure buildup,PUBLISHED_MONTE_CARLO_REFERENCE_NOT_EXPERIMENT,Code-to-code/reference-physics benchmark.,doi:10.2478/lpts-2024-0002,P003_concrete_exposure_buildup_FLUKA.csv
P003_PUBLIC_CONCRETE_BUILDUP_FLUKA_0030,P003_PUBLIC_CONCRETE_BUILDUP_FLUKA,external_published_monte_carlo,photon,concrete,2.3,point-isotropic monoenergetic photon,,,ALHAGAISH2024_POINT_ISOTROPIC_CONCRETE,NOT_APPLICABLE,,30.0,,,0.25,,,,exposure_buildup_factor,1.1,dimensionless,,,FLUKA exposure buildup,PUBLISHED_MONTE_CARLO_REFERENCE_NOT_EXPERIMENT,Code-to-code/reference-physics benchmark.,doi:10.2478/lpts-2024-0002,P003_concrete_exposure_buildup_FLUKA.csv
P003_PUBLIC_CONCRETE_BUILDUP_FLUKA_0031,P003_PUBLIC_CONCRETE_BUILDUP_FLUKA,external_published_monte_carlo,photon,concrete,2.3,point-isotropic monoenergetic photon,,,ALHAGAISH2024_POINT_ISOTROPIC_CONCRETE,NOT_APPLICABLE,,30.0,,,0.5,,,,exposure_buildup_factor,1.19,dimensionless,,,FLUKA exposure buildup,PUBLISHED_MONTE_CARLO_REFERENCE_NOT_EXPERIMENT,Code-to-code/reference-physics benchmark.,doi:10.2478/lpts-2024-0002,P003_concrete_exposure_buildup_FLUKA.csv
P003_PUBLIC_CONCRETE_BUILDUP_FLUKA_0032,P003_PUBLIC_CONCRETE_BUILDUP_FLUKA,external_published_monte_carlo,photon,concrete,2.3,point-isotropic monoenergetic photon,,,ALHAGAISH2024_POINT_ISOTROPIC_CONCRETE,NOT_APPLICABLE,,30.0,,,1.0,,,,exposure_buildup_factor,1.35,dimensionless,,,FLUKA exposure buildup,PUBLISHED_MONTE_CARLO_REFERENCE_NOT_EXPERIMENT,Code-to-code/reference-physics benchmark.,doi:10.2478/lpts-2024-0002,P003_concrete_exposure_buildup_FLUKA.csv
P003_PUBLIC_CONCRETE_BUILDUP_FLUKA_0033,P003_PUBLIC_CONCRETE_BUILDUP_FLUKA,external_published_monte_carlo,photon,concrete,2.3,point-isotropic monoenergetic photon,,,ALHAGAISH2024_POINT_ISOTROPIC_CONCRETE,NOT_APPLICABLE,,30.0,,,2.0,,,,exposure_buildup_factor,1.62,dimensionless,,,FLUKA exposure buildup,PUBLISHED_MONTE_CARLO_REFERENCE_NOT_EXPERIMENT,Code-to-code/reference-physics benchmark.,doi:10.2478/lpts-2024-0002,P003_concrete_exposure_buildup_FLUKA.csv
P003_PUBLIC_CONCRETE_BUILDUP_FLUKA_0034,P003_PUBLIC_CONCRETE_BUILDUP_FLUKA,external_published_monte_carlo,photon,concrete,2.3,point-isotropic monoenergetic photon,,,ALHAGAISH2024_POINT_ISOTROPIC_CONCRETE,NOT_APPLICABLE,,30.0,,,3.0,,,,exposure_buildup_factor,1.89,dimensionless,,,FLUKA exposure buildup,PUBLISHED_MONTE_CARLO_REFERENCE_NOT_EXPERIMENT,Code-to-code/reference-physics benchmark.,doi:10.2478/lpts-2024-0002,P003_concrete_exposure_buildup_FLUKA.csv
P003_PUBLIC_CONCRETE_BUILDUP_FLUKA_0035,P003_PUBLIC_CONCRETE_BUILDUP_FLUKA,external_published_monte_carlo,photon,concrete,2.3,point-isotropic monoenergetic photon,,,ALHAGAISH2024_POINT_ISOTROPIC_CONCRETE,NOT_APPLICABLE,,30.0,,,4.0,,,,exposure_buildup_factor,2.16,dimensionless,,,FLUKA exposure buildup,PUBLISHED_MONTE_CARLO_REFERENCE_NOT_EXPERIMENT,Code-to-code/reference-physics benchmark.,doi:10.2478/lpts-2024-0002,P003_concrete_exposure_buildup_FLUKA.csv
P003_PUBLIC_CONCRETE_BUILDUP_FLUKA_0036,P003_PUBLIC_CONCRETE_BUILDUP_FLUKA,external_published_monte_carlo,photon,concrete,2.3,point-isotropic monoenergetic photon,,,ALHAGAISH2024_POINT_ISOTROPIC_CONCRETE,NOT_APPLICABLE,,30.0,,,5.0,,,,exposure_buildup_factor,2.44,dimensionless,,,FLUKA exposure buildup,PUBLISHED_MONTE_CARLO_REFERENCE_NOT_EXPERIMENT,Code-to-code/reference-physics benchmark.,doi:10.2478/lpts-2024-0002,P003_concrete_exposure_buildup_FLUKA.csv
P003_PUBLIC_CONCRETE_BUILDUP_FLUKA_0037,P003_PUBLIC_CONCRETE_BUILDUP_FLUKA,external_published_monte_carlo,photon,concrete,2.3,point-isotropic monoenergetic photon,,,ALHAGAISH2024_POINT_ISOTROPIC_CONCRETE,NOT_APPLICABLE,,30.0,,,6.0,,,,exposure_buildup_factor,2.72,dimensionless,,,FLUKA exposure buildup,PUBLISHED_MONTE_CARLO_REFERENCE_NOT_EXPERIMENT,Code-to-code/reference-physics benchmark.,doi:10.2478/lpts-2024-0002,P003_concrete_exposure_buildup_FLUKA.csv
P003_PUBLIC_CONCRETE_BUILDUP_FLUKA_0038,P003_PUBLIC_CONCRETE_BUILDUP_FLUKA,external_published_monte_carlo,photon,concrete,2.3,point-isotropic monoenergetic photon,,,ALHAGAISH2024_POINT_ISOTROPIC_CONCRETE,NOT_APPLICABLE,,30.0,,,7.0,,,,exposure_buildup_factor,3.02,dimensionless,,,FLUKA exposure buildup,PUBLISHED_MONTE_CARLO_REFERENCE_NOT_EXPERIMENT,Code-to-code/reference-physics benchmark.,doi:10.2478/lpts-2024-0002,P003_concrete_exposure_buildup_FLUKA.csv
P003_PUBLIC_CONCRETE_BUILDUP_FLUKA_0039,P003_PUBLIC_CONCRETE_BUILDUP_FLUKA,external_published_monte_carlo,photon,concrete,2.3,point-isotropic monoenergetic photon,,,ALHAGAISH2024_POINT_ISOTROPIC_CONCRETE,NOT_APPLICABLE,,30.0,,,8.0,,,,exposure_buildup_factor,3.42,dimensionless,,,FLUKA exposure buildup,PUBLISHED_MONTE_CARLO_REFERENCE_NOT_EXPERIMENT,Code-to-code/reference-physics benchmark.,doi:10.2478/lpts-2024-0002,P003_concrete_exposure_buildup_FLUKA.csv
P003_PUBLIC_CONCRETE_BUILDUP_FLUKA_0040,P003_PUBLIC_CONCRETE_BUILDUP_FLUKA,external_published_monte_carlo,photon,concrete,2.3,point-isotropic monoenergetic photon,,,ALHAGAISH2024_POINT_ISOTROPIC_CONCRETE,NOT_APPLICABLE,,30.0,,,10.0,,,,exposure_buildup_factor,3.97,dimensionless,,,FLUKA exposure buildup,PUBLISHED_MONTE_CARLO_REFERENCE_NOT_EXPERIMENT,Code-to-code/reference-physics benchmark.,doi:10.2478/lpts-2024-0002,P003_concrete_exposure_buildup_FLUKA.csv
P003_PUBLIC_CONCRETE_BUILDUP_FLUKA_0041,P003_PUBLIC_CONCRETE_BUILDUP_FLUKA,external_published_monte_carlo,photon,concrete,2.3,point-isotropic monoenergetic photon,,,ALHAGAISH2024_POINT_ISOTROPIC_CONCRETE,NOT_APPLICABLE,,30.0,,,15.0,,,,exposure_buildup_factor,5.87,dimensionless,,,FLUKA exposure buildup,PUBLISHED_MONTE_CARLO_REFERENCE_NOT_EXPERIMENT,Code-to-code/reference-physics benchmark.,doi:10.2478/lpts-2024-0002,P003_concrete_exposure_buildup_FLUKA.csv
P003_PUBLIC_CONCRETE_BUILDUP_FLUKA_0042,P003_PUBLIC_CONCRETE_BUILDUP_FLUKA,external_published_monte_carlo,photon,concrete,2.3,point-isotropic monoenergetic photon,,,ALHAGAISH2024_POINT_ISOTROPIC_CONCRETE,NOT_APPLICABLE,,30.0,,,20.0,,,,exposure_buildup_factor,8.12,dimensionless,,,FLUKA exposure buildup,PUBLISHED_MONTE_CARLO_REFERENCE_NOT_EXPERIMENT,Code-to-code/reference-physics benchmark.,doi:10.2478/lpts-2024-0002,P003_concrete_exposure_buildup_FLUKA.csv
P003_PUBLIC_CONCRETE_BUILDUP_FLUKA_0043,P003_PUBLIC_CONCRETE_BUILDUP_FLUKA,external_published_monte_carlo,photon,concrete,2.3,point-isotropic monoenergetic photon,,,ALHAGAISH2024_POINT_ISOTROPIC_CONCRETE,NOT_APPLICABLE,,30.0,,,25.0,,,,exposure_buildup_factor,11.38,dimensionless,,,FLUKA exposure buildup,PUBLISHED_MONTE_CARLO_REFERENCE_NOT_EXPERIMENT,Code-to-code/reference-physics benchmark.,doi:10.2478/lpts-2024-0002,P003_concrete_exposure_buildup_FLUKA.csv
P003_PUBLIC_CONCRETE_BUILDUP_FLUKA_0044,P003_PUBLIC_CONCRETE_BUILDUP_FLUKA,external_published_monte_carlo,photon,concrete,2.3,point-isotropic monoenergetic photon,,,ALHAGAISH2024_POINT_ISOTROPIC_CONCRETE,NOT_APPLICABLE,,30.0,,,30.0,,,,exposure_buildup_factor,14.81,dimensionless,,,FLUKA exposure buildup,PUBLISHED_MONTE_CARLO_REFERENCE_NOT_EXPERIMENT,Code-to-code/reference-physics benchmark.,doi:10.2478/lpts-2024-0002,P003_concrete_exposure_buildup_FLUKA.csv
P003_PUBLIC_CONCRETE_BUILDUP_FLUKA_0045,P003_PUBLIC_CONCRETE_BUILDUP_FLUKA,external_published_monte_carlo,photon,concrete,2.3,point-isotropic monoenergetic photon,,,ALHAGAISH2024_POINT_ISOTROPIC_CONCRETE,NOT_APPLICABLE,,40.0,,,0.25,,,,exposure_buildup_factor,1.1,dimensionless,,,FLUKA exposure buildup,PUBLISHED_MONTE_CARLO_REFERENCE_NOT_EXPERIMENT,Code-to-code/reference-physics benchmark.,doi:10.2478/lpts-2024-0002,P003_concrete_exposure_buildup_FLUKA.csv
P003_PUBLIC_CONCRETE_BUILDUP_FLUKA_0046,P003_PUBLIC_CONCRETE_BUILDUP_FLUKA,external_published_monte_carlo,photon,concrete,2.3,point-isotropic monoenergetic photon,,,ALHAGAISH2024_POINT_ISOTROPIC_CONCRETE,NOT_APPLICABLE,,40.0,,,0.5,,,,exposure_buildup_factor,1.19,dimensionless,,,FLUKA exposure buildup,PUBLISHED_MONTE_CARLO_REFERENCE_NOT_EXPERIMENT,Code-to-code/reference-physics benchmark.,doi:10.2478/lpts-2024-0002,P003_concrete_exposure_buildup_FLUKA.csv
P003_PUBLIC_CONCRETE_BUILDUP_FLUKA_0047,P003_PUBLIC_CONCRETE_BUILDUP_FLUKA,external_published_monte_carlo,photon,concrete,2.3,point-isotropic monoenergetic photon,,,ALHAGAISH2024_POINT_ISOTROPIC_CONCRETE,NOT_APPLICABLE,,40.0,,,1.0,,,,exposure_buildup_factor,1.36,dimensionless,,,FLUKA exposure buildup,PUBLISHED_MONTE_CARLO_REFERENCE_NOT_EXPERIMENT,Code-to-code/reference-physics benchmark.,doi:10.2478/lpts-2024-0002,P003_concrete_exposure_buildup_FLUKA.csv
P003_PUBLIC_CONCRETE_BUILDUP_FLUKA_0048,P003_PUBLIC_CONCRETE_BUILDUP_FLUKA,external_published_monte_carlo,photon,concrete,2.3,point-isotropic monoenergetic photon,,,ALHAGAISH2024_POINT_ISOTROPIC_CONCRETE,NOT_APPLICABLE,,40.0,,,2.0,,,,exposure_buildup_factor,1.66,dimensionless,,,FLUKA exposure buildup,PUBLISHED_MONTE_CARLO_REFERENCE_NOT_EXPERIMENT,Code-to-code/reference-physics benchmark.,doi:10.2478/lpts-2024-0002,P003_concrete_exposure_buildup_FLUKA.csv
P003_PUBLIC_CONCRETE_BUILDUP_FLUKA_0049,P003_PUBLIC_CONCRETE_BUILDUP_FLUKA,external_published_monte_carlo,photon,concrete,2.3,point-isotropic monoenergetic photon,,,ALHAGAISH2024_POINT_ISOTROPIC_CONCRETE,NOT_APPLICABLE,,40.0,,,3.0,,,,exposure_buildup_factor,1.95,dimensionless,,,FLUKA exposure buildup,PUBLISHED_MONTE_CARLO_REFERENCE_NOT_EXPERIMENT,Code-to-code/reference-physics benchmark.,doi:10.2478/lpts-2024-0002,P003_concrete_exposure_buildup_FLUKA.csv
P003_PUBLIC_CONCRETE_BUILDUP_FLUKA_0050,P003_PUBLIC_CONCRETE_BUILDUP_FLUKA,external_published_monte_carlo,photon,concrete,2.3,point-isotropic monoenergetic photon,,,ALHAGAISH2024_POINT_ISOTROPIC_CONCRETE,NOT_APPLICABLE,,40.0,,,4.0,,,,exposure_buildup_factor,2.26,dimensionless,,,FLUKA exposure buildup,PUBLISHED_MONTE_CARLO_REFERENCE_NOT_EXPERIMENT,Code-to-code/reference-physics benchmark.,doi:10.2478/lpts-2024-0002,P003_concrete_exposure_buildup_FLUKA.csv
P003_PUBLIC_CONCRETE_BUILDUP_FLUKA_0051,P003_PUBLIC_CONCRETE_BUILDUP_FLUKA,external_published_monte_carlo,photon,concrete,2.3,point-isotropic monoenergetic photon,,,ALHAGAISH2024_POINT_ISOTROPIC_CONCRETE,NOT_APPLICABLE,,40.0,,,5.0,,,,exposure_buildup_factor,2.55,dimensionless,,,FLUKA exposure buildup,PUBLISHED_MONTE_CARLO_REFERENCE_NOT_EXPERIMENT,Code-to-code/reference-physics benchmark.,doi:10.2478/lpts-2024-0002,P003_concrete_exposure_buildup_FLUKA.csv
P003_PUBLIC_CONCRETE_BUILDUP_FLUKA_0052,P003_PUBLIC_CONCRETE_BUILDUP_FLUKA,external_published_monte_carlo,photon,concrete,2.3,point-isotropic monoenergetic photon,,,ALHAGAISH2024_POINT_ISOTROPIC_CONCRETE,NOT_APPLICABLE,,40.0,,,6.0,,,,exposure_buildup_factor,2.88,dimensionless,,,FLUKA exposure buildup,PUBLISHED_MONTE_CARLO_REFERENCE_NOT_EXPERIMENT,Code-to-code/reference-physics benchmark.,doi:10.2478/lpts-2024-0002,P003_concrete_exposure_buildup_FLUKA.csv
P003_PUBLIC_CONCRETE_BUILDUP_FLUKA_0053,P003_PUBLIC_CONCRETE_BUILDUP_FLUKA,external_published_monte_carlo,photon,concrete,2.3,point-isotropic monoenergetic photon,,,ALHAGAISH2024_POINT_ISOTROPIC_CONCRETE,NOT_APPLICABLE,,40.0,,,7.0,,,,exposure_buildup_factor,3.21,dimensionless,,,FLUKA exposure buildup,PUBLISHED_MONTE_CARLO_REFERENCE_NOT_EXPERIMENT,Code-to-code/reference-physics benchmark.,doi:10.2478/lpts-2024-0002,P003_concrete_exposure_buildup_FLUKA.csv
P003_PUBLIC_CONCRETE_BUILDUP_FLUKA_0054,P003_PUBLIC_CONCRETE_BUILDUP_FLUKA,external_published_monte_carlo,photon,concrete,2.3,point-isotropic monoenergetic photon,,,ALHAGAISH2024_POINT_ISOTROPIC_CONCRETE,NOT_APPLICABLE,,40.0,,,8.0,,,,exposure_buildup_factor,3.73,dimensionless,,,FLUKA exposure buildup,PUBLISHED_MONTE_CARLO_REFERENCE_NOT_EXPERIMENT,Code-to-code/reference-physics benchmark.,doi:10.2478/lpts-2024-0002,P003_concrete_exposure_buildup_FLUKA.csv
P003_PUBLIC_CONCRETE_BUILDUP_FLUKA_0055,P003_PUBLIC_CONCRETE_BUILDUP_FLUKA,external_published_monte_carlo,photon,concrete,2.3,point-isotropic monoenergetic photon,,,ALHAGAISH2024_POINT_ISOTROPIC_CONCRETE,NOT_APPLICABLE,,40.0,,,10.0,,,,exposure_buildup_factor,4.3,dimensionless,,,FLUKA exposure buildup,PUBLISHED_MONTE_CARLO_REFERENCE_NOT_EXPERIMENT,Code-to-code/reference-physics benchmark.,doi:10.2478/lpts-2024-0002,P003_concrete_exposure_buildup_FLUKA.csv
P003_PUBLIC_CONCRETE_BUILDUP_FLUKA_0056,P003_PUBLIC_CONCRETE_BUILDUP_FLUKA,external_published_monte_carlo,photon,concrete,2.3,point-isotropic monoenergetic photon,,,ALHAGAISH2024_POINT_ISOTROPIC_CONCRETE,NOT_APPLICABLE,,40.0,,,15.0,,,,exposure_buildup_factor,6.51,dimensionless,,,FLUKA exposure buildup,PUBLISHED_MONTE_CARLO_REFERENCE_NOT_EXPERIMENT,Code-to-code/reference-physics benchmark.,doi:10.2478/lpts-2024-0002,P003_concrete_exposure_buildup_FLUKA.csv
P003_PUBLIC_CONCRETE_BUILDUP_FLUKA_0057,P003_PUBLIC_CONCRETE_BUILDUP_FLUKA,external_published_monte_carlo,photon,concrete,2.3,point-isotropic monoenergetic photon,,,ALHAGAISH2024_POINT_ISOTROPIC_CONCRETE,NOT_APPLICABLE,,40.0,,,20.0,,,,exposure_buildup_factor,9.32,dimensionless,,,FLUKA exposure buildup,PUBLISHED_MONTE_CARLO_REFERENCE_NOT_EXPERIMENT,Code-to-code/reference-physics benchmark.,doi:10.2478/lpts-2024-0002,P003_concrete_exposure_buildup_FLUKA.csv
P003_PUBLIC_CONCRETE_BUILDUP_FLUKA_0058,P003_PUBLIC_CONCRETE_BUILDUP_FLUKA,external_published_monte_carlo,photon,concrete,2.3,point-isotropic monoenergetic photon,,,ALHAGAISH2024_POINT_ISOTROPIC_CONCRETE,NOT_APPLICABLE,,40.0,,,25.0,,,,exposure_buildup_factor,12.77,dimensionless,,,FLUKA exposure buildup,PUBLISHED_MONTE_CARLO_REFERENCE_NOT_EXPERIMENT,Code-to-code/reference-physics benchmark.,doi:10.2478/lpts-2024-0002,P003_concrete_exposure_buildup_FLUKA.csv
P003_PUBLIC_CONCRETE_BUILDUP_FLUKA_0059,P003_PUBLIC_CONCRETE_BUILDUP_FLUKA,external_published_monte_carlo,photon,concrete,2.3,point-isotropic monoenergetic photon,,,ALHAGAISH2024_POINT_ISOTROPIC_CONCRETE,NOT_APPLICABLE,,40.0,,,30.0,,,,exposure_buildup_factor,17.58,dimensionless,,,FLUKA exposure buildup,PUBLISHED_MONTE_CARLO_REFERENCE_NOT_EXPERIMENT,Code-to-code/reference-physics benchmark.,doi:10.2478/lpts-2024-0002,P003_concrete_exposure_buildup_FLUKA.csv
P003_PUBLIC_CONCRETE_BUILDUP_FLUKA_0060,P003_PUBLIC_CONCRETE_BUILDUP_FLUKA,external_published_monte_carlo,photon,concrete,2.3,point-isotropic monoenergetic photon,,,ALHAGAISH2024_POINT_ISOTROPIC_CONCRETE,NOT_APPLICABLE,,50.0,,,0.25,,,,exposure_buildup_factor,1.1,dimensionless,,,FLUKA exposure buildup,PUBLISHED_MONTE_CARLO_REFERENCE_NOT_EXPERIMENT,Code-to-code/reference-physics benchmark.,doi:10.2478/lpts-2024-0002,P003_concrete_exposure_buildup_FLUKA.csv
P003_PUBLIC_CONCRETE_BUILDUP_FLUKA_0061,P003_PUBLIC_CONCRETE_BUILDUP_FLUKA,external_published_monte_carlo,photon,concrete,2.3,point-isotropic monoenergetic photon,,,ALHAGAISH2024_POINT_ISOTROPIC_CONCRETE,NOT_APPLICABLE,,50.0,,,0.5,,,,exposure_buildup_factor,1.2,dimensionless,,,FLUKA exposure buildup,PUBLISHED_MONTE_CARLO_REFERENCE_NOT_EXPERIMENT,Code-to-code/reference-physics benchmark.,doi:10.2478/lpts-2024-0002,P003_concrete_exposure_buildup_FLUKA.csv
P003_PUBLIC_CONCRETE_BUILDUP_FLUKA_0062,P003_PUBLIC_CONCRETE_BUILDUP_FLUKA,external_published_monte_carlo,photon,concrete,2.3,point-isotropic monoenergetic photon,,,ALHAGAISH2024_POINT_ISOTROPIC_CONCRETE,NOT_APPLICABLE,,50.0,,,1.0,,,,exposure_buildup_factor,1.37,dimensionless,,,FLUKA exposure buildup,PUBLISHED_MONTE_CARLO_REFERENCE_NOT_EXPERIMENT,Code-to-code/reference-physics benchmark.,doi:10.2478/lpts-2024-0002,P003_concrete_exposure_buildup_FLUKA.csv
P003_PUBLIC_CONCRETE_BUILDUP_FLUKA_0063,P003_PUBLIC_CONCRETE_BUILDUP_FLUKA,external_published_monte_carlo,photon,concrete,2.3,point-isotropic monoenergetic photon,,,ALHAGAISH2024_POINT_ISOTROPIC_CONCRETE,NOT_APPLICABLE,,50.0,,,2.0,,,,exposure_buildup_factor,1.72,dimensionless,,,FLUKA exposure buildup,PUBLISHED_MONTE_CARLO_REFERENCE_NOT_EXPERIMENT,Code-to-code/reference-physics benchmark.,doi:10.2478/lpts-2024-0002,P003_concrete_exposure_buildup_FLUKA.csv
P003_PUBLIC_CONCRETE_BUILDUP_FLUKA_0064,P003_PUBLIC_CONCRETE_BUILDUP_FLUKA,external_published_monte_carlo,photon,concrete,2.3,point-isotropic monoenergetic photon,,,ALHAGAISH2024_POINT_ISOTROPIC_CONCRETE,NOT_APPLICABLE,,50.0,,,3.0,,,,exposure_buildup_factor,2.05,dimensionless,,,FLUKA exposure buildup,PUBLISHED_MONTE_CARLO_REFERENCE_NOT_EXPERIMENT,Code-to-code/reference-physics benchmark.,doi:10.2478/lpts-2024-0002,P003_concrete_exposure_buildup_FLUKA.csv
P003_PUBLIC_CONCRETE_BUILDUP_FLUKA_0065,P003_PUBLIC_CONCRETE_BUILDUP_FLUKA,external_published_monte_carlo,photon,concrete,2.3,point-isotropic monoenergetic photon,,,ALHAGAISH2024_POINT_ISOTROPIC_CONCRETE,NOT_APPLICABLE,,50.0,,,4.0,,,,exposure_buildup_factor,2.42,dimensionless,,,FLUKA exposure buildup,PUBLISHED_MONTE_CARLO_REFERENCE_NOT_EXPERIMENT,Code-to-code/reference-physics benchmark.,doi:10.2478/lpts-2024-0002,P003_concrete_exposure_buildup_FLUKA.csv
P003_PUBLIC_CONCRETE_BUILDUP_FLUKA_0066,P003_PUBLIC_CONCRETE_BUILDUP_FLUKA,external_published_monte_carlo,photon,concrete,2.3,point-isotropic monoenergetic photon,,,ALHAGAISH2024_POINT_ISOTROPIC_CONCRETE,NOT_APPLICABLE,,50.0,,,5.0,,,,exposure_buildup_factor,2.79,dimensionless,,,FLUKA exposure buildup,PUBLISHED_MONTE_CARLO_REFERENCE_NOT_EXPERIMENT,Code-to-code/reference-physics benchmark.,doi:10.2478/lpts-2024-0002,P003_concrete_exposure_buildup_FLUKA.csv
P003_PUBLIC_CONCRETE_BUILDUP_FLUKA_0067,P003_PUBLIC_CONCRETE_BUILDUP_FLUKA,external_published_monte_carlo,photon,concrete,2.3,point-isotropic monoenergetic photon,,,ALHAGAISH2024_POINT_ISOTROPIC_CONCRETE,NOT_APPLICABLE,,50.0,,,6.0,,,,exposure_buildup_factor,3.22,dimensionless,,,FLUKA exposure buildup,PUBLISHED_MONTE_CARLO_REFERENCE_NOT_EXPERIMENT,Code-to-code/reference-physics benchmark.,doi:10.2478/lpts-2024-0002,P003_concrete_exposure_buildup_FLUKA.csv
P003_PUBLIC_CONCRETE_BUILDUP_FLUKA_0068,P003_PUBLIC_CONCRETE_BUILDUP_FLUKA,external_published_monte_carlo,photon,concrete,2.3,point-isotropic monoenergetic photon,,,ALHAGAISH2024_POINT_ISOTROPIC_CONCRETE,NOT_APPLICABLE,,50.0,,,7.0,,,,exposure_buildup_factor,3.65,dimensionless,,,FLUKA exposure buildup,PUBLISHED_MONTE_CARLO_REFERENCE_NOT_EXPERIMENT,Code-to-code/reference-physics benchmark.,doi:10.2478/lpts-2024-0002,P003_concrete_exposure_buildup_FLUKA.csv
P003_PUBLIC_CONCRETE_BUILDUP_FLUKA_0069,P003_PUBLIC_CONCRETE_BUILDUP_FLUKA,external_published_monte_carlo,photon,concrete,2.3,point-isotropic monoenergetic photon,,,ALHAGAISH2024_POINT_ISOTROPIC_CONCRETE,NOT_APPLICABLE,,50.0,,,8.0,,,,exposure_buildup_factor,4.13,dimensionless,,,FLUKA exposure buildup,PUBLISHED_MONTE_CARLO_REFERENCE_NOT_EXPERIMENT,Code-to-code/reference-physics benchmark.,doi:10.2478/lpts-2024-0002,P003_concrete_exposure_buildup_FLUKA.csv
P003_PUBLIC_CONCRETE_BUILDUP_FLUKA_0070,P003_PUBLIC_CONCRETE_BUILDUP_FLUKA,external_published_monte_carlo,photon,concrete,2.3,point-isotropic monoenergetic photon,,,ALHAGAISH2024_POINT_ISOTROPIC_CONCRETE,NOT_APPLICABLE,,50.0,,,10.0,,,,exposure_buildup_factor,5.19,dimensionless,,,FLUKA exposure buildup,PUBLISHED_MONTE_CARLO_REFERENCE_NOT_EXPERIMENT,Code-to-code/reference-physics benchmark.,doi:10.2478/lpts-2024-0002,P003_concrete_exposure_buildup_FLUKA.csv
P003_PUBLIC_CONCRETE_BUILDUP_FLUKA_0071,P003_PUBLIC_CONCRETE_BUILDUP_FLUKA,external_published_monte_carlo,photon,concrete,2.3,point-isotropic monoenergetic photon,,,ALHAGAISH2024_POINT_ISOTROPIC_CONCRETE,NOT_APPLICABLE,,50.0,,,15.0,,,,exposure_buildup_factor,8.61,dimensionless,,,FLUKA exposure buildup,PUBLISHED_MONTE_CARLO_REFERENCE_NOT_EXPERIMENT,Code-to-code/reference-physics benchmark.,doi:10.2478/lpts-2024-0002,P003_concrete_exposure_buildup_FLUKA.csv
P003_PUBLIC_CONCRETE_BUILDUP_FLUKA_0072,P003_PUBLIC_CONCRETE_BUILDUP_FLUKA,external_published_monte_carlo,photon,concrete,2.3,point-isotropic monoenergetic photon,,,ALHAGAISH2024_POINT_ISOTROPIC_CONCRETE,NOT_APPLICABLE,,50.0,,,20.0,,,,exposure_buildup_factor,13.68,dimensionless,,,FLUKA exposure buildup,PUBLISHED_MONTE_CARLO_REFERENCE_NOT_EXPERIMENT,Code-to-code/reference-physics benchmark.,doi:10.2478/lpts-2024-0002,P003_concrete_exposure_buildup_FLUKA.csv
P003_PUBLIC_CONCRETE_BUILDUP_FLUKA_0073,P003_PUBLIC_CONCRETE_BUILDUP_FLUKA,external_published_monte_carlo,photon,concrete,2.3,point-isotropic monoenergetic photon,,,ALHAGAISH2024_POINT_ISOTROPIC_CONCRETE,NOT_APPLICABLE,,50.0,,,25.0,,,,exposure_buildup_factor,20.54,dimensionless,,,FLUKA exposure buildup,PUBLISHED_MONTE_CARLO_REFERENCE_NOT_EXPERIMENT,Code-to-code/reference-physics benchmark.,doi:10.2478/lpts-2024-0002,P003_concrete_exposure_buildup_FLUKA.csv
P003_PUBLIC_CONCRETE_BUILDUP_FLUKA_0074,P003_PUBLIC_CONCRETE_BUILDUP_FLUKA,external_published_monte_carlo,photon,concrete,2.3,point-isotropic monoenergetic photon,,,ALHAGAISH2024_POINT_ISOTROPIC_CONCRETE,NOT_APPLICABLE,,50.0,,,30.0,,,,exposure_buildup_factor,27.46,dimensionless,,,FLUKA exposure buildup,PUBLISHED_MONTE_CARLO_REFERENCE_NOT_EXPERIMENT,Code-to-code/reference-physics benchmark.,doi:10.2478/lpts-2024-0002,P003_concrete_exposure_buildup_FLUKA.csv
C001_IAEA_H1_CAPTURE_GAMMA_000,C001_IAEA_H1_CAPTURE_GAMMA,evaluated_nuclear_data,capture_gamma,1H,,thermal neutron capture on hydrogen,,,IAEA_PGAA_H1_THERMAL_CAPTURE,NOT_APPLICABLE,,2.22325,,,,,,,partial_gamma_production_cross_section,0.3326,barn,0.0007,,evaluated prompt gamma line,OK,,IAEA INDC(NDS)-443 / PGAA evaluated prompt-gamma data,C001_H1_capture_gamma.csv
PN001_PUBLIC_TUNGSTEN_PHOTONEUTRON_000,PN001_PUBLIC_TUNGSTEN_PHOTONEUTRON,external_published_monte_carlo,photoneutron,natural tungsten,,thick-target electron irradiation,,,PUBLISHED_GEANT411_THICK_NATW,PER_INCIDENT_ELECTRON,,20.0,,,,,,,photoneutron_yield,0.00285,n/electron,,,thick-target reaction yield,PUBLISHED_MONTE_CARLO_REFERENCE_NOT_EXPERIMENT,External Geant4 code-to-code benchmark.,doi:10.3390/ma15217674,PN001_tungsten_photoneutron_yield.csv
PN001_PUBLIC_TUNGSTEN_PHOTONEUTRON_001,PN001_PUBLIC_TUNGSTEN_PHOTONEUTRON,external_published_monte_carlo,photoneutron,natural tungsten,,thick-target electron irradiation,,,PUBLISHED_GEANT411_THICK_NATW,PER_INCIDENT_ELECTRON,,50.0,,,,,,,photoneutron_yield,0.0158,n/electron,,,thick-target reaction yield,PUBLISHED_MONTE_CARLO_REFERENCE_NOT_EXPERIMENT,External Geant4 code-to-code benchmark.,doi:10.3390/ma15217674,PN001_tungsten_photoneutron_yield.csv
PN001_PUBLIC_TUNGSTEN_PHOTONEUTRON_002,PN001_PUBLIC_TUNGSTEN_PHOTONEUTRON,external_published_monte_carlo,photoneutron,natural tungsten,,thick-target electron irradiation,,,PUBLISHED_GEANT411_THICK_NATW,PER_INCIDENT_ELECTRON,,100.0,,,,,,,photoneutron_yield,0.0347,n/electron,,,thick-target reaction yield,PUBLISHED_MONTE_CARLO_REFERENCE_NOT_EXPERIMENT,External Geant4 code-to-code benchmark.,doi:10.3390/ma15217674,PN001_tungsten_photoneutron_yield.csv
