Omega,K,proportion_fixed_point_locked
0.0,0.0,1.0
0.0196078431372549,0.0,0.0
0.0392156862745098,0.0,0.0
0.058823529411764705,0.0,0.0
0.0784313725490196,0.0,0.0
0.09803921568627451,0.0,0.0
0.11764705882352941,0.0,0.0
0.13725490196078433,0.0,0.0
0.1568627450980392,0.0,0.0
0.1764705882352941,0.0,0.0
0.19607843137254902,0.0,0.0
0.21568627450980393,0.0,0.0
0.23529411764705882,0.0,0.0
0.2549019607843137,0.0,0.0
0.27450980392156865,0.0,0.0
0.29411764705882354,0.0,0.0
0.3137254901960784,0.0,0.0
0.3333333333333333,0.0,0.0
0.3529411764705882,0.0,0.0
0.37254901960784315,0.0,0.0
0.39215686274509803,0.0,0.0
0.4117647058823529,0.0,0.0
0.43137254901960786,0.0,0.0
0.45098039215686275,0.0,0.0
0.47058823529411764,0.0,0.0
0.49019607843137253,0.0,0.0
0.5098039215686274,0.0,0.0
0.5294117647058824,0.0,0.0
0.5490196078431373,0.0,0.0
0.5686274509803921,0.0,0.0
0.5882352941176471,0.0,0.0
0.6078431372549019,0.0,0.0
0.6274509803921569,0.0,0.0
0.6470588235294118,0.0,0.0
0.6666666666666666,0.0,0.0
0.6862745098039216,0.0,0.0
0.7058823529411764,0.0,0.0
0.7254901960784313,0.0,0.0
0.7450980392156863,0.0,0.0
0.7647058823529411,0.0,0.0
0.7843137254901961,0.0,0.0
0.803921568627451,0.0,0.0
0.8235294117647058,0.0,0.0
0.8431372549019608,0.0,0.0
0.8627450980392157,0.0,0.0
0.8823529411764706,0.0,0.0
0.9019607843137255,0.0,0.0
0.9215686274509803,0.0,0.0
0.9411764705882353,0.0,0.0
0.9607843137254902,0.0,0.0
0.9803921568627451,0.0,0.0
1.0,0.0,1.0
0.0,0.24639942381096416,0.013714285714285714
0.0196078431372549,0.24639942381096416,0.0017142857142857142
0.0392156862745098,0.24639942381096416,0.0005714285714285715
0.058823529411764705,0.24639942381096416,0.0
0.0784313725490196,0.24639942381096416,0.0
0.09803921568627451,0.24639942381096416,0.0
0.11764705882352941,0.24639942381096416,0.0
0.13725490196078433,0.24639942381096416,0.0
0.1568627450980392,0.24639942381096416,0.0
0.1764705882352941,0.24639942381096416,0.0
0.19607843137254902,0.24639942381096416,0.0
0.21568627450980393,0.24639942381096416,0.0
0.23529411764705882,0.24639942381096416,0.0
0.2549019607843137,0.24639942381096416,0.0
0.27450980392156865,0.24639942381096416,0.0
0.29411764705882354,0.24639942381096416,0.0
0.3137254901960784,0.24639942381096416,0.0
0.3333333333333333,0.24639942381096416,0.0
0.3529411764705882,0.24639942381096416,0.0
0.37254901960784315,0.24639942381096416,0.0
0.39215686274509803,0.24639942381096416,0.0
0.4117647058823529,0.24639942381096416,0.0
0.43137254901960786,0.24639942381096416,0.0
0.45098039215686275,0.24639942381096416,0.0
0.47058823529411764,0.24639942381096416,0.0
0.49019607843137253,0.24639942381096416,0.0
0.5098039215686274,0.24639942381096416,0.0
0.5294117647058824,0.24639942381096416,0.0
0.5490196078431373,0.24639942381096416,0.0
0.5686274509803921,0.24639942381096416,0.0
0.5882352941176471,0.24639942381096416,0.0
0.6078431372549019,0.24639942381096416,0.0
0.6274509803921569,0.24639942381096416,0.0
0.6470588235294118,0.24639942381096416,0.0
0.6666666666666666,0.24639942381096416,0.0
0.6862745098039216,0.24639942381096416,0.0
0.7058823529411764,0.24639942381096416,0.0
0.7254901960784313,0.24639942381096416,0.0
0.7450980392156863,0.24639942381096416,0.0
0.7647058823529411,0.24639942381096416,0.0
0.7843137254901961,0.24639942381096416,0.0
0.803921568627451,0.24639942381096416,0.0
0.8235294117647058,0.24639942381096416,0.0
0.8431372549019608,0.24639942381096416,0.0
0.8627450980392157,0.24639942381096416,0.0
0.8823529411764706,0.24639942381096416,0.0
0.9019607843137255,0.24639942381096416,0.0
0.9215686274509803,0.24639942381096416,0.0
0.9411764705882353,0.24639942381096416,0.0
0.9607843137254902,0.24639942381096416,0.001142857142857143
0.9803921568627451,0.24639942381096416,0.005714285714285714
1.0,0.24639942381096416,0.013714285714285714
0.0,0.4927988476219283,0.9805714285714285
0.0196078431372549,0.4927988476219283,0.9657142857142857
0.0392156862745098,0.4927988476219283,0.8965714285714286
0.058823529411764705,0.4927988476219283,0.12171428571428572
0.0784313725490196,0.4927988476219283,0.0005714285714285715
0.09803921568627451,0.4927988476219283,0.0
0.11764705882352941,0.4927988476219283,0.0
0.13725490196078433,0.4927988476219283,0.0
0.1568627450980392,0.4927988476219283,0.0
0.1764705882352941,0.4927988476219283,0.0
0.19607843137254902,0.4927988476219283,0.0
0.21568627450980393,0.4927988476219283,0.0
0.23529411764705882,0.4927988476219283,0.0
0.2549019607843137,0.4927988476219283,0.0
0.27450980392156865,0.4927988476219283,0.0
0.29411764705882354,0.4927988476219283,0.0
0.3137254901960784,0.4927988476219283,0.0
0.3333333333333333,0.4927988476219283,0.0
0.3529411764705882,0.4927988476219283,0.0
0.37254901960784315,0.4927988476219283,0.0
0.39215686274509803,0.4927988476219283,0.0
0.4117647058823529,0.4927988476219283,0.0
0.43137254901960786,0.4927988476219283,0.0
0.45098039215686275,0.4927988476219283,0.0
0.47058823529411764,0.4927988476219283,0.0
0.49019607843137253,0.4927988476219283,0.0
0.5098039215686274,0.4927988476219283,0.0
0.5294117647058824,0.4927988476219283,0.0
0.5490196078431373,0.4927988476219283,0.0
0.5686274509803921,0.4927988476219283,0.0
0.5882352941176471,0.4927988476219283,0.0
0.6078431372549019,0.4927988476219283,0.0
0.6274509803921569,0.4927988476219283,0.0
0.6470588235294118,0.4927988476219283,0.0
0.6666666666666666,0.4927988476219283,0.0
0.6862745098039216,0.4927988476219283,0.0
0.7058823529411764,0.4927988476219283,0.0
0.7254901960784313,0.4927988476219283,0.0
0.7450980392156863,0.4927988476219283,0.0
0.7647058823529411,0.4927988476219283,0.0
0.7843137254901961,0.4927988476219283,0.0
0.803921568627451,0.4927988476219283,0.0
0.8235294117647058,0.4927988476219283,0.0
0.8431372549019608,0.4927988476219283,0.0
0.8627450980392157,0.4927988476219283,0.0
0.8823529411764706,0.4927988476219283,0.0
0.9019607843137255,0.4927988476219283,0.0
0.9215686274509803,0.4927988476219283,0.001142857142857143
0.9411764705882353,0.4927988476219283,0.20971428571428571
0.9607843137254902,0.4927988476219283,0.904
0.9803921568627451,0.4927988476219283,0.9685714285714285
1.0,0.4927988476219283,0.9805714285714285
0.0,0.7391982714328925,1.0
0.0196078431372549,0.7391982714328925,1.0
0.0392156862745098,0.7391982714328925,1.0
0.058823529411764705,0.7391982714328925,1.0
0.0784313725490196,0.7391982714328925,0.9948571428571429
0.09803921568627451,0.7391982714328925,0.9142857142857143
0.11764705882352941,0.7391982714328925,0.0005714285714285715
0.13725490196078433,0.7391982714328925,0.0
0.1568627450980392,0.7391982714328925,0.0
0.1764705882352941,0.7391982714328925,0.0
0.19607843137254902,0.7391982714328925,0.0
0.21568627450980393,0.7391982714328925,0.0
0.23529411764705882,0.7391982714328925,0.0
0.2549019607843137,0.7391982714328925,0.0
0.27450980392156865,0.7391982714328925,0.0
0.29411764705882354,0.7391982714328925,0.0
0.3137254901960784,0.7391982714328925,0.0
0.3333333333333333,0.7391982714328925,0.0
0.3529411764705882,0.7391982714328925,0.0
0.37254901960784315,0.7391982714328925,0.0
0.39215686274509803,0.7391982714328925,0.0
0.4117647058823529,0.7391982714328925,0.0
0.43137254901960786,0.7391982714328925,0.0
0.45098039215686275,0.7391982714328925,0.0
0.47058823529411764,0.7391982714328925,0.0
0.49019607843137253,0.7391982714328925,0.0
0.5098039215686274,0.7391982714328925,0.0
0.5294117647058824,0.7391982714328925,0.0
0.5490196078431373,0.7391982714328925,0.0
0.5686274509803921,0.7391982714328925,0.0
0.5882352941176471,0.7391982714328925,0.0
0.6078431372549019,0.7391982714328925,0.0
0.6274509803921569,0.7391982714328925,0.0
0.6470588235294118,0.7391982714328925,0.0
0.6666666666666666,0.7391982714328925,0.0
0.6862745098039216,0.7391982714328925,0.0
0.7058823529411764,0.7391982714328925,0.0
0.7254901960784313,0.7391982714328925,0.0
0.7450980392156863,0.7391982714328925,0.0
0.7647058823529411,0.7391982714328925,0.0
0.7843137254901961,0.7391982714328925,0.0
0.803921568627451,0.7391982714328925,0.0
0.8235294117647058,0.7391982714328925,0.0
0.8431372549019608,0.7391982714328925,0.0
0.8627450980392157,0.7391982714328925,0.0
0.8823529411764706,0.7391982714328925,0.001142857142857143
0.9019607843137255,0.7391982714328925,0.9302857142857143
0.9215686274509803,0.7391982714328925,0.9948571428571429
0.9411764705882353,0.7391982714328925,0.9988571428571429
0.9607843137254902,0.7391982714328925,1.0
0.9803921568627451,0.7391982714328925,1.0
1.0,0.7391982714328925,1.0
0.0,0.9855976952438567,1.0
0.0196078431372549,0.9855976952438567,1.0
0.0392156862745098,0.9855976952438567,1.0
0.058823529411764705,0.9855976952438567,1.0
0.0784313725490196,0.9855976952438567,1.0
0.09803921568627451,0.9855976952438567,1.0
0.11764705882352941,0.9855976952438567,1.0
0.13725490196078433,0.9855976952438567,0.9828571428571429
0.1568627450980392,0.9855976952438567,0.0005714285714285715
0.1764705882352941,0.9855976952438567,0.0
0.19607843137254902,0.9855976952438567,0.0
0.21568627450980393,0.9855976952438567,0.0
0.23529411764705882,0.9855976952438567,0.0
0.2549019607843137,0.9855976952438567,0.0
0.27450980392156865,0.9855976952438567,0.0
0.29411764705882354,0.9855976952438567,0.0
0.3137254901960784,0.9855976952438567,0.0
0.3333333333333333,0.9855976952438567,0.0
0.3529411764705882,0.9855976952438567,0.0
0.37254901960784315,0.9855976952438567,0.0
0.39215686274509803,0.9855976952438567,0.0
0.4117647058823529,0.9855976952438567,0.0
0.43137254901960786,0.9855976952438567,0.0
0.45098039215686275,0.9855976952438567,0.0
0.47058823529411764,0.9855976952438567,0.0
0.49019607843137253,0.9855976952438567,0.0
0.5098039215686274,0.9855976952438567,0.0
0.5294117647058824,0.9855976952438567,0.0
0.5490196078431373,0.9855976952438567,0.0
0.5686274509803921,0.9855976952438567,0.0
0.5882352941176471,0.9855976952438567,0.0
0.6078431372549019,0.9855976952438567,0.0
0.6274509803921569,0.9855976952438567,0.0
0.6470588235294118,0.9855976952438567,0.0
0.6666666666666666,0.9855976952438567,0.0
0.6862745098039216,0.9855976952438567,0.0
0.7058823529411764,0.9855976952438567,0.0
0.7254901960784313,0.9855976952438567,0.0
0.7450980392156863,0.9855976952438567,0.0
0.7647058823529411,0.9855976952438567,0.0
0.7843137254901961,0.9855976952438567,0.0
0.803921568627451,0.9855976952438567,0.0
0.8235294117647058,0.9855976952438567,0.0
0.8431372549019608,0.9855976952438567,0.001142857142857143
0.8627450980392157,0.9855976952438567,0.992
0.8823529411764706,0.9855976952438567,1.0
0.9019607843137255,0.9855976952438567,1.0
0.9215686274509803,0.9855976952438567,1.0
0.9411764705882353,0.9855976952438567,1.0
0.9607843137254902,0.9855976952438567,1.0
0.9803921568627451,0.9855976952438567,1.0
1.0,0.9855976952438567,1.0
0.0,1.231997119054821,1.0
0.0196078431372549,1.231997119054821,1.0
0.0392156862745098,1.231997119054821,1.0
0.058823529411764705,1.231997119054821,1.0
0.0784313725490196,1.231997119054821,1.0
0.09803921568627451,1.231997119054821,1.0
0.11764705882352941,1.231997119054821,1.0
0.13725490196078433,1.231997119054821,1.0
0.1568627450980392,1.231997119054821,1.0
0.1764705882352941,1.231997119054821,0.9988571428571429
0.19607843137254902,1.231997119054821,0.0005714285714285715
0.21568627450980393,1.231997119054821,0.0
0.23529411764705882,1.231997119054821,0.0
0.2549019607843137,1.231997119054821,0.0
0.27450980392156865,1.231997119054821,0.0
0.29411764705882354,1.231997119054821,0.0
0.3137254901960784,1.231997119054821,0.0
0.3333333333333333,1.231997119054821,0.0
0.3529411764705882,1.231997119054821,0.0
0.37254901960784315,1.231997119054821,0.0
0.39215686274509803,1.231997119054821,0.0
0.4117647058823529,1.231997119054821,0.0
0.43137254901960786,1.231997119054821,0.0
0.45098039215686275,1.231997119054821,0.0
0.47058823529411764,1.231997119054821,0.0
0.49019607843137253,1.231997119054821,0.0
0.5098039215686274,1.231997119054821,0.0
0.5294117647058824,1.231997119054821,0.0
0.5490196078431373,1.231997119054821,0.0
0.5686274509803921,1.231997119054821,0.0
0.5882352941176471,1.231997119054821,0.0
0.6078431372549019,1.231997119054821,0.0
0.6274509803921569,1.231997119054821,0.0
0.6470588235294118,1.231997119054821,0.0
0.6666666666666666,1.231997119054821,0.0
0.6862745098039216,1.231997119054821,0.0
0.7058823529411764,1.231997119054821,0.0
0.7254901960784313,1.231997119054821,0.0
0.7450980392156863,1.231997119054821,0.0
0.7647058823529411,1.231997119054821,0.0
0.7843137254901961,1.231997119054821,0.0
0.803921568627451,1.231997119054821,0.001142857142857143
0.8235294117647058,1.231997119054821,0.9971428571428571
0.8431372549019608,1.231997119054821,1.0
0.8627450980392157,1.231997119054821,1.0
0.8823529411764706,1.231997119054821,1.0
0.9019607843137255,1.231997119054821,1.0
0.9215686274509803,1.231997119054821,1.0
0.9411764705882353,1.231997119054821,1.0
0.9607843137254902,1.231997119054821,1.0
0.9803921568627451,1.231997119054821,1.0
1.0,1.231997119054821,1.0
0.0,1.478396542865785,1.0
0.0196078431372549,1.478396542865785,1.0
0.0392156862745098,1.478396542865785,1.0
0.058823529411764705,1.478396542865785,1.0
0.0784313725490196,1.478396542865785,1.0
0.09803921568627451,1.478396542865785,1.0
0.11764705882352941,1.478396542865785,1.0
0.13725490196078433,1.478396542865785,1.0
0.1568627450980392,1.478396542865785,1.0
0.1764705882352941,1.478396542865785,1.0
0.19607843137254902,1.478396542865785,1.0
0.21568627450980393,1.478396542865785,0.9994285714285714
0.23529411764705882,1.478396542865785,0.011428571428571429
0.2549019607843137,1.478396542865785,0.0
0.27450980392156865,1.478396542865785,0.0
0.29411764705882354,1.478396542865785,0.0
0.3137254901960784,1.478396542865785,0.0
0.3333333333333333,1.478396542865785,0.0
0.3529411764705882,1.478396542865785,0.0
0.37254901960784315,1.478396542865785,0.0
0.39215686274509803,1.478396542865785,0.0
0.4117647058823529,1.478396542865785,0.0
0.43137254901960786,1.478396542865785,0.0
0.45098039215686275,1.478396542865785,0.0
0.47058823529411764,1.478396542865785,0.0
0.49019607843137253,1.478396542865785,0.0
0.5098039215686274,1.478396542865785,0.0
0.5294117647058824,1.478396542865785,0.0
0.5490196078431373,1.478396542865785,0.0
0.5686274509803921,1.478396542865785,0.0
0.5882352941176471,1.478396542865785,0.0
0.6078431372549019,1.478396542865785,0.0
0.6274509803921569,1.478396542865785,0.0
0.6470588235294118,1.478396542865785,0.0
0.6666666666666666,1.478396542865785,0.0
0.6862745098039216,1.478396542865785,0.0
0.7058823529411764,1.478396542865785,0.0
0.7254901960784313,1.478396542865785,0.0
0.7450980392156863,1.478396542865785,0.0
0.7647058823529411,1.478396542865785,0.004
0.7843137254901961,1.478396542865785,1.0
0.803921568627451,1.478396542865785,1.0
0.8235294117647058,1.478396542865785,1.0
0.8431372549019608,1.478396542865785,1.0
0.8627450980392157,1.478396542865785,1.0
0.8823529411764706,1.478396542865785,1.0
0.9019607843137255,1.478396542865785,1.0
0.9215686274509803,1.478396542865785,1.0
0.9411764705882353,1.478396542865785,1.0
0.9607843137254902,1.478396542865785,1.0
0.9803921568627451,1.478396542865785,1.0
1.0,1.478396542865785,1.0
0.0,1.7247959666767492,0.010857142857142857
0.0196078431372549,1.7247959666767492,0.010285714285714285
0.0392156862745098,1.7247959666767492,0.015428571428571429
0.058823529411764705,1.7247959666767492,0.04285714285714286
0.0784313725490196,1.7247959666767492,0.13257142857142856
0.09803921568627451,1.7247959666767492,0.8874285714285715
0.11764705882352941,1.7247959666767492,0.9977142857142857
0.13725490196078433,1.7247959666767492,1.0
0.1568627450980392,1.7247959666767492,1.0
0.1764705882352941,1.7247959666767492,1.0
0.19607843137254902,1.7247959666767492,1.0
0.21568627450980393,1.7247959666767492,1.0
0.23529411764705882,1.7247959666767492,1.0
0.2549019607843137,1.7247959666767492,0.9348571428571428
0.27450980392156865,1.7247959666767492,0.008571428571428572
0.29411764705882354,1.7247959666767492,0.0
0.3137254901960784,1.7247959666767492,0.0
0.3333333333333333,1.7247959666767492,0.0
0.3529411764705882,1.7247959666767492,0.0
0.37254901960784315,1.7247959666767492,0.0
0.39215686274509803,1.7247959666767492,0.0
0.4117647058823529,1.7247959666767492,0.0
0.43137254901960786,1.7247959666767492,0.0
0.45098039215686275,1.7247959666767492,0.0
0.47058823529411764,1.7247959666767492,0.0
0.49019607843137253,1.7247959666767492,0.0
0.5098039215686274,1.7247959666767492,0.0
0.5294117647058824,1.7247959666767492,0.0
0.5490196078431373,1.7247959666767492,0.0
0.5686274509803921,1.7247959666767492,0.0
0.5882352941176471,1.7247959666767492,0.0
0.6078431372549019,1.7247959666767492,0.0
0.6274509803921569,1.7247959666767492,0.0
0.6470588235294118,1.7247959666767492,0.0
0.6666666666666666,1.7247959666767492,0.0
0.6862745098039216,1.7247959666767492,0.0
0.7058823529411764,1.7247959666767492,0.0
0.7254901960784313,1.7247959666767492,0.0074285714285714285
0.7450980392156863,1.7247959666767492,0.9594285714285714
0.7647058823529411,1.7247959666767492,1.0
0.7843137254901961,1.7247959666767492,1.0
0.803921568627451,1.7247959666767492,1.0
0.8235294117647058,1.7247959666767492,1.0
0.8431372549019608,1.7247959666767492,1.0
0.8627450980392157,1.7247959666767492,0.9994285714285714
0.8823529411764706,1.7247959666767492,0.996
0.9019607843137255,1.7247959666767492,0.8868571428571429
0.9215686274509803,1.7247959666767492,0.14057142857142857
0.9411764705882353,1.7247959666767492,0.04114285714285714
0.9607843137254902,1.7247959666767492,0.021142857142857144
0.9803921568627451,1.7247959666767492,0.010857142857142857
1.0,1.7247959666767492,0.010857142857142857
0.0,1.9711953904877133,0.0
0.0196078431372549,1.9711953904877133,0.0
0.0392156862745098,1.9711953904877133,0.0
0.058823529411764705,1.9711953904877133,0.0
0.0784313725490196,1.9711953904877133,0.0
0.09803921568627451,1.9711953904877133,0.0
0.11764705882352941,1.9711953904877133,0.0
0.13725490196078433,1.9711953904877133,0.0017142857142857142
0.1568627450980392,1.9711953904877133,0.03371428571428572
0.1764705882352941,1.9711953904877133,0.6348571428571429
0.19607843137254902,1.9711953904877133,1.0
0.21568627450980393,1.9711953904877133,1.0
0.23529411764705882,1.9711953904877133,1.0
0.2549019607843137,1.9711953904877133,0.9982857142857143
0.27450980392156865,1.9711953904877133,0.9822857142857143
0.29411764705882354,1.9711953904877133,0.856
0.3137254901960784,1.9711953904877133,0.004571428571428572
0.3333333333333333,1.9711953904877133,0.0
0.3529411764705882,1.9711953904877133,0.0
0.37254901960784315,1.9711953904877133,0.0
0.39215686274509803,1.9711953904877133,0.0
0.4117647058823529,1.9711953904877133,0.0
0.43137254901960786,1.9711953904877133,0.0
0.45098039215686275,1.9711953904877133,0.0
0.47058823529411764,1.9711953904877133,0.0
0.49019607843137253,1.9711953904877133,0.0
0.5098039215686274,1.9711953904877133,0.0
0.5294117647058824,1.9711953904877133,0.0
0.5490196078431373,1.9711953904877133,0.0
0.5686274509803921,1.9711953904877133,0.0
0.5882352941176471,1.9711953904877133,0.0
0.6078431372549019,1.9711953904877133,0.0
0.6274509803921569,1.9711953904877133,0.0
0.6470588235294118,1.9711953904877133,0.0
0.6666666666666666,1.9711953904877133,0.0
0.6862745098039216,1.9711953904877133,0.005714285714285714
0.7058823529411764,1.9711953904877133,0.896
0.7254901960784313,1.9711953904877133,0.9857142857142858
0.7450980392156863,1.9711953904877133,0.9982857142857143
0.7647058823529411,1.9711953904877133,1.0
0.7843137254901961,1.9711953904877133,1.0
0.803921568627451,1.9711953904877133,0.9988571428571429
0.8235294117647058,1.9711953904877133,0.7417142857142857
0.8431372549019608,1.9711953904877133,0.03542857142857143
0.8627450980392157,1.9711953904877133,0.0034285714285714284
0.8823529411764706,1.9711953904877133,0.001142857142857143
0.9019607843137255,1.9711953904877133,0.0
0.9215686274509803,1.9711953904877133,0.0
0.9411764705882353,1.9711953904877133,0.0
0.9607843137254902,1.9711953904877133,0.0
0.9803921568627451,1.9711953904877133,0.0005714285714285715
1.0,1.9711953904877133,0.0
0.0,2.2175948142986774,0.0
0.0196078431372549,2.2175948142986774,0.0
0.0392156862745098,2.2175948142986774,0.0
0.058823529411764705,2.2175948142986774,0.0
0.0784313725490196,2.2175948142986774,0.0
0.09803921568627451,2.2175948142986774,0.0
0.11764705882352941,2.2175948142986774,0.0
0.13725490196078433,2.2175948142986774,0.0
0.1568627450980392,2.2175948142986774,0.0
0.1764705882352941,2.2175948142986774,0.0
0.19607843137254902,2.2175948142986774,0.0005714285714285715
0.21568627450980393,2.2175948142986774,0.009714285714285713
0.23529411764705882,2.2175948142986774,0.23657142857142857
0.2549019607843137,2.2175948142986774,0.8674285714285714
0.27450980392156865,2.2175948142986774,0.9582857142857143
0.29411764705882354,2.2175948142986774,0.984
0.3137254901960784,2.2175948142986774,0.9982857142857143
0.3333333333333333,2.2175948142986774,0.916
0.3529411764705882,2.2175948142986774,0.002285714285714286
0.37254901960784315,2.2175948142986774,0.0
0.39215686274509803,2.2175948142986774,0.0
0.4117647058823529,2.2175948142986774,0.0
0.43137254901960786,2.2175948142986774,0.0
0.45098039215686275,2.2175948142986774,0.0
0.47058823529411764,2.2175948142986774,0.0
0.49019607843137253,2.2175948142986774,0.0
0.5098039215686274,2.2175948142986774,0.0
0.5294117647058824,2.2175948142986774,0.0
0.5490196078431373,2.2175948142986774,0.0
0.5686274509803921,2.2175948142986774,0.0
0.5882352941176471,2.2175948142986774,0.0
0.6078431372549019,2.2175948142986774,0.0
0.6274509803921569,2.2175948142986774,0.0
0.6470588235294118,2.2175948142986774,0.006285714285714286
0.6666666666666666,2.2175948142986774,0.9268571428571428
0.6862745098039216,2.2175948142986774,0.9954285714285714
0.7058823529411764,2.2175948142986774,0.9891428571428571
0.7254901960784313,2.2175948142986774,0.9697142857142858
0.7450980392156863,2.2175948142986774,0.9034285714285715
0.7647058823529411,2.2175948142986774,0.29542857142857143
0.7843137254901961,2.2175948142986774,0.005714285714285714
0.803921568627451,2.2175948142986774,0.0005714285714285715
0.8235294117647058,2.2175948142986774,0.0
0.8431372549019608,2.2175948142986774,0.0
0.8627450980392157,2.2175948142986774,0.0
0.8823529411764706,2.2175948142986774,0.0
0.9019607843137255,2.2175948142986774,0.0
0.9215686274509803,2.2175948142986774,0.0
0.9411764705882353,2.2175948142986774,0.0
0.9607843137254902,2.2175948142986774,0.0
0.9803921568627451,2.2175948142986774,0.0
1.0,2.2175948142986774,0.0
0.0,2.463994238109642,0.0
0.0196078431372549,2.463994238109642,0.0
0.0392156862745098,2.463994238109642,0.0
0.058823529411764705,2.463994238109642,0.0
0.0784313725490196,2.463994238109642,0.0
0.09803921568627451,2.463994238109642,0.0
0.11764705882352941,2.463994238109642,0.0
0.13725490196078433,2.463994238109642,0.0
0.1568627450980392,2.463994238109642,0.0
0.1764705882352941,2.463994238109642,0.0
0.19607843137254902,2.463994238109642,0.0
0.21568627450980393,2.463994238109642,0.0
0.23529411764705882,2.463994238109642,0.0
0.2549019607843137,2.463994238109642,0.0
0.27450980392156865,2.463994238109642,0.002285714285714286
0.29411764705882354,2.463994238109642,0.4948571428571429
0.3137254901960784,2.463994238109642,0.9125714285714286
0.3333333333333333,2.463994238109642,0.6662857142857143
0.3529411764705882,2.463994238109642,0.9074285714285715
0.37254901960784315,2.463994238109642,0.6794285714285714
0.39215686274509803,2.463994238109642,0.018285714285714287
0.4117647058823529,2.463994238109642,0.0
0.43137254901960786,2.463994238109642,0.0
0.45098039215686275,2.463994238109642,0.0
0.47058823529411764,2.463994238109642,0.0
0.49019607843137253,2.463994238109642,0.0
0.5098039215686274,2.463994238109642,0.0
0.5294117647058824,2.463994238109642,0.0
0.5490196078431373,2.463994238109642,0.0
0.5686274509803921,2.463994238109642,0.0
0.5882352941176471,2.463994238109642,0.0
0.6078431372549019,2.463994238109642,0.016
0.6274509803921569,2.463994238109642,0.7434285714285714
0.6470588235294118,2.463994238109642,0.9291428571428572
0.6666666666666666,2.463994238109642,0.7765714285714286
0.6862745098039216,2.463994238109642,0.9171428571428571
0.7058823529411764,2.463994238109642,0.6045714285714285
0.7254901960784313,2.463994238109642,0.004
0.7450980392156863,2.463994238109642,0.001142857142857143
0.7647058823529411,2.463994238109642,0.0
0.7843137254901961,2.463994238109642,0.0
0.803921568627451,2.463994238109642,0.0
0.8235294117647058,2.463994238109642,0.0
0.8431372549019608,2.463994238109642,0.0
0.8627450980392157,2.463994238109642,0.0
0.8823529411764706,2.463994238109642,0.0
0.9019607843137255,2.463994238109642,0.0
0.9215686274509803,2.463994238109642,0.0
0.9411764705882353,2.463994238109642,0.0
0.9607843137254902,2.463994238109642,0.0
0.9803921568627451,2.463994238109642,0.0
1.0,2.463994238109642,0.0
0.0,2.7103936619206057,0.0
0.0196078431372549,2.7103936619206057,0.0
0.0392156862745098,2.7103936619206057,0.0
0.058823529411764705,2.7103936619206057,0.0
0.0784313725490196,2.7103936619206057,0.0
0.09803921568627451,2.7103936619206057,0.0
0.11764705882352941,2.7103936619206057,0.0
0.13725490196078433,2.7103936619206057,0.0
0.1568627450980392,2.7103936619206057,0.0
0.1764705882352941,2.7103936619206057,0.0
0.19607843137254902,2.7103936619206057,0.0
0.21568627450980393,2.7103936619206057,0.0
0.23529411764705882,2.7103936619206057,0.0
0.2549019607843137,2.7103936619206057,0.0
0.27450980392156865,2.7103936619206057,0.0
0.29411764705882354,2.7103936619206057,0.0
0.3137254901960784,2.7103936619206057,0.0005714285714285715
0.3333333333333333,2.7103936619206057,0.025142857142857144
0.3529411764705882,2.7103936619206057,0.8137142857142857
0.37254901960784315,2.7103936619206057,0.9834285714285714
0.39215686274509803,2.7103936619206057,0.992
0.4117647058823529,2.7103936619206057,0.8948571428571429
0.43137254901960786,2.7103936619206057,0.008571428571428572
0.45098039215686275,2.7103936619206057,0.0
0.47058823529411764,2.7103936619206057,0.0
0.49019607843137253,2.7103936619206057,0.0
0.5098039215686274,2.7103936619206057,0.0
0.5294117647058824,2.7103936619206057,0.0
0.5490196078431373,2.7103936619206057,0.0
0.5686274509803921,2.7103936619206057,0.010285714285714285
0.5882352941176471,2.7103936619206057,0.916
0.6078431372549019,2.7103936619206057,0.9948571428571429
0.6274509803921569,2.7103936619206057,0.9822857142857143
0.6470588235294118,2.7103936619206057,0.8462857142857143
0.6666666666666666,2.7103936619206057,0.023428571428571427
0.6862745098039216,2.7103936619206057,0.0
0.7058823529411764,2.7103936619206057,0.0
0.7254901960784313,2.7103936619206057,0.0
0.7450980392156863,2.7103936619206057,0.0
0.7647058823529411,2.7103936619206057,0.0
0.7843137254901961,2.7103936619206057,0.0
0.803921568627451,2.7103936619206057,0.0
0.8235294117647058,2.7103936619206057,0.0
0.8431372549019608,2.7103936619206057,0.0
0.8627450980392157,2.7103936619206057,0.0
0.8823529411764706,2.7103936619206057,0.0
0.9019607843137255,2.7103936619206057,0.0
0.9215686274509803,2.7103936619206057,0.0
0.9411764705882353,2.7103936619206057,0.0
0.9607843137254902,2.7103936619206057,0.0
0.9803921568627451,2.7103936619206057,0.0
1.0,2.7103936619206057,0.0
0.0,2.95679308573157,0.0
0.0196078431372549,2.95679308573157,0.0
0.0392156862745098,2.95679308573157,0.0
0.058823529411764705,2.95679308573157,0.0
0.0784313725490196,2.95679308573157,0.0
0.09803921568627451,2.95679308573157,0.0
0.11764705882352941,2.95679308573157,0.0
0.13725490196078433,2.95679308573157,0.0
0.1568627450980392,2.95679308573157,0.0
0.1764705882352941,2.95679308573157,0.0
0.19607843137254902,2.95679308573157,0.0
0.21568627450980393,2.95679308573157,0.0
0.23529411764705882,2.95679308573157,0.0
0.2549019607843137,2.95679308573157,0.0
0.27450980392156865,2.95679308573157,0.0
0.29411764705882354,2.95679308573157,0.0
0.3137254901960784,2.95679308573157,0.0
0.3333333333333333,2.95679308573157,0.0
0.3529411764705882,2.95679308573157,0.0
0.37254901960784315,2.95679308573157,0.002857142857142857
0.39215686274509803,2.95679308573157,0.44857142857142857
0.4117647058823529,2.95679308573157,0.8571428571428571
0.43137254901960786,2.95679308573157,0.8857142857142857
0.45098039215686275,2.95679308573157,0.8914285714285715
0.47058823529411764,2.95679308573157,0.005714285714285714
0.49019607843137253,2.95679308573157,0.0
0.5098039215686274,2.95679308573157,0.0
0.5294117647058824,2.95679308573157,0.0074285714285714285
0.5490196078431373,2.95679308573157,0.892
0.5686274509803921,2.95679308573157,0.9137142857142857
0.5882352941176471,2.95679308573157,0.8914285714285715
0.6078431372549019,2.95679308573157,0.5097142857142857
0.6274509803921569,2.95679308573157,0.0005714285714285715
0.6470588235294118,2.95679308573157,0.0
0.6666666666666666,2.95679308573157,0.0
0.6862745098039216,2.95679308573157,0.0
0.7058823529411764,2.95679308573157,0.0
0.7254901960784313,2.95679308573157,0.0
0.7450980392156863,2.95679308573157,0.0
0.7647058823529411,2.95679308573157,0.0
0.7843137254901961,2.95679308573157,0.0
0.803921568627451,2.95679308573157,0.0
0.8235294117647058,2.95679308573157,0.0
0.8431372549019608,2.95679308573157,0.0
0.8627450980392157,2.95679308573157,0.0
0.8823529411764706,2.95679308573157,0.0
0.9019607843137255,2.95679308573157,0.0
0.9215686274509803,2.95679308573157,0.0
0.9411764705882353,2.95679308573157,0.0
0.9607843137254902,2.95679308573157,0.0
0.9803921568627451,2.95679308573157,0.0
1.0,2.95679308573157,0.0
0.0,3.203192509542534,0.0
0.0196078431372549,3.203192509542534,0.0
0.0392156862745098,3.203192509542534,0.0
0.058823529411764705,3.203192509542534,0.0
0.0784313725490196,3.203192509542534,0.0
0.09803921568627451,3.203192509542534,0.0
0.11764705882352941,3.203192509542534,0.0
0.13725490196078433,3.203192509542534,0.0
0.1568627450980392,3.203192509542534,0.0
0.1764705882352941,3.203192509542534,0.0
0.19607843137254902,3.203192509542534,0.0
0.21568627450980393,3.203192509542534,0.0
0.23529411764705882,3.203192509542534,0.0
0.2549019607843137,3.203192509542534,0.0
0.27450980392156865,3.203192509542534,0.0
0.29411764705882354,3.203192509542534,0.0
0.3137254901960784,3.203192509542534,0.0
0.3333333333333333,3.203192509542534,0.0
0.3529411764705882,3.203192509542534,0.0
0.37254901960784315,3.203192509542534,0.0
0.39215686274509803,3.203192509542534,0.0
0.4117647058823529,3.203192509542534,0.0
0.43137254901960786,3.203192509542534,0.03142857142857143
0.45098039215686275,3.203192509542534,0.7668571428571429
0.47058823529411764,3.203192509542534,0.8457142857142858
0.49019607843137253,3.203192509542534,0.5468571428571428
0.5098039215686274,3.203192509542534,0.6165714285714285
0.5294117647058824,3.203192509542534,0.8685714285714285
0.5490196078431373,3.203192509542534,0.8234285714285714
0.5686274509803921,3.203192509542534,0.03942857142857143
0.5882352941176471,3.203192509542534,0.0
0.6078431372549019,3.203192509542534,0.0
0.6274509803921569,3.203192509542534,0.0
0.6470588235294118,3.203192509542534,0.0
0.6666666666666666,3.203192509542534,0.0
0.6862745098039216,3.203192509542534,0.0
0.7058823529411764,3.203192509542534,0.0
0.7254901960784313,3.203192509542534,0.0
0.7450980392156863,3.203192509542534,0.0
0.7647058823529411,3.203192509542534,0.0
0.7843137254901961,3.203192509542534,0.0
0.803921568627451,3.203192509542534,0.0
0.8235294117647058,3.203192509542534,0.0
0.8431372549019608,3.203192509542534,0.0
0.8627450980392157,3.203192509542534,0.0
0.8823529411764706,3.203192509542534,0.0
0.9019607843137255,3.203192509542534,0.0
0.9215686274509803,3.203192509542534,0.0
0.9411764705882353,3.203192509542534,0.0
0.9607843137254902,3.203192509542534,0.0
0.9803921568627451,3.203192509542534,0.0
1.0,3.203192509542534,0.0
0.0,3.4495919333534983,0.0
0.0196078431372549,3.4495919333534983,0.0
0.0392156862745098,3.4495919333534983,0.0
0.058823529411764705,3.4495919333534983,0.0
0.0784313725490196,3.4495919333534983,0.0
0.09803921568627451,3.4495919333534983,0.0
0.11764705882352941,3.4495919333534983,0.0
0.13725490196078433,3.4495919333534983,0.0
0.1568627450980392,3.4495919333534983,0.0
0.1764705882352941,3.4495919333534983,0.0
0.19607843137254902,3.4495919333534983,0.0
0.21568627450980393,3.4495919333534983,0.0
0.23529411764705882,3.4495919333534983,0.0
0.2549019607843137,3.4495919333534983,0.0
0.27450980392156865,3.4495919333534983,0.0
0.29411764705882354,3.4495919333534983,0.0
0.3137254901960784,3.4495919333534983,0.0
0.3333333333333333,3.4495919333534983,0.0
0.3529411764705882,3.4495919333534983,0.0
0.37254901960784315,3.4495919333534983,0.0
0.39215686274509803,3.4495919333534983,0.0
0.4117647058823529,3.4495919333534983,0.0
0.43137254901960786,3.4495919333534983,0.0
0.45098039215686275,3.4495919333534983,0.005142857142857143
0.47058823529411764,3.4495919333534983,0.42514285714285716
0.49019607843137253,3.4495919333534983,0.964
0.5098039215686274,3.4495919333534983,0.9668571428571429
0.5294117647058824,3.4495919333534983,0.3537142857142857
0.5490196078431373,3.4495919333534983,0.002285714285714286
0.5686274509803921,3.4495919333534983,0.0
0.5882352941176471,3.4495919333534983,0.0
0.6078431372549019,3.4495919333534983,0.0
0.6274509803921569,3.4495919333534983,0.0
0.6470588235294118,3.4495919333534983,0.0
0.6666666666666666,3.4495919333534983,0.0
0.6862745098039216,3.4495919333534983,0.0
0.7058823529411764,3.4495919333534983,0.0
0.7254901960784313,3.4495919333534983,0.0
0.7450980392156863,3.4495919333534983,0.0
0.7647058823529411,3.4495919333534983,0.0
0.7843137254901961,3.4495919333534983,0.0
0.803921568627451,3.4495919333534983,0.0
0.8235294117647058,3.4495919333534983,0.0
0.8431372549019608,3.4495919333534983,0.0
0.8627450980392157,3.4495919333534983,0.0
0.8823529411764706,3.4495919333534983,0.0
0.9019607843137255,3.4495919333534983,0.0
0.9215686274509803,3.4495919333534983,0.0
0.9411764705882353,3.4495919333534983,0.0
0.9607843137254902,3.4495919333534983,0.0
0.9803921568627451,3.4495919333534983,0.0
1.0,3.4495919333534983,0.0
0.0,3.6959913571644623,0.0
0.0196078431372549,3.6959913571644623,0.0
0.0392156862745098,3.6959913571644623,0.0
0.058823529411764705,3.6959913571644623,0.0
0.0784313725490196,3.6959913571644623,0.0
0.09803921568627451,3.6959913571644623,0.0
0.11764705882352941,3.6959913571644623,0.0
0.13725490196078433,3.6959913571644623,0.0
0.1568627450980392,3.6959913571644623,0.0
0.1764705882352941,3.6959913571644623,0.0
0.19607843137254902,3.6959913571644623,0.0
0.21568627450980393,3.6959913571644623,0.0
0.23529411764705882,3.6959913571644623,0.0
0.2549019607843137,3.6959913571644623,0.0
0.27450980392156865,3.6959913571644623,0.0
0.29411764705882354,3.6959913571644623,0.0
0.3137254901960784,3.6959913571644623,0.0
0.3333333333333333,3.6959913571644623,0.0
0.3529411764705882,3.6959913571644623,0.0
0.37254901960784315,3.6959913571644623,0.0
0.39215686274509803,3.6959913571644623,0.0
0.4117647058823529,3.6959913571644623,0.002857142857142857
0.43137254901960786,3.6959913571644623,0.36628571428571427
0.45098039215686275,3.6959913571644623,0.43314285714285716
0.47058823529411764,3.6959913571644623,0.4205714285714286
0.49019607843137253,3.6959913571644623,0.0017142857142857142
0.5098039215686274,3.6959913571644623,0.001142857142857143
0.5294117647058824,3.6959913571644623,0.31142857142857144
0.5490196078431373,3.6959913571644623,0.32171428571428573
0.5686274509803921,3.6959913571644623,0.28685714285714287
0.5882352941176471,3.6959913571644623,0.0017142857142857142
0.6078431372549019,3.6959913571644623,0.0
0.6274509803921569,3.6959913571644623,0.0
0.6470588235294118,3.6959913571644623,0.0
0.6666666666666666,3.6959913571644623,0.0
0.6862745098039216,3.6959913571644623,0.0
0.7058823529411764,3.6959913571644623,0.0
0.7254901960784313,3.6959913571644623,0.0
0.7450980392156863,3.6959913571644623,0.0
0.7647058823529411,3.6959913571644623,0.0
0.7843137254901961,3.6959913571644623,0.0
0.803921568627451,3.6959913571644623,0.0
0.8235294117647058,3.6959913571644623,0.0
0.8431372549019608,3.6959913571644623,0.0
0.8627450980392157,3.6959913571644623,0.0
0.8823529411764706,3.6959913571644623,0.0
0.9019607843137255,3.6959913571644623,0.0
0.9215686274509803,3.6959913571644623,0.0
0.9411764705882353,3.6959913571644623,0.0
0.9607843137254902,3.6959913571644623,0.0
0.9803921568627451,3.6959913571644623,0.0
1.0,3.6959913571644623,0.0
0.0,3.9423907809754266,0.0
0.0196078431372549,3.9423907809754266,0.0
0.0392156862745098,3.9423907809754266,0.0
0.058823529411764705,3.9423907809754266,0.0
0.0784313725490196,3.9423907809754266,0.0
0.09803921568627451,3.9423907809754266,0.0
0.11764705882352941,3.9423907809754266,0.0
0.13725490196078433,3.9423907809754266,0.0
0.1568627450980392,3.9423907809754266,0.0
0.1764705882352941,3.9423907809754266,0.0
0.19607843137254902,3.9423907809754266,0.0
0.21568627450980393,3.9423907809754266,0.0
0.23529411764705882,3.9423907809754266,0.0
0.2549019607843137,3.9423907809754266,0.0
0.27450980392156865,3.9423907809754266,0.0
0.29411764705882354,3.9423907809754266,0.0
0.3137254901960784,3.9423907809754266,0.0
0.3333333333333333,3.9423907809754266,0.0
0.3529411764705882,3.9423907809754266,0.0
0.37254901960784315,3.9423907809754266,0.0017142857142857142
0.39215686274509803,3.9423907809754266,0.4337142857142857
0.4117647058823529,3.9423907809754266,0.39085714285714285
0.43137254901960786,3.9423907809754266,0.1697142857142857
0.45098039215686275,3.9423907809754266,0.0
0.47058823529411764,3.9423907809754266,0.0
0.49019607843137253,3.9423907809754266,0.0
0.5098039215686274,3.9423907809754266,0.0
0.5294117647058824,3.9423907809754266,0.0
0.5490196078431373,3.9423907809754266,0.0
0.5686274509803921,3.9423907809754266,0.12742857142857142
0.5882352941176471,3.9423907809754266,0.2822857142857143
0.6078431372549019,3.9423907809754266,0.39714285714285713
0.6274509803921569,3.9423907809754266,0.004
0.6470588235294118,3.9423907809754266,0.0
0.6666666666666666,3.9423907809754266,0.0
0.6862745098039216,3.9423907809754266,0.0
0.7058823529411764,3.9423907809754266,0.0
0.7254901960784313,3.9423907809754266,0.0
0.7450980392156863,3.9423907809754266,0.0
0.7647058823529411,3.9423907809754266,0.0
0.7843137254901961,3.9423907809754266,0.0
0.803921568627451,3.9423907809754266,0.0
0.8235294117647058,3.9423907809754266,0.0
0.8431372549019608,3.9423907809754266,0.0
0.8627450980392157,3.9423907809754266,0.0
0.8823529411764706,3.9423907809754266,0.0
0.9019607843137255,3.9423907809754266,0.0005714285714285715
0.9215686274509803,3.9423907809754266,0.0
0.9411764705882353,3.9423907809754266,0.0
0.9607843137254902,3.9423907809754266,0.0
0.9803921568627451,3.9423907809754266,0.0
1.0,3.9423907809754266,0.0
0.0,4.1887902047863905,0.0
0.0196078431372549,4.1887902047863905,0.0
0.0392156862745098,4.1887902047863905,0.0
0.058823529411764705,4.1887902047863905,0.0
0.0784313725490196,4.1887902047863905,0.0
0.09803921568627451,4.1887902047863905,0.0
0.11764705882352941,4.1887902047863905,0.0
0.13725490196078433,4.1887902047863905,0.0
0.1568627450980392,4.1887902047863905,0.0
0.1764705882352941,4.1887902047863905,0.0
0.19607843137254902,4.1887902047863905,0.0
0.21568627450980393,4.1887902047863905,0.0
0.23529411764705882,4.1887902047863905,0.0
0.2549019607843137,4.1887902047863905,0.0
0.27450980392156865,4.1887902047863905,0.0
0.29411764705882354,4.1887902047863905,0.0
0.3137254901960784,4.1887902047863905,0.0
0.3333333333333333,4.1887902047863905,0.004
0.3529411764705882,4.1887902047863905,0.5662857142857143
0.37254901960784315,4.1887902047863905,0.544
0.39215686274509803,4.1887902047863905,0.02
0.4117647058823529,4.1887902047863905,0.0
0.43137254901960786,4.1887902047863905,0.0
0.45098039215686275,4.1887902047863905,0.0
0.47058823529411764,4.1887902047863905,0.0
0.49019607843137253,4.1887902047863905,0.0
0.5098039215686274,4.1887902047863905,0.0
0.5294117647058824,4.1887902047863905,0.0
0.5490196078431373,4.1887902047863905,0.0
0.5686274509803921,4.1887902047863905,0.0
0.5882352941176471,4.1887902047863905,0.0
0.6078431372549019,4.1887902047863905,0.016
0.6274509803921569,4.1887902047863905,0.5148571428571429
0.6470588235294118,4.1887902047863905,0.5382857142857143
0.6666666666666666,4.1887902047863905,0.0034285714285714284
0.6862745098039216,4.1887902047863905,0.0
0.7058823529411764,4.1887902047863905,0.0
0.7254901960784313,4.1887902047863905,0.0
0.7450980392156863,4.1887902047863905,0.0
0.7647058823529411,4.1887902047863905,0.0
0.7843137254901961,4.1887902047863905,0.0
0.803921568627451,4.1887902047863905,0.0
0.8235294117647058,4.1887902047863905,0.0
0.8431372549019608,4.1887902047863905,0.0
0.8627450980392157,4.1887902047863905,0.0
0.8823529411764706,4.1887902047863905,0.0
0.9019607843137255,4.1887902047863905,0.0
0.9215686274509803,4.1887902047863905,0.0
0.9411764705882353,4.1887902047863905,0.0
0.9607843137254902,4.1887902047863905,0.0
0.9803921568627451,4.1887902047863905,0.0
1.0,4.1887902047863905,0.0
0.0,4.435189628597355,0.0
0.0196078431372549,4.435189628597355,0.0
0.0392156862745098,4.435189628597355,0.0
0.058823529411764705,4.435189628597355,0.0
0.0784313725490196,4.435189628597355,0.0
0.09803921568627451,4.435189628597355,0.0
0.11764705882352941,4.435189628597355,0.0
0.13725490196078433,4.435189628597355,0.0
0.1568627450980392,4.435189628597355,0.0
0.1764705882352941,4.435189628597355,0.0
0.19607843137254902,4.435189628597355,0.0
0.21568627450980393,4.435189628597355,0.0
0.23529411764705882,4.435189628597355,0.0
0.2549019607843137,4.435189628597355,0.0
0.27450980392156865,4.435189628597355,0.0
0.29411764705882354,4.435189628597355,0.02457142857142857
0.3137254901960784,4.435189628597355,0.9017142857142857
0.3333333333333333,4.435189628597355,0.7822857142857143
0.3529411764705882,4.435189628597355,0.002285714285714286
0.37254901960784315,4.435189628597355,0.0
0.39215686274509803,4.435189628597355,0.0
0.4117647058823529,4.435189628597355,0.0
0.43137254901960786,4.435189628597355,0.0
0.45098039215686275,4.435189628597355,0.0
0.47058823529411764,4.435189628597355,0.0
0.49019607843137253,4.435189628597355,0.0
0.5098039215686274,4.435189628597355,0.0
0.5294117647058824,4.435189628597355,0.0
0.5490196078431373,4.435189628597355,0.0
0.5686274509803921,4.435189628597355,0.0
0.5882352941176471,4.435189628597355,0.0
0.6078431372549019,4.435189628597355,0.0
0.6274509803921569,4.435189628597355,0.0
0.6470588235294118,4.435189628597355,0.005142857142857143
0.6666666666666666,4.435189628597355,0.7605714285714286
0.6862745098039216,4.435189628597355,0.8805714285714286
0.7058823529411764,4.435189628597355,0.026285714285714287
0.7254901960784313,4.435189628597355,0.0
0.7450980392156863,4.435189628597355,0.0
0.7647058823529411,4.435189628597355,0.0
0.7843137254901961,4.435189628597355,0.0
0.803921568627451,4.435189628597355,0.0
0.8235294117647058,4.435189628597355,0.0
0.8431372549019608,4.435189628597355,0.0
0.8627450980392157,4.435189628597355,0.0
0.8823529411764706,4.435189628597355,0.0
0.9019607843137255,4.435189628597355,0.0
0.9215686274509803,4.435189628597355,0.0
0.9411764705882353,4.435189628597355,0.0
0.9607843137254902,4.435189628597355,0.0
0.9803921568627451,4.435189628597355,0.0
1.0,4.435189628597355,0.0
0.0,4.681589052408319,0.0
0.0196078431372549,4.681589052408319,0.0
0.0392156862745098,4.681589052408319,0.0
0.058823529411764705,4.681589052408319,0.0
0.0784313725490196,4.681589052408319,0.0
0.09803921568627451,4.681589052408319,0.0
0.11764705882352941,4.681589052408319,0.0
0.13725490196078433,4.681589052408319,0.0
0.1568627450980392,4.681589052408319,0.0
0.1764705882352941,4.681589052408319,0.0
0.19607843137254902,4.681589052408319,0.0
0.21568627450980393,4.681589052408319,0.0
0.23529411764705882,4.681589052408319,0.0
0.2549019607843137,4.681589052408319,0.012571428571428572
0.27450980392156865,4.681589052408319,0.9834285714285714
0.29411764705882354,4.681589052408319,0.9337142857142857
0.3137254901960784,4.681589052408319,0.001142857142857143
0.3333333333333333,4.681589052408319,0.0005714285714285715
0.3529411764705882,4.681589052408319,0.0
0.37254901960784315,4.681589052408319,0.0
0.39215686274509803,4.681589052408319,0.0
0.4117647058823529,4.681589052408319,0.0
0.43137254901960786,4.681589052408319,0.0
0.45098039215686275,4.681589052408319,0.0
0.47058823529411764,4.681589052408319,0.0
0.49019607843137253,4.681589052408319,0.0
0.5098039215686274,4.681589052408319,0.0
0.5294117647058824,4.681589052408319,0.0
0.5490196078431373,4.681589052408319,0.0
0.5686274509803921,4.681589052408319,0.0
0.5882352941176471,4.681589052408319,0.0
0.6078431372549019,4.681589052408319,0.0
0.6274509803921569,4.681589052408319,0.0
0.6470588235294118,4.681589052408319,0.0
0.6666666666666666,4.681589052408319,0.0
0.6862745098039216,4.681589052408319,0.001142857142857143
0.7058823529411764,4.681589052408319,0.9285714285714286
0.7254901960784313,4.681589052408319,0.9851428571428571
0.7450980392156863,4.681589052408319,0.015428571428571429
0.7647058823529411,4.681589052408319,0.0
0.7843137254901961,4.681589052408319,0.0
0.803921568627451,4.681589052408319,0.0
0.8235294117647058,4.681589052408319,0.0
0.8431372549019608,4.681589052408319,0.0
0.8627450980392157,4.681589052408319,0.0
0.8823529411764706,4.681589052408319,0.0
0.9019607843137255,4.681589052408319,0.0
0.9215686274509803,4.681589052408319,0.0
0.9411764705882353,4.681589052408319,0.0
0.9607843137254902,4.681589052408319,0.0
0.9803921568627451,4.681589052408319,0.0
1.0,4.681589052408319,0.0
0.0,4.927988476219284,0.0
0.0196078431372549,4.927988476219284,0.0
0.0392156862745098,4.927988476219284,0.0
0.058823529411764705,4.927988476219284,0.0
0.0784313725490196,4.927988476219284,0.0
0.09803921568627451,4.927988476219284,0.0
0.11764705882352941,4.927988476219284,0.0
0.13725490196078433,4.927988476219284,0.0
0.1568627450980392,4.927988476219284,0.0
0.1764705882352941,4.927988476219284,0.0
0.19607843137254902,4.927988476219284,0.0
0.21568627450980393,4.927988476219284,0.013142857142857144
0.23529411764705882,4.927988476219284,0.9302857142857143
0.2549019607843137,4.927988476219284,0.9354285714285714
0.27450980392156865,4.927988476219284,0.0005714285714285715
0.29411764705882354,4.927988476219284,0.0
0.3137254901960784,4.927988476219284,0.0
0.3333333333333333,4.927988476219284,0.0
0.3529411764705882,4.927988476219284,0.0
0.37254901960784315,4.927988476219284,0.0
0.39215686274509803,4.927988476219284,0.0
0.4117647058823529,4.927988476219284,0.0
0.43137254901960786,4.927988476219284,0.0
0.45098039215686275,4.927988476219284,0.0
0.47058823529411764,4.927988476219284,0.0
0.49019607843137253,4.927988476219284,0.0
0.5098039215686274,4.927988476219284,0.0
0.5294117647058824,4.927988476219284,0.0
0.5490196078431373,4.927988476219284,0.0
0.5686274509803921,4.927988476219284,0.0
0.5882352941176471,4.927988476219284,0.0
0.6078431372549019,4.927988476219284,0.0
0.6274509803921569,4.927988476219284,0.0
0.6470588235294118,4.927988476219284,0.0
0.6666666666666666,4.927988476219284,0.0
0.6862745098039216,4.927988476219284,0.0
0.7058823529411764,4.927988476219284,0.0
0.7254901960784313,4.927988476219284,0.0
0.7450980392156863,4.927988476219284,0.9348571428571428
0.7647058823529411,4.927988476219284,0.9382857142857143
0.7843137254901961,4.927988476219284,0.008571428571428572
0.803921568627451,4.927988476219284,0.0
0.8235294117647058,4.927988476219284,0.0
0.8431372549019608,4.927988476219284,0.0
0.8627450980392157,4.927988476219284,0.0
0.8823529411764706,4.927988476219284,0.0
0.9019607843137255,4.927988476219284,0.0
0.9215686274509803,4.927988476219284,0.0
0.9411764705882353,4.927988476219284,0.0
0.9607843137254902,4.927988476219284,0.0
0.9803921568627451,4.927988476219284,0.0
1.0,4.927988476219284,0.0
0.0,5.174387900030247,0.0
0.0196078431372549,5.174387900030247,0.0
0.0392156862745098,5.174387900030247,0.0
0.058823529411764705,5.174387900030247,0.0
0.0784313725490196,5.174387900030247,0.0
0.09803921568627451,5.174387900030247,0.0
0.11764705882352941,5.174387900030247,0.0
0.13725490196078433,5.174387900030247,0.0
0.1568627450980392,5.174387900030247,0.0
0.1764705882352941,5.174387900030247,0.009714285714285713
0.19607843137254902,5.174387900030247,0.916
0.21568627450980393,5.174387900030247,0.7
0.23529411764705882,5.174387900030247,0.0005714285714285715
0.2549019607843137,5.174387900030247,0.0
0.27450980392156865,5.174387900030247,0.0
0.29411764705882354,5.174387900030247,0.0
0.3137254901960784,5.174387900030247,0.0
0.3333333333333333,5.174387900030247,0.0
0.3529411764705882,5.174387900030247,0.0
0.37254901960784315,5.174387900030247,0.0
0.39215686274509803,5.174387900030247,0.0
0.4117647058823529,5.174387900030247,0.0
0.43137254901960786,5.174387900030247,0.0
0.45098039215686275,5.174387900030247,0.0
0.47058823529411764,5.174387900030247,0.0
0.49019607843137253,5.174387900030247,0.0
0.5098039215686274,5.174387900030247,0.0
0.5294117647058824,5.174387900030247,0.0
0.5490196078431373,5.174387900030247,0.0
0.5686274509803921,5.174387900030247,0.0
0.5882352941176471,5.174387900030247,0.0
0.6078431372549019,5.174387900030247,0.0
0.6274509803921569,5.174387900030247,0.0
0.6470588235294118,5.174387900030247,0.0
0.6666666666666666,5.174387900030247,0.0
0.6862745098039216,5.174387900030247,0.0
0.7058823529411764,5.174387900030247,0.0
0.7254901960784313,5.174387900030247,0.0
0.7450980392156863,5.174387900030247,0.0
0.7647058823529411,5.174387900030247,0.0
0.7843137254901961,5.174387900030247,0.6925714285714286
0.803921568627451,5.174387900030247,0.9188571428571428
0.8235294117647058,5.174387900030247,0.010857142857142857
0.8431372549019608,5.174387900030247,0.0
0.8627450980392157,5.174387900030247,0.0
0.8823529411764706,5.174387900030247,0.0
0.9019607843137255,5.174387900030247,0.0
0.9215686274509803,5.174387900030247,0.0
0.9411764705882353,5.174387900030247,0.0
0.9607843137254902,5.174387900030247,0.0
0.9803921568627451,5.174387900030247,0.0
1.0,5.174387900030247,0.0
0.0,5.420787323841211,0.0
0.0196078431372549,5.420787323841211,0.0
0.0392156862745098,5.420787323841211,0.0
0.058823529411764705,5.420787323841211,0.0
0.0784313725490196,5.420787323841211,0.0
0.09803921568627451,5.420787323841211,0.0
0.11764705882352941,5.420787323841211,0.0
0.13725490196078433,5.420787323841211,0.013714285714285714
0.1568627450980392,5.420787323841211,0.7937142857142857
0.1764705882352941,5.420787323841211,0.5188571428571429
0.19607843137254902,5.420787323841211,0.0
0.21568627450980393,5.420787323841211,0.0
0.23529411764705882,5.420787323841211,0.0
0.2549019607843137,5.420787323841211,0.0
0.27450980392156865,5.420787323841211,0.0
0.29411764705882354,5.420787323841211,0.0
0.3137254901960784,5.420787323841211,0.0
0.3333333333333333,5.420787323841211,0.0
0.3529411764705882,5.420787323841211,0.0
0.37254901960784315,5.420787323841211,0.0
0.39215686274509803,5.420787323841211,0.0
0.4117647058823529,5.420787323841211,0.0
0.43137254901960786,5.420787323841211,0.0
0.45098039215686275,5.420787323841211,0.0
0.47058823529411764,5.420787323841211,0.0
0.49019607843137253,5.420787323841211,0.0
0.5098039215686274,5.420787323841211,0.0
0.5294117647058824,5.420787323841211,0.0
0.5490196078431373,5.420787323841211,0.0
0.5686274509803921,5.420787323841211,0.0
0.5882352941176471,5.420787323841211,0.0
0.6078431372549019,5.420787323841211,0.0
0.6274509803921569,5.420787323841211,0.0
0.6470588235294118,5.420787323841211,0.0
0.6666666666666666,5.420787323841211,0.0
0.6862745098039216,5.420787323841211,0.0
0.7058823529411764,5.420787323841211,0.0
0.7254901960784313,5.420787323841211,0.0
0.7450980392156863,5.420787323841211,0.0
0.7647058823529411,5.420787323841211,0.0
0.7843137254901961,5.420787323841211,0.0
0.803921568627451,5.420787323841211,0.0
0.8235294117647058,5.420787323841211,0.4937142857142857
0.8431372549019608,5.420787323841211,0.7611428571428571
0.8627450980392157,5.420787323841211,0.0074285714285714285
0.8823529411764706,5.420787323841211,0.0
0.9019607843137255,5.420787323841211,0.0
0.9215686274509803,5.420787323841211,0.0
0.9411764705882353,5.420787323841211,0.0
0.9607843137254902,5.420787323841211,0.0
0.9803921568627451,5.420787323841211,0.0
1.0,5.420787323841211,0.0
0.0,5.667186747652176,0.0
0.0196078431372549,5.667186747652176,0.0
0.0392156862745098,5.667186747652176,0.0
0.058823529411764705,5.667186747652176,0.0
0.0784313725490196,5.667186747652176,0.0
0.09803921568627451,5.667186747652176,0.006285714285714286
0.11764705882352941,5.667186747652176,0.8102857142857143
0.13725490196078433,5.667186747652176,0.3405714285714286
0.1568627450980392,5.667186747652176,0.0
0.1764705882352941,5.667186747652176,0.0
0.19607843137254902,5.667186747652176,0.0
0.21568627450980393,5.667186747652176,0.0
0.23529411764705882,5.667186747652176,0.0
0.2549019607843137,5.667186747652176,0.0
0.27450980392156865,5.667186747652176,0.0
0.29411764705882354,5.667186747652176,0.0
0.3137254901960784,5.667186747652176,0.0
0.3333333333333333,5.667186747652176,0.0
0.3529411764705882,5.667186747652176,0.0
0.37254901960784315,5.667186747652176,0.0
0.39215686274509803,5.667186747652176,0.0
0.4117647058823529,5.667186747652176,0.0
0.43137254901960786,5.667186747652176,0.0
0.45098039215686275,5.667186747652176,0.0
0.47058823529411764,5.667186747652176,0.0
0.49019607843137253,5.667186747652176,0.0
0.5098039215686274,5.667186747652176,0.0
0.5294117647058824,5.667186747652176,0.0
0.5490196078431373,5.667186747652176,0.0
0.5686274509803921,5.667186747652176,0.0
0.5882352941176471,5.667186747652176,0.0
0.6078431372549019,5.667186747652176,0.0
0.6274509803921569,5.667186747652176,0.0005714285714285715
0.6470588235294118,5.667186747652176,0.0
0.6666666666666666,5.667186747652176,0.0
0.6862745098039216,5.667186747652176,0.0
0.7058823529411764,5.667186747652176,0.0
0.7254901960784313,5.667186747652176,0.0
0.7450980392156863,5.667186747652176,0.0
0.7647058823529411,5.667186747652176,0.0005714285714285715
0.7843137254901961,5.667186747652176,0.0
0.803921568627451,5.667186747652176,0.0
0.8235294117647058,5.667186747652176,0.0
0.8431372549019608,5.667186747652176,0.0
0.8627450980392157,5.667186747652176,0.28685714285714287
0.8823529411764706,5.667186747652176,0.8102857142857143
0.9019607843137255,5.667186747652176,0.010285714285714285
0.9215686274509803,5.667186747652176,0.0
0.9411764705882353,5.667186747652176,0.0
0.9607843137254902,5.667186747652176,0.0
0.9803921568627451,5.667186747652176,0.0
1.0,5.667186747652176,0.0
0.0,5.91358617146314,0.0
0.0196078431372549,5.91358617146314,0.0
0.0392156862745098,5.91358617146314,0.0
0.058823529411764705,5.91358617146314,0.014857142857142857
0.0784313725490196,5.91358617146314,0.8748571428571429
0.09803921568627451,5.91358617146314,0.08571428571428572
0.11764705882352941,5.91358617146314,0.0
0.13725490196078433,5.91358617146314,0.0
0.1568627450980392,5.91358617146314,0.0
0.1764705882352941,5.91358617146314,0.0
0.19607843137254902,5.91358617146314,0.0
0.21568627450980393,5.91358617146314,0.0
0.23529411764705882,5.91358617146314,0.0
0.2549019607843137,5.91358617146314,0.0
0.27450980392156865,5.91358617146314,0.0
0.29411764705882354,5.91358617146314,0.0
0.3137254901960784,5.91358617146314,0.0
0.3333333333333333,5.91358617146314,0.0
0.3529411764705882,5.91358617146314,0.0
0.37254901960784315,5.91358617146314,0.0
0.39215686274509803,5.91358617146314,0.0
0.4117647058823529,5.91358617146314,0.0
0.43137254901960786,5.91358617146314,0.0005714285714285715
0.45098039215686275,5.91358617146314,0.0
0.47058823529411764,5.91358617146314,0.0
0.49019607843137253,5.91358617146314,0.0
0.5098039215686274,5.91358617146314,0.0
0.5294117647058824,5.91358617146314,0.0
0.5490196078431373,5.91358617146314,0.0
0.5686274509803921,5.91358617146314,0.0
0.5882352941176471,5.91358617146314,0.0
0.6078431372549019,5.91358617146314,0.0
0.6274509803921569,5.91358617146314,0.0
0.6470588235294118,5.91358617146314,0.0
0.6666666666666666,5.91358617146314,0.0
0.6862745098039216,5.91358617146314,0.0
0.7058823529411764,5.91358617146314,0.0
0.7254901960784313,5.91358617146314,0.0
0.7450980392156863,5.91358617146314,0.0
0.7647058823529411,5.91358617146314,0.0
0.7843137254901961,5.91358617146314,0.0
0.803921568627451,5.91358617146314,0.0
0.8235294117647058,5.91358617146314,0.0
0.8431372549019608,5.91358617146314,0.0
0.8627450980392157,5.91358617146314,0.0
0.8823529411764706,5.91358617146314,0.0
0.9019607843137255,5.91358617146314,0.1
0.9215686274509803,5.91358617146314,0.884
0.9411764705882353,5.91358617146314,0.009714285714285713
0.9607843137254902,5.91358617146314,0.0
0.9803921568627451,5.91358617146314,0.0
1.0,5.91358617146314,0.0
0.0,6.1599855952741045,0.0
0.0196078431372549,6.1599855952741045,0.010285714285714285
0.0392156862745098,6.1599855952741045,0.7131428571428572
0.058823529411764705,6.1599855952741045,0.021714285714285714
0.0784313725490196,6.1599855952741045,0.0
0.09803921568627451,6.1599855952741045,0.0
0.11764705882352941,6.1599855952741045,0.0
0.13725490196078433,6.1599855952741045,0.0
0.1568627450980392,6.1599855952741045,0.0
0.1764705882352941,6.1599855952741045,0.0
0.19607843137254902,6.1599855952741045,0.0
0.21568627450980393,6.1599855952741045,0.0
0.23529411764705882,6.1599855952741045,0.0
0.2549019607843137,6.1599855952741045,0.0
0.27450980392156865,6.1599855952741045,0.0
0.29411764705882354,6.1599855952741045,0.0
0.3137254901960784,6.1599855952741045,0.0
0.3333333333333333,6.1599855952741045,0.0
0.3529411764705882,6.1599855952741045,0.0
0.37254901960784315,6.1599855952741045,0.0
0.39215686274509803,6.1599855952741045,0.0
0.4117647058823529,6.1599855952741045,0.0
0.43137254901960786,6.1599855952741045,0.0
0.45098039215686275,6.1599855952741045,0.0
0.47058823529411764,6.1599855952741045,0.0
0.49019607843137253,6.1599855952741045,0.0
0.5098039215686274,6.1599855952741045,0.0
0.5294117647058824,6.1599855952741045,0.0
0.5490196078431373,6.1599855952741045,0.0
0.5686274509803921,6.1599855952741045,0.0
0.5882352941176471,6.1599855952741045,0.0
0.6078431372549019,6.1599855952741045,0.0
0.6274509803921569,6.1599855952741045,0.0
0.6470588235294118,6.1599855952741045,0.0
0.6666666666666666,6.1599855952741045,0.0
0.6862745098039216,6.1599855952741045,0.0
0.7058823529411764,6.1599855952741045,0.0
0.7254901960784313,6.1599855952741045,0.0
0.7450980392156863,6.1599855952741045,0.0
0.7647058823529411,6.1599855952741045,0.0
0.7843137254901961,6.1599855952741045,0.0
0.803921568627451,6.1599855952741045,0.0
0.8235294117647058,6.1599855952741045,0.0
0.8431372549019608,6.1599855952741045,0.0
0.8627450980392157,6.1599855952741045,0.0
0.8823529411764706,6.1599855952741045,0.0
0.9019607843137255,6.1599855952741045,0.0
0.9215686274509803,6.1599855952741045,0.0
0.9411764705882353,6.1599855952741045,0.022285714285714287
0.9607843137254902,6.1599855952741045,0.7314285714285714
0.9803921568627451,6.1599855952741045,0.009142857142857144
1.0,6.1599855952741045,0.0
0.0,6.406385019085068,0.9405714285714286
0.0196078431372549,6.406385019085068,0.013714285714285714
0.0392156862745098,6.406385019085068,0.0
0.058823529411764705,6.406385019085068,0.0
0.0784313725490196,6.406385019085068,0.0
0.09803921568627451,6.406385019085068,0.0
0.11764705882352941,6.406385019085068,0.0
0.13725490196078433,6.406385019085068,0.0
0.1568627450980392,6.406385019085068,0.0
0.1764705882352941,6.406385019085068,0.0
0.19607843137254902,6.406385019085068,0.0
0.21568627450980393,6.406385019085068,0.0
0.23529411764705882,6.406385019085068,0.0
0.2549019607843137,6.406385019085068,0.0
0.27450980392156865,6.406385019085068,0.0
0.29411764705882354,6.406385019085068,0.0
0.3137254901960784,6.406385019085068,0.0
0.3333333333333333,6.406385019085068,0.0
0.3529411764705882,6.406385019085068,0.0
0.37254901960784315,6.406385019085068,0.0
0.39215686274509803,6.406385019085068,0.0
0.4117647058823529,6.406385019085068,0.0
0.43137254901960786,6.406385019085068,0.0
0.45098039215686275,6.406385019085068,0.0
0.47058823529411764,6.406385019085068,0.0
0.49019607843137253,6.406385019085068,0.0
0.5098039215686274,6.406385019085068,0.0
0.5294117647058824,6.406385019085068,0.0
0.5490196078431373,6.406385019085068,0.0
0.5686274509803921,6.406385019085068,0.0
0.5882352941176471,6.406385019085068,0.0
0.6078431372549019,6.406385019085068,0.0
0.6274509803921569,6.406385019085068,0.0
0.6470588235294118,6.406385019085068,0.0
0.6666666666666666,6.406385019085068,0.0
0.6862745098039216,6.406385019085068,0.0
0.7058823529411764,6.406385019085068,0.0
0.7254901960784313,6.406385019085068,0.0
0.7450980392156863,6.406385019085068,0.0
0.7647058823529411,6.406385019085068,0.0
0.7843137254901961,6.406385019085068,0.0
0.803921568627451,6.406385019085068,0.0
0.8235294117647058,6.406385019085068,0.0
0.8431372549019608,6.406385019085068,0.0
0.8627450980392157,6.406385019085068,0.0
0.8823529411764706,6.406385019085068,0.0
0.9019607843137255,6.406385019085068,0.0
0.9215686274509803,6.406385019085068,0.0
0.9411764705882353,6.406385019085068,0.0
0.9607843137254902,6.406385019085068,0.0
0.9803921568627451,6.406385019085068,0.011428571428571429
1.0,6.406385019085068,0.94
0.0,6.652784442896032,0.0
0.0196078431372549,6.652784442896032,0.002857142857142857
0.0392156862745098,6.652784442896032,0.32971428571428574
0.058823529411764705,6.652784442896032,0.004571428571428572
0.0784313725490196,6.652784442896032,0.0
0.09803921568627451,6.652784442896032,0.0
0.11764705882352941,6.652784442896032,0.0
0.13725490196078433,6.652784442896032,0.0
0.1568627450980392,6.652784442896032,0.0
0.1764705882352941,6.652784442896032,0.0
0.19607843137254902,6.652784442896032,0.0
0.21568627450980393,6.652784442896032,0.0
0.23529411764705882,6.652784442896032,0.0
0.2549019607843137,6.652784442896032,0.0
0.27450980392156865,6.652784442896032,0.0
0.29411764705882354,6.652784442896032,0.0
0.3137254901960784,6.652784442896032,0.0
0.3333333333333333,6.652784442896032,0.0
0.3529411764705882,6.652784442896032,0.0
0.37254901960784315,6.652784442896032,0.0
0.39215686274509803,6.652784442896032,0.0
0.4117647058823529,6.652784442896032,0.0
0.43137254901960786,6.652784442896032,0.0
0.45098039215686275,6.652784442896032,0.0
0.47058823529411764,6.652784442896032,0.0
0.49019607843137253,6.652784442896032,0.0
0.5098039215686274,6.652784442896032,0.0
0.5294117647058824,6.652784442896032,0.0
0.5490196078431373,6.652784442896032,0.0
0.5686274509803921,6.652784442896032,0.0
0.5882352941176471,6.652784442896032,0.0
0.6078431372549019,6.652784442896032,0.0
0.6274509803921569,6.652784442896032,0.0
0.6470588235294118,6.652784442896032,0.0
0.6666666666666666,6.652784442896032,0.0
0.6862745098039216,6.652784442896032,0.0
0.7058823529411764,6.652784442896032,0.0
0.7254901960784313,6.652784442896032,0.0
0.7450980392156863,6.652784442896032,0.0
0.7647058823529411,6.652784442896032,0.0
0.7843137254901961,6.652784442896032,0.0
0.803921568627451,6.652784442896032,0.0
0.8235294117647058,6.652784442896032,0.0
0.8431372549019608,6.652784442896032,0.0
0.8627450980392157,6.652784442896032,0.0
0.8823529411764706,6.652784442896032,0.0
0.9019607843137255,6.652784442896032,0.0
0.9215686274509803,6.652784442896032,0.0
0.9411764705882353,6.652784442896032,0.0074285714285714285
0.9607843137254902,6.652784442896032,0.37257142857142855
0.9803921568627451,6.652784442896032,0.0017142857142857142
1.0,6.652784442896032,0.0
0.0,6.899183866706997,0.0
0.0196078431372549,6.899183866706997,0.0
0.0392156862745098,6.899183866706997,0.0
0.058823529411764705,6.899183866706997,0.001142857142857143
0.0784313725490196,6.899183866706997,0.5931428571428572
0.09803921568627451,6.899183866706997,0.002857142857142857
0.11764705882352941,6.899183866706997,0.0
0.13725490196078433,6.899183866706997,0.0
0.1568627450980392,6.899183866706997,0.0
0.1764705882352941,6.899183866706997,0.0
0.19607843137254902,6.899183866706997,0.0
0.21568627450980393,6.899183866706997,0.0
0.23529411764705882,6.899183866706997,0.0
0.2549019607843137,6.899183866706997,0.0
0.27450980392156865,6.899183866706997,0.0
0.29411764705882354,6.899183866706997,0.0
0.3137254901960784,6.899183866706997,0.0
0.3333333333333333,6.899183866706997,0.0
0.3529411764705882,6.899183866706997,0.0
0.37254901960784315,6.899183866706997,0.0
0.39215686274509803,6.899183866706997,0.0
0.4117647058823529,6.899183866706997,0.0
0.43137254901960786,6.899183866706997,0.0
0.45098039215686275,6.899183866706997,0.0
0.47058823529411764,6.899183866706997,0.0
0.49019607843137253,6.899183866706997,0.0
0.5098039215686274,6.899183866706997,0.0
0.5294117647058824,6.899183866706997,0.0
0.5490196078431373,6.899183866706997,0.0
0.5686274509803921,6.899183866706997,0.0
0.5882352941176471,6.899183866706997,0.0
0.6078431372549019,6.899183866706997,0.0
0.6274509803921569,6.899183866706997,0.0
0.6470588235294118,6.899183866706997,0.0
0.6666666666666666,6.899183866706997,0.0
0.6862745098039216,6.899183866706997,0.0
0.7058823529411764,6.899183866706997,0.0
0.7254901960784313,6.899183866706997,0.0
0.7450980392156863,6.899183866706997,0.0
0.7647058823529411,6.899183866706997,0.0
0.7843137254901961,6.899183866706997,0.0
0.803921568627451,6.899183866706997,0.0
0.8235294117647058,6.899183866706997,0.0
0.8431372549019608,6.899183866706997,0.0
0.8627450980392157,6.899183866706997,0.0
0.8823529411764706,6.899183866706997,0.0
0.9019607843137255,6.899183866706997,0.002285714285714286
0.9215686274509803,6.899183866706997,0.5971428571428572
0.9411764705882353,6.899183866706997,0.001142857142857143
0.9607843137254902,6.899183866706997,0.0
0.9803921568627451,6.899183866706997,0.0
1.0,6.899183866706997,0.0
0.0,7.145583290517961,0.0
0.0196078431372549,7.145583290517961,0.0
0.0392156862745098,7.145583290517961,0.0
0.058823529411764705,7.145583290517961,0.0
0.0784313725490196,7.145583290517961,0.0
0.09803921568627451,7.145583290517961,0.0017142857142857142
0.11764705882352941,7.145583290517961,0.6651428571428571
0.13725490196078433,7.145583290517961,0.006285714285714286
0.1568627450980392,7.145583290517961,0.0
0.1764705882352941,7.145583290517961,0.0
0.19607843137254902,7.145583290517961,0.0
0.21568627450980393,7.145583290517961,0.0
0.23529411764705882,7.145583290517961,0.0
0.2549019607843137,7.145583290517961,0.0
0.27450980392156865,7.145583290517961,0.0
0.29411764705882354,7.145583290517961,0.0
0.3137254901960784,7.145583290517961,0.0
0.3333333333333333,7.145583290517961,0.0
0.3529411764705882,7.145583290517961,0.0
0.37254901960784315,7.145583290517961,0.0
0.39215686274509803,7.145583290517961,0.0
0.4117647058823529,7.145583290517961,0.0
0.43137254901960786,7.145583290517961,0.0
0.45098039215686275,7.145583290517961,0.0
0.47058823529411764,7.145583290517961,0.0
0.49019607843137253,7.145583290517961,0.0
0.5098039215686274,7.145583290517961,0.0
0.5294117647058824,7.145583290517961,0.0
0.5490196078431373,7.145583290517961,0.0
0.5686274509803921,7.145583290517961,0.0
0.5882352941176471,7.145583290517961,0.0
0.6078431372549019,7.145583290517961,0.0
0.6274509803921569,7.145583290517961,0.0
0.6470588235294118,7.145583290517961,0.0
0.6666666666666666,7.145583290517961,0.0
0.6862745098039216,7.145583290517961,0.0
0.7058823529411764,7.145583290517961,0.0
0.7254901960784313,7.145583290517961,0.0
0.7450980392156863,7.145583290517961,0.0
0.7647058823529411,7.145583290517961,0.0
0.7843137254901961,7.145583290517961,0.0
0.803921568627451,7.145583290517961,0.0
0.8235294117647058,7.145583290517961,0.0
0.8431372549019608,7.145583290517961,0.0
0.8627450980392157,7.145583290517961,0.006857142857142857
0.8823529411764706,7.145583290517961,0.6685714285714286
0.9019607843137255,7.145583290517961,0.0005714285714285715
0.9215686274509803,7.145583290517961,0.0
0.9411764705882353,7.145583290517961,0.0
0.9607843137254902,7.145583290517961,0.0
0.9803921568627451,7.145583290517961,0.0
1.0,7.145583290517961,0.0
0.0,7.3919827143289245,0.0
0.0196078431372549,7.3919827143289245,0.0
0.0392156862745098,7.3919827143289245,0.0
0.058823529411764705,7.3919827143289245,0.0
0.0784313725490196,7.3919827143289245,0.0
0.09803921568627451,7.3919827143289245,0.0
0.11764705882352941,7.3919827143289245,0.0
0.13725490196078433,7.3919827143289245,0.0
0.1568627450980392,7.3919827143289245,0.5651428571428572
0.1764705882352941,7.3919827143289245,0.006857142857142857
0.19607843137254902,7.3919827143289245,0.0
0.21568627450980393,7.3919827143289245,0.0
0.23529411764705882,7.3919827143289245,0.0
0.2549019607843137,7.3919827143289245,0.0
0.27450980392156865,7.3919827143289245,0.0
0.29411764705882354,7.3919827143289245,0.0
0.3137254901960784,7.3919827143289245,0.0
0.3333333333333333,7.3919827143289245,0.0
0.3529411764705882,7.3919827143289245,0.0
0.37254901960784315,7.3919827143289245,0.0
0.39215686274509803,7.3919827143289245,0.0
0.4117647058823529,7.3919827143289245,0.0
0.43137254901960786,7.3919827143289245,0.0
0.45098039215686275,7.3919827143289245,0.0
0.47058823529411764,7.3919827143289245,0.0
0.49019607843137253,7.3919827143289245,0.0
0.5098039215686274,7.3919827143289245,0.0
0.5294117647058824,7.3919827143289245,0.0
0.5490196078431373,7.3919827143289245,0.0
0.5686274509803921,7.3919827143289245,0.0
0.5882352941176471,7.3919827143289245,0.0
0.6078431372549019,7.3919827143289245,0.0
0.6274509803921569,7.3919827143289245,0.0
0.6470588235294118,7.3919827143289245,0.0
0.6666666666666666,7.3919827143289245,0.0
0.6862745098039216,7.3919827143289245,0.0
0.7058823529411764,7.3919827143289245,0.0
0.7254901960784313,7.3919827143289245,0.0
0.7450980392156863,7.3919827143289245,0.0
0.7647058823529411,7.3919827143289245,0.0
0.7843137254901961,7.3919827143289245,0.0
0.803921568627451,7.3919827143289245,0.0
0.8235294117647058,7.3919827143289245,0.006857142857142857
0.8431372549019608,7.3919827143289245,0.5742857142857143
0.8627450980392157,7.3919827143289245,0.0
0.8823529411764706,7.3919827143289245,0.0
0.9019607843137255,7.3919827143289245,0.0
0.9215686274509803,7.3919827143289245,0.0
0.9411764705882353,7.3919827143289245,0.0
0.9607843137254902,7.3919827143289245,0.0
0.9803921568627451,7.3919827143289245,0.0
1.0,7.3919827143289245,0.0
0.0,7.638382138139889,0.0
0.0196078431372549,7.638382138139889,0.0
0.0392156862745098,7.638382138139889,0.0
0.058823529411764705,7.638382138139889,0.0
0.0784313725490196,7.638382138139889,0.0
0.09803921568627451,7.638382138139889,0.0
0.11764705882352941,7.638382138139889,0.0
0.13725490196078433,7.638382138139889,0.0
0.1568627450980392,7.638382138139889,0.0
0.1764705882352941,7.638382138139889,0.0
0.19607843137254902,7.638382138139889,0.5068571428571429
0.21568627450980393,7.638382138139889,0.010857142857142857
0.23529411764705882,7.638382138139889,0.0
0.2549019607843137,7.638382138139889,0.0
0.27450980392156865,7.638382138139889,0.0
0.29411764705882354,7.638382138139889,0.0
0.3137254901960784,7.638382138139889,0.0
0.3333333333333333,7.638382138139889,0.0
0.3529411764705882,7.638382138139889,0.0
0.37254901960784315,7.638382138139889,0.0
0.39215686274509803,7.638382138139889,0.0
0.4117647058823529,7.638382138139889,0.0
0.43137254901960786,7.638382138139889,0.0
0.45098039215686275,7.638382138139889,0.0
0.47058823529411764,7.638382138139889,0.0
0.49019607843137253,7.638382138139889,0.0
0.5098039215686274,7.638382138139889,0.0
0.5294117647058824,7.638382138139889,0.0
0.5490196078431373,7.638382138139889,0.0
0.5686274509803921,7.638382138139889,0.0
0.5882352941176471,7.638382138139889,0.0
0.6078431372549019,7.638382138139889,0.0
0.6274509803921569,7.638382138139889,0.0
0.6470588235294118,7.638382138139889,0.0
0.6666666666666666,7.638382138139889,0.0
0.6862745098039216,7.638382138139889,0.0
0.7058823529411764,7.638382138139889,0.0
0.7254901960784313,7.638382138139889,0.0
0.7450980392156863,7.638382138139889,0.0
0.7647058823529411,7.638382138139889,0.0
0.7843137254901961,7.638382138139889,0.006285714285714286
0.803921568627451,7.638382138139889,0.5097142857142857
0.8235294117647058,7.638382138139889,0.0005714285714285715
0.8431372549019608,7.638382138139889,0.0
0.8627450980392157,7.638382138139889,0.0
0.8823529411764706,7.638382138139889,0.0
0.9019607843137255,7.638382138139889,0.0
0.9215686274509803,7.638382138139889,0.0
0.9411764705882353,7.638382138139889,0.0
0.9607843137254902,7.638382138139889,0.0
0.9803921568627451,7.638382138139889,0.0
1.0,7.638382138139889,0.0
0.0,7.884781561950853,0.0
0.0196078431372549,7.884781561950853,0.0
0.0392156862745098,7.884781561950853,0.0
0.058823529411764705,7.884781561950853,0.0
0.0784313725490196,7.884781561950853,0.0
0.09803921568627451,7.884781561950853,0.0
0.11764705882352941,7.884781561950853,0.0
0.13725490196078433,7.884781561950853,0.0
0.1568627450980392,7.884781561950853,0.0
0.1764705882352941,7.884781561950853,0.0
0.19607843137254902,7.884781561950853,0.0
0.21568627450980393,7.884781561950853,0.0
0.23529411764705882,7.884781561950853,0.9045714285714286
0.2549019607843137,7.884781561950853,0.012
0.27450980392156865,7.884781561950853,0.0
0.29411764705882354,7.884781561950853,0.0
0.3137254901960784,7.884781561950853,0.0
0.3333333333333333,7.884781561950853,0.0
0.3529411764705882,7.884781561950853,0.0
0.37254901960784315,7.884781561950853,0.0
0.39215686274509803,7.884781561950853,0.0
0.4117647058823529,7.884781561950853,0.0
0.43137254901960786,7.884781561950853,0.0
0.45098039215686275,7.884781561950853,0.0
0.47058823529411764,7.884781561950853,0.0
0.49019607843137253,7.884781561950853,0.0
0.5098039215686274,7.884781561950853,0.0
0.5294117647058824,7.884781561950853,0.0
0.5490196078431373,7.884781561950853,0.0
0.5686274509803921,7.884781561950853,0.0
0.5882352941176471,7.884781561950853,0.0
0.6078431372549019,7.884781561950853,0.0
0.6274509803921569,7.884781561950853,0.0
0.6470588235294118,7.884781561950853,0.0
0.6666666666666666,7.884781561950853,0.0
0.6862745098039216,7.884781561950853,0.0
0.7058823529411764,7.884781561950853,0.0
0.7254901960784313,7.884781561950853,0.0
0.7450980392156863,7.884781561950853,0.011428571428571429
0.7647058823529411,7.884781561950853,0.9182857142857143
0.7843137254901961,7.884781561950853,0.0
0.803921568627451,7.884781561950853,0.0
0.8235294117647058,7.884781561950853,0.0
0.8431372549019608,7.884781561950853,0.0
0.8627450980392157,7.884781561950853,0.0
0.8823529411764706,7.884781561950853,0.0
0.9019607843137255,7.884781561950853,0.0
0.9215686274509803,7.884781561950853,0.0
0.9411764705882353,7.884781561950853,0.0
0.9607843137254902,7.884781561950853,0.0
0.9803921568627451,7.884781561950853,0.0
1.0,7.884781561950853,0.0
0.0,8.131180985761818,0.0
0.0196078431372549,8.131180985761818,0.0
0.0392156862745098,8.131180985761818,0.0
0.058823529411764705,8.131180985761818,0.0
0.0784313725490196,8.131180985761818,0.0
0.09803921568627451,8.131180985761818,0.0
0.11764705882352941,8.131180985761818,0.0
0.13725490196078433,8.131180985761818,0.0
0.1568627450980392,8.131180985761818,0.0
0.1764705882352941,8.131180985761818,0.0
0.19607843137254902,8.131180985761818,0.0
0.21568627450980393,8.131180985761818,0.0005714285714285715
0.23529411764705882,8.131180985761818,0.0
0.2549019607843137,8.131180985761818,0.0005714285714285715
0.27450980392156865,8.131180985761818,0.7422857142857143
0.29411764705882354,8.131180985761818,0.008
0.3137254901960784,8.131180985761818,0.0
0.3333333333333333,8.131180985761818,0.0
0.3529411764705882,8.131180985761818,0.0
0.37254901960784315,8.131180985761818,0.0
0.39215686274509803,8.131180985761818,0.0
0.4117647058823529,8.131180985761818,0.0
0.43137254901960786,8.131180985761818,0.0
0.45098039215686275,8.131180985761818,0.0
0.47058823529411764,8.131180985761818,0.0
0.49019607843137253,8.131180985761818,0.0
0.5098039215686274,8.131180985761818,0.0
0.5294117647058824,8.131180985761818,0.0
0.5490196078431373,8.131180985761818,0.0
0.5686274509803921,8.131180985761818,0.0
0.5882352941176471,8.131180985761818,0.0
0.6078431372549019,8.131180985761818,0.0
0.6274509803921569,8.131180985761818,0.0
0.6470588235294118,8.131180985761818,0.0
0.6666666666666666,8.131180985761818,0.0
0.6862745098039216,8.131180985761818,0.0
0.7058823529411764,8.131180985761818,0.010857142857142857
0.7254901960784313,8.131180985761818,0.7657142857142857
0.7450980392156863,8.131180985761818,0.0
0.7647058823529411,8.131180985761818,0.0
0.7843137254901961,8.131180985761818,0.0
0.803921568627451,8.131180985761818,0.0
0.8235294117647058,8.131180985761818,0.0
0.8431372549019608,8.131180985761818,0.0
0.8627450980392157,8.131180985761818,0.0
0.8823529411764706,8.131180985761818,0.0
0.9019607843137255,8.131180985761818,0.0
0.9215686274509803,8.131180985761818,0.0
0.9411764705882353,8.131180985761818,0.0
0.9607843137254902,8.131180985761818,0.0
0.9803921568627451,8.131180985761818,0.0
1.0,8.131180985761818,0.0
0.0,8.377580409572781,0.0
0.0196078431372549,8.377580409572781,0.0
0.0392156862745098,8.377580409572781,0.0
0.058823529411764705,8.377580409572781,0.0
0.0784313725490196,8.377580409572781,0.0
0.09803921568627451,8.377580409572781,0.0
0.11764705882352941,8.377580409572781,0.0
0.13725490196078433,8.377580409572781,0.0
0.1568627450980392,8.377580409572781,0.0
0.1764705882352941,8.377580409572781,0.0
0.19607843137254902,8.377580409572781,0.0
0.21568627450980393,8.377580409572781,0.0
0.23529411764705882,8.377580409572781,0.0
0.2549019607843137,8.377580409572781,0.0
0.27450980392156865,8.377580409572781,0.0
0.29411764705882354,8.377580409572781,0.0
0.3137254901960784,8.377580409572781,0.6605714285714286
0.3333333333333333,8.377580409572781,0.013714285714285714
0.3529411764705882,8.377580409572781,0.0
0.37254901960784315,8.377580409572781,0.0
0.39215686274509803,8.377580409572781,0.0
0.4117647058823529,8.377580409572781,0.0
0.43137254901960786,8.377580409572781,0.0
0.45098039215686275,8.377580409572781,0.0
0.47058823529411764,8.377580409572781,0.0
0.49019607843137253,8.377580409572781,0.0
0.5098039215686274,8.377580409572781,0.0
0.5294117647058824,8.377580409572781,0.0
0.5490196078431373,8.377580409572781,0.0
0.5686274509803921,8.377580409572781,0.0
0.5882352941176471,8.377580409572781,0.0
0.6078431372549019,8.377580409572781,0.0
0.6274509803921569,8.377580409572781,0.0
0.6470588235294118,8.377580409572781,0.0
0.6666666666666666,8.377580409572781,0.01657142857142857
0.6862745098039216,8.377580409572781,0.6525714285714286
0.7058823529411764,8.377580409572781,0.0
0.7254901960784313,8.377580409572781,0.0
0.7450980392156863,8.377580409572781,0.0
0.7647058823529411,8.377580409572781,0.0
0.7843137254901961,8.377580409572781,0.0
0.803921568627451,8.377580409572781,0.0
0.8235294117647058,8.377580409572781,0.0
0.8431372549019608,8.377580409572781,0.0
0.8627450980392157,8.377580409572781,0.0
0.8823529411764706,8.377580409572781,0.0
0.9019607843137255,8.377580409572781,0.0
0.9215686274509803,8.377580409572781,0.0
0.9411764705882353,8.377580409572781,0.0
0.9607843137254902,8.377580409572781,0.0
0.9803921568627451,8.377580409572781,0.0
1.0,8.377580409572781,0.0
0.0,8.623979833383746,0.0
0.0196078431372549,8.623979833383746,0.0
0.0392156862745098,8.623979833383746,0.0
0.058823529411764705,8.623979833383746,0.0
0.0784313725490196,8.623979833383746,0.0
0.09803921568627451,8.623979833383746,0.0
0.11764705882352941,8.623979833383746,0.0
0.13725490196078433,8.623979833383746,0.0
0.1568627450980392,8.623979833383746,0.0
0.1764705882352941,8.623979833383746,0.0
0.19607843137254902,8.623979833383746,0.0
0.21568627450980393,8.623979833383746,0.0
0.23529411764705882,8.623979833383746,0.0
0.2549019607843137,8.623979833383746,0.0
0.27450980392156865,8.623979833383746,0.0
0.29411764705882354,8.623979833383746,0.0
0.3137254901960784,8.623979833383746,0.0
0.3333333333333333,8.623979833383746,0.0
0.3529411764705882,8.623979833383746,0.6188571428571429
0.37254901960784315,8.623979833383746,0.010285714285714285
0.39215686274509803,8.623979833383746,0.0
0.4117647058823529,8.623979833383746,0.0
0.43137254901960786,8.623979833383746,0.0
0.45098039215686275,8.623979833383746,0.0
0.47058823529411764,8.623979833383746,0.0
0.49019607843137253,8.623979833383746,0.0
0.5098039215686274,8.623979833383746,0.0
0.5294117647058824,8.623979833383746,0.0
0.5490196078431373,8.623979833383746,0.0
0.5686274509803921,8.623979833383746,0.0
0.5882352941176471,8.623979833383746,0.0
0.6078431372549019,8.623979833383746,0.0
0.6274509803921569,8.623979833383746,0.012
0.6470588235294118,8.623979833383746,0.6531428571428571
0.6666666666666666,8.623979833383746,0.0
0.6862745098039216,8.623979833383746,0.0
0.7058823529411764,8.623979833383746,0.0
0.7254901960784313,8.623979833383746,0.0
0.7450980392156863,8.623979833383746,0.0
0.7647058823529411,8.623979833383746,0.0
0.7843137254901961,8.623979833383746,0.0
0.803921568627451,8.623979833383746,0.0
0.8235294117647058,8.623979833383746,0.0
0.8431372549019608,8.623979833383746,0.0
0.8627450980392157,8.623979833383746,0.0
0.8823529411764706,8.623979833383746,0.0
0.9019607843137255,8.623979833383746,0.0
0.9215686274509803,8.623979833383746,0.0
0.9411764705882353,8.623979833383746,0.0
0.9607843137254902,8.623979833383746,0.0
0.9803921568627451,8.623979833383746,0.0
1.0,8.623979833383746,0.0
0.0,8.87037925719471,0.0
0.0196078431372549,8.87037925719471,0.0
0.0392156862745098,8.87037925719471,0.0
0.058823529411764705,8.87037925719471,0.0
0.0784313725490196,8.87037925719471,0.0
0.09803921568627451,8.87037925719471,0.0
0.11764705882352941,8.87037925719471,0.0
0.13725490196078433,8.87037925719471,0.0
0.1568627450980392,8.87037925719471,0.0
0.1764705882352941,8.87037925719471,0.0
0.19607843137254902,8.87037925719471,0.0
0.21568627450980393,8.87037925719471,0.0
0.23529411764705882,8.87037925719471,0.0
0.2549019607843137,8.87037925719471,0.0
0.27450980392156865,8.87037925719471,0.0
0.29411764705882354,8.87037925719471,0.0
0.3137254901960784,8.87037925719471,0.0
0.3333333333333333,8.87037925719471,0.0
0.3529411764705882,8.87037925719471,0.0
0.37254901960784315,8.87037925719471,0.0
0.39215686274509803,8.87037925719471,0.6182857142857143
0.4117647058823529,8.87037925719471,0.009142857142857144
0.43137254901960786,8.87037925719471,0.0
0.45098039215686275,8.87037925719471,0.0
0.47058823529411764,8.87037925719471,0.0
0.49019607843137253,8.87037925719471,0.0
0.5098039215686274,8.87037925719471,0.0
0.5294117647058824,8.87037925719471,0.0
0.5490196078431373,8.87037925719471,0.0
0.5686274509803921,8.87037925719471,0.0
0.5882352941176471,8.87037925719471,0.012
0.6078431372549019,8.87037925719471,0.6108571428571429
0.6274509803921569,8.87037925719471,0.0
0.6470588235294118,8.87037925719471,0.0
0.6666666666666666,8.87037925719471,0.0
0.6862745098039216,8.87037925719471,0.0
0.7058823529411764,8.87037925719471,0.0
0.7254901960784313,8.87037925719471,0.0
0.7450980392156863,8.87037925719471,0.0
0.7647058823529411,8.87037925719471,0.0
0.7843137254901961,8.87037925719471,0.0
0.803921568627451,8.87037925719471,0.0
0.8235294117647058,8.87037925719471,0.0
0.8431372549019608,8.87037925719471,0.0
0.8627450980392157,8.87037925719471,0.0
0.8823529411764706,8.87037925719471,0.0
0.9019607843137255,8.87037925719471,0.0
0.9215686274509803,8.87037925719471,0.0
0.9411764705882353,8.87037925719471,0.0
0.9607843137254902,8.87037925719471,0.0
0.9803921568627451,8.87037925719471,0.0
1.0,8.87037925719471,0.0
0.0,9.116778681005673,0.0
0.0196078431372549,9.116778681005673,0.0
0.0392156862745098,9.116778681005673,0.0
0.058823529411764705,9.116778681005673,0.0
0.0784313725490196,9.116778681005673,0.0
0.09803921568627451,9.116778681005673,0.0
0.11764705882352941,9.116778681005673,0.0
0.13725490196078433,9.116778681005673,0.0
0.1568627450980392,9.116778681005673,0.0
0.1764705882352941,9.116778681005673,0.0
0.19607843137254902,9.116778681005673,0.0
0.21568627450980393,9.116778681005673,0.0
0.23529411764705882,9.116778681005673,0.0
0.2549019607843137,9.116778681005673,0.0
0.27450980392156865,9.116778681005673,0.0
0.29411764705882354,9.116778681005673,0.0
0.3137254901960784,9.116778681005673,0.0
0.3333333333333333,9.116778681005673,0.0
0.3529411764705882,9.116778681005673,0.0
0.37254901960784315,9.116778681005673,0.0
0.39215686274509803,9.116778681005673,0.0
0.4117647058823529,9.116778681005673,0.0
0.43137254901960786,9.116778681005673,0.5742857142857143
0.45098039215686275,9.116778681005673,0.012571428571428572
0.47058823529411764,9.116778681005673,0.0
0.49019607843137253,9.116778681005673,0.0
0.5098039215686274,9.116778681005673,0.0
0.5294117647058824,9.116778681005673,0.0
0.5490196078431373,9.116778681005673,0.013714285714285714
0.5686274509803921,9.116778681005673,0.5765714285714286
0.5882352941176471,9.116778681005673,0.0
0.6078431372549019,9.116778681005673,0.0
0.6274509803921569,9.116778681005673,0.0
0.6470588235294118,9.116778681005673,0.0
0.6666666666666666,9.116778681005673,0.0
0.6862745098039216,9.116778681005673,0.0
0.7058823529411764,9.116778681005673,0.0
0.7254901960784313,9.116778681005673,0.0
0.7450980392156863,9.116778681005673,0.0
0.7647058823529411,9.116778681005673,0.0
0.7843137254901961,9.116778681005673,0.0
0.803921568627451,9.116778681005673,0.0
0.8235294117647058,9.116778681005673,0.0
0.8431372549019608,9.116778681005673,0.0
0.8627450980392157,9.116778681005673,0.0
0.8823529411764706,9.116778681005673,0.0
0.9019607843137255,9.116778681005673,0.0
0.9215686274509803,9.116778681005673,0.0
0.9411764705882353,9.116778681005673,0.0
0.9607843137254902,9.116778681005673,0.0
0.9803921568627451,9.116778681005673,0.0
1.0,9.116778681005673,0.0
0.0,9.363178104816638,0.0
0.0196078431372549,9.363178104816638,0.0
0.0392156862745098,9.363178104816638,0.0
0.058823529411764705,9.363178104816638,0.0
0.0784313725490196,9.363178104816638,0.0
0.09803921568627451,9.363178104816638,0.0
0.11764705882352941,9.363178104816638,0.0
0.13725490196078433,9.363178104816638,0.0
0.1568627450980392,9.363178104816638,0.0
0.1764705882352941,9.363178104816638,0.0
0.19607843137254902,9.363178104816638,0.0
0.21568627450980393,9.363178104816638,0.0
0.23529411764705882,9.363178104816638,0.0
0.2549019607843137,9.363178104816638,0.0
0.27450980392156865,9.363178104816638,0.0
0.29411764705882354,9.363178104816638,0.0
0.3137254901960784,9.363178104816638,0.0
0.3333333333333333,9.363178104816638,0.0
0.3529411764705882,9.363178104816638,0.0
0.37254901960784315,9.363178104816638,0.0
0.39215686274509803,9.363178104816638,0.0
0.4117647058823529,9.363178104816638,0.0
0.43137254901960786,9.363178104816638,0.0
0.45098039215686275,9.363178104816638,0.0
0.47058823529411764,9.363178104816638,0.5337142857142857
0.49019607843137253,9.363178104816638,0.010285714285714285
0.5098039215686274,9.363178104816638,0.008571428571428572
0.5294117647058824,9.363178104816638,0.5531428571428572
0.5490196078431373,9.363178104816638,0.0
0.5686274509803921,9.363178104816638,0.0
0.5882352941176471,9.363178104816638,0.0
0.6078431372549019,9.363178104816638,0.0
0.6274509803921569,9.363178104816638,0.0
0.6470588235294118,9.363178104816638,0.0
0.6666666666666666,9.363178104816638,0.0
0.6862745098039216,9.363178104816638,0.0
0.7058823529411764,9.363178104816638,0.0
0.7254901960784313,9.363178104816638,0.0
0.7450980392156863,9.363178104816638,0.0
0.7647058823529411,9.363178104816638,0.0
0.7843137254901961,9.363178104816638,0.0
0.803921568627451,9.363178104816638,0.0
0.8235294117647058,9.363178104816638,0.0
0.8431372549019608,9.363178104816638,0.0
0.8627450980392157,9.363178104816638,0.0
0.8823529411764706,9.363178104816638,0.0
0.9019607843137255,9.363178104816638,0.0
0.9215686274509803,9.363178104816638,0.0
0.9411764705882353,9.363178104816638,0.0
0.9607843137254902,9.363178104816638,0.0
0.9803921568627451,9.363178104816638,0.0
1.0,9.363178104816638,0.0
0.0,9.609577528627602,0.0
0.0196078431372549,9.609577528627602,0.0
0.0392156862745098,9.609577528627602,0.0
0.058823529411764705,9.609577528627602,0.0
0.0784313725490196,9.609577528627602,0.0
0.09803921568627451,9.609577528627602,0.0
0.11764705882352941,9.609577528627602,0.0
0.13725490196078433,9.609577528627602,0.0
0.1568627450980392,9.609577528627602,0.0
0.1764705882352941,9.609577528627602,0.0
0.19607843137254902,9.609577528627602,0.0
0.21568627450980393,9.609577528627602,0.0
0.23529411764705882,9.609577528627602,0.0
0.2549019607843137,9.609577528627602,0.0
0.27450980392156865,9.609577528627602,0.0
0.29411764705882354,9.609577528627602,0.0
0.3137254901960784,9.609577528627602,0.0
0.3333333333333333,9.609577528627602,0.0
0.3529411764705882,9.609577528627602,0.0
0.37254901960784315,9.609577528627602,0.0
0.39215686274509803,9.609577528627602,0.0
0.4117647058823529,9.609577528627602,0.0
0.43137254901960786,9.609577528627602,0.0
0.45098039215686275,9.609577528627602,0.0
0.47058823529411764,9.609577528627602,0.002857142857142857
0.49019607843137253,9.609577528627602,0.36914285714285716
0.5098039215686274,9.609577528627602,0.33485714285714285
0.5294117647058824,9.609577528627602,0.002285714285714286
0.5490196078431373,9.609577528627602,0.0
0.5686274509803921,9.609577528627602,0.0
0.5882352941176471,9.609577528627602,0.0
0.6078431372549019,9.609577528627602,0.0
0.6274509803921569,9.609577528627602,0.0
0.6470588235294118,9.609577528627602,0.0
0.6666666666666666,9.609577528627602,0.0
0.6862745098039216,9.609577528627602,0.0
0.7058823529411764,9.609577528627602,0.0
0.7254901960784313,9.609577528627602,0.0
0.7450980392156863,9.609577528627602,0.0
0.7647058823529411,9.609577528627602,0.0
0.7843137254901961,9.609577528627602,0.0
0.803921568627451,9.609577528627602,0.0
0.8235294117647058,9.609577528627602,0.0
0.8431372549019608,9.609577528627602,0.0
0.8627450980392157,9.609577528627602,0.0
0.8823529411764706,9.609577528627602,0.0
0.9019607843137255,9.609577528627602,0.0
0.9215686274509803,9.609577528627602,0.0
0.9411764705882353,9.609577528627602,0.0
0.9607843137254902,9.609577528627602,0.0
0.9803921568627451,9.609577528627602,0.0
1.0,9.609577528627602,0.0
0.0,9.855976952438567,0.0
0.0196078431372549,9.855976952438567,0.0
0.0392156862745098,9.855976952438567,0.0
0.058823529411764705,9.855976952438567,0.0
0.0784313725490196,9.855976952438567,0.0
0.09803921568627451,9.855976952438567,0.0
0.11764705882352941,9.855976952438567,0.0
0.13725490196078433,9.855976952438567,0.0
0.1568627450980392,9.855976952438567,0.0
0.1764705882352941,9.855976952438567,0.0
0.19607843137254902,9.855976952438567,0.0
0.21568627450980393,9.855976952438567,0.0
0.23529411764705882,9.855976952438567,0.0
0.2549019607843137,9.855976952438567,0.0
0.27450980392156865,9.855976952438567,0.0
0.29411764705882354,9.855976952438567,0.0
0.3137254901960784,9.855976952438567,0.0
0.3333333333333333,9.855976952438567,0.0
0.3529411764705882,9.855976952438567,0.0
0.37254901960784315,9.855976952438567,0.0
0.39215686274509803,9.855976952438567,0.0
0.4117647058823529,9.855976952438567,0.0
0.43137254901960786,9.855976952438567,0.009714285714285713
0.45098039215686275,9.855976952438567,0.3668571428571429
0.47058823529411764,9.855976952438567,0.0
0.49019607843137253,9.855976952438567,0.0
0.5098039215686274,9.855976952438567,0.0
0.5294117647058824,9.855976952438567,0.0
0.5490196078431373,9.855976952438567,0.37085714285714283
0.5686274509803921,9.855976952438567,0.0074285714285714285
0.5882352941176471,9.855976952438567,0.0
0.6078431372549019,9.855976952438567,0.0
0.6274509803921569,9.855976952438567,0.0
0.6470588235294118,9.855976952438567,0.0
0.6666666666666666,9.855976952438567,0.0
0.6862745098039216,9.855976952438567,0.0
0.7058823529411764,9.855976952438567,0.0
0.7254901960784313,9.855976952438567,0.0
0.7450980392156863,9.855976952438567,0.0
0.7647058823529411,9.855976952438567,0.0
0.7843137254901961,9.855976952438567,0.0
0.803921568627451,9.855976952438567,0.0
0.8235294117647058,9.855976952438567,0.0
0.8431372549019608,9.855976952438567,0.0
0.8627450980392157,9.855976952438567,0.0
0.8823529411764706,9.855976952438567,0.0
0.9019607843137255,9.855976952438567,0.0
0.9215686274509803,9.855976952438567,0.0
0.9411764705882353,9.855976952438567,0.0
0.9607843137254902,9.855976952438567,0.0
0.9803921568627451,9.855976952438567,0.0
1.0,9.855976952438567,0.0
0.0,10.10237637624953,0.0
0.0196078431372549,10.10237637624953,0.0
0.0392156862745098,10.10237637624953,0.0
0.058823529411764705,10.10237637624953,0.0
0.0784313725490196,10.10237637624953,0.0
0.09803921568627451,10.10237637624953,0.0
0.11764705882352941,10.10237637624953,0.0
0.13725490196078433,10.10237637624953,0.0
0.1568627450980392,10.10237637624953,0.0
0.1764705882352941,10.10237637624953,0.0
0.19607843137254902,10.10237637624953,0.0
0.21568627450980393,10.10237637624953,0.0
0.23529411764705882,10.10237637624953,0.0
0.2549019607843137,10.10237637624953,0.0
0.27450980392156865,10.10237637624953,0.0
0.29411764705882354,10.10237637624953,0.0
0.3137254901960784,10.10237637624953,0.0
0.3333333333333333,10.10237637624953,0.0
0.3529411764705882,10.10237637624953,0.0
0.37254901960784315,10.10237637624953,0.0
0.39215686274509803,10.10237637624953,0.008
0.4117647058823529,10.10237637624953,0.4085714285714286
0.43137254901960786,10.10237637624953,0.0
0.45098039215686275,10.10237637624953,0.0
0.47058823529411764,10.10237637624953,0.0
0.49019607843137253,10.10237637624953,0.0
0.5098039215686274,10.10237637624953,0.0
0.5294117647058824,10.10237637624953,0.0
0.5490196078431373,10.10237637624953,0.0
0.5686274509803921,10.10237637624953,0.0
0.5882352941176471,10.10237637624953,0.3902857142857143
0.6078431372549019,10.10237637624953,0.0074285714285714285
0.6274509803921569,10.10237637624953,0.0
0.6470588235294118,10.10237637624953,0.0
0.6666666666666666,10.10237637624953,0.0
0.6862745098039216,10.10237637624953,0.0
0.7058823529411764,10.10237637624953,0.0
0.7254901960784313,10.10237637624953,0.0
0.7450980392156863,10.10237637624953,0.0
0.7647058823529411,10.10237637624953,0.0
0.7843137254901961,10.10237637624953,0.0
0.803921568627451,10.10237637624953,0.0
0.8235294117647058,10.10237637624953,0.0
0.8431372549019608,10.10237637624953,0.0
0.8627450980392157,10.10237637624953,0.0
0.8823529411764706,10.10237637624953,0.0
0.9019607843137255,10.10237637624953,0.0
0.9215686274509803,10.10237637624953,0.0
0.9411764705882353,10.10237637624953,0.0
0.9607843137254902,10.10237637624953,0.0
0.9803921568627451,10.10237637624953,0.0
1.0,10.10237637624953,0.0
0.0,10.348775800060494,0.0
0.0196078431372549,10.348775800060494,0.0
0.0392156862745098,10.348775800060494,0.0
0.058823529411764705,10.348775800060494,0.0
0.0784313725490196,10.348775800060494,0.0
0.09803921568627451,10.348775800060494,0.0
0.11764705882352941,10.348775800060494,0.0
0.13725490196078433,10.348775800060494,0.0
0.1568627450980392,10.348775800060494,0.0
0.1764705882352941,10.348775800060494,0.0
0.19607843137254902,10.348775800060494,0.0
0.21568627450980393,10.348775800060494,0.0
0.23529411764705882,10.348775800060494,0.0
0.2549019607843137,10.348775800060494,0.0
0.27450980392156865,10.348775800060494,0.0
0.29411764705882354,10.348775800060494,0.0
0.3137254901960784,10.348775800060494,0.0
0.3333333333333333,10.348775800060494,0.0
0.3529411764705882,10.348775800060494,0.008571428571428572
0.37254901960784315,10.348775800060494,0.33885714285714286
0.39215686274509803,10.348775800060494,0.0
0.4117647058823529,10.348775800060494,0.0
0.43137254901960786,10.348775800060494,0.0
0.45098039215686275,10.348775800060494,0.0
0.47058823529411764,10.348775800060494,0.0
0.49019607843137253,10.348775800060494,0.0
0.5098039215686274,10.348775800060494,0.0
0.5294117647058824,10.348775800060494,0.0
0.5490196078431373,10.348775800060494,0.0
0.5686274509803921,10.348775800060494,0.0
0.5882352941176471,10.348775800060494,0.0
0.6078431372549019,10.348775800060494,0.0
0.6274509803921569,10.348775800060494,0.316
0.6470588235294118,10.348775800060494,0.010857142857142857
0.6666666666666666,10.348775800060494,0.0
0.6862745098039216,10.348775800060494,0.0
0.7058823529411764,10.348775800060494,0.0
0.7254901960784313,10.348775800060494,0.0
0.7450980392156863,10.348775800060494,0.0
0.7647058823529411,10.348775800060494,0.0
0.7843137254901961,10.348775800060494,0.0
0.803921568627451,10.348775800060494,0.0
0.8235294117647058,10.348775800060494,0.0
0.8431372549019608,10.348775800060494,0.0
0.8627450980392157,10.348775800060494,0.0
0.8823529411764706,10.348775800060494,0.0
0.9019607843137255,10.348775800060494,0.0
0.9215686274509803,10.348775800060494,0.0
0.9411764705882353,10.348775800060494,0.0
0.9607843137254902,10.348775800060494,0.0
0.9803921568627451,10.348775800060494,0.0
1.0,10.348775800060494,0.0
0.0,10.59517522387146,0.0
0.0196078431372549,10.59517522387146,0.0
0.0392156862745098,10.59517522387146,0.0
0.058823529411764705,10.59517522387146,0.0
0.0784313725490196,10.59517522387146,0.0
0.09803921568627451,10.59517522387146,0.0
0.11764705882352941,10.59517522387146,0.0
0.13725490196078433,10.59517522387146,0.0
0.1568627450980392,10.59517522387146,0.0
0.1764705882352941,10.59517522387146,0.0
0.19607843137254902,10.59517522387146,0.0
0.21568627450980393,10.59517522387146,0.0
0.23529411764705882,10.59517522387146,0.0
0.2549019607843137,10.59517522387146,0.0
0.27450980392156865,10.59517522387146,0.0
0.29411764705882354,10.59517522387146,0.0
0.3137254901960784,10.59517522387146,0.005142857142857143
0.3333333333333333,10.59517522387146,0.29314285714285715
0.3529411764705882,10.59517522387146,0.0
0.37254901960784315,10.59517522387146,0.0
0.39215686274509803,10.59517522387146,0.0
0.4117647058823529,10.59517522387146,0.0
0.43137254901960786,10.59517522387146,0.0
0.45098039215686275,10.59517522387146,0.0
0.47058823529411764,10.59517522387146,0.0
0.49019607843137253,10.59517522387146,0.0
0.5098039215686274,10.59517522387146,0.0
0.5294117647058824,10.59517522387146,0.0
0.5490196078431373,10.59517522387146,0.0
0.5686274509803921,10.59517522387146,0.0
0.5882352941176471,10.59517522387146,0.0
0.6078431372549019,10.59517522387146,0.0
0.6274509803921569,10.59517522387146,0.0
0.6470588235294118,10.59517522387146,0.0
0.6666666666666666,10.59517522387146,0.2834285714285714
0.6862745098039216,10.59517522387146,0.008571428571428572
0.7058823529411764,10.59517522387146,0.0
0.7254901960784313,10.59517522387146,0.0
0.7450980392156863,10.59517522387146,0.0
0.7647058823529411,10.59517522387146,0.0
0.7843137254901961,10.59517522387146,0.0
0.803921568627451,10.59517522387146,0.0
0.8235294117647058,10.59517522387146,0.0
0.8431372549019608,10.59517522387146,0.0
0.8627450980392157,10.59517522387146,0.0
0.8823529411764706,10.59517522387146,0.0
0.9019607843137255,10.59517522387146,0.0
0.9215686274509803,10.59517522387146,0.0
0.9411764705882353,10.59517522387146,0.0
0.9607843137254902,10.59517522387146,0.0
0.9803921568627451,10.59517522387146,0.0
1.0,10.59517522387146,0.0
0.0,10.841574647682423,0.0
0.0196078431372549,10.841574647682423,0.0
0.0392156862745098,10.841574647682423,0.0
0.058823529411764705,10.841574647682423,0.0
0.0784313725490196,10.841574647682423,0.0
0.09803921568627451,10.841574647682423,0.0
0.11764705882352941,10.841574647682423,0.0
0.13725490196078433,10.841574647682423,0.0
0.1568627450980392,10.841574647682423,0.0
0.1764705882352941,10.841574647682423,0.0
0.19607843137254902,10.841574647682423,0.0
0.21568627450980393,10.841574647682423,0.0
0.23529411764705882,10.841574647682423,0.0
0.2549019607843137,10.841574647682423,0.0
0.27450980392156865,10.841574647682423,0.0074285714285714285
0.29411764705882354,10.841574647682423,0.25314285714285717
0.3137254901960784,10.841574647682423,0.0
0.3333333333333333,10.841574647682423,0.0
0.3529411764705882,10.841574647682423,0.0
0.37254901960784315,10.841574647682423,0.0
0.39215686274509803,10.841574647682423,0.0
0.4117647058823529,10.841574647682423,0.0
0.43137254901960786,10.841574647682423,0.0
0.45098039215686275,10.841574647682423,0.0
0.47058823529411764,10.841574647682423,0.0
0.49019607843137253,10.841574647682423,0.0
0.5098039215686274,10.841574647682423,0.0
0.5294117647058824,10.841574647682423,0.0
0.5490196078431373,10.841574647682423,0.0
0.5686274509803921,10.841574647682423,0.0
0.5882352941176471,10.841574647682423,0.0
0.6078431372549019,10.841574647682423,0.0
0.6274509803921569,10.841574647682423,0.0
0.6470588235294118,10.841574647682423,0.0
0.6666666666666666,10.841574647682423,0.0
0.6862745098039216,10.841574647682423,0.0
0.7058823529411764,10.841574647682423,0.23085714285714284
0.7254901960784313,10.841574647682423,0.008
0.7450980392156863,10.841574647682423,0.0
0.7647058823529411,10.841574647682423,0.0
0.7843137254901961,10.841574647682423,0.0
0.803921568627451,10.841574647682423,0.0
0.8235294117647058,10.841574647682423,0.0
0.8431372549019608,10.841574647682423,0.0
0.8627450980392157,10.841574647682423,0.0
0.8823529411764706,10.841574647682423,0.0
0.9019607843137255,10.841574647682423,0.0
0.9215686274509803,10.841574647682423,0.0
0.9411764705882353,10.841574647682423,0.0
0.9607843137254902,10.841574647682423,0.0
0.9803921568627451,10.841574647682423,0.0
1.0,10.841574647682423,0.0
0.0,11.087974071493388,0.0
0.0196078431372549,11.087974071493388,0.0
0.0392156862745098,11.087974071493388,0.0
0.058823529411764705,11.087974071493388,0.0
0.0784313725490196,11.087974071493388,0.0
0.09803921568627451,11.087974071493388,0.0
0.11764705882352941,11.087974071493388,0.0
0.13725490196078433,11.087974071493388,0.0
0.1568627450980392,11.087974071493388,0.0
0.1764705882352941,11.087974071493388,0.0
0.19607843137254902,11.087974071493388,0.0
0.21568627450980393,11.087974071493388,0.0
0.23529411764705882,11.087974071493388,0.014285714285714285
0.2549019607843137,11.087974071493388,0.42342857142857143
0.27450980392156865,11.087974071493388,0.0
0.29411764705882354,11.087974071493388,0.0
0.3137254901960784,11.087974071493388,0.0
0.3333333333333333,11.087974071493388,0.0
0.3529411764705882,11.087974071493388,0.0
0.37254901960784315,11.087974071493388,0.0
0.39215686274509803,11.087974071493388,0.0
0.4117647058823529,11.087974071493388,0.0
0.43137254901960786,11.087974071493388,0.0
0.45098039215686275,11.087974071493388,0.0
0.47058823529411764,11.087974071493388,0.0
0.49019607843137253,11.087974071493388,0.0
0.5098039215686274,11.087974071493388,0.0
0.5294117647058824,11.087974071493388,0.0
0.5490196078431373,11.087974071493388,0.0
0.5686274509803921,11.087974071493388,0.0
0.5882352941176471,11.087974071493388,0.0
0.6078431372549019,11.087974071493388,0.0
0.6274509803921569,11.087974071493388,0.0
0.6470588235294118,11.087974071493388,0.0
0.6666666666666666,11.087974071493388,0.0
0.6862745098039216,11.087974071493388,0.0
0.7058823529411764,11.087974071493388,0.0
0.7254901960784313,11.087974071493388,0.0
0.7450980392156863,11.087974071493388,0.43942857142857145
0.7647058823529411,11.087974071493388,0.014285714285714285
0.7843137254901961,11.087974071493388,0.0
0.803921568627451,11.087974071493388,0.0
0.8235294117647058,11.087974071493388,0.0
0.8431372549019608,11.087974071493388,0.0
0.8627450980392157,11.087974071493388,0.0
0.8823529411764706,11.087974071493388,0.0
0.9019607843137255,11.087974071493388,0.0
0.9215686274509803,11.087974071493388,0.0
0.9411764705882353,11.087974071493388,0.0
0.9607843137254902,11.087974071493388,0.0
0.9803921568627451,11.087974071493388,0.0
1.0,11.087974071493388,0.0
0.0,11.334373495304352,0.0
0.0196078431372549,11.334373495304352,0.0
0.0392156862745098,11.334373495304352,0.0
0.058823529411764705,11.334373495304352,0.0
0.0784313725490196,11.334373495304352,0.0
0.09803921568627451,11.334373495304352,0.0
0.11764705882352941,11.334373495304352,0.0
0.13725490196078433,11.334373495304352,0.0
0.1568627450980392,11.334373495304352,0.0
0.1764705882352941,11.334373495304352,0.0
0.19607843137254902,11.334373495304352,0.008571428571428572
0.21568627450980393,11.334373495304352,0.232
0.23529411764705882,11.334373495304352,0.0
0.2549019607843137,11.334373495304352,0.0
0.27450980392156865,11.334373495304352,0.0
0.29411764705882354,11.334373495304352,0.0
0.3137254901960784,11.334373495304352,0.0
0.3333333333333333,11.334373495304352,0.0
0.3529411764705882,11.334373495304352,0.0
0.37254901960784315,11.334373495304352,0.0
0.39215686274509803,11.334373495304352,0.0
0.4117647058823529,11.334373495304352,0.0
0.43137254901960786,11.334373495304352,0.0
0.45098039215686275,11.334373495304352,0.0
0.47058823529411764,11.334373495304352,0.0
0.49019607843137253,11.334373495304352,0.0
0.5098039215686274,11.334373495304352,0.0
0.5294117647058824,11.334373495304352,0.0
0.5490196078431373,11.334373495304352,0.0
0.5686274509803921,11.334373495304352,0.0
0.5882352941176471,11.334373495304352,0.0
0.6078431372549019,11.334373495304352,0.0
0.6274509803921569,11.334373495304352,0.0
0.6470588235294118,11.334373495304352,0.0
0.6666666666666666,11.334373495304352,0.0
0.6862745098039216,11.334373495304352,0.0
0.7058823529411764,11.334373495304352,0.0
0.7254901960784313,11.334373495304352,0.0
0.7450980392156863,11.334373495304352,0.0
0.7647058823529411,11.334373495304352,0.0
0.7843137254901961,11.334373495304352,0.22228571428571428
0.803921568627451,11.334373495304352,0.011428571428571429
0.8235294117647058,11.334373495304352,0.0
0.8431372549019608,11.334373495304352,0.0
0.8627450980392157,11.334373495304352,0.0
0.8823529411764706,11.334373495304352,0.0
0.9019607843137255,11.334373495304352,0.0
0.9215686274509803,11.334373495304352,0.0
0.9411764705882353,11.334373495304352,0.0
0.9607843137254902,11.334373495304352,0.0
0.9803921568627451,11.334373495304352,0.0
1.0,11.334373495304352,0.0
0.0,11.580772919115315,0.0
0.0196078431372549,11.580772919115315,0.0
0.0392156862745098,11.580772919115315,0.0
0.058823529411764705,11.580772919115315,0.0
0.0784313725490196,11.580772919115315,0.0
0.09803921568627451,11.580772919115315,0.0
0.11764705882352941,11.580772919115315,0.0
0.13725490196078433,11.580772919115315,0.0
0.1568627450980392,11.580772919115315,0.005714285714285714
0.1764705882352941,11.580772919115315,0.1382857142857143
0.19607843137254902,11.580772919115315,0.0
0.21568627450980393,11.580772919115315,0.0005714285714285715
0.23529411764705882,11.580772919115315,0.0
0.2549019607843137,11.580772919115315,0.0
0.27450980392156865,11.580772919115315,0.0
0.29411764705882354,11.580772919115315,0.0
0.3137254901960784,11.580772919115315,0.0
0.3333333333333333,11.580772919115315,0.0
0.3529411764705882,11.580772919115315,0.0
0.37254901960784315,11.580772919115315,0.0
0.39215686274509803,11.580772919115315,0.0
0.4117647058823529,11.580772919115315,0.0
0.43137254901960786,11.580772919115315,0.0
0.45098039215686275,11.580772919115315,0.0
0.47058823529411764,11.580772919115315,0.0
0.49019607843137253,11.580772919115315,0.0
0.5098039215686274,11.580772919115315,0.0
0.5294117647058824,11.580772919115315,0.0
0.5490196078431373,11.580772919115315,0.0
0.5686274509803921,11.580772919115315,0.0
0.5882352941176471,11.580772919115315,0.0
0.6078431372549019,11.580772919115315,0.0
0.6274509803921569,11.580772919115315,0.0
0.6470588235294118,11.580772919115315,0.0
0.6666666666666666,11.580772919115315,0.0
0.6862745098039216,11.580772919115315,0.0
0.7058823529411764,11.580772919115315,0.0
0.7254901960784313,11.580772919115315,0.0
0.7450980392156863,11.580772919115315,0.0
0.7647058823529411,11.580772919115315,0.0
0.7843137254901961,11.580772919115315,0.0
0.803921568627451,11.580772919115315,0.0
0.8235294117647058,11.580772919115315,0.1417142857142857
0.8431372549019608,11.580772919115315,0.0074285714285714285
0.8627450980392157,11.580772919115315,0.0
0.8823529411764706,11.580772919115315,0.0
0.9019607843137255,11.580772919115315,0.0
0.9215686274509803,11.580772919115315,0.0
0.9411764705882353,11.580772919115315,0.0
0.9607843137254902,11.580772919115315,0.0
0.9803921568627451,11.580772919115315,0.0
1.0,11.580772919115315,0.0
0.0,11.82717234292628,0.0
0.0196078431372549,11.82717234292628,0.0
0.0392156862745098,11.82717234292628,0.0
0.058823529411764705,11.82717234292628,0.0
0.0784313725490196,11.82717234292628,0.0
0.09803921568627451,11.82717234292628,0.0
0.11764705882352941,11.82717234292628,0.009142857142857144
0.13725490196078433,11.82717234292628,0.08285714285714285
0.1568627450980392,11.82717234292628,0.0
0.1764705882352941,11.82717234292628,0.0005714285714285715
0.19607843137254902,11.82717234292628,0.0
0.21568627450980393,11.82717234292628,0.0
0.23529411764705882,11.82717234292628,0.0
0.2549019607843137,11.82717234292628,0.0
0.27450980392156865,11.82717234292628,0.0
0.29411764705882354,11.82717234292628,0.0
0.3137254901960784,11.82717234292628,0.0
0.3333333333333333,11.82717234292628,0.0
0.3529411764705882,11.82717234292628,0.0
0.37254901960784315,11.82717234292628,0.0
0.39215686274509803,11.82717234292628,0.0
0.4117647058823529,11.82717234292628,0.0
0.43137254901960786,11.82717234292628,0.0
0.45098039215686275,11.82717234292628,0.0
0.47058823529411764,11.82717234292628,0.0
0.49019607843137253,11.82717234292628,0.0
0.5098039215686274,11.82717234292628,0.0
0.5294117647058824,11.82717234292628,0.0
0.5490196078431373,11.82717234292628,0.0
0.5686274509803921,11.82717234292628,0.0
0.5882352941176471,11.82717234292628,0.0
0.6078431372549019,11.82717234292628,0.0
0.6274509803921569,11.82717234292628,0.0
0.6470588235294118,11.82717234292628,0.0
0.6666666666666666,11.82717234292628,0.0
0.6862745098039216,11.82717234292628,0.0
0.7058823529411764,11.82717234292628,0.0
0.7254901960784313,11.82717234292628,0.0
0.7450980392156863,11.82717234292628,0.0
0.7647058823529411,11.82717234292628,0.0
0.7843137254901961,11.82717234292628,0.0
0.803921568627451,11.82717234292628,0.0
0.8235294117647058,11.82717234292628,0.0
0.8431372549019608,11.82717234292628,0.0
0.8627450980392157,11.82717234292628,0.05885714285714286
0.8823529411764706,11.82717234292628,0.009714285714285713
0.9019607843137255,11.82717234292628,0.0
0.9215686274509803,11.82717234292628,0.0
0.9411764705882353,11.82717234292628,0.0
0.9607843137254902,11.82717234292628,0.0
0.9803921568627451,11.82717234292628,0.0
1.0,11.82717234292628,0.0
0.0,12.073571766737244,0.0
0.0196078431372549,12.073571766737244,0.0
0.0392156862745098,12.073571766737244,0.0
0.058823529411764705,12.073571766737244,0.0
0.0784313725490196,12.073571766737244,0.0074285714285714285
0.09803921568627451,12.073571766737244,0.037142857142857144
0.11764705882352941,12.073571766737244,0.0
0.13725490196078433,12.073571766737244,0.0
0.1568627450980392,12.073571766737244,0.0
0.1764705882352941,12.073571766737244,0.0
0.19607843137254902,12.073571766737244,0.0
0.21568627450980393,12.073571766737244,0.0
0.23529411764705882,12.073571766737244,0.0
0.2549019607843137,12.073571766737244,0.0
0.27450980392156865,12.073571766737244,0.0
0.29411764705882354,12.073571766737244,0.0
0.3137254901960784,12.073571766737244,0.0
0.3333333333333333,12.073571766737244,0.0
0.3529411764705882,12.073571766737244,0.0
0.37254901960784315,12.073571766737244,0.0
0.39215686274509803,12.073571766737244,0.0
0.4117647058823529,12.073571766737244,0.0
0.43137254901960786,12.073571766737244,0.0
0.45098039215686275,12.073571766737244,0.0
0.47058823529411764,12.073571766737244,0.0
0.49019607843137253,12.073571766737244,0.0
0.5098039215686274,12.073571766737244,0.0
0.5294117647058824,12.073571766737244,0.0
0.5490196078431373,12.073571766737244,0.0
0.5686274509803921,12.073571766737244,0.0
0.5882352941176471,12.073571766737244,0.0
0.6078431372549019,12.073571766737244,0.0
0.6274509803921569,12.073571766737244,0.0
0.6470588235294118,12.073571766737244,0.0
0.6666666666666666,12.073571766737244,0.0
0.6862745098039216,12.073571766737244,0.0
0.7058823529411764,12.073571766737244,0.0
0.7254901960784313,12.073571766737244,0.0
0.7450980392156863,12.073571766737244,0.0
0.7647058823529411,12.073571766737244,0.0
0.7843137254901961,12.073571766737244,0.0
0.803921568627451,12.073571766737244,0.0
0.8235294117647058,12.073571766737244,0.0
0.8431372549019608,12.073571766737244,0.0
0.8627450980392157,12.073571766737244,0.0
0.8823529411764706,12.073571766737244,0.0
0.9019607843137255,12.073571766737244,0.03314285714285714
0.9215686274509803,12.073571766737244,0.009142857142857144
0.9411764705882353,12.073571766737244,0.0
0.9607843137254902,12.073571766737244,0.0
0.9803921568627451,12.073571766737244,0.0
1.0,12.073571766737244,0.0
0.0,12.319971190548209,0.0
0.0196078431372549,12.319971190548209,0.0
0.0392156862745098,12.319971190548209,0.011428571428571429
0.058823529411764705,12.319971190548209,0.021142857142857144
0.0784313725490196,12.319971190548209,0.0
0.09803921568627451,12.319971190548209,0.0
0.11764705882352941,12.319971190548209,0.0
0.13725490196078433,12.319971190548209,0.0
0.1568627450980392,12.319971190548209,0.0
0.1764705882352941,12.319971190548209,0.0
0.19607843137254902,12.319971190548209,0.0
0.21568627450980393,12.319971190548209,0.0
0.23529411764705882,12.319971190548209,0.0
0.2549019607843137,12.319971190548209,0.0
0.27450980392156865,12.319971190548209,0.0
0.29411764705882354,12.319971190548209,0.0
0.3137254901960784,12.319971190548209,0.0
0.3333333333333333,12.319971190548209,0.0
0.3529411764705882,12.319971190548209,0.0
0.37254901960784315,12.319971190548209,0.0
0.39215686274509803,12.319971190548209,0.0
0.4117647058823529,12.319971190548209,0.0
0.43137254901960786,12.319971190548209,0.0
0.45098039215686275,12.319971190548209,0.0
0.47058823529411764,12.319971190548209,0.0
0.49019607843137253,12.319971190548209,0.0
0.5098039215686274,12.319971190548209,0.0
0.5294117647058824,12.319971190548209,0.0
0.5490196078431373,12.319971190548209,0.0
0.5686274509803921,12.319971190548209,0.0
0.5882352941176471,12.319971190548209,0.0
0.6078431372549019,12.319971190548209,0.0
0.6274509803921569,12.319971190548209,0.0
0.6470588235294118,12.319971190548209,0.0
0.6666666666666666,12.319971190548209,0.0
0.6862745098039216,12.319971190548209,0.0
0.7058823529411764,12.319971190548209,0.0
0.7254901960784313,12.319971190548209,0.0
0.7450980392156863,12.319971190548209,0.0
0.7647058823529411,12.319971190548209,0.0
0.7843137254901961,12.319971190548209,0.0
0.803921568627451,12.319971190548209,0.0
0.8235294117647058,12.319971190548209,0.0
0.8431372549019608,12.319971190548209,0.0
0.8627450980392157,12.319971190548209,0.0
0.8823529411764706,12.319971190548209,0.0
0.9019607843137255,12.319971190548209,0.0
0.9215686274509803,12.319971190548209,0.0
0.9411764705882353,12.319971190548209,0.017142857142857144
0.9607843137254902,12.319971190548209,0.009714285714285713
0.9803921568627451,12.319971190548209,0.0
1.0,12.319971190548209,0.0
0.0,12.566370614359172,0.012571428571428572
0.0196078431372549,12.566370614359172,0.014285714285714285
0.0392156862745098,12.566370614359172,0.0
0.058823529411764705,12.566370614359172,0.0
0.0784313725490196,12.566370614359172,0.0
0.09803921568627451,12.566370614359172,0.0
0.11764705882352941,12.566370614359172,0.0
0.13725490196078433,12.566370614359172,0.0
0.1568627450980392,12.566370614359172,0.0
0.1764705882352941,12.566370614359172,0.0
0.19607843137254902,12.566370614359172,0.0
0.21568627450980393,12.566370614359172,0.0
0.23529411764705882,12.566370614359172,0.0
0.2549019607843137,12.566370614359172,0.0
0.27450980392156865,12.566370614359172,0.0
0.29411764705882354,12.566370614359172,0.0
0.3137254901960784,12.566370614359172,0.0
0.3333333333333333,12.566370614359172,0.0
0.3529411764705882,12.566370614359172,0.0
0.37254901960784315,12.566370614359172,0.0
0.39215686274509803,12.566370614359172,0.0
0.4117647058823529,12.566370614359172,0.0
0.43137254901960786,12.566370614359172,0.0
0.45098039215686275,12.566370614359172,0.0
0.47058823529411764,12.566370614359172,0.0
0.49019607843137253,12.566370614359172,0.0
0.5098039215686274,12.566370614359172,0.0
0.5294117647058824,12.566370614359172,0.0
0.5490196078431373,12.566370614359172,0.0
0.5686274509803921,12.566370614359172,0.0
0.5882352941176471,12.566370614359172,0.0
0.6078431372549019,12.566370614359172,0.0
0.6274509803921569,12.566370614359172,0.0
0.6470588235294118,12.566370614359172,0.0
0.6666666666666666,12.566370614359172,0.0
0.6862745098039216,12.566370614359172,0.0
0.7058823529411764,12.566370614359172,0.0
0.7254901960784313,12.566370614359172,0.0
0.7450980392156863,12.566370614359172,0.0
0.7647058823529411,12.566370614359172,0.0
0.7843137254901961,12.566370614359172,0.0
0.803921568627451,12.566370614359172,0.0
0.8235294117647058,12.566370614359172,0.0
0.8431372549019608,12.566370614359172,0.0
0.8627450980392157,12.566370614359172,0.0
0.8823529411764706,12.566370614359172,0.0
0.9019607843137255,12.566370614359172,0.0
0.9215686274509803,12.566370614359172,0.0
0.9411764705882353,12.566370614359172,0.0
0.9607843137254902,12.566370614359172,0.0
0.9803921568627451,12.566370614359172,0.009142857142857144
1.0,12.566370614359172,0.014285714285714285
