speed_mode,a,b_cycles_per_model_unit,drive_omega_rad_per_model_unit,mean_sync,std_sync,drive_lock,collective_drive_lock,frequency_error,sync_gain_vs_no_drive,sync_variability_change_vs_no_drive,drive_lock_gain_vs_no_drive,frequency_error_improvement_vs_no_drive
fast,0.0,0.5257270925156543,3.303240743280602,0.37360098636927147,0.14970503890289152,0.03771305608245926,0.11665794544962492,3.064385431060445,0.0,0.0,0.0,0.0
fast,0.0,0.5652498348060164,3.5515694569388505,0.37360098636927147,0.14970503890289152,0.053812190949986585,0.09085852592360166,2.816056717402196,0.0,0.0,0.0,0.0
fast,0.0,0.6047725770963785,3.7998981705970993,0.37360098636927147,0.14970503890289152,0.03808099465191933,0.05523769212338674,2.567728003743947,0.0,0.0,0.0,0.0
fast,0.0,0.6442953193867407,4.048226884255348,0.37360098636927147,0.14970503890289152,0.07474285869952915,0.07097545696802965,2.3193992900856992,0.0,0.0,0.0,0.0
fast,0.0,0.6838180616771029,4.296555597913597,0.37360098636927147,0.14970503890289152,0.06257526983633455,0.12613948649631987,2.0710705764274495,0.0,0.0,0.0,0.0
fast,0.0,0.723340803967465,4.544884311571845,0.37360098636927147,0.14970503890289152,0.12269073214855963,0.18667597383834933,1.8227418627692011,0.0,0.0,0.0,0.0
fast,0.0,0.7628635462578272,4.793213025230094,0.37360098636927147,0.14970503890289152,0.07921663338556462,0.07222861838735803,1.5744131491109523,0.0,0.0,0.0,0.0
fast,0.0,0.8023862885481894,5.041541738888343,0.37360098636927147,0.14970503890289152,0.2726510658722918,0.40383866196374335,1.3260844354527035,0.0,0.0,0.0,0.0
fast,0.0,0.8419090308385515,5.289870452546592,0.37360098636927147,0.14970503890289152,0.44746790265821446,0.6661999577134776,1.082094701988481,0.0,0.0,0.0,0.0
fast,0.0,0.8814317731289136,5.538199166204841,0.37360098636927147,0.14970503890289152,0.420140357420684,0.48674910847956915,0.9871499792441938,0.0,0.0,0.0,0.0
fast,0.0,0.9209545154192758,5.7865278798630895,0.37360098636927147,0.14970503890289152,0.18312163817816715,0.1847003416240889,0.9595578999488328,0.0,0.0,0.0,0.0
fast,0.0,0.9604772577096379,6.034856593521337,0.37360098636927147,0.14970503890289152,0.25671608505856447,0.27222283250979096,0.9319658206534719,0.0,0.0,0.0,0.0
fast,0.0,1.0,6.283185307179586,0.37360098636927147,0.14970503890289152,0.2966890125456364,0.35746484671372364,0.9069153428275504,0.0,0.0,0.0,0.0
fast,0.0,1.0395227422903621,6.531514020837835,0.37360098636927147,0.14970503890289152,0.2997766248228606,0.44154447122885543,0.9715047644655009,0.0,0.0,0.0,0.0
fast,0.0,1.0790454845807242,6.779842734496083,0.37360098636927147,0.14970503890289152,0.21407169415492439,0.36357289658491154,1.0641690953057426,0.0,0.0,0.0,0.0
fast,0.0,1.1185682268710866,7.028171448154334,0.37360098636927147,0.14970503890289152,0.16362781873420398,0.17131792799859352,1.2021294917825485,0.0,0.0,0.0,0.0
fast,0.0,1.1580909691614485,7.276500161812581,0.37360098636927147,0.14970503890289152,0.0945392938357903,0.07158618857547139,1.3400898882593522,0.0,0.0,0.0,0.0
fast,0.0,1.1976137114518108,7.52482887547083,0.37360098636927147,0.14970503890289152,0.12487031978362798,0.09591755263328411,1.4780502847361578,0.0,0.0,0.0,0.0
fast,0.0,1.2371364537421727,7.773157589129077,0.37360098636927147,0.14970503890289152,0.1652540742177533,0.25169993968996485,1.6160106812129618,0.0,0.0,0.0,0.0
fast,0.0,1.276659196032535,8.021486302787327,0.37360098636927147,0.14970503890289152,0.19701233257912223,0.29416142598978373,1.7711297665563763,0.0,0.0,0.0,0.0
fast,0.0,1.3161819383228972,8.269815016445577,0.37360098636927147,0.14970503890289152,0.14900387692717723,0.19755473223031023,1.9642743216239038,0.0,0.0,0.0,0.0
fast,0.0,1.3557046806132593,8.518143730103825,0.37360098636927147,0.14970503890289152,0.14322908963387132,0.20764052480231981,2.163213945070025,0.0,0.0,0.0,0.0
fast,0.0,1.3952274229036215,8.766472443762073,0.37360098636927147,0.14970503890289152,0.13700144700924008,0.17954716199601461,2.398846269421026,0.0,0.0,0.0,0.0
fast,0.0,1.4347501651939836,9.014801157420322,0.37360098636927147,0.14970503890289152,0.07213836870274075,0.12459183529135717,2.647174983079276,0.0,0.0,0.0,0.0
fast,0.0,1.4742729074843457,9.26312987107857,0.37360098636927147,0.14970503890289152,0.07279275853958714,0.11554284931626164,2.8955036967375234,0.0,0.0,0.0,0.0
fast,0.198662970926599,0.5257270925156543,3.303240743280602,0.32421060542478086,0.15409343765600755,0.06009812998430205,0.20895266938868348,3.0469425644105312,-0.04939038094449061,0.0043883987531160296,0.022385073901842786,0.01744286664991357
fast,0.198662970926599,0.5652498348060164,3.5515694569388505,0.338296414528868,0.13820497720661915,0.04611479137137783,0.09435124827025732,2.814556963829916,-0.035304571840403476,-0.011500061696272379,-0.007697399578608752,0.0014997535722800492
fast,0.198662970926599,0.6047725770963785,3.7998981705970993,0.3413600563270517,0.16336131730135262,0.04973444875551994,0.06874704758486705,2.561854219777123,-0.032240930042219784,0.013656278398461091,0.011653454103600608,0.005873783966824142
fast,0.198662970926599,0.6442953193867407,4.048226884255348,0.3390578693551842,0.1395924798802159,0.08370361145689569,0.08530315746372114,2.3043502429340412,-0.03454311701408724,-0.010112559022675632,0.008960752757366533,0.015049047151658002
fast,0.198662970926599,0.6838180616771029,4.296555597913597,0.34020120167973933,0.15684159199683556,0.0741007799809342,0.18414567959964434,2.0685290835676877,-0.03339978468953214,0.007136553093944037,0.011525510144599654,0.002541492859761796
fast,0.198662970926599,0.723340803967465,4.544884311571845,0.35270700655225407,0.1774579402165332,0.14663406462127865,0.24322534329339157,1.803021487906392,-0.020893979817017405,0.027752901313641665,0.023943332472719014,0.019720374862809198
fast,0.198662970926599,0.7628635462578272,4.793213025230094,0.30137529521531364,0.13653144278220886,0.1567495223921776,0.31727615052667396,1.557102139335206,-0.07222569115395783,-0.013173596120682668,0.07753288900661298,0.01731100977574629
fast,0.198662970926599,0.8023862885481894,5.041541738888343,0.3822805143333106,0.15326178580903468,0.3921207731914572,0.6776474907268606,1.269578917951229,0.008679527964039147,0.00355674690614316,0.1194697073191654,0.05650551750147459
fast,0.198662970926599,0.8419090308385515,5.289870452546592,0.4474068874386186,0.16046665628267556,0.5424544096397246,0.8122383753485387,1.016832022268437,0.07380590106934715,0.010761617379784039,0.09498650698151012,0.06526267972004396
fast,0.198662970926599,0.8814317731289136,5.538199166204841,0.45303386270617096,0.19049505717339657,0.5595309946336621,0.7664806730547723,0.8594864086690752,0.0794328763368995,0.040790018270505046,0.13939063721297806,0.12766357057511857
fast,0.198662970926599,0.9209545154192758,5.7865278798630895,0.26720200770673486,0.1312436441838138,0.3024379264918844,0.4209647212445873,0.9089838879184207,-0.10639897866253661,-0.018461394719077734,0.11931628831371724,0.05057401203041212
fast,0.198662970926599,0.9604772577096379,6.034856593521337,0.3797875711417552,0.16343989196290676,0.37047549016241094,0.39097079792850137,0.8566451702578329,0.006186584772483739,0.013734853060015234,0.11375940510384647,0.07532065039563896
fast,0.198662970926599,1.0,6.283185307179586,0.35968111780277096,0.16808868501887123,0.43105286459901326,0.5682846702122085,0.8342528420800367,-0.013919868566500515,0.0183836461159797,0.13436385205337686,0.07266250074751368
fast,0.198662970926599,1.0395227422903621,6.531514020837835,0.4154921665781768,0.15744087250599642,0.43743943337844793,0.7110242486773227,0.867933219797473,0.04189118020890531,0.007735833603104897,0.13766280855558732,0.10357154466802798
fast,0.198662970926599,1.0790454845807242,6.779842734496083,0.31470617763847253,0.1345313952999707,0.2321516076380987,0.3577543791071782,1.0427640102576696,-0.05889480873079894,-0.015173643602920811,0.01807991348317431,0.021405085048072925
fast,0.198662970926599,1.1185682268710866,7.028171448154334,0.357545085931026,0.14843240214076214,0.16430271069198332,0.17251455663035076,1.155338225596748,-0.016055900438245452,-0.001272636762129381,0.0006748919577793389,0.04679126618580054
fast,0.198662970926599,1.1580909691614485,7.276500161812581,0.34416613188066014,0.1682948932199466,0.1153332713914871,0.14234815071990475,1.301980056619259,-0.02943485448861133,0.018589854317055066,0.0207939775556968,0.038109831640093184
fast,0.198662970926599,1.1976137114518108,7.52482887547083,0.31686674564367545,0.15402163795234708,0.12503983761133663,0.09065980596310427,1.4569354278226843,-0.05673424072559602,0.004316599049455555,0.00016951782770865953,0.02111485691347359
fast,0.198662970926599,1.2371364537421727,7.773157589129077,0.3462159484674491,0.1659429286223992,0.20587229308920896,0.27874784867094926,1.5629269922068256,-0.027385037901822396,0.01623788971950768,0.04061821887145567,0.05308368900613614
fast,0.198662970926599,1.276659196032535,8.021486302787327,0.35694001285845667,0.1543074007252851,0.2063872370029085,0.32958599425230717,1.7195026357590821,-0.016660973510814803,0.004602361822393569,0.009374904423786273,0.051627130797294196
fast,0.198662970926599,1.3161819383228972,8.269815016445577,0.329194662278662,0.1266374322572275,0.2569909522982086,0.13640107468387888,1.9139618301498027,-0.04440632409060946,-0.023067606645664013,0.10798707537103139,0.050312491474101106
fast,0.198662970926599,1.3557046806132593,8.518143730103825,0.3692324100347545,0.1628442669501628,0.175730718643004,0.29302047327018926,2.1436876627450507,-0.004368576334516983,0.013139228047271273,0.03250162900913267,0.019526282324974442
fast,0.198662970926599,1.3952274229036215,8.766472443762073,0.44369352551985414,0.18010450337449646,0.1568439054430468,0.20054144202197005,2.3559333299579475,0.07009253915058267,0.030399464471604937,0.01984245843380672,0.042912939463078725
fast,0.198662970926599,1.4347501651939836,9.014801157420322,0.32749960259571487,0.14678028216275182,0.0588027008033942,0.06786557260333054,2.640878896971955,-0.0461013837735566,-0.0029247567401397,-0.013335667899346551,0.006296086107320686
fast,0.198662970926599,1.4742729074843457,9.26312987107857,0.3368780702576437,0.13105768310953686,0.07454355117767311,0.12462830972408008,2.8860204793981947,-0.03672291611162776,-0.018647355793354664,0.001750792638085974,0.009483217339328665
fast,0.397325941853198,0.5257270925156543,3.303240743280602,0.36214753121406423,0.13269504706985774,0.0768411178553115,0.19536290304169246,3.0190531262327243,-0.011453455155207237,-0.017009991833033783,0.03912806177285224,0.04533230482772055
fast,0.397325941853198,0.5652498348060164,3.5515694569388505,0.3431992001614145,0.1483331705195815,0.08057244665001184,0.1743141930256222,2.774199659096018,-0.030401786207856996,-0.001371868383310021,0.026760255700025257,0.04185705830617792
fast,0.397325941853198,0.6047725770963785,3.7998981705970993,0.3363711713549047,0.15562133849324325,0.10200772887166756,0.15263968021180674,2.5102734103263016,-0.037229815014366785,0.005916299590351726,0.06392673421974823,0.05745459341764558
fast,0.397325941853198,0.6442953193867407,4.048226884255348,0.36250702657778144,0.1655107876616972,0.11245100884133613,0.28651864492677515,2.255253284850056,-0.011093959791490027,0.015805748758805666,0.03770815014180698,0.06414600523564307
fast,0.397325941853198,0.6838180616771029,4.296555597913597,0.3455366425140888,0.14591480754561137,0.1453735872134567,0.3554484631706642,2.0044886805074675,-0.028064343855182694,-0.003790231357280155,0.08279831737712215,0.06658189591998198
fast,0.397325941853198,0.723340803967465,4.544884311571845,0.33028152761967033,0.16072605851036742,0.18620982788298984,0.3037253067677943,1.7400791509064413,-0.043319458749601136,0.011021019607475896,0.06351909573443021,0.08266271186275986
fast,0.397325941853198,0.7628635462578272,4.793213025230094,0.3629125645548079,0.17335930376755315,0.3057604177774693,0.6167756873183534,1.4851500791762065,-0.010688421814463556,0.023654264864661628,0.2265437843919047,0.08926306993474586
fast,0.397325941853198,0.8023862885481894,5.041541738888343,0.4931589038875387,0.16646076425828304,0.5431649141601704,0.8974108747273879,1.1245179536132979,0.11955791751826722,0.01675572535539152,0.2705138482878786,0.20156648183940562
fast,0.397325941853198,0.8419090308385515,5.289870452546592,0.5185222680611343,0.16029197601504058,0.5793614461285527,0.8846858603265739,0.9672749420891638,0.14492128169186286,0.010586937112149059,0.13189354347033821,0.11481975989931725
fast,0.397325941853198,0.8814317731289136,5.538199166204841,0.4937732004201285,0.17663315781101607,0.6270903795663059,0.8588984863068894,0.7890794818555891,0.12017221405085704,0.02692811890812455,0.20695002214562186,0.19807049738860472
fast,0.397325941853198,0.9209545154192758,5.7865278798630895,0.47331676390962696,0.11698067346378632,0.7495915862144877,0.9392564323955901,0.6241554401252272,0.09971577754035549,-0.0327243654391052,0.5664699480363206,0.3354024598236056
fast,0.397325941853198,0.9604772577096379,6.034856593521337,0.36085081584578527,0.13317905433306207,0.6580993407713536,0.8168475072821602,0.6134293264867232,-0.012750170523486204,-0.016525984569829455,0.4013832557127891,0.3185364941667487
fast,0.397325941853198,1.0,6.283185307179586,0.3975403336222227,0.15799881446771036,0.6026594024739058,0.8227965615819353,0.6784609653219658,0.023939347252951215,0.008293775564818834,0.3059703899282694,0.22845437750558462
fast,0.397325941853198,1.0395227422903621,6.531514020837835,0.41775079236150464,0.20533065581483084,0.5178899234756791,0.7571234303898139,0.7803317704886292,0.04414980599223317,0.05562561691193932,0.21811329865281848,0.1911729939768717
fast,0.397325941853198,1.0790454845807242,6.779842734496083,0.4085985731865303,0.22207090623610082,0.47753951892786645,0.6362123057257254,0.8774775594745785,0.03499758681725884,0.0723658673332093,0.26346782477294206,0.18669153583116405
fast,0.397325941853198,1.1185682268710866,7.028171448154334,0.39050532801468224,0.14335230368125385,0.2738630673712195,0.43271831440630726,1.0868389639401952,0.01690434164541077,-0.006352735221637679,0.11023524863701553,0.11529052784235327
fast,0.397325941853198,1.1580909691614485,7.276500161812581,0.3017152423110081,0.1426469505808766,0.21489647511194493,0.054947033058076744,1.2418730870378503,-0.07188574405826337,-0.007058088322014933,0.12035718127615463,0.09821680122150189
fast,0.397325941853198,1.1976137114518108,7.52482887547083,0.31186331586028937,0.14308197518512925,0.255357645402139,0.04878064812622421,1.3569842432694028,-0.0617376705089821,-0.006623063717762279,0.13048732561851104,0.12106604146675504
fast,0.397325941853198,1.2371364537421727,7.773157589129077,0.35667018824378954,0.16970882032536017,0.26810183473302784,0.22351106406345905,1.505240807314752,-0.016930798125481927,0.02000378142246864,0.10284776051527456,0.11076987389820969
fast,0.397325941853198,1.276659196032535,8.021486302787327,0.3400335523171884,0.14228634586364408,0.3228391456006564,0.3070128211468822,1.6275252813361756,-0.03356743405208307,-0.007418693039247443,0.12582681302153417,0.14360448522020075
fast,0.397325941853198,1.3161819383228972,8.269815016445577,0.3694360120262713,0.17604516237111673,0.3308078251776547,0.4703726318021169,1.8126019028523541,-0.004164974343000172,0.0263401234682252,0.1818039482504775,0.1516724187715497
fast,0.397325941853198,1.3557046806132593,8.518143730103825,0.3710574099794798,0.1543364131196182,0.23996072304665442,0.3216608938324941,2.082551558883258,-0.0025435763897916908,0.004631374216726686,0.0967316334127831,0.08066238618676724
fast,0.397325941853198,1.3952274229036215,8.766472443762073,0.3683108163445646,0.16329221001814148,0.232454968966612,0.41351686502063634,2.297327532130426,-0.005290170024706886,0.013587171115249957,0.09545352195737192,0.10151873729060013
fast,0.397325941853198,1.4347501651939836,9.014801157420322,0.3701420412929811,0.16678831207359734,0.1399235625503678,0.3090905209998212,2.5651404008756495,-0.003458945076290354,0.01708327317070582,0.06778519384762706,0.08203458220362636
fast,0.397325941853198,1.4742729074843457,9.26312987107857,0.3868944691606888,0.15014639352628478,0.09269256036182628,0.21859162584029573,2.8505369360242185,0.013293482791417344,0.0004413546233932586,0.019899801822239147,0.044966760713304854
fast,0.5959889127797969,0.5257270925156543,3.303240743280602,0.3337997370302429,0.12542157426579334,0.12503085969372593,0.27828069672970046,2.9664495304171004,-0.039801249339028566,-0.024283464637098184,0.08731780361126668,0.09793590064334445
fast,0.5959889127797969,0.5652498348060164,3.5515694569388505,0.34833583525993517,0.1562273865238081,0.12975688817308878,0.2599909055885507,2.695992304202866,-0.025265151109336303,0.00652234762091658,0.0759446972231022,0.12006441319933003
fast,0.5959889127797969,0.6047725770963785,3.7998981705970993,0.37420099918956706,0.1530476796733928,0.17409439050080755,0.4238018543172336,2.4437511524325757,0.0006000128202955923,0.0033426407705012817,0.13601339584888822,0.12397685131137148
fast,0.5959889127797969,0.6442953193867407,4.048226884255348,0.38595572038095893,0.153599723545832,0.1876601651080404,0.40791830770083193,2.1765837170968467,0.012354734011687463,0.003894684642940488,0.11291730640851125,0.1428155729888525
fast,0.5959889127797969,0.6838180616771029,4.296555597913597,0.3512627526119642,0.1767282042031696,0.2445764573032372,0.5908342235985937,1.905900447329662,-0.022338233757307258,0.027023165300278068,0.18200118746690266,0.1651701290977876
fast,0.5959889127797969,0.723340803967465,4.544884311571845,0.4262060659811459,0.1912515150052526,0.3555434507678642,0.7169795479127702,1.5851784266605584,0.05260507961187444,0.04154647610236106,0.23285271861930457,0.23756343610864272
fast,0.5959889127797969,0.7628635462578272,4.793213025230094,0.4940030538334176,0.19605217230446975,0.48091997986213275,0.8683561287219428,1.3044296509309585,0.12040206746414611,0.04634713340157823,0.40170334647656813,0.2699834981799938
fast,0.5959889127797969,0.8023862885481894,5.041541738888343,0.5634410539557756,0.17181519270966444,0.6017475085237992,0.9217204873161408,1.0459780877411742,0.18984006758650412,0.02211015380677292,0.3290964426515074,0.2801063477115293
fast,0.5959889127797969,0.8419090308385515,5.289870452546592,0.5451099715505715,0.15820459438002007,0.6533010921506007,0.9214240372197842,0.8891994558323658,0.17150898518130003,0.00849955547712855,0.20583318949238627,0.1928952461561152
fast,0.5959889127797969,0.8814317731289136,5.538199166204841,0.6077741272142423,0.14120145959622937,0.7523503564861858,0.9670082741249892,0.6332472959211535,0.23417314084497082,-0.008503579306662151,0.33220999906550175,0.3539026833230403
fast,0.5959889127797969,0.9209545154192758,5.7865278798630895,0.6451967080882177,0.1039686365215164,0.8088003977932686,0.9827459250565554,0.5107477926609572,0.27159572171894625,-0.04573640238137512,0.6256787596151014,0.4488101072878756
fast,0.5959889127797969,0.9604772577096379,6.034856593521337,0.617741498906029,0.11644567152737728,0.8287671013739366,0.9733880188456536,0.4667661437962286,0.24414051253675756,-0.03325936737551424,0.5720510163153721,0.4651996768572433
fast,0.5959889127797969,1.0,6.283185307179586,0.5076568100876706,0.13623283674086306,0.7232712737194495,0.9483763507771102,0.5191654381254927,0.13405582371839914,-0.013472202162028463,0.42658226117381315,0.3877499047020577
fast,0.5959889127797969,1.0395227422903621,6.531514020837835,0.40290226244633387,0.187665990705806,0.5991723636002397,0.8278209433247687,0.6971404435959337,0.0293012760770624,0.03796095180291448,0.29939573877737913,0.2743643208695672
fast,0.5959889127797969,1.0790454845807242,6.779842734496083,0.4400517018032098,0.1892564745670111,0.5355838076669488,0.8528460916403627,0.7882649342255563,0.06645071543393832,0.03955143566411959,0.3215121135120244,0.2759041610801862
fast,0.5959889127797969,1.1185682268710866,7.028171448154334,0.4542647616744987,0.15926064492438874,0.5325576382676083,0.6771993800016798,0.8525263885486879,0.08066377530522723,0.009555606021497215,0.3689298195334043,0.34960310323386057
fast,0.5959889127797969,1.1580909691614485,7.276500161812581,0.3903746302114331,0.14763463909792102,0.4448285164244669,0.3662603513731738,1.0478636511892963,0.016773643842161623,-0.0020703998049705075,0.3502892225886766,0.2922262370700559
fast,0.5959889127797969,1.1976137114518108,7.52482887547083,0.4178170999214029,0.1777872851382665,0.383550807985959,0.27768452825937046,1.2189873532173636,0.04421611355213145,0.028082246235374975,0.258680488202331,0.2590629315187942
fast,0.5959889127797969,1.2371364537421727,7.773157589129077,0.3799650109656527,0.1787562946046541,0.35619400620694175,0.16336302977106118,1.3937701857470728,0.006364024596381246,0.029051255701762563,0.19093993198918846,0.22224049546588898
fast,0.5959889127797969,1.276659196032535,8.021486302787327,0.38376919710937574,0.16231311855918168,0.36801944426330113,0.4608709507507779,1.5422273430743707,0.010168210740104267,0.012608079656290155,0.1710071116841789,0.22890242348200562
fast,0.5959889127797969,1.3161819383228972,8.269815016445577,0.4138453184256451,0.19112988899163624,0.3705735190275899,0.5636168904064301,1.7477364608210029,0.04024433205637362,0.04142485008874472,0.22156964210041266,0.21653786080290094
fast,0.5959889127797969,1.3557046806132593,8.518143730103825,0.3699272269722762,0.17870780873035474,0.33498471456994594,0.6668267729952504,1.970329921695554,-0.0036737593969952687,0.02900276982746322,0.19175562493607462,0.19288402337447108
fast,0.5959889127797969,1.3952274229036215,8.766472443762073,0.3806670525444827,0.16568100488715448,0.28840837763396265,0.5280026829761,2.2225253411477155,0.007066066175211216,0.015975965984262958,0.15140693062472257,0.1763209282733107
fast,0.5959889127797969,1.4347501651939836,9.014801157420322,0.34665996237610186,0.1560978385453209,0.21833289301345554,0.51972783775116,2.4773308003596735,-0.02694102399316961,0.006392799642429364,0.14619452431071478,0.16984418271960244
fast,0.5959889127797969,1.4742729074843457,9.26312987107857,0.3459322779277123,0.16250759225475758,0.18858852647433172,0.40077564902976626,2.752070007123762,-0.027668708441559164,0.012802553351866058,0.11579576793474458,0.14343368961376157
fast,0.794651883706396,0.5257270925156543,3.303240743280602,0.3092456867942297,0.1686382637220129,0.15178133377244052,0.4030933475785967,2.881784286211819,-0.06435529957504177,0.01893322481912138,0.11406827768998126,0.182601144848626
fast,0.794651883706396,0.5652498348060164,3.5515694569388505,0.31906321738172216,0.17647564057744508,0.15427216928826915,0.3859593781645323,2.629069423667075,-0.05453776898754931,0.026770601674553557,0.10045997833828256,0.1869872937351209
fast,0.794651883706396,0.6047725770963785,3.7998981705970993,0.38065398984989207,0.16614220191145762,0.22085613822609165,0.49283657438270173,2.351016355006103,0.007053003480620601,0.016437163008566097,0.18277514357417232,0.216711648737844
fast,0.794651883706396,0.6442953193867407,4.048226884255348,0.3768463639348624,0.19348127551047056,0.26755188568742194,0.5590696459347454,2.0567454768139473,0.0032453775655909567,0.04377623660757904,0.1928090269878928,0.26265381327175197
fast,0.794651883706396,0.6838180616771029,4.296555597913597,0.43411735782598104,0.19207805391573324,0.3428410582529112,0.6694644846912527,1.8004885073378,0.06051637145670957,0.042373015012841714,0.2802657884165767,0.27058206908964944
fast,0.794651883706396,0.723340803967465,4.544884311571845,0.5207525235834987,0.19046477281036034,0.5080800384313169,0.8941735896714595,1.42315556428685,0.1471515372142272,0.040759733907468815,0.38538930628275725,0.39958629848235105
fast,0.794651883706396,0.7628635462578272,4.793213025230094,0.5512264291711957,0.1524472971372512,0.596929891717805,0.9412802092793067,1.1727964659791024,0.17762544280192422,0.002742258234359668,0.5177132583322404,0.40161668313184995
fast,0.794651883706396,0.8023862885481894,5.041541738888343,0.587435823141852,0.17084924155385872,0.655998046693224,0.9178174394759987,0.9763809550371463,0.21383483677258058,0.021144202650967198,0.3833469808209322,0.3497034804155572
fast,0.794651883706396,0.8419090308385515,5.289870452546592,0.6149015643782663,0.11580177120850109,0.7572659761079006,0.9767506489408451,0.7178068960582931,0.2413005780089948,-0.033903267694390435,0.30979807344968613,0.36428780593018795
fast,0.794651883706396,0.8814317731289136,5.538199166204841,0.6843464114683776,0.10949949319101077,0.8234582206078295,0.9827072271864556,0.537895033950456,0.31074542509910613,-0.04020554571188076,0.40331786318714546,0.4492549452937378
fast,0.794651883706396,0.9209545154192758,5.7865278798630895,0.6915388245960312,0.12054664283839882,0.8271364303409003,0.9792538739635901,0.4952687799159278,0.31793783822675975,-0.029158396064492706,0.6440147921627332,0.46428912003290496
fast,0.794651883706396,0.9604772577096379,6.034856593521337,0.6917881166370521,0.11544450308253384,0.8144225491016828,0.9763592636677265,0.4588217704840961,0.3181871302677806,-0.03426053582035768,0.5577064640431183,0.4731440501693758
fast,0.794651883706396,1.0,6.283185307179586,0.5935267399402337,0.10193764185167567,0.8320206146575257,0.963885049261493,0.43492474714685664,0.21992575357096228,-0.047767397051215854,0.5353316021118893,0.47199059568069374
fast,0.794651883706396,1.0395227422903621,6.531514020837835,0.48884453505010494,0.09287684965887746,0.7068887213506025,0.9437405298776927,0.5208821472337967,0.11524354868083347,-0.05682818924401406,0.40711209652774194,0.45062261723170427
fast,0.794651883706396,1.0790454845807242,6.779842734496083,0.45283893024154775,0.16951751663539394,0.7023107778718453,0.9336973175900001,0.5512050067007941,0.07923794387227628,0.019812477732502415,0.4882390837169209,0.5129640886049485
fast,0.794651883706396,1.1185682268710866,7.028171448154334,0.46643188359244214,0.16702429292404786,0.6542312701113177,0.8461658333009521,0.6799135150348639,0.09283089722317067,0.017319254021156333,0.4906034513771137,0.5222159767476846
fast,0.794651883706396,1.1580909691614485,7.276500161812581,0.4527384630657929,0.19945006722513503,0.6304934970461327,0.677817901664852,0.8126072070510608,0.07913747669652144,0.049745028322243506,0.5359542032103424,0.5274826812082913
fast,0.794651883706396,1.1976137114518108,7.52482887547083,0.39446322638423154,0.20926749529442457,0.5126401911942746,0.6491681247705918,1.0403125676928602,0.020862240014960065,0.05956245639153304,0.38776987141064667,0.43773771704329767
fast,0.794651883706396,1.2371364537421727,7.773157589129077,0.4030880930765861,0.15917217811045484,0.46679362518984197,0.4342279821217643,1.2712815692674804,0.029487106707314636,0.009467139207563313,0.3015395509720887,0.3447291119454814
fast,0.794651883706396,1.276659196032535,8.021486302787327,0.4644216314549855,0.18488968267282613,0.4106299581114302,0.3757036539728423,1.5100273834442812,0.09082064508571402,0.035184643769934604,0.21361762553230798,0.2611023831120951
fast,0.794651883706396,1.3161819383228972,8.269815016445577,0.4109390599968249,0.1996530009066908,0.4030275721701003,0.617499254850222,1.685322892134732,0.037338073627553425,0.04994796200379928,0.2540236952429231,0.27895142948917173
fast,0.794651883706396,1.3557046806132593,8.518143730103825,0.428986637912674,0.1991325679914966,0.35966549720938934,0.5532316026241744,1.925667446858446,0.055385651543402525,0.049427529088605066,0.21643640757551802,0.23754649821157914
fast,0.794651883706396,1.3952274229036215,8.766472443762073,0.4285937007121734,0.19637870486858106,0.3612393161089962,0.6755767759795828,2.1145692954707522,0.05499271434290193,0.04667366596568953,0.2242378690997561,0.28427697395027396
fast,0.794651883706396,1.4347501651939836,9.014801157420322,0.3380303328227234,0.16188137461569807,0.27234625001847157,0.6136737299608535,2.4104387666288085,-0.03557065354654809,0.012176335712806546,0.2002078813157308,0.23673621645046738
fast,0.794651883706396,1.4742729074843457,9.26312987107857,0.3868759128423763,0.18537291142472534,0.2715183489696632,0.5462491678866741,2.6488867972832484,0.013274926473104853,0.035667872521833816,0.19872559043007607,0.246616899454275
fast,0.993314854632995,0.5257270925156543,3.303240743280602,0.36592916948871035,0.1549487472285218,0.1993797546606836,0.4160275197268043,2.838159992195226,-0.007671816880561122,0.005243708325630286,0.16166669857822435,0.22622543886521873
fast,0.993314854632995,0.5652498348060164,3.5515694569388505,0.35330859858468355,0.17582379647107343,0.23604912595442382,0.5519270396555103,2.532980772065528,-0.020292387784587917,0.02611875756818191,0.18223693500443722,0.2830759453366678
fast,0.993314854632995,0.6047725770963785,3.7998981705970993,0.4155223433201452,0.17379630132116686,0.274517123762125,0.5588887486184805,2.258495149949601,0.041921356950873734,0.024091262418275333,0.23643612911020567,0.30923285379434606
fast,0.993314854632995,0.6442953193867407,4.048226884255348,0.4538337123981051,0.16559557145021556,0.34521894540590015,0.6605832792438591,1.9595777055634256,0.08023272602883363,0.015890532547324032,0.270476086706371,0.35982158452227364
fast,0.993314854632995,0.6838180616771029,4.296555597913597,0.5085173124580652,0.1919066120890991,0.4834044906366858,0.875690956071495,1.555491552402148,0.13491632608879373,0.04220157318620757,0.42082922080035123,0.5155790240253015
fast,0.993314854632995,0.723340803967465,4.544884311571845,0.5988925097124531,0.18542714281752048,0.6013979966843765,0.9198851997495839,1.2808365002713724,0.22529152334318164,0.03572210391462896,0.4787072645358169,0.5419053624978287
fast,0.993314854632995,0.7628635462578272,4.793213025230094,0.5704101714390055,0.14993722109375865,0.6230635612108735,0.937844105315919,1.0784511828962455,0.19680918506973405,0.0002321821908671251,0.5438469278253089,0.4959619662147068
fast,0.993314854632995,0.8023862885481894,5.041541738888343,0.6439189926899008,0.13939727230029147,0.7403306726441892,0.9689096499569168,0.7984454172351463,0.27031800632062936,-0.01030776660260005,0.46767960677189735,0.5276390182175572
fast,0.993314854632995,0.8419090308385515,5.289870452546592,0.6642415686270009,0.13324671164469226,0.7870699887759889,0.9776033443989772,0.6691670768273318,0.29064058225772943,-0.016458327258199262,0.3396020861177744,0.4129276251611492
fast,0.993314854632995,0.8814317731289136,5.538199166204841,0.7349653977172557,0.12111585900471611,0.8379041372021852,0.9808849915168212,0.5204130447049272,0.3613644113479842,-0.028589179898175415,0.41776377978150114,0.46673693453926657
fast,0.993314854632995,0.9209545154192758,5.7865278798630895,0.7381571626627914,0.10171228109459646,0.8445108980807255,0.9869272665894024,0.40395604645547023,0.36455617629351994,-0.04799275780829507,0.6613892599025584,0.5556018534933626
fast,0.993314854632995,0.9604772577096379,6.034856593521337,0.7297499771175608,0.10514000396047513,0.8637650170161227,0.9820134465361469,0.40732457056446414,0.3561489907482894,-0.0445650349424164,0.6070489319575583,0.5246412500890077
fast,0.993314854632995,1.0,6.283185307179586,0.6677279110308114,0.09228857323284205,0.8840664124279306,0.9853056751909728,0.3029939674529122,0.29412692466153995,-0.057416465670049474,0.5873773998822942,0.6039213753746382
fast,0.993314854632995,1.0395227422903621,6.531514020837835,0.5997020129911816,0.08803821135471046,0.8858072031315722,0.9785957475870042,0.3012644947567831,0.22610102662191017,-0.061666827548181063,0.5860305783087116,0.6702402697087179
fast,0.993314854632995,1.0790454845807242,6.779842734496083,0.5242940660739313,0.1298486683916878,0.7953219665080711,0.926064783863244,0.3867260593224776,0.15069307970465978,-0.01985637051120373,0.5812502723531467,0.6774430359832649
fast,0.993314854632995,1.1185682268710866,7.028171448154334,0.4956235240493566,0.18797408285252307,0.7698821433788008,0.9544601100169552,0.49831961784318707,0.12202253768008514,0.03826904394963154,0.6062543246445968,0.7038098739393615
fast,0.993314854632995,1.1580909691614485,7.276500161812581,0.48641136203551827,0.17077743538288176,0.7163441310671277,0.896816574491307,0.6479706221238242,0.1128103756662468,0.021072396479990235,0.6218048372313374,0.692119266135528
fast,0.993314854632995,1.1976137114518108,7.52482887547083,0.49358695754384896,0.18948289358465098,0.6899816630823141,0.8494538590850645,0.8011769372605455,0.11998597117457749,0.039777854681759456,0.5651113432986862,0.6768733474756123
fast,0.993314854632995,1.2371364537421727,7.773157589129077,0.44800290058943115,0.19683395388369535,0.5796477771536612,0.7370914134641007,1.0807903260029692,0.07440191422015968,0.04712891498080382,0.41439370293590794,0.5352203552099926
fast,0.993314854632995,1.276659196032535,8.021486302787327,0.4453772794397739,0.1896104605693919,0.5157496913937747,0.6265636476755074,1.3571466742002598,0.07177629307050243,0.03990542166650038,0.3187373588146525,0.4139830923561165
fast,0.993314854632995,1.3161819383228972,8.269815016445577,0.42402645989306087,0.186258711354133,0.44180308794214795,0.7012023534693805,1.6159641824873054,0.0504254735237894,0.03655367245124147,0.29279921101497075,0.34831013913659836
fast,0.993314854632995,1.3557046806132593,8.518143730103825,0.429194337246511,0.19126373647003952,0.40684344467406675,0.6456066627673489,1.8427788722713698,0.055593350877239545,0.041558697567148,0.2636143550401954,0.32043507279865535
fast,0.993314854632995,1.3952274229036215,8.766472443762073,0.44666184367267014,0.19346109559096575,0.3842389405046688,0.6729659085275869,2.0423234502150533,0.07306085730339867,0.043756056688074224,0.2472374934954287,0.35652281920597284
fast,0.993314854632995,1.4347501651939836,9.014801157420322,0.42036626607779404,0.18893740776224527,0.35396329796847414,0.7121189361325153,2.2549642541047437,0.04676527970852257,0.039232368859353745,0.2818249292657334,0.39221072897453224
fast,0.993314854632995,1.4742729074843457,9.26312987107857,0.3990204845806803,0.2010303933505221,0.30577458624730136,0.5989931223072427,2.5454385161042428,0.02541949821140882,0.05132535444763059,0.23298182770771422,0.3500651806332806
fast,1.1919778255595939,0.5257270925156543,3.303240743280602,0.35788294708536955,0.15194986674991215,0.2523113050184683,0.643611660262662,2.6994557831778394,-0.01571803928390192,0.002244827847020625,0.21459824893600907,0.3649296478826054
fast,1.1919778255595939,0.5652498348060164,3.5515694569388505,0.39746730366789607,0.16614325380400313,0.2836475141512752,0.6248597943143253,2.412759289173853,0.023866317298624595,0.01643821490111161,0.22983532320128863,0.4032974282283428
fast,1.1919778255595939,0.6047725770963785,3.7998981705970993,0.4405911942420316,0.19450137569838516,0.3323717164401697,0.6514005646270113,2.1227921801437395,0.06699020787276011,0.044796336795493635,0.2942907217882504,0.44493582360020767
fast,1.1919778255595939,0.6442953193867407,4.048226884255348,0.5126654132634796,0.1768889428463653,0.4711786325344923,0.8626954277535044,1.7275304829328677,0.13906442689420812,0.02718390394347378,0.3964357738349632,0.5918688071528315
fast,1.1919778255595939,0.6838180616771029,4.296555597913597,0.5801805561125764,0.18364456971502913,0.580194150797722,0.8952959228313135,1.3842337630332269,0.20657956974330488,0.0339395308121376,0.5176188809613874,0.6868368133942226
fast,1.1919778255595939,0.723340803967465,4.544884311571845,0.6114771918569974,0.16966007771371627,0.6439582510646796,0.9479049470476073,1.1726910217224131,0.23787620548772598,0.01995503881082475,0.52126751891612,0.650050841046788
fast,1.1919778255595939,0.7628635462578272,4.793213025230094,0.6356451004270354,0.13928139283557656,0.7287302202367274,0.9686132396320585,0.8931214194649113,0.2620441140577639,-0.010423646067314968,0.6495135868511628,0.681291729646041
fast,1.1919778255595939,0.8023862885481894,5.041541738888343,0.6870896740591534,0.1340480831076481,0.7814282665739483,0.9712352379244129,0.7751250657442377,0.313488687689882,-0.015656955795243427,0.5087772007016564,0.5509593697084658
fast,1.1919778255595939,0.8419090308385515,5.289870452546592,0.743029324388122,0.10355791023288849,0.8412508367866859,0.9854382941540316,0.572976605399921,0.3694283380188505,-0.046147128670003035,0.39378293412847143,0.50911809658856
fast,1.1919778255595939,0.8814317731289136,5.538199166204841,0.7488609464239785,0.10650756106535222,0.8303160109993464,0.9854467194057772,0.5151329437651245,0.375259960054707,-0.0431974778375393,0.41017565357866237,0.47201703547906926
fast,1.1919778255595939,0.9209545154192758,5.7865278798630895,0.7485741935648046,0.10300679584148119,0.8629192529720404,0.9848896658823179,0.42161776981791543,0.3749732071955331,-0.046698243061410336,0.6797976147938732,0.5379401301309173
fast,1.1919778255595939,0.9604772577096379,6.034856593521337,0.7334182414674992,0.09574404497903322,0.8740191837856268,0.9856933726652917,0.3519656939742583,0.35981725509822776,-0.05396099392385831,0.6173030987270623,0.5800001266792136
fast,1.1919778255595939,1.0,6.283185307179586,0.7474352769469398,0.07493161667140534,0.9259722794092755,0.9918126128636381,0.21257101487057348,0.3738342905776683,-0.07477342223148618,0.6292832668636391,0.6943443279569769
fast,1.1919778255595939,1.0395227422903621,6.531514020837835,0.7216052228908099,0.06752348033308678,0.9343015080689305,0.9903723460673592,0.1581309627070751,0.3480042365215384,-0.08218155856980475,0.6345248832460699,0.8133738017584258
fast,1.1919778255595939,1.0790454845807242,6.779842734496083,0.650204284697993,0.06774578651498331,0.9340840451953606,0.9824362651464971,0.1218724640229342,0.2766032983287215,-0.08195925238790822,0.7200123510404361,0.9422966312828084
fast,1.1919778255595939,1.1185682268710866,7.028171448154334,0.5566026494684495,0.1265608481168421,0.8463371410433762,0.9598198488533731,0.3162396609807201,0.18300166309917804,-0.02314419078604943,0.6827093223091723,0.8858898308018284
fast,1.1919778255595939,1.1580909691614485,7.276500161812581,0.5480458382415304,0.11029522187360502,0.8199744237197795,0.9810067885154137,0.46348670815521087,0.17444485187225894,-0.039409817029286504,0.7254351298839892,0.8766031801041413
fast,1.1919778255595939,1.1976137114518108,7.52482887547083,0.5729285861909869,0.14699628599512404,0.7498532999358772,0.9632388298531207,0.6636833127755212,0.19932759982171538,-0.002708752907767481,0.6249829801522493,0.8143669719606367
fast,1.1919778255595939,1.2371364537421727,7.773157589129077,0.5320093499481935,0.18349959220427808,0.666366276539183,0.8707797703887201,0.924174407810107,0.15840836357892202,0.03379455330138656,0.5011122023214297,0.6918362734028548
fast,1.1919778255595939,1.276659196032535,8.021486302787327,0.5039588052661194,0.2056638483309651,0.5911714700346236,0.7288208369741307,1.189339601855374,0.1303578188968479,0.055958809428073575,0.39415913745550135,0.5817901647010024
fast,1.1919778255595939,1.3161819383228972,8.269815016445577,0.42739071314115695,0.1613312362207695,0.5103657910587538,0.8246884710439052,1.4792316305857725,0.05378972677188548,0.011626197317877979,0.3613619141315766,0.48504269103813136
fast,1.1919778255595939,1.3557046806132593,8.518143730103825,0.42275538162529597,0.17335518751586992,0.4686430483401096,0.8279681712122477,1.7153520652463379,0.0491543952560245,0.0236501486129784,0.3254139587062383,0.4478618798236873
fast,1.1919778255595939,1.3952274229036215,8.766472443762073,0.46999801392697105,0.20389589946373315,0.42549106916360396,0.6946228993155323,1.9790048966852787,0.09639702755769958,0.05419086056084163,0.2884896221543639,0.4198413727357475
fast,1.1919778255595939,1.4347501651939836,9.014801157420322,0.4415488635872504,0.1902570616632802,0.4141149474615372,0.7351331533327103,2.2052093905911345,0.0679478772179789,0.04055202276038869,0.34197657875879645,0.4419655924881414
fast,1.1919778255595939,1.4742729074843457,9.26312987107857,0.44880117315878587,0.20666577291912788,0.3727973175588706,0.6945587220182325,2.431678973421039,0.0752001867895144,0.05696073401623636,0.30000455901928347,0.4638247233164843
fast,1.3906407964861929,0.5257270925156543,3.303240743280602,0.4002481518168154,0.175379638405387,0.2840297255544124,0.600026149725774,2.5977628930867276,0.02664716544754392,0.025674599502495482,0.24631666947195316,0.4666225379737172
fast,1.3906407964861929,0.5652498348060164,3.5515694569388505,0.4216212691590284,0.17248791316471482,0.32700241810761016,0.6604551773128648,2.3216497319079745,0.04802028278975695,0.022782874261823294,0.2731902271576236,0.49440698549422146
fast,1.3906407964861929,0.6047725770963785,3.7998981705970993,0.5048006680952977,0.17024483017649353,0.4837249817017113,0.9346082024991281,1.8383073402866672,0.1311996817260262,0.020539791273602004,0.44564398704979197,0.72942066345728
fast,1.3906407964861929,0.6442953193867407,4.048226884255348,0.5619747659209059,0.1729325025971832,0.5625334169033613,0.9316335597400491,1.5171487308850153,0.18837377955163442,0.023227463694291683,0.4877905582038322,0.8022505592006839
fast,1.3906407964861929,0.6838180616771029,4.296555597913597,0.6090518947673281,0.15483996074645534,0.6432032883630622,0.9559412164702399,1.2584230085743697,0.23545090839805666,0.005134921843563817,0.5806280185267276,0.8126475678530798
fast,1.3906407964861929,0.723340803967465,4.544884311571845,0.619096009029212,0.15527631980947165,0.6699989599153614,0.9521234108801115,1.0688057618335782,0.24549502265994055,0.005571280906580128,0.5473082277668018,0.7539361009356229
fast,1.3906407964861929,0.7628635462578272,4.793213025230094,0.7049339635204621,0.11728897444435249,0.7944406165544551,0.9822128794703469,0.7948372839155498,0.33133297715119064,-0.032416064458539035,0.7152239831688905,0.7795758651954026
fast,1.3906407964861929,0.8023862885481894,5.041541738888343,0.7434913262035718,0.10725485305886936,0.8281695640315785,0.9850024189073185,0.6976569737269916,0.36989033983430036,-0.04245018584402216,0.5555184981592867,0.6284274617257118
fast,1.3906407964861929,0.8419090308385515,5.289870452546592,0.7614249694002497,0.11181035364413427,0.8441902105663692,0.9836170675882496,0.574794909452026,0.38782398303097826,-0.03789468525875725,0.39672230790815477,0.507299792536455
fast,1.3906407964861929,0.8814317731289136,5.538199166204841,0.7690528897600653,0.09797089280462162,0.8645340601390703,0.9873594513602746,0.46137943579231877,0.3954519033907938,-0.0517341460982699,0.4443937027183863,0.525770543451875
fast,1.3906407964861929,0.9209545154192758,5.7865278798630895,0.7585854024157155,0.0904760860650497,0.8847228606398596,0.9871770537168558,0.3717357381734807,0.384984416046444,-0.059228952837841825,0.7016012224616924,0.5878221617753521
fast,1.3906407964861929,0.9604772577096379,6.034856593521337,0.7814869549433161,0.07304994005644011,0.9151672332082705,0.9917663657986092,0.2800303622604203,0.40788596857404463,-0.07665509884645141,0.6584511481497061,0.6519354583930517
fast,1.3906407964861929,1.0,6.283185307179586,0.7843371065462346,0.07267989143331402,0.9287945690317163,0.9907994233924549,0.20433789568496025,0.4107361201769631,-0.0770251474695775,0.6321055564860799,0.7025774471425901
fast,1.3906407964861929,1.0395227422903621,6.531514020837835,0.7786600735247984,0.0011678660586774859,0.9999324637643774,0.9999997359128119,0.0012752573513787643,0.4050590871555269,-0.14853717284421403,0.7001558389415168,0.9702295071141221
fast,1.3906407964861929,1.0790454845807242,6.779842734496083,0.7966353199382935,0.002129595853576307,0.9997333144638187,0.9999957439179907,0.0007619287138170469,0.42303433356902204,-0.14757544304931522,0.7856616203088944,1.0634071665919256
fast,1.3906407964861929,1.1185682268710866,7.028171448154334,0.7091725756941744,0.07707657624533903,0.9504921205925145,0.9942100457037054,0.10980647875871227,0.3355715893249029,-0.07262846265755249,0.7868643018583106,1.0923230130238362
fast,1.3906407964861929,1.1580909691614485,7.276500161812581,0.6580433773619385,0.13010399483695395,0.859398407252438,0.9777384813051435,0.30442851550397704,0.28444239099266705,-0.019601044065937573,0.7648591134166477,1.0356613727553752
fast,1.3906407964861929,1.1976137114518108,7.52482887547083,0.5870879508837284,0.1329812308935852,0.7788357142196203,0.9691802083476944,0.5582524429936078,0.21348696451445698,-0.016723808009306312,0.6539653944359923,0.9197978417425501
fast,1.3906407964861929,1.2371364537421727,7.773157589129077,0.5997825711961178,0.17401643532118263,0.7356223726722059,0.9446240489635607,0.741458725882318,0.2261815848268463,0.02431139641829111,0.5703682984544526,0.8745519553306438
fast,1.3906407964861929,1.276659196032535,8.021486302787327,0.5612157341318424,0.1714448975705529,0.6917093952796571,0.9306442876893166,0.9614285074772548,0.18761474776257098,0.02173985866766137,0.49469706270053493,0.8097012590791215
fast,1.3906407964861929,1.3161819383228972,8.269815016445577,0.505625343190434,0.19968776338643301,0.5806033082016657,0.8552363843999068,1.2968968001143009,0.13202435682116248,0.04998272448354149,0.4315994312744885,0.667377521509603
fast,1.3906407964861929,1.3557046806132593,8.518143730103825,0.4943954691435958,0.1877834197067654,0.5232955366383789,0.7702903891865451,1.5730503263365385,0.12079448277432431,0.03807838080387388,0.3800664470045076,0.5901636187334867
fast,1.3906407964861929,1.3952274229036215,8.766472443762073,0.4504157116707462,0.1930011109096892,0.4710255083355036,0.7724921713032351,1.9064641733823016,0.0768147253014747,0.043296072006797665,0.3340240613262635,0.4923820960387246
fast,1.3906407964861929,1.4347501651939836,9.014801157420322,0.4876160673092955,0.1960974136408246,0.4601643186751291,0.745941510195987,2.0717123436650997,0.11401508094002405,0.04639237473793309,0.3880259499723883,0.5754626394141762
fast,1.3906407964861929,1.4742729074843457,9.26312987107857,0.4452648964959479,0.19388093168552775,0.40151634090774824,0.7079435351848438,2.3796660326835557,0.07166391012667644,0.04417589278263623,0.3287235823681611,0.5158376640539677
fast,1.589303767412792,0.5257270925156543,3.303240743280602,0.4634604036752819,0.1919759028545632,0.35859743199044547,0.6760592455520189,2.464161277672038,0.08985941730601044,0.04227086395167168,0.3208843759079862,0.6002241533884067
fast,1.589303767412792,0.5652498348060164,3.5515694569388505,0.485989490386304,0.1965969264349013,0.4357304394709527,0.8312564617212286,2.072220983050281,0.11238850401703254,0.04689188753200976,0.3819182485209661,0.7438357343519151
fast,1.589303767412792,0.6047725770963785,3.7998981705970993,0.5735136051411484,0.1534770559918836,0.5732400918432381,0.9485088633797474,1.6293187366802266,0.19991261877187688,0.00377201708899208,0.5351590971913187,0.9384092670637205
fast,1.589303767412792,0.6442953193867407,4.048226884255348,0.6170949258561775,0.1492010474751462,0.6369219008153293,0.9609352560075752,1.4017483453707689,0.24349393948690606,-0.0005039914277453206,0.5621790421158002,0.9176509447149304
fast,1.589303767412792,0.6838180616771029,4.296555597913597,0.640555378329503,0.16274500283277799,0.6862926561060383,0.9536391632849315,1.1553094842573466,0.2669543919602316,0.013039963929886461,0.6237173862697037,0.9157610921701029
fast,1.589303767412792,0.723340803967465,4.544884311571845,0.6996595399918875,0.1341053714643967,0.791354729863194,0.9777696710540958,0.8504176814571489,0.326058553622616,-0.015599667438494835,0.6686639977146344,0.9723241813120522
fast,1.589303767412792,0.7628635462578272,4.793213025230094,0.7492372158581703,0.11054973758336825,0.8306893368941641,0.9842021364918674,0.6912460259918114,0.3756362294888988,-0.03915530131952327,0.7514727035085995,0.8831671231191409
fast,1.589303767412792,0.8023862885481894,5.041541738888343,0.780896627304954,0.09833714042461877,0.8641435544414795,0.9889772158056893,0.558084672596022,0.40729564093568255,-0.05136789847827275,0.5914924885691877,0.7679997628566815
fast,1.589303767412792,0.8419090308385515,5.289870452546592,0.7875496698917259,0.08876489156933862,0.8647335276293201,0.9907545753530866,0.4601120335747314,0.41394868352245445,-0.06094014733355291,0.41726562497110564,0.6219826684137496
fast,1.589303767412792,0.8814317731289136,5.538199166204841,0.7804545924927475,0.10395750976812083,0.8857053928851542,0.9883583583410095,0.36209846702151516,0.40685360612347604,-0.04574752913477069,0.46556503546447014,0.6250515122226786
fast,1.589303767412792,0.9209545154192758,5.7865278798630895,0.798732427653309,0.07079216043062292,0.9422139457330305,0.9946117443098726,0.18804560254667846,0.4251314412840375,-0.0789128784722686,0.7590923075548633,0.7715122974021543
fast,1.589303767412792,0.9604772577096379,6.034856593521337,0.8116002371242682,0.06758853844579409,0.9489310764087533,0.9948134261379675,0.15064526457077315,0.43799925075499674,-0.08211650045709744,0.6922149913501888,0.7813205560826988
fast,1.589303767412792,1.0,6.283185307179586,0.7956749730364139,0.015417298816474618,0.9967202855929659,0.9995574545572282,0.01239615685401876,0.4220739866671424,-0.13428774008641692,0.7000312730473295,0.8945191859735316
fast,1.589303767412792,1.0395227422903621,6.531514020837835,0.8469187925953122,0.0020043562012683927,0.9989014434390409,0.9999371007798071,0.00040279672177441955,0.47331780622604075,-0.14770068270162312,0.6991248186161803,0.9711019677437265
fast,1.589303767412792,1.0790454845807242,6.779842734496083,0.8476751331936875,0.0008303644430124863,0.9998354353586891,0.9999888351072059,0.0016033445864846267,0.474074146824416,-0.14887467445987904,0.7857637412037648,1.0625657507192579
fast,1.589303767412792,1.1185682268710866,7.028171448154334,0.8310098915343958,0.001407686015931747,0.9994931913731557,0.999959983511584,0.0005228003497900326,0.4574089051651243,-0.14829735288695978,0.8358653726389518,1.2016066914327583
fast,1.589303767412792,1.1580909691614485,7.276500161812581,0.7562374779882376,0.05885896195269673,0.9730090259116717,0.9965616196647445,0.06832351677605653,0.3826364916189661,-0.0908460769501948,0.8784697320758814,1.2717663714832956
fast,1.589303767412792,1.1976137114518108,7.52482887547083,0.6574197921742326,0.1236919765496329,0.8410231859502139,0.97834595433124,0.43688946202577134,0.28381880580496116,-0.02601306235325862,0.7161528661665859,1.0411608227103866
fast,1.589303767412792,1.2371364537421727,7.773157589129077,0.6278432067761102,0.13993568121111977,0.76306639914572,0.9699059838679194,0.6800206027144371,0.2542422204068387,-0.009769357691771757,0.5978123249279668,0.9359900784985247
fast,1.589303767412792,1.276659196032535,8.021486302787327,0.6319857223498675,0.17265603736095847,0.7366661114867923,0.9574279359593689,0.8252160560408291,0.258384735980596,0.022950998458066946,0.5396537789076701,0.9459137105155472
fast,1.589303767412792,1.3161819383228972,8.269815016445577,0.5434023806747053,0.17612832821656813,0.6589422607513729,0.9270472551862665,1.1211805815997031,0.16980139430543378,0.0264232893136766,0.5099383838241957,0.8430937400242007
fast,1.589303767412792,1.3557046806132593,8.518143730103825,0.5473192976515043,0.2170747129257582,0.593196060738538,0.8332934156812992,1.416277679081706,0.17371831128223286,0.06736967402286667,0.4499669711046667,0.7469362659883192
fast,1.589303767412792,1.3952274229036215,8.766472443762073,0.5100240856162008,0.20287211830556284,0.5174701337689047,0.7714405006406524,1.7287263370304515,0.13642309924692936,0.05316707940267132,0.3804686867596646,0.6701199323905747
fast,1.589303767412792,1.4347501651939836,9.014801157420322,0.4562600724990191,0.17026856200126972,0.4813051367461387,0.8943032839161735,1.9877120851820642,0.08265908612974765,0.020563523098378195,0.4091667680433979,0.6594628978972117
fast,1.589303767412792,1.4742729074843457,9.26312987107857,0.4465843216724146,0.17212830726498463,0.4398476306179141,0.8163161653128994,2.276264687759963,0.0729833353031431,0.0224232683620931,0.367054872078327,0.6192390089775603
fast,1.787966738339391,0.5257270925156543,3.303240743280602,0.49563706217642556,0.1765741221496768,0.44469165562111934,0.8465018993435522,2.198608684483667,0.12203607580715409,0.026869083246785275,0.40697859953866006,0.8657767465767776
fast,1.787966738339391,0.5652498348060164,3.5515694569388505,0.578948969312155,0.18275408179073216,0.5572514508793847,0.9208288105541675,1.7872381894533842,0.20534798294288353,0.033049042887840635,0.5034392599293981,1.0288185279488118
fast,1.787966738339391,0.6047725770963785,3.7998981705970993,0.6454293683008333,0.1591064336777929,0.651823020046644,0.9512844598766494,1.4933262816042339,0.27182838193156184,0.009401394774901373,0.6137420253947248,1.0744017221397133
fast,1.787966738339391,0.6442953193867407,4.048226884255348,0.6540085900641649,0.15041651496927688,0.689872193003007,0.9570101631288885,1.2060381582337536,0.2804076036948934,0.0007114760663853581,0.6151293343034778,1.1133611318519456
fast,1.787966738339391,0.6838180616771029,4.296555597913597,0.7007461620584969,0.14305142460123016,0.760562042290413,0.969846159937676,0.9736084448165858,0.32714517568922546,-0.006653614301661365,0.6979867724540785,1.0974621316108637
fast,1.787966738339391,0.723340803967465,4.544884311571845,0.750267611369866,0.12365144903894519,0.8146966784421054,0.9822993416559688,0.770533661403946,0.3766666250005945,-0.026053589863946333,0.6920059462935457,1.0522082013652552
fast,1.787966738339391,0.7628635462578272,4.793213025230094,0.7784960958359143,0.1111764507919192,0.843116731110058,0.98552469360225,0.6215699340282379,0.4048951094666428,-0.03852858811097232,0.7639000977244934,0.9528432150827144
fast,1.787966738339391,0.8023862885481894,5.041541738888343,0.7770816848523718,0.10253016480642524,0.853238801625798,0.9876295541525846,0.5456976404713126,0.40348069848310036,-0.047174874096466285,0.5805877357535062,0.7803867949813909
fast,1.787966738339391,0.8419090308385515,5.289870452546592,0.7922520404285709,0.09436022155668056,0.8857474976691109,0.9889641660887141,0.4317063902843152,0.4186510540592994,-0.05534481734621097,0.4382795950108964,0.6503883117041658
fast,1.787966738339391,0.8814317731289136,5.538199166204841,0.7797198930928849,0.08756693181295983,0.9077713070972042,0.987869709774319,0.3321105747832014,0.40611890672361345,-0.0621381070899317,0.4876309496765202,0.6550394044609924
fast,1.787966738339391,0.9209545154192758,5.7865278798630895,0.8141293515428307,0.06925328535539775,0.940169415066,0.9939839445355552,0.23538809502614055,0.44052836517355926,-0.08045175354749377,0.7570477768878329,0.7241698049226922
fast,1.787966738339391,0.9604772577096379,6.034856593521337,0.8333229651079896,0.048769753019292664,0.9688179631648831,0.996178988982579,0.07828708646988206,0.4597219787387182,-0.10093528588359886,0.7121018781063186,0.8536787341835899
fast,1.787966738339391,1.0,6.283185307179586,0.8692657142364395,0.002196012228189611,0.9995822834465344,0.9999867863213663,0.0026088259139557383,0.49566472786716803,-0.14750902667470192,0.702893270900898,0.9043065169135946
fast,1.787966738339391,1.0395227422903621,6.531514020837835,0.8776430518413664,0.0011737088444315257,0.9998878260537958,0.9999994229712136,0.0011146949800990352,0.504042065472095,-0.14853133005846,0.7001112012309352,0.9703900694854019
fast,1.787966738339391,1.0790454845807242,6.779842734496083,0.8777272526131612,0.0017902066275210246,0.9994565955971451,0.9999862766995447,0.002226473847263735,0.5041262662438897,-0.1479148322753705,0.7853849014422207,1.0619426214584788
fast,1.787966738339391,1.1185682268710866,7.028171448154334,0.8701999005688026,0.0007765819797509257,0.9998522181428692,0.9999933271940036,0.0007066895869384125,0.4965989141995311,-0.1489284569231406,0.8362243994086652,1.2014228021956102
fast,1.787966738339391,1.1580909691614485,7.276500161812581,0.8457322451363212,0.0019232307108544206,0.9993623410682152,0.9999222965234345,0.002576209736900796,0.4721312587670497,-0.1477818081920371,0.9048230472324249,1.3375136785224513
fast,1.787966738339391,1.1976137114518108,7.52482887547083,0.7581362862340504,0.08728847935236239,0.933958890755959,0.992480335732489,0.17539477800023823,0.3845352998647789,-0.06241655955052913,0.809088570972331,1.3026555067359196
fast,1.787966738339391,1.2371364537421727,7.773157589129077,0.6899243747430935,0.11407868116915965,0.8549811495329669,0.9837409499971631,0.450899268546488,0.31632338837382207,-0.03562635773373188,0.6897270753152136,1.165111412666474
fast,1.787966738339391,1.276659196032535,8.021486302787327,0.6465131387053922,0.15409226574014737,0.7670921234352768,0.9652304990989284,0.721735654285488,0.2729121523361207,0.004387226837255842,0.5700797908561546,1.0493941122708883
fast,1.787966738339391,1.3161819383228972,8.269815016445577,0.6482244826194212,0.16653504740221484,0.7454707057089958,0.9585586512577802,0.8940468796245991,0.27462349625014976,0.016830008499323312,0.5964668287818186,1.0702274419993048
fast,1.787966738339391,1.3557046806132593,8.518143730103825,0.5969540292904769,0.16995532747365844,0.664016676084105,0.9278686100927102,1.191535075490556,0.22335304292120545,0.02025028857076691,0.5207875864502336,0.9716788695794691
fast,1.787966738339391,1.3952274229036215,8.766472443762073,0.5160346916130522,0.17891862618664667,0.5771945257699547,0.8319290411949732,1.578797202012524,0.14243370524378068,0.029213587283755144,0.44019307876071456,0.8200490674085021
fast,1.787966738339391,1.4347501651939836,9.014801157420322,0.5027873693746412,0.17656578055598526,0.5258459432329716,0.8500215664394484,1.8351354917404437,0.12918638300536972,0.02686074165309374,0.45370757453023086,0.8120394913388322
fast,1.787966738339391,1.4742729074843457,9.26312987107857,0.5189954728492965,0.21403482485213804,0.48531555513804725,0.7421345070304592,2.1110166583025958,0.145394486480025,0.06432978594924652,0.41252279659846014,0.7844870384349276
fast,1.98662970926599,0.5257270925156543,3.303240743280602,0.5956703191493607,0.2048699797749462,0.5556003234392644,0.887124663191784,1.946932048444216,0.22206933278008928,0.055164940872054674,0.5178872673568051,1.1174533826162287
fast,1.98662970926599,0.5652498348060164,3.5515694569388505,0.6364469983339165,0.15820715270066016,0.6410219642692663,0.9504388587811144,1.601429514059161,0.262846011964645,0.008502113797768635,0.5872097733192797,1.214627203343035
fast,1.98662970926599,0.6047725770963785,3.7998981705970993,0.6559833062312733,0.1729122294420477,0.6745683026472125,0.950549595289405,1.3709624107054852,0.28238231986200185,0.02320719053915618,0.6364873079952931,1.196765593038462
fast,1.98662970926599,0.6442953193867407,4.048226884255348,0.6896619244001849,0.1588384769342181,0.7409083143669593,0.9642766110823864,1.0947197647835694,0.31606093803091345,0.009133438031326574,0.6661654556674301,1.2246795253021299
fast,1.98662970926599,0.6838180616771029,4.296555597913597,0.7392222866437386,0.12391468277310977,0.7981832514078603,0.9814345085292762,0.8688317153145418,0.3656213002744671,-0.025790356129781755,0.7356079815715257,1.2022388611129076
fast,1.98662970926599,0.723340803967465,4.544884311571845,0.7804360586891046,0.11401469382589417,0.8392534853617057,0.9866774256073845,0.7201074519536007,0.4068350723198331,-0.03569034507699735,0.7165627532131461,1.1026344108156003
fast,1.98662970926599,0.7628635462578272,4.793213025230094,0.7975303012812325,0.0930682771437048,0.8717932071535119,0.9907196218513605,0.5587710264051708,0.423929314911961,-0.05663676175918672,0.7925765737679473,1.0156421227057815
fast,1.98662970926599,0.8023862885481894,5.041541738888343,0.7920686906686603,0.10216226308902875,0.8682765147558946,0.9877759388146538,0.5139321139410865,0.4184677042993888,-0.04754277581386278,0.5956254488836028,0.812152321511617
fast,1.98662970926599,0.8419090308385515,5.289870452546592,0.8057765286543808,0.085612188717032,0.918081603378215,0.9912826519416238,0.31213642122524193,0.4321755422851093,-0.06409285018585953,0.4706137007200005,0.769958280763239
fast,1.98662970926599,0.8814317731289136,5.538199166204841,0.8292884826642531,0.07216844768758081,0.9312585069426006,0.9947708247094174,0.22282745124308173,0.4556874962949817,-0.07753659121531072,0.5111181495219166,0.7643225280011121
fast,1.98662970926599,0.9209545154192758,5.7865278798630895,0.8449006200836005,0.05081669570450034,0.9727277831538514,0.9964466069559028,0.09162219257730062,0.471299633714329,-0.09888834319839118,0.7896061449756843,0.8679357073715321
fast,1.98662970926599,0.9604772577096379,6.034856593521337,0.8807045844707612,0.0010979647713239386,0.9999294917446868,0.9999998800416658,0.0008486297015066018,0.5071035981014897,-0.1486070741315676,0.7432134066861223,0.9311171909519653
fast,1.98662970926599,1.0,6.283185307179586,0.8940497998698417,0.0010279517328099174,0.9999129087422236,0.9999995861673738,0.0007875780499403777,0.5204488135005703,-0.1486770871700816,0.7032238961965872,0.90612776477761
fast,1.98662970926599,1.0395227422903621,6.531514020837835,0.898710024316002,0.0012060766417060563,0.9998577258134328,0.9999955605621875,0.0007794013637046287,0.5251090379467305,-0.14849896226118547,0.7000811009905722,0.9707253631017964
fast,1.98662970926599,1.0790454845807242,6.779842734496083,0.8987416582295502,0.0011221969585980085,0.999774385381459,0.9999878121258676,0.0009117555280386824,0.5251406718602787,-0.14858284194429353,0.7857026912265346,1.0632573397777039
fast,1.98662970926599,1.1185682268710866,7.028171448154334,0.8942441944037599,0.0017004859266887234,0.9996719628625891,0.9999761232078119,0.0003513933857052602,0.5206432080344885,-0.1480045529762028,0.8360441441283851,1.2017780983968431
fast,1.98662970926599,1.1580909691614485,7.276500161812581,0.8828986590972818,0.0017054599990270762,0.9998533663395683,0.9999897669718725,0.0008684822798993173,0.5092976727280103,-0.14799957890386445,0.905314072503778,1.339221405979453
fast,1.98662970926599,1.1976137114518108,7.52482887547083,0.8529699383571216,0.006739909385921911,0.9994790937400702,0.9999831639108525,0.002692324558072408,0.4793689519878502,-0.1429651295169696,0.8746087739564422,1.4753579601780855
fast,1.98662970926599,1.2371364537421727,7.773157589129077,0.7100746262085966,0.08356475691301252,0.8879129282291551,0.9914548495288538,0.34438313500664663,0.33647363983932516,-0.06614028198987901,0.7226588540114018,1.2716275462063151
fast,1.98662970926599,1.276659196032535,8.021486302787327,0.6764120631845161,0.11922425934727779,0.8217520429410766,0.9811545000015449,0.5883100949925848,0.3028110768152446,-0.030480779555613735,0.6247397103619544,1.1828196715637915
fast,1.98662970926599,1.3161819383228972,8.269815016445577,0.6470574647294539,0.10943971395840274,0.7648695350756267,0.981901565998859,0.8175355018089262,0.27345647836018244,-0.040265324944488784,0.6158656581484495,1.1467388198149777
fast,1.98662970926599,1.3557046806132593,8.518143730103825,0.6552781708138664,0.15060302347192026,0.7522395787976206,0.9676488347907439,0.9501994486640315,0.28167718444459494,0.0008979845690287314,0.6090104891637493,1.2130144964059937
fast,1.98662970926599,1.3952274229036215,8.766472443762073,0.587185805782708,0.17760958974192922,0.6427134541221511,0.8858168704128802,1.3693845916828487,0.2135848194134365,0.0279045508390377,0.505712007112911,1.0294616777381775
fast,1.98662970926599,1.4347501651939836,9.014801157420322,0.5778794289545964,0.21966629768159374,0.5774580069678008,0.7858329259729824,1.6843118947875777,0.20427844258532496,0.06996125877870221,0.5053196382650601,0.9628630882916982
fast,1.98662970926599,1.4742729074843457,9.26312987107857,0.5166326496518429,0.19439713075690498,0.5200582429382231,0.8280795106286993,1.9795460717990703,0.1430316632825714,0.04469209185401346,0.447265484398636,0.9159576249384531
fast,2.185292680192589,0.5257270925156543,3.303240743280602,0.6176401832845217,0.16220111642977586,0.6171904528598717,0.9541896250038329,1.7487010682999558,0.24403919691525028,0.012496077526884336,0.5794773967774125,1.315684362760489
fast,2.185292680192589,0.5652498348060164,3.5515694569388505,0.6614079509087936,0.14651204063876305,0.6755186854249675,0.9643536085150933,1.4235323834229592,0.2878069645395221,-0.0031929982641284715,0.6217064944749809,1.3925243339792368
fast,2.185292680192589,0.6047725770963785,3.7998981705970993,0.687699549977079,0.13067689752961878,0.734420655243929,0.9740250742431532,1.165659742701868,0.3140985636078076,-0.019028141373272744,0.6963396605920096,1.4020682610420792
fast,2.185292680192589,0.6442953193867407,4.048226884255348,0.754535041424347,0.11853062799575406,0.8099045499381854,0.984493574530978,0.834820379036966,0.38093405505507555,-0.031174410907137462,0.7351616912386563,1.4845789110487333
fast,2.185292680192589,0.6838180616771029,4.296555597913597,0.7867006549451507,0.11616514919972212,0.8377508332123721,0.98546277142663,0.7954412585998375,0.41309966857587926,-0.0335398897031694,0.7751755633760375,1.2756293178276121
fast,2.185292680192589,0.723340803967465,4.544884311571845,0.8005419270311467,0.10476382609827845,0.8559694965678484,0.9892816193992184,0.6568338344018767,0.4269409406618752,-0.04494121280461308,0.7332787644192887,1.1659080283673244
fast,2.185292680192589,0.7628635462578272,4.793213025230094,0.8078482795229192,0.10220548528110454,0.8701858289601001,0.9885367585415836,0.48462686123315735,0.4342472931536477,-0.04749955362178698,0.7909691955745355,1.089786287877795
fast,2.185292680192589,0.8023862885481894,5.041541738888343,0.8104057927267602,0.08551123638828331,0.8962904420513387,0.9928688065246436,0.3821915033017906,0.4368048063574887,-0.06419380251460821,0.6236393761790469,0.9438929321509129
fast,2.185292680192589,0.8419090308385515,5.289870452546592,0.8455993082079334,0.06769048248540502,0.9426459643749256,0.9951991596104733,0.22015878076848294,0.4719983218386619,-0.0820145564174865,0.4951780617167112,0.8619359212199981
fast,2.185292680192589,0.8814317731289136,5.538199166204841,0.8508081989795697,0.057992159162530005,0.9646139487642991,0.996453154028949,0.1155491761341462,0.47720721261029825,-0.09171287974036152,0.5444735913436151,0.8716008031100476
fast,2.185292680192589,0.9209545154192758,5.7865278798630895,0.8873738354109026,0.0009198613126166874,0.9999360568434962,0.9999999045526318,0.0010234969785883525,0.5137728490416311,-0.14878517759027485,0.816814418665329,0.9585344029702444
fast,2.185292680192589,0.9604772577096379,6.034856593521337,0.9038022784340918,0.0012042213117861788,0.9999271604287017,0.999999812890682,0.0010554019193715408,0.5302012920648203,-0.14850081759110534,0.7432110753701372,0.9309104187341003
fast,2.185292680192589,1.0,6.283185307179586,0.9111318686866583,0.0009045980187910762,0.9999128728385223,0.9999995361504636,0.0005305746167911548,0.5375308823173868,-0.14880044088410044,0.7032238602928859,0.9063847682107592
fast,2.185292680192589,1.0395227422903621,6.531514020837835,0.9138967070041952,0.002150515016387548,0.9988656927847539,0.9999141070567988,0.0002919926606598603,0.5402957206349237,-0.14755452388650397,0.6990890679618933,0.9712127718048411
fast,2.185292680192589,1.0790454845807242,6.779842734496083,0.9139900064585823,0.001126462350115606,0.9998413957184766,0.9999964371095311,0.0011197574057847013,0.5403890200893109,-0.14857857655277593,0.7857697015635523,1.063049337899958
fast,2.185292680192589,1.1185682268710866,7.028171448154334,0.9110509105692192,0.0016999661141380963,0.9995547877570148,0.9999675923230584,0.002628148102553407,0.5374499241999477,-0.14800507278875344,0.8359269690228108,1.199501343679995
fast,2.185292680192589,1.1580909691614485,7.276500161812581,0.9026838744539324,0.00922822254154199,0.9980976546250393,0.9998899098842298,0.0017276525423053357,0.529082888084661,-0.14047681636134954,0.903558360789249,1.3383622357170468
fast,2.185292680192589,1.1976137114518108,7.52482887547083,0.891755870668751,0.0028172008483776725,0.9997763726079816,0.9999949517979033,0.00043440438288655514,0.5181548842994794,-0.14688783805451386,0.8749060528243536,1.4776158803532713
fast,2.185292680192589,1.2371364537421727,7.773157589129077,0.8402417022677002,0.054609805246594756,0.9705668754995991,0.9958210371011033,0.09086700092530611,0.46664071589842876,-0.09509523365629677,0.8053128012818458,1.5251436802876557
fast,2.185292680192589,1.276659196032535,8.021486302787327,0.7716254510715159,0.09226154406947326,0.910602617338678,0.9897911701316033,0.29725933052432496,0.39802446470224445,-0.05744349483341826,0.7135902847595558,1.4738704360320514
fast,2.185292680192589,1.3161819383228972,8.269815016445577,0.6921611347493823,0.12692087907470076,0.7973574657518918,0.9792630026341205,0.7048728901822434,0.3185601483801109,-0.022784159828190764,0.6483535888247146,1.2594014314416604
fast,2.185292680192589,1.3557046806132593,8.518143730103825,0.6769247636477258,0.14310489491857795,0.7604690657776978,0.9698958296026245,0.9017590921775722,0.30332377727845433,-0.006600143984313578,0.6172399761438265,1.261454852892453
fast,2.185292680192589,1.3952274229036215,8.766472443762073,0.6438184199713979,0.1287654075843415,0.7343703065548921,0.9734366818462405,1.060800586479251,0.2702174336021264,-0.020939631318550034,0.597368859545652,1.3380456829417753
fast,2.185292680192589,1.4347501651939836,9.014801157420322,0.5648786535185237,0.1658539404577288,0.6252843301885778,0.9319969441096576,1.4941489862694315,0.19127766714925226,0.01614890155483728,0.5531459614858371,1.1530259968098444
fast,2.185292680192589,1.4742729074843457,9.26312987107857,0.5397001834108306,0.17832434243053424,0.570142678667658,0.8850151563862735,1.8151095218595754,0.16609919704155912,0.02861930352764272,0.4973499201280709,1.080394174877948
fast,2.3839556511191877,0.5257270925156543,3.303240743280602,0.6482107111108445,0.1307282954491316,0.6679231988043768,0.9739594969925921,1.5549389555901314,0.274609724741573,-0.018976743453759937,0.6302101427219176,1.5094464754703134
fast,2.3839556511191877,0.5652498348060164,3.5515694569388505,0.685159452470289,0.15354671684856558,0.7169821081385415,0.9658171687040494,1.26595697294935,0.3115584661010175,0.0038416779456740546,0.6631699171885549,1.550099744452846
fast,2.3839556511191877,0.6047725770963785,3.7998981705970993,0.7488317071346531,0.1319437032728114,0.8038129225222258,0.9818944366415601,0.931766418881134,0.3752307207653816,-0.017761335630080116,0.7657319278703065,1.6359615848628133
fast,2.3839556511191877,0.6442953193867407,4.048226884255348,0.7720510020026093,0.10781461714630769,0.8344346426002062,0.9878745113484169,0.7933260676206464,0.3984500156333379,-0.041890421756583834,0.759691783900677,1.5260732224650528
fast,2.3839556511191877,0.6838180616771029,4.296555597913597,0.8077271392699189,0.0987009431340192,0.8746658358980546,0.9908341854637654,0.6109704499366064,0.43412615290064743,-0.051004095768872326,0.81209056606172,1.460100126490843
fast,2.3839556511191877,0.723340803967465,4.544884311571845,0.8140421807939373,0.1115123961548698,0.8737720371057018,0.9872393735427342,0.5426092164937504,0.44044119442466584,-0.03819264274802173,0.7510813049571422,1.2801326462754508
fast,2.3839556511191877,0.7628635462578272,4.793213025230094,0.8253638224857163,0.09572748927099686,0.8991144672737522,0.9903297275678233,0.4266870291034877,0.4517628361164448,-0.05397754963189466,0.8198978338881876,1.1477261200074647
fast,2.3839556511191877,0.8023862885481894,5.041541738888343,0.8347638911628097,0.07120146650335507,0.932617154049862,0.9946621807199232,0.318850471915893,0.4611629047935382,-0.07850357239953645,0.6599660881775702,1.0072339635368106
fast,2.3839556511191877,0.8419090308385515,5.289870452546592,0.8504725272164205,0.06467728801721148,0.9497649399763066,0.9953253318828635,0.21887124702408323,0.47687154084714906,-0.08502775088568004,0.5022970373180922,0.8632234549643978
fast,2.3839556511191877,0.8814317731289136,5.538199166204841,0.8896266331601087,0.0007410917396074152,0.9998938689051888,0.99999561588988,0.0016966626195858365,0.5160256467908373,-0.14896394716328412,0.5797535114845048,0.985453316624608
fast,2.3839556511191877,0.9209545154192758,5.7865278798630895,0.9106315738223101,0.0009677258326516695,0.9999345471566967,0.9999999002437296,0.000651399001089064,0.5370305874530386,-0.14873731307023985,0.8168129089785295,0.9589065009477438
fast,2.3839556511191877,0.9604772577096379,6.034856593521337,0.9191724173439773,0.001155693746484332,0.9999282011437096,0.999999869072622,0.0005921668260759164,0.5455714309747057,-0.1485493451564072,0.7432121160851451,0.931373653827396
fast,2.3839556511191877,1.0,6.283185307179586,0.9239494120306102,0.001044347943064326,0.9998755586326383,0.9999991324399122,0.0008110414688069748,0.5503484256613387,-0.1486606909598272,0.7031865460870019,0.9061043013587434
fast,2.3839556511191877,1.0395227422903621,6.531514020837835,0.9258229535337866,0.001263903826190231,0.9999037496995272,0.9999991661611267,0.0011960060480749293,0.5522219671645152,-0.14844113507670129,0.7001271248766666,0.970308758417426
fast,2.3839556511191877,1.0790454845807242,6.779842734496083,0.9255959747008423,0.0016749666511569634,0.999611635959556,0.9999700942156498,0.0008941786517052562,0.5519949883315709,-0.14803007225173456,0.7855399418046316,1.0632749166540374
fast,2.3839556511191877,1.1185682268710866,7.028171448154334,0.9240755992932197,0.0009561499769732047,0.9998784976711961,0.9999955471535097,0.0006386484986144285,0.5504746129239482,-0.1487488889259183,0.8362506789369921,1.201490843283934
fast,2.3839556511191877,1.1580909691614485,7.276500161812581,0.9199024220989204,0.0011617667287796443,0.9998453902563202,0.9999919414326379,0.0005164691856464682,0.546301435729649,-0.14854327217411187,0.90530609642053,1.3395734190737056
fast,2.3839556511191877,1.1976137114518108,7.52482887547083,0.9150893197819197,0.0028285269232982647,0.999819746501376,0.9999969605227367,0.0009928886663776264,0.5414883334126481,-0.14687651197959325,0.874949426717748,1.4770573960697801
fast,2.3839556511191877,1.2371364537421727,7.773157589129077,0.899980111415784,0.007845725556048766,0.9980420744185197,0.9998867748283125,0.003610926014388443,0.5263791250465126,-0.14185931334684276,0.8327880002007664,1.6123997551985734
fast,2.3839556511191877,1.276659196032535,8.021486302787327,0.8421813469672939,0.052391607970000476,0.9750360340735866,0.9970963650671005,0.09714183888658093,0.4685803605980224,-0.09731343093289105,0.7780237014944644,1.6739879276697953
fast,2.3839556511191877,1.3161819383228972,8.269815016445577,0.7583813758411277,0.1361308618866815,0.8658975850293495,0.9802032052206757,0.45514438315647077,0.3847803894718563,-0.013574177016210026,0.7168937081021723,1.509129938467433
fast,2.3839556511191877,1.3557046806132593,8.518143730103825,0.6979408437320291,0.13729438682775566,0.8010957045150406,0.9741952815203305,0.7059554859238666,0.32433985736275767,-0.012410652075135864,0.6578666148811694,1.4572584591461586
fast,2.3839556511191877,1.3952274229036215,8.766472443762073,0.6926246634667426,0.12856802145960902,0.7792899200158119,0.980316393297451,0.8899824815016779,0.3190236770974711,-0.021137017443282502,0.6422884730065718,1.5088637879193483
fast,2.3839556511191877,1.4347501651939836,9.014801157420322,0.6483847329407331,0.16749017039487513,0.7119652409025418,0.9473129930221065,1.207047408375314,0.2747837465714616,0.017785131491983602,0.6398268721998011,1.440127574703962
fast,2.3839556511191877,1.4742729074843457,9.26312987107857,0.6005548515561114,0.18619944444231132,0.6372095518263535,0.9139244004777044,1.5764545209575094,0.22695386518683996,0.036494405539419794,0.5644167932867664,1.319049175780014
fast,2.582618622045787,0.5257270925156543,3.303240743280602,0.7009534961405889,0.13014763555831105,0.7268638952423547,0.9739825840690347,1.3359252738404352,0.3273525097713174,-0.019557403344580476,0.6891508391598955,1.7284601572200096
fast,2.582618622045787,0.5652498348060164,3.5515694569388505,0.7260554109740024,0.16661168472617133,0.7753603202979298,0.9720011166843965,1.062879692804819,0.3524544246047309,0.016906645823279803,0.7215481293479432,1.753177024597377
fast,2.582618622045787,0.6047725770963785,3.7998981705970993,0.7791851387126714,0.12007113247189294,0.8254693845604518,0.983208895809323,0.8545150653255736,0.4055841523433999,-0.029633906430998586,0.7873883899085325,1.7132129384183736
fast,2.582618622045787,0.6442953193867407,4.048226884255348,0.8002202037656749,0.10174449183352996,0.854043941178322,0.9900746178954606,0.7694740013132222,0.42661921739640346,-0.047960547069361564,0.7793010824787929,1.549925288772477
fast,2.582618622045787,0.6838180616771029,4.296555597913597,0.8192506212639548,0.1095479146535579,0.8712878646819189,0.9885870040772626,0.5624952654936468,0.4456496348946833,-0.040157124249333626,0.8087125948455843,1.5085753109338027
fast,2.582618622045787,0.723340803967465,4.544884311571845,0.8268447135917754,0.09961072645323821,0.890590522833977,0.9886369796377653,0.46796662735061445,0.4532437272225039,-0.05009431244965332,0.7678997906854174,1.3547752354185867
fast,2.582618622045787,0.7628635462578272,4.793213025230094,0.834707560761814,0.0683847316173179,0.9424913923123696,0.9950359520463389,0.27369928733539395,0.4611065743925425,-0.08132030728557363,0.8632747589268049,1.3007138617755585
fast,2.582618622045787,0.8023862885481894,5.041541738888343,0.8639823058359535,0.060519572288547555,0.9591243474062181,0.9965642642093324,0.18259104535725074,0.490381319466682,-0.08918546661434397,0.6864732815339263,1.1434933900954527
fast,2.582618622045787,0.8419090308385515,5.289870452546592,0.8724512480430354,0.04640303050151173,0.9770978784863498,0.9977964634119778,0.05659131648784715,0.49885026167376395,-0.10330200840137979,0.5296299758281353,1.025503385500634
fast,2.582618622045787,0.8814317731289136,5.538199166204841,0.9151521219633827,0.0008765941311256842,0.9999360826303862,0.999999709330494,0.0005669000238046865,0.5415511355941112,-0.14882844477176585,0.5797957252097022,0.9865830792203891
fast,2.582618622045787,0.9209545154192758,5.7865278798630895,0.9251062546454238,0.0010134079424221902,0.9999318536525755,0.9999999128101024,0.0012946145413830954,0.5515052682761523,-0.14869163096046933,0.8168102154744084,0.9582632854074496
fast,2.582618622045787,0.9604772577096379,6.034856593521337,0.9305454094699421,0.0010963651866475574,0.9999299475233658,0.999999923167386,0.0012843734105609055,0.5569444231006706,-0.14860867371624398,0.7432138624648014,0.930681447242911
fast,2.582618622045787,1.0,6.283185307179586,0.934539966301351,0.0013093916804790997,0.9997349707540353,0.9999872050568306,0.0006954965207903482,0.5609389799320796,-0.1483956472224124,0.7030459582083989,0.90621984630676
fast,2.582618622045787,1.0395227422903621,6.531514020837835,0.9351245989619437,0.0013109482245498385,0.9998219982190153,0.9999983214770992,0.002156303023970876,0.5615236125926721,-0.1483940906783417,0.7000453733961547,0.9693484614415301
fast,2.582618622045787,1.0790454845807242,6.779842734496083,0.9350759752316538,0.0012849609538970286,0.9998130941190241,0.9999905417873979,0.0003953498380873851,0.5614749888623822,-0.1484200779489945,0.7857413999640996,1.0637737454676552
fast,2.582618622045787,1.1185682268710866,7.028171448154334,0.9334681191336645,0.0020244467598132146,0.999352112251296,0.999976092502008,0.001171105969656959,0.5598671327643929,-0.1476805921430783,0.8357242935170921,1.2009583858128916
fast,2.582618622045787,1.1580909691614485,7.276500161812581,0.9307725611076731,0.001903855148110114,0.9997020922931386,0.9999807655766522,0.0005397609701362801,0.5571715747384016,-0.1478011837547814,0.9051627984573483,1.3395501272892159
fast,2.582618622045787,1.1976137114518108,7.52482887547083,0.9294716116680106,0.005541431969421865,0.9989510799477006,0.9999591288948797,0.0019064155849221917,0.5558706252987391,-0.14416360693346966,0.8740807601640727,1.4761438691512356
fast,2.582618622045787,1.2371364537421727,7.773157589129077,0.9196255320382214,0.005066523279613655,0.9993393100299139,0.9999791545070336,0.0011479301420043164,0.5460245456689499,-0.14463851562327787,0.8340852358121607,1.6148627510709574
fast,2.582618622045787,1.276659196032535,8.021486302787327,0.8916670292552207,0.027361297308251847,0.9922973393232241,0.9991971793901733,0.0015598648150346112,0.5180660428859492,-0.12234374159463968,0.7952850067441019,1.7695699017413418
fast,2.582618622045787,1.3161819383228972,8.269815016445577,0.8325694586787092,0.08173661745107677,0.9400787575375704,0.9923663606328865,0.20082615191085543,0.45896847230943777,-0.06796842145181475,0.7910748806103932,1.7634481697130484
fast,2.582618622045787,1.3557046806132593,8.518143730103825,0.7574827696496369,0.12240198802737606,0.8612536268903425,0.9824872490554237,0.5047983869247519,0.38388178328036543,-0.02730305087551546,0.7180245372564711,1.6584155581452733
fast,2.582618622045787,1.3952274229036215,8.766472443762073,0.7110448133070454,0.14633356196659808,0.7888892249307444,0.973937574864183,0.7971001431235349,0.3374438269377739,-0.003371476936293444,0.6518877779215043,1.6017461262974912
fast,2.582618622045787,1.4347501651939836,9.014801157420322,0.7004966010342653,0.1612390696934883,0.7667702191530144,0.9648840547310013,0.98045105156452,0.3268956146649938,0.011534030790596783,0.6946318504502736,1.666723931514756
fast,2.582618622045787,1.4742729074843457,9.26312987107857,0.6473278603483716,0.17948936697802614,0.7026141227341712,0.9416409287992985,1.302876839266099,0.27372687397910017,0.02978432807513462,0.6298213641945841,1.5926268574714244
fast,2.7812815929723858,0.5257270925156543,3.303240743280602,0.722194082189223,0.1429540392057545,0.7583535208119848,0.9739156480286486,1.1715548702296865,0.3485930958199515,-0.006750999697137022,0.7206404647295256,1.8928305608307583
fast,2.7812815929723858,0.5652498348060164,3.5515694569388505,0.7650384179549641,0.126808333337257,0.8081827248455533,0.9831156374437837,0.9785407257296754,0.3914374315856926,-0.02289670556563453,0.7543705338955667,1.8375159916725206
fast,2.7812815929723858,0.6047725770963785,3.7998981705970993,0.8220425471711453,0.10146960424493104,0.8673829507461182,0.9906367636479965,0.7062270373584252,0.44844156080187386,-0.048235434657960485,0.8293019560941988,1.861500966385522
fast,2.7812815929723858,0.6442953193867407,4.048226884255348,0.8301574249438155,0.11040449528071661,0.8818941692489377,0.989689918140745,0.5566745728743727,0.45655643857454403,-0.039300543622174916,0.8071513105494086,1.7627247172113265
fast,2.7812815929723858,0.6838180616771029,4.296555597913597,0.8326008944693324,0.09383594144656421,0.892718050694676,0.992393995721695,0.47853391817147095,0.4589999081000609,-0.055869097456327316,0.8301427808583415,1.5925366582559786
fast,2.7812815929723858,0.723340803967465,4.544884311571845,0.8298759267987246,0.08279044530269658,0.9166951781117425,0.9933576073427058,0.3875571297389758,0.4562749404294531,-0.06691459360019494,0.7940044459631829,1.4351847330302254
fast,2.7812815929723858,0.7628635462578272,4.793213025230094,0.8678331203149152,0.06816962499387308,0.9406639369932044,0.995405212939938,0.2864409450923695,0.49423213394564375,-0.08153541390901844,0.8614473036076398,1.2879722040185828
fast,2.7812815929723858,0.8023862885481894,5.041541738888343,0.8835425625429936,0.043531537111698854,0.9802676001825621,0.9978203214636698,0.09138720734281783,0.509941576173722,-0.10617350179119267,0.7076165343102703,1.2346972281098856
fast,2.7812815929723858,0.8419090308385515,5.289870452546592,0.918068157869038,0.00038299545979049725,0.9999423749057007,0.9999996418741183,0.0004375060122931491,0.5444671714997664,-0.14932204344310102,0.5524744722474862,1.0816571959761878
fast,2.7812815929723858,0.8814317731289136,5.538199166204841,0.9294208521104769,0.0008307389040708142,0.9999362744782527,0.9999997738551596,0.0004944990513630682,0.5558198657412055,-0.1488742999988207,0.5797959170575687,0.9866554801928307
fast,2.7812815929723858,0.9209545154192758,5.7865278798630895,0.9356202117832408,0.0009598270425326207,0.9999315645684201,0.9999999171407267,0.0006631780435053278,0.5620192254139693,-0.1487452118603589,0.816809926390253,0.9588947219053274
fast,2.7812815929723858,0.9604772577096379,6.034856593521337,0.9393626842184202,0.001106282761819285,0.9999273061005196,0.9999999405601178,0.0008865385212968313,0.5657616978491486,-0.14859875614107224,0.7432112210419551,0.9310792821321751
fast,2.7812815929723858,1.0,6.283185307179586,0.941725826359237,0.0007707271090639866,0.9999203437028144,0.9999998430783615,0.00118737177775922,0.5681248399899654,-0.14893431179382755,0.703231331157178,0.9057279710497912
fast,2.7812815929723858,1.0395227422903621,6.531514020837835,0.9427101164926319,0.0012239733850611502,0.9999116074915053,0.9999997725368057,0.0009513239308239897,0.5691091301233604,-0.14848106551783039,0.7001349826686447,0.970553440534677
fast,2.7812815929723858,1.0790454845807242,6.779842734496083,0.9423656939296087,0.0025537136930014878,0.999508535307013,0.9999650804128981,0.001528788998737232,0.5687647075603373,-0.14715132520989005,0.7854368411520887,1.0626403063070053
fast,2.7812815929723858,1.1185682268710866,7.028171448154334,0.9412938647349374,0.0026444742725757263,0.9993880732272721,0.9999556396010361,0.0016525937536433252,0.5676928783656658,-0.1470605646303158,0.8357602544930681,1.2004768980289051
fast,2.7812815929723858,1.1580909691614485,7.276500161812581,0.9396757298883559,0.0016164301970202177,0.9996451556117134,0.9999578169997415,0.002854480628235222,0.5660747435190845,-0.14808860870587132,0.9051058617759231,1.337235407631117
fast,2.7812815929723858,1.1976137114518108,7.52482887547083,0.9389285137521028,0.0038833131105858796,0.9993927627153547,0.9999817033510405,0.0025221154848431818,0.5653275273828313,-0.14582172579230565,0.8745224429317268,1.4755281692513147
fast,2.7812815929723858,1.2371364537421727,7.773157589129077,0.9332095297677037,0.005032054749025788,0.9992096840639245,0.9999654200150085,0.0010842204993117338,0.5596085433984321,-0.14467298415386573,0.8339556098461712,1.61492646071365
fast,2.7812815929723858,1.276659196032535,8.021486302787327,0.9231516847419637,0.004437633012428239,0.9992522997860702,0.9999832645260894,0.0017992638839276548,0.5495506983726923,-0.14526740589046327,0.802239967206948,1.7693305026724486
fast,2.7812815929723858,1.3161819383228972,8.269815016445577,0.9016882547776733,0.007157748210761967,0.9971264914614953,0.9995523949233297,0.0031083202226920292,0.5280872684084019,-0.14254729069212957,0.8481226145343181,1.9611660014012118
fast,2.7812815929723858,1.3557046806132593,8.518143730103825,0.8051242863936223,0.08905626590149524,0.9289879921609232,0.9920351641785411,0.30327599781622117,0.43152330002435085,-0.06064877300139629,0.7857589025270519,1.859937947253804
fast,2.7812815929723858,1.3952274229036215,8.766472443762073,0.7430782186486657,0.14409136836935138,0.8379022619377621,0.9740064960182598,0.6426698328599885,0.3694772322793943,-0.005613670533540144,0.700900814928522,1.7561764365610377
fast,2.7812815929723858,1.4347501651939836,9.014801157420322,0.708626279941164,0.1332654410536798,0.7844631148737026,0.9802860758326124,0.9053833975556919,0.33502529357189254,-0.01643959784921173,0.7123247461709619,1.741791585523584
fast,2.7812815929723858,1.4742729074843457,9.26312987107857,0.6994834200314828,0.18022120370058708,0.7459650827323538,0.9574395420650037,1.158510777397408,0.3258824336622113,0.03051616479769556,0.6731723241927667,1.7369929193401155
fast,2.979944563898985,0.5257270925156543,3.303240743280602,0.787087784664652,0.1331848143174437,0.8271249304134818,0.9796706611999162,0.9977029013835186,0.41348679829538054,-0.01652022458544783,0.7894118743310226,2.0666825296769264
fast,2.979944563898985,0.5652498348060164,3.5515694569388505,0.8182450132517343,0.1044309860064136,0.8600744166999411,0.9899767240736616,0.7618026368938597,0.4446440268824628,-0.04527405289647793,0.8062622257499545,2.0542540805083362
fast,2.979944563898985,0.6047725770963785,3.7998981705970993,0.8242655667240594,0.10947733995008357,0.8729345090795129,0.9899400863079865,0.6313399221875631,0.4506645803547879,-0.04022769895280795,0.8348535144275935,1.936388081556384
fast,2.979944563898985,0.6442953193867407,4.048226884255348,0.8381506923940828,0.0885277416954096,0.8978035212405362,0.9923021663926157,0.5359817292753144,0.4645497060248113,-0.061177297207481926,0.8230606625410071,1.7834175608103848
fast,2.979944563898985,0.6838180616771029,4.296555597913597,0.837404705232943,0.0942953154701055,0.9021906192190627,0.9911434474782144,0.4275436467249833,0.4638037188636715,-0.05540972343278602,0.8396153493827282,1.6435269297024662
fast,2.979944563898985,0.723340803967465,4.544884311571845,0.8717815143816968,0.0659329047312623,0.9496939379833456,0.9960313904143534,0.2451977834306318,0.49818052801242535,-0.08377213417162922,0.8270032058347859,1.5775440793385693
fast,2.979944563898985,0.7628635462578272,4.793213025230094,0.8791690817639412,0.05891073197298349,0.9616136065345284,0.9966959353595299,0.1747807183269799,0.5055680953946697,-0.09079430692990803,0.8823969731489638,1.3996324307839725
fast,2.979944563898985,0.8023862885481894,5.041541738888343,0.9191644159225654,0.0002822816803145123,0.9999460175276064,0.999999664057601,0.0005615742339168209,0.5455634295532938,-0.149422757222577,0.7272949516553145,1.3255228612187866
fast,2.979944563898985,0.8419090308385515,5.289870452546592,0.9326914525627414,0.0003613465123596716,0.9999393154769289,0.9999996071686738,0.0011527083218223983,0.5590904661934699,-0.14934369239053186,0.5524714128187145,1.0809419936666587
fast,2.979944563898985,0.8814317731289136,5.538199166204841,0.9394942625391833,0.0007947864922782739,0.99993520754119,0.9999998011022745,0.0009640411431227255,0.5658932761699118,-0.14891025241061326,0.579794850120506,0.986185938101071
fast,2.979944563898985,0.9209545154192758,5.7865278798630895,0.9437464798757389,0.000917000411763203,0.9999315658333772,0.9999999203280259,0.0008413414182858582,0.5701454935064674,-0.14878803849112832,0.81680992765521,0.9587165585305469
fast,2.979944563898985,0.9604772577096379,6.034856593521337,0.9464630502789242,0.0010533798043653405,0.9999267025236669,0.9999999610208342,0.0010404555141073758,0.5728620639096527,-0.14865165909852618,0.7432106174651024,0.9309253651393645
fast,2.979944563898985,1.0,6.283185307179586,0.9480600400727927,0.0013424489753420385,0.999918988822619,0.9999998895718023,0.0010214898069830843,0.5744590537035212,-0.1483625899275495,0.7032299762769826,0.9058938530205672
fast,2.979944563898985,1.0395227422903621,6.531514020837835,0.9489662674999947,0.0012227687312907616,0.999912306965846,0.999999826557527,0.0009637225881434415,0.5753652811307233,-0.14848227017160076,0.7001356821429854,0.9705410418773575
fast,2.979944563898985,1.0790454845807242,6.779842734496083,0.9488564424262358,0.0018883551539263447,0.999815965625653,0.999993326069341,0.002301566969652027,0.5752554560569643,-0.14781668374896517,0.7857442714707286,1.0618675283360905
fast,2.979944563898985,1.1185682268710866,7.028171448154334,0.9482635244247221,0.0013214076705249291,0.9998843020152984,0.9999967065812427,0.0005072421493556886,0.5746625380554506,-0.1483836312323666,0.8362564832810945,1.2016222496331928
fast,2.979944563898985,1.1580909691614485,7.276500161812581,0.9463871527814554,0.0034245333998822146,0.9993057577771682,0.9999738438835846,0.005740168908121667,0.5727861664121838,-0.1462805055030093,0.9047664639413779,1.3343497193512306
fast,2.979944563898985,1.1976137114518108,7.52482887547083,0.9449597533104961,0.0020499706815776367,0.9994919847005328,0.9999785059839792,0.0026865241536237054,0.5713587669412246,-0.14765506822131388,0.8746216649169049,1.475363760582534
fast,2.979944563898985,1.2371364537421727,7.773157589129077,0.9430834096428061,0.004826665513385444,0.9989517289823937,0.9999386828007287,0.0034230991675716638,0.5694824232735347,-0.14487837338950607,0.8336976547646404,1.61258758204539
fast,2.979944563898985,1.276659196032535,8.021486302787327,0.9360687101268634,0.003184304711518966,0.9994569551649091,0.9999943710520809,0.0018211559010749864,0.5624677237575919,-0.14652073419137257,0.8024446225857869,1.7693086106553013
fast,2.979944563898985,1.3161819383228972,8.269815016445577,0.9251850610901995,0.0036171994410623097,0.9995530254043943,0.9999903942786216,0.0037860168208219136,0.551584074720928,-0.1460878394618292,0.8505491484772171,1.960488304803082
fast,2.979944563898985,1.3557046806132593,8.518143730103825,0.8706650272465343,0.04843758716384314,0.9766741433214012,0.9980969250168261,0.0886629666813855,0.4970640408772628,-0.10126745173904839,0.83344505368753,2.0745509783886398
fast,2.979944563898985,1.3952274229036215,8.766472443762073,0.7961117666290789,0.08908149468961989,0.8973597618580722,0.9913192239950764,0.37548745803580186,0.42251078025980743,-0.06062354421327164,0.7603583148488321,2.0233588113852243
fast,2.979944563898985,1.4347501651939836,9.014801157420322,0.7210172312476207,0.10546047458796035,0.8205459372050714,0.9861085807067693,0.7418439792930649,0.34741624487834927,-0.04424456431493118,0.7484075685023307,1.905331003786211
fast,2.979944563898985,1.4742729074843457,9.26312987107857,0.7288984270422438,0.1492771804946852,0.7873175723909787,0.9713453079262069,0.9299025414185711,0.35529744067297236,-0.00042785840820633303,0.7145248138513915,1.9656011553189523
fast,3.178607534825584,0.5257270925156543,3.303240743280602,0.8267568612182872,0.10750117858409741,0.8708717801936161,0.9891926498454469,0.7849630702096794,0.4531558748490157,-0.04220386031879411,0.8331587241111569,2.2794223608507655
fast,3.178607534825584,0.5652498348060164,3.5515694569388505,0.8308247120486477,0.10731897607649929,0.8748189476172417,0.9894230349591424,0.709497659369639,0.45722372567937625,-0.042386062826392235,0.8210067566672551,2.106559058032557
fast,3.178607534825584,0.6047725770963785,3.7998981705970993,0.8322154451004808,0.10211516429460846,0.8770147370866783,0.9905794025286951,0.641805271437934,0.4586144587312094,-0.04758987460828307,0.8389337424347589,1.925922732306013
fast,3.178607534825584,0.6442953193867407,4.048226884255348,0.8299331164345372,0.09630041238325454,0.9014002470055691,0.9912713503465457,0.5081824407691895,0.4563321300652657,-0.05340462651963698,0.82665738830604,1.8112168493165097
fast,3.178607534825584,0.6838180616771029,4.296555597913597,0.8626564909631962,0.06929391427505283,0.9438621632876527,0.9960387131242749,0.27245769138653486,0.4890555045939247,-0.0804111246278387,0.8812868934513182,1.7986128850409147
fast,3.178607534825584,0.723340803967465,4.544884311571845,0.8847784292300793,0.057800418507437196,0.9584627514219162,0.9966485020920443,0.1693048021507664,0.5111774428608078,-0.09190462039545433,0.8357720192733565,1.6534370606184348
fast,3.178607534825584,0.7628635462578272,4.793213025230094,0.9181010018583826,0.00023197309589575028,0.9999495971948933,0.9999995709676354,0.0005566849212639033,0.5445000154891111,-0.14947306580699576,0.9207329638093287,1.5738564641896884
fast,3.178607534825584,0.8023862885481894,5.041541738888343,0.9348859779376815,0.00028169619523108326,0.999945824874007,0.9999996593231726,0.00048677968121360295,0.5612849915684099,-0.14942334270766044,0.7272947590017151,1.32559765577149
fast,3.178607534825584,0.8419090308385515,5.289870452546592,0.9426808381375191,0.0005317998903121565,0.999936288507952,0.9999994300177393,0.0009254977396117149,0.5690798517682476,-0.14917323901257937,0.5524683858497376,1.0811692042488692
fast,3.178607534825584,0.8814317731289136,5.538199166204841,0.9471469004550417,0.0007429200389821198,0.9999350142077585,0.9999998014500553,0.0004641637877269073,0.5735459140857702,-0.1489621188639094,0.5797946567870745,0.9866858154564668
fast,3.178607534825584,0.9209545154192758,5.7865278798630895,0.9502283199715379,0.0008634771315914026,0.9999306459306614,0.9999999232220501,0.0005266164103635439,0.5766273336022665,-0.14884156177130012,0.8168090077524942,0.9590312835384692
fast,3.178607534825584,0.9604772577096379,6.034856593521337,0.9522661406864229,0.0010073906557191744,0.9999236899530544,0.9999999091987911,0.0007394104165544905,0.5786651543171515,-0.14869764824717235,0.7432076048944899,0.9312264102369174
fast,3.178607534825584,1.0,6.283185307179586,0.9534893605383512,0.0012781178542842317,0.9999188854611833,0.9999999019202055,0.0010240401955182597,0.5798883741690797,-0.1484269210486073,0.703229872915547,0.9058913026320321
fast,3.178607534825584,1.0395227422903621,6.531514020837835,0.9541966141231821,0.0011257573530049857,0.9999145154931295,0.9999998937697612,0.0008677643213904258,0.5805956277539106,-0.14857928154988653,0.7001378906702689,0.9706370001441105
fast,3.178607534825584,1.0790454845807242,6.779842734496083,0.9541518726071008,0.0018525474467584297,0.9999031618008105,0.9999997926182979,0.0010604479674117446,0.5805508862378292,-0.1478524914561331,0.7858314676458862,1.0631086473383309
fast,3.178607534825584,1.1185682268710866,7.028171448154334,0.9534752045686226,0.0018614831050033091,0.9995960944663295,0.9999706400290183,0.0006568852243596565,0.579874218199351,-0.14784355579788822,0.8359682757321255,1.2014726065581889
fast,3.178607534825584,1.1580909691614485,7.276500161812581,0.9524439562708154,0.0018743661159545226,0.9995707793616838,0.9999732671132711,0.0011828287408281273,0.5788429699015438,-0.147830672786937,0.9050314855258935,1.338907059518524
fast,3.178607534825584,1.1976137114518108,7.52482887547083,0.9527843919582163,0.0029299503827858965,0.9987997493361365,0.9999135782334156,0.0016781657683187943,0.5791834055889449,-0.14677508852010562,0.8739294295525085,1.4763721189678392
fast,3.178607534825584,1.2371364537421727,7.773157589129077,0.9483277223069542,0.0013130552767377643,0.9998150653520212,0.9999889881423807,0.0008304547207414654,0.5747267359376826,-0.14839198362615377,0.834560991134268,1.6151802264922204
fast,3.178607534825584,1.276659196032535,8.021486302787327,0.9438567346799935,0.008578350855209898,0.9971415159960584,0.9999008140023846,0.005309752026737829,0.570255748310722,-0.14112668804768164,0.8001291834169362,1.7658200145296385
fast,3.178607534825584,1.3161819383228972,8.269815016445577,0.9353405229419949,0.010904133464005367,0.9981255243951762,0.9999690389534892,0.0022968798931641585,0.5617395365727234,-0.13880090543888615,0.849121647467999,1.9619774417307396
fast,3.178607534825584,1.3557046806132593,8.518143730103825,0.9211284907114731,0.005419115991302485,0.9993815193239355,0.9999620784099166,0.0010078003847465587,0.5475275043422017,-0.14428592291158904,0.8561524296900642,2.1622061446852787
fast,3.178607534825584,1.3952274229036215,8.766472443762073,0.8756458832843915,0.05197682385322856,0.9745854600885377,0.9977640531849973,0.12113483212364103,0.5020448969151201,-0.09772821504966296,0.8375840130792976,2.277711437297385
fast,3.178607534825584,1.4347501651939836,9.014801157420322,0.7767943175394394,0.11254478808728957,0.8655988865410305,0.9869069195750715,0.5890551157702435,0.4031933311701679,-0.03716025081560195,0.7934605178382897,2.058119867309032
fast,3.178607534825584,1.4742729074843457,9.26312987107857,0.7497124107202563,0.11928783322321745,0.8278063810884424,0.9825583596754087,0.7785578683915959,0.3761114243509848,-0.03041720567967407,0.7550136225488553,2.1169458283459273
fast,3.3772705057521826,0.5257270925156543,3.303240743280602,0.8336327184325862,0.09414497314355738,0.8748116833975723,0.9926389412674093,0.770795707137115,0.46003173206331477,-0.05556006575933414,0.8370986273151131,2.29358972392333
fast,3.3772705057521826,0.5652498348060164,3.5515694569388505,0.845865186150329,0.10222387807386776,0.8895965382856379,0.9909105847246193,0.6502070134531739,0.47226419978105755,-0.04748116082902376,0.8357843473356513,2.1658497039490223
fast,3.3772705057521826,0.6047725770963785,3.7998981705970993,0.8319109723195551,0.09777939230023,0.8898443796344991,0.9915486769085998,0.5619193532066298,0.45830998595028366,-0.051925646602661524,0.8517633849825799,2.0058086505373174
fast,3.3772705057521826,0.6442953193867407,4.048226884255348,0.8623662765016,0.07261976848984682,0.9399819615267111,0.9948072933811839,0.34776064893635883,0.48876529013232856,-0.07708527041304471,0.865239102827182,1.9716386411493403
fast,3.3772705057521826,0.6838180616771029,4.296555597913597,0.8949445970339485,0.05640347923216913,0.965933642417353,0.9972758028501353,0.16746109050410146,0.5213436106646769,-0.0933015596707224,0.9033583725810185,1.903609485923348
fast,3.3772705057521826,0.723340803967465,4.544884311571845,0.9093537112223518,0.0004994718906875682,0.9999547581932267,0.9999997755324874,0.0007910315797792222,0.5357527248530802,-0.14920556701220394,0.877264026044667,1.821950831189422
fast,3.3772705057521826,0.7628635462578272,4.793213025230094,0.9362779031472677,0.00023864273469867452,0.9999484892066451,0.9999995472652004,0.0009091243381407704,0.5626769167779961,-0.14946639616819285,0.9207318558210805,1.5735040247728116
fast,3.3772705057521826,0.8023862885481894,5.041541738888343,0.9448149366690112,0.0002749192681474071,0.9999452485757201,0.9999996181390918,0.000527837586503309,0.5712139502997398,-0.14943011963474412,0.7272941827034283,1.3255565978662003
fast,3.3772705057521826,0.8419090308385515,5.289870452546592,0.9498228353291797,0.0006800611058621793,0.9999389072581553,0.9999996726626925,0.0005911573094748866,0.5762218489599082,-0.14902497779702933,0.5524710045999408,1.0815035446790062
fast,3.3772705057521826,0.8814317731289136,5.538199166204841,0.9532308061206565,0.0007146545215924523,0.999934840027847,0.9999998068442816,0.0007172339607165827,0.579629819751385,-0.14899038438129908,0.579794482607163,0.9864327452834772
fast,3.3772705057521826,0.9209545154192758,5.7865278798630895,0.9555594203636728,0.000829356959873187,0.9999303319651085,0.9999999116673137,0.0010784110756820236,0.5819584339944013,-0.14887568194301834,0.8168086937869413,0.9584794888731507
fast,3.3772705057521826,0.9604772577096379,6.034856593521337,0.9571285413775268,0.0009627128039363878,0.9999237804380368,0.9999999019497768,0.001194995620810503,0.5835275550082553,-0.14874232609895513,0.7432076953794723,0.9307708250326614
fast,3.3772705057521826,1.0,6.283185307179586,0.9580695197565912,0.00125737346741284,0.9999172626175952,0.9999998845506826,0.0009099586230487925,0.5844685333873196,-0.1484476654354787,0.7032282500719588,0.9060053842045016
fast,3.3772705057521826,1.0395227422903621,6.531514020837835,0.9587016434202791,0.001097636515712418,0.999907901148108,0.9999995267952966,0.0013004842286598655,0.5851006570510076,-0.1486074023871791,0.7001312763252474,0.970204280236841
fast,3.3772705057521826,1.0790454845807242,6.779842734496083,0.9586241876052816,0.0015755102715022985,0.9999071710775838,0.9999997748773801,0.0003259425065788394,0.5850232012360101,-0.14812952863138923,0.7858354769226594,1.0638431527991636
fast,3.3772705057521826,1.1185682268710866,7.028171448154334,0.9582738651746727,0.0012340716347654908,0.9998787759517355,0.9999974437387764,0.001051957318868683,0.5846728788054012,-0.14847096726812603,0.8362509572175315,1.2010775344636797
fast,3.3772705057521826,1.1580909691614485,7.276500161812581,0.9579618323269359,0.0024175063609703645,0.9988077377882804,0.9998909760682988,0.0019460209320412642,0.5843608459576644,-0.14728753254192117,0.9042684439524901,1.338143867327311
fast,3.3772705057521826,1.1976137114518108,7.52482887547083,0.9564279862640165,0.003639133175246922,0.9990381820922987,0.9998813650121713,0.0034004877790444845,0.5828269998947451,-0.1460659057276446,0.8741678623086707,1.4746497969571133
fast,3.3772705057521826,1.2371364537421727,7.773157589129077,0.9535885256379664,0.001839345237592771,0.9996299080931131,0.9999795201178634,0.000907197322101637,0.5799875392686948,-0.14786569366529875,0.8343758338753599,1.6151034838908602
fast,3.3772705057521826,1.276659196032535,8.021486302787327,0.9505820263913897,0.00929533090347023,0.9984900489667488,0.9999077731313187,0.002599809687457544,0.5769810400221183,-0.1404097079994213,0.8014777163876265,1.7685299568689188
fast,3.3772705057521826,1.3161819383228972,8.269815016445577,0.9431971195333078,0.00989388208827898,0.9963889936969782,0.9997554567870977,0.0014699842335453973,0.5695961331640362,-0.13981115681461254,0.847385116769801,1.9628043373903583
fast,3.3772705057521826,1.3557046806132593,8.518143730103825,0.9365293008358198,0.005124957729965039,0.9988213404274107,0.9998926520975879,0.0012292401581901974,0.5629283144665482,-0.14458008117292648,0.8555922507935394,2.161984704911835
fast,3.3772705057521826,1.3952274229036215,8.766472443762073,0.9156493419759814,0.015820487737822183,0.9977180791149263,0.9998874720321442,0.002042509687946491,0.5420483556067099,-0.13388455116506934,0.8607166321056862,2.39680375973308
fast,3.3772705057521826,1.4347501651939836,9.014801157420322,0.8511497848666505,0.08002180252544176,0.9435474453781889,0.9941796521172486,0.2344312488632152,0.477548798497379,-0.06968323637744976,0.8714090766754482,2.4127437342160607
fast,3.3772705057521826,1.4742729074843457,9.26312987107857,0.7880535222720384,0.0994481321310077,0.8772636020903011,0.9909143790462954,0.5570377792060309,0.4144525359027669,-0.050256906771883825,0.804470843550714,2.3384659175314924
fast,3.575933476678782,0.5257270925156543,3.303240743280602,0.8533961967971362,0.10003747500630797,0.8936637071437402,0.9905777948495604,0.6307460842777313,0.4797952104278647,-0.049667563896583555,0.855950651061281,2.4336393467827135
fast,3.575933476678782,0.5652498348060164,3.5515694569388505,0.858464158554521,0.09857681428960162,0.9088259953340108,0.991352235009319,0.4951389117251116,0.4848631721852495,-0.051128224613289905,0.8550138043840242,2.3209178056770843
fast,3.575933476678782,0.6047725770963785,3.7998981705970993,0.8465241098563863,0.08714777939364698,0.9217397857392022,0.9928352455439424,0.43080164111137087,0.4729231234871148,-0.06255725950924454,0.8836587910872828,2.1369263626325763
fast,3.575933476678782,0.6442953193867407,4.048226884255348,0.8957772655747523,0.060044893858225395,0.962491437514617,0.9971539452994003,0.1834157566054253,0.5221762792054809,-0.08966014504466613,0.8877485788150878,2.1359835334802737
fast,3.575933476678782,0.6838180616771029,4.296555597913597,0.9065197193870702,0.04318169133518733,0.9814872784372324,0.9983890947639751,0.08976748207947091,0.5329187330177987,-0.1065233475677042,0.9189120086008978,1.9813030943479786
fast,3.575933476678782,0.723340803967465,4.544884311571845,0.9369023359804531,0.0002315767267425471,0.9999543462261422,0.9999996801644082,0.0004883707014218746,0.5633013496111816,-0.14947346217614899,0.8772636140775826,1.8222534920677793
fast,3.575933476678782,0.7628635462578272,4.793213025230094,0.9465154852753599,0.00023854738590111557,0.9999485548993103,0.9999995474463106,0.0006507212345958635,0.5729144989060884,-0.1494664915169904,0.9207319215137457,1.5737624278763565
fast,3.575933476678782,0.8023862885481894,5.041541738888343,0.9520917602753833,0.00033927947917472285,0.9999439012962119,0.9999996078846712,0.0011606125145021808,0.5784907739061118,-0.1493657594237168,0.7272928354239201,1.3249238229382012
fast,3.575933476678782,0.8419090308385515,5.289870452546592,0.9556486233765704,0.000593569523625022,0.9999384498282177,0.9999996720337134,0.0009915230441963135,0.5820476370072989,-0.1491114693792665,0.5524705471700032,1.0811031789442846
fast,3.575933476678782,0.8814317731289136,5.538199166204841,0.9582056472702245,0.000670038041991462,0.9999345237010957,0.9999998119382463,0.0009450997246110365,0.584604660900953,-0.14903500086090007,0.5797941662804117,0.9862048795195828
fast,3.575933476678782,0.9209545154192758,5.7865278798630895,0.960006084896381,0.000786042191414163,0.9999290009107166,0.9999999126290569,0.001041738041637874,0.5864050985271094,-0.14891899671147735,0.8168073627325494,0.9585161619071949
fast,3.575933476678782,0.9604772577096379,6.034856593521337,0.9612371837710609,0.0009110456865910575,0.9999226272438076,0.9999998830244761,0.001187044932194582,0.5876361974017894,-0.14879399321630046,0.7432065421852432,0.9307787757212773
fast,3.575933476678782,1.0,6.283185307179586,0.9619777045113016,0.001185684832975,0.9999182362565153,0.9999998902131957,0.0010813098765199117,0.5883767181420301,-0.14851935406991654,0.7032292237108789,0.9058340329510305
fast,3.575933476678782,1.0395227422903621,6.531514020837835,0.9623628553185782,0.001375611674817495,0.9999142740897122,0.9999998298503928,0.0005181488629448537,0.5887618689493068,-0.14832942722807402,0.7001376492668516,0.9709866156025561
fast,3.575933476678782,1.0790454845807242,6.779842734496083,0.9624419466772316,0.0016212649446730502,0.9999017183417014,0.9999998087190631,0.001193614423191954,0.5888409603079601,-0.14808377395821848,0.785830024186777,1.0629754808825507
fast,3.575933476678782,1.1185682268710866,7.028171448154334,0.9622019506403827,0.0014147246601011153,0.9998999624548262,0.9999997174363382,0.0015062480464878509,0.5886009642711112,-0.1482903142427904,0.8362721437206222,1.2006232437360607
fast,3.575933476678782,1.1580909691614485,7.276500161812581,0.9615956766969302,0.0012080995713361384,0.9997050913714769,0.9999991905608379,0.005156842243006832,0.5879946903276587,-0.1484969393315554,0.9051657975356866,1.3349330460163453
fast,3.575933476678782,1.1976137114518108,7.52482887547083,0.9617244429160172,0.002009270954257727,0.9996305758777793,0.9999831593267323,0.0008811233886034664,0.5881234565467457,-0.1476957679486338,0.8747602560941513,1.4771691613475544
fast,3.575933476678782,1.2371364537421727,7.773157589129077,0.9583848644589037,0.004143292820048301,0.9987169610523918,0.9999277176137153,0.004902848892226449,0.5847838780896322,-0.14556174608284322,0.8334628868346385,1.6111078323207353
fast,3.575933476678782,1.276659196032535,8.021486302787327,0.956596965202065,0.0024860578595831636,0.9990901500565532,0.9999556813591735,0.0009328551434264968,0.5829959788327936,-0.14721898104330836,0.802077817477431,1.7701969114129499
fast,3.575933476678782,1.3161819383228972,8.269815016445577,0.9484620237744438,0.01737427934893152,0.9964570374795975,0.9999592122596295,0.004434200725411822,0.5748610374051724,-0.13233075955396,0.8474531605524203,1.959840120898492
fast,3.575933476678782,1.3557046806132593,8.518143730103825,0.9404011809214232,0.019097652667245252,0.9967284096706926,0.9999151901340022,0.0007309447012195688,0.5668001945521517,-0.13060738623564627,0.8534993200368213,2.162483000368806
fast,3.575933476678782,1.3952274229036215,8.766472443762073,0.9363276872305069,0.020931065848198312,0.995839023936979,0.9998688221456284,0.003919906673424222,0.5627267008612353,-0.1287739730546932,0.8588375769277389,2.394926362747602
fast,3.575933476678782,1.4347501651939836,9.014801157420322,0.9190144288923194,0.00959435988067592,0.9986662155211474,0.9997682790341772,0.000934673841664038,0.5454134425230479,-0.1401106790222156,0.9265278468184067,2.6462403092376117
fast,3.575933476678782,1.4742729074843457,9.26312987107857,0.8268963246618231,0.09182496351948202,0.9139071229425442,0.9930208520930615,0.43252653239153394,0.4532953382925516,-0.0578800753834095,0.8411143644029571,2.4629771643459897
fast,3.7745964476053806,0.5257270925156543,3.303240743280602,0.8465608559275974,0.09272053558113794,0.8874037239477746,0.9923190839728815,0.6521714584799341,0.472959869558326,-0.05698450332175359,0.8496906678653153,2.4122139725805107
fast,3.7745964476053806,0.5652498348060164,3.5515694569388505,0.8602158818690795,0.08627536906655126,0.9141186060270028,0.9920242758854528,0.4545408560295836,0.486614895499808,-0.06342966983634027,0.8603064150770162,2.361515861372612
fast,3.7745964476053806,0.6047725770963785,3.7998981705970993,0.8900099827005018,0.06354901920800587,0.9580678778650603,0.9970398668171896,0.23685111119917845,0.5164089963312304,-0.08615601969488565,0.919986883213141,2.3308768925447687
fast,3.7745964476053806,0.6442953193867407,4.048226884255348,0.9097257882005838,0.047270412714107056,0.9771945742342066,0.9980091682393417,0.13557578749056834,0.5361248018313123,-0.10243462618878446,0.9024517155346775,2.1838235025951307
fast,3.7745964476053806,0.6838180616771029,4.296555597913597,0.9366703836157009,0.00019208161282413587,0.9999621722171623,0.9999998858925673,0.00023393742052949898,0.5630693972464293,-0.1495129572900674,0.9373869023808278,2.07083663900692
fast,3.7745964476053806,0.723340803967465,4.544884311571845,0.9477534447529832,0.00023929088390882566,0.9999549958520271,0.9999997423723932,0.0002789187404046187,0.5741524583837117,-0.14946574801898269,0.8772642637034674,1.8224629440287965
fast,3.7745964476053806,0.7628635462578272,4.793213025230094,0.9537497906211708,0.00023068171180622857,0.9999482638766186,0.9999995522023248,0.00037809637489600375,0.5801488042518994,-0.1494743571910853,0.920731630491054,1.5740350527360563
fast,3.7745964476053806,0.8023862885481894,5.041541738888343,0.957791743739889,0.0005323700796672076,0.9999439569740379,0.9999993341672666,0.0007212662431743924,0.5841907573706175,-0.14917266882322433,0.7272928911017461,1.3253631692095291
fast,3.7745964476053806,0.8419090308385515,5.289870452546592,0.9603790089307278,0.0005577097510413727,0.9999394737999416,0.9999996947938868,0.0008586758246979581,0.5867780225614563,-0.14914732915185014,0.5524715711417272,1.081236026163783
fast,3.7745964476053806,0.8814317731289136,5.538199166204841,0.9623579285656574,0.0006436689063956804,0.9999346798873232,0.9999998141807638,0.0009496676805974916,0.5887569421963859,-0.14906136999649586,0.5797943224666392,0.9862003115635963
fast,3.7745964476053806,0.9209545154192758,5.7865278798630895,0.9637799004952876,0.0007531379273147057,0.9999292467265839,0.9999999054183082,0.001055568447281077,0.5901789141260161,-0.1489519009755768,0.8168076085484167,0.9585023315015517
fast,3.7745964476053806,0.9604772577096379,6.034856593521337,0.964765728875526,0.0008653502832970978,0.9999230813073139,0.9999998820672347,0.0011608104648449648,0.5911647425062545,-0.14883968861959443,0.7432069962487494,0.9308050101886269
fast,3.7745964476053806,1.0,6.283185307179586,0.9653508932863184,0.0011731845111259374,0.9999166500888133,0.9999998771443777,0.0013273755435241341,0.5917499069170469,-0.14853185439176558,0.7032276375431769,0.9055879672840262
fast,3.7745964476053806,1.0395227422903621,6.531514020837835,0.9656632623726347,0.001405197791354236,0.9999091622545117,0.9999998068146614,0.0009133850380745261,0.5920622760033631,-0.1482998411115373,0.700132537431651,0.9705913794274265
fast,3.7745964476053806,1.0790454845807242,6.779842734496083,0.9657343980880527,0.0014125316965432934,0.9999084636581518,0.9999998431201995,0.0010698251079244653,0.5921334117187813,-0.14829250720634823,0.7858367695032273,1.0630992701978181
fast,3.7745964476053806,1.1185682268710866,7.028171448154334,0.9655176242321653,0.0013901145268742214,0.9998999275998219,0.9999995794371723,0.0008389438003013616,0.5919166378628937,-0.14831492437601732,0.836272108865618,1.201290547982247
fast,3.7745964476053806,1.1580909691614485,7.276500161812581,0.9650946132946266,0.0010635734927246726,0.9998442025120563,0.9999979565537274,0.0012649443517432541,0.5914936269253552,-0.14864146541016685,0.905304908676266,1.338824943907609
fast,3.7745964476053806,1.1976137114518108,7.52482887547083,0.965263351030687,0.0028916815260301696,0.9992766178219321,0.9999409401674658,0.001571281503401936,0.5916623646614154,-0.14681335737686135,0.8744062980383042,1.476479003232756
fast,3.7745964476053806,1.2371364537421727,7.773157589129077,0.9624821948049804,0.00286709207572052,0.9991294221261293,0.9999507765231763,0.0014116402928970255,0.5888812084357089,-0.146837946827171,0.833875347908376,1.6145990409200648
fast,3.7745964476053806,1.276659196032535,8.021486302787327,0.960687785103462,0.00218676452890823,0.9989686531403228,0.9998757955655881,0.001933000274719691,0.5870867987341906,-0.1475182743739833,0.8019563205612006,1.7691967662816566
fast,3.7745964476053806,1.3161819383228972,8.269815016445577,0.9553343370029312,0.008699666691072801,0.9969189647617362,0.9997065193140221,0.0025673973236738984,0.5817333506336597,-0.14100537221181872,0.847915087834559,1.9617069243002299
fast,3.7745964476053806,1.3557046806132593,8.518143730103825,0.9521262227136957,0.004678204548212911,0.9991474571977529,0.9999290549937512,0.0008818037591227481,0.5785252363444242,-0.1450268343546786,0.8559183675638815,2.1623321413109022
fast,3.7745964476053806,1.3952274229036215,8.766472443762073,0.9267447944215318,0.04473231997785597,0.9793594980527321,0.998821635158966,0.03008647649222112,0.5531438080522604,-0.10497271892503555,0.842358051043492,2.368759792928805
fast,3.7745964476053806,1.4347501651939836,9.014801157420322,0.935929894212684,0.011308523961349333,0.9977657697726563,0.9997771341409427,0.002082738886313014,0.5623289078434126,-0.1383965149415422,0.9256274010699156,2.6450922441929627
fast,3.7745964476053806,1.4742729074843457,9.26312987107857,0.9016800756791673,0.036527085366543845,0.9834308591554859,0.9990112227318728,0.032420638784903706,0.5280790893098959,-0.11317795353634769,0.9106381006158988,2.8630830579526196
fast,3.97325941853198,0.5257270925156543,3.303240743280602,0.8645855030805656,0.08723040882774638,0.9204392335196585,0.9933404831141672,0.47452947050205374,0.4909845167112941,-0.06247463007514514,0.8827261774371993,2.589855960558391
fast,3.97325941853198,0.5652498348060164,3.5515694569388505,0.8883707135277513,0.06711509665892583,0.949919391920339,0.9966688729347473,0.26661064393098977,0.5147697271584799,-0.0825899422439657,0.8961072009703525,2.549446073471206
fast,3.97325941853198,0.6047725770963785,3.7998981705970993,0.8994048072451735,0.05302982953055698,0.9695663398128352,0.9975551448455544,0.1503040221868076,0.5258038208759019,-0.09667520937233454,0.931485345160916,2.4174239815571394
fast,3.97325941853198,0.6442953193867407,4.048226884255348,0.9351458345315479,0.00011773853956295108,0.999966477982968,0.9999999069580727,0.0008073177093901565,0.5615448481622765,-0.14958730036332857,0.9252236192834389,2.318591972376309
fast,3.97325941853198,0.6838180616771029,4.296555597913597,0.9485782693000913,0.0002260196700107506,0.9999603117577065,0.999999860318624,0.0007529712622364274,0.5749772829308197,-0.14947901923288076,0.937385041921372,2.0703176051652132
fast,3.97325941853198,0.723340803967465,4.544884311571845,0.9550896528204579,0.0002480764241306379,0.9999545495629478,0.9999997387020312,0.00035862512131629783,0.5814886664511865,-0.1494569624787609,0.8772638174143882,1.8223832376478848
fast,3.97325941853198,0.7628635462578272,4.793213025230094,0.9592809834378803,0.00023773146308957914,0.9999488596731876,0.9999996637705078,0.0002862040588842183,0.5856799970686088,-0.14946730743980194,0.920732226287623,1.574126945052068
fast,3.97325941853198,0.8023862885481894,5.041541738888343,0.9621121032312845,0.0007040207990572484,0.9999441317896073,0.9999995946823654,0.0006584011478651952,0.588511116862013,-0.1490010181038343,0.7272930659173155,1.3254260343048383
fast,3.97325941853198,0.8419090308385515,5.289870452546592,0.9642809451943727,0.0005326087812553297,0.9999377338419005,0.9999996847676802,0.000603019156881373,0.5906799588251013,-0.1491724301216362,0.5524698311836861,1.0814916828315997
fast,3.97325941853198,0.8814317731289136,5.538199166204841,0.9658510619430214,0.0006095120233684897,0.999933776613481,0.9999998237390247,0.00047482960023866505,0.5922500755737499,-0.14909552687952304,0.579793419192797,0.9866751496439551
fast,3.97325941853198,0.9209545154192758,5.7865278798630895,0.9669960827083242,0.0007113473270766507,0.9999285928140857,0.9999999058639986,0.00039037574599401183,0.5933950963390526,-0.14899369157581488,0.8168069546359186,0.9591675242028388
fast,3.97325941853198,0.9604772577096379,6.034856593521337,0.9677989980494299,0.0008134497735068098,0.9999230333600364,0.9999998690922658,0.0004659737672909614,0.5941980116801584,-0.14889158912938472,0.7432069483014719,0.9314998468861809
fast,3.97325941853198,1.0,6.283185307179586,0.9682763207093859,0.001096690453231766,0.9999184256021418,0.9999998910267149,0.0006843718651339752,0.5946753343401143,-0.14860834844965976,0.7032294130565054,0.9062309709624164
fast,3.97325941853198,1.0395227422903621,6.531514020837835,0.9685225746599555,0.0013275141852046278,0.9999126508945599,0.999999790753168,0.0005975461531608772,0.594921588290684,-0.1483775247176869,0.7001360260716993,0.9709072183123401
fast,3.97325941853198,1.0790454845807242,6.779842734496083,0.9686113198920587,0.0013312689426189434,0.9999044258485452,0.9999998581169082,0.0012203260109541327,0.5950103335227872,-0.14837376996027257,0.7858327316936209,1.0629487692947883
fast,3.97325941853198,1.1185682268710866,7.028171448154334,0.9684445730648182,0.0013594028174247195,0.9998984340720936,0.9999995241197575,0.0020078942215006673,0.5948435866955468,-0.1483456360854668,0.8362706153378896,1.2001215975610477
fast,3.97325941853198,1.1580909691614485,7.276500161812581,0.9680600704107682,0.0010853126575895414,0.9998648311979067,0.9999975300519177,0.00197977313635489,0.5944590840414967,-0.14861972624530198,0.9053255373621164,1.3381101151229973
fast,3.97325941853198,1.1976137114518108,7.52482887547083,0.9661442786708607,0.004503453585675654,0.9984216778784304,0.999864916645002,0.0014504216678415086,0.5925432923015892,-0.14520158531721586,0.8735513580948024,1.4765998630683164
fast,3.97325941853198,1.2371364537421727,7.773157589129077,0.9653435846290106,0.004220112144467558,0.9982105970708595,0.9998170650023701,0.0045396171126136,0.5917425982597391,-0.14548492675842398,0.8329565228531062,1.6114710641003482
fast,3.97325941853198,1.276659196032535,8.021486302787327,0.9631711123126196,0.007195926803127966,0.9983334666777492,0.9999210704882882,0.0005491851369116871,0.5895701259433481,-0.14250911209976355,0.801321134098627,1.7705805814194646
fast,3.97325941853198,1.3161819383228972,8.269815016445577,0.9610233205718329,0.0058772540502850055,0.9988085098372854,0.9999094705472051,0.0032702231246443483,0.5874223342025615,-0.14382778485260653,0.8498046329101082,1.9610040984992594
fast,3.97325941853198,1.3557046806132593,8.518143730103825,0.9602956762100172,0.012240672232755349,0.9929608462093278,0.998902454433084,0.0017149351519068923,0.5866946898407457,-0.13746436667013617,0.8497317565754565,2.1614990099181184
fast,3.97325941853198,1.3952274229036215,8.766472443762073,0.9500362403662439,0.013388666451023643,0.9981169333899405,0.9998783441628973,0.0034739786110344895,0.5764352539969724,-0.1363163724518679,0.8611154863807003,2.3953722908099917
fast,3.97325941853198,1.4347501651939836,9.014801157420322,0.9496941250358524,0.006585589572834602,0.9988984843846975,0.9998160261928266,0.0029008114700018617,0.5760931386665809,-0.14311944933005694,0.9267601156819568,2.644274171609274
fast,3.97325941853198,1.4742729074843457,9.26312987107857,0.9270935967544238,0.030121730727764806,0.9932055469263261,0.9995894200391913,0.01034076875641126,0.5534926103851523,-0.11958330817512672,0.920412788386739,2.885162927981112
fast,4.171922389458579,0.5257270925156543,3.303240743280602,0.8800715324746673,0.06746266222401864,0.9422226511605449,0.9958245355153152,0.3815541112093227,0.5064705461053958,-0.08224237667887288,0.9045095950780857,2.682831319851122
fast,4.171922389458579,0.5652498348060164,3.5515694569388505,0.899081432579534,0.06430197444641374,0.9512622240134199,0.9964033646987505,0.2950732822960016,0.5254804462102625,-0.08540306445647779,0.8974500330634333,2.5209834351061944
fast,4.171922389458579,0.6047725770963785,3.7998981705970993,0.9300661248180707,0.00011754145036782644,0.9999679311993415,0.9999998790652508,0.000304832376021549,0.5564651384487993,-0.1495874974525237,0.9618869365474221,2.5674231713679254
fast,4.171922389458579,0.6442953193867407,4.048226884255348,0.9490128749795894,0.0001379469722778095,0.9999666179670745,0.999999926993208,0.0002460089650221499,0.5754118886103179,-0.1495670919306137,0.9252237592675454,2.319153281120677
fast,4.171922389458579,0.6838180616771029,4.296555597913597,0.9561448340806762,0.00022433670489117793,0.9999609083746992,0.999999887901628,0.0007371201314628391,0.5825438477114047,-0.14948070219800036,0.9373856385383647,2.0703334562959865
fast,4.171922389458579,0.723340803967465,4.544884311571845,0.9605926308193142,0.00024318095968240268,0.999953378107395,0.999999787259414,0.0008825528372860485,0.5869916444500427,-0.14946185794320913,0.8772626459588354,1.8218593099319151
fast,4.171922389458579,0.7628635462578272,4.793213025230094,0.9637136178374841,0.00029692488123272476,0.9999482983377218,0.9999997149653048,0.0006038464421178366,0.5901126314682126,-0.1494081140216588,0.9207316649521572,1.5738093026688345
fast,4.171922389458579,0.8023862885481894,5.041541738888343,0.9658963527530644,0.0004931696318040021,0.999943756647941,0.999999562504466,0.0005375571040588945,0.5922953663837929,-0.1492118692710875,0.7272926907756492,1.3255468783486446
fast,4.171922389458579,0.8419090308385515,5.289870452546592,0.9675933263872921,0.0004990966637519835,0.9999402651624373,0.9999997123164748,0.0006300897725815978,0.5939923400180207,-0.14920594223913955,0.5524723625042228,1.0814646122158995
fast,4.171922389458579,0.8814317731289136,5.538199166204841,0.9688551627533537,0.0005799867909996397,0.9999349802889897,0.9999998385723694,0.0008032285995878377,0.5952541763840822,-0.1491250521118919,0.5797946228683057,0.986346750644606
fast,4.171922389458579,0.9209545154192758,5.7865278798630895,0.9697880211463354,0.000683338092992668,0.9999286691415898,0.9999998973309305,0.0008775567371740085,0.5961870347770639,-0.14902170080989885,0.8168070309634227,0.9586803432116587
fast,4.171922389458579,0.9604772577096379,6.034856593521337,0.9704441262675947,0.0007834622625980043,0.9999228111589376,0.9999998672384975,0.0006492235989410153,0.5968431398983232,-0.1489215766402935,0.7432067261003731,0.9313165970545308
fast,4.171922389458579,1.0,6.283185307179586,0.9708414184043664,0.0010764801163086358,0.9999164967931112,0.9999998801151708,0.0009876066924101837,0.597240432035095,-0.14862855878658288,0.7032274842474748,0.9059277361351402
fast,4.171922389458579,1.0395227422903621,6.531514020837835,0.9710442814346604,0.001309481467713671,0.9999105393590602,0.9999997736769888,0.001273640494950564,0.597443295065389,-0.14839555743517785,0.7001339145361996,0.9702311239705503
fast,4.171922389458579,1.0790454845807242,6.779842734496083,0.9711727945351056,0.0010820436109037256,0.9999062572179023,0.9999998677767606,0.0016608638597673437,0.5975718081658341,-0.1486229952919878,0.7858345630629779,1.0625082314459753
fast,4.171922389458579,1.1185682268710866,7.028171448154334,0.9709574062347933,0.0013194608553071807,0.9998990768607334,0.9999992994677378,0.0006058905699978369,0.5973564198655219,-0.14838557804758434,0.8362712581265295,1.2015236012125505
fast,4.171922389458579,1.1580909691614485,7.276500161812581,0.9709067847861983,0.0007233884913815437,0.9998837386659907,0.9999978212125273,0.0009731729866322425,0.5973057984169268,-0.14898165041150999,0.9053444448302004,1.33911671527272
fast,4.171922389458579,1.1976137114518108,7.52482887547083,0.9688728484027396,0.006124844619413799,0.9980427193372835,0.9998987282137096,0.0021909679032840776,0.595271862033468,-0.14358019428347774,0.8731723995536556,1.4758593168328737
fast,4.171922389458579,1.2371364537421727,7.773157589129077,0.9689509289376215,0.0024968462775463583,0.9988623989876273,0.999931350782441,0.00036166643181366633,0.5953499425683499,-0.14720819262534515,0.833608324769874,1.6156490147811482
fast,4.171922389458579,1.276659196032535,8.021486302787327,0.9664377274983602,0.005258231234073794,0.9984546627033264,0.9998886923378182,0.002647910330419359,0.5928367411290887,-0.14444680766881773,0.8014423301242042,1.768481856225957
fast,4.171922389458579,1.3161819383228972,8.269815016445577,0.9645475129848256,0.00763051273480321,0.9981735376131634,0.9999023349837544,0.001147460643655624,0.590946526615554,-0.1420745261680883,0.8491696606859862,1.9631268609802481
fast,4.171922389458579,1.3557046806132593,8.518143730103825,0.9616759119261592,0.008233692235520918,0.9986833868174576,0.9999249535749297,0.0023400063484723985,0.5880749255568878,-0.1414713466673706,0.8554542971835863,2.160873938721553
fast,4.171922389458579,1.3952274229036215,8.766472443762073,0.950358076095857,0.01651857894878745,0.9971273220672532,0.999842805597783,0.0023393586030221332,0.5767570897265855,-0.13318645995410408,0.8601258750580131,2.396506910818004
fast,4.171922389458579,1.4347501651939836,9.014801157420322,0.9534786934293313,0.013973864421201354,0.993632225625124,0.9993655165911309,0.00777427022259975,0.5798777070600598,-0.13573117448169017,0.9214938569223833,2.639400712856676
fast,4.171922389458579,1.4742729074843457,9.26312987107857,0.9370308913191595,0.028589588300909408,0.9937985025342957,0.9997282171747022,0.0036451525416622372,0.5634299049498881,-0.12111545060198212,0.9210057439947086,2.8918585441958613
fast,4.370585360385178,0.5257270925156543,3.303240743280602,0.9055478407094755,0.0589265312280758,0.9613854113393439,0.9971168311990672,0.2246819828328901,0.531946854340204,-0.09077850767481573,0.9236723552568846,2.8397034482275547
fast,4.370585360385178,0.5652498348060164,3.5515694569388505,0.923384955104772,0.03446543749220514,0.987879733702181,0.9989384158140184,0.06025273900085601,0.5497839687355006,-0.11523960141068638,0.9340675427521944,2.75580397840134
fast,4.370585360385178,0.6047725770963785,3.7998981705970993,0.9489859993538333,9.732296871900969e-05,0.9999697637044349,0.9999999087232241,0.00010145063974019585,0.5753850129845619,-0.14960771593417252,0.9618887690525155,2.567626553104207
fast,4.370585360385178,0.6442953193867407,4.048226884255348,0.9569465987564539,0.00016545651236035935,0.9999644466464658,0.9999999273764331,0.000445173633753182,0.5833456123871825,-0.14953958239053117,0.9252215879469367,2.318954116451946
fast,4.370585360385178,0.6838180616771029,4.296555597913597,0.9616713596311732,0.00024211449505910827,0.9999594490743862,0.9999998499568369,0.0004091357516613985,0.5880703732619017,-0.1494629244078324,0.9373841792380516,2.070661440675788
fast,4.370585360385178,0.723340803967465,4.544884311571845,0.9649344517081293,0.0002334618361138197,0.9999538922528922,0.9999998102710133,0.0005325822212292053,0.5913334653388578,-0.14947157706677772,0.8772631601043326,1.822209280547972
fast,4.370585360385178,0.7628635462578272,4.793213025230094,0.9674051740924501,0.0005470763182937896,0.9999482076610855,0.9999994474804204,0.001177910036507986,0.5938041877231786,-0.14915796258459774,0.9207315742755209,1.5732352390744444
fast,4.370585360385178,0.8023862885481894,5.041541738888343,0.9690588912335192,0.0004500372866981891,0.9999419372891425,0.9999995750604431,0.0013839591388999433,0.5954579048642477,-0.14925500161619334,0.7272908714168507,1.3247004763138035
fast,4.370585360385178,0.8419090308385515,5.289870452546592,0.9704232564384654,0.0004861624969420711,0.9999371223604778,0.99999971027866,0.0012808676196851307,0.5968222700691939,-0.14921887640594944,0.5524692197022634,1.0808138343687959
fast,4.370585360385178,0.8814317731289136,5.538199166204841,0.9714544400158032,0.0005586464131396772,0.9999328131319114,0.9999998323690362,0.0012207697645039398,0.5978534536465316,-0.14914639248975184,0.5797924557112274,0.9859292094796899
fast,4.370585360385178,0.9209545154192758,5.7865278798630895,0.9722236784242747,0.0006508525857683491,0.9999282525399668,0.9999999025499025,0.001112116509498298,0.5986226920550033,-0.14905418631712317,0.8168066143617996,0.9584457834393345
fast,4.370585360385178,0.9604772577096379,6.034856593521337,0.9727683467831383,0.0007395637409142713,0.9999224749899454,0.9999998560868042,0.0012043795005813134,0.5991673604138668,-0.14896547516197725,0.7432063899313809,0.9307614411528906
fast,4.370585360385178,1.0,6.283185307179586,0.9730905554362477,0.0009986837470769229,0.9999188067151309,0.9999999012133525,0.0009834422569954013,0.5994895690669761,-0.1487063551558146,0.7032297941694945,0.905931900570555
fast,4.370585360385178,1.0395227422903621,6.531514020837835,0.9732451309877245,0.0012995770102204307,0.9999110182033326,0.9999997527826314,0.00048319729568167976,0.5996441446184531,-0.1484054618926711,0.700134393380472,0.9710215671698192
fast,4.370585360385178,1.0790454845807242,6.779842734496083,0.9732996763093121,0.0012926135514770977,0.9999023265915565,0.9999997140298873,0.0007097130338018509,0.5996986899400407,-0.14841242535141444,0.7858306324366322,1.0634593822719407
fast,4.370585360385178,1.1185682268710866,7.028171448154334,0.9732159349578481,0.0012932553424519733,0.9998967955431581,0.9999992406889193,0.0014300201072337477,0.5996149485885767,-0.14841178356043955,0.8362689768089542,1.2006994716753148
fast,4.370585360385178,1.1580909691614485,7.276500161812581,0.9731600843579371,0.0007570005731160093,0.9998592228732271,0.9999960759147082,0.0007267433319359837,0.5995590979886656,-0.14894803832977552,0.9053199290374369,1.3393631449274161
fast,4.370585360385178,1.1976137114518108,7.52482887547083,0.9728480947312556,0.003066106987492365,0.9988613000303515,0.9998087834879871,0.001236885652350386,0.5992471083619841,-0.14663893191539915,0.8739909802467235,1.4768133990838075
fast,4.370585360385178,1.2371364537421727,7.773157589129077,0.9703327662538273,0.005227514141489744,0.9983780456908171,0.9998469703492475,0.0010760037284674143,0.5967317798845557,-0.14447752476140177,0.8331239714730638,1.6149346774844944
fast,4.370585360385178,1.276659196032535,8.021486302787327,0.9691349668494345,0.006356973848538996,0.9982792831462004,0.9998552994378089,0.0014118299323636742,0.5955339804801629,-0.14334806505435252,0.8012669505670782,1.7697179366240126
fast,4.370585360385178,1.3161819383228972,8.269815016445577,0.9663207723391287,0.01157419455751581,0.9967467756826209,0.9997468212536209,0.0012802586663616111,0.5927197859698572,-0.1381308443453757,0.8477428987554437,1.9629940629575422
fast,4.370585360385178,1.3557046806132593,8.518143730103825,0.9630449900083657,0.00751903279032711,0.9971561879832401,0.9997480022527572,0.004266520862731641,0.5894440036390942,-0.1421860061125644,0.8539270983493688,2.1589474242072937
fast,4.370585360385178,1.3952274229036215,8.766472443762073,0.9624553655991234,0.012504801219101677,0.9967170465262665,0.9996873252462629,0.005605894559101346,0.588854379229852,-0.13720023768378986,0.8597155995170264,2.3932403748619246
fast,4.370585360385178,1.4347501651939836,9.014801157420322,0.9552000106782538,0.022022728819536826,0.993999703481663,0.9996001882376914,0.005564479184716475,0.5815990243089824,-0.1276823100833547,0.9218613347789223,2.6416105038945594
fast,4.370585360385178,1.4742729074843457,9.26312987107857,0.9499061174042052,0.021669394670756476,0.9930099816830311,0.9995559327758599,0.0025242875678676865,0.5763051310349336,-0.12803564423213504,0.920217223143444,2.892979409169656
fast,4.569248331311777,0.5257270925156543,3.303240743280602,0.9216865371675502,0.04493565172446294,0.9799950699337313,0.998422786505199,0.10162356947350201,0.5480855507982787,-0.10476938717842858,0.9422820138512721,2.9627618615869427
fast,4.569248331311777,0.5652498348060164,3.5515694569388505,0.9483806066596884,0.00014017316236838393,0.9999732769520917,0.9999998640443255,0.0004203627531064304,0.574779620290417,-0.14956486574052313,0.9461610860021051,2.8156363546490897
fast,4.569248331311777,0.6047725770963785,3.7998981705970993,0.9575002138752053,9.473592369606428e-05,0.9999693382465155,0.999999924873177,0.0003533878178134417,0.5838992275059338,-0.14961030297919545,0.9618883435945962,2.5673746159261337
fast,4.569248331311777,0.6442953193867407,4.048226884255348,0.9625756653738039,0.00016333836730203846,0.9999659716431981,0.9999999433569182,0.00015363854106779465,0.5889746790045325,-0.1495417005355895,0.925223112943669,2.3192456515446316
fast,4.569248331311777,0.6838180616771029,4.296555597913597,0.965978875588502,0.00023473637528846267,0.999959922315536,0.9999998541747499,0.000546113487026033,0.5923778892192306,-0.14947030252760307,0.9373846524792014,2.0705244629404236
fast,4.569248331311777,0.723340803967465,4.544884311571845,0.9684656682243555,0.0002544966565290486,0.9999521418940748,0.9999997971047265,0.0005574333496259538,0.594864681855084,-0.14945054224636248,0.8772614097455151,1.8221844294195753
fast,4.569248331311777,0.7628635462578272,4.793213025230094,0.9704812199975019,0.0006705393249939695,0.9999476086334742,0.999999355489831,0.0006620112681150481,0.5968802336282304,-0.14903449957789755,0.9207309752479096,1.5737511378428373
fast,4.569248331311777,0.8023862885481894,5.041541738888343,0.9717593053212106,0.0004179332278216223,0.9999434689472482,0.999999579936657,0.00040474799455051763,0.598158318951939,-0.1492871056750699,0.7272924030749564,1.325679687458153
fast,4.569248331311777,0.8419090308385515,5.289870452546592,0.9728743836909957,0.0004551439604841345,0.999939822127691,0.9999997382138941,0.00040744462270783346,0.5992733973217241,-0.1492498949424074,0.5524719194694765,1.0816872573657732
fast,4.569248331311777,0.8814317731289136,5.538199166204841,0.9737282566951482,0.0005287826711259571,0.9999346969833365,0.9999998481481853,0.0008407521906468813,0.6001272703258766,-0.14917625623176556,0.5797943395626525,0.986309227053547
fast,4.569248331311777,0.9209545154192758,5.7865278798630895,0.9743661677312743,0.0006287656095735931,0.9999279676386608,0.999999892806287,0.0009646451384073274,0.6007651813620027,-0.14907627329331793,0.8168063294604936,0.9585932548104255
fast,4.569248331311777,0.9604772577096379,6.034856593521337,0.974825219350845,0.000714619957897817,0.9999220903923525,0.999999852504861,0.001207214627188523,0.6012242329815736,-0.1489904189449937,0.743206005333788,0.9307586060262834
fast,4.569248331311777,1.0,6.283185307179586,0.9750962822192077,0.0009481876368127168,0.9999183755017176,0.9999998797220833,0.0010692562656181201,0.6014952958499362,-0.1487568512660788,0.7032293629560812,0.9058460865619322
fast,4.569248331311777,1.0395227422903621,6.531514020837835,0.9752185333787007,0.0012599230030102349,0.9999102276643259,0.999999737830638,0.0009222434850390846,0.6016175470094292,-0.1484451158998813,0.7001336028414653,0.9705825209804618
fast,4.569248331311777,1.0790454845807242,6.779842734496083,0.9752626241059329,0.0012116575979278807,0.9999060056678835,0.9999997277635857,0.0006579140646543437,0.6016616377366615,-0.14849338130496365,0.7858343115129591,1.0635111812410882
fast,4.569248331311777,1.1185682268710866,7.028171448154334,0.975181636934247,0.0011997696228317465,0.9998999776260975,0.9999994420403489,0.0006213544001778044,0.6015806505649754,-0.14850526928005978,0.8362721588918935,1.2015081373823706
fast,4.569248331311777,1.1580909691614485,7.276500161812581,0.9752431620364063,0.0008033922467715058,0.999867113861808,0.999999026178638,0.0021001033922630873,0.6016421756671348,-0.14890164665612002,0.9053278200260177,1.337989784867089
fast,4.569248331311777,1.1976137114518108,7.52482887547083,0.9738055938203435,0.0035693033358356534,0.9989842906588018,0.9999422201504388,0.002635698102417372,0.6002046074510721,-0.14613573556705586,0.8741139708751738,1.4754145866337405
fast,4.569248331311777,1.2371364537421727,7.773157589129077,0.9732064077898763,0.00356613470473406,0.9990967607850094,0.9999379051065593,0.0016703439404752965,0.5996054214206048,-0.14613890419815748,0.8338426865672561,1.6143403372724865
fast,4.569248331311777,1.276659196032535,8.021486302787327,0.9727743588739108,0.002475603513040766,0.9993595762204688,0.999933539886681,0.0019127874640745032,0.5991733725046393,-0.14722943538985075,0.8023472436413466,1.7692169790923018
fast,4.569248331311777,1.3161819383228972,8.269815016445577,0.9688645945531353,0.011019011960050767,0.9965126958798791,0.9996926975606872,0.0041481510988545306,0.5952636081838638,-0.13868602694284077,0.8475088189527019,1.9601261705250492
fast,4.569248331311777,1.3557046806132593,8.518143730103825,0.9715538747785133,0.0028842373760965987,0.9987038186231669,0.9998096090754494,0.0024610343418727254,0.5979528884092418,-0.14682080152679491,0.8554747289892957,2.1607529107281525
fast,4.569248331311777,1.3952274229036215,8.766472443762073,0.9630171666018448,0.013080542774781908,0.997179564276629,0.9998396717118352,0.00249063944731345,0.5894161802325733,-0.13662449612810962,0.8601781172673889,2.3963556299737125
fast,4.569248331311777,1.4347501651939836,9.014801157420322,0.9600793872164106,0.013154701986645286,0.9979681780582943,0.9999093851862078,0.0018174828747009718,0.5864784008471391,-0.13655033691624624,0.9258298093555536,2.645357500204575
fast,4.569248331311777,1.4742729074843457,9.26312987107857,0.9600811257658455,0.0147137841335542,0.9930092830690306,0.9992082334363057,0.0015631247190801803,0.586480139396574,-0.13499125476933732,0.9202165245294435,2.893940572018443
fast,4.7679113022383754,0.5257270925156543,3.303240743280602,0.9469170560157552,0.000190399095238542,0.9999749066261714,0.9999998009906788,0.00020902347733834742,0.5733160696464836,-0.14951463980765298,0.9622618505437122,3.0641764075831066
fast,4.7679113022383754,0.5652498348060164,3.5515694569388505,0.9577891894935746,0.00012028495616119273,0.999972636821476,0.9999998839804823,0.0002719948815980514,0.5841882031243031,-0.14958475394673032,0.9461604458714894,2.815784722520598
fast,4.7679113022383754,0.6047725770963785,3.7998981705970993,0.9632879857715546,9.611234121758963e-05,0.9999694578184346,0.9999999384971393,0.0009275059571058897,0.5896869994022831,-0.14960892656167393,0.9618884631665152,2.5668004977868413
fast,4.7679113022383754,0.6442953193867407,4.048226884255348,0.966877812438503,0.00018789159950930855,0.9999641873083162,0.9999999413524949,0.000570870870956962,0.5932768260692316,-0.14951714730338223,0.925221328608787,2.3188284192147424
fast,4.7679113022383754,0.6838180616771029,4.296555597913597,0.9694549975504971,0.0002340432561619018,0.9999583376675374,0.9999998055828621,0.0004299982860344424,0.5958540111812256,-0.1494709956467296,0.9373830678312028,2.0706405781414152
fast,4.7679113022383754,0.723340803967465,4.544884311571845,0.9713974296410958,0.00035730297937889535,0.9999528955874357,0.9999997071057428,0.0003657687096720134,0.5977964432718244,-0.14934773592351264,0.8772621634388761,1.822376094059529
fast,4.7679113022383754,0.7628635462578272,4.793213025230094,0.9728457337344283,0.0006020118463577646,0.9999477835858503,0.9999997878733764,0.00046136421265060196,0.5992447473651568,-0.14910302705653375,0.9207311502002857,1.5739517848983018
fast,4.7679113022383754,0.8023862885481894,5.041541738888343,0.9740778903328704,0.0004061305063889995,0.9999420727920195,0.9999996006892229,0.0005106555912272665,0.6004769039635989,-0.14929890839650253,0.7272910069197277,1.3255737798614762
fast,4.7679113022383754,0.8419090308385515,5.289870452546592,0.9749990761055656,0.0004457103680542025,0.9999369467460361,0.9999997433199708,0.0006300146444887646,0.601398089736294,-0.1492593285348373,0.5524690440878216,1.0814646873439921
fast,4.7679113022383754,0.8814317731289136,5.538199166204841,0.975715787127045,0.0005155450363804247,0.9999321699697032,0.9999998343807761,0.000501815719855229,0.6021148007577735,-0.1491894938665111,0.5797918125490192,0.9866481635243386
fast,4.7679113022383754,0.9209545154192758,5.7865278798630895,0.9762591398836697,0.0006057964065441285,0.9999274725235379,0.9999998966455788,0.000678465276046906,0.6026581535143982,-0.1490992424963474,0.8168058343453707,0.9588794346727859
fast,4.7679113022383754,0.9604772577096379,6.034856593521337,0.9766443460009886,0.0006772014087839868,0.9999223961958095,0.9999998537061184,0.000591343850052242,0.6030433596317171,-0.14902783749410753,0.743206311137245,0.9313744768034197
fast,4.7679113022383754,1.0,6.283185307179586,0.9768723615042452,0.0008952177654042735,0.9999179711036996,0.9999998974757576,0.0002595859184182123,0.6032713751349736,-0.14880982113748725,0.7032289585580632,0.9066557569091321
fast,4.7679113022383754,1.0395227422903621,6.531514020837835,0.9769635255920823,0.0012614532460159486,0.9999097346652821,0.9999997376599896,0.0004907743679631377,0.6033625392228108,-0.14844358565687557,0.7001331098424215,0.9710139900975377
fast,4.7679113022383754,1.0790454845807242,6.779842734496083,0.9770156067888338,0.0012596842507213025,0.9999010268018855,0.9999997131056646,0.0015483664828564634,0.6034146204195623,-0.1484453546521702,0.7858293326469612,1.0626207288228862
fast,4.7679113022383754,1.1185682268710866,7.028171448154334,0.9769519412084626,0.0011436589212208813,0.9998984117374414,0.9999996490672944,0.001901817503173062,0.6033509548391911,-0.14856137998167065,0.8362705930032375,1.2002276742793754
fast,4.7679113022383754,1.1580909691614485,7.276500161812581,0.9769523978256733,0.0007073750793146362,0.999876142830085,0.9999986132223572,0.0016222826296805356,0.6033514114564018,-0.14899766382357688,0.9053368489942947,1.3384676056296716
fast,4.7679113022383754,1.1976137114518108,7.52482887547083,0.9749265507293099,0.005317041700374714,0.9984157455432943,0.9998700225408508,0.0034781042499952225,0.6013255643600384,-0.1443879972025168,0.8735454257596663,1.4745721804861627
fast,4.7679113022383754,1.2371364537421727,7.773157589129077,0.9695328121191005,0.02499897016523705,0.9928371779256184,0.9994822087554565,0.0024520469522250187,0.595931825749829,-0.12470606873765447,0.8275831037078651,1.6135586342607366
fast,4.7679113022383754,1.276659196032535,8.021486302787327,0.973989822757146,0.005252211014589918,0.9980949392033074,0.9997675773422781,0.004959780250842588,0.6003888363878744,-0.1444528278883016,0.8010826066241852,1.7661699863055338
fast,4.7679113022383754,1.3161819383228972,8.269815016445577,0.9708751061510759,0.008151603657199488,0.9972038158514243,0.999750157138668,0.004381554901940613,0.5972741197818043,-0.14155343524569203,0.848199938924247,1.9598927667219632
fast,4.7679113022383754,1.3557046806132593,8.518143730103825,0.9717714409529138,0.004144852870428555,0.9987891395211368,0.9998912600655783,0.002985057922634778,0.5981704545836424,-0.14556018603246296,0.8555600498872655,2.1602288871473903
fast,4.7679113022383754,1.3952274229036215,8.766472443762073,0.9696041351107691,0.010249490413362285,0.9974428181607986,0.999768420045303,0.00460068302846829,0.5960031487414976,-0.13945554848952924,0.8604413711515585,2.394245586392558
fast,4.7679113022383754,1.4347501651939836,9.014801157420322,0.9711880336930944,0.007237449147771892,0.9976462236216261,0.9997602854270471,0.0023433206975018964,0.597587047323823,-0.14246758975511964,0.9255078549188854,2.644831662381774
fast,4.7679113022383754,1.4742729074843457,9.26312987107857,0.9636304011523917,0.009281402605279026,0.9979700036517578,0.9998218701575845,0.0016018985580912057,0.5900294147831202,-0.1404236362976125,0.9251772451121707,2.8939017981794324
