K,final_state_bin_center,avg_probability,avg_probability_after_extra_iterations
0.0,0.017857142857142856,0.029841269841269828,0.030285714285714267
0.0,0.05357142857142857,0.03187301587301586,0.027047619047619036
0.0,0.08928571428571427,0.03739682539682538,0.025968253968253956
0.0,0.125,0.043111111111111086,0.02419047619047618
0.0,0.1607142857142857,0.05041269841269838,0.024507936507936492
0.0,0.1964285714285714,0.05587301587301585,0.024698412698412685
0.0,0.23214285714285715,0.05714285714285711,0.0245079365079365
0.0,0.26785714285714285,0.05739682539682537,0.02590476190476189
0.0,0.30357142857142855,0.05206349206349204,0.026158730158730145
0.0,0.33928571428571425,0.047301587301587275,0.028698412698412685
0.0,0.375,0.0441269841269841,0.03079365079365078
0.0,0.4107142857142857,0.04044444444444442,0.03460317460317459
0.0,0.4464285714285714,0.03587301587301586,0.04279365079365078
0.0,0.4821428571428571,0.03193650793650792,0.04831746031746029
0.0,0.5178571428571428,0.03225396825396823,0.054984126984126955
0.0,0.5535714285714286,0.031174603174603164,0.0561269841269841
0.0,0.5892857142857142,0.028380952380952357,0.058285714285714246
0.0,0.625,0.03257142857142856,0.05288888888888885
0.0,0.6607142857142856,0.02787301587301586,0.04926984126984124
0.0,0.6964285714285714,0.029523809523809508,0.04317460317460316
0.0,0.7321428571428571,0.027999999999999987,0.042793650793650766
0.0,0.7678571428571428,0.023936507936507923,0.037904761904761886
0.0,0.8035714285714286,0.02425396825396824,0.033714285714285704
0.0,0.8392857142857142,0.025904761904761892,0.03130158730158729
0.0,0.875,0.02323809523809523,0.030603174603174594
0.0,0.9107142857142856,0.02463492063492062,0.030412698412698398
0.0,0.9464285714285714,0.02723809523809522,0.032253968253968236
0.0,0.9821428571428571,0.026222222222222206,0.02780952380952379
0.1208304866765305,0.017857142857142856,0.027682539682539663,0.026539682539682526
0.1208304866765305,0.05357142857142857,0.029777777777777768,0.02399999999999999
0.1208304866765305,0.08928571428571427,0.03460317460317459,0.0231111111111111
0.1208304866765305,0.125,0.04304761904761903,0.021650793650793643
0.1208304866765305,0.1607142857142857,0.05136507936507934,0.022984126984126975
0.1208304866765305,0.1964285714285714,0.0575238095238095,0.023365079365079353
0.1208304866765305,0.23214285714285715,0.06241269841269839,0.023682539682539673
0.1208304866765305,0.26785714285714285,0.06450793650793647,0.025777777777777764
0.1208304866765305,0.30357142857142855,0.06063492063492061,0.02876190476190475
0.1208304866765305,0.33928571428571425,0.05111111111111108,0.030095238095238078
0.1208304866765305,0.375,0.04831746031746029,0.0342222222222222
0.1208304866765305,0.4107142857142857,0.04425396825396824,0.0389206349206349
0.1208304866765305,0.4464285714285714,0.03511111111111109,0.047301587301587275
0.1208304866765305,0.4821428571428571,0.03282539682539681,0.055936507936507916
0.1208304866765305,0.5178571428571428,0.031238095238095225,0.0625396825396825
0.1208304866765305,0.5535714285714286,0.030158730158730145,0.06311111111111108
0.1208304866765305,0.5892857142857142,0.031936507936507916,0.06304761904761902
0.1208304866765305,0.625,0.026857142857142843,0.0561269841269841
0.1208304866765305,0.6607142857142856,0.02888888888888887,0.047999999999999966
0.1208304866765305,0.6964285714285714,0.025523809523809515,0.043555555555555535
0.1208304866765305,0.7321428571428571,0.0231111111111111,0.03974603174603173
0.1208304866765305,0.7678571428571428,0.022222222222222213,0.03187301587301586
0.1208304866765305,0.8035714285714286,0.02253968253968253,0.02958730158730157
0.1208304866765305,0.8392857142857142,0.02158730158730158,0.028634920634920617
0.1208304866765305,0.875,0.021015873015873,0.02736507936507935
0.1208304866765305,0.9107142857142856,0.022095238095238084,0.027301587301587285
0.1208304866765305,0.9464285714285714,0.02463492063492062,0.027301587301587285
0.1208304866765305,0.9821428571428571,0.025015873015873005,0.025460317460317447
0.241660973353061,0.017857142857142856,0.03098412698412697,0.02292063492063491
0.241660973353061,0.05357142857142857,0.029777777777777768,0.019301587301587292
0.241660973353061,0.08928571428571427,0.035619047619047606,0.018285714285714277
0.241660973353061,0.125,0.039365079365079346,0.018031746031746024
0.241660973353061,0.1607142857142857,0.04977777777777775,0.019238095238095228
0.241660973353061,0.1964285714285714,0.058476190476190446,0.020444444444444435
0.241660973353061,0.23214285714285715,0.06806349206349203,0.02406349206349205
0.241660973353061,0.26785714285714285,0.07530158730158726,0.030285714285714273
0.241660973353061,0.30357142857142855,0.06977777777777774,0.03447619047619046
0.241660973353061,0.33928571428571425,0.06126984126984124,0.04095238095238093
0.241660973353061,0.375,0.0488253968253968,0.04063492063492061
0.241660973353061,0.4107142857142857,0.03707936507936506,0.047492063492063474
0.241660973353061,0.4464285714285714,0.03295238095238093,0.05466666666666664
0.241660973353061,0.4821428571428571,0.029523809523809508,0.060507936507936476
0.241660973353061,0.5178571428571428,0.029333333333333322,0.06895238095238093
0.241660973353061,0.5535714285714286,0.032698412698412685,0.0738412698412698
0.241660973353061,0.5892857142857142,0.028571428571428557,0.06806349206349203
0.241660973353061,0.625,0.02958730158730157,0.058095238095238054
0.241660973353061,0.6607142857142856,0.024698412698412688,0.046095238095238064
0.241660973353061,0.6964285714285714,0.02165079365079364,0.034349206349206324
0.241660973353061,0.7321428571428571,0.01892063492063491,0.02673015873015872
0.241660973353061,0.7678571428571428,0.018285714285714277,0.024888888888888874
0.241660973353061,0.8035714285714286,0.018857142857142847,0.023238095238095228
0.241660973353061,0.8392857142857142,0.018730158730158722,0.02355555555555554
0.241660973353061,0.875,0.01974603174603174,0.02463492063492062
0.241660973353061,0.9107142857142856,0.022285714285714273,0.025079365079365066
0.241660973353061,0.9464285714285714,0.025460317460317447,0.02526984126984126
0.241660973353061,0.9821428571428571,0.024380952380952368,0.025904761904761892
0.3624914600295915,0.017857142857142856,0.03193650793650792,0.016126984126984118
0.3624914600295915,0.05357142857142857,0.03269841269841268,0.0132063492063492
0.3624914600295915,0.08928571428571427,0.032063492063492044,0.014158730158730152
0.3624914600295915,0.125,0.03714285714285712,0.011682539682539676
0.3624914600295915,0.1607142857142857,0.04387301587301585,0.013460317460317454
0.3624914600295915,0.1964285714285714,0.054412698412698385,0.018222222222222216
0.3624914600295915,0.23214285714285715,0.07517460317460313,0.026730158730158715
0.3624914600295915,0.26785714285714285,0.09453968253968249,0.04406349206349204
0.3624914600295915,0.30357142857142855,0.08926984126984122,0.05650793650793648
0.3624914600295915,0.33928571428571425,0.06196825396825394,0.0554285714285714
0.3624914600295915,0.375,0.03599999999999998,0.0502222222222222
0.3624914600295915,0.4107142857142857,0.028380952380952364,0.04984126984126982
0.3624914600295915,0.4464285714285714,0.024253968253968246,0.05377777777777776
0.3624914600295915,0.4821428571428571,0.02349206349206348,0.06774603174603172
0.3624914600295915,0.5178571428571428,0.0318095238095238,0.08730158730158726
0.3624914600295915,0.5535714285714286,0.03250793650793649,0.09352380952380947
0.3624914600295915,0.5892857142857142,0.03517460317460316,0.06831746031746028
0.3624914600295915,0.625,0.025968253968253956,0.0394285714285714
0.3624914600295915,0.6607142857142856,0.019365079365079352,0.025714285714285703
0.3624914600295915,0.6964285714285714,0.01574603174603174,0.019047619047619035
0.3624914600295915,0.7321428571428571,0.015238095238095233,0.017587301587301582
0.3624914600295915,0.7678571428571428,0.013460317460317454,0.01504761904761904
0.3624914600295915,0.8035714285714286,0.014285714285714278,0.018158730158730152
0.3624914600295915,0.8392857142857142,0.017904761904761896,0.022539682539682533
0.3624914600295915,0.875,0.020761904761904752,0.02368253968253967
0.3624914600295915,0.9107142857142856,0.028634920634920617,0.030158730158730145
0.3624914600295915,0.9464285714285714,0.029650793650793636,0.02679365079365078
0.3624914600295915,0.9821428571428571,0.034285714285714274,0.021523809523809515
0.483321946706122,0.017857142857142856,0.03079365079365078,0.008190476190476186
0.483321946706122,0.05357142857142857,0.028190476190476172,0.009587301587301582
0.483321946706122,0.08928571428571427,0.027238095238095224,0.0073015873015872985
0.483321946706122,0.125,0.030349206349206334,0.00844444444444444
0.483321946706122,0.1607142857142857,0.03479365079365077,0.012190476190476184
0.483321946706122,0.1964285714285714,0.049587301587301555,0.018031746031746024
0.483321946706122,0.23214285714285715,0.08476190476190472,0.04107936507936506
0.483321946706122,0.26785714285714285,0.1311746031746031,0.07930158730158726
0.483321946706122,0.30357142857142855,0.09517460317460313,0.08457142857142853
0.483321946706122,0.33928571428571425,0.04050793650793649,0.059809523809523785
0.483321946706122,0.375,0.022412698412698398,0.046984126984126955
0.483321946706122,0.4107142857142857,0.015111111111111103,0.04685714285714284
0.483321946706122,0.4464285714285714,0.018666666666666654,0.06361904761904758
0.483321946706122,0.4821428571428571,0.02476190476190475,0.09669841269841264
0.483321946706122,0.5178571428571428,0.0382222222222222,0.11860317460317453
0.483321946706122,0.5535714285714286,0.04603174603174601,0.06469841269841266
0.483321946706122,0.5892857142857142,0.027111111111111096,0.029968253968253953
0.483321946706122,0.625,0.016190476190476186,0.015746031746031737
0.483321946706122,0.6607142857142856,0.013269841269841261,0.011174603174603169
0.483321946706122,0.6964285714285714,0.009142857142857138,0.011428571428571423
0.483321946706122,0.7321428571428571,0.010349206349206344,0.012825396825396818
0.483321946706122,0.7678571428571428,0.011111111111111106,0.013269841269841263
0.483321946706122,0.8035714285714286,0.014476190476190469,0.018476190476190466
0.483321946706122,0.8392857142857142,0.021015873015873005,0.02946031746031744
0.483321946706122,0.875,0.035238095238095214,0.03479365079365078
0.483321946706122,0.9107142857142856,0.04463492063492061,0.025460317460317447
0.483321946706122,0.9464285714285714,0.04304761904761902,0.017904761904761896
0.483321946706122,0.9821428571428571,0.03663492063492062,0.013523809523809518
0.6041524333826525,0.017857142857142856,0.023428571428571417,0.00679365079365079
0.6041524333826525,0.05357142857142857,0.020825396825396816,0.00749206349206349
0.6041524333826525,0.08928571428571427,0.02101587301587301,0.008380952380952374
0.6041524333826525,0.125,0.023873015873015862,0.010793650793650788
0.6041524333826525,0.1607142857142857,0.03161904761904761,0.01784126984126983
0.6041524333826525,0.1964285714285714,0.05346031746031744,0.033269841269841255
0.6041524333826525,0.23214285714285715,0.10501587301587297,0.06476190476190473
0.6041524333826525,0.26785714285714285,0.150095238095238,0.09841269841269837
0.6041524333826525,0.30357142857142855,0.06546031746031743,0.0931428571428571
0.6041524333826525,0.33928571428571425,0.020634920634920628,0.06692063492063488
0.6041524333826525,0.375,0.01409523809523809,0.0632380952380952
0.6041524333826525,0.4107142857142857,0.01339682539682539,0.0721269841269841
0.6041524333826525,0.4464285714285714,0.01536507936507936,0.10082539682539676
0.6041524333826525,0.4821428571428571,0.036126984126984105,0.08749206349206344
0.6041524333826525,0.5178571428571428,0.05657142857142854,0.05047619047619045
0.6041524333826525,0.5535714285714286,0.03003174603174602,0.02412698412698411
0.6041524333826525,0.5892857142857142,0.014793650793650788,0.015047619047619039
0.6041524333826525,0.625,0.009904761904761902,0.010158730158730154
0.6041524333826525,0.6607142857142856,0.007746031746031741,0.008888888888888884
0.6041524333826525,0.6964285714285714,0.0066031746031746,0.011555555555555552
0.6041524333826525,0.7321428571428571,0.009142857142857138,0.015999999999999993
0.6041524333826525,0.7678571428571428,0.01339682539682539,0.024253968253968243
0.6041524333826525,0.8035714285714286,0.024317460317460307,0.02825396825396824
0.6041524333826525,0.8392857142857142,0.04628571428571426,0.0264126984126984
0.6041524333826525,0.875,0.06285714285714283,0.020761904761904752
0.6041524333826525,0.9107142857142856,0.054031746031746014,0.014158730158730152
0.6041524333826525,0.9464285714285714,0.03999999999999998,0.011111111111111106
0.6041524333826525,0.9821428571428571,0.029904761904761892,0.0073015873015872985
0.724982920059183,0.017857142857142856,0.018666666666666654,0.01669841269841269
0.724982920059183,0.05357142857142857,0.01942857142857142,0.018222222222222213
0.724982920059183,0.08928571428571427,0.020253968253968243,0.01828571428571428
0.724982920059183,0.125,0.0297142857142857,0.02387301587301586
0.724982920059183,0.1607142857142857,0.04158730158730157,0.026349206349206337
0.724982920059183,0.1964285714285714,0.07111111111111108,0.0356190476190476
0.724982920059183,0.23214285714285715,0.1179682539682539,0.052126984126984105
0.724982920059183,0.26785714285714285,0.09987301587301582,0.08577777777777773
0.724982920059183,0.30357142857142855,0.04285714285714284,0.14380952380952372
0.724982920059183,0.33928571428571425,0.017142857142857133,0.15479365079365073
0.724982920059183,0.375,0.008317460317460314,0.0792380952380952
0.724982920059183,0.4107142857142857,0.0132063492063492,0.04507936507936505
0.724982920059183,0.4464285714285714,0.03034920634920633,0.035301587301587285
0.724982920059183,0.4821428571428571,0.052825396825396796,0.027999999999999983
0.724982920059183,0.5178571428571428,0.0377142857142857,0.026793650793650783
0.724982920059183,0.5535714285714286,0.017460317460317454,0.020825396825396816
0.724982920059183,0.5892857142857142,0.008253968253968251,0.020317460317460307
0.724982920059183,0.625,0.006857142857142854,0.019492063492063488
0.724982920059183,0.6607142857142856,0.007047619047619045,0.01695238095238094
0.724982920059183,0.6964285714285714,0.010730158730158725,0.015428571428571422
0.724982920059183,0.7321428571428571,0.01688888888888888,0.01523809523809523
0.724982920059183,0.7678571428571428,0.03542857142857141,0.014412698412698405
0.724982920059183,0.8035714285714286,0.05606349206349204,0.014666666666666661
0.724982920059183,0.8392857142857142,0.06526984126984124,0.014285714285714275
0.724982920059183,0.875,0.05879365079365076,0.014666666666666658
0.724982920059183,0.9107142857142856,0.0441269841269841,0.013523809523809516
0.724982920059183,0.9464285714285714,0.029523809523809508,0.014793650793650788
0.724982920059183,0.9821428571428571,0.02253968253968253,0.015428571428571422
0.8458134067357135,0.017857142857142856,0.0257142857142857,0.01523809523809523
0.8458134067357135,0.05357142857142857,0.03142857142857141,0.014222222222222216
0.8458134067357135,0.08928571428571427,0.040952380952380935,0.013079365079365073
0.8458134067357135,0.125,0.05085714285714283,0.01523809523809523
0.8458134067357135,0.1607142857142857,0.05987301587301584,0.016253968253968243
0.8458134067357135,0.1964285714285714,0.0639365079365079,0.02184126984126983
0.8458134067357135,0.23214285714285715,0.05771428571428568,0.03155555555555554
0.8458134067357135,0.26785714285714285,0.049079365079365056,0.06704761904761902
0.8458134067357135,0.30357142857142855,0.03638095238095237,0.3394920634920633
0.8458134067357135,0.33928571428571425,0.016063492063492054,0.08704761904761901
0.8458134067357135,0.375,0.014793650793650784,0.015746031746031737
0.8458134067357135,0.4107142857142857,0.0297142857142857,0.012888888888888884
0.8458134067357135,0.4464285714285714,0.036380952380952354,0.013650793650793644
0.8458134067357135,0.4821428571428571,0.03365079365079363,0.015619047619047609
0.8458134067357135,0.5178571428571428,0.02660317460317459,0.05174603174603173
0.8458134067357135,0.5535714285714286,0.013523809523809516,0.042793650793650766
0.8458134067357135,0.5892857142857142,0.009841269841269836,0.012444444444444439
0.8458134067357135,0.625,0.012380952380952374,0.008063492063492059
0.8458134067357135,0.6607142857142856,0.020571428571428563,0.00603174603174603
0.8458134067357135,0.6964285714285714,0.029904761904761892,0.005968253968253966
0.8458134067357135,0.7321428571428571,0.037142857142857116,0.008063492063492059
0.8458134067357135,0.7678571428571428,0.04533333333333331,0.0062857142857142825
0.8458134067357135,0.8035714285714286,0.0542222222222222,0.011619047619047614
0.8458134067357135,0.8392857142857142,0.058158730158730125,0.014984126984126976
0.8458134067357135,0.875,0.05168253968253965,0.04190476190476188
0.8458134067357135,0.9107142857142856,0.039619047619047595,0.057269841269841235
0.8458134067357135,0.9464285714285714,0.029841269841269828,0.03447619047619046
0.8458134067357135,0.9821428571428571,0.02463492063492062,0.01942857142857142
0.966643893412244,0.017857142857142856,0.0549206349206349,0.009206349206349202
0.966643893412244,0.05357142857142857,0.028571428571428557,0.006095238095238094
0.966643893412244,0.08928571428571427,0.026158730158730145,0.004253968253968252
0.966643893412244,0.125,0.0297142857142857,0.006222222222222219
0.966643893412244,0.1607142857142857,0.0474285714285714,0.015809523809523805
0.966643893412244,0.1964285714285714,0.023301587301587292,0.010158730158730154
0.966643893412244,0.23214285714285715,0.03219047619047617,0.021079365079365073
0.966643893412244,0.26785714285714285,0.028126984126984104,0.04114285714285712
0.966643893412244,0.30357142857142855,0.02749206349206348,0.41873015873015856
0.966643893412244,0.33928571428571425,0.02768253968253967,0.059873015873015856
0.966643893412244,0.375,0.03288888888888888,0.007301587301587297
0.966643893412244,0.4107142857142857,0.026920634920634907,0.00495238095238095
0.966643893412244,0.4464285714285714,0.023936507936507923,0.005587301587301585
0.966643893412244,0.4821428571428571,0.02406349206349205,0.017968253968253956
0.966643893412244,0.5178571428571428,0.024698412698412688,0.09828571428571424
0.966643893412244,0.5535714285714286,0.020317460317460307,0.0066031746031746
0.966643893412244,0.5892857142857142,0.036888888888888874,0.005650793650793648
0.966643893412244,0.625,0.019047619047619042,0.002222222222222221
0.966643893412244,0.6607142857142856,0.022412698412698398,0.0038095238095238082
0.966643893412244,0.6964285714285714,0.039682539682539666,0.004380952380952379
0.966643893412244,0.7321428571428571,0.02425396825396824,0.0019047619047619041
0.966643893412244,0.7678571428571428,0.04158730158730157,0.006349206349206347
0.966643893412244,0.8035714285714286,0.045142857142857123,0.01009523809523809
0.966643893412244,0.8392857142857142,0.057460317460317434,0.07707936507936503
0.966643893412244,0.875,0.05161904761904759,0.08730158730158726
0.966643893412244,0.9107142857142856,0.06076190476190472,0.04507936507936506
0.966643893412244,0.9464285714285714,0.04355555555555554,0.009015873015873012
0.966643893412244,0.9821428571428571,0.07917460317460313,0.013841269841269835
1.0874743800887745,0.017857142857142856,0.01815873015873015,0.0021587301587301577
1.0874743800887745,0.05357142857142857,0.024825396825396813,0.0034285714285714267
1.0874743800887745,0.08928571428571427,0.03428571428571427,0.006730158730158726
1.0874743800887745,0.125,0.04203174603174601,0.004952380952380949
1.0874743800887745,0.1607142857142857,0.09371428571428568,0.009587301587301582
1.0874743800887745,0.1964285714285714,0.034349206349206324,0.004380952380952379
1.0874743800887745,0.23214285714285715,0.029142857142857123,0.008571428571428567
1.0874743800887745,0.26785714285714285,0.056380952380952344,0.017333333333333326
1.0874743800887745,0.30357142857142855,0.037777777777777764,0.23384126984126974
1.0874743800887745,0.33928571428571425,0.033269841269841255,0.31720634920634905
1.0874743800887745,0.375,0.01212698412698412,0.0013333333333333329
1.0874743800887745,0.4107142857142857,0.03695238095238093,0.004507936507936506
1.0874743800887745,0.4464285714285714,0.022666666666666654,0.0033650793650793634
1.0874743800887745,0.4821428571428571,0.02907936507936507,0.029587301587301575
1.0874743800887745,0.5178571428571428,0.04647619047619045,0.08653968253968249
1.0874743800887745,0.5535714285714286,0.011428571428571423,0.005269841269841267
1.0874743800887745,0.5892857142857142,0.00952380952380952,0.0006349206349206346
1.0874743800887745,0.625,0.0217142857142857,0.002285714285714285
1.0874743800887745,0.6607142857142856,0.026793650793650776,0.002603174603174602
1.0874743800887745,0.6964285714285714,0.02609523809523808,0.0026666666666666653
1.0874743800887745,0.7321428571428571,0.031682539682539666,0.0026666666666666657
1.0874743800887745,0.7678571428571428,0.0479365079365079,0.003492063492063489
1.0874743800887745,0.8035714285714286,0.05403174603174601,0.02330158730158729
1.0874743800887745,0.8392857142857142,0.0766349206349206,0.10831746031746026
1.0874743800887745,0.875,0.08317460317460312,0.09650793650793646
1.0874743800887745,0.9107142857142856,0.024317460317460304,0.008317460317460314
1.0874743800887745,0.9464285714285714,0.017904761904761892,0.008571428571428567
1.0874743800887745,0.9821428571428571,0.017523809523809514,0.0018412698412698404
1.208304866765305,0.017857142857142856,0.0008888888888888885,0.0009523809523809518
1.208304866765305,0.05357142857142857,0.000825396825396825,0.0017142857142857135
1.208304866765305,0.08928571428571427,0.0012698412698412692,0.0013333333333333326
1.208304866765305,0.125,0.0017142857142857135,0.001333333333333333
1.208304866765305,0.1607142857142857,0.0033015873015873,0.004380952380952378
1.208304866765305,0.1964285714285714,0.003174603174603173,0.0038730158730158715
1.208304866765305,0.23214285714285715,0.003936507936507934,0.0038730158730158715
1.208304866765305,0.26785714285714285,0.0056507936507936484,0.005714285714285711
1.208304866765305,0.30357142857142855,0.01885714285714285,0.017206349206349197
1.208304866765305,0.33928571428571425,0.38984126984126966,0.28869841269841257
1.208304866765305,0.375,0.0026666666666666657,0.00165079365079365
1.208304866765305,0.4107142857142857,0.00571428571428571,0.0026666666666666653
1.208304866765305,0.4464285714285714,0.009968253968253965,0.0055873015873015835
1.208304866765305,0.4821428571428571,0.045079365079365045,0.023936507936507923
1.208304866765305,0.5178571428571428,0.13142857142857137,0.38971428571428546
1.208304866765305,0.5535714285714286,0.005142857142857141,0.002730158730158729
1.208304866765305,0.5892857142857142,0.004444444444444442,0.0017142857142857135
1.208304866765305,0.625,0.004444444444444442,0.0013968253968253963
1.208304866765305,0.6607142857142856,0.009079365079365074,0.00495238095238095
1.208304866765305,0.6964285714285714,0.010031746031746027,0.004063492063492062
1.208304866765305,0.7321428571428571,0.008190476190476186,0.0038730158730158715
1.208304866765305,0.7678571428571428,0.03276190476190474,0.011301587301587295
1.208304866765305,0.8035714285714286,0.03511111111111109,0.02355555555555554
1.208304866765305,0.8392857142857142,0.054412698412698385,0.04158730158730157
1.208304866765305,0.875,0.20799999999999985,0.14749206349206342
1.208304866765305,0.9107142857142856,0.0010793650793650788,0.0018412698412698407
1.208304866765305,0.9464285714285714,0.0013968253968253963,0.0019047619047619037
1.208304866765305,0.9821428571428571,0.0015873015873015864,0.0009523809523809518
1.3291353534418355,0.017857142857142856,0.001269841269841269,0.0008888888888888885
1.3291353534418355,0.05357142857142857,0.0006349206349206346,0.0006349206349206346
1.3291353534418355,0.08928571428571427,0.0007619047619047616,0.0008253968253968249
1.3291353534418355,0.125,0.0010793650793650786,0.0007619047619047615
1.3291353534418355,0.1607142857142857,0.0008888888888888885,0.0003174603174603173
1.3291353534418355,0.1964285714285714,0.0014603174603174595,0.0007619047619047615
1.3291353534418355,0.23214285714285715,0.005650793650793647,0.002095238095238094
1.3291353534418355,0.26785714285714285,0.009079365079365074,0.004190476190476188
1.3291353534418355,0.30357142857142855,0.014031746031746025,0.004761904761904759
1.3291353534418355,0.33928571428571425,0.03726984126984125,0.015809523809523805
1.3291353534418355,0.375,0.41593650793650766,0.2857142857142856
1.3291353534418355,0.4107142857142857,0.0055873015873015835,0.0019682539682539676
1.3291353534418355,0.4464285714285714,0.01206349206349206,0.006095238095238092
1.3291353534418355,0.4821428571428571,0.013714285714285707,0.005968253968253965
1.3291353534418355,0.5178571428571428,0.18565079365079354,0.4513650793650792
1.3291353534418355,0.5535714285714286,0.0036190476190476172,0.0026666666666666653
1.3291353534418355,0.5892857142857142,0.002031746031746031,0.0012698412698412694
1.3291353534418355,0.625,0.00165079365079365,0.0007619047619047615
1.3291353534418355,0.6607142857142856,0.0018412698412698404,0.0010793650793650786
1.3291353534418355,0.6964285714285714,0.0026031746031746016,0.001777777777777777
1.3291353534418355,0.7321428571428571,0.0050158730158730135,0.001968253968253967
1.3291353534418355,0.7678571428571428,0.0034285714285714275,0.0017142857142857135
1.3291353534418355,0.8035714285714286,0.003746031746031744,0.00165079365079365
1.3291353534418355,0.8392857142857142,0.0053333333333333306,0.0020317460317460312
1.3291353534418355,0.875,0.012698412698412693,0.005460317460317457
1.3291353534418355,0.9107142857142856,0.24965079365079357,0.195111111111111
1.3291353534418355,0.9464285714285714,0.0018412698412698404,0.0015873015873015864
1.3291353534418355,0.9821428571428571,0.0014603174603174595,0.0007619047619047615
1.449965840118366,0.017857142857142856,0.0005079365079365077,6.349206349206346e-05
1.449965840118366,0.05357142857142857,0.00012698412698412692,0.00012698412698412692
1.449965840118366,0.08928571428571427,0.03257142857142856,0.029333333333333322
1.449965840118366,0.125,0.035809523809523784,0.030857142857142843
1.449965840118366,0.1607142857142857,0.0012063492063492057,0.0003174603174603173
1.449965840118366,0.1964285714285714,0.0009523809523809518,0.00012698412698412692
1.449965840118366,0.23214285714285715,0.0012698412698412692,0.0003809523809523808
1.449965840118366,0.26785714285714285,0.0014603174603174595,6.349206349206346e-05
1.449965840118366,0.30357142857142855,0.17473015873015862,0.05015873015873014
1.449965840118366,0.33928571428571425,0.0038730158730158706,0.0009523809523809521
1.449965840118366,0.375,0.37492063492063477,0.16660317460317453
1.449965840118366,0.4107142857142857,0.05999999999999997,0.0714285714285714
1.449965840118366,0.4464285714285714,0.0023492063492063483,0.0005714285714285713
1.449965840118366,0.4821428571428571,0.0022857142857142846,0.0005714285714285711
1.449965840118366,0.5178571428571428,0.07092063492063488,0.36952380952380937
1.449965840118366,0.5535714285714286,0.02038095238095237,0.009015873015873012
1.449965840118366,0.5892857142857142,0.0005714285714285711,0.00025396825396825385
1.449965840118366,0.625,0.04755555555555554,0.17390476190476184
1.449965840118366,0.6607142857142856,0.0016507936507936497,0.0003174603174603173
1.449965840118366,0.6964285714285714,0.0007619047619047614,0.0003174603174603173
1.449965840118366,0.7321428571428571,0.0013333333333333326,0.00025396825396825385
1.449965840118366,0.7678571428571428,0.0010158730158730152,0.00038095238095238075
1.449965840118366,0.8035714285714286,0.0010158730158730154,0.0005079365079365077
1.449965840118366,0.8392857142857142,0.001777777777777777,0.00019047619047619037
1.449965840118366,0.875,0.04311111111111109,0.02044444444444444
1.449965840118366,0.9107142857142856,0.11733333333333326,0.07326984126984122
1.449965840118366,0.9464285714285714,0.00025396825396825385,0.0
1.449965840118366,0.9821428571428571,0.00025396825396825385,6.349206349206346e-05
1.5707963267948966,0.017857142857142856,0.0005079365079365077,0.00012698412698412692
1.5707963267948966,0.05357142857142857,0.00044444444444444425,6.349206349206346e-05
1.5707963267948966,0.08928571428571427,0.0005714285714285713,6.349206349206346e-05
1.5707963267948966,0.125,0.00025396825396825385,0.0003174603174603173
1.5707963267948966,0.1607142857142857,0.00044444444444444425,0.00012698412698412692
1.5707963267948966,0.1964285714285714,0.0003174603174603173,0.00019047619047619037
1.5707963267948966,0.23214285714285715,0.0005714285714285711,0.00012698412698412692
1.5707963267948966,0.26785714285714285,0.0018412698412698404,0.0006349206349206346
1.5707963267948966,0.30357142857142855,0.004507936507936506,0.000698412698412698
1.5707963267948966,0.33928571428571425,0.10368253968253963,0.07231746031746028
1.5707963267948966,0.375,0.36146031746031726,0.23073015873015862
1.5707963267948966,0.4107142857142857,0.0027936507936507926,0.0005079365079365077
1.5707963267948966,0.4464285714285714,0.001777777777777777,0.0005079365079365077
1.5707963267948966,0.4821428571428571,0.06692063492063488,0.15111111111111106
1.5707963267948966,0.5178571428571428,0.06577777777777774,0.13695238095238088
1.5707963267948966,0.5535714285714286,0.08730158730158727,0.18050793650793642
1.5707963267948966,0.5892857142857142,0.0013333333333333326,0.00019047619047619037
1.5707963267948966,0.625,0.0010793650793650786,0.00019047619047619037
1.5707963267948966,0.6607142857142856,0.001396825396825396,0.0003174603174603173
1.5707963267948966,0.6964285714285714,0.0010793650793650788,6.349206349206346e-05
1.5707963267948966,0.7321428571428571,0.0008253968253968249,0.00044444444444444414
1.5707963267948966,0.7678571428571428,0.03009523809523808,0.021269841269841258
1.5707963267948966,0.8035714285714286,0.04895238095238093,0.03015873015873014
1.5707963267948966,0.8392857142857142,0.047492063492063474,0.034920634920634894
1.5707963267948966,0.875,0.03923809523809521,0.028634920634920617
1.5707963267948966,0.9107142857142856,0.03193650793650792,0.020888888888888884
1.5707963267948966,0.9464285714285714,0.054158730158730135,0.04780952380952378
1.5707963267948966,0.9821428571428571,0.043238095238095214,0.04012698412698411
1.691626813471427,0.017857142857142856,0.03365079365079363,0.037460317460317444
1.691626813471427,0.05357142857142857,0.014730158730158724,0.01676190476190475
1.691626813471427,0.08928571428571427,0.007174603174603171,0.00641269841269841
1.691626813471427,0.125,0.0060317460317460304,0.00844444444444444
1.691626813471427,0.1607142857142857,0.006857142857142853,0.007428571428571425
1.691626813471427,0.1964285714285714,0.014984126984126976,0.015111111111111103
1.691626813471427,0.23214285714285715,0.013841269841269835,0.012952380952380946
1.691626813471427,0.26785714285714285,0.05130158730158727,0.04901587301587299
1.691626813471427,0.30357142857142855,0.07295238095238091,0.07422222222222218
1.691626813471427,0.33928571428571425,0.10628571428571422,0.11085714285714279
1.691626813471427,0.375,0.10438095238095235,0.09968253968253962
1.691626813471427,0.4107142857142857,0.08526984126984123,0.08025396825396822
1.691626813471427,0.4464285714285714,0.06584126984126981,0.06558730158730157
1.691626813471427,0.4821428571428571,0.052063492063492034,0.05276190476190473
1.691626813471427,0.5178571428571428,0.03834920634920633,0.038476190476190456
1.691626813471427,0.5535714285714286,0.06330158730158726,0.06285714285714282
1.691626813471427,0.5892857142857142,0.042666666666666644,0.04165079365079363
1.691626813471427,0.625,0.01758730158730158,0.01593650793650793
1.691626813471427,0.6607142857142856,0.03104761904761903,0.029079365079365063
1.691626813471427,0.6964285714285714,0.02482539682539681,0.026730158730158715
1.691626813471427,0.7321428571428571,0.023111111111111096,0.022031746031746017
1.691626813471427,0.7678571428571428,0.019746031746031737,0.019619047619047605
1.691626813471427,0.8035714285714286,0.01644444444444444,0.018793650793650786
1.691626813471427,0.8392857142857142,0.014412698412698408,0.01434920634920634
1.691626813471427,0.875,0.012634920634920629,0.015428571428571418
1.691626813471427,0.9107142857142856,0.014222222222222216,0.014539682539682535
1.691626813471427,0.9464285714285714,0.015555555555555548,0.01473015873015872
1.691626813471427,0.9821428571428571,0.03073015873015872,0.02882539682539681
1.8124573001479576,0.017857142857142856,0.01746031746031745,0.0165079365079365
1.8124573001479576,0.05357142857142857,0.022158730158730145,0.022730158730158722
1.8124573001479576,0.08928571428571427,0.023809523809523798,0.02596825396825396
1.8124573001479576,0.125,0.02203174603174602,0.023809523809523798
1.8124573001479576,0.1607142857142857,0.005206349206349204,0.0059682539682539655
1.8124573001479576,0.1964285714285714,0.005587301587301584,0.005079365079365077
1.8124573001479576,0.23214285714285715,0.007936507936507933,0.0069206349206349166
1.8124573001479576,0.26785714285714285,0.07301587301587298,0.07053968253968251
1.8124573001479576,0.30357142857142855,0.0929523809523809,0.09657142857142852
1.8124573001479576,0.33928571428571425,0.0745396825396825,0.07314285714285712
1.8124573001479576,0.375,0.11111111111111105,0.11390476190476183
1.8124573001479576,0.4107142857142857,0.11180952380952375,0.11003174603174598
1.8124573001479576,0.4464285714285714,0.038222222222222206,0.038793650793650776
1.8124573001479576,0.4821428571428571,0.06126984126984124,0.0559365079365079
1.8124573001479576,0.5178571428571428,0.04888888888888885,0.04634920634920633
1.8124573001479576,0.5535714285714286,0.039619047619047595,0.04285714285714284
1.8124573001479576,0.5892857142857142,0.06203174603174601,0.06996825396825394
1.8124573001479576,0.625,0.011936507936507931,0.01301587301587301
1.8124573001479576,0.6607142857142856,0.010984126984126978,0.010349206349206344
1.8124573001479576,0.6964285714285714,0.01644444444444444,0.014984126984126976
1.8124573001479576,0.7321428571428571,0.014984126984126976,0.014603174603174597
1.8124573001479576,0.7678571428571428,0.02596825396825396,0.022666666666666654
1.8124573001479576,0.8035714285714286,0.019301587301587292,0.018158730158730152
1.8124573001479576,0.8392857142857142,0.014412698412698405,0.01504761904761904
1.8124573001479576,0.875,0.019301587301587292,0.018222222222222213
1.8124573001479576,0.9107142857142856,0.017015873015873005,0.0165079365079365
1.8124573001479576,0.9464285714285714,0.01523809523809523,0.01593650793650793
1.8124573001479576,0.9821428571428571,0.016761904761904752,0.015428571428571422
1.933287786824488,0.017857142857142856,0.013460317460317454,0.016634920634920627
1.933287786824488,0.05357142857142857,0.0132063492063492,0.01282539682539682
1.933287786824488,0.08928571428571427,0.012571428571428567,0.01263492063492063
1.933287786824488,0.125,0.01701587301587301,0.015174603174603165
1.933287786824488,0.1607142857142857,0.012253968253968246,0.012190476190476184
1.933287786824488,0.1964285714285714,0.03047619047619046,0.03333333333333332
1.933287786824488,0.23214285714285715,0.06698412698412695,0.0646349206349206
1.933287786824488,0.26785714285714285,0.1075555555555555,0.09657142857142852
1.933287786824488,0.30357142857142855,0.10996825396825391,0.11663492063492059
1.933287786824488,0.33928571428571425,0.10412698412698407,0.10888888888888883
1.933287786824488,0.375,0.07276190476190474,0.07276190476190472
1.933287786824488,0.4107142857142857,0.10107936507936502,0.09466666666666661
1.933287786824488,0.4464285714285714,0.0573333333333333,0.05377777777777775
1.933287786824488,0.4821428571428571,0.02977777777777776,0.028698412698412685
1.933287786824488,0.5178571428571428,0.03142857142857141,0.03517460317460316
1.933287786824488,0.5535714285714286,0.03447619047619045,0.038603174603174584
1.933287786824488,0.5892857142857142,0.03942857142857141,0.03860317460317459
1.933287786824488,0.625,0.047936507936507916,0.04647619047619045
1.933287786824488,0.6607142857142856,0.009523809523809518,0.009968253968253965
1.933287786824488,0.6964285714285714,0.008571428571428568,0.00787301587301587
1.933287786824488,0.7321428571428571,0.008317460317460314,0.007365079365079362
1.933287786824488,0.7678571428571428,0.007492063492063488,0.00698412698412698
1.933287786824488,0.8035714285714286,0.008507936507936504,0.01028571428571428
1.933287786824488,0.8392857142857142,0.015365079365079356,0.015492063492063482
1.933287786824488,0.875,0.011047619047619042,0.01136507936507936
1.933287786824488,0.9107142857142856,0.009206349206349202,0.010412698412698408
1.933287786824488,0.9464285714285714,0.010031746031746027,0.009523809523809518
1.933287786824488,0.9821428571428571,0.01009523809523809,0.012444444444444435
2.0541182735010186,0.017857142857142856,0.006539682539682536,0.005460317460317457
2.0541182735010186,0.05357142857142857,0.00641269841269841,0.006095238095238093
2.0541182735010186,0.08928571428571427,0.0056507936507936484,0.005904761904761902
2.0541182735010186,0.125,0.006412698412698409,0.0059682539682539655
2.0541182735010186,0.1607142857142857,0.00768253968253968,0.0069841269841269815
2.0541182735010186,0.1964285714285714,0.009396825396825393,0.007492063492063488
2.0541182735010186,0.23214285714285715,0.10520634920634915,0.10742857142857137
2.0541182735010186,0.26785714285714285,0.2100317460317459,0.21739682539682528
2.0541182735010186,0.30357142857142855,0.1411428571428571,0.14463492063492056
2.0541182735010186,0.33928571428571425,0.08596825396825393,0.08869841269841265
2.0541182735010186,0.375,0.06857142857142855,0.06692063492063488
2.0541182735010186,0.4107142857142857,0.05587301587301584,0.05466666666666664
2.0541182735010186,0.4464285714285714,0.06457142857142856,0.06514285714285711
2.0541182735010186,0.4821428571428571,0.023365079365079353,0.025269841269841258
2.0541182735010186,0.5178571428571428,0.025714285714285703,0.02425396825396824
2.0541182735010186,0.5535714285714286,0.022666666666666654,0.021523809523809515
2.0541182735010186,0.5892857142857142,0.019682539682539676,0.01631746031746031
2.0541182735010186,0.625,0.018222222222222213,0.016825396825396816
2.0541182735010186,0.6607142857142856,0.028888888888888877,0.02838095238095237
2.0541182735010186,0.6964285714285714,0.01758730158730158,0.016507936507936496
2.0541182735010186,0.7321428571428571,0.010349206349206346,0.009396825396825393
2.0541182735010186,0.7678571428571428,0.009968253968253961,0.007873015873015868
2.0541182735010186,0.8035714285714286,0.009079365079365074,0.008825396825396823
2.0541182735010186,0.8392857142857142,0.008634920634920629,0.008190476190476187
2.0541182735010186,0.875,0.008317460317460314,0.008317460317460314
2.0541182735010186,0.9107142857142856,0.007682539682539678,0.0075555555555555515
2.0541182735010186,0.9464285714285714,0.0073015873015872985,0.008063492063492057
2.0541182735010186,0.9821428571428571,0.009079365079365074,0.0099047619047619
2.174948760177549,0.017857142857142856,0.0009523809523809521,0.0005079365079365077
2.174948760177549,0.05357142857142857,0.0008888888888888885,0.00012698412698412692
2.174948760177549,0.08928571428571427,0.0012698412698412694,0.0005714285714285711
2.174948760177549,0.125,0.0010158730158730154,0.0005079365079365077
2.174948760177549,0.1607142857142857,0.0010793650793650788,0.00044444444444444425
2.174948760177549,0.1964285714285714,0.8929523809523805,0.9560634920634917
2.174948760177549,0.23214285714285715,0.017714285714285703,0.008634920634920632
2.174948760177549,0.26785714285714285,0.008444444444444442,0.003555555555555554
2.174948760177549,0.30357142857142855,0.005714285714285711,0.002349206349206348
2.174948760177549,0.33928571428571425,0.006031746031746028,0.002031746031746031
2.174948760177549,0.375,0.010412698412698408,0.003682539682539681
2.174948760177549,0.4107142857142857,0.00787301587301587,0.00349206349206349
2.174948760177549,0.4464285714285714,0.009142857142857138,0.003238095238095236
2.174948760177549,0.4821428571428571,0.005396825396825395,0.002539682539682539
2.174948760177549,0.5178571428571428,0.0033015873015873,0.001523809523809523
2.174948760177549,0.5535714285714286,0.003428571428571427,0.0014603174603174595
2.174948760177549,0.5892857142857142,0.0022857142857142846,0.0009523809523809518
2.174948760177549,0.625,0.0022857142857142846,0.0007619047619047615
2.174948760177549,0.6607142857142856,0.0026666666666666653,0.0008888888888888885
2.174948760177549,0.6964285714285714,0.0038095238095238074,0.001777777777777777
2.174948760177549,0.7321428571428571,0.0031111111111111088,0.0011428571428571425
2.174948760177549,0.7678571428571428,0.0011428571428571423,0.0007619047619047615
2.174948760177549,0.8035714285714286,0.0011428571428571425,0.0006349206349206345
2.174948760177549,0.8392857142857142,0.00165079365079365,0.0003174603174603173
2.174948760177549,0.875,0.0009523809523809518,0.00044444444444444414
2.174948760177549,0.9107142857142856,0.001777777777777777,0.00025396825396825385
2.174948760177549,0.9464285714285714,0.002476190476190475,0.0009523809523809518
2.174948760177549,0.9821428571428571,0.0010793650793650788,0.0003809523809523808
2.2957792468540794,0.017857142857142856,0.00019047619047619037,0.0
2.2957792468540794,0.05357142857142857,0.00012698412698412692,0.0
2.2957792468540794,0.08928571428571427,6.349206349206346e-05,0.00012698412698412692
2.2957792468540794,0.125,0.0003174603174603173,0.0
2.2957792468540794,0.1607142857142857,0.00019047619047619037,6.349206349206346e-05
2.2957792468540794,0.1964285714285714,0.9824126984126978,0.9971428571428567
2.2957792468540794,0.23214285714285715,0.0024761904761904747,0.0003174603174603173
2.2957792468540794,0.26785714285714285,0.0010158730158730154,0.00012698412698412692
2.2957792468540794,0.30357142857142855,0.0010793650793650788,0.0
2.2957792468540794,0.33928571428571425,0.0008253968253968249,0.00044444444444444425
2.2957792468540794,0.375,0.0013333333333333326,0.00038095238095238075
2.2957792468540794,0.4107142857142857,0.0012063492063492057,0.00025396825396825385
2.2957792468540794,0.4464285714285714,0.0014603174603174595,0.00025396825396825385
2.2957792468540794,0.4821428571428571,0.0015873015873015866,0.00025396825396825385
2.2957792468540794,0.5178571428571428,0.00044444444444444425,0.00012698412698412692
2.2957792468540794,0.5535714285714286,0.0006349206349206346,0.0
2.2957792468540794,0.5892857142857142,0.00038095238095238075,6.349206349206346e-05
2.2957792468540794,0.625,0.000698412698412698,0.0
2.2957792468540794,0.6607142857142856,0.00044444444444444414,0.0
2.2957792468540794,0.6964285714285714,0.000698412698412698,0.0
2.2957792468540794,0.7321428571428571,0.0006984126984126979,0.00019047619047619037
2.2957792468540794,0.7678571428571428,0.0006349206349206345,0.00012698412698412692
2.2957792468540794,0.8035714285714286,0.00012698412698412692,0.0
2.2957792468540794,0.8392857142857142,0.0003174603174603173,0.00012698412698412692
2.2957792468540794,0.875,0.00012698412698412692,0.0
2.2957792468540794,0.9107142857142856,6.349206349206346e-05,0.0
2.2957792468540794,0.9464285714285714,0.00012698412698412692,0.0
2.2957792468540794,0.9821428571428571,0.0003174603174603173,0.0
2.41660973353061,0.017857142857142856,0.0,0.0
2.41660973353061,0.05357142857142857,6.349206349206346e-05,6.349206349206346e-05
2.41660973353061,0.08928571428571427,0.0,0.0
2.41660973353061,0.125,0.0,0.0
2.41660973353061,0.1607142857142857,0.7278730158730154,0.7302222222222219
2.41660973353061,0.1964285714285714,0.0006349206349206346,6.349206349206346e-05
2.41660973353061,0.23214285714285715,0.00019047619047619037,0.0
2.41660973353061,0.26785714285714285,0.0003174603174603173,0.0
2.41660973353061,0.30357142857142855,0.00019047619047619037,0.0
2.41660973353061,0.33928571428571425,0.00019047619047619037,0.0
2.41660973353061,0.375,6.349206349206346e-05,0.0
2.41660973353061,0.4107142857142857,0.00019047619047619037,0.0
2.41660973353061,0.4464285714285714,0.0003174603174603173,0.0
2.41660973353061,0.4821428571428571,0.19193650793650785,0.1946031746031745
2.41660973353061,0.5178571428571428,0.0031746031746031733,0.00044444444444444425
2.41660973353061,0.5535714285714286,6.349206349206346e-05,0.0
2.41660973353061,0.5892857142857142,0.0,0.0
2.41660973353061,0.625,0.00019047619047619037,0.0
2.41660973353061,0.6607142857142856,6.349206349206346e-05,0.0
2.41660973353061,0.6964285714285714,0.0,0.0
2.41660973353061,0.7321428571428571,0.0,0.0
2.41660973353061,0.7678571428571428,0.0,0.0
2.41660973353061,0.8035714285714286,0.0003174603174603173,0.0
2.41660973353061,0.8392857142857142,0.07415873015873012,0.07460317460317456
2.41660973353061,0.875,6.349206349206346e-05,0.0
2.41660973353061,0.9107142857142856,0.0,0.0
2.41660973353061,0.9464285714285714,0.0,0.0
2.41660973353061,0.9821428571428571,0.0,0.0
2.5374402202071407,0.017857142857142856,6.349206349206346e-05,0.0
2.5374402202071407,0.05357142857142857,0.002031746031746031,0.0011428571428571423
2.5374402202071407,0.08928571428571427,0.0015873015873015864,0.0010158730158730154
2.5374402202071407,0.125,0.0013968253968253963,0.0005079365079365077
2.5374402202071407,0.1607142857142857,0.8058412698412695,0.8717460317460313
2.5374402202071407,0.1964285714285714,0.004190476190476189,0.001968253968253967
2.5374402202071407,0.23214285714285715,0.002666666666666666,0.0017142857142857135
2.5374402202071407,0.26785714285714285,0.002095238095238094,0.002031746031746031
2.5374402202071407,0.30357142857142855,0.002222222222222221,0.0016507936507936499
2.5374402202071407,0.33928571428571425,0.0012063492063492055,0.0006984126984126982
2.5374402202071407,0.375,0.0018412698412698404,0.0008888888888888883
2.5374402202071407,0.4107142857142857,0.005650793650793648,0.00349206349206349
2.5374402202071407,0.4464285714285714,0.01079365079365079,0.006730158730158726
2.5374402202071407,0.4821428571428571,0.05809523809523806,0.03796825396825395
2.5374402202071407,0.5178571428571428,0.04711111111111109,0.031174603174603157
2.5374402202071407,0.5535714285714286,0.0010158730158730154,0.000698412698412698
2.5374402202071407,0.5892857142857142,0.001523809523809523,0.0007619047619047615
2.5374402202071407,0.625,0.0006984126984126979,0.00025396825396825385
2.5374402202071407,0.6607142857142856,0.0010158730158730154,0.000698412698412698
2.5374402202071407,0.6964285714285714,0.0033650793650793634,0.002222222222222221
2.5374402202071407,0.7321428571428571,0.010857142857142852,0.006412698412698409
2.5374402202071407,0.7678571428571428,0.0062222222222222175,0.0053333333333333306
2.5374402202071407,0.8035714285714286,0.0059682539682539655,0.0050158730158730135
2.5374402202071407,0.8392857142857142,0.0072380952380952344,0.004507936507936506
2.5374402202071407,0.875,0.008507936507936503,0.006476190476190472
2.5374402202071407,0.9107142857142856,0.006539682539682536,0.004825396825396824
2.5374402202071407,0.9464285714285714,0.00012698412698412692,0.0
2.5374402202071407,0.9821428571428571,0.00012698412698412692,6.349206349206346e-05
2.658270706883671,0.017857142857142856,0.0005079365079365077,0.0
2.658270706883671,0.05357142857142857,0.0003809523809523808,0.00012698412698412692
2.658270706883671,0.08928571428571427,0.0005714285714285711,0.00012698412698412692
2.658270706883671,0.125,0.019746031746031737,0.0069206349206349166
2.658270706883671,0.1607142857142857,0.9246984126984121,0.9735238095238089
2.658270706883671,0.1964285714285714,0.002031746031746031,0.0009523809523809518
2.658270706883671,0.23214285714285715,0.0024761904761904747,0.0007619047619047615
2.658270706883671,0.26785714285714285,0.0019047619047619037,0.0009523809523809518
2.658270706883671,0.30357142857142855,0.00165079365079365,0.0005714285714285711
2.658270706883671,0.33928571428571425,0.0022857142857142846,0.0007619047619047614
2.658270706883671,0.375,0.003111111111111109,0.0013333333333333326
2.658270706883671,0.4107142857142857,0.003936507936507935,0.0014603174603174595
2.658270706883671,0.4464285714285714,0.004634920634920632,0.001777777777777777
2.658270706883671,0.4821428571428571,0.005777777777777774,0.0010793650793650788
2.658270706883671,0.5178571428571428,0.005523809523809521,0.0017777777777777766
2.658270706883671,0.5535714285714286,0.002222222222222221,0.00044444444444444425
2.658270706883671,0.5892857142857142,0.0009523809523809521,0.0005079365079365076
2.658270706883671,0.625,0.0011428571428571423,0.0005714285714285711
2.658270706883671,0.6607142857142856,0.00165079365079365,0.0003809523809523808
2.658270706883671,0.6964285714285714,0.0009523809523809518,0.0003174603174603173
2.658270706883671,0.7321428571428571,0.001777777777777777,0.0005079365079365077
2.658270706883671,0.7678571428571428,0.0013333333333333326,0.0005714285714285711
2.658270706883671,0.8035714285714286,0.0015873015873015866,0.0003809523809523808
2.658270706883671,0.8392857142857142,0.0011428571428571423,0.0003809523809523808
2.658270706883671,0.875,0.0013968253968253959,0.0009523809523809518
2.658270706883671,0.9107142857142856,0.0018412698412698404,0.0005714285714285711
2.658270706883671,0.9464285714285714,0.0032380952380952365,0.001523809523809523
2.658270706883671,0.9821428571428571,0.0015238095238095232,0.0007619047619047615
2.7791011935602015,0.017857142857142856,0.00012698412698412692,0.0
2.7791011935602015,0.05357142857142857,0.00012698412698412692,0.0
2.7791011935602015,0.08928571428571427,0.0,0.0
2.7791011935602015,0.125,0.9902222222222217,0.9992380952380946
2.7791011935602015,0.1607142857142857,0.005523809523809521,0.00044444444444444425
2.7791011935602015,0.1964285714285714,0.0006349206349206345,0.0
2.7791011935602015,0.23214285714285715,0.00025396825396825385,0.0
2.7791011935602015,0.26785714285714285,0.0003809523809523808,6.349206349206346e-05
2.7791011935602015,0.30357142857142855,0.00019047619047619037,0.0
2.7791011935602015,0.33928571428571425,0.00012698412698412692,0.0
2.7791011935602015,0.375,0.00012698412698412692,0.0
2.7791011935602015,0.4107142857142857,6.349206349206346e-05,6.349206349206346e-05
2.7791011935602015,0.4464285714285714,0.0003809523809523808,0.0
2.7791011935602015,0.4821428571428571,0.00012698412698412692,0.00012698412698412692
2.7791011935602015,0.5178571428571428,0.0003174603174603173,6.349206349206346e-05
2.7791011935602015,0.5535714285714286,0.0005714285714285711,0.0
2.7791011935602015,0.5892857142857142,0.0,0.0
2.7791011935602015,0.625,6.349206349206346e-05,0.0
2.7791011935602015,0.6607142857142856,0.0,0.0
2.7791011935602015,0.6964285714285714,6.349206349206346e-05,0.0
2.7791011935602015,0.7321428571428571,0.0,0.0
2.7791011935602015,0.7678571428571428,6.349206349206346e-05,0.0
2.7791011935602015,0.8035714285714286,0.0,0.0
2.7791011935602015,0.8392857142857142,0.00012698412698412692,0.0
2.7791011935602015,0.875,6.349206349206346e-05,0.0
2.7791011935602015,0.9107142857142856,0.00019047619047619037,0.0
2.7791011935602015,0.9464285714285714,0.00012698412698412692,0.0
2.7791011935602015,0.9821428571428571,0.00012698412698412692,0.0
2.899931680236732,0.017857142857142856,0.0,0.0
2.899931680236732,0.05357142857142857,6.349206349206346e-05,0.0
2.899931680236732,0.08928571428571427,0.004126984126984126,6.349206349206346e-05
2.899931680236732,0.125,0.5447619047619044,0.5613968253968251
2.899931680236732,0.1607142857142857,0.45085714285714257,0.43847619047619024
2.899931680236732,0.1964285714285714,0.0,0.0
2.899931680236732,0.23214285714285715,6.349206349206346e-05,0.0
2.899931680236732,0.26785714285714285,0.0,0.0
2.899931680236732,0.30357142857142855,0.0,0.0
2.899931680236732,0.33928571428571425,6.349206349206346e-05,0.0
2.899931680236732,0.375,0.0,0.0
2.899931680236732,0.4107142857142857,0.0,0.0
2.899931680236732,0.4464285714285714,0.0,6.349206349206346e-05
2.899931680236732,0.4821428571428571,0.0,0.0
2.899931680236732,0.5178571428571428,6.349206349206346e-05,0.0
2.899931680236732,0.5535714285714286,0.0,0.0
2.899931680236732,0.5892857142857142,0.0,0.0
2.899931680236732,0.625,0.0,0.0
2.899931680236732,0.6607142857142856,0.0,0.0
2.899931680236732,0.6964285714285714,0.0,0.0
2.899931680236732,0.7321428571428571,0.0,0.0
2.899931680236732,0.7678571428571428,0.0,0.0
2.899931680236732,0.8035714285714286,0.0,0.0
2.899931680236732,0.8392857142857142,0.0,0.0
2.899931680236732,0.875,0.0,0.0
2.899931680236732,0.9107142857142856,0.0,0.0
2.899931680236732,0.9464285714285714,0.0,0.0
2.899931680236732,0.9821428571428571,0.0,0.0
3.0207621669132623,0.017857142857142856,0.0,0.0
3.0207621669132623,0.05357142857142857,0.0,0.0
3.0207621669132623,0.08928571428571427,0.5417777777777775,0.5448253968253964
3.0207621669132623,0.125,0.006285714285714283,0.0010793650793650786
3.0207621669132623,0.1607142857142857,0.012698412698412691,0.0015873015873015864
3.0207621669132623,0.1964285714285714,0.43917460317460294,0.45250793650793636
3.0207621669132623,0.23214285714285715,0.0,0.0
3.0207621669132623,0.26785714285714285,0.0,0.0
3.0207621669132623,0.30357142857142855,0.0,0.0
3.0207621669132623,0.33928571428571425,6.349206349206346e-05,0.0
3.0207621669132623,0.375,0.0,0.0
3.0207621669132623,0.4107142857142857,0.0,0.0
3.0207621669132623,0.4464285714285714,0.0,0.0
3.0207621669132623,0.4821428571428571,0.0,0.0
3.0207621669132623,0.5178571428571428,0.0,0.0
3.0207621669132623,0.5535714285714286,0.0,0.0
3.0207621669132623,0.5892857142857142,0.0,0.0
3.0207621669132623,0.625,0.0,0.0
3.0207621669132623,0.6607142857142856,0.0,0.0
3.0207621669132623,0.6964285714285714,0.0,0.0
3.0207621669132623,0.7321428571428571,0.0,0.0
3.0207621669132623,0.7678571428571428,0.0,0.0
3.0207621669132623,0.8035714285714286,0.0,0.0
3.0207621669132623,0.8392857142857142,0.0,0.0
3.0207621669132623,0.875,0.0,0.0
3.0207621669132623,0.9107142857142856,0.0,0.0
3.0207621669132623,0.9464285714285714,0.0,0.0
3.0207621669132623,0.9821428571428571,0.0,0.0
3.141592653589793,0.017857142857142856,0.0,0.0
3.141592653589793,0.05357142857142857,0.5867936507936506,0.5871746031746029
3.141592653589793,0.08928571428571427,0.00038095238095238075,0.0
3.141592653589793,0.125,0.00012698412698412692,6.349206349206346e-05
3.141592653589793,0.1607142857142857,0.00044444444444444425,0.0
3.141592653589793,0.1964285714285714,0.41225396825396804,0.4127619047619045
3.141592653589793,0.23214285714285715,0.0,0.0
3.141592653589793,0.26785714285714285,0.0,0.0
3.141592653589793,0.30357142857142855,0.0,0.0
3.141592653589793,0.33928571428571425,0.0,0.0
3.141592653589793,0.375,0.0,0.0
3.141592653589793,0.4107142857142857,0.0,0.0
3.141592653589793,0.4464285714285714,0.0,0.0
3.141592653589793,0.4821428571428571,0.0,0.0
3.141592653589793,0.5178571428571428,0.0,0.0
3.141592653589793,0.5535714285714286,0.0,0.0
3.141592653589793,0.5892857142857142,0.0,0.0
3.141592653589793,0.625,0.0,0.0
3.141592653589793,0.6607142857142856,0.0,0.0
3.141592653589793,0.6964285714285714,0.0,0.0
3.141592653589793,0.7321428571428571,0.0,0.0
3.141592653589793,0.7678571428571428,0.0,0.0
3.141592653589793,0.8035714285714286,0.0,0.0
3.141592653589793,0.8392857142857142,0.0,0.0
3.141592653589793,0.875,0.0,0.0
3.141592653589793,0.9107142857142856,0.0,0.0
3.141592653589793,0.9464285714285714,0.0,0.0
3.141592653589793,0.9821428571428571,0.0,0.0
3.2624231402663235,0.017857142857142856,0.0,0.0
3.2624231402663235,0.05357142857142857,0.5001904761904759,0.5001904761904759
3.2624231402663235,0.08928571428571427,0.0,0.0
3.2624231402663235,0.125,6.349206349206346e-05,0.0
3.2624231402663235,0.1607142857142857,0.0,0.0
3.2624231402663235,0.1964285714285714,0.21174603174603168,0.2533968253968253
3.2624231402663235,0.23214285714285715,0.28799999999999987,0.2464126984126983
3.2624231402663235,0.26785714285714285,0.0,0.0
3.2624231402663235,0.30357142857142855,0.0,0.0
3.2624231402663235,0.33928571428571425,0.0,0.0
3.2624231402663235,0.375,0.0,0.0
3.2624231402663235,0.4107142857142857,0.0,0.0
3.2624231402663235,0.4464285714285714,0.0,0.0
3.2624231402663235,0.4821428571428571,0.0,0.0
3.2624231402663235,0.5178571428571428,0.0,0.0
3.2624231402663235,0.5535714285714286,0.0,0.0
3.2624231402663235,0.5892857142857142,0.0,0.0
3.2624231402663235,0.625,0.0,0.0
3.2624231402663235,0.6607142857142856,0.0,0.0
3.2624231402663235,0.6964285714285714,0.0,0.0
3.2624231402663235,0.7321428571428571,0.0,0.0
3.2624231402663235,0.7678571428571428,0.0,0.0
3.2624231402663235,0.8035714285714286,0.0,0.0
3.2624231402663235,0.8392857142857142,0.0,0.0
3.2624231402663235,0.875,0.0,0.0
3.2624231402663235,0.9107142857142856,0.0,0.0
3.2624231402663235,0.9464285714285714,0.0,0.0
3.2624231402663235,0.9821428571428571,0.0,0.0
3.383253626942854,0.017857142857142856,0.20063492063492053,0.19980952380952371
3.383253626942854,0.05357142857142857,0.20412698412698405,0.20692063492063484
3.383253626942854,0.08928571428571427,0.1346666666666666,0.13276190476190472
3.383253626942854,0.125,0.05231746031746029,0.0488253968253968
3.383253626942854,0.1607142857142857,0.07720634920634917,0.0816507936507936
3.383253626942854,0.1964285714285714,0.0936507936507936,0.0901587301587301
3.383253626942854,0.23214285714285715,0.07244444444444441,0.06749206349206345
3.383253626942854,0.26785714285714285,0.1648888888888888,0.1723809523809523
3.383253626942854,0.30357142857142855,0.0,0.0
3.383253626942854,0.33928571428571425,0.0,0.0
3.383253626942854,0.375,0.0,0.0
3.383253626942854,0.4107142857142857,0.0,0.0
3.383253626942854,0.4464285714285714,0.0,0.0
3.383253626942854,0.4821428571428571,0.0,0.0
3.383253626942854,0.5178571428571428,0.0,0.0
3.383253626942854,0.5535714285714286,0.0,0.0
3.383253626942854,0.5892857142857142,6.349206349206346e-05,0.0
3.383253626942854,0.625,0.0,0.0
3.383253626942854,0.6607142857142856,0.0,0.0
3.383253626942854,0.6964285714285714,0.0,0.0
3.383253626942854,0.7321428571428571,0.0,0.0
3.383253626942854,0.7678571428571428,0.0,0.0
3.383253626942854,0.8035714285714286,0.0,0.0
3.383253626942854,0.8392857142857142,0.0,0.0
3.383253626942854,0.875,0.0,0.0
3.383253626942854,0.9107142857142856,0.0,0.0
3.383253626942854,0.9464285714285714,0.0,0.0
3.383253626942854,0.9821428571428571,0.0,0.0
3.5040841136193843,0.017857142857142856,0.23968253968253958,0.23847619047619034
3.5040841136193843,0.05357142857142857,0.1278730158730158,0.1285714285714285
3.5040841136193843,0.08928571428571427,0.09168253968253963,0.09130158730158724
3.5040841136193843,0.125,0.07701587301587297,0.078031746031746
3.5040841136193843,0.1607142857142857,0.1122539682539682,0.11282539682539677
3.5040841136193843,0.1964285714285714,0.05377777777777775,0.05263492063492061
3.5040841136193843,0.23214285714285715,0.06399999999999996,0.0639365079365079
3.5040841136193843,0.26785714285714285,0.09847619047619044,0.09822222222222216
3.5040841136193843,0.30357142857142855,0.09320634920634917,0.09441269841269836
3.5040841136193843,0.33928571428571425,0.041904761904761875,0.04158730158730156
3.5040841136193843,0.375,0.0,0.0
3.5040841136193843,0.4107142857142857,0.0,0.0
3.5040841136193843,0.4464285714285714,0.0,0.0
3.5040841136193843,0.4821428571428571,0.0,0.0
3.5040841136193843,0.5178571428571428,0.0,0.0
3.5040841136193843,0.5535714285714286,0.0,0.0
3.5040841136193843,0.5892857142857142,0.0,0.0
3.5040841136193843,0.625,0.0,0.0
3.5040841136193843,0.6607142857142856,0.0,0.0
3.5040841136193843,0.6964285714285714,0.0,0.0
3.5040841136193843,0.7321428571428571,0.0,0.0
3.5040841136193843,0.7678571428571428,0.0,0.0
3.5040841136193843,0.8035714285714286,0.0,0.0
3.5040841136193843,0.8392857142857142,0.0,0.0
3.5040841136193843,0.875,0.0,0.0
3.5040841136193843,0.9107142857142856,6.349206349206346e-05,0.0
3.5040841136193843,0.9464285714285714,0.0,0.0
3.5040841136193843,0.9821428571428571,6.349206349206346e-05,0.0
3.624914600295915,0.017857142857142856,0.12685714285714278,0.12831746031746025
3.624914600295915,0.05357142857142857,0.09326984126984122,0.09073015873015869
3.624914600295915,0.08928571428571427,0.07142857142857138,0.06736507936507934
3.624914600295915,0.125,0.059619047619047585,0.059619047619047585
3.624914600295915,0.1607142857142857,0.062349206349206314,0.0639365079365079
3.624914600295915,0.1964285714285714,0.060444444444444426,0.06190476190476187
3.624914600295915,0.23214285714285715,0.07041269841269837,0.07022222222222219
3.624914600295915,0.26785714285714285,0.08114285714285711,0.08057142857142853
3.624914600295915,0.30357142857142855,0.08368253968253964,0.09142857142857139
3.624914600295915,0.33928571428571425,0.06653968253968251,0.06819047619047616
3.624914600295915,0.375,0.08660317460317456,0.08031746031746027
3.624914600295915,0.4107142857142857,0.0,0.0
3.624914600295915,0.4464285714285714,6.349206349206346e-05,0.0
3.624914600295915,0.4821428571428571,6.349206349206346e-05,0.0
3.624914600295915,0.5178571428571428,0.0,0.0
3.624914600295915,0.5535714285714286,0.00019047619047619037,0.0
3.624914600295915,0.5892857142857142,6.349206349206346e-05,0.0
3.624914600295915,0.625,6.349206349206346e-05,0.0
3.624914600295915,0.6607142857142856,0.00019047619047619037,0.0
3.624914600295915,0.6964285714285714,0.0,0.0
3.624914600295915,0.7321428571428571,0.0,0.0
3.624914600295915,0.7678571428571428,0.0,0.0
3.624914600295915,0.8035714285714286,6.349206349206346e-05,0.0
3.624914600295915,0.8392857142857142,0.00012698412698412692,0.0
3.624914600295915,0.875,6.349206349206346e-05,0.0
3.624914600295915,0.9107142857142856,0.0,0.0
3.624914600295915,0.9464285714285714,0.0,0.0
3.624914600295915,0.9821428571428571,0.1367619047619047,0.13739682539682532
3.7457450869724456,0.017857142857142856,0.05746031746031745,0.05650793650793648
3.7457450869724456,0.05357142857142857,0.055619047619047596,0.058603174603174574
3.7457450869724456,0.08928571428571427,0.038793650793650776,0.036444444444444425
3.7457450869724456,0.125,0.03473015873015871,0.03352380952380951
3.7457450869724456,0.1607142857142857,0.03536507936507935,0.03492063492063491
3.7457450869724456,0.1964285714285714,0.04431746031746029,0.04323809523809522
3.7457450869724456,0.23214285714285715,0.04076190476190474,0.04488888888888887
3.7457450869724456,0.26785714285714285,0.04495238095238093,0.04488888888888887
3.7457450869724456,0.30357142857142855,0.05453968253968252,0.05396825396825394
3.7457450869724456,0.33928571428571425,0.0429206349206349,0.03917460317460316
3.7457450869724456,0.375,0.05174603174603173,0.051682539682539656
3.7457450869724456,0.4107142857142857,0.10139682539682533,0.09898412698412692
3.7457450869724456,0.4464285714285714,0.027492063492063477,0.025650793650793632
3.7457450869724456,0.4821428571428571,0.05231746031746029,0.05650793650793648
3.7457450869724456,0.5178571428571428,0.01244444444444444,0.011999999999999993
3.7457450869724456,0.5535714285714286,0.01606349206349205,0.016634920634920627
3.7457450869724456,0.5892857142857142,0.03739682539682538,0.03860317460317459
3.7457450869724456,0.625,0.012825396825396818,0.014412698412698408
3.7457450869724456,0.6607142857142856,0.016253968253968246,0.017714285714285707
3.7457450869724456,0.6964285714285714,0.03923809523809522,0.039936507936507916
3.7457450869724456,0.7321428571428571,0.011873015873015869,0.009904761904761899
3.7457450869724456,0.7678571428571428,0.014158730158730152,0.01625396825396825
3.7457450869724456,0.8035714285714286,0.017333333333333326,0.014603174603174597
3.7457450869724456,0.8392857142857142,0.0025396825396825384,0.0020317460317460304
3.7457450869724456,0.875,0.0019682539682539676,0.0022857142857142846
3.7457450869724456,0.9107142857142856,0.0026666666666666657,0.0038730158730158715
3.7457450869724456,0.9464285714285714,0.003238095238095236,0.0021587301587301577
3.7457450869724456,0.9821428571428571,0.12958730158730153,0.13060317460317453
3.866575573648976,0.017857142857142856,0.04431746031746028,0.04285714285714284
3.866575573648976,0.05357142857142857,0.0356190476190476,0.03720634920634919
3.866575573648976,0.08928571428571427,0.03549206349206348,0.03307936507936507
3.866575573648976,0.125,0.032825396825396806,0.03295238095238094
3.866575573648976,0.1607142857142857,0.031809523809523794,0.03358730158730157
3.866575573648976,0.1964285714285714,0.03257142857142856,0.03263492063492062
3.866575573648976,0.23214285714285715,0.03663492063492061,0.03688888888888887
3.866575573648976,0.26785714285714285,0.03453968253968252,0.03574603174603173
3.866575573648976,0.30357142857142855,0.03441269841269839,0.028380952380952364
3.866575573648976,0.33928571428571425,0.03434920634920633,0.03593650793650792
3.866575573648976,0.375,0.03403174603174601,0.03669841269841268
3.866575573648976,0.4107142857142857,0.04520634920634918,0.04419047619047617
3.866575573648976,0.4464285714285714,0.05999999999999998,0.05911111111111108
3.866575573648976,0.4821428571428571,0.07492063492063489,0.07663492063492058
3.866575573648976,0.5178571428571428,0.027999999999999987,0.02698412698412697
3.866575573648976,0.5535714285714286,0.030793650793650776,0.028317460317460304
3.866575573648976,0.5892857142857142,0.038603174603174584,0.04133333333333331
3.866575573648976,0.625,0.03276190476190474,0.03346031746031744
3.866575573648976,0.6607142857142856,0.04577777777777775,0.04380952380952378
3.866575573648976,0.6964285714285714,0.04603174603174601,0.04965079365079362
3.866575573648976,0.7321428571428571,0.03765079365079363,0.039746031746031724
3.866575573648976,0.7678571428571428,0.0066031746031746,0.005650793650793647
3.866575573648976,0.8035714285714286,0.007746031746031741,0.006031746031746029
3.866575573648976,0.8392857142857142,0.008190476190476186,0.00768253968253968
3.866575573648976,0.875,0.005079365079365076,0.005714285714285712
3.866575573648976,0.9107142857142856,0.0053333333333333306,0.005015873015873013
3.866575573648976,0.9464285714285714,0.07847619047619044,0.07993650793650789
3.866575573648976,0.9821428571428571,0.06222222222222218,0.06076190476190472
3.9874060603255064,0.017857142857142856,0.056698412698412665,0.05701587301587299
3.9874060603255064,0.05357142857142857,0.03415873015873014,0.03320634920634919
3.9874060603255064,0.08928571428571427,0.030539682539682526,0.0337142857142857
3.9874060603255064,0.125,0.03441269841269839,0.03352380952380951
3.9874060603255064,0.1607142857142857,0.02888888888888887,0.028190476190476172
3.9874060603255064,0.1964285714285714,0.030603174603174584,0.027492063492063477
3.9874060603255064,0.23214285714285715,0.026920634920634907,0.029460317460317447
3.9874060603255064,0.26785714285714285,0.03079365079365078,0.032063492063492044
3.9874060603255064,0.30357142857142855,0.04165079365079363,0.03999999999999999
3.9874060603255064,0.33928571428571425,0.039174603174603154,0.03784126984126982
3.9874060603255064,0.375,0.03415873015873014,0.03479365079365078
3.9874060603255064,0.4107142857142857,0.03898412698412696,0.03809523809523808
3.9874060603255064,0.4464285714285714,0.040063492063492044,0.04476190476190474
3.9874060603255064,0.4821428571428571,0.04806349206349203,0.04660317460317458
3.9874060603255064,0.5178571428571428,0.06317460317460315,0.06546031746031743
3.9874060603255064,0.5535714285714286,0.03657142857142855,0.03301587301587299
3.9874060603255064,0.5892857142857142,0.02717460317460316,0.023492063492063477
3.9874060603255064,0.625,0.03511111111111109,0.03460317460317459
3.9874060603255064,0.6607142857142856,0.03377777777777777,0.0356190476190476
3.9874060603255064,0.6964285714285714,0.04558730158730157,0.04558730158730157
3.9874060603255064,0.7321428571428571,0.03536507936507935,0.035555555555555535
3.9874060603255064,0.7678571428571428,0.00768253968253968,0.009968253968253963
3.9874060603255064,0.8035714285714286,0.008571428571428567,0.0072380952380952344
3.9874060603255064,0.8392857142857142,0.009269841269841267,0.00971428571428571
3.9874060603255064,0.875,0.010412698412698408,0.010031746031746027
3.9874060603255064,0.9107142857142856,0.011936507936507931,0.01117460317460317
3.9874060603255064,0.9464285714285714,0.09999999999999994,0.0976507936507936
3.9874060603255064,0.9821428571428571,0.060253968253968226,0.0641269841269841
4.108236547002037,0.017857142857142856,0.031936507936507916,0.031682539682539666
4.108236547002037,0.05357142857142857,0.02907936507936507,0.030412698412698398
4.108236547002037,0.08928571428571427,0.03053968253968252,0.03003174603174602
4.108236547002037,0.125,0.029206349206349187,0.025904761904761892
4.108236547002037,0.1607142857142857,0.032063492063492044,0.027365079365079353
4.108236547002037,0.1964285714285714,0.03187301587301586,0.03333333333333331
4.108236547002037,0.23214285714285715,0.03473015873015871,0.03879365079365077
4.108236547002037,0.26785714285714285,0.04666666666666664,0.0462222222222222
4.108236547002037,0.30357142857142855,0.037460317460317444,0.04057142857142856
4.108236547002037,0.33928571428571425,0.02552380952380951,0.027999999999999987
4.108236547002037,0.375,0.038476190476190456,0.037904761904761886
4.108236547002037,0.4107142857142857,0.029968253968253953,0.029523809523809508
4.108236547002037,0.4464285714285714,0.029206349206349187,0.031047619047619032
4.108236547002037,0.4821428571428571,0.030222222222222206,0.03320634920634919
4.108236547002037,0.5178571428571428,0.03663492063492061,0.0375238095238095
4.108236547002037,0.5535714285714286,0.04590476190476188,0.04692063492063489
4.108236547002037,0.5892857142857142,0.07530158730158726,0.07790476190476187
4.108236547002037,0.625,0.02165079365079364,0.021841269841269835
4.108236547002037,0.6607142857142856,0.029523809523809508,0.028952380952380938
4.108236547002037,0.6964285714285714,0.042412698412698395,0.040825396825396806
4.108236547002037,0.7321428571428571,0.04799999999999997,0.047746031746031724
4.108236547002037,0.7678571428571428,0.015682539682539673,0.01574603174603174
4.108236547002037,0.8035714285714286,0.006285714285714282,0.007428571428571427
4.108236547002037,0.8392857142857142,0.006666666666666664,0.006158730158730156
4.108236547002037,0.875,0.006095238095238093,0.0069206349206349166
4.108236547002037,0.9107142857142856,0.08920634920634916,0.08057142857142853
4.108236547002037,0.9464285714285714,0.061460317460317423,0.060825396825396796
4.108236547002037,0.9821428571428571,0.0582222222222222,0.05663492063492061
4.229067033678567,0.017857142857142856,0.013650793650793644,0.008190476190476186
4.229067033678567,0.05357142857142857,0.013206349206349199,0.008190476190476186
4.229067033678567,0.08928571428571427,0.009968253968253965,0.007047619047619043
4.229067033678567,0.125,0.012063492063492057,0.007999999999999995
4.229067033678567,0.1607142857142857,0.01079365079365079,0.007365079365079362
4.229067033678567,0.1964285714285714,0.009904761904761897,0.007682539682539678
4.229067033678567,0.23214285714285715,0.011301587301587297,0.008063492063492059
4.229067033678567,0.26785714285714285,0.011619047619047612,0.007619047619047615
4.229067033678567,0.30357142857142855,0.011238095238095233,0.00863492063492063
4.229067033678567,0.33928571428571425,0.01212698412698412,0.007809523809523806
4.229067033678567,0.375,0.012888888888888884,0.008190476190476186
4.229067033678567,0.4107142857142857,0.013841269841269833,0.007873015873015868
4.229067033678567,0.4464285714285714,0.015492063492063482,0.012380952380952374
4.229067033678567,0.4821428571428571,0.01777777777777777,0.015428571428571422
4.229067033678567,0.5178571428571428,0.024126984126984115,0.01746031746031745
4.229067033678567,0.5535714285714286,0.014158730158730152,0.010349206349206344
4.229067033678567,0.5892857142857142,0.017714285714285703,0.013841269841269833
4.229067033678567,0.625,0.02406349206349205,0.01796825396825396
4.229067033678567,0.6607142857142856,0.020952380952380945,0.01358730158730158
4.229067033678567,0.6964285714285714,0.01269841269841269,0.009904761904761897
4.229067033678567,0.7321428571428571,0.022285714285714273,0.014412698412698408
4.229067033678567,0.7678571428571428,0.5994920634920633,0.7136507936507933
4.229067033678567,0.8035714285714286,0.003999999999999999,0.0025396825396825384
4.229067033678567,0.8392857142857142,0.0038730158730158706,0.00349206349206349
4.229067033678567,0.875,0.011492063492063487,0.007936507936507933
4.229067033678567,0.9107142857142856,0.03276190476190474,0.024253968253968243
4.229067033678567,0.9464285714285714,0.021015873015873,0.01574603174603174
4.229067033678567,0.9821428571428571,0.015492063492063482,0.012380952380952374
4.349897520355098,0.017857142857142856,0.010920634920634916,0.006412698412698409
4.349897520355098,0.05357142857142857,0.010920634920634918,0.0056507936507936484
4.349897520355098,0.08928571428571427,0.009460317460317455,0.00679365079365079
4.349897520355098,0.125,0.007999999999999997,0.006349206349206347
4.349897520355098,0.1607142857142857,0.009460317460317455,0.007428571428571425
4.349897520355098,0.1964285714285714,0.01028571428571428,0.007873015873015868
4.349897520355098,0.23214285714285715,0.009777777777777772,0.0072380952380952344
4.349897520355098,0.26785714285714285,0.009650793650793644,0.0073015873015872985
4.349897520355098,0.30357142857142855,0.009650793650793646,0.007746031746031741
4.349897520355098,0.33928571428571425,0.01028571428571428,0.0066031746031746
4.349897520355098,0.375,0.011238095238095233,0.00787301587301587
4.349897520355098,0.4107142857142857,0.01155555555555555,0.008126984126984123
4.349897520355098,0.4464285714285714,0.012634920634920629,0.009142857142857138
4.349897520355098,0.4821428571428571,0.011428571428571423,0.008761904761904755
4.349897520355098,0.5178571428571428,0.013333333333333327,0.009777777777777772
4.349897520355098,0.5535714285714286,0.016761904761904756,0.013269841269841263
4.349897520355098,0.5892857142857142,0.018285714285714277,0.013523809523809514
4.349897520355098,0.625,0.021015873015873005,0.014285714285714278
4.349897520355098,0.6607142857142856,0.031111111111111096,0.02361904761904761
4.349897520355098,0.6964285714285714,0.04247619047619045,0.03257142857142855
4.349897520355098,0.7321428571428571,0.009142857142857138,0.005396825396825394
4.349897520355098,0.7678571428571428,0.01504761904761904,0.01028571428571428
4.349897520355098,0.8035714285714286,0.6181587301587298,0.7266031746031741
4.349897520355098,0.8392857142857142,0.0027301587301587294,0.001777777777777777
4.349897520355098,0.875,0.024825396825396813,0.016126984126984118
4.349897520355098,0.9107142857142856,0.016317460317460307,0.013396825396825388
4.349897520355098,0.9464285714285714,0.014412698412698408,0.008126984126984123
4.349897520355098,0.9821428571428571,0.011111111111111106,0.007936507936507933
4.470728007031629,0.017857142857142856,0.0008888888888888885,0.00012698412698412692
4.470728007031629,0.05357142857142857,0.0011428571428571423,0.00025396825396825385
4.470728007031629,0.08928571428571427,0.0005079365079365076,0.00019047619047619037
4.470728007031629,0.125,0.000698412698412698,0.00012698412698412692
4.470728007031629,0.1607142857142857,0.0008888888888888883,0.00025396825396825385
4.470728007031629,0.1964285714285714,0.0007619047619047614,0.00025396825396825385
4.470728007031629,0.23214285714285715,0.0009523809523809518,0.00012698412698412692
4.470728007031629,0.26785714285714285,0.0006349206349206346,0.00012698412698412692
4.470728007031629,0.30357142857142855,0.0008253968253968249,0.00012698412698412692
4.470728007031629,0.33928571428571425,0.0010793650793650788,0.0003174603174603173
4.470728007031629,0.375,0.0007619047619047615,6.349206349206346e-05
4.470728007031629,0.4107142857142857,0.0008888888888888883,0.00012698412698412692
4.470728007031629,0.4464285714285714,0.0007619047619047615,0.0003809523809523808
4.470728007031629,0.4821428571428571,0.0008888888888888883,0.0003174603174603173
4.470728007031629,0.5178571428571428,0.0011428571428571423,0.0003174603174603173
4.470728007031629,0.5535714285714286,0.001206349206349206,0.00025396825396825385
4.470728007031629,0.5892857142857142,0.0010158730158730154,0.00025396825396825385
4.470728007031629,0.625,0.0009523809523809518,0.00044444444444444425
4.470728007031629,0.6607142857142856,0.001777777777777777,0.0003174603174603173
4.470728007031629,0.6964285714285714,0.0019047619047619037,0.0005079365079365077
4.470728007031629,0.7321428571428571,0.0024126984126984115,0.000698412698412698
4.470728007031629,0.7678571428571428,0.003555555555555553,0.000825396825396825
4.470728007031629,0.8035714285714286,0.9686349206349202,0.9919365079365073
4.470728007031629,0.8392857142857142,0.0010793650793650786,0.00012698412698412692
4.470728007031629,0.875,0.002031746031746031,0.0007619047619047616
4.470728007031629,0.9107142857142856,0.0012063492063492057,0.00038095238095238075
4.470728007031629,0.9464285714285714,0.0008253968253968249,0.00025396825396825385
4.470728007031629,0.9821428571428571,0.0005714285714285713,0.00012698412698412692
4.591558493708159,0.017857142857142856,0.00012698412698412692,0.00012698412698412692
4.591558493708159,0.05357142857142857,0.00019047619047619037,0.0
4.591558493708159,0.08928571428571427,0.0003174603174603173,0.0
4.591558493708159,0.125,6.349206349206346e-05,0.0
4.591558493708159,0.1607142857142857,0.0,6.349206349206346e-05
4.591558493708159,0.1964285714285714,0.00012698412698412692,0.0
4.591558493708159,0.23214285714285715,0.00019047619047619037,0.0
4.591558493708159,0.26785714285714285,0.00012698412698412692,0.00012698412698412692
4.591558493708159,0.30357142857142855,6.349206349206346e-05,0.0
4.591558493708159,0.33928571428571425,6.349206349206346e-05,0.0
4.591558493708159,0.375,6.349206349206346e-05,0.0
4.591558493708159,0.4107142857142857,6.349206349206346e-05,0.0
4.591558493708159,0.4464285714285714,6.349206349206346e-05,0.00012698412698412692
4.591558493708159,0.4821428571428571,0.00025396825396825385,6.349206349206346e-05
4.591558493708159,0.5178571428571428,0.00019047619047619037,0.0
4.591558493708159,0.5535714285714286,0.0003174603174603173,0.0
4.591558493708159,0.5892857142857142,0.0003809523809523808,0.0
4.591558493708159,0.625,0.00038095238095238075,0.0
4.591558493708159,0.6607142857142856,0.00012698412698412692,0.0
4.591558493708159,0.6964285714285714,0.00025396825396825385,0.0
4.591558493708159,0.7321428571428571,0.0003809523809523808,6.349206349206346e-05
4.591558493708159,0.7678571428571428,0.0008253968253968249,0.00025396825396825385
4.591558493708159,0.8035714285714286,0.9802539682539678,0.997587301587301
4.591558493708159,0.8392857142857142,0.013904761904761899,0.0013333333333333326
4.591558493708159,0.875,0.0003174603174603173,0.00012698412698412692
4.591558493708159,0.9107142857142856,0.00038095238095238075,6.349206349206346e-05
4.591558493708159,0.9464285714285714,0.00019047619047619037,0.0
4.591558493708159,0.9821428571428571,0.0003809523809523808,6.349206349206346e-05
4.71238898038469,0.017857142857142856,0.0,0.0
4.71238898038469,0.05357142857142857,0.0,0.0
4.71238898038469,0.08928571428571427,6.349206349206346e-05,0.0
4.71238898038469,0.125,6.349206349206346e-05,0.0
4.71238898038469,0.1607142857142857,0.00012698412698412692,0.0
4.71238898038469,0.1964285714285714,6.349206349206346e-05,0.0
4.71238898038469,0.23214285714285715,0.0,0.0
4.71238898038469,0.26785714285714285,0.0,0.0
4.71238898038469,0.30357142857142855,0.0,0.0
4.71238898038469,0.33928571428571425,0.0,0.0
4.71238898038469,0.375,0.00019047619047619037,0.0
4.71238898038469,0.4107142857142857,6.349206349206346e-05,0.0
4.71238898038469,0.4464285714285714,6.349206349206346e-05,6.349206349206346e-05
4.71238898038469,0.4821428571428571,0.0,0.0
4.71238898038469,0.5178571428571428,0.0,0.0
4.71238898038469,0.5535714285714286,6.349206349206346e-05,0.0
4.71238898038469,0.5892857142857142,0.00019047619047619037,0.0
4.71238898038469,0.625,0.0,0.0
4.71238898038469,0.6607142857142856,0.0,0.0
4.71238898038469,0.6964285714285714,0.0,6.349206349206346e-05
4.71238898038469,0.7321428571428571,0.00019047619047619037,0.0
4.71238898038469,0.7678571428571428,0.00012698412698412692,0.0
4.71238898038469,0.8035714285714286,0.4848253968253966,0.4885079365079362
4.71238898038469,0.8392857142857142,0.5137777777777774,0.511365079365079
4.71238898038469,0.875,0.0,0.0
4.71238898038469,0.9107142857142856,0.0,0.0
4.71238898038469,0.9464285714285714,6.349206349206346e-05,0.0
4.71238898038469,0.9821428571428571,0.00012698412698412692,0.0
4.83321946706122,0.017857142857142856,0.0,0.0
4.83321946706122,0.05357142857142857,0.0,0.0
4.83321946706122,0.08928571428571427,0.0,0.0
4.83321946706122,0.125,0.0,0.0
4.83321946706122,0.1607142857142857,0.0,0.0
4.83321946706122,0.1964285714285714,0.0,0.0
4.83321946706122,0.23214285714285715,0.0,0.0
4.83321946706122,0.26785714285714285,6.349206349206346e-05,0.0
4.83321946706122,0.30357142857142855,0.0,0.0
4.83321946706122,0.33928571428571425,0.0,0.0
4.83321946706122,0.375,0.0,0.0
4.83321946706122,0.4107142857142857,0.0,0.0
4.83321946706122,0.4464285714285714,0.0,0.0
4.83321946706122,0.4821428571428571,6.349206349206346e-05,0.0
4.83321946706122,0.5178571428571428,0.0,0.0
4.83321946706122,0.5535714285714286,0.0,0.0
4.83321946706122,0.5892857142857142,0.0,0.0
4.83321946706122,0.625,0.0,0.0
4.83321946706122,0.6607142857142856,0.0,0.0
4.83321946706122,0.6964285714285714,0.0,0.0
4.83321946706122,0.7321428571428571,0.0,0.0
4.83321946706122,0.7678571428571428,0.49580952380952353,0.49695238095238076
4.83321946706122,0.8035714285714286,0.0008253968253968249,0.0
4.83321946706122,0.8392857142857142,0.001396825396825396,0.0
4.83321946706122,0.875,0.5018412698412695,0.5030476190476189
4.83321946706122,0.9107142857142856,0.0,0.0
4.83321946706122,0.9464285714285714,0.0,0.0
4.83321946706122,0.9821428571428571,0.0,0.0
4.9540499537377505,0.017857142857142856,0.0,0.0
4.9540499537377505,0.05357142857142857,0.0,0.0
4.9540499537377505,0.08928571428571427,0.0,0.0
4.9540499537377505,0.125,0.0,0.0
4.9540499537377505,0.1607142857142857,0.0,0.0
4.9540499537377505,0.1964285714285714,0.0,0.0
4.9540499537377505,0.23214285714285715,6.349206349206346e-05,0.0
4.9540499537377505,0.26785714285714285,0.0,0.0
4.9540499537377505,0.30357142857142855,0.0,0.0
4.9540499537377505,0.33928571428571425,0.0,0.0
4.9540499537377505,0.375,6.349206349206346e-05,0.0
4.9540499537377505,0.4107142857142857,0.0,0.0
4.9540499537377505,0.4464285714285714,0.0,0.0
4.9540499537377505,0.4821428571428571,0.0,0.0
4.9540499537377505,0.5178571428571428,0.0,0.0
4.9540499537377505,0.5535714285714286,0.0,0.0
4.9540499537377505,0.5892857142857142,0.0,0.0
4.9540499537377505,0.625,0.0,0.0
4.9540499537377505,0.6607142857142856,0.0,0.0
4.9540499537377505,0.6964285714285714,0.0,0.0
4.9540499537377505,0.7321428571428571,0.17250793650793644,0.17688888888888876
4.9540499537377505,0.7678571428571428,0.1263492063492063,0.1284444444444444
4.9540499537377505,0.8035714285714286,0.16704761904761897,0.16171428571428562
4.9540499537377505,0.8392857142857142,0.132063492063492,0.12780952380952376
4.9540499537377505,0.875,0.40190476190476165,0.40514285714285697
4.9540499537377505,0.9107142857142856,0.0,0.0
4.9540499537377505,0.9464285714285714,0.0,0.0
4.9540499537377505,0.9821428571428571,0.0,0.0
5.074880440414281,0.017857142857142856,0.0,0.0
5.074880440414281,0.05357142857142857,0.0,0.0
5.074880440414281,0.08928571428571427,0.0,0.0
5.074880440414281,0.125,0.0,0.0
5.074880440414281,0.1607142857142857,0.0,0.0
5.074880440414281,0.1964285714285714,0.0,0.0
5.074880440414281,0.23214285714285715,0.0,0.0
5.074880440414281,0.26785714285714285,0.0,0.0
5.074880440414281,0.30357142857142855,0.0,0.0
5.074880440414281,0.33928571428571425,0.0,0.0
5.074880440414281,0.375,0.0,0.0
5.074880440414281,0.4107142857142857,0.0,0.0
5.074880440414281,0.4464285714285714,0.0,0.0
5.074880440414281,0.4821428571428571,0.0,0.0
5.074880440414281,0.5178571428571428,0.0,0.0
5.074880440414281,0.5535714285714286,0.0,0.0
5.074880440414281,0.5892857142857142,0.0,0.0
5.074880440414281,0.625,0.0,0.0
5.074880440414281,0.6607142857142856,0.0,0.0
5.074880440414281,0.6964285714285714,0.23917460317460307,0.2536507936507935
5.074880440414281,0.7321428571428571,0.03828571428571427,0.037841269841269815
5.074880440414281,0.7678571428571428,0.1575873015873015,0.15822222222222215
5.074880440414281,0.8035714285714286,0.13409523809523802,0.1355555555555555
5.074880440414281,0.8392857142857142,0.062349206349206314,0.06012698412698409
5.074880440414281,0.875,0.08831746031746028,0.0858412698412698
5.074880440414281,0.9107142857142856,0.28019047619047605,0.26876190476190465
5.074880440414281,0.9464285714285714,0.0,0.0
5.074880440414281,0.9821428571428571,0.0,0.0
5.195710927090811,0.017857142857142856,0.006539682539682536,0.005523809523809521
5.195710927090811,0.05357142857142857,0.007238095238095234,0.006539682539682536
5.195710927090811,0.08928571428571427,0.00495238095238095,0.005523809523809519
5.195710927090811,0.125,0.006158730158730155,0.00476190476190476
5.195710927090811,0.1607142857142857,0.0053333333333333306,0.004952380952380949
5.195710927090811,0.1964285714285714,0.006095238095238092,0.005904761904761902
5.195710927090811,0.23214285714285715,0.005079365079365077,0.005714285714285712
5.195710927090811,0.26785714285714285,0.015111111111111103,0.015555555555555548
5.195710927090811,0.30357142857142855,0.015492063492063482,0.014476190476190469
5.195710927090811,0.33928571428571425,0.01339682539682539,0.013396825396825391
5.195710927090811,0.375,0.010539682539682536,0.01079365079365079
5.195710927090811,0.4107142857142857,0.010349206349206344,0.011682539682539676
5.195710927090811,0.4464285714285714,0.010730158730158723,0.010539682539682536
5.195710927090811,0.4821428571428571,0.008698412698412695,0.00971428571428571
5.195710927090811,0.5178571428571428,0.010412698412698408,0.011809523809523804
5.195710927090811,0.5535714285714286,0.01028571428571428,0.009333333333333329
5.195710927090811,0.5892857142857142,0.05663492063492061,0.05657142857142854
5.195710927090811,0.625,0.08330158730158727,0.08101587301587297
5.195710927090811,0.6607142857142856,0.0832380952380952,0.08552380952380949
5.195710927090811,0.6964285714285714,0.06552380952380948,0.06393650793650792
5.195710927090811,0.7321428571428571,0.06552380952380948,0.06698412698412695
5.195710927090811,0.7678571428571428,0.06450793650793646,0.06444444444444443
5.195710927090811,0.8035714285714286,0.07625396825396823,0.07530158730158727
5.195710927090811,0.8392857142857142,0.07625396825396823,0.0759365079365079
5.195710927090811,0.875,0.08571428571428567,0.08749206349206345
5.195710927090811,0.9107142857142856,0.18292063492063482,0.18196825396825386
5.195710927090811,0.9464285714285714,0.005968253968253966,0.008253968253968251
5.195710927090811,0.9821428571428571,0.007746031746031741,0.006349206349206347
5.316541413767342,0.017857142857142856,0.008888888888888884,0.008317460317460314
5.316541413767342,0.05357142857142857,0.007746031746031743,0.009333333333333327
5.316541413767342,0.08928571428571427,0.009142857142857138,0.007492063492063488
5.316541413767342,0.125,0.007936507936507933,0.007619047619047615
5.316541413767342,0.1607142857142857,0.008063492063492059,0.00844444444444444
5.316541413767342,0.1964285714285714,0.00825396825396825,0.007619047619047615
5.316541413767342,0.23214285714285715,0.016571428571428563,0.019111111111111103
5.316541413767342,0.26785714285714285,0.029650793650793636,0.030095238095238078
5.316541413767342,0.30357142857142855,0.020444444444444435,0.019555555555555545
5.316541413767342,0.33928571428571425,0.01758730158730158,0.019873015873015862
5.316541413767342,0.375,0.016571428571428563,0.016190476190476182
5.316541413767342,0.4107142857142857,0.017396825396825393,0.01638095238095237
5.316541413767342,0.4464285714285714,0.014730158730158724,0.014793650793650788
5.316541413767342,0.4821428571428571,0.016126984126984118,0.015365079365079356
5.316541413767342,0.5178571428571428,0.014603174603174594,0.014666666666666658
5.316541413767342,0.5535714285714286,0.04057142857142855,0.03853968253968252
5.316541413767342,0.5892857142857142,0.06971428571428567,0.07403174603174599
5.316541413767342,0.625,0.05155555555555553,0.04774603174603173
5.316541413767342,0.6607142857142856,0.04311111111111109,0.041206349206349184
5.316541413767342,0.6964285714285714,0.04723809523809522,0.04825396825396822
5.316541413767342,0.7321428571428571,0.07980952380952377,0.07587301587301583
5.316541413767342,0.7678571428571428,0.05974603174603171,0.06279365079365078
5.316541413767342,0.8035714285714286,0.05326984126984124,0.04920634920634918
5.316541413767342,0.8392857142857142,0.05199999999999998,0.054412698412698385
5.316541413767342,0.875,0.061460317460317423,0.06241269841269838
5.316541413767342,0.9107142857142856,0.10368253968253963,0.10971428571428565
5.316541413767342,0.9464285714285714,0.11460317460317454,0.1119365079365079
5.316541413767342,0.9821428571428571,0.009523809523809521,0.009015873015873012
5.437371900443872,0.017857142857142856,0.01377777777777777,0.012698412698412693
5.437371900443872,0.05357142857142857,0.01371428571428571,0.012571428571428563
5.437371900443872,0.08928571428571427,0.011746031746031739,0.012190476190476184
5.437371900443872,0.125,0.012253968253968248,0.012126984126984122
5.437371900443872,0.1607142857142857,0.01174603174603174,0.011619047619047612
5.437371900443872,0.1964285714285714,0.012444444444444439,0.011238095238095235
5.437371900443872,0.23214285714285715,0.012190476190476186,0.011999999999999993
5.437371900443872,0.26785714285714285,0.014031746031746022,0.010476190476190469
5.437371900443872,0.30357142857142855,0.01009523809523809,0.011365079365079358
5.437371900443872,0.33928571428571425,0.011746031746031739,0.012571428571428565
5.437371900443872,0.375,0.009968253968253965,0.010984126984126978
5.437371900443872,0.4107142857142857,0.009587301587301582,0.011619047619047612
5.437371900443872,0.4464285714285714,0.012380952380952374,0.011047619047619044
5.437371900443872,0.4821428571428571,0.03587301587301586,0.038031746031746014
5.437371900443872,0.5178571428571428,0.06101587301587298,0.0592380952380952
5.437371900443872,0.5535714285714286,0.04146031746031745,0.041396825396825376
5.437371900443872,0.5892857142857142,0.034730158730158715,0.036444444444444425
5.437371900443872,0.625,0.034793650793650786,0.031047619047619032
5.437371900443872,0.6607142857142856,0.03333333333333332,0.033015873015873
5.437371900443872,0.6964285714285714,0.04857142857142855,0.04876190476190473
5.437371900443872,0.7321428571428571,0.052190476190476155,0.05123809523809521
5.437371900443872,0.7678571428571428,0.04603174603174601,0.04926984126984124
5.437371900443872,0.8035714285714286,0.06419047619047616,0.06876190476190473
5.437371900443872,0.8392857142857142,0.0615238095238095,0.06114285714285712
5.437371900443872,0.875,0.07866666666666662,0.0726349206349206
5.437371900443872,0.9107142857142856,0.08279365079365074,0.08793650793650788
5.437371900443872,0.9464285714285714,0.1533968253968253,0.15460317460317452
5.437371900443872,0.9821428571428571,0.01574603174603174,0.013968253968253963
5.558202387120403,0.017857142857142856,0.011809523809523803,0.011365079365079361
5.558202387120403,0.05357142857142857,0.011428571428571423,0.010349206349206342
5.558202387120403,0.08928571428571427,0.01225396825396825,0.010349206349206344
5.558202387120403,0.125,0.010603174603174599,0.009714285714285708
5.558202387120403,0.1607142857142857,0.009587301587301584,0.009904761904761899
5.558202387120403,0.1964285714285714,0.011111111111111105,0.01009523809523809
5.558202387120403,0.23214285714285715,0.01028571428571428,0.00971428571428571
5.558202387120403,0.26785714285714285,0.013142857142857137,0.011365079365079361
5.558202387120403,0.30357142857142855,0.03599999999999999,0.03663492063492061
5.558202387120403,0.33928571428571425,0.023174603174603164,0.025460317460317447
5.558202387120403,0.375,0.0184126984126984,0.017333333333333326
5.558202387120403,0.4107142857142857,0.06190476190476187,0.059936507936507906
5.558202387120403,0.4464285714285714,0.04444444444444442,0.04685714285714283
5.558202387120403,0.4821428571428571,0.032952380952380934,0.03726984126984126
5.558202387120403,0.5178571428571428,0.03130158730158729,0.03219047619047617
5.558202387120403,0.5535714285714286,0.029396825396825383,0.029650793650793636
5.558202387120403,0.5892857142857142,0.03066666666666665,0.031111111111111103
5.558202387120403,0.625,0.02825396825396824,0.02793650793650792
5.558202387120403,0.6607142857142856,0.02812698412698411,0.028444444444444432
5.558202387120403,0.6964285714285714,0.04907936507936505,0.05631746031746027
5.558202387120403,0.7321428571428571,0.043238095238095214,0.042920634920634894
5.558202387120403,0.7678571428571428,0.04914285714285713,0.05193650793650792
5.558202387120403,0.8035714285714286,0.04711111111111108,0.04666666666666665
5.558202387120403,0.8392857142857142,0.058476190476190446,0.05777777777777774
5.558202387120403,0.875,0.05574603174603172,0.053841269841269815
5.558202387120403,0.9107142857142856,0.06069841269841267,0.06044444444444441
5.558202387120403,0.9464285714285714,0.0792380952380952,0.07676190476190473
5.558202387120403,0.9821428571428571,0.10241269841269836,0.0976507936507936
5.679032873796934,0.017857142857142856,0.037015873015872995,0.041523809523809505
5.679032873796934,0.05357142857142857,0.014920634920634914,0.01504761904761904
5.679032873796934,0.08928571428571427,0.013269841269841263,0.012825396825396818
5.679032873796934,0.125,0.012063492063492057,0.014158730158730152
5.679032873796934,0.1607142857142857,0.012507936507936503,0.012507936507936503
5.679032873796934,0.1964285714285714,0.011809523809523804,0.01206349206349206
5.679032873796934,0.23214285714285715,0.011174603174603167,0.011111111111111106
5.679032873796934,0.26785714285714285,0.010920634920634916,0.011428571428571422
5.679032873796934,0.30357142857142855,0.011111111111111106,0.009777777777777772
5.679032873796934,0.33928571428571425,0.058285714285714246,0.05885714285714283
5.679032873796934,0.375,0.03219047619047618,0.034349206349206324
5.679032873796934,0.4107142857142857,0.02755555555555554,0.027492063492063477
5.679032873796934,0.4464285714285714,0.02368253968253967,0.027047619047619032
5.679032873796934,0.4821428571428571,0.028888888888888877,0.02755555555555554
5.679032873796934,0.5178571428571428,0.024126984126984115,0.025015873015873005
5.679032873796934,0.5535714285714286,0.022349206349206337,0.02253968253968253
5.679032873796934,0.5892857142857142,0.023492063492063477,0.023365079365079353
5.679032873796934,0.625,0.02260317460317459,0.02342857142857142
5.679032873796934,0.6607142857142856,0.04374603174603173,0.044380952380952354
5.679032873796934,0.6964285714285714,0.039746031746031724,0.035555555555555535
5.679032873796934,0.7321428571428571,0.03682539682539681,0.03765079365079363
5.679032873796934,0.7678571428571428,0.04501587301587299,0.045714285714285686
5.679032873796934,0.8035714285714286,0.05390476190476188,0.04488888888888887
5.679032873796934,0.8392857142857142,0.05974603174603172,0.0559365079365079
5.679032873796934,0.875,0.08698412698412693,0.08971428571428568
5.679032873796934,0.9107142857142856,0.06114285714285712,0.05676190476190473
5.679032873796934,0.9464285714285714,0.06730158730158727,0.06679365079365077
5.679032873796934,0.9821428571428571,0.10761904761904756,0.11250793650793645
5.799863360473464,0.017857142857142856,0.10126984126984123,0.10399999999999995
5.799863360473464,0.05357142857142857,0.009142857142857138,0.009587301587301582
5.799863360473464,0.08928571428571427,0.010412698412698408,0.009142857142857138
5.799863360473464,0.125,0.00901587301587301,0.008888888888888884
5.799863360473464,0.1607142857142857,0.009841269841269836,0.00971428571428571
5.799863360473464,0.1964285714285714,0.010158730158730152,0.009269841269841267
5.799863360473464,0.23214285714285715,0.04158730158730156,0.04069841269841268
5.799863360473464,0.26785714285714285,0.04126984126984125,0.04374603174603173
5.799863360473464,0.30357142857142855,0.03377777777777777,0.032698412698412685
5.799863360473464,0.33928571428571425,0.03130158730158729,0.029523809523809508
5.799863360473464,0.375,0.02463492063492062,0.023428571428571417
5.799863360473464,0.4107142857142857,0.030031746031746014,0.027492063492063477
5.799863360473464,0.4464285714285714,0.016761904761904752,0.01739682539682539
5.799863360473464,0.4821428571428571,0.01707936507936507,0.01860317460317459
5.799863360473464,0.5178571428571428,0.017777777777777767,0.019174603174603164
5.799863360473464,0.5535714285714286,0.019555555555555545,0.018920634920634907
5.799863360473464,0.5892857142857142,0.01644444444444444,0.01758730158730158
5.799863360473464,0.625,0.014476190476190469,0.015682539682539673
5.799863360473464,0.6607142857142856,0.08444444444444439,0.08749206349206345
5.799863360473464,0.6964285714285714,0.044126984126984105,0.039809523809523795
5.799863360473464,0.7321428571428571,0.07384126984126979,0.07206349206349202
5.799863360473464,0.7678571428571428,0.05028571428571426,0.049015873015872985
5.799863360473464,0.8035714285714286,0.04050793650793649,0.040888888888888864
5.799863360473464,0.8392857142857142,0.04069841269841267,0.042666666666666644
5.799863360473464,0.875,0.03841269841269839,0.03955555555555554
5.799863360473464,0.9107142857142856,0.041015873015873,0.039936507936507916
5.799863360473464,0.9464285714285714,0.05199999999999998,0.05155555555555553
5.799863360473464,0.9821428571428571,0.0801269841269841,0.08146031746031743
5.920693847149995,0.017857142857142856,0.09117460317460313,0.08780952380952375
5.920693847149995,0.05357142857142857,0.03485714285714284,0.03866666666666665
5.920693847149995,0.08928571428571427,0.007174603174603171,0.0072380952380952344
5.920693847149995,0.125,0.007047619047619043,0.008063492063492057
5.920693847149995,0.1607142857142857,0.050793650793650766,0.0474285714285714
5.920693847149995,0.1964285714285714,0.027809523809523798,0.026476190476190466
5.920693847149995,0.23214285714285715,0.021333333333333322,0.01999999999999999
5.920693847149995,0.26785714285714285,0.024825396825396813,0.02406349206349205
5.920693847149995,0.30357142857142855,0.022857142857142847,0.02292063492063491
5.920693847149995,0.33928571428571425,0.019301587301587292,0.021142857142857133
5.920693847149995,0.375,0.018095238095238088,0.01796825396825396
5.920693847149995,0.4107142857142857,0.014730158730158724,0.019301587301587295
5.920693847149995,0.4464285714285714,0.017206349206349197,0.017142857142857133
5.920693847149995,0.4821428571428571,0.01784126984126983,0.015619047619047612
5.920693847149995,0.5178571428571428,0.014730158730158724,0.01707936507936507
5.920693847149995,0.5535714285714286,0.017714285714285703,0.015301587301587295
5.920693847149995,0.5892857142857142,0.015555555555555545,0.015492063492063486
5.920693847149995,0.625,0.06330158730158726,0.05866666666666663
5.920693847149995,0.6607142857142856,0.06368253968253965,0.06749206349206346
5.920693847149995,0.6964285714285714,0.06692063492063488,0.06939682539682536
5.920693847149995,0.7321428571428571,0.06901587301587297,0.06539682539682537
5.920693847149995,0.7678571428571428,0.03987301587301585,0.042158730158730146
5.920693847149995,0.8035714285714286,0.036126984126984105,0.04076190476190474
5.920693847149995,0.8392857142857142,0.03599999999999998,0.03720634920634918
5.920693847149995,0.875,0.042984126984126965,0.04088888888888887
5.920693847149995,0.9107142857142856,0.04939682539682537,0.048888888888888864
5.920693847149995,0.9464285714285714,0.0486349206349206,0.05034920634920632
5.920693847149995,0.9821428571428571,0.061015873015872996,0.05707936507936505
6.0415243338265245,0.017857142857142856,0.05898412698412695,0.06228571428571425
6.0415243338265245,0.05357142857142857,0.12863492063492055,0.12082539682539675
6.0415243338265245,0.08928571428571427,0.04285714285714284,0.04768253968253966
6.0415243338265245,0.125,0.02317460317460316,0.024063492063492047
6.0415243338265245,0.1607142857142857,0.027047619047619032,0.023238095238095224
6.0415243338265245,0.1964285714285714,0.025206349206349194,0.024317460317460304
6.0415243338265245,0.23214285714285715,0.019936507936507926,0.022857142857142847
6.0415243338265245,0.26785714285714285,0.02107936507936507,0.017523809523809514
6.0415243338265245,0.30357142857142855,0.016253968253968246,0.018158730158730152
6.0415243338265245,0.33928571428571425,0.018476190476190466,0.019746031746031737
6.0415243338265245,0.375,0.016952380952380948,0.016825396825396816
6.0415243338265245,0.4107142857142857,0.014793650793650788,0.015682539682539673
6.0415243338265245,0.4464285714285714,0.01707936507936507,0.016126984126984118
6.0415243338265245,0.4821428571428571,0.014603174603174597,0.015682539682539673
6.0415243338265245,0.5178571428571428,0.01726984126984126,0.015682539682539673
6.0415243338265245,0.5535714285714286,0.03365079365079363,0.03250793650793649
6.0415243338265245,0.5892857142857142,0.02457142857142856,0.02698412698412697
6.0415243338265245,0.625,0.0766349206349206,0.07428571428571425
6.0415243338265245,0.6607142857142856,0.04749206349206347,0.04711111111111108
6.0415243338265245,0.6964285714285714,0.03834920634920633,0.03815873015873014
6.0415243338265245,0.7321428571428571,0.03771428571428569,0.036761904761904746
6.0415243338265245,0.7678571428571428,0.03574603174603173,0.03606349206349205
6.0415243338265245,0.8035714285714286,0.03771428571428569,0.03955555555555554
6.0415243338265245,0.8392857142857142,0.037015873015872995,0.03568253968253967
6.0415243338265245,0.875,0.03733333333333331,0.038476190476190456
6.0415243338265245,0.9107142857142856,0.045269841269841245,0.04203174603174601
6.0415243338265245,0.9464285714285714,0.04146031746031745,0.04495238095238094
6.0415243338265245,0.9821428571428571,0.044698412698412675,0.046730158730158705
6.162354820503055,0.017857142857142856,0.05784126984126982,0.0594285714285714
6.162354820503055,0.05357142857142857,0.07320634920634918,0.07561904761904759
6.162354820503055,0.08928571428571427,0.05219047619047617,0.05041269841269838
6.162354820503055,0.125,0.02057142857142856,0.02038095238095237
6.162354820503055,0.1607142857142857,0.02057142857142856,0.02095238095238094
6.162354820503055,0.1964285714285714,0.01942857142857142,0.02006349206349205
6.162354820503055,0.23214285714285715,0.0191111111111111,0.019174603174603164
6.162354820503055,0.26785714285714285,0.021714285714285703,0.022539682539682526
6.162354820503055,0.30357142857142855,0.022476190476190466,0.018095238095238088
6.162354820503055,0.33928571428571425,0.017015873015873005,0.017142857142857133
6.162354820503055,0.375,0.0172063492063492,0.016253968253968246
6.162354820503055,0.4107142857142857,0.01904761904761904,0.01892063492063491
6.162354820503055,0.4464285714285714,0.03434920634920633,0.035301587301587285
6.162354820503055,0.4821428571428571,0.03212698412698411,0.03549206349206347
6.162354820503055,0.5178571428571428,0.03390476190476188,0.028634920634920617
6.162354820503055,0.5535714285714286,0.03847619047619046,0.04507936507936506
6.162354820503055,0.5892857142857142,0.05822222222222219,0.05530158730158727
6.162354820503055,0.625,0.0474285714285714,0.044444444444444425
6.162354820503055,0.6607142857142856,0.040317460317460294,0.041523809523809505
6.162354820503055,0.6964285714285714,0.0377142857142857,0.03796825396825396
6.162354820503055,0.7321428571428571,0.03257142857142856,0.034412698412698395
6.162354820503055,0.7678571428571428,0.033587301587301575,0.03396825396825395
6.162354820503055,0.8035714285714286,0.0323174603174603,0.03307936507936506
6.162354820503055,0.8392857142857142,0.03187301587301586,0.032825396825396806
6.162354820503055,0.875,0.032698412698412685,0.03276190476190474
6.162354820503055,0.9107142857142856,0.03377777777777777,0.03276190476190474
6.162354820503055,0.9464285714285714,0.05473015873015871,0.05580952380952378
6.162354820503055,0.9821428571428571,0.06552380952380948,0.06165079365079362
6.283185307179586,0.017857142857142856,0.04641269841269838,0.04825396825396823
6.283185307179586,0.05357142857142857,0.05771428571428569,0.05968253968253964
6.283185307179586,0.08928571428571427,0.09047619047619043,0.0858412698412698
6.283185307179586,0.125,0.01523809523809523,0.01504761904761904
6.283185307179586,0.1607142857142857,0.015555555555555548,0.015047619047619039
6.283185307179586,0.1964285714285714,0.017841269841269835,0.01498412698412698
6.283185307179586,0.23214285714285715,0.018730158730158722,0.01739682539682539
6.283185307179586,0.26785714285714285,0.015619047619047609,0.017206349206349197
6.283185307179586,0.30357142857142855,0.016063492063492057,0.015555555555555545
6.283185307179586,0.33928571428571425,0.03155555555555554,0.029841269841269828
6.283185307179586,0.375,0.02552380952380951,0.022222222222222213
6.283185307179586,0.4107142857142857,0.020888888888888884,0.018285714285714277
6.283185307179586,0.4464285714285714,0.016190476190476186,0.019555555555555545
6.283185307179586,0.4821428571428571,0.019555555555555545,0.020126984126984118
6.283185307179586,0.5178571428571428,0.016825396825396816,0.019492063492063484
6.283185307179586,0.5535714285714286,0.03066666666666665,0.03479365079365078
6.283185307179586,0.5892857142857142,0.0573333333333333,0.05619047619047616
6.283185307179586,0.625,0.035746031746031734,0.03784126984126982
6.283185307179586,0.6607142857142856,0.03504761904761902,0.03447619047619046
6.283185307179586,0.6964285714285714,0.03142857142857141,0.03155555555555554
6.283185307179586,0.7321428571428571,0.03384126984126982,0.03314285714285712
6.283185307179586,0.7678571428571428,0.03142857142857141,0.031809523809523794
6.283185307179586,0.8035714285714286,0.04012698412698411,0.04006349206349205
6.283185307179586,0.8392857142857142,0.03504761904761903,0.03758730158730157
6.283185307179586,0.875,0.0734603174603174,0.07060317460317458
6.283185307179586,0.9107142857142856,0.06031746031746029,0.059873015873015856
6.283185307179586,0.9464285714285714,0.06457142857142853,0.06698412698412695
6.283185307179586,0.9821428571428571,0.04679365079365077,0.04653968253968251
6.404015793856116,0.017857142857142856,0.02292063492063491,0.018603174603174594
6.404015793856116,0.05357142857142857,0.025206349206349194,0.020698412698412688
6.404015793856116,0.08928571428571427,0.0387301587301587,0.03098412698412697
6.404015793856116,0.125,0.22596825396825382,0.267174603174603
6.404015793856116,0.1607142857142857,0.007111111111111108,0.006031746031746029
6.404015793856116,0.1964285714285714,0.02488888888888887,0.023365079365079353
6.404015793856116,0.23214285714285715,0.05765079365079362,0.05428571428571426
6.404015793856116,0.26785714285714285,0.014730158730158724,0.012761904761904756
6.404015793856116,0.30357142857142855,0.009206349206349202,0.00914285714285714
6.404015793856116,0.33928571428571425,0.008380952380952378,0.007365079365079362
6.404015793856116,0.375,0.0092063492063492,0.006730158730158728
6.404015793856116,0.4107142857142857,0.009333333333333329,0.007111111111111108
6.404015793856116,0.4464285714285714,0.0075555555555555515,0.006857142857142854
6.404015793856116,0.4821428571428571,0.00901587301587301,0.007492063492063488
6.404015793856116,0.5178571428571428,0.008888888888888884,0.0072380952380952344
6.404015793856116,0.5535714285714286,0.10406349206349202,0.09180952380952376
6.404015793856116,0.5892857142857142,0.022031746031746024,0.018285714285714277
6.404015793856116,0.625,0.017079365079365073,0.014984126984126976
6.404015793856116,0.6607142857142856,0.016063492063492057,0.012761904761904756
6.404015793856116,0.6964285714285714,0.013714285714285708,0.012380952380952376
6.404015793856116,0.7321428571428571,0.012253968253968246,0.009841269841269836
6.404015793856116,0.7678571428571428,0.20184126984126974,0.2469206349206348
6.404015793856116,0.8035714285714286,0.031809523809523794,0.02457142857142856
6.404015793856116,0.8392857142857142,0.02469841269841268,0.018793650793650783
6.404015793856116,0.875,0.021015873015873005,0.016126984126984118
6.404015793856116,0.9107142857142856,0.01796825396825396,0.017206349206349197
6.404015793856116,0.9464285714285714,0.01904761904761904,0.015555555555555548
6.404015793856116,0.9821428571428571,0.01961904761904761,0.014920634920634914
6.524846280532647,0.017857142857142856,0.061015873015872996,0.0592380952380952
6.524846280532647,0.05357142857142857,0.055936507936507916,0.05568253968253965
6.524846280532647,0.08928571428571427,0.07879365079365076,0.07999999999999997
6.524846280532647,0.125,0.10946031746031741,0.1113650793650793
6.524846280532647,0.1607142857142857,0.017904761904761892,0.017650793650793643
6.524846280532647,0.1964285714285714,0.016063492063492054,0.01784126984126983
6.524846280532647,0.23214285714285715,0.0158095238095238,0.015555555555555552
6.524846280532647,0.26785714285714285,0.016825396825396816,0.01669841269841269
6.524846280532647,0.30357142857142855,0.018603174603174594,0.018730158730158722
6.524846280532647,0.33928571428571425,0.02419047619047618,0.022603174603174594
6.524846280532647,0.375,0.013333333333333326,0.011873015873015869
6.524846280532647,0.4107142857142857,0.012380952380952374,0.013206349206349199
6.524846280532647,0.4464285714285714,0.012317460317460312,0.01301587301587301
6.524846280532647,0.4821428571428571,0.012190476190476184,0.011873015873015869
6.524846280532647,0.5178571428571428,0.02406349206349205,0.024507936507936496
6.524846280532647,0.5535714285714286,0.044253968253968226,0.04241269841269839
6.524846280532647,0.5892857142857142,0.03003174603174602,0.029206349206349198
6.524846280532647,0.625,0.026476190476190466,0.025142857142857133
6.524846280532647,0.6607142857142856,0.023301587301587292,0.025333333333333326
6.524846280532647,0.6964285714285714,0.06653968253968251,0.06298412698412696
6.524846280532647,0.7321428571428571,0.053206349206349174,0.05276190476190474
6.524846280532647,0.7678571428571428,0.043555555555555535,0.04463492063492061
6.524846280532647,0.8035714285714286,0.040952380952380935,0.04526984126984126
6.524846280532647,0.8392857142857142,0.03784126984126982,0.039174603174603154
6.524846280532647,0.875,0.035428571428571407,0.03460317460317459
6.524846280532647,0.9107142857142856,0.037777777777777764,0.03860317460317459
6.524846280532647,0.9464285714285714,0.029650793650793632,0.029904761904761892
6.524846280532647,0.9821428571428571,0.042095238095238074,0.04012698412698411
6.645676767209178,0.017857142857142856,0.04520634920634919,0.045587301587301565
6.645676767209178,0.05357142857142857,0.04387301587301585,0.044444444444444425
6.645676767209178,0.08928571428571427,0.04939682539682537,0.04876190476190474
6.645676767209178,0.125,0.06584126984126981,0.06819047619047616
6.645676767209178,0.1607142857142857,0.062476190476190435,0.058603174603174574
6.645676767209178,0.1964285714285714,0.015174603174603167,0.014412698412698405
6.645676767209178,0.23214285714285715,0.013587301587301584,0.014222222222222216
6.645676767209178,0.26785714285714285,0.014793650793650784,0.015174603174603165
6.645676767209178,0.30357142857142855,0.013904761904761899,0.012888888888888882
6.645676767209178,0.33928571428571425,0.013333333333333327,0.014603174603174597
6.645676767209178,0.375,0.013714285714285707,0.014031746031746025
6.645676767209178,0.4107142857142857,0.01409523809523809,0.015428571428571422
6.645676767209178,0.4464285714285714,0.013523809523809518,0.01536507936507936
6.645676767209178,0.4821428571428571,0.012825396825396818,0.013333333333333327
6.645676767209178,0.5178571428571428,0.041333333333333305,0.03955555555555554
6.645676767209178,0.5535714285714286,0.032507936507936486,0.03130158730158729
6.645676767209178,0.5892857142857142,0.02939682539682538,0.027047619047619032
6.645676767209178,0.625,0.06888888888888885,0.06952380952380949
6.645676767209178,0.6607142857142856,0.06615873015873013,0.06514285714285711
6.645676767209178,0.6964285714285714,0.052190476190476155,0.05599999999999997
6.645676767209178,0.7321428571428571,0.042031746031746,0.04069841269841268
6.645676767209178,0.7678571428571428,0.036761904761904746,0.04006349206349205
6.645676767209178,0.8035714285714286,0.034857142857142843,0.034984126984126965
6.645676767209178,0.8392857142857142,0.03352380952380951,0.03657142857142855
6.645676767209178,0.875,0.03276190476190474,0.03720634920634918
6.645676767209178,0.9107142857142856,0.03320634920634919,0.03377777777777776
6.645676767209178,0.9464285714285714,0.059047619047619015,0.0514285714285714
6.645676767209178,0.9821428571428571,0.045587301587301565,0.04165079365079363
6.766507253885708,0.017857142857142856,0.03447619047619045,0.0356190476190476
6.766507253885708,0.05357142857142857,0.03568253968253966,0.03530158730158729
6.766507253885708,0.08928571428571427,0.03853968253968252,0.04063492063492062
6.766507253885708,0.125,0.04939682539682537,0.05231746031746029
6.766507253885708,0.1607142857142857,0.0901587301587301,0.08895238095238091
6.766507253885708,0.1964285714285714,0.013460317460317454,0.013333333333333327
6.766507253885708,0.23214285714285715,0.014158730158730152,0.012507936507936503
6.766507253885708,0.26785714285714285,0.029460317460317447,0.027174603174603157
6.766507253885708,0.30357142857142855,0.021015873015873005,0.020317460317460304
6.766507253885708,0.33928571428571425,0.01726984126984126,0.017015873015873005
6.766507253885708,0.375,0.020444444444444432,0.018603174603174594
6.766507253885708,0.4107142857142857,0.01834920634920634,0.018222222222222213
6.766507253885708,0.4464285714285714,0.017523809523809514,0.01701587301587301
6.766507253885708,0.4821428571428571,0.026857142857142843,0.028063492063492054
6.766507253885708,0.5178571428571428,0.050158730158730125,0.05047619047619045
6.766507253885708,0.5535714285714286,0.0684444444444444,0.06780952380952378
6.766507253885708,0.5892857142857142,0.05974603174603172,0.05917460317460314
6.766507253885708,0.625,0.0427301587301587,0.042222222222222196
6.766507253885708,0.6607142857142856,0.03714285714285712,0.037587301587301565
6.766507253885708,0.6964285714285714,0.03257142857142856,0.035174603174603164
6.766507253885708,0.7321428571428571,0.03333333333333331,0.03333333333333331
6.766507253885708,0.7678571428571428,0.03511111111111109,0.03244444444444443
6.766507253885708,0.8035714285714286,0.03980952380952379,0.04228571428571427
6.766507253885708,0.8392857142857142,0.034158730158730145,0.03422222222222221
6.766507253885708,0.875,0.03377777777777777,0.03142857142857141
6.766507253885708,0.9107142857142856,0.039746031746031724,0.03777777777777776
6.766507253885708,0.9464285714285714,0.032380952380952364,0.03599999999999998
6.766507253885708,0.9821428571428571,0.03409523809523808,0.03498412698412697
6.887337740562239,0.017857142857142856,0.0415238095238095,0.043301587301587285
6.887337740562239,0.05357142857142857,0.04799999999999997,0.04780952380952379
6.887337740562239,0.08928571428571427,0.03930158730158728,0.03930158730158728
6.887337740562239,0.125,0.04723809523809522,0.04603174603174601
6.887337740562239,0.1607142857142857,0.05968253968253964,0.05828571428571426
6.887337740562239,0.1964285714285714,0.05587301587301585,0.057587301587301555
6.887337740562239,0.23214285714285715,0.013269841269841263,0.01377777777777777
6.887337740562239,0.26785714285714285,0.014666666666666661,0.014666666666666661
6.887337740562239,0.30357142857142855,0.014920634920634914,0.012571428571428567
6.887337740562239,0.33928571428571425,0.014031746031746025,0.014793650793650784
6.887337740562239,0.375,0.015174603174603165,0.0172063492063492
6.887337740562239,0.4107142857142857,0.013714285714285708,0.013904761904761899
6.887337740562239,0.4464285714285714,0.013396825396825391,0.01212698412698412
6.887337740562239,0.4821428571428571,0.03999999999999997,0.04368253968253966
6.887337740562239,0.5178571428571428,0.08031746031746029,0.08076190476190473
6.887337740562239,0.5535714285714286,0.04450793650793648,0.04380952380952379
6.887337740562239,0.5892857142857142,0.033015873015873,0.03142857142857142
6.887337740562239,0.625,0.03403174603174602,0.035301587301587285
6.887337740562239,0.6607142857142856,0.04146031746031744,0.04279365079365077
6.887337740562239,0.6964285714285714,0.03460317460317459,0.03358730158730157
6.887337740562239,0.7321428571428571,0.03320634920634919,0.029523809523809508
6.887337740562239,0.7678571428571428,0.02907936507936507,0.03130158730158729
6.887337740562239,0.8035714285714286,0.028634920634920617,0.031174603174603157
6.887337740562239,0.8392857142857142,0.04177777777777777,0.04241269841269839
6.887337740562239,0.875,0.04958730158730156,0.0469206349206349
6.887337740562239,0.9107142857142856,0.042095238095238074,0.03771428571428569
6.887337740562239,0.9464285714285714,0.03898412698412696,0.03720634920634919
6.887337740562239,0.9821428571428571,0.037904761904761886,0.041015873015872985
7.008168227238769,0.017857142857142856,0.026730158730158715,0.030920634920634904
7.008168227238769,0.05357142857142857,0.030349206349206334,0.03079365079365078
7.008168227238769,0.08928571428571427,0.03199999999999998,0.03219047619047618
7.008168227238769,0.125,0.0389206349206349,0.0356190476190476
7.008168227238769,0.1607142857142857,0.05111111111111108,0.05199999999999998
7.008168227238769,0.1964285714285714,0.08584126984126977,0.08558730158730153
7.008168227238769,0.23214285714285715,0.015428571428571422,0.016126984126984118
7.008168227238769,0.26785714285714285,0.014730158730158724,0.014412698412698401
7.008168227238769,0.30357142857142855,0.01263492063492063,0.01492063492063491
7.008168227238769,0.33928571428571425,0.015555555555555552,0.01377777777777777
7.008168227238769,0.375,0.013333333333333327,0.015047619047619039
7.008168227238769,0.4107142857142857,0.014222222222222216,0.013269841269841263
7.008168227238769,0.4464285714285714,0.045650793650793636,0.04857142857142855
7.008168227238769,0.4821428571428571,0.09390476190476187,0.09231746031746026
7.008168227238769,0.5178571428571428,0.04755555555555554,0.05161904761904759
7.008168227238769,0.5535714285714286,0.06831746031746028,0.06565079365079361
7.008168227238769,0.5892857142857142,0.04907936507936507,0.04825396825396823
7.008168227238769,0.625,0.04044444444444442,0.042222222222222196
7.008168227238769,0.6607142857142856,0.035555555555555535,0.03523809523809522
7.008168227238769,0.6964285714285714,0.032126984126984115,0.030539682539682526
7.008168227238769,0.7321428571428571,0.031365079365079346,0.029650793650793632
7.008168227238769,0.7678571428571428,0.033269841269841255,0.032126984126984115
7.008168227238769,0.8035714285714286,0.03034920634920633,0.029333333333333322
7.008168227238769,0.8392857142857142,0.029777777777777768,0.03041269841269839
7.008168227238769,0.875,0.029904761904761892,0.02793650793650792
7.008168227238769,0.9107142857142856,0.028571428571428557,0.027746031746031727
7.008168227238769,0.9464285714285714,0.027428571428571417,0.028444444444444425
7.008168227238769,0.9821428571428571,0.025841269841269825,0.02526984126984126
7.1289987139152995,0.017857142857142856,0.029841269841269828,0.028825396825396817
7.1289987139152995,0.05357142857142857,0.03155555555555554,0.03219047619047618
7.1289987139152995,0.08928571428571427,0.034539682539682516,0.03269841269841268
7.1289987139152995,0.125,0.05866666666666663,0.06285714285714283
7.1289987139152995,0.1607142857142857,0.04006349206349205,0.03707936507936506
7.1289987139152995,0.1964285714285714,0.050603174603174574,0.049460317460317434
7.1289987139152995,0.23214285714285715,0.05142857142857141,0.05015873015873014
7.1289987139152995,0.26785714285714285,0.011174603174603169,0.012317460317460312
7.1289987139152995,0.30357142857142855,0.01174603174603174,0.009269841269841267
7.1289987139152995,0.33928571428571425,0.05580952380952378,0.05504761904761902
7.1289987139152995,0.375,0.023936507936507926,0.02533333333333332
7.1289987139152995,0.4107142857142857,0.01784126984126983,0.020317460317460307
7.1289987139152995,0.4464285714285714,0.10419047619047613,0.10711111111111106
7.1289987139152995,0.4821428571428571,0.042793650793650766,0.04228571428571426
7.1289987139152995,0.5178571428571428,0.03453968253968252,0.035301587301587285
7.1289987139152995,0.5535714285714286,0.03346031746031744,0.03187301587301586
7.1289987139152995,0.5892857142857142,0.028253968253968236,0.028444444444444432
7.1289987139152995,0.625,0.0271111111111111,0.028571428571428557
7.1289987139152995,0.6607142857142856,0.03250793650793649,0.030920634920634904
7.1289987139152995,0.6964285714285714,0.06939682539682537,0.06869841269841266
7.1289987139152995,0.7321428571428571,0.03168253968253967,0.034285714285714274
7.1289987139152995,0.7678571428571428,0.027619047619047606,0.028444444444444432
7.1289987139152995,0.8035714285714286,0.0264126984126984,0.027428571428571413
7.1289987139152995,0.8392857142857142,0.025015873015873002,0.024444444444444432
7.1289987139152995,0.875,0.026158730158730145,0.024190476190476182
7.1289987139152995,0.9107142857142856,0.025460317460317447,0.023555555555555545
7.1289987139152995,0.9464285714285714,0.023873015873015862,0.025968253968253956
7.1289987139152995,0.9821428571428571,0.024317460317460307,0.02292063492063491
7.24982920059183,0.017857142857142856,0.019873015873015862,0.02495238095238094
7.24982920059183,0.05357142857142857,0.020761904761904752,0.020825396825396816
7.24982920059183,0.08928571428571427,0.021650793650793646,0.02203174603174602
7.24982920059183,0.125,0.024761904761904745,0.024317460317460307
7.24982920059183,0.1607142857142857,0.02584126984126982,0.02565079365079364
7.24982920059183,0.1964285714285714,0.08692063492063488,0.08101587301587299
7.24982920059183,0.23214285714285715,0.08819047619047614,0.09466666666666662
7.24982920059183,0.26785714285714285,0.03447619047619046,0.03396825396825395
7.24982920059183,0.30357142857142855,0.02780952380952379,0.02755555555555554
7.24982920059183,0.33928571428571425,0.01961904761904761,0.020253968253968246
7.24982920059183,0.375,0.02019047619047618,0.019555555555555548
7.24982920059183,0.4107142857142857,0.12501587301587294,0.1269841269841269
7.24982920059183,0.4464285714285714,0.11593650793650788,0.11263492063492059
7.24982920059183,0.4821428571428571,0.04831746031746029,0.04647619047619044
7.24982920059183,0.5178571428571428,0.032507936507936486,0.03142857142857141
7.24982920059183,0.5535714285714286,0.02888888888888887,0.03187301587301586
7.24982920059183,0.5892857142857142,0.026158730158730145,0.026984126984126968
7.24982920059183,0.625,0.024126984126984108,0.023428571428571417
7.24982920059183,0.6607142857142856,0.02628571428571427,0.0264126984126984
7.24982920059183,0.6964285714285714,0.021714285714285703,0.01993650793650793
7.24982920059183,0.7321428571428571,0.020507936507936496,0.01942857142857142
7.24982920059183,0.7678571428571428,0.020698412698412685,0.01904761904761904
7.24982920059183,0.8035714285714286,0.019746031746031737,0.018095238095238084
7.24982920059183,0.8392857142857142,0.020444444444444435,0.018031746031746024
7.24982920059183,0.875,0.019047619047619042,0.022158730158730145
7.24982920059183,0.9107142857142856,0.020444444444444435,0.020253968253968243
7.24982920059183,0.9464285714285714,0.01923809523809523,0.019555555555555548
7.24982920059183,0.9821428571428571,0.020825396825396816,0.022476190476190466
7.37065968726836,0.017857142857142856,0.02768253968253967,0.028507936507936496
7.37065968726836,0.05357142857142857,0.07009523809523806,0.06895238095238092
7.37065968726836,0.08928571428571427,0.04736507936507934,0.05073015873015871
7.37065968726836,0.125,0.0342222222222222,0.038476190476190456
7.37065968726836,0.1607142857142857,0.042793650793650766,0.0389206349206349
7.37065968726836,0.1964285714285714,0.038730158730158705,0.03911111111111109
7.37065968726836,0.23214285714285715,0.05104761904761902,0.04615873015873013
7.37065968726836,0.26785714285714285,0.059111111111111066,0.05796825396825394
7.37065968726836,0.30357142857142855,0.022349206349206337,0.023428571428571413
7.37065968726836,0.33928571428571425,0.013904761904761899,0.013460317460317455
7.37065968726836,0.375,0.014666666666666658,0.013079365079365073
7.37065968726836,0.4107142857142857,0.11536507936507931,0.1137777777777777
7.37065968726836,0.4464285714285714,0.05707936507936505,0.0613333333333333
7.37065968726836,0.4821428571428571,0.03898412698412697,0.040380952380952365
7.37065968726836,0.5178571428571428,0.03263492063492062,0.03434920634920633
7.37065968726836,0.5535714285714286,0.02806349206349205,0.026920634920634907
7.37065968726836,0.5892857142857142,0.02552380952380951,0.023873015873015862
7.37065968726836,0.625,0.024317460317460307,0.024444444444444432
7.37065968726836,0.6607142857142856,0.025079365079365066,0.026158730158730145
7.37065968726836,0.6964285714285714,0.023555555555555545,0.02393650793650793
7.37065968726836,0.7321428571428571,0.024507936507936492,0.0224126984126984
7.37065968726836,0.7678571428571428,0.02425396825396824,0.021206349206349194
7.37065968726836,0.8035714285714286,0.022095238095238084,0.022793650793650783
7.37065968726836,0.8392857142857142,0.026984126984126975,0.02958730158730157
7.37065968726836,0.875,0.025333333333333322,0.02914285714285713
7.37065968726836,0.9107142857142856,0.029968253968253953,0.028634920634920617
7.37065968726836,0.9464285714285714,0.025968253968253953,0.0271111111111111
7.37065968726836,0.9821428571428571,0.028317460317460304,0.025142857142857127
7.491490173944891,0.017857142857142856,0.02958730158730157,0.03168253968253967
7.491490173944891,0.05357142857142857,0.030476190476190466,0.03307936507936506
7.491490173944891,0.08928571428571427,0.031238095238095218,0.030349206349206334
7.491490173944891,0.125,0.030095238095238078,0.030857142857142843
7.491490173944891,0.1607142857142857,0.0337142857142857,0.03428571428571427
7.491490173944891,0.1964285714285714,0.03346031746031744,0.03333333333333331
7.491490173944891,0.23214285714285715,0.0384126984126984,0.039047619047619025
7.491490173944891,0.26785714285714285,0.070031746031746,0.0696507936507936
7.491490173944891,0.30357142857142855,0.022158730158730145,0.024507936507936492
7.491490173944891,0.33928571428571425,0.01574603174603174,0.015999999999999993
7.491490173944891,0.375,0.06698412698412695,0.06184126984126981
7.491490173944891,0.4107142857142857,0.07707936507936503,0.07085714285714283
7.491490173944891,0.4464285714285714,0.07358730158730155,0.07257142857142854
7.491490173944891,0.4821428571428571,0.03993650793650791,0.037460317460317444
7.491490173944891,0.5178571428571428,0.027301587301587285,0.026984126984126968
7.491490173944891,0.5535714285714286,0.024698412698412685,0.024952380952380938
7.491490173944891,0.5892857142857142,0.02565079365079364,0.026793650793650776
7.491490173944891,0.625,0.022476190476190466,0.024444444444444432
7.491490173944891,0.6607142857142856,0.02819047619047618,0.025714285714285703
7.491490173944891,0.6964285714285714,0.02323809523809523,0.022857142857142843
7.491490173944891,0.7321428571428571,0.02406349206349205,0.0271111111111111
7.491490173944891,0.7678571428571428,0.02514285714285713,0.025079365079365066
7.491490173944891,0.8035714285714286,0.024253968253968243,0.02698412698412697
7.491490173944891,0.8392857142857142,0.026158730158730145,0.025460317460317447
7.491490173944891,0.875,0.027365079365079353,0.024952380952380938
7.491490173944891,0.9107142857142856,0.058095238095238054,0.061396825396825366
7.491490173944891,0.9464285714285714,0.042095238095238074,0.0415238095238095
7.491490173944891,0.9821428571428571,0.02876190476190475,0.030222222222222206
7.612320660621421,0.017857142857142856,0.01892063492063491,0.017142857142857137
7.612320660621421,0.05357142857142857,0.01949206349206348,0.019174603174603164
7.612320660621421,0.08928571428571427,0.017650793650793646,0.01961904761904761
7.612320660621421,0.125,0.022857142857142847,0.021015873015873
7.612320660621421,0.1607142857142857,0.02114285714285713,0.023428571428571417
7.612320660621421,0.1964285714285714,0.025206349206349194,0.02368253968253967
7.612320660621421,0.23214285714285715,0.0641269841269841,0.0667301587301587
7.612320660621421,0.26785714285714285,0.04584126984126982,0.0434285714285714
7.612320660621421,0.30357142857142855,0.09898412698412692,0.09815873015873011
7.612320660621421,0.33928571428571425,0.01079365079365079,0.010222222222222218
7.612320660621421,0.375,0.10723809523809519,0.10533333333333328
7.612320660621421,0.4107142857142857,0.0427301587301587,0.04069841269841267
7.612320660621421,0.4464285714285714,0.040063492063492044,0.042031746031746
7.612320660621421,0.4821428571428571,0.0884444444444444,0.09612698412698409
7.612320660621421,0.5178571428571428,0.019809523809523794,0.018666666666666658
7.612320660621421,0.5535714285714286,0.01853968253968253,0.018476190476190466
7.612320660621421,0.5892857142857142,0.018031746031746024,0.018793650793650786
7.612320660621421,0.625,0.016761904761904752,0.017714285714285707
7.612320660621421,0.6607142857142856,0.017206349206349197,0.018158730158730145
7.612320660621421,0.6964285714285714,0.017460317460317454,0.01777777777777777
7.612320660621421,0.7321428571428571,0.01765079365079364,0.01834920634920634
7.612320660621421,0.7678571428571428,0.06279365079365076,0.06228571428571425
7.612320660621421,0.8035714285714286,0.0441269841269841,0.043682539682539656
7.612320660621421,0.8392857142857142,0.061015873015872996,0.05885714285714283
7.612320660621421,0.875,0.023238095238095224,0.01961904761904761
7.612320660621421,0.9107142857142856,0.020507936507936496,0.023111111111111096
7.612320660621421,0.9464285714285714,0.018984126984126975,0.019301587301587295
7.612320660621421,0.9821428571428571,0.02038095238095237,0.0184126984126984
7.733151147297952,0.017857142857142856,0.02787301587301586,0.02749206349206348
7.733151147297952,0.05357142857142857,0.028380952380952364,0.02850793650793649
7.733151147297952,0.08928571428571427,0.02888888888888887,0.02755555555555554
7.733151147297952,0.125,0.027809523809523798,0.028634920634920617
7.733151147297952,0.1607142857142857,0.02819047619047618,0.029523809523809508
7.733151147297952,0.1964285714285714,0.03219047619047618,0.0297142857142857
7.733151147297952,0.23214285714285715,0.03720634920634919,0.03720634920634919
7.733151147297952,0.26785714285714285,0.03930158730158728,0.039174603174603154
7.733151147297952,0.30357142857142855,0.06019047619047616,0.05657142857142854
7.733151147297952,0.33928571428571425,0.08584126984126977,0.08526984126984123
7.733151147297952,0.375,0.051047619047619015,0.05625396825396822
7.733151147297952,0.4107142857142857,0.04114285714285712,0.04139682539682537
7.733151147297952,0.4464285714285714,0.03771428571428569,0.03726984126984125
7.733151147297952,0.4821428571428571,0.03866666666666665,0.0363174603174603
7.733151147297952,0.5178571428571428,0.039619047619047595,0.0394285714285714
7.733151147297952,0.5535714285714286,0.04685714285714284,0.04355555555555554
7.733151147297952,0.5892857142857142,0.0257142857142857,0.0224126984126984
7.733151147297952,0.625,0.02609523809523808,0.029206349206349194
7.733151147297952,0.6607142857142856,0.05199999999999997,0.052253968253968226
7.733151147297952,0.6964285714285714,0.031936507936507916,0.033396825396825376
7.733151147297952,0.7321428571428571,0.027047619047619032,0.030920634920634904
7.733151147297952,0.7678571428571428,0.025079365079365066,0.02692063492063491
7.733151147297952,0.8035714285714286,0.025015873015873002,0.028444444444444425
7.733151147297952,0.8392857142857142,0.025142857142857127,0.025587301587301572
7.733151147297952,0.875,0.0217142857142857,0.022666666666666654
7.733151147297952,0.9107142857142856,0.023238095238095224,0.023111111111111096
7.733151147297952,0.9464285714285714,0.03390476190476189,0.030539682539682526
7.733151147297952,0.9821428571428571,0.03219047619047618,0.03066666666666665
7.853981633974483,0.017857142857142856,0.02565079365079364,0.025650793650793632
7.853981633974483,0.05357142857142857,0.025777777777777768,0.02253968253968253
7.853981633974483,0.08928571428571427,0.023047619047619036,0.021523809523809515
7.853981633974483,0.125,0.023174603174603164,0.024888888888888874
7.853981633974483,0.1607142857142857,0.03638095238095237,0.033396825396825376
7.853981633974483,0.1964285714285714,0.02787301587301586,0.033015873015873
7.853981633974483,0.23214285714285715,0.03453968253968252,0.03238095238095237
7.853981633974483,0.26785714285714285,0.032952380952380934,0.031238095238095225
7.853981633974483,0.30357142857142855,0.0408253968253968,0.04234920634920633
7.853981633974483,0.33928571428571425,0.12368253968253962,0.12660317460317452
7.853981633974483,0.375,0.042793650793650766,0.04501587301587299
7.853981633974483,0.4107142857142857,0.037460317460317444,0.0375238095238095
7.853981633974483,0.4464285714285714,0.03949206349206347,0.04146031746031744
7.853981633974483,0.4821428571428571,0.03320634920634919,0.0316190476190476
7.853981633974483,0.5178571428571428,0.028698412698412685,0.02552380952380951
7.853981633974483,0.5535714285714286,0.058158730158730125,0.06304761904761902
7.853981633974483,0.5892857142857142,0.047238095238095204,0.0436190476190476
7.853981633974483,0.625,0.05390476190476188,0.05314285714285712
7.853981633974483,0.6607142857142856,0.0297142857142857,0.028698412698412685
7.853981633974483,0.6964285714285714,0.02838095238095237,0.029523809523809508
7.853981633974483,0.7321428571428571,0.025396825396825383,0.023809523809523794
7.853981633974483,0.7678571428571428,0.02660317460317459,0.02565079365079364
7.853981633974483,0.8035714285714286,0.02552380952380951,0.024507936507936496
7.853981633974483,0.8392857142857142,0.024571428571428564,0.0271111111111111
7.853981633974483,0.875,0.029015873015873002,0.026603174603174587
7.853981633974483,0.9107142857142856,0.03250793650793649,0.032634920634920614
7.853981633974483,0.9464285714285714,0.020444444444444435,0.0231111111111111
7.853981633974483,0.9821428571428571,0.022984126984126975,0.023809523809523798
7.974812120651013,0.017857142857142856,0.02393650793650792,0.024444444444444432
7.974812120651013,0.05357142857142857,0.025079365079365066,0.023873015873015862
7.974812120651013,0.08928571428571427,0.021650793650793643,0.023428571428571417
7.974812120651013,0.125,0.021841269841269835,0.025079365079365066
7.974812120651013,0.1607142857142857,0.022857142857142843,0.023809523809523794
7.974812120651013,0.1964285714285714,0.026476190476190466,0.025650793650793632
7.974812120651013,0.23214285714285715,0.029777777777777768,0.026603174603174587
7.974812120651013,0.26785714285714285,0.03593650793650792,0.03130158730158729
7.974812120651013,0.30357142857142855,0.08863492063492058,0.08920634920634916
7.974812120651013,0.33928571428571425,0.08692063492063487,0.08698412698412693
7.974812120651013,0.375,0.05765079365079362,0.05650793650793647
7.974812120651013,0.4107142857142857,0.03358730158730157,0.032634920634920614
7.974812120651013,0.4464285714285714,0.05650793650793647,0.05999999999999997
7.974812120651013,0.4821428571428571,0.04920634920634918,0.047492063492063474
7.974812120651013,0.5178571428571428,0.04203174603174601,0.04393650793650791
7.974812120651013,0.5535714285714286,0.03568253968253967,0.036507936507936496
7.974812120651013,0.5892857142857142,0.035174603174603164,0.0332063492063492
7.974812120651013,0.625,0.032825396825396806,0.03155555555555553
7.974812120651013,0.6607142857142856,0.03365079365079363,0.0337142857142857
7.974812120651013,0.6964285714285714,0.03549206349206347,0.03580952380952379
7.974812120651013,0.7321428571428571,0.03777777777777776,0.0401269841269841
7.974812120651013,0.7678571428571428,0.024190476190476175,0.02393650793650792
7.974812120651013,0.8035714285714286,0.024571428571428557,0.02622222222222221
7.974812120651013,0.8392857142857142,0.0231111111111111,0.024507936507936496
7.974812120651013,0.875,0.02361904761904761,0.02203174603174602
7.974812120651013,0.9107142857142856,0.02355555555555554,0.023492063492063477
7.974812120651013,0.9464285714285714,0.022666666666666654,0.023111111111111096
7.974812120651013,0.9821428571428571,0.025587301587301575,0.024825396825396816
8.095642607327543,0.017857142857142856,0.020888888888888877,0.021015873015873
8.095642607327543,0.05357142857142857,0.0198095238095238,0.021396825396825386
8.095642607327543,0.08928571428571427,0.021269841269841258,0.023365079365079356
8.095642607327543,0.125,0.021396825396825383,0.023238095238095228
8.095642607327543,0.1607142857142857,0.020634920634920628,0.021777777777777767
8.095642607327543,0.1964285714285714,0.023238095238095224,0.02292063492063491
8.095642607327543,0.23214285714285715,0.02406349206349205,0.023428571428571417
8.095642607327543,0.26785714285714285,0.04831746031746029,0.04939682539682537
8.095642607327543,0.30357142857142855,0.09644444444444439,0.09326984126984122
8.095642607327543,0.33928571428571425,0.07066666666666663,0.07250793650793647
8.095642607327543,0.375,0.11568253968253964,0.11250793650793645
8.095642607327543,0.4107142857142857,0.04577777777777776,0.04584126984126982
8.095642607327543,0.4464285714285714,0.03758730158730157,0.03917460317460316
8.095642607327543,0.4821428571428571,0.03257142857142856,0.03638095238095237
8.095642607327543,0.5178571428571428,0.03015873015873015,0.030412698412698398
8.095642607327543,0.5535714285714286,0.0297142857142857,0.028571428571428557
8.095642607327543,0.5892857142857142,0.029079365079365063,0.027301587301587285
8.095642607327543,0.625,0.02749206349206348,0.023746031746031737
8.095642607327543,0.6607142857142856,0.02774603174603173,0.02495238095238094
8.095642607327543,0.6964285714285714,0.03415873015873014,0.033206349206349184
8.095642607327543,0.7321428571428571,0.03187301587301586,0.034095238095238074
8.095642607327543,0.7678571428571428,0.03174603174603173,0.0337142857142857
8.095642607327543,0.8035714285714286,0.03396825396825395,0.035809523809523784
8.095642607327543,0.8392857142857142,0.042666666666666644,0.04088888888888888
8.095642607327543,0.875,0.01923809523809523,0.018666666666666654
8.095642607327543,0.9107142857142856,0.019809523809523798,0.01942857142857142
8.095642607327543,0.9464285714285714,0.022349206349206337,0.019682539682539673
8.095642607327543,0.9821428571428571,0.021650793650793636,0.02330158730158729
8.216473094004074,0.017857142857142856,0.02158730158730158,0.021142857142857133
8.216473094004074,0.05357142857142857,0.022539682539682526,0.020380952380952375
8.216473094004074,0.08928571428571427,0.020634920634920624,0.02165079365079364
8.216473094004074,0.125,0.022666666666666658,0.022349206349206334
8.216473094004074,0.1607142857142857,0.02196825396825396,0.022285714285714277
8.216473094004074,0.1964285714285714,0.02203174603174602,0.02406349206349205
8.216473094004074,0.23214285714285715,0.024952380952380938,0.02349206349206348
8.216473094004074,0.26785714285714285,0.0714285714285714,0.06723809523809521
8.216473094004074,0.30357142857142855,0.08406349206349203,0.09066666666666662
8.216473094004074,0.33928571428571425,0.06850793650793646,0.06799999999999996
8.216473094004074,0.375,0.08285714285714281,0.08069841269841266
8.216473094004074,0.4107142857142857,0.06444444444444442,0.066031746031746
8.216473094004074,0.4464285714285714,0.03358730158730157,0.03739682539682538
8.216473094004074,0.4821428571428571,0.031174603174603157,0.032253968253968236
8.216473094004074,0.5178571428571428,0.028190476190476172,0.03047619047619046
8.216473094004074,0.5535714285714286,0.03396825396825395,0.03447619047619046
8.216473094004074,0.5892857142857142,0.02876190476190475,0.026539682539682523
8.216473094004074,0.625,0.029206349206349194,0.02647619047619046
8.216473094004074,0.6607142857142856,0.026857142857142843,0.02565079365079364
8.216473094004074,0.6964285714285714,0.025142857142857127,0.02495238095238094
8.216473094004074,0.7321428571428571,0.0264126984126984,0.027365079365079353
8.216473094004074,0.7678571428571428,0.025396825396825383,0.02419047619047618
8.216473094004074,0.8035714285714286,0.025904761904761892,0.027873015873015865
8.216473094004074,0.8392857142857142,0.029777777777777768,0.029015873015873002
8.216473094004074,0.875,0.03257142857142856,0.03142857142857142
8.216473094004074,0.9107142857142856,0.03079365079365078,0.028952380952380938
8.216473094004074,0.9464285714285714,0.03346031746031745,0.03599999999999998
8.216473094004074,0.9821428571428571,0.031111111111111096,0.028952380952380938
8.337303580680604,0.017857142857142856,0.025460317460317447,0.024507936507936492
8.337303580680604,0.05357142857142857,0.02628571428571427,0.02444444444444443
8.337303580680604,0.08928571428571427,0.030920634920634904,0.03104761904761904
8.337303580680604,0.125,0.025904761904761892,0.025714285714285703
8.337303580680604,0.1607142857142857,0.019746031746031737,0.019999999999999987
8.337303580680604,0.1964285714285714,0.019111111111111103,0.0198095238095238
8.337303580680604,0.23214285714285715,0.03104761904761904,0.03396825396825395
8.337303580680604,0.26785714285714285,0.13511111111111107,0.13053968253968246
8.337303580680604,0.30357142857142855,0.08203174603174598,0.08482539682539678
8.337303580680604,0.33928571428571425,0.07066666666666663,0.06653968253968251
8.337303580680604,0.375,0.05676190476190473,0.06095238095238092
8.337303580680604,0.4107142857142857,0.07339682539682536,0.07142857142857138
8.337303580680604,0.4464285714285714,0.02596825396825396,0.030222222222222206
8.337303580680604,0.4821428571428571,0.030158730158730145,0.03365079365079363
8.337303580680604,0.5178571428571428,0.02692063492063491,0.02755555555555554
8.337303580680604,0.5535714285714286,0.025396825396825383,0.02361904761904761
8.337303580680604,0.5892857142857142,0.032253968253968236,0.03034920634920633
8.337303580680604,0.625,0.02717460317460316,0.026920634920634907
8.337303580680604,0.6607142857142856,0.025841269841269825,0.025968253968253953
8.337303580680604,0.6964285714285714,0.023555555555555545,0.022222222222222213
8.337303580680604,0.7321428571428571,0.023809523809523794,0.02342857142857142
8.337303580680604,0.7678571428571428,0.024317460317460307,0.023873015873015862
8.337303580680604,0.8035714285714286,0.021206349206349194,0.02361904761904761
8.337303580680604,0.8392857142857142,0.02298412698412697,0.022476190476190466
8.337303580680604,0.875,0.023111111111111096,0.021523809523809515
8.337303580680604,0.9107142857142856,0.0231111111111111,0.023111111111111096
8.337303580680604,0.9464285714285714,0.022476190476190466,0.023365079365079353
8.337303580680604,0.9821428571428571,0.02526984126984126,0.024317460317460307
8.458134067357134,0.017857142857142856,0.0023492063492063483,0.0007619047619047615
8.458134067357134,0.05357142857142857,0.0024761904761904747,0.001396825396825396
8.458134067357134,0.08928571428571427,0.003428571428571427,0.0008888888888888885
8.458134067357134,0.125,0.0033650793650793634,0.0011428571428571425
8.458134067357134,0.1607142857142857,0.0033015873015873,0.001396825396825396
8.458134067357134,0.1964285714285714,0.0033015873015873,0.0015238095238095232
8.458134067357134,0.23214285714285715,0.8939047619047614,0.9597460317460312
8.458134067357134,0.26785714285714285,0.013269841269841261,0.004063492063492062
8.458134067357134,0.30357142857142855,0.006539682539682536,0.0026666666666666657
8.458134067357134,0.33928571428571425,0.00622222222222222,0.00165079365079365
8.458134067357134,0.375,0.00641269841269841,0.002920634920634919
8.458134067357134,0.4107142857142857,0.0072380952380952344,0.003111111111111109
8.458134067357134,0.4464285714285714,0.007047619047619045,0.0028571428571428554
8.458134067357134,0.4821428571428571,0.003555555555555554,0.0015238095238095232
8.458134067357134,0.5178571428571428,0.0026666666666666653,0.0008888888888888885
8.458134067357134,0.5535714285714286,0.0026031746031746016,0.0011428571428571423
8.458134067357134,0.5892857142857142,0.002730158730158729,0.0005714285714285711
8.458134067357134,0.625,0.0023492063492063483,0.0013333333333333326
8.458134067357134,0.6607142857142856,0.0026666666666666653,0.0008888888888888885
8.458134067357134,0.6964285714285714,0.002920634920634919,0.0009523809523809518
8.458134067357134,0.7321428571428571,0.002222222222222221,0.0010793650793650788
8.458134067357134,0.7678571428571428,0.003047619047619046,0.0010158730158730154
8.458134067357134,0.8035714285714286,0.0028571428571428554,0.0012063492063492057
8.458134067357134,0.8392857142857142,0.003111111111111109,0.0012063492063492055
8.458134067357134,0.875,0.0025396825396825384,0.0005079365079365077
8.458134067357134,0.9107142857142856,0.002603174603174602,0.0010793650793650786
8.458134067357134,0.9464285714285714,0.0026666666666666657,0.0013968253968253959
8.458134067357134,0.9821428571428571,0.002603174603174602,0.0010793650793650788
8.578964554033666,0.017857142857142856,0.002222222222222221,0.000698412698412698
8.578964554033666,0.05357142857142857,0.0023492063492063483,0.0010793650793650786
8.578964554033666,0.08928571428571427,0.003047619047619046,0.0009523809523809518
8.578964554033666,0.125,0.002920634920634919,0.0007619047619047615
8.578964554033666,0.1607142857142857,0.003555555555555554,0.0012698412698412692
8.578964554033666,0.1964285714285714,0.06222222222222219,0.023428571428571417
8.578964554033666,0.23214285714285715,0.8539047619047615,0.9461587301587299
8.578964554033666,0.26785714285714285,0.006793650793650791,0.002412698412698412
8.578964554033666,0.30357142857142855,0.0046984126984126965,0.0017142857142857135
8.578964554033666,0.33928571428571425,0.005269841269841267,0.0020317460317460312
8.578964554033666,0.375,0.005460317460317457,0.002222222222222221
8.578964554033666,0.4107142857142857,0.007111111111111108,0.0022222222222222214
8.578964554033666,0.4464285714285714,0.008380952380952376,0.0033015873015873
8.578964554033666,0.4821428571428571,0.0026666666666666657,0.0010158730158730154
8.578964554033666,0.5178571428571428,0.0018412698412698404,0.0008888888888888885
8.578964554033666,0.5535714285714286,0.002031746031746031,0.00044444444444444425
8.578964554033666,0.5892857142857142,0.002222222222222221,0.0008888888888888885
8.578964554033666,0.625,0.0026666666666666657,0.0005079365079365077
8.578964554033666,0.6607142857142856,0.002031746031746031,0.0015873015873015864
8.578964554033666,0.6964285714285714,0.002349206349206348,0.0011428571428571423
8.578964554033666,0.7321428571428571,0.0019047619047619037,0.0007619047619047615
8.578964554033666,0.7678571428571428,0.0016507936507936499,0.0006349206349206345
8.578964554033666,0.8035714285714286,0.0023492063492063483,0.0005714285714285711
8.578964554033666,0.8392857142857142,0.002222222222222221,0.0005079365079365077
8.578964554033666,0.875,0.0018412698412698404,0.0006349206349206346
8.578964554033666,0.9107142857142856,0.0021587301587301573,0.0008888888888888885
8.578964554033666,0.9464285714285714,0.0024761904761904747,0.0008888888888888885
8.578964554033666,0.9821428571428571,0.00165079365079365,0.0003809523809523808
8.699795040710196,0.017857142857142856,0.0022857142857142846,0.0005714285714285711
8.699795040710196,0.05357142857142857,0.0019682539682539676,0.0008253968253968249
8.699795040710196,0.08928571428571427,0.0010158730158730154,0.0006349206349206346
8.699795040710196,0.125,0.002222222222222221,0.0009523809523809521
8.699795040710196,0.1607142857142857,0.001396825396825396,0.00044444444444444414
8.699795040710196,0.1964285714285714,0.473206349206349,0.4923809523809521
8.699795040710196,0.23214285714285715,0.45314285714285696,0.4806349206349204
8.699795040710196,0.26785714285714285,0.004698412698412696,0.0012063492063492055
8.699795040710196,0.30357142857142855,0.0043174603174603145,0.0015238095238095228
8.699795040710196,0.33928571428571425,0.004952380952380949,0.00165079365079365
8.699795040710196,0.375,0.004634920634920632,0.0014603174603174595
8.699795040710196,0.4107142857142857,0.004190476190476189,0.0021587301587301577
8.699795040710196,0.4464285714285714,0.004825396825396823,0.002793650793650792
8.699795040710196,0.4821428571428571,0.005396825396825394,0.0020317460317460304
8.699795040710196,0.5178571428571428,0.0033650793650793634,0.0011428571428571423
8.699795040710196,0.5535714285714286,0.0026666666666666657,0.0008888888888888885
8.699795040710196,0.5892857142857142,0.003555555555555554,0.0010793650793650786
8.699795040710196,0.625,0.0028571428571428554,0.0009523809523809518
8.699795040710196,0.6607142857142856,0.0018412698412698404,0.0006984126984126979
8.699795040710196,0.6964285714285714,0.0014603174603174595,0.0007619047619047616
8.699795040710196,0.7321428571428571,0.0017777777777777766,0.0005714285714285711
8.699795040710196,0.7678571428571428,0.002349206349206348,0.0007619047619047615
8.699795040710196,0.8035714285714286,0.0019047619047619037,0.0006984126984126979
8.699795040710196,0.8392857142857142,0.002031746031746031,0.0006349206349206345
8.699795040710196,0.875,0.0022857142857142846,0.00025396825396825385
8.699795040710196,0.9107142857142856,0.002095238095238094,0.000698412698412698
8.699795040710196,0.9464285714285714,0.001587301587301586,0.0010158730158730156
8.699795040710196,0.9821428571428571,0.0019682539682539676,0.0005714285714285713
8.820625527386726,0.017857142857142856,0.002222222222222221,0.0007619047619047616
8.820625527386726,0.05357142857142857,0.0017142857142857138,0.0006984126984126979
8.820625527386726,0.08928571428571427,0.0012698412698412692,0.0008888888888888885
8.820625527386726,0.125,0.0017142857142857135,0.00044444444444444414
8.820625527386726,0.1607142857142857,0.17676190476190465,0.18304761904761896
8.820625527386726,0.1964285714285714,0.41180952380952357,0.4246984126984124
8.820625527386726,0.23214285714285715,0.1779682539682539,0.19384126984126973
8.820625527386726,0.26785714285714285,0.17174603174603165,0.1765714285714285
8.820625527386726,0.30357142857142855,0.0031746031746031733,0.0010158730158730152
8.820625527386726,0.33928571428571425,0.002920634920634919,0.0011428571428571425
8.820625527386726,0.375,0.0033650793650793634,0.0013333333333333326
8.820625527386726,0.4107142857142857,0.0030476190476190455,0.0010793650793650786
8.820625527386726,0.4464285714285714,0.0033650793650793643,0.0017142857142857135
8.820625527386726,0.4821428571428571,0.009079365079365076,0.003047619047619046
8.820625527386726,0.5178571428571428,0.00165079365079365,0.0006984126984126979
8.820625527386726,0.5535714285714286,0.0010158730158730152,0.000825396825396825
8.820625527386726,0.5892857142857142,0.002412698412698412,0.0009523809523809518
8.820625527386726,0.625,0.0026666666666666653,0.0005714285714285711
8.820625527386726,0.6607142857142856,0.002285714285714285,0.0003809523809523808
8.820625527386726,0.6964285714285714,0.0022857142857142846,0.000698412698412698
8.820625527386726,0.7321428571428571,0.002920634920634919,0.0010158730158730154
8.820625527386726,0.7678571428571428,0.002476190476190475,0.001206349206349206
8.820625527386726,0.8035714285714286,0.003238095238095236,0.0013333333333333329
8.820625527386726,0.8392857142857142,0.0013333333333333326,0.00038095238095238075
8.820625527386726,0.875,0.0019682539682539676,0.00044444444444444425
8.820625527386726,0.9107142857142856,0.0016507936507936499,0.0005079365079365077
8.820625527386726,0.9464285714285714,0.001777777777777777,0.00038095238095238075
8.820625527386726,0.9821428571428571,0.0021587301587301573,0.0003174603174603173
8.941456014063258,0.017857142857142856,0.009269841269841267,0.01136507936507936
8.941456014063258,0.05357142857142857,0.010539682539682535,0.009587301587301582
8.941456014063258,0.08928571428571427,0.009650793650793644,0.01041269841269841
8.941456014063258,0.125,0.009841269841269836,0.009841269841269836
8.941456014063258,0.1607142857142857,0.15041269841269836,0.14514285714285705
8.941456014063258,0.1964285714285714,0.08285714285714281,0.08552380952380949
8.941456014063258,0.23214285714285715,0.07625396825396823,0.0752380952380952
8.941456014063258,0.26785714285714285,0.07447619047619045,0.07250793650793647
8.941456014063258,0.30357142857142855,0.09549206349206345,0.096063492063492
8.941456014063258,0.33928571428571425,0.07041269841269837,0.06717460317460312
8.941456014063258,0.375,0.04933333333333331,0.05180952380952378
8.941456014063258,0.4107142857142857,0.040952380952380935,0.038349206349206334
8.941456014063258,0.4464285714285714,0.02958730158730157,0.032253968253968236
8.941456014063258,0.4821428571428571,0.039111111111111097,0.03860317460317458
8.941456014063258,0.5178571428571428,0.03536507936507934,0.03784126984126982
8.941456014063258,0.5535714285714286,0.01434920634920634,0.015682539682539673
8.941456014063258,0.5892857142857142,0.01631746031746031,0.015174603174603167
8.941456014063258,0.625,0.018031746031746024,0.014730158730158724
8.941456014063258,0.6607142857142856,0.015619047619047609,0.016126984126984118
8.941456014063258,0.6964285714285714,0.015555555555555545,0.017142857142857133
8.941456014063258,0.7321428571428571,0.015111111111111103,0.015492063492063486
8.941456014063258,0.7678571428571428,0.01707936507936507,0.016126984126984115
8.941456014063258,0.8035714285714286,0.017523809523809514,0.017587301587301582
8.941456014063258,0.8392857142857142,0.018158730158730152,0.019746031746031737
8.941456014063258,0.875,0.021714285714285703,0.023174603174603167
8.941456014063258,0.9107142857142856,0.01282539682539682,0.0132063492063492
8.941456014063258,0.9464285714285714,0.015492063492063482,0.01523809523809523
8.941456014063258,0.9821428571428571,0.018666666666666654,0.018857142857142843
9.062286500739788,0.017857142857142856,0.014603174603174597,0.01599999999999999
9.062286500739788,0.05357142857142857,0.016063492063492054,0.015428571428571422
9.062286500739788,0.08928571428571427,0.015682539682539676,0.01409523809523809
9.062286500739788,0.125,0.08526984126984122,0.08038095238095236
9.062286500739788,0.1607142857142857,0.09504761904761899,0.09968253968253962
9.062286500739788,0.1964285714285714,0.058476190476190446,0.06507936507936504
9.062286500739788,0.23214285714285715,0.057841269841269805,0.05987301587301584
9.062286500739788,0.26785714285714285,0.05149206349206346,0.052507936507936476
9.062286500739788,0.30357142857142855,0.05288888888888885,0.05358730158730155
9.062286500739788,0.33928571428571425,0.05307936507936505,0.053396825396825366
9.062286500739788,0.375,0.06552380952380948,0.06609523809523805
9.062286500739788,0.4107142857142857,0.0554285714285714,0.054031746031746014
9.062286500739788,0.4464285714285714,0.033587301587301575,0.030285714285714267
9.062286500739788,0.4821428571428571,0.03663492063492061,0.03606349206349205
9.062286500739788,0.5178571428571428,0.056380952380952344,0.05466666666666664
9.062286500739788,0.5535714285714286,0.018222222222222213,0.020444444444444435
9.062286500739788,0.5892857142857142,0.018158730158730152,0.019238095238095228
9.062286500739788,0.625,0.020063492063492054,0.017333333333333326
9.062286500739788,0.6607142857142856,0.018031746031746024,0.018857142857142847
9.062286500739788,0.6964285714285714,0.019111111111111103,0.01815873015873015
9.062286500739788,0.7321428571428571,0.018222222222222213,0.01688888888888888
9.062286500739788,0.7678571428571428,0.020444444444444432,0.01898412698412698
9.062286500739788,0.8035714285714286,0.020317460317460307,0.020317460317460307
9.062286500739788,0.8392857142857142,0.021777777777777767,0.022666666666666654
9.062286500739788,0.875,0.03130158730158728,0.030222222222222213
9.062286500739788,0.9107142857142856,0.015619047619047609,0.014603174603174597
9.062286500739788,0.9464285714285714,0.016571428571428563,0.01593650793650793
9.062286500739788,0.9821428571428571,0.014158730158730152,0.015174603174603167
9.183116987416318,0.017857142857142856,0.016825396825396816,0.0165079365079365
9.183116987416318,0.05357142857142857,0.01726984126984126,0.018031746031746024
9.183116987416318,0.08928571428571427,0.01923809523809523,0.01898412698412698
9.183116987416318,0.125,0.1044444444444444,0.1037460317460317
9.183116987416318,0.1607142857142857,0.06120634920634918,0.06298412698412695
9.183116987416318,0.1964285714285714,0.05187301587301584,0.050539682539682516
9.183116987416318,0.23214285714285715,0.049650793650793626,0.046793650793650776
9.183116987416318,0.26785714285714285,0.045523809523809494,0.047174603174603154
9.183116987416318,0.30357142857142855,0.04939682539682537,0.04653968253968252
9.183116987416318,0.33928571428571425,0.04698412698412696,0.05142857142857141
9.183116987416318,0.375,0.05130158730158727,0.04825396825396823
9.183116987416318,0.4107142857142857,0.04622222222222219,0.043682539682539656
9.183116987416318,0.4464285714285714,0.05104761904761902,0.053396825396825366
9.183116987416318,0.4821428571428571,0.06876190476190472,0.06977777777777774
9.183116987416318,0.5178571428571428,0.0427301587301587,0.043682539682539656
9.183116987416318,0.5535714285714286,0.053968253968253936,0.05695238095238093
9.183116987416318,0.5892857142857142,0.021777777777777767,0.020634920634920624
9.183116987416318,0.625,0.02158730158730158,0.021396825396825386
9.183116987416318,0.6607142857142856,0.019682539682539673,0.016952380952380944
9.183116987416318,0.6964285714285714,0.02031746031746031,0.019174603174603164
9.183116987416318,0.7321428571428571,0.021650793650793636,0.023809523809523798
9.183116987416318,0.7678571428571428,0.021396825396825386,0.023746031746031734
9.183116987416318,0.8035714285714286,0.016126984126984118,0.015999999999999993
9.183116987416318,0.8392857142857142,0.015047619047619039,0.01638095238095237
9.183116987416318,0.875,0.01593650793650793,0.016063492063492054
9.183116987416318,0.9107142857142856,0.014984126984126976,0.016761904761904752
9.183116987416318,0.9464285714285714,0.01726984126984126,0.014412698412698405
9.183116987416318,0.9821428571428571,0.017777777777777767,0.016190476190476186
9.303947474092848,0.017857142857142856,0.017015873015873005,0.018793650793650786
9.303947474092848,0.05357142857142857,0.017460317460317454,0.016063492063492057
9.303947474092848,0.08928571428571427,0.06495238095238093,0.06501587301587299
9.303947474092848,0.125,0.06241269841269839,0.06406349206349203
9.303947474092848,0.1607142857142857,0.04749206349206347,0.04577777777777776
9.303947474092848,0.1964285714285714,0.04114285714285712,0.04615873015873014
9.303947474092848,0.23214285714285715,0.03942857142857141,0.044126984126984105
9.303947474092848,0.26785714285714285,0.03828571428571426,0.0394285714285714
9.303947474092848,0.30357142857142855,0.04057142857142856,0.041015873015873
9.303947474092848,0.33928571428571425,0.038603174603174584,0.04044444444444442
9.303947474092848,0.375,0.04304761904761903,0.04038095238095236
9.303947474092848,0.4107142857142857,0.045269841269841245,0.046730158730158705
9.303947474092848,0.4464285714285714,0.04285714285714284,0.04050793650793648
9.303947474092848,0.4821428571428571,0.05053968253968252,0.0469206349206349
9.303947474092848,0.5178571428571428,0.053206349206349174,0.05231746031746029
9.303947474092848,0.5535714285714286,0.08152380952380948,0.08158730158730154
9.303947474092848,0.5892857142857142,0.05765079365079362,0.05650793650793647
9.303947474092848,0.625,0.019555555555555548,0.01873015873015872
9.303947474092848,0.6607142857142856,0.021523809523809515,0.020317460317460307
9.303947474092848,0.6964285714285714,0.021396825396825386,0.01904761904761904
9.303947474092848,0.7321428571428571,0.018793650793650786,0.019365079365079356
9.303947474092848,0.7678571428571428,0.020444444444444432,0.021142857142857133
9.303947474092848,0.8035714285714286,0.025650793650793636,0.02342857142857142
9.303947474092848,0.8392857142857142,0.02273015873015872,0.02368253968253967
9.303947474092848,0.875,0.01758730158730158,0.017333333333333326
9.303947474092848,0.9107142857142856,0.017015873015873005,0.017587301587301582
9.303947474092848,0.9464285714285714,0.017650793650793643,0.015746031746031737
9.303947474092848,0.9821428571428571,0.016190476190476186,0.01777777777777777
9.42477796076938,0.017857142857142856,0.01593650793650793,0.017714285714285707
9.42477796076938,0.05357142857142857,0.016253968253968243,0.016444444444444435
9.42477796076938,0.08928571428571427,0.09066666666666662,0.09092063492063487
9.42477796076938,0.125,0.05358730158730156,0.053206349206349174
9.42477796076938,0.1607142857142857,0.04342857142857141,0.045396825396825366
9.42477796076938,0.1964285714285714,0.0448253968253968,0.041396825396825376
9.42477796076938,0.23214285714285715,0.03930158730158728,0.04234920634920633
9.42477796076938,0.26785714285714285,0.03949206349206347,0.03936507936507935
9.42477796076938,0.30357142857142855,0.04101587301587299,0.04419047619047617
9.42477796076938,0.33928571428571425,0.03682539682539681,0.03599999999999998
9.42477796076938,0.375,0.036698412698412675,0.035555555555555535
9.42477796076938,0.4107142857142857,0.040380952380952365,0.03663492063492062
9.42477796076938,0.4464285714285714,0.03726984126984126,0.038666666666666655
9.42477796076938,0.4821428571428571,0.04196825396825395,0.04234920634920633
9.42477796076938,0.5178571428571428,0.05085714285714283,0.04990476190476188
9.42477796076938,0.5535714285714286,0.057460317460317434,0.05866666666666663
9.42477796076938,0.5892857142857142,0.059238095238095215,0.05599999999999997
9.42477796076938,0.625,0.026666666666666655,0.029650793650793636
9.42477796076938,0.6607142857142856,0.030222222222222206,0.03130158730158729
9.42477796076938,0.6964285714285714,0.04234920634920633,0.03917460317460316
9.42477796076938,0.7321428571428571,0.043619047619047585,0.043873015873015855
9.42477796076938,0.7678571428571428,0.013904761904761899,0.015365079365079356
9.42477796076938,0.8035714285714286,0.015111111111111103,0.015682539682539673
9.42477796076938,0.8392857142857142,0.016126984126984118,0.014730158730158724
9.42477796076938,0.875,0.01688888888888888,0.014666666666666654
9.42477796076938,0.9107142857142856,0.017142857142857137,0.01593650793650793
9.42477796076938,0.9464285714285714,0.01688888888888888,0.016634920634920627
9.42477796076938,0.9821428571428571,0.015873015873015865,0.01822222222222221
9.54560844744591,0.017857142857142856,0.020825396825396816,0.021015873015873005
9.54560844744591,0.05357142857142857,0.06196825396825394,0.06063492063492061
9.54560844744591,0.08928571428571427,0.05142857142857141,0.05301587301587299
9.54560844744591,0.125,0.04114285714285712,0.04285714285714284
9.54560844744591,0.1607142857142857,0.03853968253968251,0.03834920634920633
9.54560844744591,0.1964285714285714,0.0394285714285714,0.03796825396825395
9.54560844744591,0.23214285714285715,0.0358095238095238,0.03561904761904759
9.54560844744591,0.26785714285714285,0.03587301587301586,0.03257142857142856
9.54560844744591,0.30357142857142855,0.035238095238095214,0.03834920634920633
9.54560844744591,0.33928571428571425,0.04304761904761903,0.04488888888888887
9.54560844744591,0.375,0.03834920634920633,0.03695238095238093
9.54560844744591,0.4107142857142857,0.038666666666666655,0.03879365079365077
9.54560844744591,0.4464285714285714,0.03384126984126982,0.0363174603174603
9.54560844744591,0.4821428571428571,0.037460317460317444,0.035174603174603164
9.54560844744591,0.5178571428571428,0.0408253968253968,0.039682539682539666
9.54560844744591,0.5535714285714286,0.04177777777777776,0.0434285714285714
9.54560844744591,0.5892857142857142,0.06158730158730155,0.0611428571428571
9.54560844744591,0.625,0.04088888888888888,0.04234920634920633
9.54560844744591,0.6607142857142856,0.021714285714285703,0.02387301587301586
9.54560844744591,0.6964285714285714,0.02495238095238094,0.024952380952380934
9.54560844744591,0.7321428571428571,0.02634920634920633,0.025904761904761892
9.54560844744591,0.7678571428571428,0.027111111111111096,0.025460317460317447
9.54560844744591,0.8035714285714286,0.028952380952380938,0.02825396825396824
9.54560844744591,0.8392857142857142,0.033269841269841255,0.03568253968253966
9.54560844744591,0.875,0.03403174603174602,0.03473015873015871
9.54560844744591,0.9107142857142856,0.03244444444444442,0.028634920634920617
9.54560844744591,0.9464285714285714,0.01638095238095237,0.015301587301587295
9.54560844744591,0.9821428571428571,0.01809523809523809,0.018095238095238084
9.66643893412244,0.017857142857142856,0.03720634920634918,0.039047619047619025
9.66643893412244,0.05357142857142857,0.0967619047619047,0.09250793650793646
9.66643893412244,0.08928571428571427,0.05707936507936505,0.05473015873015871
9.66643893412244,0.125,0.03949206349206347,0.038603174603174584
9.66643893412244,0.1607142857142857,0.03777777777777776,0.04171428571428568
9.66643893412244,0.1964285714285714,0.038603174603174584,0.041206349206349184
9.66643893412244,0.23214285714285715,0.03619047619047617,0.03466666666666665
9.66643893412244,0.26785714285714285,0.03396825396825395,0.03377777777777776
9.66643893412244,0.30357142857142855,0.0323174603174603,0.03415873015873014
9.66643893412244,0.33928571428571425,0.030730158730158712,0.03257142857142856
9.66643893412244,0.375,0.03066666666666665,0.031999999999999994
9.66643893412244,0.4107142857142857,0.034412698412698395,0.033015873015873
9.66643893412244,0.4464285714285714,0.034349206349206324,0.029523809523809508
9.66643893412244,0.4821428571428571,0.031365079365079346,0.032634920634920614
9.66643893412244,0.5178571428571428,0.032063492063492044,0.035174603174603164
9.66643893412244,0.5535714285714286,0.03758730158730157,0.03504761904761902
9.66643893412244,0.5892857142857142,0.04355555555555554,0.04342857142857141
9.66643893412244,0.625,0.05968253968253964,0.05974603174603172
9.66643893412244,0.6607142857142856,0.024698412698412685,0.024444444444444435
9.66643893412244,0.6964285714285714,0.022158730158730145,0.020825396825396816
9.66643893412244,0.7321428571428571,0.02476190476190475,0.023111111111111103
9.66643893412244,0.7678571428571428,0.023746031746031737,0.023809523809523798
9.66643893412244,0.8035714285714286,0.024444444444444425,0.026158730158730145
9.66643893412244,0.8392857142857142,0.02412698412698412,0.023682539682539673
9.66643893412244,0.875,0.024825396825396813,0.024507936507936496
9.66643893412244,0.9107142857142856,0.025206349206349194,0.024253968253968243
9.66643893412244,0.9464285714285714,0.029206349206349194,0.03193650793650792
9.66643893412244,0.9821428571428571,0.033015873015873005,0.0337142857142857
9.787269420798971,0.017857142857142856,0.079047619047619,0.08311111111111107
9.787269420798971,0.05357142857142857,0.059619047619047585,0.058730158730158695
9.787269420798971,0.08928571428571427,0.055174603174603154,0.05892063492063488
9.787269420798971,0.125,0.0639365079365079,0.062158730158730115
9.787269420798971,0.1607142857142857,0.06431746031746027,0.06787301587301584
9.787269420798971,0.1964285714285714,0.04520634920634919,0.04660317460317457
9.787269420798971,0.23214285714285715,0.04476190476190474,0.044380952380952354
9.787269420798971,0.26785714285714285,0.03212698412698411,0.032253968253968236
9.787269420798971,0.30357142857142855,0.03073015873015872,0.030285714285714273
9.787269420798971,0.33928571428571425,0.028888888888888877,0.028634920634920617
9.787269420798971,0.375,0.0316190476190476,0.027999999999999987
9.787269420798971,0.4107142857142857,0.030349206349206334,0.03307936507936506
9.787269420798971,0.4464285714285714,0.03269841269841268,0.03498412698412697
9.787269420798971,0.4821428571428571,0.03479365079365078,0.03663492063492061
9.787269420798971,0.5178571428571428,0.029904761904761892,0.031174603174603157
9.787269420798971,0.5535714285714286,0.0337142857142857,0.0297142857142857
9.787269420798971,0.5892857142857142,0.03479365079365078,0.03339682539682538
9.787269420798971,0.625,0.04546031746031744,0.04355555555555553
9.787269420798971,0.6607142857142856,0.034730158730158715,0.03606349206349205
9.787269420798971,0.6964285714285714,0.022158730158730145,0.0205079365079365
9.787269420798971,0.7321428571428571,0.020825396825396816,0.019809523809523798
9.787269420798971,0.7678571428571428,0.020825396825396816,0.018412698412698405
9.787269420798971,0.8035714285714286,0.02095238095238094,0.01853968253968253
9.787269420798971,0.8392857142857142,0.020825396825396816,0.01892063492063491
9.787269420798971,0.875,0.020634920634920628,0.02038095238095237
9.787269420798971,0.9107142857142856,0.0191111111111111,0.02025396825396824
9.787269420798971,0.9464285714285714,0.0224126984126984,0.022031746031746024
9.787269420798971,0.9821428571428571,0.02038095238095237,0.021587301587301575
9.908099907475501,0.017857142857142856,0.08590476190476187,0.08349206349206345
9.908099907475501,0.05357142857142857,0.05428571428571426,0.0542222222222222
9.908099907475501,0.08928571428571427,0.04565079365079363,0.04539682539682537
9.908099907475501,0.125,0.041206349206349184,0.04463492063492061
9.908099907475501,0.1607142857142857,0.039365079365079346,0.04126984126984125
9.908099907475501,0.1964285714285714,0.040317460317460294,0.04565079365079363
9.908099907475501,0.23214285714285715,0.045142857142857123,0.03853968253968252
9.908099907475501,0.26785714285714285,0.0429206349206349,0.045587301587301565
9.908099907475501,0.30357142857142855,0.04685714285714283,0.05142857142857141
9.908099907475501,0.33928571428571425,0.0639365079365079,0.060888888888888854
9.908099907475501,0.375,0.046476190476190456,0.04317460317460315
9.908099907475501,0.4107142857142857,0.028888888888888877,0.026857142857142843
9.908099907475501,0.4464285714285714,0.02692063492063491,0.02736507936507935
9.908099907475501,0.4821428571428571,0.02704761904761903,0.029841269841269828
9.908099907475501,0.5178571428571428,0.02723809523809522,0.02717460317460316
9.908099907475501,0.5535714285714286,0.03142857142857142,0.03149206349206348
9.908099907475501,0.5892857142857142,0.03511111111111109,0.03663492063492061
9.908099907475501,0.625,0.03441269841269839,0.03606349206349205
9.908099907475501,0.6607142857142856,0.050603174603174574,0.04914285714285711
9.908099907475501,0.6964285714285714,0.018603174603174597,0.018793650793650783
9.908099907475501,0.7321428571428571,0.02165079365079364,0.018285714285714277
9.908099907475501,0.7678571428571428,0.019365079365079356,0.020317460317460307
9.908099907475501,0.8035714285714286,0.0184126984126984,0.018095238095238088
9.908099907475501,0.8392857142857142,0.017206349206349197,0.016444444444444435
9.908099907475501,0.875,0.0172063492063492,0.017777777777777767
9.908099907475501,0.9107142857142856,0.018603174603174594,0.017523809523809514
9.908099907475501,0.9464285714285714,0.018095238095238084,0.017206349206349197
9.908099907475501,0.9821428571428571,0.03714285714285712,0.036698412698412675
10.028930394152031,0.017857142857142856,0.05396825396825394,0.05199999999999998
10.028930394152031,0.05357142857142857,0.04711111111111108,0.04844444444444442
10.028930394152031,0.08928571428571427,0.039682539682539666,0.03803174603174601
10.028930394152031,0.125,0.035873015873015855,0.036317460317460304
10.028930394152031,0.1607142857142857,0.03485714285714284,0.0356190476190476
10.028930394152031,0.1964285714285714,0.034095238095238074,0.034857142857142843
10.028930394152031,0.23214285714285715,0.03257142857142856,0.03511111111111109
10.028930394152031,0.26785714285714285,0.032380952380952364,0.03403174603174601
10.028930394152031,0.30357142857142855,0.03390476190476189,0.03663492063492062
10.028930394152031,0.33928571428571425,0.03739682539682538,0.03244444444444442
10.028930394152031,0.375,0.03580952380952379,0.0375238095238095
10.028930394152031,0.4107142857142857,0.03923809523809521,0.03923809523809521
10.028930394152031,0.4464285714285714,0.040507936507936486,0.041333333333333305
10.028930394152031,0.4821428571428571,0.061460317460317423,0.05644444444444441
10.028930394152031,0.5178571428571428,0.04698412698412696,0.044380952380952354
10.028930394152031,0.5535714285714286,0.028571428571428557,0.030285714285714273
10.028930394152031,0.5892857142857142,0.03212698412698411,0.032190476190476165
10.028930394152031,0.625,0.03365079365079363,0.03511111111111109
10.028930394152031,0.6607142857142856,0.043238095238095214,0.04444444444444442
10.028930394152031,0.6964285714285714,0.04317460317460316,0.04057142857142854
10.028930394152031,0.7321428571428571,0.020888888888888877,0.021396825396825383
10.028930394152031,0.7678571428571428,0.022476190476190466,0.023999999999999987
10.028930394152031,0.8035714285714286,0.017587301587301582,0.020126984126984118
10.028930394152031,0.8392857142857142,0.02095238095238094,0.01815873015873015
10.028930394152031,0.875,0.019999999999999993,0.018857142857142847
10.028930394152031,0.9107142857142856,0.020126984126984118,0.021396825396825383
10.028930394152031,0.9464285714285714,0.02234920634920634,0.020126984126984118
10.028930394152031,0.9821428571428571,0.06901587301587297,0.07092063492063487
10.149760880828563,0.017857142857142856,0.04457142857142855,0.04273015873015871
10.149760880828563,0.05357142857142857,0.039047619047619025,0.03911111111111109
10.149760880828563,0.08928571428571427,0.03809523809523808,0.037777777777777764
10.149760880828563,0.125,0.033396825396825376,0.035746031746031734
10.149760880828563,0.1607142857142857,0.03663492063492062,0.032063492063492044
10.149760880828563,0.1964285714285714,0.03523809523809523,0.03479365079365078
10.149760880828563,0.23214285714285715,0.031682539682539666,0.033269841269841255
10.149760880828563,0.26785714285714285,0.03250793650793649,0.032063492063492044
10.149760880828563,0.30357142857142855,0.035873015873015855,0.03536507936507935
10.149760880828563,0.33928571428571425,0.03314285714285712,0.0325079365079365
10.149760880828563,0.375,0.033015873015873,0.03295238095238094
10.149760880828563,0.4107142857142857,0.03365079365079363,0.03238095238095237
10.149760880828563,0.4464285714285714,0.033523809523809504,0.038603174603174584
10.149760880828563,0.4821428571428571,0.03682539682539681,0.035301587301587285
10.149760880828563,0.5178571428571428,0.04146031746031745,0.042539682539682516
10.149760880828563,0.5535714285714286,0.04660317460317458,0.049206349206349184
10.149760880828563,0.5892857142857142,0.05307936507936505,0.051174603174603144
10.149760880828563,0.625,0.038793650793650776,0.03720634920634919
10.149760880828563,0.6607142857142856,0.04476190476190473,0.04641269841269838
10.149760880828563,0.6964285714285714,0.0646349206349206,0.0632380952380952
10.149760880828563,0.7321428571428571,0.01949206349206348,0.019682539682539676
10.149760880828563,0.7678571428571428,0.017142857142857137,0.018285714285714277
10.149760880828563,0.8035714285714286,0.017523809523809514,0.01923809523809523
10.149760880828563,0.8392857142857142,0.02520634920634919,0.022984126984126975
10.149760880828563,0.875,0.018476190476190466,0.01638095238095237
10.149760880828563,0.9107142857142856,0.015555555555555548,0.016825396825396816
10.149760880828563,0.9464285714285714,0.035619047619047606,0.03809523809523808
10.149760880828563,0.9821428571428571,0.06444444444444442,0.06406349206349203
10.270591367505093,0.017857142857142856,0.039111111111111097,0.040888888888888864
10.270591367505093,0.05357142857142857,0.03047619047619046,0.03428571428571427
10.270591367505093,0.08928571428571427,0.03307936507936506,0.03460317460317459
10.270591367505093,0.125,0.031936507936507916,0.030666666666666644
10.270591367505093,0.1607142857142857,0.03009523809523808,0.030349206349206334
10.270591367505093,0.1964285714285714,0.03111111111111109,0.029904761904761892
10.270591367505093,0.23214285714285715,0.03066666666666665,0.03060317460317459
10.270591367505093,0.26785714285714285,0.028888888888888877,0.02787301587301586
10.270591367505093,0.30357142857142855,0.03276190476190474,0.031174603174603157
10.270591367505093,0.33928571428571425,0.0316190476190476,0.030158730158730145
10.270591367505093,0.375,0.033015873015873005,0.033587301587301575
10.270591367505093,0.4107142857142857,0.04190476190476188,0.039746031746031724
10.270591367505093,0.4464285714285714,0.04609523809523807,0.04438095238095236
10.270591367505093,0.4821428571428571,0.03428571428571428,0.03561904761904759
10.270591367505093,0.5178571428571428,0.03536507936507935,0.03352380952380951
10.270591367505093,0.5535714285714286,0.037142857142857116,0.03568253968253967
10.270591367505093,0.5892857142857142,0.03815873015873014,0.03606349206349205
10.270591367505093,0.625,0.04323809523809522,0.04171428571428569
10.270591367505093,0.6607142857142856,0.05866666666666663,0.05720634920634918
10.270591367505093,0.6964285714285714,0.042666666666666644,0.04711111111111109
10.270591367505093,0.7321428571428571,0.04317460317460314,0.043999999999999984
10.270591367505093,0.7678571428571428,0.023047619047619032,0.02114285714285713
10.270591367505093,0.8035714285714286,0.023365079365079353,0.023238095238095228
10.270591367505093,0.8392857142857142,0.027047619047619032,0.0276190476190476
10.270591367505093,0.875,0.027301587301587292,0.028825396825396817
10.270591367505093,0.9107142857142856,0.020126984126984118,0.018666666666666658
10.270591367505093,0.9464285714285714,0.06088888888888887,0.06749206349206345
10.270591367505093,0.9821428571428571,0.04476190476190474,0.043873015873015855
10.391421854181623,0.017857142857142856,0.060190476190476155,0.05968253968253964
10.391421854181623,0.05357142857142857,0.0363174603174603,0.03307936507936507
10.391421854181623,0.08928571428571427,0.03168253968253967,0.03352380952380951
10.391421854181623,0.125,0.03288888888888887,0.033015873015873
10.391421854181623,0.1607142857142857,0.03199999999999999,0.029650793650793636
10.391421854181623,0.1964285714285714,0.0323174603174603,0.030285714285714267
10.391421854181623,0.23214285714285715,0.028698412698412685,0.03092063492063491
10.391421854181623,0.26785714285714285,0.02806349206349205,0.02787301587301586
10.391421854181623,0.30357142857142855,0.02761904761904761,0.027428571428571413
10.391421854181623,0.33928571428571425,0.028507936507936496,0.027428571428571413
10.391421854181623,0.375,0.02793650793650792,0.027301587301587285
10.391421854181623,0.4107142857142857,0.02825396825396824,0.028507936507936496
10.391421854181623,0.4464285714285714,0.02882539682539681,0.030984126984126965
10.391421854181623,0.4821428571428571,0.03168253968253967,0.032253968253968236
10.391421854181623,0.5178571428571428,0.030285714285714273,0.032380952380952364
10.391421854181623,0.5535714285714286,0.030349206349206334,0.034095238095238074
10.391421854181623,0.5892857142857142,0.03784126984126982,0.037015873015872995
10.391421854181623,0.625,0.04425396825396823,0.04431746031746029
10.391421854181623,0.6607142857142856,0.041777777777777754,0.04158730158730156
10.391421854181623,0.6964285714285714,0.06406349206349203,0.057904761904761876
10.391421854181623,0.7321428571428571,0.06628571428571425,0.07136507936507934
10.391421854181623,0.7678571428571428,0.01860317460317459,0.01961904761904761
10.391421854181623,0.8035714285714286,0.019682539682539673,0.018222222222222213
10.391421854181623,0.8392857142857142,0.020444444444444435,0.02101587301587301
10.391421854181623,0.875,0.019174603174603164,0.018984126984126975
10.391421854181623,0.9107142857142856,0.048190476190476166,0.04565079365079362
10.391421854181623,0.9464285714285714,0.05530158730158728,0.05701587301587299
10.391421854181623,0.9821428571428571,0.04876190476190474,0.04888888888888886
10.512252340858154,0.017857142857142856,0.016317460317460307,0.010603174603174597
10.512252340858154,0.05357142857142857,0.014476190476190469,0.010730158730158723
10.512252340858154,0.08928571428571427,0.015301587301587295,0.010984126984126978
10.512252340858154,0.125,0.01485714285714285,0.010666666666666661
10.512252340858154,0.1607142857142857,0.015746031746031737,0.011428571428571423
10.512252340858154,0.1964285714285714,0.015999999999999993,0.01206349206349206
10.512252340858154,0.23214285714285715,0.012190476190476184,0.007619047619047615
10.512252340858154,0.26785714285714285,0.011809523809523804,0.00825396825396825
10.512252340858154,0.30357142857142855,0.011047619047619042,0.008190476190476186
10.512252340858154,0.33928571428571425,0.011873015873015869,0.00698412698412698
10.512252340858154,0.375,0.011428571428571423,0.007111111111111108
10.512252340858154,0.4107142857142857,0.012126984126984118,0.007682539682539678
10.512252340858154,0.4464285714285714,0.010730158730158725,0.007999999999999997
10.512252340858154,0.4821428571428571,0.011301587301587297,0.007999999999999995
10.512252340858154,0.5178571428571428,0.012507936507936503,0.00825396825396825
10.512252340858154,0.5535714285714286,0.011936507936507931,0.007999999999999997
10.512252340858154,0.5892857142857142,0.012888888888888884,0.007809523809523806
10.512252340858154,0.625,0.013968253968253963,0.008761904761904755
10.512252340858154,0.6607142857142856,0.01593650793650793,0.011999999999999992
10.512252340858154,0.6964285714285714,0.019492063492063484,0.013523809523809516
10.512252340858154,0.7321428571428571,0.0297142857142857,0.019492063492063484
10.512252340858154,0.7678571428571428,0.6097142857142854,0.7347301587301582
10.512252340858154,0.8035714285714286,0.008380952380952374,0.00514285714285714
10.512252340858154,0.8392857142857142,0.0066031746031746,0.0046984126984126965
10.512252340858154,0.875,0.0069206349206349166,0.004571428571428569
10.512252340858154,0.9107142857142856,0.026476190476190466,0.018031746031746024
10.512252340858154,0.9464285714285714,0.021777777777777767,0.014476190476190469
10.512252340858154,0.9821428571428571,0.018476190476190466,0.012190476190476186
10.633082827534684,0.017857142857142856,0.014539682539682535,0.007047619047619043
10.633082827534684,0.05357142857142857,0.011174603174603167,0.006730158730158728
10.633082827534684,0.08928571428571427,0.01136507936507936,0.0066031746031745995
10.633082827534684,0.125,0.013015873015873008,0.007047619047619045
10.633082827534684,0.1607142857142857,0.011365079365079361,0.0075555555555555515
10.633082827534684,0.1964285714285714,0.011174603174603169,0.006920634920634917
10.633082827534684,0.23214285714285715,0.01263492063492063,0.007873015873015868
10.633082827534684,0.26785714285714285,0.014222222222222216,0.009142857142857138
10.633082827534684,0.30357142857142855,0.015555555555555548,0.009841269841269838
10.633082827534684,0.33928571428571425,0.014730158730158724,0.009587301587301582
10.633082827534684,0.375,0.007047619047619043,0.004253968253968252
10.633082827534684,0.4107142857142857,0.0073015873015872985,0.005714285714285712
10.633082827534684,0.4464285714285714,0.006857142857142853,0.004888888888888886
10.633082827534684,0.4821428571428571,0.008126984126984123,0.0050158730158730135
10.633082827534684,0.5178571428571428,0.008888888888888884,0.005587301587301585
10.633082827534684,0.5535714285714286,0.007999999999999997,0.00514285714285714
10.633082827534684,0.5892857142857142,0.009269841269841267,0.00552380952380952
10.633082827534684,0.625,0.009206349206349202,0.006031746031746029
10.633082827534684,0.6607142857142856,0.008380952380952376,0.006095238095238092
10.633082827534684,0.6964285714285714,0.010920634920634914,0.006412698412698409
10.633082827534684,0.7321428571428571,0.0132063492063492,0.008888888888888884
10.633082827534684,0.7678571428571428,0.6943492063492059,0.8057777777777775
10.633082827534684,0.8035714285714286,0.005904761904761902,0.003555555555555554
10.633082827534684,0.8392857142857142,0.005904761904761901,0.0040634920634920624
10.633082827534684,0.875,0.01752380952380951,0.01174603174603174
10.633082827534684,0.9107142857142856,0.02107936507936507,0.013269841269841265
10.633082827534684,0.9464285714285714,0.015492063492063482,0.010476190476190472
10.633082827534684,0.9821428571428571,0.012761904761904754,0.0092063492063492
10.753913314211214,0.017857142857142856,0.00863492063492063,0.005269841269841267
10.753913314211214,0.05357142857142857,0.007999999999999997,0.004317460317460315
10.753913314211214,0.08928571428571427,0.007492063492063488,0.004317460317460315
10.753913314211214,0.125,0.007365079365079362,0.0050158730158730135
10.753913314211214,0.1607142857142857,0.007746031746031741,0.003999999999999998
10.753913314211214,0.1964285714285714,0.0073015873015872985,0.005206349206349204
10.753913314211214,0.23214285714285715,0.00863492063492063,0.0023492063492063483
10.753913314211214,0.26785714285714285,0.007999999999999995,0.00476190476190476
10.753913314211214,0.30357142857142855,0.007111111111111108,0.0040634920634920624
10.753913314211214,0.33928571428571425,0.00863492063492063,0.004190476190476189
10.753913314211214,0.375,0.009523809523809518,0.0053333333333333306
10.753913314211214,0.4107142857142857,0.008063492063492059,0.005206349206349204
10.753913314211214,0.4464285714285714,0.011746031746031742,0.006539682539682536
10.753913314211214,0.4821428571428571,0.013460317460317455,0.006666666666666664
10.753913314211214,0.5178571428571428,0.006666666666666664,0.004317460317460316
10.753913314211214,0.5535714285714286,0.00641269841269841,0.004888888888888886
10.753913314211214,0.5892857142857142,0.0073015873015872985,0.003428571428571427
10.753913314211214,0.625,0.008380952380952378,0.005777777777777775
10.753913314211214,0.6607142857142856,0.008825396825396823,0.004634920634920633
10.753913314211214,0.6964285714285714,0.008634920634920629,0.00514285714285714
10.753913314211214,0.7321428571428571,0.008825396825396821,0.005079365079365078
10.753913314211214,0.7678571428571428,0.37199999999999983,0.41866666666666646
10.753913314211214,0.8035714285714286,0.3998095238095236,0.45015873015872987
10.753913314211214,0.8392857142857142,0.004317460317460315,0.0026666666666666653
10.753913314211214,0.875,0.0165079365079365,0.010476190476190469
10.753913314211214,0.9107142857142856,0.011619047619047612,0.005777777777777775
10.753913314211214,0.9464285714285714,0.009841269841269838,0.006158730158730155
10.753913314211214,0.9821428571428571,0.00914285714285714,0.005587301587301584
10.874743800887744,0.017857142857142856,0.007428571428571425,0.0038730158730158715
10.874743800887744,0.05357142857142857,0.005015873015873014,0.003555555555555554
10.874743800887744,0.08928571428571427,0.0062857142857142825,0.003555555555555554
10.874743800887744,0.125,0.005904761904761902,0.002920634920634919
10.874743800887744,0.1607142857142857,0.00495238095238095,0.002730158730158729
10.874743800887744,0.1964285714285714,0.004444444444444442,0.0027936507936507926
10.874743800887744,0.23214285714285715,0.0049523809523809486,0.0024126984126984115
10.874743800887744,0.26785714285714285,0.005206349206349204,0.002920634920634919
10.874743800887744,0.30357142857142855,0.005079365079365077,0.002349206349206348
10.874743800887744,0.33928571428571425,0.00514285714285714,0.002222222222222221
10.874743800887744,0.375,0.004444444444444442,0.0029841269841269827
10.874743800887744,0.4107142857142857,0.005460317460317457,0.0032380952380952365
10.874743800887744,0.4464285714285714,0.005650793650793648,0.0038095238095238074
10.874743800887744,0.4821428571428571,0.006666666666666664,0.0033650793650793634
10.874743800887744,0.5178571428571428,0.007492063492063488,0.0029841269841269827
10.874743800887744,0.5535714285714286,0.008571428571428568,0.0027301587301587294
10.874743800887744,0.5892857142857142,0.008761904761904755,0.0038730158730158706
10.874743800887744,0.625,0.006857142857142853,0.0033015873015873
10.874743800887744,0.6607142857142856,0.006095238095238092,0.0038095238095238074
10.874743800887744,0.6964285714285714,0.01434920634920634,0.013587301587301584
10.874743800887744,0.7321428571428571,0.2333333333333332,0.256190476190476
10.874743800887744,0.7678571428571428,0.1857777777777777,0.19707936507936497
10.874743800887744,0.8035714285714286,0.4119999999999997,0.4522539682539681
10.874743800887744,0.8392857142857142,0.009904761904761899,0.004507936507936506
10.874743800887744,0.875,0.00863492063492063,0.00514285714285714
10.874743800887744,0.9107142857142856,0.00698412698412698,0.004444444444444442
10.874743800887744,0.9464285714285714,0.0069206349206349166,0.003936507936507935
10.874743800887744,0.9821428571428571,0.00768253968253968,0.0034285714285714275
10.995574287564276,0.017857142857142856,0.022603174603174594,0.021968253968253956
10.995574287564276,0.05357142857142857,0.0231111111111111,0.02184126984126983
10.995574287564276,0.08928571428571427,0.019682539682539676,0.018984126984126975
10.995574287564276,0.125,0.01904761904761904,0.020888888888888877
10.995574287564276,0.1607142857142857,0.02038095238095237,0.019873015873015862
10.995574287564276,0.1964285714285714,0.020634920634920624,0.01892063492063491
10.995574287564276,0.23214285714285715,0.01942857142857142,0.019301587301587295
10.995574287564276,0.26785714285714285,0.021777777777777767,0.02076190476190475
10.995574287564276,0.30357142857142855,0.019746031746031734,0.022857142857142847
10.995574287564276,0.33928571428571425,0.01999999999999999,0.02057142857142856
10.995574287564276,0.375,0.027746031746031734,0.02761904761904761
10.995574287564276,0.4107142857142857,0.031365079365079346,0.032253968253968236
10.995574287564276,0.4464285714285714,0.027365079365079353,0.0271111111111111
10.995574287564276,0.4821428571428571,0.02463492063492062,0.027999999999999987
10.995574287564276,0.5178571428571428,0.026730158730158715,0.026222222222222213
10.995574287564276,0.5535714285714286,0.03136507936507935,0.03060317460317459
10.995574287564276,0.5892857142857142,0.03295238095238093,0.034349206349206324
10.995574287564276,0.625,0.036126984126984105,0.03536507936507935
10.995574287564276,0.6607142857142856,0.082031746031746,0.07726984126984122
10.995574287564276,0.6964285714285714,0.07714285714285711,0.07034920634920631
10.995574287564276,0.7321428571428571,0.06126984126984124,0.05682539682539681
10.995574287564276,0.7678571428571428,0.05511111111111108,0.05688888888888885
10.995574287564276,0.8035714285714286,0.06590476190476187,0.06952380952380949
10.995574287564276,0.8392857142857142,0.11974603174603166,0.12501587301587294
10.995574287564276,0.875,0.02609523809523808,0.028380952380952364
10.995574287564276,0.9107142857142856,0.023111111111111096,0.024952380952380938
10.995574287564276,0.9464285714285714,0.02444444444444443,0.023174603174603164
10.995574287564276,0.9821428571428571,0.020444444444444435,0.020126984126984118
11.116404774240806,0.017857142857142856,0.02209523809523808,0.020952380952380945
11.116404774240806,0.05357142857142857,0.01892063492063491,0.02146031746031745
11.116404774240806,0.08928571428571427,0.02146031746031745,0.02146031746031745
11.116404774240806,0.125,0.02457142857142856,0.02292063492063491
11.116404774240806,0.1607142857142857,0.021206349206349197,0.02095238095238094
11.116404774240806,0.1964285714285714,0.02253968253968253,0.023428571428571417
11.116404774240806,0.23214285714285715,0.022285714285714277,0.021396825396825386
11.116404774240806,0.26785714285714285,0.020761904761904752,0.01999999999999999
11.116404774240806,0.30357142857142855,0.02057142857142856,0.023111111111111096
11.116404774240806,0.33928571428571425,0.020634920634920624,0.0191111111111111
11.116404774240806,0.375,0.020952380952380945,0.02038095238095237
11.116404774240806,0.4107142857142857,0.02114285714285713,0.021269841269841258
11.116404774240806,0.4464285714285714,0.02133333333333332,0.020253968253968243
11.116404774240806,0.4821428571428571,0.02203174603174602,0.020634920634920624
11.116404774240806,0.5178571428571428,0.030031746031746014,0.028253968253968236
11.116404774240806,0.5535714285714286,0.0533333333333333,0.04965079365079362
11.116404774240806,0.5892857142857142,0.048507936507936486,0.05009523809523807
11.116404774240806,0.625,0.04374603174603173,0.04679365079365077
11.116404774240806,0.6607142857142856,0.044063492063492034,0.04234920634920633
11.116404774240806,0.6964285714285714,0.041650793650793626,0.04653968253968252
11.116404774240806,0.7321428571428571,0.050603174603174574,0.052634920634920604
11.116404774240806,0.7678571428571428,0.05333333333333331,0.05460317460317457
11.116404774240806,0.8035714285714286,0.08755555555555551,0.08939682539682535
11.116404774240806,0.8392857142857142,0.12133333333333327,0.11847619047619043
11.116404774240806,0.875,0.052380952380952354,0.05161904761904759
11.116404774240806,0.9107142857142856,0.025460317460317447,0.02406349206349205
11.116404774240806,0.9464285714285714,0.02419047619047618,0.024126984126984115
11.116404774240806,0.9821428571428571,0.02330158730158729,0.02406349206349205
11.237235260917336,0.017857142857142856,0.021079365079365073,0.020126984126984118
11.237235260917336,0.05357142857142857,0.020190476190476182,0.02126984126984126
11.237235260917336,0.08928571428571427,0.02209523809523808,0.019619047619047605
11.237235260917336,0.125,0.0191111111111111,0.0191111111111111
11.237235260917336,0.1607142857142857,0.017587301587301582,0.019174603174603164
11.237235260917336,0.1964285714285714,0.02825396825396824,0.027174603174603164
11.237235260917336,0.23214285714285715,0.02253968253968253,0.021650793650793632
11.237235260917336,0.26785714285714285,0.0231111111111111,0.021777777777777767
11.237235260917336,0.30357142857142855,0.022793650793650783,0.020698412698412688
11.237235260917336,0.33928571428571425,0.024190476190476175,0.021333333333333322
11.237235260917336,0.375,0.022666666666666654,0.022666666666666654
11.237235260917336,0.4107142857142857,0.021396825396825386,0.021079365079365073
11.237235260917336,0.4464285714285714,0.04336507936507935,0.04107936507936506
11.237235260917336,0.4821428571428571,0.040761904761904735,0.04031746031746029
11.237235260917336,0.5178571428571428,0.034539682539682516,0.03473015873015871
11.237235260917336,0.5535714285714286,0.03434920634920633,0.03257142857142856
11.237235260917336,0.5892857142857142,0.04330158730158728,0.043365079365079336
11.237235260917336,0.625,0.037460317460317444,0.03714285714285712
11.237235260917336,0.6607142857142856,0.037142857142857116,0.035999999999999976
11.237235260917336,0.6964285714285714,0.03473015873015871,0.03955555555555554
11.237235260917336,0.7321428571428571,0.042539682539682516,0.040634920634920614
11.237235260917336,0.7678571428571428,0.04349206349206348,0.043682539682539656
11.237235260917336,0.8035714285714286,0.08984126984126979,0.09384126984126978
11.237235260917336,0.8392857142857142,0.09206349206349203,0.09574603174603169
11.237235260917336,0.875,0.0985396825396825,0.09777777777777773
11.237235260917336,0.9107142857142856,0.023047619047619036,0.02533333333333332
11.237235260917336,0.9464285714285714,0.01942857142857142,0.021269841269841258
11.237235260917336,0.9821428571428571,0.02038095238095237,0.021269841269841258
11.358065747593868,0.017857142857142856,0.034285714285714274,0.03415873015873014
11.358065747593868,0.05357142857142857,0.02565079365079364,0.02825396825396824
11.358065747593868,0.08928571428571427,0.02355555555555554,0.02469841269841268
11.358065747593868,0.125,0.026285714285714277,0.02425396825396824
11.358065747593868,0.1607142857142857,0.02584126984126983,0.023301587301587292
11.358065747593868,0.1964285714285714,0.020825396825396813,0.023873015873015862
11.358065747593868,0.23214285714285715,0.022222222222222213,0.021015873015873
11.358065747593868,0.26785714285714285,0.022793650793650783,0.024190476190476175
11.358065747593868,0.30357142857142855,0.03803174603174601,0.040063492063492044
11.358065747593868,0.33928571428571425,0.044571428571428554,0.043936507936507906
11.358065747593868,0.375,0.033587301587301575,0.034412698412698395
11.358065747593868,0.4107142857142857,0.02958730158730157,0.030920634920634904
11.358065747593868,0.4464285714285714,0.0316190476190476,0.029079365079365063
11.358065747593868,0.4821428571428571,0.028444444444444432,0.029015873015873002
11.358065747593868,0.5178571428571428,0.029650793650793636,0.03149206349206348
11.358065747593868,0.5535714285714286,0.029396825396825383,0.028444444444444425
11.358065747593868,0.5892857142857142,0.03219047619047618,0.02958730158730157
11.358065747593868,0.625,0.029015873015873002,0.028952380952380938
11.358065747593868,0.6607142857142856,0.028317460317460304,0.02806349206349205
11.358065747593868,0.6964285714285714,0.029650793650793632,0.03155555555555554
11.358065747593868,0.7321428571428571,0.033587301587301575,0.031174603174603157
11.358065747593868,0.7678571428571428,0.05911111111111108,0.06444444444444442
11.358065747593868,0.8035714285714286,0.061777777777777744,0.06158730158730156
11.358065747593868,0.8392857142857142,0.06114285714285712,0.058920634920634894
11.358065747593868,0.875,0.08342857142857138,0.08330158730158727
11.358065747593868,0.9107142857142856,0.06520634920634917,0.06228571428571425
11.358065747593868,0.9464285714285714,0.022349206349206344,0.021460317460317447
11.358065747593868,0.9821428571428571,0.02787301587301586,0.02755555555555554
11.478896234270398,0.017857142857142856,0.016698412698412688,0.01784126984126983
11.478896234270398,0.05357142857142857,0.017650793650793643,0.016888888888888884
11.478896234270398,0.08928571428571427,0.016761904761904756,0.01841269841269841
11.478896234270398,0.125,0.016571428571428567,0.01593650793650793
11.478896234270398,0.1607142857142857,0.053269841269841245,0.051111111111111086
11.478896234270398,0.1964285714285714,0.04799999999999997,0.048507936507936486
11.478896234270398,0.23214285714285715,0.03549206349206347,0.03720634920634919
11.478896234270398,0.26785714285714285,0.02476190476190475,0.025904761904761892
11.478896234270398,0.30357142857142855,0.024507936507936492,0.02361904761904761
11.478896234270398,0.33928571428571425,0.02603174603174602,0.02190476190476189
11.478896234270398,0.375,0.020698412698412688,0.0217142857142857
11.478896234270398,0.4107142857142857,0.021714285714285703,0.020444444444444432
11.478896234270398,0.4464285714285714,0.020952380952380945,0.02215873015873015
11.478896234270398,0.4821428571428571,0.022349206349206337,0.02031746031746031
11.478896234270398,0.5178571428571428,0.02196825396825396,0.021333333333333322
11.478896234270398,0.5535714285714286,0.021904761904761896,0.02368253968253967
11.478896234270398,0.5892857142857142,0.021396825396825383,0.022793650793650776
11.478896234270398,0.625,0.023238095238095224,0.02234920634920634
11.478896234270398,0.6607142857142856,0.024253968253968243,0.02368253968253967
11.478896234270398,0.6964285714285714,0.024126984126984115,0.02387301587301586
11.478896234270398,0.7321428571428571,0.031682539682539666,0.03466666666666665
11.478896234270398,0.7678571428571428,0.08749206349206345,0.08717460317460313
11.478896234270398,0.8035714285714286,0.06234920634920633,0.058031746031746004
11.478896234270398,0.8392857142857142,0.05574603174603172,0.05999999999999998
11.478896234270398,0.875,0.06653968253968251,0.06660317460317457
11.478896234270398,0.9107142857142856,0.13638095238095232,0.14050793650793644
11.478896234270398,0.9464285714285714,0.037714285714285686,0.037079365079365066
11.478896234270398,0.9821428571428571,0.019746031746031737,0.01625396825396825
11.599726720946927,0.017857142857142856,0.03879365079365078,0.03650793650793649
11.599726720946927,0.05357142857142857,0.034285714285714274,0.03428571428571427
11.599726720946927,0.08928571428571427,0.030412698412698398,0.03009523809523808
11.599726720946927,0.125,0.030349206349206334,0.02838095238095237
11.599726720946927,0.1607142857142857,0.030920634920634904,0.0297142857142857
11.599726720946927,0.1964285714285714,0.029841269841269828,0.0297142857142857
11.599726720946927,0.23214285714285715,0.031492063492063474,0.029015873015873002
11.599726720946927,0.26785714285714285,0.028888888888888877,0.028952380952380938
11.599726720946927,0.30357142857142855,0.026539682539682526,0.030793650793650776
11.599726720946927,0.33928571428571425,0.03396825396825395,0.034984126984126965
11.599726720946927,0.375,0.02596825396825396,0.02406349206349205
11.599726720946927,0.4107142857142857,0.023428571428571417,0.02546031746031745
11.599726720946927,0.4464285714285714,0.029523809523809508,0.0297142857142857
11.599726720946927,0.4821428571428571,0.020253968253968243,0.0184126984126984
11.599726720946927,0.5178571428571428,0.021841269841269828,0.020634920634920628
11.599726720946927,0.5535714285714286,0.019301587301587295,0.020634920634920628
11.599726720946927,0.5892857142857142,0.022539682539682526,0.023238095238095228
11.599726720946927,0.625,0.019873015873015862,0.021777777777777767
11.599726720946927,0.6607142857142856,0.021587301587301575,0.021650793650793643
11.599726720946927,0.6964285714285714,0.023174603174603167,0.024126984126984115
11.599726720946927,0.7321428571428571,0.061396825396825366,0.06273015873015869
11.599726720946927,0.7678571428571428,0.05098412698412695,0.050857142857142844
11.599726720946927,0.8035714285714286,0.04539682539682537,0.04723809523809521
11.599726720946927,0.8392857142857142,0.043682539682539656,0.04146031746031744
11.599726720946927,0.875,0.04768253968253966,0.047047619047619026
11.599726720946927,0.9107142857142856,0.10361904761904756,0.10095238095238089
11.599726720946927,0.9464285714285714,0.06609523809523807,0.06888888888888885
11.599726720946927,0.9821428571428571,0.03815873015873014,0.03866666666666665
11.72055720762346,0.017857142857142856,0.023365079365079353,0.024507936507936496
11.72055720762346,0.05357142857142857,0.025968253968253956,0.024444444444444435
11.72055720762346,0.08928571428571427,0.02292063492063491,0.02463492063492062
11.72055720762346,0.125,0.021904761904761896,0.021206349206349194
11.72055720762346,0.1607142857142857,0.024698412698412688,0.025460317460317447
11.72055720762346,0.1964285714285714,0.024126984126984115,0.02215873015873015
11.72055720762346,0.23214285714285715,0.02292063492063491,0.02165079365079364
11.72055720762346,0.26785714285714285,0.023365079365079356,0.0231111111111111
11.72055720762346,0.30357142857142855,0.02260317460317459,0.02203174603174602
11.72055720762346,0.33928571428571425,0.025015873015873005,0.023428571428571417
11.72055720762346,0.375,0.0257142857142857,0.027873015873015865
11.72055720762346,0.4107142857142857,0.02692063492063491,0.024888888888888874
11.72055720762346,0.4464285714285714,0.024380952380952368,0.023238095238095224
11.72055720762346,0.4821428571428571,0.02476190476190475,0.024634920634920624
11.72055720762346,0.5178571428571428,0.023809523809523798,0.02628571428571427
11.72055720762346,0.5535714285714286,0.026603174603174587,0.025714285714285703
11.72055720762346,0.5892857142857142,0.03219047619047618,0.02914285714285713
11.72055720762346,0.625,0.027492063492063477,0.030285714285714267
11.72055720762346,0.6607142857142856,0.029968253968253953,0.03047619047619046
11.72055720762346,0.6964285714285714,0.038603174603174584,0.036444444444444425
11.72055720762346,0.7321428571428571,0.05574603174603172,0.0575238095238095
11.72055720762346,0.7678571428571428,0.044380952380952354,0.04234920634920633
11.72055720762346,0.8035714285714286,0.05682539682539679,0.06152380952380949
11.72055720762346,0.8392857142857142,0.06158730158730155,0.06228571428571425
11.72055720762346,0.875,0.0785396825396825,0.07377777777777773
11.72055720762346,0.9107142857142856,0.06774603174603172,0.07117460317460313
11.72055720762346,0.9464285714285714,0.0936507936507936,0.09403174603174598
11.72055720762346,0.9821428571428571,0.02419047619047618,0.025714285714285703
11.84138769429999,0.017857142857142856,0.022984126984126975,0.022031746031746024
11.84138769429999,0.05357142857142857,0.020317460317460304,0.01999999999999999
11.84138769429999,0.08928571428571427,0.021396825396825383,0.0205079365079365
11.84138769429999,0.125,0.027809523809523798,0.027492063492063474
11.84138769429999,0.1607142857142857,0.023365079365079353,0.02698412698412697
11.84138769429999,0.1964285714285714,0.022412698412698398,0.02292063492063491
11.84138769429999,0.23214285714285715,0.022857142857142847,0.024190476190476175
11.84138769429999,0.26785714285714285,0.020063492063492054,0.021269841269841258
11.84138769429999,0.30357142857142855,0.022730158730158722,0.022285714285714273
11.84138769429999,0.33928571428571425,0.023238095238095228,0.021269841269841258
11.84138769429999,0.375,0.021015873015873005,0.022730158730158722
11.84138769429999,0.4107142857142857,0.021587301587301582,0.02298412698412697
11.84138769429999,0.4464285714285714,0.02253968253968253,0.021841269841269835
11.84138769429999,0.4821428571428571,0.018031746031746024,0.02146031746031745
11.84138769429999,0.5178571428571428,0.020888888888888877,0.018476190476190466
11.84138769429999,0.5535714285714286,0.021333333333333322,0.020761904761904752
11.84138769429999,0.5892857142857142,0.02495238095238094,0.02622222222222221
11.84138769429999,0.625,0.0441269841269841,0.04171428571428568
11.84138769429999,0.6607142857142856,0.03466666666666665,0.03358730158730156
11.84138769429999,0.6964285714285714,0.06438095238095236,0.06203174603174599
11.84138769429999,0.7321428571428571,0.05155555555555553,0.053206349206349174
11.84138769429999,0.7678571428571428,0.04698412698412696,0.043174603174603164
11.84138769429999,0.8035714285714286,0.06615873015873014,0.06634920634920632
11.84138769429999,0.8392857142857142,0.054095238095238064,0.05295238095238093
11.84138769429999,0.875,0.05555555555555554,0.054412698412698385
11.84138769429999,0.9107142857142856,0.06019047619047616,0.0594285714285714
11.84138769429999,0.9464285714285714,0.08190476190476186,0.08539682539682535
11.84138769429999,0.9821428571428571,0.06285714285714282,0.06431746031746027
11.96221818097652,0.017857142857142856,0.02285714285714284,0.02076190476190475
11.96221818097652,0.05357142857142857,0.02044444444444444,0.02158730158730158
11.96221818097652,0.08928571428571427,0.021269841269841258,0.018730158730158722
11.96221818097652,0.125,0.01942857142857142,0.019619047619047605
11.96221818097652,0.1607142857142857,0.01834920634920634,0.01942857142857142
11.96221818097652,0.1964285714285714,0.019999999999999993,0.018984126984126975
11.96221818097652,0.23214285714285715,0.019682539682539676,0.017523809523809514
11.96221818097652,0.26785714285714285,0.02031746031746031,0.021079365079365073
11.96221818097652,0.30357142857142855,0.01930158730158729,0.024253968253968243
11.96221818097652,0.33928571428571425,0.02107936507936507,0.021714285714285703
11.96221818097652,0.375,0.021142857142857133,0.02088888888888888
11.96221818097652,0.4107142857142857,0.044380952380952354,0.04317460317460315
11.96221818097652,0.4464285714285714,0.03365079365079363,0.03130158730158729
11.96221818097652,0.4821428571428571,0.029460317460317447,0.028571428571428557
11.96221818097652,0.5178571428571428,0.028698412698412685,0.026476190476190466
11.96221818097652,0.5535714285714286,0.028634920634920617,0.02736507936507935
11.96221818097652,0.5892857142857142,0.02539682539682538,0.025587301587301575
11.96221818097652,0.625,0.03142857142857142,0.03320634920634919
11.96221818097652,0.6607142857142856,0.0441269841269841,0.04901587301587299
11.96221818097652,0.6964285714285714,0.06292063492063489,0.06215873015873013
11.96221818097652,0.7321428571428571,0.04876190476190474,0.05098412698412696
11.96221818097652,0.7678571428571428,0.04520634920634918,0.045587301587301565
11.96221818097652,0.8035714285714286,0.05079365079365076,0.048380952380952365
11.96221818097652,0.8392857142857142,0.04984126984126982,0.04780952380952378
11.96221818097652,0.875,0.04888888888888886,0.05123809523809522
11.96221818097652,0.9107142857142856,0.05257142857142855,0.04920634920634919
11.96221818097652,0.9464285714285714,0.061269841269841224,0.060888888888888854
11.96221818097652,0.9821428571428571,0.09009523809523805,0.09447619047619042
12.083048667653049,0.017857142857142856,0.06152380952380949,0.061777777777777744
12.083048667653049,0.05357142857142857,0.019682539682539673,0.017523809523809514
12.083048667653049,0.08928571428571427,0.018222222222222213,0.01593650793650793
12.083048667653049,0.125,0.01923809523809523,0.01885714285714285
12.083048667653049,0.1607142857142857,0.0184126984126984,0.020507936507936496
12.083048667653049,0.1964285714285714,0.03644444444444442,0.03663492063492062
12.083048667653049,0.23214285714285715,0.02755555555555554,0.028698412698412685
12.083048667653049,0.26785714285714285,0.025841269841269828,0.026857142857142843
12.083048667653049,0.30357142857142855,0.02673015873015872,0.027619047619047606
12.083048667653049,0.33928571428571425,0.02495238095238094,0.023873015873015862
12.083048667653049,0.375,0.022349206349206337,0.023047619047619036
12.083048667653049,0.4107142857142857,0.022158730158730145,0.021523809523809515
12.083048667653049,0.4464285714285714,0.021269841269841258,0.025142857142857133
12.083048667653049,0.4821428571428571,0.025777777777777764,0.0257142857142857
12.083048667653049,0.5178571428571428,0.023301587301587292,0.023746031746031734
12.083048667653049,0.5535714285714286,0.029142857142857123,0.026603174603174587
12.083048667653049,0.5892857142857142,0.038285714285714256,0.03739682539682538
12.083048667653049,0.625,0.030984126984126965,0.02977777777777776
12.083048667653049,0.6607142857142856,0.06653968253968251,0.06711111111111107
12.083048667653049,0.6964285714285714,0.05771428571428568,0.0594285714285714
12.083048667653049,0.7321428571428571,0.05244444444444442,0.0554285714285714
12.083048667653049,0.7678571428571428,0.04374603174603173,0.0408253968253968
12.083048667653049,0.8035714285714286,0.039047619047619025,0.04139682539682537
12.083048667653049,0.8392857142857142,0.04114285714285712,0.04050793650793648
12.083048667653049,0.875,0.04317460317460316,0.04311111111111109
12.083048667653049,0.9107142857142856,0.045396825396825366,0.047492063492063474
12.083048667653049,0.9464285714285714,0.05015873015873014,0.05009523809523807
12.083048667653049,0.9821428571428571,0.06876190476190475,0.06336507936507933
12.20387915432958,0.017857142857142856,0.09034920634920628,0.09669841269841266
12.20387915432958,0.05357142857142857,0.028507936507936496,0.02768253968253967
12.20387915432958,0.08928571428571427,0.026031746031746017,0.027619047619047606
12.20387915432958,0.125,0.026603174603174587,0.024507936507936496
12.20387915432958,0.1607142857142857,0.02361904761904761,0.023746031746031734
12.20387915432958,0.1964285714285714,0.02730158730158729,0.021396825396825386
12.20387915432958,0.23214285714285715,0.024380952380952368,0.025523809523809508
12.20387915432958,0.26785714285714285,0.02406349206349205,0.0217142857142857
12.20387915432958,0.30357142857142855,0.023174603174603164,0.023809523809523798
12.20387915432958,0.33928571428571425,0.02273015873015872,0.02253968253968253
12.20387915432958,0.375,0.024888888888888877,0.023047619047619036
12.20387915432958,0.4107142857142857,0.028571428571428557,0.028634920634920624
12.20387915432958,0.4464285714285714,0.031111111111111096,0.033269841269841255
12.20387915432958,0.4821428571428571,0.028952380952380938,0.03142857142857142
12.20387915432958,0.5178571428571428,0.029269841269841255,0.026412698412698398
12.20387915432958,0.5535714285714286,0.028444444444444432,0.02939682539682538
12.20387915432958,0.5892857142857142,0.03377777777777776,0.03130158730158729
12.20387915432958,0.625,0.04780952380952378,0.04088888888888887
12.20387915432958,0.6607142857142856,0.04971428571428568,0.052190476190476155
12.20387915432958,0.6964285714285714,0.04025396825396823,0.038920634920634904
12.20387915432958,0.7321428571428571,0.03790476190476189,0.03828571428571426
12.20387915432958,0.7678571428571428,0.035238095238095214,0.04050793650793648
12.20387915432958,0.8035714285714286,0.03599999999999998,0.03517460317460316
12.20387915432958,0.8392857142857142,0.04101587301587299,0.041968253968253946
12.20387915432958,0.875,0.043111111111111086,0.04247619047619045
12.20387915432958,0.9107142857142856,0.0415238095238095,0.039619047619047595
12.20387915432958,0.9464285714285714,0.04495238095238093,0.041079365079365056
12.20387915432958,0.9821428571428571,0.06069841269841266,0.07015873015873013
12.32470964100611,0.017857142857142856,0.05663492063492061,0.054095238095238064
12.32470964100611,0.05357142857142857,0.12984126984126976,0.14196825396825388
12.32470964100611,0.08928571428571427,0.017523809523809514,0.019365079365079352
12.32470964100611,0.125,0.018285714285714277,0.018158730158730152
12.32470964100611,0.1607142857142857,0.01873015873015872,0.018857142857142847
12.32470964100611,0.1964285714285714,0.020126984126984118,0.017650793650793646
12.32470964100611,0.23214285714285715,0.019555555555555545,0.01885714285714285
12.32470964100611,0.26785714285714285,0.02361904761904761,0.025841269841269825
12.32470964100611,0.30357142857142855,0.026857142857142843,0.02234920634920634
12.32470964100611,0.33928571428571425,0.02076190476190475,0.021460317460317447
12.32470964100611,0.375,0.020825396825396816,0.02209523809523808
12.32470964100611,0.4107142857142857,0.02476190476190475,0.021841269841269835
12.32470964100611,0.4464285714285714,0.02152380952380951,0.019873015873015862
12.32470964100611,0.4821428571428571,0.020952380952380945,0.019619047619047605
12.32470964100611,0.5178571428571428,0.019809523809523798,0.018857142857142847
12.32470964100611,0.5535714285714286,0.02120634920634919,0.01993650793650793
12.32470964100611,0.5892857142857142,0.019809523809523794,0.021777777777777767
12.32470964100611,0.625,0.05238095238095235,0.05390476190476187
12.32470964100611,0.6607142857142856,0.03796825396825395,0.03784126984126982
12.32470964100611,0.6964285714285714,0.03346031746031744,0.03161904761904761
12.32470964100611,0.7321428571428571,0.03098412698412697,0.030349206349206334
12.32470964100611,0.7678571428571428,0.10139682539682535,0.11625396825396818
12.32470964100611,0.8035714285714286,0.041333333333333305,0.0401269841269841
12.32470964100611,0.8392857142857142,0.03834920634920633,0.035619047619047606
12.32470964100611,0.875,0.03898412698412696,0.0337142857142857
12.32470964100611,0.9107142857142856,0.037841269841269815,0.03403174603174601
12.32470964100611,0.9464285714285714,0.04114285714285712,0.04126984126984125
12.32470964100611,0.9821428571428571,0.04533333333333331,0.04266666666666665
12.44554012768264,0.017857142857142856,0.05111111111111108,0.04679365079365077
12.44554012768264,0.05357142857142857,0.08876190476190472,0.0948571428571428
12.44554012768264,0.08928571428571427,0.02609523809523808,0.0271111111111111
12.44554012768264,0.125,0.026222222222222213,0.02399999999999999
12.44554012768264,0.1607142857142857,0.023999999999999983,0.022349206349206334
12.44554012768264,0.1964285714285714,0.021396825396825383,0.02323809523809523
12.44554012768264,0.23214285714285715,0.021269841269841255,0.023174603174603164
12.44554012768264,0.26785714285714285,0.021206349206349194,0.022857142857142843
12.44554012768264,0.30357142857142855,0.02107936507936507,0.019746031746031734
12.44554012768264,0.33928571428571425,0.023238095238095224,0.021904761904761896
12.44554012768264,0.375,0.023555555555555545,0.021904761904761896
12.44554012768264,0.4107142857142857,0.021079365079365066,0.020444444444444432
12.44554012768264,0.4464285714285714,0.021206349206349197,0.024190476190476175
12.44554012768264,0.4821428571428571,0.023174603174603164,0.022285714285714277
12.44554012768264,0.5178571428571428,0.022984126984126975,0.024317460317460307
12.44554012768264,0.5535714285714286,0.03853968253968252,0.03790476190476189
12.44554012768264,0.5892857142857142,0.057460317460317434,0.058793650793650766
12.44554012768264,0.625,0.05885714285714283,0.057269841269841235
12.44554012768264,0.6607142857142856,0.045142857142857123,0.04907936507936505
12.44554012768264,0.6964285714285714,0.044825396825396796,0.04469841269841267
12.44554012768264,0.7321428571428571,0.04279365079365077,0.0403174603174603
12.44554012768264,0.7678571428571428,0.037269841269841245,0.03828571428571427
12.44554012768264,0.8035714285714286,0.03568253968253966,0.035936507936507926
12.44554012768264,0.8392857142857142,0.03911111111111109,0.04069841269841267
12.44554012768264,0.875,0.03784126984126982,0.035873015873015855
12.44554012768264,0.9107142857142856,0.038793650793650776,0.037333333333333316
12.44554012768264,0.9464285714285714,0.040634920634920614,0.040634920634920614
12.44554012768264,0.9821428571428571,0.04666666666666665,0.04399999999999998
12.566370614359172,0.017857142857142856,0.041015873015873,0.04438095238095236
12.566370614359172,0.05357142857142857,0.05377777777777775,0.05314285714285712
12.566370614359172,0.08928571428571427,0.06692063492063488,0.06768253968253965
12.566370614359172,0.125,0.027555555555555538,0.026857142857142843
12.566370614359172,0.1607142857142857,0.023936507936507923,0.025333333333333322
12.566370614359172,0.1964285714285714,0.022539682539682526,0.023809523809523798
12.566370614359172,0.23214285714285715,0.02107936507936507,0.023682539682539677
12.566370614359172,0.26785714285714285,0.022285714285714273,0.021714285714285707
12.566370614359172,0.30357142857142855,0.021396825396825383,0.022857142857142847
12.566370614359172,0.33928571428571425,0.02552380952380951,0.026730158730158715
12.566370614359172,0.375,0.03574603174603172,0.03726984126984126
12.566370614359172,0.4107142857142857,0.027365079365079356,0.02825396825396824
12.566370614359172,0.4464285714285714,0.02958730158730157,0.02774603174603173
12.566370614359172,0.4821428571428571,0.026158730158730145,0.025587301587301575
12.566370614359172,0.5178571428571428,0.02806349206349205,0.025650793650793632
12.566370614359172,0.5535714285714286,0.025968253968253956,0.027365079365079353
12.566370614359172,0.5892857142857142,0.058793650793650766,0.06184126984126981
12.566370614359172,0.625,0.04399999999999997,0.042857142857142844
12.566370614359172,0.6607142857142856,0.03898412698412696,0.04146031746031745
12.566370614359172,0.6964285714285714,0.03726984126984125,0.03568253968253966
12.566370614359172,0.7321428571428571,0.03714285714285712,0.036888888888888874
12.566370614359172,0.7678571428571428,0.03536507936507935,0.035555555555555535
12.566370614359172,0.8035714285714286,0.038793650793650776,0.03396825396825395
12.566370614359172,0.8392857142857142,0.04609523809523808,0.04488888888888886
12.566370614359172,0.875,0.041079365079365056,0.04349206349206347
12.566370614359172,0.9107142857142856,0.040063492063492044,0.03765079365079363
12.566370614359172,0.9464285714285714,0.03987301587301585,0.03930158730158728
12.566370614359172,0.9821428571428571,0.0436190476190476,0.03834920634920633
