curve,observable,ensemble_group,embedding_dimension,nn_distance_entropy_raw_bits,nn_distance_entropy_theiler_bits,nn_distance_entropy_theiler2_bits,theiler_sensitivity_bits,theiler_window,nearest_distance_mean_theiler,nearest_distance_cv_theiler,adjacent_neighbor_fraction_raw,n_points,raw_quality_status
rxn_11_23_5,cross_section_barn,reaction_cross_sections,2,3.722644315367315,3.9701349637109997,4.161394530749441,0.1912595670384416,2,0.5828892142620484,1.048463383938806,0.7681159420289855,69,sampling_geometry_dominated
rxn_11_23_5,cross_section_barn,reaction_cross_sections,3,3.7763082016022294,4.053542436900314,4.016963024787527,0.036579412112787146,3,1.0162631478666615,1.0130282645865476,0.8823529411764706,68,sampling_geometry_dominated
rxn_11_23_5,cross_section_barn,reaction_cross_sections,4,3.9832279965228725,4.0541964667044175,3.70949609250642,0.3447003741979975,4,1.5198466289565125,0.9889080367668871,0.9850746268656716,67,sampling_geometry_dominated
rxn_11_23_5,cross_section_barn,reaction_cross_sections,5,4.06905839032041,4.03974885427055,3.6487015008442136,0.3910473534263361,5,2.07630068496459,0.9884067276586774,1.0,66,sampling_geometry_dominated
rxn_11_23_5,cross_section_barn,reaction_cross_sections,6,4.059025188192339,4.005028649664233,3.6322012696472794,0.3728273800169535,6,2.777142284004647,0.9973267023996202,1.0,65,sampling_geometry_dominated
rxn_11_23_5,cross_section_barn,reaction_cross_sections,7,4.090020845650719,4.0295703810934285,3.7322367178034828,0.2973336632899457,7,3.672644899605588,0.9946295227644799,1.0,64,sampling_geometry_dominated
rxn_11_23_5,cross_section_barn,reaction_cross_sections,8,4.073338067911437,3.961509234920274,3.9297632031742418,0.03174603174603208,8,4.733911154337524,1.0022336612034293,1.0,63,sampling_geometry_dominated
rxn_18_36_5,cross_section_barn,reaction_cross_sections,2,3.012891545371661,3.4463015305569407,2.988144148859856,0.45815738169708453,2,0.5244364759266936,1.6330768146866133,0.896551724137931,87,sampling_geometry_dominated
rxn_18_36_5,cross_section_barn,reaction_cross_sections,3,3.1212023101464497,3.5195842739805654,2.983379095086341,0.5362051788942246,3,0.9809101503678185,1.6533825843412364,0.9767441860465116,86,sampling_geometry_dominated
rxn_18_36_5,cross_section_barn,reaction_cross_sections,4,3.1678100014399257,3.354274095346877,3.0768802135834283,0.2773938817634485,4,1.5863580265810757,1.6764011340302598,1.0,85,sampling_geometry_dominated
rxn_18_36_5,cross_section_barn,reaction_cross_sections,5,3.25570377410954,3.3013261326539176,3.2701295577283576,0.03119657492556005,5,2.3101192291030763,1.690631172267762,1.0,84,sampling_geometry_dominated
rxn_18_36_5,cross_section_barn,reaction_cross_sections,6,3.3258000272388974,3.3941384550166553,3.313536576270959,0.08060187874569635,6,3.061948961697668,1.6826606097411352,1.0,83,sampling_geometry_dominated
rxn_18_36_5,cross_section_barn,reaction_cross_sections,7,3.4141587553950195,3.46827751752503,3.578363927605933,0.11008641008090292,7,3.811276782875902,1.6593971522593332,1.0,82,sampling_geometry_dominated
rxn_18_36_5,cross_section_barn,reaction_cross_sections,8,3.493368962087751,3.547872810916991,3.6814204276904645,0.1335476167734737,8,4.53313010078934,1.6214038556680763,1.0,81,sampling_geometry_dominated
rxn_18_36_5,cross_section_barn,reaction_cross_sections,9,3.4879396979365174,3.4988675245492495,3.775920591455137,0.2770530669058875,9,5.228430083086087,1.5751977741427412,1.0,80,sampling_geometry_dominated
rxn_18_36_5,cross_section_barn,reaction_cross_sections,10,3.6207052610959054,3.692630674497014,3.898513742603072,0.20588306810605772,10,5.918682330892752,1.516827299833685,1.0,79,sampling_geometry_dominated
rxn_24_50_201,cross_section_barn,reaction_cross_sections,2,4.237888220109753,4.313017240099025,4.337566407909777,0.02454916781075145,2,0.22933517575064574,0.890519605044275,0.7976190476190477,84,sampling_geometry_dominated
rxn_24_50_201,cross_section_barn,reaction_cross_sections,3,4.099780262251683,4.466192585411815,4.783314926064339,0.3171223406525234,3,0.3671409591116527,0.820825927240561,0.8674698795180723,83,sampling_geometry_dominated
rxn_24_50_201,cross_section_barn,reaction_cross_sections,4,3.9865032385555312,4.592086687904568,4.878791261128068,0.28670457322350007,4,0.510461996692658,0.7395891683050879,0.9024390243902439,82,sampling_geometry_dominated
rxn_24_50_201,cross_section_barn,reaction_cross_sections,5,3.926497870926661,4.563460231905958,4.865455904548567,0.30199567264260896,5,0.6590621027901938,0.6956179338941052,0.9506172839506173,81,sampling_geometry_dominated
rxn_24_50_201,cross_section_barn,reaction_cross_sections,6,3.900952827498701,4.617205639325548,4.840634426587139,0.22342878726159032,6,0.8197417881203265,0.6872581337514818,0.975,80,sampling_geometry_dominated
rxn_24_50_201,cross_section_barn,reaction_cross_sections,7,3.930566274058571,4.551103730393838,4.958985419600808,0.40788168920696943,7,0.9814719610467669,0.6693009178741136,0.9873417721518988,79,sampling_geometry_dominated
rxn_24_50_201,cross_section_barn,reaction_cross_sections,8,4.120758758712822,4.5160920481821965,5.05963759739511,0.5435455492129133,8,1.165617644882175,0.6743428989512384,1.0,78,sampling_geometry_dominated
rxn_24_50_201,cross_section_barn,reaction_cross_sections,9,4.052039549447824,4.645334022117745,4.968085241993605,0.32275121987586,9,1.3619329987189375,0.6715233174521676,1.0,77,sampling_geometry_dominated
rxn_24_50_201,cross_section_barn,reaction_cross_sections,10,4.090164147616387,4.553059093042603,5.053784256836171,0.5007251637935681,10,1.5874078528456448,0.6780872167770966,1.0,76,sampling_geometry_dominated
rxn_26_54_5,cross_section_barn,reaction_cross_sections,2,1.9426595967615266,1.8042475969917973,1.4286552772296803,0.37559231976211693,2,1.711044060093384,2.7249218478167854,0.9195402298850575,87,sampling_geometry_dominated
rxn_26_54_5,cross_section_barn,reaction_cross_sections,3,2.1091406532866777,1.9141759163552783,1.8207018455762645,0.09347407077901382,3,3.1628095673751493,2.604367527061566,0.9883720930232558,86,sampling_geometry_dominated
rxn_26_54_5,cross_section_barn,reaction_cross_sections,4,2.1891362227311983,2.0730884077062246,1.98676492742196,0.08632348028426451,4,4.515795760245018,2.4771310137769333,1.0,85,sampling_geometry_dominated
rxn_26_54_5,cross_section_barn,reaction_cross_sections,5,2.3210887791394637,2.2396803262351574,2.1454198833277998,0.09426044290735769,5,5.801739712074286,2.3521465192014634,1.0,84,sampling_geometry_dominated
rxn_26_54_5,cross_section_barn,reaction_cross_sections,6,2.3176427431923794,2.3385504238370736,2.5561252298745814,0.21757480603750778,6,7.036937676820309,2.235570889476964,1.0,83,sampling_geometry_dominated
rxn_26_54_5,cross_section_barn,reaction_cross_sections,7,2.4455106226676304,2.4343804875801203,2.775316298413344,0.34093581083322366,7,8.24732279414599,2.1282224384097277,1.0,82,sampling_geometry_dominated
rxn_26_54_5,cross_section_barn,reaction_cross_sections,8,2.5551915156582483,2.597815730709851,2.8942588728800818,0.2964431421702307,8,9.441114554189255,2.0306835041751254,1.0,81,sampling_geometry_dominated
rxn_26_54_5,cross_section_barn,reaction_cross_sections,9,2.666393994747165,2.8572287189138015,2.9827023074060603,0.12547358849225887,9,10.641983036419056,1.9379899905409639,1.0,80,sampling_geometry_dominated
rxn_26_54_5,cross_section_barn,reaction_cross_sections,10,2.7538012803894705,3.0375335580231564,3.070452990587773,0.03291943256461671,10,11.870009815321609,1.8474960705632926,1.0,79,sampling_geometry_dominated
rxn_27_59_41,cross_section_barn,reaction_cross_sections,2,3.418919237414083,3.69901541925223,3.4468520917488794,0.2521633275033506,2,0.8340140134380956,1.1651524048582507,0.9024390243902439,41,sampling_geometry_dominated
rxn_27_59_41,cross_section_barn,reaction_cross_sections,3,3.220481684613114,3.5414460711655216,3.047012012247795,0.49443405891772674,3,1.5730786157225936,1.169344196753204,0.95,40,sampling_geometry_dominated
rxn_27_59_41,cross_section_barn,reaction_cross_sections,4,3.279278348156415,3.529494375843949,3.052753556973424,0.4767408188705251,4,2.420566220157838,1.159637512884813,0.9743589743589743,39,sampling_geometry_dominated
rxn_27_59_607,cross_section_barn,reaction_cross_sections,2,2.8026249912482992,2.844970479035216,2.4718325765940534,0.3731379024411625,2,2.085732835684917,1.7533995530226858,0.7172413793103448,145,sampling_geometry_dominated
rxn_27_59_607,cross_section_barn,reaction_cross_sections,3,2.928294265135236,2.8637969313947496,2.5216976391655854,0.34209929222916413,3,4.16616180749082,1.7420426645139435,0.8125,144,sampling_geometry_dominated
rxn_27_59_607,cross_section_barn,reaction_cross_sections,4,3.087186363320979,2.8511810405564004,2.635830685500571,0.21535035505582956,4,6.6114926908780625,1.761903105012566,0.8601398601398601,143,sampling_geometry_dominated
rxn_27_59_607,cross_section_barn,reaction_cross_sections,5,3.2936426652746875,2.7558481231562886,2.7070034549343287,0.048844668221959875,5,9.408337751067094,1.7818955114095032,0.8661971830985915,142,sampling_geometry_dominated
rxn_27_59_607,cross_section_barn,reaction_cross_sections,6,3.4385093605203507,2.7953451688150515,2.742062989681302,0.05328217913374944,6,12.460875865883684,1.7917881520941474,0.8936170212765957,141,sampling_geometry_dominated
rxn_27_59_607,cross_section_barn,reaction_cross_sections,7,3.5212203434192455,2.8111896463356265,2.8412543240375734,0.030064677701946874,7,15.73034026643532,1.7902668370419965,0.9142857142857143,140,sampling_geometry_dominated
rxn_27_59_607,cross_section_barn,reaction_cross_sections,8,3.570955838295949,2.83606919150037,2.8582297343885426,0.022160542888172596,8,19.12130969591759,1.7845647281812755,0.920863309352518,139,sampling_geometry_dominated
rxn_27_59_607,cross_section_barn,reaction_cross_sections,9,3.6187249220164928,2.970731902286654,2.878397911235521,0.09233399105113316,9,22.587453845508385,1.778748536036127,0.9202898550724637,138,sampling_geometry_dominated
rxn_27_59_607,cross_section_barn,reaction_cross_sections,10,3.6752171775278875,3.1106059114111906,2.9564105266497096,0.15419538476148098,10,26.076645123541418,1.7686454953396271,0.9124087591240876,137,sampling_geometry_dominated
rxn_27_59_627,cross_section_barn,reaction_cross_sections,2,2.3387329032121817,2.3820752128476084,2.1393913520603824,0.24268386078722592,2,8.939554751542401,1.9638105455584531,0.7472527472527473,91,sampling_geometry_dominated
rxn_27_59_627,cross_section_barn,reaction_cross_sections,3,2.3509853380741013,2.346564875081356,2.209801784487753,0.13676309059360303,3,17.35743236251794,1.9852730559414535,0.8,90,sampling_geometry_dominated
rxn_27_59_627,cross_section_barn,reaction_cross_sections,4,2.4518297714832578,2.2989124627817206,2.3277747428914024,0.028862280109681837,4,27.171739877647237,1.9914526005604267,0.8539325842696629,89,sampling_geometry_dominated
rxn_27_59_627,cross_section_barn,reaction_cross_sections,5,2.5363677742105506,2.449894587001041,2.3756527755482524,0.07424181145278874,5,37.586746653610376,1.9809010625732535,0.8522727272727273,88,sampling_geometry_dominated
rxn_27_59_627,cross_section_barn,reaction_cross_sections,6,2.512291045993679,2.4979794080875117,2.391509808407461,0.10646959968005065,6,48.00219705355104,1.9577928756231031,0.8620689655172413,87,sampling_geometry_dominated
rxn_27_59_627,cross_section_barn,reaction_cross_sections,7,2.548537321583688,2.5051964333622627,2.4586848054552863,0.04651162790697638,7,58.02075001770518,1.9261729398136267,0.872093023255814,86,sampling_geometry_dominated
rxn_27_59_627,cross_section_barn,reaction_cross_sections,8,2.5473474053005933,2.5273346509158627,2.4802758273864516,0.04705882352941115,8,67.18377342149128,1.8909190888516778,0.8705882352941177,85,sampling_geometry_dominated
rxn_27_59_627,cross_section_barn,reaction_cross_sections,9,2.593632195443326,2.5498897428165304,2.4546516475784355,0.0952380952380949,9,75.59572571319377,1.8584231850956754,0.8571428571428571,84,sampling_geometry_dominated
rxn_27_59_627,cross_section_barn,reaction_cross_sections,10,2.577717107907162,2.5155855567202616,2.4914891711780927,0.024096385542168974,10,83.24608705876904,1.8324631930860606,0.8433734939759037,83,sampling_geometry_dominated
rxn_27_59_72,cross_section_barn,reaction_cross_sections,2,2.625983412755504,2.7763236190169747,2.850085924817729,0.07376230580075438,2,203.21319582128166,1.8457298903327806,0.9351851851851852,108,sampling_geometry_dominated
rxn_27_59_72,cross_section_barn,reaction_cross_sections,3,2.510603802221833,2.711610216455835,2.8890483382795296,0.17743812182369467,3,351.032812389341,1.8805789029455906,0.9906542056074766,107,sampling_geometry_dominated
rxn_27_59_72,cross_section_barn,reaction_cross_sections,4,2.5502379289288832,2.8051050222665026,2.8202903097611896,0.01518528749468695,4,501.48509284079205,1.9006725467535897,1.0,106,sampling_geometry_dominated
rxn_27_59_72,cross_section_barn,reaction_cross_sections,5,2.486266938951858,2.6978781809676464,2.7434834997836655,0.045605318816019036,5,659.3004781759696,1.875047967566627,1.0,105,sampling_geometry_dominated
rxn_27_59_72,cross_section_barn,reaction_cross_sections,6,2.5726076041578407,2.717662839785198,2.665007993335118,0.05265484645008023,6,838.7408395656136,1.8053713610524273,1.0,104,sampling_geometry_dominated
rxn_27_59_72,cross_section_barn,reaction_cross_sections,7,2.6456384364161014,2.7106774688887825,2.6239783244455013,0.0866991444432812,7,1056.1352182286184,1.7264810334900826,1.0,103,sampling_geometry_dominated
rxn_27_59_72,cross_section_barn,reaction_cross_sections,8,2.7238480135189125,2.5830193078659685,2.591946956196858,0.00892764833088977,8,1310.9647659933607,1.6626094619696203,1.0,102,sampling_geometry_dominated
rxn_27_59_72,cross_section_barn,reaction_cross_sections,9,2.711987372053827,2.6301590304054074,2.643263215382221,0.013104184976813649,9,1600.6771869724528,1.6263264980246925,1.0,101,sampling_geometry_dominated
rxn_27_59_72,cross_section_barn,reaction_cross_sections,10,2.764705602313227,2.61351144752559,2.6638561897747244,0.050344742249134544,10,1919.7385610281665,1.6149108074797147,1.0,100,sampling_geometry_dominated
rxn_27_59_812,cross_section_barn,reaction_cross_sections,2,2.2914319193989607,2.4066304350040983,2.0308550673729897,0.37577536763110864,2,379.3515204651272,1.9602656536009746,0.8,130,sampling_geometry_dominated
rxn_27_59_812,cross_section_barn,reaction_cross_sections,3,2.3670787061350924,2.360531461280548,2.124154678184994,0.2363767830955541,3,746.865497811023,1.9601785267657026,0.9922480620155039,129,sampling_geometry_dominated
rxn_27_59_812,cross_section_barn,reaction_cross_sections,4,2.38948652645878,2.330816409237476,2.162274513541131,0.16854189569634492,4,1187.6572868515132,1.966296853304071,0.9921875,128,sampling_geometry_dominated
rxn_27_59_812,cross_section_barn,reaction_cross_sections,5,2.448064459178619,2.358402331314164,2.2587256054130345,0.09967672590112953,5,1682.024998339148,1.9744673177855607,0.9921259842519685,127,sampling_geometry_dominated
rxn_27_59_812,cross_section_barn,reaction_cross_sections,6,2.4728901054533448,2.3886406861292233,2.2853365112598714,0.10330417486935195,6,2220.404420136809,1.9770257246275058,0.9920634920634921,126,sampling_geometry_dominated
rxn_27_59_812,cross_section_barn,reaction_cross_sections,7,2.4785626021611913,2.450068776520146,2.357417411516757,0.09265136500338889,7,2788.788882252835,1.9713472829331788,0.992,125,sampling_geometry_dominated
rxn_27_59_812,cross_section_barn,reaction_cross_sections,8,2.5626850181101943,2.485262255463903,2.3993718783569995,0.0858903771069035,8,3376.660534109931,1.9592533159550582,0.9919354838709677,124,sampling_geometry_dominated
rxn_27_59_812,cross_section_barn,reaction_cross_sections,9,2.631430427188983,2.5694057394022085,2.4292765150807454,0.14012922432146313,9,3974.314601916729,1.9410807166267456,0.991869918699187,123,sampling_geometry_dominated
rxn_27_59_812,cross_section_barn,reaction_cross_sections,10,2.711005975759625,2.5659083613895066,2.4304289339728733,0.13547942741663332,10,4561.5285549818145,1.9170170451651976,0.9918032786885246,122,sampling_geometry_dominated
rxn_27_59_832,cross_section_barn,reaction_cross_sections,2,2.14014624335463,2.0776462433546294,1.849966811237046,0.22767943211758346,2,1377.150844149283,2.0930229572857417,0.8229166666666666,96,sampling_geometry_dominated
rxn_27_59_832,cross_section_barn,reaction_cross_sections,3,2.1072506272254414,2.057199179834247,1.919279832664515,0.13791934716973175,3,2759.4505046450927,2.116050029240952,0.9789473684210527,95,sampling_geometry_dominated
rxn_27_59_832,cross_section_barn,reaction_cross_sections,4,2.182992980638723,2.073794443335634,2.0790318228777807,0.005237379542146758,4,4393.721561821764,2.1299550845671282,0.9893617021276596,94,sampling_geometry_dominated
rxn_27_59_832,cross_section_barn,reaction_cross_sections,5,2.2729772250632627,2.0909340865938226,2.074826948066803,0.016107138527019504,5,6134.908996938412,2.1162662666298333,0.989247311827957,93,sampling_geometry_dominated
rxn_27_59_832,cross_section_barn,reaction_cross_sections,6,2.4022557468832497,2.2028035320969375,2.1734663544373065,0.029337177659630953,6,7891.718185977709,2.0888548293960936,0.9891304347826086,92,sampling_geometry_dominated
rxn_27_59_832,cross_section_barn,reaction_cross_sections,7,2.4509998793341405,2.3329038847465013,2.2295141711584963,0.10338971358800508,7,9589.941504736114,2.0484146089852784,0.989010989010989,91,sampling_geometry_dominated
rxn_27_59_832,cross_section_barn,reaction_cross_sections,8,2.55276659389009,2.352632373068569,2.2859657064019028,0.06666666666666643,8,11159.320105621837,1.9968741333773337,0.9888888888888889,90,sampling_geometry_dominated
rxn_27_59_832,cross_section_barn,reaction_cross_sections,9,2.588466429422698,2.4326904263089584,2.3877466060842396,0.04494382022471877,9,12640.18730982702,1.93881451487283,0.9887640449438202,89,sampling_geometry_dominated
rxn_27_59_832,cross_section_barn,reaction_cross_sections,10,2.73762692978513,2.490913228756005,2.490913228756005,0.0,10,14091.914303099678,1.8789916727188236,0.9886363636363636,88,sampling_geometry_dominated
rxn_29_65_5,cross_section_barn,reaction_cross_sections,2,2.627491632992984,2.4415341410917546,2.021356159722274,0.4201779813694806,2,0.7158066358828095,2.1588426289213034,0.9080459770114943,87,sampling_geometry_dominated
rxn_29_65_5,cross_section_barn,reaction_cross_sections,3,2.7558203312469054,2.685139774830434,2.2916554103785387,0.3934843644518953,3,1.3600510325447461,2.1032710908360652,0.9883720930232558,86,sampling_geometry_dominated
rxn_29_65_5,cross_section_barn,reaction_cross_sections,4,2.867064465040415,2.8664909303659702,2.643017919789555,0.2234730105764151,4,2.0710119959296556,2.0476457153497205,1.0,85,sampling_geometry_dominated
rxn_29_65_5,cross_section_barn,reaction_cross_sections,5,3.07647123752021,2.8704653014335317,2.909443486074033,0.03897818464050129,5,2.7852445454677417,1.9869524791151494,1.0,84,sampling_geometry_dominated
rxn_29_65_5,cross_section_barn,reaction_cross_sections,6,3.1414407790271417,2.9752792782830575,3.0326520754442265,0.057372797161169053,6,3.4961589213230457,1.916757207970788,1.0,83,sampling_geometry_dominated
rxn_29_65_5,cross_section_barn,reaction_cross_sections,7,3.1845710980249375,3.140885402221827,3.371245616868151,0.23036021464632395,7,4.1874366107516146,1.8461251126887495,1.0,82,sampling_geometry_dominated
rxn_29_65_5,cross_section_barn,reaction_cross_sections,8,3.2455225157274663,3.223798555129486,3.396199257657169,0.17240070252768325,8,4.871584921871074,1.778046919422814,1.0,81,sampling_geometry_dominated
rxn_29_65_5,cross_section_barn,reaction_cross_sections,9,3.3457847386003583,3.4227771533615066,3.457112952606141,0.03433579924463448,9,5.544634357791875,1.7102661736385258,1.0,80,sampling_geometry_dominated
rxn_29_65_5,cross_section_barn,reaction_cross_sections,10,3.4310224563600316,3.6158155404120422,3.4778843192459217,0.13793122116612055,10,6.218022612578223,1.6388494349158358,1.0,79,sampling_geometry_dominated
rxn_34_82_5,cross_section_barn,reaction_cross_sections,2,2.2990609071181236,1.9109942231734407,1.7577752145333623,0.15321900864007842,2,0.9235287994434129,2.494467881054661,0.9080459770114943,87,sampling_geometry_dominated
rxn_34_82_5,cross_section_barn,reaction_cross_sections,3,2.432258251816246,2.139223122297616,2.0405865775082073,0.09863654478940864,3,1.687423354212618,2.3895610751850063,1.0,86,sampling_geometry_dominated
rxn_34_82_5,cross_section_barn,reaction_cross_sections,4,2.495282705895192,2.408107299610286,2.306285934763263,0.10182136484702298,4,2.470520548380255,2.2788384960481545,1.0,85,sampling_geometry_dominated
rxn_34_82_5,cross_section_barn,reaction_cross_sections,5,2.611860816266419,2.640277037484913,2.771407898145058,0.13113086066014468,5,3.238011985319324,2.173025026853361,1.0,84,sampling_geometry_dominated
rxn_34_82_5,cross_section_barn,reaction_cross_sections,6,2.639514371796205,2.836971573644017,2.8839201817397067,0.04694860809568979,6,3.9873283225967318,2.072108791408765,1.0,83,sampling_geometry_dominated
rxn_34_82_5,cross_section_barn,reaction_cross_sections,7,2.749312128230173,2.992143864486119,3.192451892050248,0.2003080275641289,7,4.725814724507301,1.97841080412533,1.0,82,sampling_geometry_dominated
rxn_34_82_5,cross_section_barn,reaction_cross_sections,8,2.840711681829696,3.122010029613999,3.3088080080639477,0.1867979784499485,8,5.46097996184521,1.8928140067499954,1.0,81,sampling_geometry_dominated
rxn_34_82_5,cross_section_barn,reaction_cross_sections,9,2.903204128494417,3.1666295005408003,3.325886291921904,0.15925679138110382,9,6.193214486169095,1.8104914932445817,1.0,80,sampling_geometry_dominated
rxn_34_82_5,cross_section_barn,reaction_cross_sections,10,3.041832489584818,3.344733920301117,3.42912568433825,0.08439176403713322,10,6.921942446566885,1.72806479451081,1.0,79,sampling_geometry_dominated
rxn_39_89_4,cross_section_barn,reaction_cross_sections,2,2.304356402575707,2.180415744752992,1.9721638438048614,0.20825190094813073,2,16.103011410307033,2.035097039644022,0.9333333333333333,150,sampling_geometry_dominated
rxn_39_89_4,cross_section_barn,reaction_cross_sections,3,2.257689044882072,2.206617632301959,2.1089387842863925,0.09767884801556637,3,31.721217917927092,2.050244746027976,0.9932885906040269,149,sampling_geometry_dominated
rxn_39_89_4,cross_section_barn,reaction_cross_sections,4,2.238165076053907,2.203574430927125,2.1630338903865844,0.04054054054054035,4,49.90075347143441,2.064707396759715,0.9932432432432432,148,sampling_geometry_dominated
rxn_39_89_4,cross_section_barn,reaction_cross_sections,5,2.266948581617561,2.2227973911708054,2.1945657675771373,0.028231623593668154,5,69.70734330606085,2.0522596920050318,1.0,147,sampling_geometry_dominated
rxn_39_89_4,cross_section_barn,reaction_cross_sections,6,2.3253086047416716,2.3073195541767735,2.2147868486676847,0.09253270550908876,6,90.57305111738923,2.039182901216919,1.0,146,sampling_geometry_dominated
rxn_39_89_4,cross_section_barn,reaction_cross_sections,7,2.3050673838936726,2.3198431982916823,2.2499385335551167,0.06990466473656554,7,112.02572923239528,2.020094609494513,1.0,145,sampling_geometry_dominated
rxn_39_89_4,cross_section_barn,reaction_cross_sections,8,2.3280205065805433,2.341159221003034,2.2483308743598713,0.09282834664316253,8,133.7646096548689,1.998260737991039,1.0,144,sampling_geometry_dominated
rxn_39_89_4,cross_section_barn,reaction_cross_sections,9,2.3773860641783933,2.354037439854649,2.255379921510865,0.09865751834378411,9,156.01088250618545,1.9777135395486118,1.0,143,sampling_geometry_dominated
rxn_39_89_4,cross_section_barn,reaction_cross_sections,10,2.3763944406863144,2.395236510493162,2.2819003078138747,0.11333620267928746,10,178.49972016768172,1.9588830798548926,1.0,142,sampling_geometry_dominated
rxn_39_89_606,cross_section_barn,reaction_cross_sections,2,1.888361910928585,2.0770582798902946,1.7412747452310522,0.3357835346592424,2,2.7878831812303027,2.2750933048565822,0.5275590551181102,127,sampling_geometry_dominated
rxn_39_89_606,cross_section_barn,reaction_cross_sections,3,2.1637064902469287,1.9834000642401128,1.8206053795940849,0.16279468464602798,3,5.663533595024503,2.267237306597346,0.6349206349206349,126,sampling_geometry_dominated
rxn_39_89_606,cross_section_barn,reaction_cross_sections,4,2.238353628946464,1.9443644849695096,1.857817244387701,0.08654724058180863,4,9.205741459800548,2.292584053077297,0.68,125,sampling_geometry_dominated
rxn_39_89_606,cross_section_barn,reaction_cross_sections,5,2.3202055730563376,1.972127329144959,1.9230608530281288,0.04906647611683024,5,13.21650004610583,2.2946620646890663,0.7338709677419355,124,sampling_geometry_dominated
rxn_39_89_606,cross_section_barn,reaction_cross_sections,6,2.3996605032121834,1.9809959795695598,1.999492067856211,0.01849608828665117,6,17.55514979771095,2.291564102109767,0.7723577235772358,123,sampling_geometry_dominated
rxn_39_89_606,cross_section_barn,reaction_cross_sections,7,2.5975348981427167,2.003727805938518,2.1115823530631443,0.10785454712462617,7,21.85367217607148,2.26834552605117,0.8032786885245902,122,sampling_geometry_dominated
rxn_39_89_606,cross_section_barn,reaction_cross_sections,8,2.5624070375646077,2.006960135158814,2.2340757749275797,0.22711563976876548,8,25.973842730526883,2.241471643642426,0.8181818181818182,121,sampling_geometry_dominated
rxn_39_89_606,cross_section_barn,reaction_cross_sections,9,2.566237689110751,2.0699740752745,2.251488262530672,0.18151418725617186,9,29.655157135717563,2.211920650695727,0.825,120,sampling_geometry_dominated
rxn_39_89_606,cross_section_barn,reaction_cross_sections,10,2.493416311832952,2.135926968551376,2.3039185940279037,0.16799162547652768,10,32.85105558302305,2.1795618687914673,0.865546218487395,119,sampling_geometry_dominated
rxn_39_89_626,cross_section_barn,reaction_cross_sections,2,3.7534440008261103,3.3755944827303037,3.575330964240691,0.19973648151038725,2,0.2689105015336563,1.6778989907787556,0.4491525423728814,118,valid
rxn_39_89_626,cross_section_barn,reaction_cross_sections,3,3.905009194569228,3.8044547449144552,4.234846999958582,0.4303922550441266,3,0.5069234601721373,1.4107997080316486,0.46153846153846156,117,valid
rxn_39_89_626,cross_section_barn,reaction_cross_sections,4,4.101166771491185,4.341506312017131,4.334218612977589,0.007287699039542517,4,0.7716343414280376,1.2561669191253397,0.5862068965517241,116,sampling_geometry_dominated
rxn_39_89_626,cross_section_barn,reaction_cross_sections,5,4.380522461352365,4.562573935754363,4.292395676114508,0.270178259639855,5,1.056594411366081,1.2190738565927715,0.6608695652173913,115,sampling_geometry_dominated
rxn_39_89_626,cross_section_barn,reaction_cross_sections,6,4.547972437507312,4.298562187160541,4.266267540770195,0.03229464639034596,6,1.4217004287149753,1.183196646450634,0.7192982456140351,114,sampling_geometry_dominated
rxn_39_89_626,cross_section_barn,reaction_cross_sections,7,4.600708335578771,4.364303348092217,4.166108676817903,0.19819467127431345,7,1.834128767558171,1.1611078317952968,0.7787610619469026,113,sampling_geometry_dominated
rxn_39_89_626,cross_section_barn,reaction_cross_sections,8,4.601081897834279,4.497847513355312,4.318993206081319,0.1788543072739932,8,2.2482917335059054,1.1458281844858942,0.7767857142857143,112,sampling_geometry_dominated
rxn_39_89_626,cross_section_barn,reaction_cross_sections,9,4.835164282498106,4.665761137183495,4.513021424557483,0.15273971262601194,9,2.6617296950131832,1.1262644420728924,0.8198198198198198,111,sampling_geometry_dominated
rxn_39_89_626,cross_section_barn,reaction_cross_sections,10,4.768486051276832,4.521230562290991,4.332130431660983,0.18910013063000797,10,3.099462572636659,1.1186128403756948,0.8454545454545455,110,sampling_geometry_dominated
rxn_39_89_70,cross_section_barn,reaction_cross_sections,2,2.5582058842576694,2.446579661183,2.353923737672821,0.09265592351017915,2,389.1463900167712,1.6905237605981553,0.9166666666666666,96,sampling_geometry_dominated
rxn_39_89_70,cross_section_barn,reaction_cross_sections,3,2.557643279446882,2.522172817873058,2.323278410957509,0.19889440691554894,3,778.0534859500189,1.6897736052849865,0.9894736842105263,95,sampling_geometry_dominated
rxn_39_89_70,cross_section_barn,reaction_cross_sections,4,2.5357061113442754,2.5276753932361533,2.4065563118249806,0.12111908141117267,4,1244.9540887433293,1.6899207966058862,1.0,94,sampling_geometry_dominated
rxn_39_89_70,cross_section_barn,reaction_cross_sections,5,2.599229394586406,2.534713265554149,2.4406623461189314,0.09405091943521748,5,1775.2950494768545,1.6972006726158326,1.0,93,sampling_geometry_dominated
rxn_39_89_70,cross_section_barn,reaction_cross_sections,6,2.5543410512888114,2.5190680893558053,2.43905133006423,0.08001675929157548,6,2357.9356709281024,1.7046643400239125,1.0,92,sampling_geometry_dominated
rxn_39_89_70,cross_section_barn,reaction_cross_sections,7,2.553609723555706,2.4290218573561186,2.3783992820521465,0.050622575303972184,7,2968.813103923708,1.7112594638092444,1.0,91,sampling_geometry_dominated
rxn_39_89_70,cross_section_barn,reaction_cross_sections,8,2.574988816112312,2.4937327917239847,2.442814921479551,0.050917870244433505,8,3585.5204024765435,1.7159086795676715,1.0,90,sampling_geometry_dominated
rxn_39_89_70,cross_section_barn,reaction_cross_sections,9,2.4814156689883737,2.528849467800937,2.463644218468099,0.06520524933283767,9,4180.257074941135,1.7191546801351978,1.0,89,sampling_geometry_dominated
rxn_39_89_70,cross_section_barn,reaction_cross_sections,10,2.5562891397541585,2.5075805082123073,2.5303077809395798,0.022727272727272485,10,4731.808815319641,1.7210392656363145,1.0,88,sampling_geometry_dominated
rxn_39_89_812,cross_section_barn,reaction_cross_sections,2,2.5781289021969447,2.437821960085981,2.2635821301179266,0.17423982996805432,2,305.60290609564447,1.7604156984729733,0.8278688524590164,122,sampling_geometry_dominated
rxn_39_89_812,cross_section_barn,reaction_cross_sections,3,2.680786988183703,2.638186324047518,2.3680593884116328,0.2701269356358851,3,605.4338756298453,1.7390520683981268,0.9834710743801653,121,sampling_geometry_dominated
rxn_39_89_812,cross_section_barn,reaction_cross_sections,4,2.7346307890125345,2.696832103955912,2.543487932438285,0.15334417151762691,4,974.2007037488054,1.7447092819949979,0.9916666666666667,120,sampling_geometry_dominated
rxn_39_89_812,cross_section_barn,reaction_cross_sections,5,2.7416940593176786,2.7006400025667427,2.5691575397100057,0.13148246285673704,5,1402.320810860932,1.7474227414979484,0.9915966386554622,119,sampling_geometry_dominated
rxn_39_89_812,cross_section_barn,reaction_cross_sections,6,2.850911056919694,2.718015385856066,2.627962213447991,0.09005317240807509,6,1865.4271699872359,1.7423685638203328,1.0,118,sampling_geometry_dominated
rxn_39_89_812,cross_section_barn,reaction_cross_sections,7,2.923316012845703,2.7838531357822793,2.640941719397828,0.14291141638445115,7,2351.338293175527,1.7332263373125854,0.9914529914529915,117,sampling_geometry_dominated
rxn_39_89_812,cross_section_barn,reaction_cross_sections,8,2.991534981969404,2.75262133327549,2.7588469515366905,0.006225618261200605,8,2851.942801720265,1.7205914737882553,0.9913793103448276,116,sampling_geometry_dominated
rxn_39_89_812,cross_section_barn,reaction_cross_sections,9,2.9851617834226563,2.861648133647337,2.805385004853899,0.05626312879343809,9,3365.6142144405285,1.7051026260545972,0.991304347826087,115,sampling_geometry_dominated
rxn_39_89_812,cross_section_barn,reaction_cross_sections,10,3.1051384102070534,2.8350579964087412,2.6912950975931675,0.1437628988155737,10,3894.358881748286,1.6872842336769236,0.9912280701754386,114,sampling_geometry_dominated
rxn_39_89_832,cross_section_barn,reaction_cross_sections,2,2.413745266722126,2.295081953794417,2.0689560863704144,0.22612586742400254,2,465.5404373771279,1.9049453784734247,0.7927927927927928,111,sampling_geometry_dominated
rxn_39_89_832,cross_section_barn,reaction_cross_sections,3,2.528112506267922,2.3903658584258487,2.1990657259079835,0.19130013251786515,3,934.7548400191589,1.9148124153768453,0.9727272727272728,110,sampling_geometry_dominated
rxn_39_89_832,cross_section_barn,reaction_cross_sections,4,2.565048356986473,2.439219253233428,2.239768008044119,0.19945124518930912,4,1476.717250600499,1.9022328260990953,0.9908256880733946,109,sampling_geometry_dominated
rxn_39_89_832,cross_section_barn,reaction_cross_sections,5,2.5929598399626017,2.523503357663377,2.375171538636902,0.14833181902647485,5,2072.5282226684576,1.8894688462817932,0.9907407407407407,108,sampling_geometry_dominated
rxn_39_89_832,cross_section_barn,reaction_cross_sections,6,2.6601365125022065,2.549321321069608,2.3992980116310085,0.15002330943859965,6,2712.786746292965,1.8765818336773332,0.9906542056074766,107,sampling_geometry_dominated
rxn_39_89_832,cross_section_barn,reaction_cross_sections,7,2.761507370770889,2.5935518223003964,2.488421086761351,0.10513073553904517,7,3397.6832703284076,1.861721349580582,0.9905660377358491,106,sampling_geometry_dominated
rxn_39_89_832,cross_section_barn,reaction_cross_sections,8,2.8069630176043088,2.6504135109310125,2.540501946048435,0.10991156488257747,8,4101.919801640185,1.842552427475025,0.9904761904761905,105,sampling_geometry_dominated
rxn_39_89_832,cross_section_barn,reaction_cross_sections,9,2.7501195480739273,2.6698352636907634,2.624115191554576,0.04572007213618745,9,4813.590570973253,1.818231313728272,0.9903846153846154,104,sampling_geometry_dominated
rxn_39_89_832,cross_section_barn,reaction_cross_sections,10,2.926454385477753,2.7621432907850334,2.7621432907850334,0.0,10,5520.142981339969,1.7899847711995176,0.9902912621359223,103,sampling_geometry_dominated
rxn_42_100_5,cross_section_barn,reaction_cross_sections,2,2.627625790703169,2.54728987007934,2.082706686436785,0.4645831836425547,2,0.8019439688817793,1.981652261727951,0.8850574712643678,87,sampling_geometry_dominated
rxn_42_100_5,cross_section_barn,reaction_cross_sections,3,2.7558203312469054,2.753493969941168,2.19646361845327,0.557030351487898,3,1.6071375711112639,1.9745915581110227,0.9883720930232558,86,sampling_geometry_dominated
rxn_42_100_5,cross_section_barn,reaction_cross_sections,4,2.862504932158343,2.740281391008023,2.452054870358124,0.2882265206498986,4,2.5305228696127435,1.968161657018782,1.0,85,sampling_geometry_dominated
rxn_42_100_5,cross_section_barn,reaction_cross_sections,5,2.9705292798567453,2.8170709042564352,2.7862718650924188,0.030799039164016495,5,3.48568651491866,1.9341220745128695,1.0,84,sampling_geometry_dominated
rxn_42_100_5,cross_section_barn,reaction_cross_sections,6,3.1039801866308334,2.9355155430382234,3.0054431618726927,0.0699276188344693,6,4.412158073917754,1.882535144785476,1.0,83,sampling_geometry_dominated
rxn_42_100_5,cross_section_barn,reaction_cross_sections,7,3.0745802066532373,3.056037194622197,3.084663003234329,0.028625808612132264,7,5.309187284491064,1.8267800577094744,1.0,82,sampling_geometry_dominated
rxn_42_100_5,cross_section_barn,reaction_cross_sections,8,3.1054412774397497,3.1890414546632573,3.055248232056506,0.13379322260675108,8,6.165591703993471,1.7665097969519559,1.0,81,sampling_geometry_dominated
rxn_42_100_5,cross_section_barn,reaction_cross_sections,9,3.2625352601820907,3.3563737740048913,3.1625969631996886,0.1937768108052027,9,7.010353590991596,1.7021353266846717,1.0,80,sampling_geometry_dominated
rxn_42_100_5,cross_section_barn,reaction_cross_sections,10,3.3204148239068916,3.3858826649374563,3.185327398964878,0.20055526597257822,10,7.862259869269869,1.6335316656303864,1.0,79,sampling_geometry_dominated
rxn_45_103_32,cross_section_barn,reaction_cross_sections,2,3.964580823785507,4.041503900708584,3.6812735007260393,0.36023039998254447,2,1.2230715998416786,1.049831229937369,0.8269230769230769,52,sampling_geometry_dominated
rxn_45_103_32,cross_section_barn,reaction_cross_sections,3,3.78533209092406,4.180010951021403,3.853702057615349,0.32630889340605407,3,2.3667712299227714,1.0492307611956782,0.9607843137254902,51,sampling_geometry_dominated
rxn_45_103_32,cross_section_barn,reaction_cross_sections,4,4.066495760962361,4.132503561468788,3.948758439731455,0.1837451217373327,4,3.697127313974268,1.0491049085865485,0.98,50,sampling_geometry_dominated
rxn_45_103_32,cross_section_barn,reaction_cross_sections,5,4.2193959901902165,4.1133296111499655,4.048283568560851,0.06504604258911417,5,5.198557422787171,1.0378185350335465,0.9795918367346939,49,sampling_geometry_dominated
rxn_45_103_603,cross_section_barn,reaction_cross_sections,2,3.3209391842922047,3.2932775554969314,2.8122664130168937,0.4810111424800376,2,11.56943511994135,1.528454622257263,0.823943661971831,142,sampling_geometry_dominated
rxn_45_103_603,cross_section_barn,reaction_cross_sections,3,3.3794115529966544,3.279774011904163,2.7177835223650226,0.5619904895391405,3,22.64212494669241,1.5183016709996737,0.9219858156028369,141,sampling_geometry_dominated
rxn_45_103_603,cross_section_barn,reaction_cross_sections,4,3.4604856575945475,3.2734404500303738,2.817256449326279,0.4561840007040949,4,36.20400504927022,1.5094411147406497,0.9357142857142857,140,sampling_geometry_dominated
rxn_45_103_603,cross_section_barn,reaction_cross_sections,5,3.4785882841288043,3.2355555168222003,2.8388775334108964,0.3966779834113039,5,52.195792625697,1.5054680225377717,0.9568345323741008,139,sampling_geometry_dominated
rxn_45_103_603,cross_section_barn,reaction_cross_sections,6,3.5541306273161424,3.1950805815841674,2.8828412304535442,0.3122393511306232,6,70.30390116132514,1.503069691106497,0.9855072463768116,138,sampling_geometry_dominated
rxn_45_103_603,cross_section_barn,reaction_cross_sections,7,3.492074977339456,3.263915392687828,2.9335171535623035,0.33039823912552446,7,90.58338587386079,1.5037478265037014,0.9927007299270073,137,sampling_geometry_dominated
rxn_45_103_603,cross_section_barn,reaction_cross_sections,8,3.4379479610937813,3.2892789411374936,2.9545646656558815,0.33471427548161214,8,112.65093174983167,1.5026577372871226,1.0,136,sampling_geometry_dominated
rxn_45_103_603,cross_section_barn,reaction_cross_sections,9,3.5527204116865048,3.2797325308592047,3.0582294111756276,0.22150311968357705,9,136.46582063902596,1.5012028095691032,1.0,135,sampling_geometry_dominated
rxn_45_103_603,cross_section_barn,reaction_cross_sections,10,3.536484539609437,3.279619541301087,3.1211197796528793,0.15849976164820756,10,161.62889893957848,1.498660326864322,1.0,134,sampling_geometry_dominated
rxn_45_103_624,cross_section_barn,reaction_cross_sections,2,2.86766995328105,2.8605143819855527,2.608486829417288,0.2520275525682649,2,105.17611910416562,1.629608683934322,0.8144329896907216,97,sampling_geometry_dominated
rxn_45_103_624,cross_section_barn,reaction_cross_sections,3,2.7879022380173786,2.9603087180400176,2.5649290555040936,0.39537966253592405,3,211.1734872107007,1.6159834876772097,0.9895833333333334,96,sampling_geometry_dominated
rxn_45_103_624,cross_section_barn,reaction_cross_sections,4,2.9332604699970926,2.88599494372685,2.711058609208047,0.17493633451880308,4,341.0443660269499,1.6093236868913496,0.9894736842105263,95,sampling_geometry_dominated
rxn_45_103_624,cross_section_barn,reaction_cross_sections,5,3.0916227599862465,2.866060653384523,2.662771538757296,0.2032891146272271,5,494.114490969053,1.6056600532436809,0.9893617021276596,94,sampling_geometry_dominated
rxn_45_103_624,cross_section_barn,reaction_cross_sections,6,3.0650775305039835,2.9395467130776303,2.7409908722956255,0.19855584078200472,6,668.5792666659158,1.6059557893690029,0.989247311827957,93,sampling_geometry_dominated
rxn_45_103_624,cross_section_barn,reaction_cross_sections,7,3.217118374657706,2.9329676996003506,2.8987297903158913,0.034237909284459356,7,858.192687678454,1.602839976089991,0.9891304347826086,92,sampling_geometry_dominated
rxn_45_103_624,cross_section_barn,reaction_cross_sections,8,3.242731097763035,2.890456696841551,2.8640607490794707,0.02639594776208032,8,1054.9058340420427,1.5905842020301215,0.989010989010989,91,sampling_geometry_dominated
rxn_45_103_624,cross_section_barn,reaction_cross_sections,9,3.357650873722836,3.069091096966232,2.9009891758241166,0.16810192114211553,9,1256.9924835640893,1.5743713801073569,1.0,90,sampling_geometry_dominated
rxn_45_103_624,cross_section_barn,reaction_cross_sections,10,3.309210245224685,3.1877496403374974,3.0633448411567,0.12440479918079728,10,1457.3870110247767,1.553391475788379,1.0,89,sampling_geometry_dominated
rxn_45_103_800,cross_section_barn,reaction_cross_sections,2,2.536665466567773,2.437388192691848,2.1011029136014954,0.3362852790903528,2,45.61148170792037,2.0008903791354022,0.7237569060773481,181,sampling_geometry_dominated
rxn_45_103_800,cross_section_barn,reaction_cross_sections,3,2.532917687021638,2.3907717326135653,2.0922566202054913,0.29851511240807405,3,90.3492938248815,1.989532149677405,0.8666666666666667,180,sampling_geometry_dominated
rxn_45_103_800,cross_section_barn,reaction_cross_sections,4,2.595979018840433,2.3860645309314172,2.1107742269244945,0.2752903040069228,4,145.473884839591,1.9842705822735596,0.8994413407821229,179,sampling_geometry_dominated
rxn_45_103_800,cross_section_barn,reaction_cross_sections,5,2.652913977739718,2.371323290548066,2.152083765379674,0.21923952516839185,5,210.11196400305153,1.983431599889628,0.9101123595505618,178,sampling_geometry_dominated
rxn_45_103_800,cross_section_barn,reaction_cross_sections,6,2.7473864165928203,2.3300920331529045,2.1954439924869416,0.13464804066596292,6,284.08083495345466,1.988202874188629,0.9322033898305084,177,sampling_geometry_dominated
rxn_45_103_800,cross_section_barn,reaction_cross_sections,7,2.7946992034214158,2.3895177397461858,2.2554989035057456,0.1340188362404402,7,364.66716799652545,1.988736038968156,0.9431818181818182,176,sampling_geometry_dominated
rxn_45_103_800,cross_section_barn,reaction_cross_sections,8,2.8906862258489787,2.2908697964780487,2.2658410663081217,0.025028730169927016,8,452.8746137877671,1.990983773674607,0.9485714285714286,175,sampling_geometry_dominated
rxn_45_103_800,cross_section_barn,reaction_cross_sections,9,2.972228664166917,2.3469597346191335,2.2945836240719326,0.05237611054720093,9,545.1584983357322,1.987649690368085,0.9597701149425287,174,sampling_geometry_dominated
rxn_45_103_800,cross_section_barn,reaction_cross_sections,10,3.0324370809466483,2.346433133160062,2.327420252568365,0.019012880591696923,10,641.4284382292051,1.9816500792430625,0.9595375722543352,173,sampling_geometry_dominated
rxn_45_103_820,cross_section_barn,reaction_cross_sections,2,2.4051555107637634,2.386310444320486,1.9513507426705672,0.43495970164991893,2,119.96547907278709,2.0318892436417224,0.7371428571428571,175,sampling_geometry_dominated
rxn_45_103_820,cross_section_barn,reaction_cross_sections,3,2.4187426368931177,2.406979407662161,2.0857203902760655,0.32125901738609564,3,238.97746223007124,2.0323885078645993,0.9195402298850575,174,sampling_geometry_dominated
rxn_45_103_820,cross_section_barn,reaction_cross_sections,4,2.491440771952614,2.412144494745326,2.037134234318342,0.37501026042698404,4,386.80065808124465,2.036715966227107,0.9421965317919075,173,sampling_geometry_dominated
rxn_45_103_820,cross_section_barn,reaction_cross_sections,5,2.493346948455883,2.414096415701621,2.1103771032067624,0.3037193124948585,5,559.1468038118303,2.0330007700958563,0.9476744186046512,172,sampling_geometry_dominated
rxn_45_103_820,cross_section_barn,reaction_cross_sections,6,2.5646927288543266,2.3113474284131152,2.146274982916681,0.1650724454964343,6,755.4234249428121,2.0403663168824697,0.9590643274853801,171,sampling_geometry_dominated
rxn_45_103_820,cross_section_barn,reaction_cross_sections,7,2.6016615856001675,2.408230935150298,2.186952008554393,0.2212789265959052,7,968.4578316405651,2.03998665642692,0.9588235294117647,170,sampling_geometry_dominated
rxn_45_103_820,cross_section_barn,reaction_cross_sections,8,2.599439783743098,2.410937229503393,2.246491661255482,0.16444556824791068,8,1198.5370735892895,2.0393733571859083,0.9822485207100592,169,sampling_geometry_dominated
rxn_45_103_820,cross_section_barn,reaction_cross_sections,9,2.7005660478132665,2.4230257779392366,2.270790385093119,0.15223539284611753,9,1438.2323817696763,2.0337031988130234,0.9940476190476191,168,sampling_geometry_dominated
rxn_45_103_820,cross_section_barn,reaction_cross_sections,10,2.7142880485210874,2.4902065432448857,2.3145704874234396,0.17563605582144604,10,1683.8201237113071,2.0245123097584155,1.0,167,sampling_geometry_dominated
rxn_45_103_849,cross_section_barn,reaction_cross_sections,2,3.0406744828507506,3.3639501103120315,2.879892488433458,0.4840576218785735,2,4.682876069971903,1.664398097307953,0.7653631284916201,179,sampling_geometry_dominated
rxn_45_103_849,cross_section_barn,reaction_cross_sections,3,2.9890807561850874,3.38177750698556,2.914707898466146,0.4670696085194139,3,9.126378988210401,1.6795671457535712,0.9550561797752809,178,sampling_geometry_dominated
rxn_45_103_849,cross_section_barn,reaction_cross_sections,4,2.992696538793324,3.398563577186607,2.9778350331266665,0.42072854405994065,4,14.308400524208901,1.6914188902600718,0.9491525423728814,177,sampling_geometry_dominated
rxn_45_103_849,cross_section_barn,reaction_cross_sections,5,3.0594130855909376,3.4052636659285094,2.988732784680531,0.41653088124797844,5,20.080625683365977,1.7049243371957283,0.9886363636363636,176,sampling_geometry_dominated
rxn_45_103_849,cross_section_barn,reaction_cross_sections,6,3.1838314465863515,3.3922379994164955,2.989293223827402,0.4029447755890936,6,26.496367063969245,1.7145315827764025,0.9942857142857143,175,sampling_geometry_dominated
rxn_45_103_849,cross_section_barn,reaction_cross_sections,7,3.2431366371906085,3.339358526467006,3.07551735104987,0.2638411754171357,7,33.39490484408885,1.7210559063621174,1.0,174,sampling_geometry_dominated
rxn_45_103_849,cross_section_barn,reaction_cross_sections,8,3.318744679637322,3.357277426125793,3.1030403144810865,0.25423711164470664,8,40.83299009362599,1.7273141373020087,1.0,173,sampling_geometry_dominated
rxn_45_103_849,cross_section_barn,reaction_cross_sections,9,3.3556430540258058,3.362891343350257,3.151209835660156,0.21168150769010108,9,48.697340177686065,1.730794384128256,1.0,172,sampling_geometry_dominated
rxn_45_103_849,cross_section_barn,reaction_cross_sections,10,3.3548435690762846,3.337904405612894,3.2069178937222462,0.1309865118906477,10,56.98144592100662,1.7313753346087266,1.0,171,sampling_geometry_dominated
rxn_48_114_5,cross_section_barn,reaction_cross_sections,2,2.415573884349614,2.0356677976284407,1.840880826965281,0.19478697066315975,2,0.9795895808353974,2.3016073860490924,0.9080459770114943,87,sampling_geometry_dominated
rxn_48_114_5,cross_section_barn,reaction_cross_sections,3,2.6129588004177973,2.272431983660775,2.130445360644552,0.14198662301622322,3,1.8678183598928884,2.2474928847148825,1.0,86,sampling_geometry_dominated
rxn_48_114_5,cross_section_barn,reaction_cross_sections,4,2.5926513438631513,2.3951335757232806,2.277277779554717,0.11785579616856356,4,2.8143494843092327,2.1862577362279962,1.0,85,sampling_geometry_dominated
rxn_48_114_5,cross_section_barn,reaction_cross_sections,5,2.6667496014585255,2.562554751384558,2.5134719769034377,0.04908277448112042,5,3.725770502678566,2.101862994370847,1.0,84,sampling_geometry_dominated
rxn_48_114_5,cross_section_barn,reaction_cross_sections,6,2.752984523323164,2.857094506878751,2.8095481804860087,0.047546326392742255,6,4.625513532621886,2.0208140039800297,1.0,83,sampling_geometry_dominated
rxn_48_114_5,cross_section_barn,reaction_cross_sections,7,2.818709425256953,2.8898820721687657,2.9712533416136786,0.08137126944491291,7,5.5013189838460175,1.9427803110548503,1.0,82,sampling_geometry_dominated
rxn_48_114_5,cross_section_barn,reaction_cross_sections,8,2.9139497891631976,2.9984727028067013,3.003312354334031,0.004839651527329902,8,6.356071507670956,1.8675499002206901,1.0,81,sampling_geometry_dominated
rxn_48_114_5,cross_section_barn,reaction_cross_sections,9,3.0598046108598056,3.1103025453241546,3.1069820571164426,0.0033204882077120246,9,7.199671572379327,1.7924295431214212,1.0,80,sampling_geometry_dominated
rxn_48_114_5,cross_section_barn,reaction_cross_sections,10,3.1489425297103755,3.236097721388607,3.2171564962204635,0.01894122516814356,10,8.045410439806696,1.7165163037613766,1.0,79,sampling_geometry_dominated
rxn_4_9_751,cross_section_barn,reaction_cross_sections,2,2.600662811865991,3.318318818329966,3.544643895044227,0.22632507671426083,2,2.30383308376323,1.56109837546964,0.9180327868852459,61,sampling_geometry_dominated
rxn_4_9_751,cross_section_barn,reaction_cross_sections,3,2.648142169057288,3.2383503093523243,3.172999812061571,0.06535049729075348,3,4.356409407381482,1.511312606064944,0.95,60,sampling_geometry_dominated
rxn_4_9_751,cross_section_barn,reaction_cross_sections,4,2.6796983611836795,3.126409072612094,2.9455613406285144,0.1808477319835795,4,6.802138346129483,1.4632522872478702,1.0,59,sampling_geometry_dominated
rxn_4_9_751,cross_section_barn,reaction_cross_sections,5,2.6775498582512105,3.1017238032987517,2.952240765591317,0.14948303770743454,5,9.670352428295839,1.4357495805336276,1.0,58,sampling_geometry_dominated
rxn_4_9_751,cross_section_barn,reaction_cross_sections,6,2.6968393562320494,3.0847036095173017,2.948833455164276,0.13587015435302563,6,12.960013531530118,1.430109874383219,1.0,57,sampling_geometry_dominated
rxn_52_123_5,cross_section_barn,reaction_cross_sections,2,2.1821896982994704,1.8966825852672733,1.6634212450044774,0.23326134026279588,2,1.244358250829513,2.6049798994484306,0.8850574712643678,87,sampling_geometry_dominated
rxn_52_123_5,cross_section_barn,reaction_cross_sections,3,2.3614228522390035,2.0218698278054537,1.938880350677101,0.08298947712835258,3,2.2880851803757754,2.461853835275336,0.9883720930232558,86,sampling_geometry_dominated
rxn_52_123_5,cross_section_barn,reaction_cross_sections,4,2.420819317039846,2.129028260672854,2.0573531627160775,0.0716750979567764,4,3.3112001943135816,2.342907743561397,1.0,85,sampling_geometry_dominated
rxn_52_123_5,cross_section_barn,reaction_cross_sections,5,2.503041237414316,2.282652236645119,2.2348219667126443,0.047830269932474856,5,4.310497917928304,2.2349154943703784,1.0,84,sampling_geometry_dominated
rxn_52_123_5,cross_section_barn,reaction_cross_sections,6,2.558323849179008,2.4101049844050397,2.5571257525301876,0.14702076812514786,6,5.258339511095468,2.139447849511007,1.0,83,sampling_geometry_dominated
rxn_52_123_5,cross_section_barn,reaction_cross_sections,7,2.6434381330895897,2.6727600614047997,2.8349752699042834,0.16221520849948368,7,6.1685858285240895,2.0470217425643153,1.0,82,sampling_geometry_dominated
rxn_52_123_5,cross_section_barn,reaction_cross_sections,8,2.754137311388134,2.7979622589151507,2.8248085832181493,0.026846324302998603,8,7.082089933824032,1.958745089762809,1.0,81,sampling_geometry_dominated
rxn_52_123_5,cross_section_barn,reaction_cross_sections,9,2.877007782600493,3.0190032270874925,2.8101352142778486,0.20886801280964384,9,8.003508409361597,1.8735150860944059,1.0,80,sampling_geometry_dominated
rxn_52_123_5,cross_section_barn,reaction_cross_sections,10,2.965492568121811,3.1080211793311654,2.9564289061579867,0.1515922731731787,10,8.941232893127346,1.7905930468660385,1.0,79,sampling_geometry_dominated
rxn_60_142_5,cross_section_barn,reaction_cross_sections,2,2.235730159941952,1.70312133519815,1.522970895445193,0.18015043975295697,2,1.1631180218369612,2.7003537357082954,0.8390804597701149,87,sampling_geometry_dominated
rxn_60_142_5,cross_section_barn,reaction_cross_sections,3,2.367029874206516,2.0014988815218704,1.8603351471635723,0.1411637343582981,3,2.0834948335475807,2.5218918370738925,0.9302325581395349,86,sampling_geometry_dominated
rxn_60_142_5,cross_section_barn,reaction_cross_sections,4,2.381869615897036,2.129028260672854,2.0091194513030204,0.1199088093698335,4,3.0162165973301827,2.4029576885690815,0.9647058823529412,85,sampling_geometry_dominated
rxn_60_142_5,cross_section_barn,reaction_cross_sections,5,2.4554221897952684,2.2704192471793947,2.2317869555384835,0.0386322916409112,5,3.9286618764893486,2.2813670267276858,0.9761904761904762,84,sampling_geometry_dominated
rxn_60_142_5,cross_section_barn,reaction_cross_sections,6,2.489340956775601,2.422646901916687,2.66006793673143,0.23742103481474297,6,4.80404139653931,2.1758549506871208,0.9759036144578314,83,sampling_geometry_dominated
rxn_60_142_5,cross_section_barn,reaction_cross_sections,7,2.5828306104935472,2.661508162446879,2.8216590298841577,0.1601508674372787,7,5.663272190555276,2.077116967749694,1.0,82,sampling_geometry_dominated
rxn_60_142_5,cross_section_barn,reaction_cross_sections,8,2.741429657385666,2.777871780324883,2.753771285570121,0.02410049475476228,8,6.501456866390556,1.9851654590031214,1.0,81,sampling_geometry_dominated
rxn_60_142_5,cross_section_barn,reaction_cross_sections,9,2.79257168882345,2.9866139338827677,2.6983246344248766,0.28828929945789117,9,7.3383152113625645,1.894782078184751,1.0,80,sampling_geometry_dominated
rxn_60_142_5,cross_section_barn,reaction_cross_sections,10,2.829354751638729,3.0903250755768936,2.8804991423530124,0.2098259332238812,10,8.187477035216268,1.8051198465992602,1.0,79,sampling_geometry_dominated
rxn_63_153_5,cross_section_barn,reaction_cross_sections,2,2.53972758674701,2.7219691714307057,2.1056951921839118,0.616273979246794,2,0.6650003547041897,2.0290952276724155,0.8275862068965517,87,sampling_geometry_dominated
rxn_63_153_5,cross_section_barn,reaction_cross_sections,3,2.56658289019438,2.759644005258026,2.2021639091006313,0.5574800961573945,3,1.4185112308933452,1.9482587342843898,0.9418604651162791,86,sampling_geometry_dominated
rxn_63_153_5,cross_section_barn,reaction_cross_sections,4,2.6717134715134296,2.5847444559884987,2.253748367790011,0.33099608819848747,4,2.473901680177452,1.9338342846386016,0.9647058823529412,85,sampling_geometry_dominated
rxn_63_153_5,cross_section_barn,reaction_cross_sections,5,2.7781748627913503,2.614966458689604,2.28848824849837,0.326478210191234,5,3.630150400732415,1.9307587258064518,1.0,84,sampling_geometry_dominated
rxn_63_153_5,cross_section_barn,reaction_cross_sections,6,2.8527681965865277,2.761280098310671,2.6974598449533156,0.0638202533573553,6,4.725068650249896,1.8945184797476122,1.0,83,sampling_geometry_dominated
rxn_63_153_5,cross_section_barn,reaction_cross_sections,7,2.897493879930668,2.848036142843518,2.8817512534982916,0.03371511065477373,7,5.731631747339137,1.8429471368699757,1.0,82,sampling_geometry_dominated
rxn_63_153_5,cross_section_barn,reaction_cross_sections,8,2.986287148373043,2.9480716637518416,2.9348077244373068,0.013263939314534845,8,6.6492575870066855,1.7796193763192598,1.0,81,sampling_geometry_dominated
rxn_63_153_5,cross_section_barn,reaction_cross_sections,9,3.0019687544439657,3.131734439813228,2.7802988631956205,0.3514355766176074,9,7.546041943396506,1.7103073608218025,1.0,80,sampling_geometry_dominated
rxn_63_153_5,cross_section_barn,reaction_cross_sections,10,3.140531712681554,3.236003802603763,2.8683623704388017,0.3676414321649615,10,8.445518387160856,1.6368026101950124,1.0,79,sampling_geometry_dominated
rxn_65_159_4,cross_section_barn,reaction_cross_sections,2,2.3067800723463843,2.5920904296039855,2.7645735635429034,0.1724831339389179,2,7.179638667181196,1.901967556052641,0.8873239436619719,142,sampling_geometry_dominated
rxn_65_159_4,cross_section_barn,reaction_cross_sections,3,2.4302564178429975,2.5514478952398667,2.7455397627002602,0.19409186746039353,3,12.96132595416675,1.92551607369203,0.950354609929078,141,sampling_geometry_dominated
rxn_65_159_4,cross_section_barn,reaction_cross_sections,4,2.4022627561442444,2.534375049544903,2.6020397281925645,0.06766467864766135,4,19.153671665005543,1.9439311992580555,0.9642857142857143,140,sampling_geometry_dominated
rxn_65_159_4,cross_section_barn,reaction_cross_sections,5,2.5459083789294517,2.605784758069946,2.5741994377421533,0.03158532032779249,5,25.620098250274157,1.9425049577337916,0.9784172661870504,139,sampling_geometry_dominated
rxn_65_159_4,cross_section_barn,reaction_cross_sections,6,2.603615217926197,2.57715686448219,2.545644203433443,0.031512661048746615,6,33.194278661051406,1.9108765004889756,0.9855072463768116,138,sampling_geometry_dominated
rxn_65_159_4,cross_section_barn,reaction_cross_sections,7,2.5690249678906594,2.5978025853243136,2.574838835065839,0.022963750258474747,7,42.76374800674013,1.8586419077447287,0.9854014598540146,137,sampling_geometry_dominated
rxn_65_159_4,cross_section_barn,reaction_cross_sections,8,2.589105828941533,2.562564354864792,2.571217898176212,0.008653543311420098,8,54.95467799678242,1.7873084034157993,0.9926470588235294,136,sampling_geometry_dominated
rxn_65_159_4,cross_section_barn,reaction_cross_sections,9,2.5574473535928552,2.58344568695824,2.585950569868085,0.0025048829098452963,9,69.32263340420235,1.7389747777484779,1.0,135,sampling_geometry_dominated
rxn_65_159_4,cross_section_barn,reaction_cross_sections,10,2.6075105900940705,2.5554176797108905,2.5267848720273935,0.028632807683496964,10,85.3427703991438,1.7200881356059248,1.0,134,sampling_geometry_dominated
rxn_65_159_606,cross_section_barn,reaction_cross_sections,2,3.009363017185792,2.99054128863805,2.96806291877763,0.022478369860419622,2,24.56459048879851,1.4999406557613677,0.7716535433070866,127,sampling_geometry_dominated
rxn_65_159_606,cross_section_barn,reaction_cross_sections,3,3.0738564215215174,3.074546787720762,2.9703216472547167,0.10422514046604547,3,47.95841047654141,1.4843172686218755,0.9682539682539683,126,sampling_geometry_dominated
rxn_65_159_606,cross_section_barn,reaction_cross_sections,4,3.1078507969879334,3.1026106207315047,2.9208348599492826,0.18177576078222213,4,75.94936538302282,1.4676856401589637,0.976,125,sampling_geometry_dominated
rxn_65_159_606,cross_section_barn,reaction_cross_sections,5,3.2665944956408177,3.2586876408718988,2.827096410877384,0.4315912299945146,5,108.01772417851579,1.4529024503523644,0.9838709677419355,124,sampling_geometry_dominated
rxn_65_159_606,cross_section_barn,reaction_cross_sections,6,3.310867039752563,3.233472751587098,2.95331820044379,0.2801545511433079,6,143.85387624364418,1.4397888846640718,0.991869918699187,123,sampling_geometry_dominated
rxn_65_159_606,cross_section_barn,reaction_cross_sections,7,3.402266371534169,3.285618899952433,2.988393418324843,0.2972254816275899,7,183.89370028655347,1.4284413751073717,1.0,122,sampling_geometry_dominated
rxn_65_159_606,cross_section_barn,reaction_cross_sections,8,3.4353113777347026,3.243619853898766,3.027356910803951,0.21626294309481509,8,228.48177689933493,1.418846017795634,1.0,121,sampling_geometry_dominated
rxn_65_159_606,cross_section_barn,reaction_cross_sections,9,3.5909317727239367,3.342103616351707,3.199937697964873,0.142165918386834,9,277.78837778959706,1.409498206374693,1.0,120,sampling_geometry_dominated
rxn_65_159_606,cross_section_barn,reaction_cross_sections,10,3.5845386814521616,3.3225659969762162,3.2732742099367123,0.04929178703950399,10,330.7717666435363,1.3994974497984713,1.0,119,sampling_geometry_dominated
rxn_65_159_626,cross_section_barn,reaction_cross_sections,2,2.8627182068423904,3.0815174080731076,3.0269696218677886,0.05454778620531897,2,38.24682898431783,1.6408523515166935,0.8426966292134831,89,sampling_geometry_dominated
rxn_65_159_626,cross_section_barn,reaction_cross_sections,3,2.949884873868363,3.0493722318474923,2.929800652187339,0.1195715796601533,3,77.64146883232479,1.5612434285540677,0.9772727272727273,88,sampling_geometry_dominated
rxn_65_159_626,cross_section_barn,reaction_cross_sections,4,3.1123391301254406,3.151581283376166,2.963283463250085,0.18829782012608076,4,127.49056737835565,1.4893345168175052,0.9885057471264368,87,sampling_geometry_dominated
rxn_65_159_626,cross_section_barn,reaction_cross_sections,5,3.2391799384117688,3.2559954019211412,2.906143558933702,0.3498518429874391,5,187.59009281850985,1.4471052539786606,1.0,86,sampling_geometry_dominated
rxn_65_159_626,cross_section_barn,reaction_cross_sections,6,3.3711348271079933,3.3067466276157256,3.049532406267791,0.2572142213479345,6,258.25869089778996,1.4199753590088604,1.0,85,sampling_geometry_dominated
rxn_65_159_626,cross_section_barn,reaction_cross_sections,7,3.459140056114219,3.1680417149630795,3.1114409348865038,0.05660078007657576,7,340.02178965393176,1.4054023412160361,1.0,84,sampling_geometry_dominated
rxn_65_159_626,cross_section_barn,reaction_cross_sections,8,3.6018330095033138,3.275856066782209,3.0992770598168184,0.17657900696539075,8,428.1456090982759,1.3883492395908597,0.9879518072289156,83,sampling_geometry_dominated
rxn_65_159_626,cross_section_barn,reaction_cross_sections,9,3.7615497173731236,3.2305456669168042,3.2009768892947044,0.029568777622099862,9,523.0388129298362,1.3736455061165025,0.9878048780487805,82,sampling_geometry_dominated
rxn_65_159_626,cross_section_barn,reaction_cross_sections,10,3.8025054893898864,3.3721105115288053,3.2730040807672807,0.09910643076152459,10,621.3248476199436,1.3564038098686118,1.0,81,sampling_geometry_dominated
rxn_65_159_802,cross_section_barn,reaction_cross_sections,2,2.997367965880113,3.0516664206376953,2.820987863006363,0.23067855763133238,2,10.971400490186195,1.506557617735395,0.8098159509202454,163,sampling_geometry_dominated
rxn_65_159_802,cross_section_barn,reaction_cross_sections,3,3.22684589520152,3.1380165154140935,3.101528719274701,0.03648779613939235,3,21.02573327331201,1.4964390191745371,0.9753086419753086,162,sampling_geometry_dominated
rxn_65_159_802,cross_section_barn,reaction_cross_sections,4,3.2532422841568636,3.349405717363184,3.184671246197469,0.16473447116571505,4,33.21452407973851,1.4863364803128771,0.9937888198757764,161,sampling_geometry_dominated
rxn_65_159_802,cross_section_barn,reaction_cross_sections,5,3.424081222277344,3.4050322051127555,3.291411130516404,0.11362107459635151,5,47.059795869636474,1.473896385989461,0.99375,160,sampling_geometry_dominated
rxn_65_159_802,cross_section_barn,reaction_cross_sections,6,3.418584247919932,3.45025480695167,3.217326386284712,0.23292842066695796,6,62.23238747247754,1.4587886953769662,0.9937106918238994,159,sampling_geometry_dominated
rxn_65_159_802,cross_section_barn,reaction_cross_sections,7,3.5590540663981654,3.3654406149175657,3.222483413206555,0.14295720171101056,7,78.03887662434703,1.440955240459278,0.9936708860759493,158,sampling_geometry_dominated
rxn_65_159_802,cross_section_barn,reaction_cross_sections,8,3.628889831455724,3.523856551228507,3.2800552183319693,0.24380133289653783,8,94.73352334957671,1.4265321010209833,0.9936305732484076,157,sampling_geometry_dominated
rxn_65_159_802,cross_section_barn,reaction_cross_sections,9,3.6340388663302168,3.5575450686959016,3.2584690738913578,0.29907599480454383,9,112.5738814955848,1.4133550868919411,1.0,156,sampling_geometry_dominated
rxn_65_159_802,cross_section_barn,reaction_cross_sections,10,3.748781866126726,3.4928509957622973,3.261216960165429,0.23163403559686824,10,131.5954753687992,1.4017538554069306,1.0,155,sampling_geometry_dominated
rxn_65_159_823,cross_section_barn,reaction_cross_sections,2,2.8891944918794876,2.9989710612034557,3.060575891726973,0.061604830523517506,2,25.133447415550528,1.8464492247220485,0.7757575757575758,165,sampling_geometry_dominated
rxn_65_159_823,cross_section_barn,reaction_cross_sections,3,2.998906045648179,3.1174721641729124,3.173219134081863,0.05574696990895056,3,48.03015521849479,1.8545436653597707,0.9512195121951219,164,sampling_geometry_dominated
rxn_65_159_823,cross_section_barn,reaction_cross_sections,4,3.0539251396122813,3.0832313914975997,3.108940769321793,0.025709377824193247,4,73.45428355065282,1.8676423607359107,0.9570552147239264,163,sampling_geometry_dominated
rxn_65_159_823,cross_section_barn,reaction_cross_sections,5,3.2387293651236866,3.197113795706907,3.256074406721064,0.05896061101415695,5,100.9295310009174,1.8784884106334176,0.9629629629629629,162,sampling_geometry_dominated
rxn_65_159_823,cross_section_barn,reaction_cross_sections,6,3.2477776793838373,3.2352408701109865,3.3035231692961906,0.06828229918520412,6,130.2055643768046,1.8795378469232267,0.9751552795031055,161,sampling_geometry_dominated
rxn_65_159_823,cross_section_barn,reaction_cross_sections,7,3.335744121122046,3.22540664185112,3.1922463227160884,0.03316031913503137,7,162.24666355036052,1.8568218936971959,0.975,160,sampling_geometry_dominated
rxn_65_159_823,cross_section_barn,reaction_cross_sections,8,3.3832662339021464,3.2888236539215083,3.1601882768438116,0.12863537707769668,8,199.2933041588598,1.8057135713037789,0.9874213836477987,159,sampling_geometry_dominated
rxn_65_159_823,cross_section_barn,reaction_cross_sections,9,3.4453351694578584,3.427120300157806,3.2128676503627545,0.21425264979505165,9,242.72765192864057,1.733467348852432,0.9936708860759493,158,sampling_geometry_dominated
rxn_65_159_823,cross_section_barn,reaction_cross_sections,10,3.5581127749197803,3.474820368630234,3.1890463275148937,0.28577404111534044,10,294.40660978349797,1.652175639836416,1.0,157,sampling_geometry_dominated
rxn_65_159_87,cross_section_barn,reaction_cross_sections,2,2.1016920653043534,2.7033410159050812,2.8058279011639637,0.1024868852588825,2,107.83692060721462,1.733008977494661,0.9722222222222222,72,sampling_geometry_dominated
rxn_65_159_87,cross_section_barn,reaction_cross_sections,3,2.08709390886774,2.681930341757625,2.8352487469386234,0.1533184051809986,3,165.8720655748395,1.777758253866447,0.9859154929577465,71,sampling_geometry_dominated
rxn_65_159_87,cross_section_barn,reaction_cross_sections,4,2.1880219192735546,2.767434667627963,2.767434667627963,0.0,4,218.99651722845508,1.763110343300094,0.9857142857142858,70,sampling_geometry_dominated
rxn_65_159_87,cross_section_barn,reaction_cross_sections,5,2.355337808630277,2.7972587791447205,2.7682732718983436,0.02898550724637694,5,267.55276312784497,1.7408684864451938,1.0,69,sampling_geometry_dominated
rxn_65_159_87,cross_section_barn,reaction_cross_sections,6,2.4097529595686673,2.827762367877671,2.727502080122281,0.10026028775538975,6,313.59397372485085,1.7288080086661384,1.0,68,sampling_geometry_dominated
rxn_65_159_87,cross_section_barn,reaction_cross_sections,7,2.465608305997005,2.8291171935100934,2.75773647121387,0.07138072229622328,7,357.20734578425197,1.722889235692615,1.0,67,sampling_geometry_dominated
rxn_65_159_87,cross_section_barn,reaction_cross_sections,8,2.5040966619441902,2.8302928082125796,2.758377092153992,0.07191571605858771,8,398.52011847577046,1.7211867697298469,1.0,66,sampling_geometry_dominated
rxn_67_165_605,cross_section_barn,reaction_cross_sections,2,2.9827607282019204,2.830248011152302,2.7068872766700327,0.12336073448226914,2,35.62202276835918,1.4893984691334214,0.85,80,sampling_geometry_dominated
rxn_67_165_605,cross_section_barn,reaction_cross_sections,3,3.0622076854637648,3.006569941512147,2.7899373939625507,0.2166325475495965,3,69.7867632732099,1.4612272900212027,1.0,79,sampling_geometry_dominated
rxn_67_165_605,cross_section_barn,reaction_cross_sections,4,3.192681459133128,3.106080337310519,2.7996550799263655,0.3064252573841535,4,111.65472529710493,1.4392465255013145,0.9871794871794872,78,sampling_geometry_dominated
rxn_67_165_605,cross_section_barn,reaction_cross_sections,5,3.274748893943973,3.1806565238422,2.931213041259614,0.2494434825825862,5,159.83285501444735,1.4216709601343827,0.987012987012987,77,sampling_geometry_dominated
rxn_67_165_605,cross_section_barn,reaction_cross_sections,6,3.4298205001143787,3.216520950288041,2.98366077720209,0.23286017308595097,6,215.21336861167995,1.4119250155536631,0.9868421052631579,76,sampling_geometry_dominated
rxn_67_165_605,cross_section_barn,reaction_cross_sections,7,3.433791023079212,3.177011036658666,3.15662509460915,0.02038594204951627,7,277.7544766795629,1.4021912342664817,0.9866666666666667,75,sampling_geometry_dominated
rxn_67_165_605,cross_section_barn,reaction_cross_sections,8,3.5272437493203213,3.270201176028482,3.1974861489020423,0.07271502712643985,8,345.17590966851054,1.3849148241830587,0.9864864864864865,74,sampling_geometry_dominated
rxn_67_165_605,cross_section_barn,reaction_cross_sections,9,3.703389284848141,3.3011644553993773,3.309556757063605,0.008392301664227553,9,416.80652060941964,1.3646571962641219,1.0,73,sampling_geometry_dominated
rxn_67_165_70,cross_section_barn,reaction_cross_sections,2,2.1540022220622124,2.2883178943987823,2.22450380341102,0.06381409098776247,2,424.946774264843,2.1296974995442435,0.9636363636363636,55,sampling_geometry_dominated
rxn_67_165_70,cross_section_barn,reaction_cross_sections,3,2.123085649350075,2.305261704103519,2.2341967604611863,0.07106494364233251,3,680.1138097473932,2.133095674224848,1.0,54,sampling_geometry_dominated
rxn_67_165_70,cross_section_barn,reaction_cross_sections,4,2.088822576184205,2.302922235825957,2.2651863867693534,0.037735849056603765,4,877.5449664628924,2.150469964893277,1.0,53,sampling_geometry_dominated
rxn_67_165_70,cross_section_barn,reaction_cross_sections,5,2.1181360047711446,2.335560168092793,2.2970986296312548,0.038461538461538325,5,1016.518812446787,2.1494703497410708,1.0,52,sampling_geometry_dominated
rxn_67_165_70,cross_section_barn,reaction_cross_sections,6,2.1483346732523776,2.369189931406222,2.2907585588572017,0.07843137254902022,6,1120.2348667774202,2.1350806750066975,1.0,51,sampling_geometry_dominated
rxn_68_166_5,cross_section_barn,reaction_cross_sections,2,2.471856607938577,2.76968789060353,2.198430016288658,0.5712578743148717,2,0.7200647991912739,2.1075843389664337,0.8160919540229885,87,sampling_geometry_dominated
rxn_68_166_5,cross_section_barn,reaction_cross_sections,3,2.5576694108577573,2.850474520645731,2.2574532986606712,0.5930212219850599,3,1.5991143820679816,1.9657574057406184,0.9534883720930233,86,sampling_geometry_dominated
rxn_68_166_5,cross_section_barn,reaction_cross_sections,4,2.6722354018183307,2.7826515522434545,2.3862525462860633,0.3963990059573912,4,2.73511160820793,1.9018114737422431,0.9764705882352941,85,sampling_geometry_dominated
rxn_68_166_5,cross_section_barn,reaction_cross_sections,5,2.8032065854186943,2.664689061330603,2.49839410020523,0.1662949611253728,5,4.016769394456916,1.9097898715136548,1.0,84,sampling_geometry_dominated
rxn_68_166_5,cross_section_barn,reaction_cross_sections,6,2.8638321541728375,2.7895574910839156,2.7957540013368565,0.006196510252940879,6,5.272930362789563,1.891553342098872,1.0,83,sampling_geometry_dominated
rxn_68_166_5,cross_section_barn,reaction_cross_sections,7,2.889887218214267,2.926050391725395,2.9948350792743015,0.06878468754890665,7,6.394429244438876,1.846616392567933,1.0,82,sampling_geometry_dominated
rxn_68_166_5,cross_section_barn,reaction_cross_sections,8,2.840661457589382,3.0256339509371557,3.0010938688092774,0.024540082127878282,8,7.413050639440267,1.7872335908413264,1.0,81,sampling_geometry_dominated
rxn_68_166_5,cross_section_barn,reaction_cross_sections,9,3.06140484822101,3.1362344590860456,3.0184306811968957,0.11780377788914986,9,8.401238881694763,1.7227348953085255,1.0,80,sampling_geometry_dominated
rxn_68_166_5,cross_section_barn,reaction_cross_sections,10,3.158378668810884,3.230934070934527,3.1049121057033293,0.1260219652311978,10,9.395551769815901,1.6557278890010168,1.0,79,sampling_geometry_dominated
rxn_69_169_61,cross_section_barn,reaction_cross_sections,2,2.319613935549651,2.627491632992984,2.54491529937255,0.08257633362043393,2,105.04296172395568,2.0000543112541265,0.9540229885057471,87,sampling_geometry_dominated
rxn_69_169_61,cross_section_barn,reaction_cross_sections,3,2.2637672634944668,2.604181038764734,2.5393612649212347,0.06481977384349946,3,175.49199413265438,2.0528473465459323,0.9883720930232558,86,sampling_geometry_dominated
rxn_69_169_61,cross_section_barn,reaction_cross_sections,4,2.2961407161581784,2.617218329149313,2.6318667114768015,0.014648382327488552,4,243.14401917028795,2.090246929516877,1.0,85,sampling_geometry_dominated
rxn_69_169_61,cross_section_barn,reaction_cross_sections,5,2.321779511164981,2.6402013174751855,2.6550240853065725,0.01482276783138703,5,302.53770290366026,2.1090049891166425,1.0,84,sampling_geometry_dominated
rxn_69_169_61,cross_section_barn,reaction_cross_sections,6,2.342014810255603,2.645420697045278,2.6259098789915,0.019510818053777967,6,351.8868237618613,2.1112487794772288,1.0,83,sampling_geometry_dominated
rxn_69_169_61,cross_section_barn,reaction_cross_sections,7,2.3962198424241374,2.702642437629508,2.6496424931216236,0.05299994450788459,7,393.3035644757388,2.102517604251279,1.0,82,sampling_geometry_dominated
rxn_69_169_61,cross_section_barn,reaction_cross_sections,8,2.4286960838121163,2.649137694354999,2.6645094535875486,0.015371759232549742,8,429.75398841037827,2.0907462739227993,1.0,81,sampling_geometry_dominated
rxn_69_169_61,cross_section_barn,reaction_cross_sections,9,2.4506457887240725,2.6734822215897545,2.689046127812711,0.015563906222956447,9,462.0496061360777,2.0772546072319824,1.0,80,sampling_geometry_dominated
rxn_69_169_61,cross_section_barn,reaction_cross_sections,10,2.473014199240746,2.647665716065976,2.6791875514542434,0.03152183538826758,10,490.9136861844834,2.0628249292846994,1.0,79,sampling_geometry_dominated
rxn_69_169_630,cross_section_barn,reaction_cross_sections,2,3.0708746954579413,3.08152535415147,3.13152535415147,0.04999999999999982,2,29.929653584520203,1.569756417127275,0.85,80,sampling_geometry_dominated
rxn_69_169_630,cross_section_barn,reaction_cross_sections,3,3.077968603157898,3.0983096183179715,3.027335691765493,0.07097392655247825,3,59.23345305787512,1.5325827350571222,0.9746835443037974,79,sampling_geometry_dominated
rxn_69_169_630,cross_section_barn,reaction_cross_sections,4,3.1325266458387633,3.1518827356378267,2.929956498037017,0.22192623760080954,4,96.29808906567287,1.4716055458869821,0.9871794871794872,78,sampling_geometry_dominated
rxn_69_169_630,cross_section_barn,reaction_cross_sections,5,3.2226910985894714,3.17085279004787,3.072148790551591,0.09870399949627862,5,141.22808256517547,1.4135750887404794,0.987012987012987,77,sampling_geometry_dominated
rxn_69_169_630,cross_section_barn,reaction_cross_sections,6,3.38602406567471,3.209959433998965,3.127277418790055,0.08268201520891028,6,196.36238380381226,1.3685546180469703,0.9868421052631579,76,sampling_geometry_dominated
rxn_69_169_630,cross_section_barn,reaction_cross_sections,7,3.4582911158350242,3.159803583655618,3.1771237065559546,0.017320122900336354,7,259.18492774447077,1.3333297748710546,0.9866666666666667,75,sampling_geometry_dominated
rxn_69_169_630,cross_section_barn,reaction_cross_sections,8,3.4527873303429306,3.3226010000039476,3.2238990343426903,0.09870196566125733,8,330.39612091555233,1.3113366752648326,1.0,74,sampling_geometry_dominated
rxn_69_169_630,cross_section_barn,reaction_cross_sections,9,3.713730209535312,3.416077824539764,3.383356236221295,0.03272158831846905,9,405.68211210808397,1.2885133787425067,0.9863013698630136,73,sampling_geometry_dominated
rxn_69_169_77,cross_section_barn,reaction_cross_sections,2,3.6798756935519306,3.4182281332707793,3.1252059747089316,0.29302215856184777,2,4.643692191047889,1.3197920312611982,0.8275862068965517,87,sampling_geometry_dominated
rxn_69_169_77,cross_section_barn,reaction_cross_sections,3,3.6164919460979745,3.541024213590148,3.117200577996966,0.42382363559318215,3,9.107980710289047,1.3010595138141667,0.9767441860465116,86,sampling_geometry_dominated
rxn_69_169_77,cross_section_barn,reaction_cross_sections,4,3.71392855372745,3.6136208003735297,3.3094276212510927,0.30419317912243704,4,14.4679141930321,1.2912564154007946,0.9882352941176471,85,sampling_geometry_dominated
rxn_69_169_77,cross_section_barn,reaction_cross_sections,5,3.905743761420585,3.6091534526899918,3.3725598967151718,0.23659355597482,5,20.765567597534034,1.2901541514913126,1.0,84,sampling_geometry_dominated
rxn_69_169_77,cross_section_barn,reaction_cross_sections,6,4.001127616920409,3.6067343164442143,3.478811734963535,0.12792258148067948,6,27.9221183856567,1.286899123836979,0.9879518072289156,83,sampling_geometry_dominated
rxn_69_169_77,cross_section_barn,reaction_cross_sections,7,3.939505747359091,3.712769229568246,3.5841221813149584,0.12864704825328754,7,35.99410098967974,1.2825141737730033,1.0,82,sampling_geometry_dominated
rxn_69_169_77,cross_section_barn,reaction_cross_sections,8,3.972829952209625,3.668467749077049,3.5651614284615243,0.1033063206155247,8,44.70955128703747,1.2779823080403108,1.0,81,sampling_geometry_dominated
rxn_69_169_77,cross_section_barn,reaction_cross_sections,9,3.9472433330979135,3.7528667749739397,3.730199787648465,0.022666987325474786,9,53.82626950842844,1.2683712204846374,1.0,80,sampling_geometry_dominated
rxn_69_169_77,cross_section_barn,reaction_cross_sections,10,3.844734387335452,3.750253860776154,3.932124731471073,0.1818708706949188,10,63.26519870883332,1.2572500382597964,1.0,79,sampling_geometry_dominated
rxn_69_169_818,cross_section_barn,reaction_cross_sections,2,4.064763487057214,3.930942590857373,3.3233742859573376,0.6075683049000355,2,0.47256183088185927,1.2772804359691734,0.6686746987951807,166,sampling_geometry_dominated
rxn_69_169_818,cross_section_barn,reaction_cross_sections,3,4.169727655343868,4.042574413451912,3.3859251812534614,0.6566492321984505,3,0.8776405947031132,1.321867840885012,0.8484848484848485,165,sampling_geometry_dominated
rxn_69_169_818,cross_section_barn,reaction_cross_sections,4,4.24677217191022,3.9861747597155923,3.604752200732346,0.3814225589832465,4,1.3779381831256137,1.3437604960300233,0.8841463414634146,164,sampling_geometry_dominated
rxn_69_169_818,cross_section_barn,reaction_cross_sections,5,4.377255276063287,3.9831302916456517,3.6621517730797355,0.3209785185659162,5,1.9644845343769142,1.332695769669124,0.8957055214723927,163,sampling_geometry_dominated
rxn_69_169_818,cross_section_barn,reaction_cross_sections,6,4.467105581724287,4.026858427701345,3.8187747092387796,0.20808371846256568,6,2.651145947116513,1.3067224134569113,0.9074074074074074,162,sampling_geometry_dominated
rxn_69_169_818,cross_section_barn,reaction_cross_sections,7,4.5614250318904475,4.106750240898555,3.9139734428628103,0.19277679803574488,7,3.405976945861664,1.2811441132624874,0.937888198757764,161,sampling_geometry_dominated
rxn_69_169_818,cross_section_barn,reaction_cross_sections,8,4.5636256570517135,4.2179848501497545,4.008722110612832,0.2092627395369222,8,4.207992831876544,1.2616169265848305,0.96875,160,sampling_geometry_dominated
rxn_69_169_818,cross_section_barn,reaction_cross_sections,9,4.681108062601225,4.312773997493687,3.9482789197570582,0.3644950777366285,9,5.021533687845507,1.2446050386559506,0.9811320754716981,159,sampling_geometry_dominated
rxn_69_169_818,cross_section_barn,reaction_cross_sections,10,4.744786179584173,4.34724087640541,3.978052832941837,0.3691880434635726,10,5.858208620317996,1.2227560242117081,0.9936708860759493,158,sampling_geometry_dominated
rxn_69_169_849,cross_section_barn,reaction_cross_sections,2,3.1867195987721066,3.364018808451351,2.8816121578074876,0.48240665064386334,2,8.67788136668986,1.3206543945432492,0.7204301075268817,186,sampling_geometry_dominated
rxn_69_169_849,cross_section_barn,reaction_cross_sections,3,3.299957099389993,3.326439189678242,2.9226427265679833,0.40379646311025885,3,16.818987315555958,1.3132271187711513,0.9405405405405406,185,sampling_geometry_dominated
rxn_69_169_849,cross_section_barn,reaction_cross_sections,4,3.371030987466369,3.363699015647163,2.986977938753732,0.37672107689343104,4,26.20446720250709,1.3232804641229596,0.9510869565217391,184,sampling_geometry_dominated
rxn_69_169_849,cross_section_barn,reaction_cross_sections,5,3.478612557698572,3.4555670282727955,3.0864039433309696,0.3691630849418259,5,36.745873575675105,1.3290172618723892,0.9781420765027322,183,sampling_geometry_dominated
rxn_69_169_849,cross_section_barn,reaction_cross_sections,6,3.562970913715533,3.570789255299763,3.1459468456113364,0.4248424096884267,6,48.20435834030854,1.32988596624001,0.9945054945054945,182,sampling_geometry_dominated
rxn_69_169_849,cross_section_barn,reaction_cross_sections,7,3.694630951448302,3.5638102828260734,3.089731822390061,0.4740784604360124,7,60.30756746408125,1.3262036233572965,1.0,181,sampling_geometry_dominated
rxn_69_169_849,cross_section_barn,reaction_cross_sections,8,3.7215796625669295,3.6631785495689178,3.2097802995827776,0.4533982499861402,8,73.14519366091878,1.320146099512511,1.0,180,sampling_geometry_dominated
rxn_69_169_849,cross_section_barn,reaction_cross_sections,9,3.745257913769213,3.7980575531020513,3.35889019671823,0.43916735638382143,9,86.62657776898757,1.31259328658003,1.0,179,sampling_geometry_dominated
rxn_69_169_849,cross_section_barn,reaction_cross_sections,10,3.8506365866449794,3.8785183443315128,3.38319712489312,0.4953212194383929,10,100.71347920091834,1.304627980574573,0.9943820224719101,178,sampling_geometry_dominated
rxn_6_12_55,cross_section_barn,reaction_cross_sections,2,2.6852794390068544,2.880312313046783,2.8324233708223012,0.04788894222448192,2,1.5638205787306003,1.6769813137768503,0.7884615384615384,52,sampling_geometry_dominated
rxn_6_12_55,cross_section_barn,reaction_cross_sections,3,2.611332933698165,2.9254370136505523,3.143673966014009,0.21823695236345664,3,3.012774449712491,1.5663750960988452,0.8431372549019608,51,sampling_geometry_dominated
rxn_6_12_55,cross_section_barn,reaction_cross_sections,4,2.646021438519913,3.091732594800823,3.517460690678691,0.42572809587786775,4,4.3171055851181634,1.5691721893102257,0.92,50,sampling_geometry_dominated
rxn_6_12_55,cross_section_barn,reaction_cross_sections,5,2.80438239067021,3.2143573825979126,3.50432851259193,0.2899711299940173,5,5.308472724119621,1.553482050719814,0.9387755102040817,49,sampling_geometry_dominated
rxn_71_175_5,cross_section_barn,reaction_cross_sections,2,2.3237120579871657,2.5899362024507537,1.861694815613156,0.7282413868375976,2,0.7708582901946727,2.089155736154777,0.8620689655172413,87,sampling_geometry_dominated
rxn_71_175_5,cross_section_barn,reaction_cross_sections,3,2.4596548350110794,2.5898761771576915,2.056788271081911,0.5330879060757803,3,1.7003615455268495,2.0535868669893347,0.9651162790697675,86,sampling_geometry_dominated
rxn_71_175_5,cross_section_barn,reaction_cross_sections,4,2.5177745441384425,2.3056083936710827,2.137909290110071,0.1676991035610116,4,2.9077159277831726,2.0637670723699495,0.9764705882352941,85,sampling_geometry_dominated
rxn_71_175_5,cross_section_barn,reaction_cross_sections,5,2.6475872148580875,2.3776594638947985,2.1956771225458716,0.181982341348927,5,4.127401637875122,2.034836453013233,1.0,84,sampling_geometry_dominated
rxn_71_175_5,cross_section_barn,reaction_cross_sections,6,2.768649810439222,2.5473278121046006,2.4582977554893772,0.08903005661522334,6,5.27550884837282,1.9880091165582214,1.0,83,sampling_geometry_dominated
rxn_71_175_5,cross_section_barn,reaction_cross_sections,7,2.783120297456175,2.671150090255612,2.659514130585527,0.011635959670084794,7,6.301441135620613,1.9248369953001672,1.0,82,sampling_geometry_dominated
rxn_71_175_5,cross_section_barn,reaction_cross_sections,8,2.8245039558565734,2.8464845572284783,2.744361839567403,0.10212271766107506,8,7.264505920937797,1.852709262562526,1.0,81,sampling_geometry_dominated
rxn_71_175_5,cross_section_barn,reaction_cross_sections,9,2.920811917375259,2.9790074018319355,2.455756939380534,0.5232504624514016,9,8.216400034043724,1.777602138342051,1.0,80,sampling_geometry_dominated
rxn_71_175_5,cross_section_barn,reaction_cross_sections,10,2.9671130616521437,3.0795956500071253,2.5078861929390177,0.5717094570681076,10,9.174853486152283,1.6989478552432637,1.0,79,sampling_geometry_dominated
rxn_73_181_34,cross_section_barn,reaction_cross_sections,2,3.475524851984999,3.235041273426364,3.078233919936238,0.1568073534901262,2,4.025753281063799,1.1617186228248932,0.8627450980392157,51,sampling_geometry_dominated
rxn_73_181_34,cross_section_barn,reaction_cross_sections,3,3.426608527531044,3.401706277574313,3.346608527531044,0.05509775004326922,3,8.185440564808736,1.1110463712407257,0.98,50,sampling_geometry_dominated
rxn_73_181_34,cross_section_barn,reaction_cross_sections,4,3.6311700604435613,3.5495374073823367,3.32680177044132,0.2227356369410165,4,13.375154805723808,1.0792969897914897,0.9591836734693877,49,sampling_geometry_dominated
rxn_73_181_34,cross_section_barn,reaction_cross_sections,5,3.771240625180289,3.588847135551883,3.5758257945180882,0.013021341033794709,5,19.544500195390324,1.058102608704449,0.9791666666666666,48,sampling_geometry_dominated
rxn_73_181_605,cross_section_barn,reaction_cross_sections,2,2.460652686389039,2.4251849913000862,2.1599486542480366,0.26523633705204963,2,101.28558286990913,1.9932199302234432,0.7211538461538461,104,sampling_geometry_dominated
rxn_73_181_605,cross_section_barn,reaction_cross_sections,3,2.26458549602448,2.6653381849245763,2.4137697375095475,0.2515684474150288,3,181.36096924883702,1.991031571342409,0.8640776699029126,103,sampling_geometry_dominated
rxn_73_181_605,cross_section_barn,reaction_cross_sections,4,2.4398903385073787,2.604833253048949,2.623067751531167,0.01823449848221781,4,274.1319923196696,1.9585772146592066,0.9019607843137255,102,sampling_geometry_dominated
rxn_73_181_605,cross_section_barn,reaction_cross_sections,5,2.475608134618904,2.8446637279134324,2.8608565202243206,0.016192792310888215,5,363.62975873512914,1.8922225270146353,0.9207920792079208,101,sampling_geometry_dominated
rxn_73_181_605,cross_section_barn,reaction_cross_sections,6,2.582461134095361,2.938678337579098,2.7570752073447093,0.18160313023438857,6,452.0043968734223,1.7765963698154512,0.96,100,sampling_geometry_dominated
rxn_73_181_605,cross_section_barn,reaction_cross_sections,7,2.672739141337798,2.94529954291241,2.840710762379118,0.1045887805332919,7,547.8721481810063,1.6691660067726166,0.9797979797979798,99,sampling_geometry_dominated
rxn_73_181_605,cross_section_barn,reaction_cross_sections,8,2.798541417465032,3.1348262969384972,2.9286933307524143,0.2061329661860829,8,651.8774386143341,1.5796906956666537,1.0,98,sampling_geometry_dominated
rxn_73_181_605,cross_section_barn,reaction_cross_sections,9,2.856242288552216,3.1907630705394254,2.901751495387615,0.28901157515181053,9,765.8003383973368,1.5060103191287137,1.0,97,sampling_geometry_dominated
rxn_73_181_605,cross_section_barn,reaction_cross_sections,10,2.9314099637359505,3.2353963033561906,2.97008137964493,0.2653149237112604,10,899.493562289731,1.4565482520430928,1.0,96,sampling_geometry_dominated
rxn_73_181_625,cross_section_barn,reaction_cross_sections,2,1.965301207384814,2.0644678942239802,2.075586797405792,0.011118903181811746,2,329.0196842423769,2.448660298408627,0.7766990291262136,103,sampling_geometry_dominated
rxn_73_181_625,cross_section_barn,reaction_cross_sections,3,2.063902193002853,2.3396069772163672,2.1958802145552463,0.14372676266112094,3,582.9788466233467,2.278899089527511,0.8823529411764706,102,sampling_geometry_dominated
rxn_73_181_625,cross_section_barn,reaction_cross_sections,4,2.139856580161797,2.328148276472343,2.3816000890389457,0.05345181256660281,4,846.3891338533824,2.2225561815521027,0.9306930693069307,101,sampling_geometry_dominated
rxn_73_181_625,cross_section_barn,reaction_cross_sections,5,2.319458320954876,2.449317111306229,2.4617682362845943,0.012451124978365424,5,1138.4284271579616,2.095673995755493,0.96,100,sampling_geometry_dominated
rxn_73_181_625,cross_section_barn,reaction_cross_sections,6,2.3842590190039488,2.6159877040931625,2.567958537404643,0.04802916668851953,6,1427.9229549982063,1.9940063622546655,0.9595959595959596,99,sampling_geometry_dominated
rxn_73_181_625,cross_section_barn,reaction_cross_sections,7,2.3960890915593236,2.719046807468921,2.6832327768125244,0.03581403065639677,7,1665.7947044922769,1.8794708331385284,0.9897959183673469,98,sampling_geometry_dominated
rxn_73_181_625,cross_section_barn,reaction_cross_sections,8,2.4860713347685524,2.8568619152557,2.781217628408664,0.07564428684703595,8,1917.2452219793856,1.7869562803389378,1.0,97,sampling_geometry_dominated
rxn_73_181_625,cross_section_barn,reaction_cross_sections,9,2.575335863469809,2.8767905651824353,2.780038826536509,0.09675173864592646,9,2214.607180754849,1.7159433717561565,1.0,96,sampling_geometry_dominated
rxn_73_181_625,cross_section_barn,reaction_cross_sections,10,2.693735338395372,2.9041772214851935,2.891155206839198,0.013022014645995394,10,2560.6130965835796,1.658425004004149,1.0,95,sampling_geometry_dominated
rxn_73_181_69,cross_section_barn,reaction_cross_sections,2,2.3147347767294404,2.4242001885201754,2.318591986884046,0.10560820163612927,2,230.9435697281774,1.8385083754484115,0.9285714285714286,98,sampling_geometry_dominated
rxn_73_181_69,cross_section_barn,reaction_cross_sections,3,2.3310632526528843,2.4358400716082658,2.3575440277095314,0.07829604389873435,3,424.56353172939913,1.8746026274855199,0.9896907216494846,97,sampling_geometry_dominated
rxn_73_181_69,cross_section_barn,reaction_cross_sections,4,2.408560326191952,2.4816806387820964,2.3817356777594174,0.09994496102267902,4,643.687090362258,1.9157454549762123,1.0,96,sampling_geometry_dominated
rxn_73_181_69,cross_section_barn,reaction_cross_sections,5,2.4721213704818634,2.4485429849563527,2.408555369566125,0.03998761539022766,5,880.367864615742,1.9502559068237724,1.0,95,sampling_geometry_dominated
rxn_73_181_69,cross_section_barn,reaction_cross_sections,6,2.447784169785867,2.4491095033143426,2.491662694803704,0.04255319148936154,6,1127.4287319169187,1.9763960197906538,1.0,94,sampling_geometry_dominated
rxn_73_181_69,cross_section_barn,reaction_cross_sections,7,2.5318674321510253,2.511955960640294,2.4823335143804726,0.029622446259821356,7,1365.019157812171,1.9929412362487335,1.0,93,sampling_geometry_dominated
rxn_73_181_69,cross_section_barn,reaction_cross_sections,8,2.568879049377534,2.510862790419246,2.4009016017563285,0.10996118866291749,8,1572.1931641047286,1.9999733858192177,1.0,92,sampling_geometry_dominated
rxn_73_181_69,cross_section_barn,reaction_cross_sections,9,2.595403868507602,2.5536097235557063,2.472977901312163,0.08063182224354337,9,1734.5480922347397,1.9989716749419622,1.0,91,sampling_geometry_dominated
rxn_73_181_69,cross_section_barn,reaction_cross_sections,10,2.566601177199384,2.538932010580795,2.463122930588835,0.07580907999195974,10,1874.1850402038444,1.9974280923787313,1.0,90,sampling_geometry_dominated
rxn_73_181_810,cross_section_barn,reaction_cross_sections,2,2.0536422163528583,2.5494193915685255,2.656481212179578,0.10706182061105274,2,2.137097105592768,2.2860646213710356,0.7513227513227513,189,sampling_geometry_dominated
rxn_73_181_810,cross_section_barn,reaction_cross_sections,3,2.0293604336819393,2.580958559996231,2.6986094071362627,0.11765084714003171,3,3.6707958370930323,2.244830537631118,0.9042553191489362,188,sampling_geometry_dominated
rxn_73_181_810,cross_section_barn,reaction_cross_sections,4,2.237071419578521,2.8683546282265797,3.012737261100457,0.1443826328738771,4,5.434135004588917,2.061468110326575,0.9144385026737968,187,sampling_geometry_dominated
rxn_73_181_810,cross_section_barn,reaction_cross_sections,5,2.308419015160401,2.9691068775391347,3.014527227542817,0.0454203500036825,5,7.453014848751114,1.9402843633539515,0.9193548387096774,186,sampling_geometry_dominated
rxn_73_181_810,cross_section_barn,reaction_cross_sections,6,2.33706157603961,3.101074479891581,3.1318127937026237,0.03073831381104286,6,10.059941424939653,1.8474735856529438,0.9351351351351351,185,sampling_geometry_dominated
rxn_73_181_810,cross_section_barn,reaction_cross_sections,7,2.4499752872953575,3.327503322824561,3.2851750266727904,0.042328296151770584,7,13.260728824572013,1.769535381479105,0.9347826086956522,184,sampling_geometry_dominated
rxn_73_181_810,cross_section_barn,reaction_cross_sections,8,2.51448226323354,3.391497090392428,3.316289609307759,0.07520748108466879,8,16.96717652235991,1.7312210530209082,0.9508196721311475,183,sampling_geometry_dominated
rxn_73_181_810,cross_section_barn,reaction_cross_sections,9,2.5711237359640777,3.4673573904915957,3.3310708396217183,0.1362865508698774,9,21.127995625295693,1.708228252767369,0.967032967032967,182,sampling_geometry_dominated
rxn_73_181_810,cross_section_barn,reaction_cross_sections,10,2.697227703287521,3.5263710333606606,3.3793211109490446,0.14704992241161596,10,25.55945039802288,1.6870600650261471,0.9779005524861878,181,sampling_geometry_dominated
rxn_73_181_830,cross_section_barn,reaction_cross_sections,2,2.2856671353556566,2.559849323362252,2.6025209189509857,0.04267159558873379,2,2.9379931262649666,1.9962270560001638,0.6984126984126984,189,sampling_geometry_dominated
rxn_73_181_830,cross_section_barn,reaction_cross_sections,3,2.290093930445981,2.7894094395644173,2.7903720701312125,0.0009626305667951307,3,5.197309973938717,1.9242859395217944,0.8723404255319149,188,sampling_geometry_dominated
rxn_73_181_830,cross_section_barn,reaction_cross_sections,4,2.3459674000705477,2.976889998756739,3.0759476435704,0.09905764481366086,4,7.875485970904683,1.8239261784589147,0.8823529411764706,187,sampling_geometry_dominated
rxn_73_181_830,cross_section_barn,reaction_cross_sections,5,2.4747090793355606,3.1612636384175525,3.291819654009771,0.13055601559221852,5,10.825554836443583,1.7451115861095985,0.9139784946236559,186,sampling_geometry_dominated
rxn_73_181_830,cross_section_barn,reaction_cross_sections,6,2.6172250966899595,3.381898241433233,3.2944069406033605,0.08749130082987255,6,14.413306349507986,1.6883983691359365,0.918918918918919,185,sampling_geometry_dominated
rxn_73_181_830,cross_section_barn,reaction_cross_sections,7,2.621634694371681,3.5143731330683328,3.3734901701928166,0.14088296287551616,7,18.558036142754165,1.661122573525048,0.9293478260869565,184,sampling_geometry_dominated
rxn_73_181_830,cross_section_barn,reaction_cross_sections,8,2.719507463215553,3.5065262158197132,3.348269366942742,0.1582568488769711,8,22.933978476875627,1.6340739034097376,0.9508196721311475,183,sampling_geometry_dominated
rxn_73_181_830,cross_section_barn,reaction_cross_sections,9,2.79960449241432,3.524888313248315,3.3186583292390357,0.2062299840092794,9,27.468041161664846,1.6114442130102762,0.9725274725274725,182,sampling_geometry_dominated
rxn_73_181_830,cross_section_barn,reaction_cross_sections,10,2.8353711879019254,3.5248571616516142,3.2786721353202486,0.24618502633136563,10,32.11189526627763,1.5891168474204036,0.9779005524861878,181,sampling_geometry_dominated
rxn_74_186_205,cross_section_barn,reaction_cross_sections,2,4.550931304471529,3.8795034630630822,3.9381328290114985,0.05862936594841628,2,0.09504843300382092,0.9363053192304837,0.75,61,sampling_geometry_dominated
rxn_74_186_205,cross_section_barn,reaction_cross_sections,3,4.388154507419411,3.8108136223942193,3.9525842461721625,0.14177062377794325,3,0.16732539568713423,0.7914074028284562,0.9807692307692307,60,sampling_geometry_dominated
rxn_74_186_205,cross_section_barn,reaction_cross_sections,4,4.45111559577579,4.041198932173804,4.365528218780029,0.3243292866062246,4,0.2500421500020287,0.7252391786200295,0.8983050847457628,59,sampling_geometry_dominated
rxn_74_186_205,cross_section_barn,reaction_cross_sections,5,4.658260151584917,4.211706107966123,4.369382780857962,0.1576766728918395,5,0.3438881004226068,0.6805211285424255,0.9137931034482759,58,sampling_geometry_dominated
rxn_74_186_205,cross_section_barn,reaction_cross_sections,6,4.569046154211974,4.4384348658250214,4.3084364529440204,0.129998412881001,6,0.4557971663964096,0.6183774387485554,0.9298245614035088,57,sampling_geometry_dominated
rxn_79_197_18,cross_section_barn,reaction_cross_sections,2,4.00362037197294,3.926913006692578,3.829918300273206,0.09699470641937191,2,1.3020206600809767,1.1070540854574933,1.0,54,sampling_geometry_dominated
rxn_79_197_18,cross_section_barn,reaction_cross_sections,3,4.160776114450716,3.874705402492349,3.87058909800193,0.004116304490418887,3,2.1001000204485463,1.1064904999200051,1.0,53,sampling_geometry_dominated
rxn_79_197_18,cross_section_barn,reaction_cross_sections,4,4.133384558501557,3.92027769832785,3.7928733835274238,0.12740431480042602,4,3.0470757947151887,1.1158825386172966,1.0,52,sampling_geometry_dominated
rxn_79_197_18,cross_section_barn,reaction_cross_sections,5,4.1822292635401235,3.9653929885212675,3.926177302246758,0.039215686274509665,5,4.1313200933327865,1.134569223070302,1.0,51,sampling_geometry_dominated
rxn_7_14_600,cross_section_barn,reaction_cross_sections,2,3.2049881639611866,2.955417193426481,2.4476892863958266,0.5077279070306542,2,0.46688477371110465,1.9380940011430594,0.7346938775510204,196,sampling_geometry_dominated
rxn_7_14_600,cross_section_barn,reaction_cross_sections,3,3.4987543811258797,3.0270778261630316,2.6772669420332362,0.34981088412979533,3,0.8776764869714561,1.966116691239977,0.7743589743589744,195,sampling_geometry_dominated
rxn_7_14_600,cross_section_barn,reaction_cross_sections,4,3.608506179955799,3.01129826437876,2.799964111856581,0.2113341525221788,4,1.34618290184712,1.9923613870165249,0.8402061855670103,194,sampling_geometry_dominated
rxn_7_14_600,cross_section_barn,reaction_cross_sections,5,3.663101420180164,2.98785457520073,2.8726121531412674,0.11524242205946278,5,1.8467221948892842,2.0017304708712325,0.8756476683937824,193,sampling_geometry_dominated
rxn_7_14_600,cross_section_barn,reaction_cross_sections,6,3.7391893059638694,3.0549355588965943,3.013814734477415,0.041120824419179414,6,2.3636188361798705,1.9815959159820902,0.90625,192,sampling_geometry_dominated
rxn_7_14_600,cross_section_barn,reaction_cross_sections,7,3.773653938064041,3.188137370643258,3.083411614554286,0.10472575608897206,7,2.888776375412734,1.9410442264317394,0.93717277486911,191,sampling_geometry_dominated
rxn_7_14_600,cross_section_barn,reaction_cross_sections,8,3.8535479529738286,3.250212073714679,3.1700625415245,0.08014953219017906,8,3.400497562490827,1.888897972958638,0.9526315789473684,190,sampling_geometry_dominated
rxn_7_14_600,cross_section_barn,reaction_cross_sections,9,3.9341794717814507,3.2786350905945065,3.3007863471848737,0.022151256590367208,9,3.902805734550243,1.8390557210702803,0.9735449735449735,189,sampling_geometry_dominated
rxn_7_14_600,cross_section_barn,reaction_cross_sections,10,3.907526199034999,3.4034787562098874,3.353712594483184,0.04976616172670356,10,4.3984216115075885,1.7964150975302702,0.973404255319149,188,sampling_geometry_dominated
rxn_7_14_758,cross_section_barn,reaction_cross_sections,2,2.463172564160857,2.6418914962658877,2.6790590335147395,0.0371675372488518,2,1.4356815565662855,1.68255118754797,0.9552238805970149,67,sampling_geometry_dominated
rxn_7_14_758,cross_section_barn,reaction_cross_sections,3,2.414721243063834,2.72384644534576,2.816653422611589,0.0928069772658291,3,2.400148089136617,1.6880067009459676,0.9848484848484849,66,sampling_geometry_dominated
rxn_7_14_758,cross_section_barn,reaction_cross_sections,4,2.4764935356665547,2.7260670509884846,2.860757627944845,0.13469057695636044,4,3.2977858442305967,1.701214974916544,1.0,65,sampling_geometry_dominated
rxn_7_14_758,cross_section_barn,reaction_cross_sections,5,2.4647818508394628,2.848016554275624,2.998167186688699,0.15015063241307525,5,4.081911968543321,1.6965364862374366,1.0,64,sampling_geometry_dominated
rxn_7_14_758,cross_section_barn,reaction_cross_sections,6,2.504119318607566,2.9054560251971564,2.959545002040817,0.05408897684366076,6,4.761613526586647,1.6771684806661353,1.0,63,sampling_geometry_dominated
rxn_7_14_758,cross_section_barn,reaction_cross_sections,7,2.5593009618894804,2.970748945830238,3.026375252434072,0.05562630660383405,7,5.3467075917310405,1.6454805894342923,1.0,62,sampling_geometry_dominated
rxn_8_16_111,cross_section_barn,reaction_cross_sections,2,2.606676350858734,2.8890000447933333,2.7668883752892532,0.12211166950408003,2,8.242750947985984,1.7880854202629397,0.7588652482269503,141,sampling_geometry_dominated
rxn_8_16_111,cross_section_barn,reaction_cross_sections,3,2.4865847303029422,2.938275742560995,2.9299290077742963,0.008346734786698562,3,14.777102365716418,1.843480625254263,0.8214285714285714,140,sampling_geometry_dominated
rxn_8_16_111,cross_section_barn,reaction_cross_sections,4,2.631463288297495,2.9445613826700034,3.04372877352539,0.09916739085538673,4,22.598888759544398,1.9014535929760907,0.8776978417266187,139,sampling_geometry_dominated
rxn_8_16_111,cross_section_barn,reaction_cross_sections,5,2.6181536988788006,2.9754684424748996,3.2305435111418412,0.25507506866694163,5,30.853067957279503,1.8908605902939433,0.9057971014492754,138,sampling_geometry_dominated
rxn_8_16_111,cross_section_barn,reaction_cross_sections,6,2.739185911555977,3.1630765267309253,3.350365283006136,0.18728875627521058,6,38.45813463748081,1.8452163784661653,0.948905109489051,137,sampling_geometry_dominated
rxn_8_16_111,cross_section_barn,reaction_cross_sections,7,2.6451758908396106,3.2086377502231285,3.441826092506264,0.23318834228313534,7,45.61188012901544,1.7977895797612857,0.9779411764705882,136,sampling_geometry_dominated
rxn_8_16_111,cross_section_barn,reaction_cross_sections,8,2.7059596724309425,3.2485526737497845,3.4655023560508207,0.21694968230103617,8,52.27256106660253,1.7593473232047838,1.0,135,sampling_geometry_dominated
rxn_8_16_111,cross_section_barn,reaction_cross_sections,9,2.7452326651551546,3.2802981665675564,3.569993681368191,0.2896955148006346,9,58.56481226609,1.7240077886040588,1.0,134,sampling_geometry_dominated
rxn_8_16_111,cross_section_barn,reaction_cross_sections,10,2.7321235888632334,3.3730060761719316,3.6402266966178205,0.2672206204458889,10,64.49069171282164,1.6915930624291404,1.0,133,sampling_geometry_dominated
rxn_8_16_56,cross_section_barn,reaction_cross_sections,2,1.176730545956272,1.547773907103617,1.7705008059858058,0.22272689888218888,2,4.569921494181443,2.998142807054188,0.717391304347826,138,sampling_geometry_dominated
rxn_8_16_56,cross_section_barn,reaction_cross_sections,3,1.1320288187591747,1.6254529625116991,1.6691950986020863,0.04374213609038713,3,7.2860788199806255,2.8789982995755,0.7591240875912408,137,sampling_geometry_dominated
rxn_8_16_56,cross_section_barn,reaction_cross_sections,4,1.0890035916820398,1.70145390638948,1.685644725005147,0.01580918138433307,4,11.388152303255989,2.817358000758954,0.8235294117647058,136,sampling_geometry_dominated
rxn_8_16_56,cross_section_barn,reaction_cross_sections,5,1.1065471277118188,1.665725114524336,1.6841712256033958,0.018446111079059913,5,15.122680130287476,2.865335232587494,0.8666666666666667,135,sampling_geometry_dominated
rxn_8_16_56,cross_section_barn,reaction_cross_sections,6,1.2102666326001887,1.7051859161721405,1.7006099605595493,0.004575955612591276,6,18.27818579885314,2.9053875203607946,0.9104477611940298,134,sampling_geometry_dominated
rxn_8_16_56,cross_section_barn,reaction_cross_sections,7,1.191120583811125,1.6850653728282885,1.7105301995043247,0.025464826676036223,7,20.719161866660087,2.9294862439669678,0.9398496240601504,133,sampling_geometry_dominated
rxn_8_16_56,cross_section_barn,reaction_cross_sections,8,1.2191285991537169,1.6497186656810332,1.7038493249819933,0.05413065930096006,8,22.696694470393158,2.941399301623728,0.9848484848484849,132,sampling_geometry_dominated
rxn_8_16_56,cross_section_barn,reaction_cross_sections,9,1.2054890817508894,1.6536976407403383,1.71976651121403,0.06606887047369159,9,24.2675780584581,2.9402797711308843,0.9847328244274809,131,sampling_geometry_dominated
rxn_8_16_56,cross_section_barn,reaction_cross_sections,10,1.212814994528363,1.6635194939210478,1.7622441177037753,0.0987246237827275,10,25.531382615905464,2.929217176564408,1.0,130,sampling_geometry_dominated
rxn_8_16_655,cross_section_barn,reaction_cross_sections,2,3.5223494318146713,3.8540467069787314,3.4742002398076575,0.37984646717107395,2,0.45677179107049254,1.4697009217537162,0.6302521008403361,119,sampling_geometry_dominated
rxn_8_16_655,cross_section_barn,reaction_cross_sections,3,3.044257493583472,3.704886118153509,3.494395605840081,0.21049051231342775,3,0.8097257616743915,1.4810496543142315,0.7542372881355932,118,sampling_geometry_dominated
rxn_8_16_655,cross_section_barn,reaction_cross_sections,4,3.2617252281385323,3.5688088065887436,3.572857259765478,0.004048453176734412,4,1.2228449715133878,1.4738642490088631,0.8290598290598291,117,sampling_geometry_dominated
rxn_8_16_655,cross_section_barn,reaction_cross_sections,5,3.2908510793911585,3.4642755602655027,3.5882776717349794,0.1240021114694767,5,1.6734039360386577,1.4746815483492413,0.8793103448275862,116,sampling_geometry_dominated
rxn_8_16_655,cross_section_barn,reaction_cross_sections,6,3.3550483483010325,3.275994801634812,3.6796957697119903,0.40370096807717815,6,2.1679884485093672,1.474094168545326,0.9130434782608695,115,sampling_geometry_dominated
rxn_8_16_655,cross_section_barn,reaction_cross_sections,7,3.4006110883346965,3.26668562904766,3.798225222476499,0.5315395934288389,7,2.6772794021817523,1.470108959677936,0.9649122807017544,114,sampling_geometry_dominated
rxn_8_16_655,cross_section_barn,reaction_cross_sections,8,3.4750479265191743,3.386697439532377,3.737916089618532,0.35121865008615494,8,3.2090049020564884,1.4741275533602973,1.0,113,sampling_geometry_dominated
rxn_8_16_655,cross_section_barn,reaction_cross_sections,9,3.500897562189862,3.478292861044151,3.8606371843033793,0.3823443232592285,9,3.7403070747671423,1.4717857504335123,1.0,112,sampling_geometry_dominated
rxn_8_16_655,cross_section_barn,reaction_cross_sections,10,3.498154376729864,3.666829172988186,3.8345671638866423,0.16773799089845642,10,4.249926488982357,1.4643350029654632,1.0,111,sampling_geometry_dominated
rxn_92_234_5,cross_section_barn,reaction_cross_sections,2,1.5875333052793454,1.448913959202399,1.3270300590130664,0.1218839001893326,2,3.8869575887070176,2.777272154006421,0.6629213483146067,89,sampling_geometry_dominated
rxn_92_234_5,cross_section_barn,reaction_cross_sections,3,1.9114757136952747,1.5384110369765285,1.5071054971792164,0.0313055397973121,3,7.162670715026973,2.6833932549247064,0.7386363636363636,88,sampling_geometry_dominated
rxn_92_234_5,cross_section_barn,reaction_cross_sections,4,2.115029948579757,1.6619380567105317,1.615961045216279,0.04597701149425282,4,10.27520652090522,2.5578642162751946,0.8160919540229885,87,sampling_geometry_dominated
rxn_92_234_5,cross_section_barn,reaction_cross_sections,5,2.413844638988567,1.7410320584502617,1.7177762444967732,0.023255813953488413,5,13.299544257808863,2.4414435212813195,0.8255813953488372,86,sampling_geometry_dominated
rxn_92_234_5,cross_section_barn,reaction_cross_sections,6,2.561182112099239,1.8927431861829993,1.797626230255349,0.09511695592765035,6,16.245731386972125,2.332364644035979,0.8470588235294118,85,sampling_geometry_dominated
rxn_92_234_5,cross_section_barn,reaction_cross_sections,7,2.640277037484913,2.0902633966854745,1.982633664010771,0.10762973267470355,7,19.15208951202414,2.2291229743113674,0.9047619047619048,84,sampling_geometry_dominated
rxn_92_234_5,cross_section_barn,reaction_cross_sections,8,2.78537648385284,2.2987180868407435,2.1723705625558085,0.126347524284935,8,21.995738925943492,2.124826728281982,0.9397590361445783,83,sampling_geometry_dominated
rxn_92_234_5,cross_section_barn,reaction_cross_sections,9,2.892454202674621,2.4593799634641074,2.3399615734962462,0.11941838996786114,9,24.781712910753992,2.0201922807281925,0.9634146341463414,82,sampling_geometry_dominated
rxn_92_234_5,cross_section_barn,reaction_cross_sections,10,3.0414622597529166,2.5670722122447516,2.5031553508346445,0.0639168614101071,10,27.510621591389718,1.9224155531125893,1.0,81,sampling_geometry_dominated
rxn_9_19_5,cross_section_barn,reaction_cross_sections,2,3.750029205934102,4.179208298268071,4.123781338908586,0.05542695935948494,2,0.15389672199650573,1.2220766676067683,0.7,260,sampling_geometry_dominated
rxn_9_19_5,cross_section_barn,reaction_cross_sections,3,4.2422142016776165,4.571231350821646,4.5767775411663125,0.005546190344666968,3,0.28933238983177245,1.2196532213010391,0.8301158301158301,259,sampling_geometry_dominated
rxn_9_19_5,cross_section_barn,reaction_cross_sections,4,3.994756186564333,4.65098714264023,4.609662973739792,0.041324168900437996,4,0.44459247943198116,1.1951198222998842,0.8798449612403101,258,sampling_geometry_dominated
rxn_9_19_5,cross_section_barn,reaction_cross_sections,5,4.046239406419452,4.664176576027868,4.677737089866479,0.013560513838610788,5,0.6216917193473164,1.1847510879842107,0.9182879377431906,257,sampling_geometry_dominated
rxn_9_19_5,cross_section_barn,reaction_cross_sections,6,4.027459896769889,4.743352108443501,4.7319989601789425,0.011353148264558577,6,0.8057214382543346,1.1651261756173104,0.93359375,256,sampling_geometry_dominated
rxn_9_19_5,cross_section_barn,reaction_cross_sections,7,4.00277895147075,4.7644460488142535,4.758035865160373,0.0064101836538803525,7,0.9973617099263027,1.146581043651758,0.9333333333333333,255,sampling_geometry_dominated
rxn_9_19_5,cross_section_barn,reaction_cross_sections,8,4.119465932020865,4.772725828152477,4.734358265378288,0.03836756277418907,8,1.1934827531415444,1.1295526707944674,0.9448818897637795,254,sampling_geometry_dominated
rxn_9_19_5,cross_section_barn,reaction_cross_sections,9,4.174641034163611,4.820595571230292,4.794547019184863,0.02604855204542922,9,1.4043495881951593,1.112353052192944,0.9604743083003953,253,sampling_geometry_dominated
rxn_9_19_5,cross_section_barn,reaction_cross_sections,10,4.237924962789043,4.852433236126039,4.8360200296563365,0.01641320646970268,10,1.622964248100155,1.0940460061815005,0.9801587301587301,252,sampling_geometry_dominated
