curve,observable,ensemble_group,lag_samples,lag_coordinate,mutual_information
rxn_11_23_5,cross_section_barn,reaction_cross_sections,1,0.040109585225010846,2.1245562700097596
rxn_11_23_5,cross_section_barn,reaction_cross_sections,2,0.08021917045002169,1.7135603184727197
rxn_11_23_5,cross_section_barn,reaction_cross_sections,3,0.12032875567503254,1.4503511196709498
rxn_11_23_5,cross_section_barn,reaction_cross_sections,4,0.16043834090004339,1.3038479033540975
rxn_11_23_5,cross_section_barn,reaction_cross_sections,5,0.20054792612505423,1.199958159365106
rxn_11_23_5,cross_section_barn,reaction_cross_sections,6,0.24065751135006508,1.1286598614539782
rxn_11_23_5,cross_section_barn,reaction_cross_sections,7,0.2807670965750759,1.0618397164204607
rxn_11_23_5,cross_section_barn,reaction_cross_sections,8,0.32087668180008677,1.020195903613757
rxn_11_23_5,cross_section_barn,reaction_cross_sections,9,0.3609862670250976,0.9899941986075556
rxn_11_23_5,cross_section_barn,reaction_cross_sections,10,0.40109585225010846,0.9508215375420508
rxn_11_23_5,cross_section_barn,reaction_cross_sections,11,0.4412054374751193,0.9557328711830073
rxn_11_23_5,cross_section_barn,reaction_cross_sections,12,0.48131502270013016,0.948156457874199
rxn_11_23_5,cross_section_barn,reaction_cross_sections,13,0.521424607925141,0.984868028847746
rxn_11_23_5,cross_section_barn,reaction_cross_sections,14,0.5615341931501519,1.0245226436620563
rxn_18_36_5,cross_section_barn,reaction_cross_sections,1,0.060900199615495865,2.609807203017854
rxn_18_36_5,cross_section_barn,reaction_cross_sections,2,0.12180039923099173,2.1442347772149803
rxn_18_36_5,cross_section_barn,reaction_cross_sections,3,0.1827005988464876,1.8413654181389574
rxn_18_36_5,cross_section_barn,reaction_cross_sections,4,0.24360079846198346,1.6118005095408436
rxn_18_36_5,cross_section_barn,reaction_cross_sections,5,0.3045009980774793,1.4237764522848373
rxn_18_36_5,cross_section_barn,reaction_cross_sections,6,0.3654011976929752,1.2843834757573964
rxn_18_36_5,cross_section_barn,reaction_cross_sections,7,0.42630139730847105,1.1659923620130135
rxn_18_36_5,cross_section_barn,reaction_cross_sections,8,0.4872015969239669,1.1261141690380079
rxn_18_36_5,cross_section_barn,reaction_cross_sections,9,0.5481017965394628,1.095283190768903
rxn_18_36_5,cross_section_barn,reaction_cross_sections,10,0.6090019961549586,1.0272346848256344
rxn_18_36_5,cross_section_barn,reaction_cross_sections,11,0.6699021957704545,0.9355268899030704
rxn_18_36_5,cross_section_barn,reaction_cross_sections,12,0.7308023953859504,0.8804576275439384
rxn_18_36_5,cross_section_barn,reaction_cross_sections,13,0.7917025950014462,0.8193586654456051
rxn_18_36_5,cross_section_barn,reaction_cross_sections,14,0.8526027946169421,0.7381803295897273
rxn_18_36_5,cross_section_barn,reaction_cross_sections,15,0.913502994232438,0.7052837879753091
rxn_18_36_5,cross_section_barn,reaction_cross_sections,16,0.9744031938479338,0.6685232419633067
rxn_18_36_5,cross_section_barn,reaction_cross_sections,17,1.0353033934634297,0.63515227992144
rxn_18_36_5,cross_section_barn,reaction_cross_sections,18,1.0962035930789256,0.6295015846431493
rxn_24_50_201,cross_section_barn,reaction_cross_sections,1,0.03253927119897071,2.4751345016015294
rxn_24_50_201,cross_section_barn,reaction_cross_sections,2,0.06507854239794142,2.1460339476241295
rxn_24_50_201,cross_section_barn,reaction_cross_sections,3,0.09761781359691213,1.9187322162091638
rxn_24_50_201,cross_section_barn,reaction_cross_sections,4,0.13015708479588284,1.8547762145488569
rxn_24_50_201,cross_section_barn,reaction_cross_sections,5,0.16269635599485355,1.792366388449255
rxn_24_50_201,cross_section_barn,reaction_cross_sections,6,0.19523562719382426,1.75934454878678
rxn_24_50_201,cross_section_barn,reaction_cross_sections,7,0.22777489839279497,1.7482750957420337
rxn_24_50_201,cross_section_barn,reaction_cross_sections,8,0.2603141695917657,1.796398730928001
rxn_24_50_201,cross_section_barn,reaction_cross_sections,9,0.2928534407907364,1.8590501363062242
rxn_24_50_201,cross_section_barn,reaction_cross_sections,10,0.3253927119897071,1.9066651004194488
rxn_24_50_201,cross_section_barn,reaction_cross_sections,11,0.3579319831886778,1.8911427405515364
rxn_24_50_201,cross_section_barn,reaction_cross_sections,12,0.3904712543876485,1.7679840311464716
rxn_24_50_201,cross_section_barn,reaction_cross_sections,13,0.4230105255866192,1.6649891756930293
rxn_24_50_201,cross_section_barn,reaction_cross_sections,14,0.45554979678558993,1.6234890000481128
rxn_24_50_201,cross_section_barn,reaction_cross_sections,15,0.48808906798456064,1.5572358063523823
rxn_24_50_201,cross_section_barn,reaction_cross_sections,16,0.5206283391835314,1.5603488840119206
rxn_24_50_201,cross_section_barn,reaction_cross_sections,17,0.5531676103825021,1.5666686756045656
rxn_26_54_5,cross_section_barn,reaction_cross_sections,1,0.060900199615495865,2.555852912541824
rxn_26_54_5,cross_section_barn,reaction_cross_sections,2,0.12180039923099173,1.9302986527881727
rxn_26_54_5,cross_section_barn,reaction_cross_sections,3,0.1827005988464876,1.6584209534301189
rxn_26_54_5,cross_section_barn,reaction_cross_sections,4,0.24360079846198346,1.4364139713799096
rxn_26_54_5,cross_section_barn,reaction_cross_sections,5,0.3045009980774793,1.2620440050558912
rxn_26_54_5,cross_section_barn,reaction_cross_sections,6,0.3654011976929752,1.0784093906482926
rxn_26_54_5,cross_section_barn,reaction_cross_sections,7,0.42630139730847105,0.9470572324278079
rxn_26_54_5,cross_section_barn,reaction_cross_sections,8,0.4872015969239669,0.8954102677673477
rxn_26_54_5,cross_section_barn,reaction_cross_sections,9,0.5481017965394628,0.8519437419631548
rxn_26_54_5,cross_section_barn,reaction_cross_sections,10,0.6090019961549586,0.7922672574880685
rxn_26_54_5,cross_section_barn,reaction_cross_sections,11,0.6699021957704545,0.7557073212195979
rxn_26_54_5,cross_section_barn,reaction_cross_sections,12,0.7308023953859504,0.7203252717549558
rxn_26_54_5,cross_section_barn,reaction_cross_sections,13,0.7917025950014462,0.6661126153124903
rxn_26_54_5,cross_section_barn,reaction_cross_sections,14,0.8526027946169421,0.6284774648708975
rxn_26_54_5,cross_section_barn,reaction_cross_sections,15,0.913502994232438,0.576395117595438
rxn_26_54_5,cross_section_barn,reaction_cross_sections,16,0.9744031938479338,0.5634175948661757
rxn_26_54_5,cross_section_barn,reaction_cross_sections,17,1.0353033934634297,0.5461511029954349
rxn_26_54_5,cross_section_barn,reaction_cross_sections,18,1.0962035930789256,0.5172066677869283
rxn_27_59_41,cross_section_barn,reaction_cross_sections,1,0.04976148362259991,1.7871642421589122
rxn_27_59_41,cross_section_barn,reaction_cross_sections,2,0.09952296724519982,1.3755676089368751
rxn_27_59_41,cross_section_barn,reaction_cross_sections,3,0.14928445086779973,1.2055979331514544
rxn_27_59_41,cross_section_barn,reaction_cross_sections,4,0.19904593449039965,1.1039226275106608
rxn_27_59_41,cross_section_barn,reaction_cross_sections,5,0.24880741811299956,1.1501652546123005
rxn_27_59_41,cross_section_barn,reaction_cross_sections,6,0.29856890173559947,1.2038889459668698
rxn_27_59_41,cross_section_barn,reaction_cross_sections,7,0.3483303853581994,1.1723747667515858
rxn_27_59_41,cross_section_barn,reaction_cross_sections,8,0.3980918689807993,1.1354952769408693
rxn_27_59_607,cross_section_barn,reaction_cross_sections,1,0.016328589848846775,2.4211409523372196
rxn_27_59_607,cross_section_barn,reaction_cross_sections,2,0.03265717969769355,2.029660459907052
rxn_27_59_607,cross_section_barn,reaction_cross_sections,3,0.048985769546540325,1.91567963669582
rxn_27_59_607,cross_section_barn,reaction_cross_sections,4,0.0653143593953871,1.7204166653265043
rxn_27_59_607,cross_section_barn,reaction_cross_sections,5,0.08164294924423388,1.6617998353041576
rxn_27_59_607,cross_section_barn,reaction_cross_sections,6,0.09797153909308065,1.634541909686826
rxn_27_59_607,cross_section_barn,reaction_cross_sections,7,0.11430012894192743,1.5616203632234384
rxn_27_59_607,cross_section_barn,reaction_cross_sections,8,0.1306287187907742,1.512051359429515
rxn_27_59_607,cross_section_barn,reaction_cross_sections,9,0.14695730863962098,1.4506365336523475
rxn_27_59_607,cross_section_barn,reaction_cross_sections,10,0.16328589848846775,1.3975705141237498
rxn_27_59_607,cross_section_barn,reaction_cross_sections,11,0.17961448833731453,1.410446984761136
rxn_27_59_607,cross_section_barn,reaction_cross_sections,12,0.1959430781861613,1.2908976088317639
rxn_27_59_607,cross_section_barn,reaction_cross_sections,13,0.21227166803500808,1.2647043312475947
rxn_27_59_607,cross_section_barn,reaction_cross_sections,14,0.22860025788385485,1.2778935834732486
rxn_27_59_607,cross_section_barn,reaction_cross_sections,15,0.24492884773270163,1.2947138485038576
rxn_27_59_607,cross_section_barn,reaction_cross_sections,16,0.2612574375815484,1.2818253263941126
rxn_27_59_607,cross_section_barn,reaction_cross_sections,17,0.2775860274303952,1.3213413276096277
rxn_27_59_607,cross_section_barn,reaction_cross_sections,18,0.29391461727924195,1.306318814210095
rxn_27_59_607,cross_section_barn,reaction_cross_sections,19,0.3102432071280887,1.2863985147155836
rxn_27_59_607,cross_section_barn,reaction_cross_sections,20,0.3265717969769355,1.230513538117942
rxn_27_59_607,cross_section_barn,reaction_cross_sections,21,0.3429003868257823,1.1638592415949076
rxn_27_59_607,cross_section_barn,reaction_cross_sections,22,0.35922897667462905,1.1300367700788598
rxn_27_59_607,cross_section_barn,reaction_cross_sections,23,0.3755575665234758,1.1237359851664075
rxn_27_59_607,cross_section_barn,reaction_cross_sections,24,0.3918861563723226,1.1203598177521368
rxn_27_59_607,cross_section_barn,reaction_cross_sections,25,0.4082147462211694,1.1107804704464224
rxn_27_59_607,cross_section_barn,reaction_cross_sections,26,0.42454333607001615,1.121586796968845
rxn_27_59_607,cross_section_barn,reaction_cross_sections,27,0.44087192591886293,1.0812971873270971
rxn_27_59_607,cross_section_barn,reaction_cross_sections,28,0.4572005157677097,1.0450625061201833
rxn_27_59_607,cross_section_barn,reaction_cross_sections,29,0.4735291056165565,1.0079059772304344
rxn_27_59_627,cross_section_barn,reaction_cross_sections,1,0.0250120319781324,2.092488849107732
rxn_27_59_627,cross_section_barn,reaction_cross_sections,2,0.0500240639562648,1.7103327359590723
rxn_27_59_627,cross_section_barn,reaction_cross_sections,3,0.0750360959343972,1.476236038641566
rxn_27_59_627,cross_section_barn,reaction_cross_sections,4,0.1000481279125296,1.32951472194424
rxn_27_59_627,cross_section_barn,reaction_cross_sections,5,0.125060159890662,1.217275409564897
rxn_27_59_627,cross_section_barn,reaction_cross_sections,6,0.1500721918687944,1.206472021664827
rxn_27_59_627,cross_section_barn,reaction_cross_sections,7,0.1750842238469268,1.0682534728301412
rxn_27_59_627,cross_section_barn,reaction_cross_sections,8,0.2000962558250592,1.0767441285386918
rxn_27_59_627,cross_section_barn,reaction_cross_sections,9,0.2251082878031916,1.0577141816292013
rxn_27_59_627,cross_section_barn,reaction_cross_sections,10,0.250120319781324,1.1136524493168798
rxn_27_59_627,cross_section_barn,reaction_cross_sections,11,0.2751323517594564,1.1159239548557327
rxn_27_59_627,cross_section_barn,reaction_cross_sections,12,0.3001443837375888,1.0525363716329532
rxn_27_59_627,cross_section_barn,reaction_cross_sections,13,0.3251564157157212,0.9342194473196832
rxn_27_59_627,cross_section_barn,reaction_cross_sections,14,0.3501684476938536,0.869133267912336
rxn_27_59_627,cross_section_barn,reaction_cross_sections,15,0.375180479671986,0.8237338522694495
rxn_27_59_627,cross_section_barn,reaction_cross_sections,16,0.4001925116501184,0.8097334923142352
rxn_27_59_627,cross_section_barn,reaction_cross_sections,17,0.4252045436282508,0.7915038130162526
rxn_27_59_627,cross_section_barn,reaction_cross_sections,18,0.4502165756063832,0.7573001235488439
rxn_27_59_72,cross_section_barn,reaction_cross_sections,1,0.017651715513267163,2.7724922427770933
rxn_27_59_72,cross_section_barn,reaction_cross_sections,2,0.035303431026534327,2.3304488015347533
rxn_27_59_72,cross_section_barn,reaction_cross_sections,3,0.05295514653980149,1.5152430477125454
rxn_27_59_72,cross_section_barn,reaction_cross_sections,4,0.07060686205306865,1.307497182332586
rxn_27_59_72,cross_section_barn,reaction_cross_sections,5,0.08825857756633582,1.2054927538069538
rxn_27_59_72,cross_section_barn,reaction_cross_sections,6,0.10591029307960298,1.1188308762722916
rxn_27_59_72,cross_section_barn,reaction_cross_sections,7,0.12356200859287014,1.0614011828759895
rxn_27_59_72,cross_section_barn,reaction_cross_sections,8,0.1412137241061373,1.0127357318550216
rxn_27_59_72,cross_section_barn,reaction_cross_sections,9,0.15886543961940447,0.9869312624715962
rxn_27_59_72,cross_section_barn,reaction_cross_sections,10,0.17651715513267163,0.9556486233810042
rxn_27_59_72,cross_section_barn,reaction_cross_sections,11,0.1941688706459388,0.9448461824230745
rxn_27_59_72,cross_section_barn,reaction_cross_sections,12,0.21182058615920596,0.9093988684284255
rxn_27_59_72,cross_section_barn,reaction_cross_sections,13,0.22947230167247312,0.8908104336849871
rxn_27_59_72,cross_section_barn,reaction_cross_sections,14,0.24712401718574029,0.8577601160910748
rxn_27_59_72,cross_section_barn,reaction_cross_sections,15,0.26477573269900745,0.829859035549044
rxn_27_59_72,cross_section_barn,reaction_cross_sections,16,0.2824274482122746,0.8260536758884109
rxn_27_59_72,cross_section_barn,reaction_cross_sections,17,0.3000791637255418,0.8184803506016842
rxn_27_59_72,cross_section_barn,reaction_cross_sections,18,0.31773087923880894,0.7955972127586208
rxn_27_59_72,cross_section_barn,reaction_cross_sections,19,0.3353825947520761,0.7851436658140618
rxn_27_59_72,cross_section_barn,reaction_cross_sections,20,0.35303431026534327,0.7862265000564106
rxn_27_59_72,cross_section_barn,reaction_cross_sections,21,0.37068602577861043,0.7785868525156516
rxn_27_59_72,cross_section_barn,reaction_cross_sections,22,0.3883377412918776,0.7687182487264699
rxn_27_59_812,cross_section_barn,reaction_cross_sections,1,0.014917522621921364,2.4465859057195605
rxn_27_59_812,cross_section_barn,reaction_cross_sections,2,0.02983504524384273,1.9510331901579223
rxn_27_59_812,cross_section_barn,reaction_cross_sections,3,0.04475256786576409,1.6266128593657965
rxn_27_59_812,cross_section_barn,reaction_cross_sections,4,0.05967009048768546,0.8506826977888613
rxn_27_59_812,cross_section_barn,reaction_cross_sections,5,0.07458761310960682,0.7420521378870872
rxn_27_59_812,cross_section_barn,reaction_cross_sections,6,0.08950513573152818,0.6517584215067087
rxn_27_59_812,cross_section_barn,reaction_cross_sections,7,0.10442265835344955,0.6062177157237589
rxn_27_59_812,cross_section_barn,reaction_cross_sections,8,0.11934018097537091,0.5657564671836108
rxn_27_59_812,cross_section_barn,reaction_cross_sections,9,0.13425770359729228,0.5536825499839373
rxn_27_59_812,cross_section_barn,reaction_cross_sections,10,0.14917522621921364,0.5711958824480403
rxn_27_59_812,cross_section_barn,reaction_cross_sections,11,0.164092748841135,0.5654184550173809
rxn_27_59_812,cross_section_barn,reaction_cross_sections,12,0.17901027146305637,0.56800433091585
rxn_27_59_812,cross_section_barn,reaction_cross_sections,13,0.19392779408497773,0.5275391088250214
rxn_27_59_812,cross_section_barn,reaction_cross_sections,14,0.2088453167068991,0.5205585713510543
rxn_27_59_812,cross_section_barn,reaction_cross_sections,15,0.22376283932882046,0.5102523671764763
rxn_27_59_812,cross_section_barn,reaction_cross_sections,16,0.23868036195074183,0.4914458074606749
rxn_27_59_812,cross_section_barn,reaction_cross_sections,17,0.2535978845726632,0.4817629722422039
rxn_27_59_812,cross_section_barn,reaction_cross_sections,18,0.26851540719458455,0.47682559454971907
rxn_27_59_812,cross_section_barn,reaction_cross_sections,19,0.2834329298165059,0.4400009982123705
rxn_27_59_812,cross_section_barn,reaction_cross_sections,20,0.2983504524384273,0.4260050517303027
rxn_27_59_812,cross_section_barn,reaction_cross_sections,21,0.31326797506034865,0.43243457767807936
rxn_27_59_812,cross_section_barn,reaction_cross_sections,22,0.32818549768227,0.42350153069879637
rxn_27_59_812,cross_section_barn,reaction_cross_sections,23,0.3431030203041914,0.37438421285432355
rxn_27_59_812,cross_section_barn,reaction_cross_sections,24,0.35802054292611274,0.3726894109559096
rxn_27_59_812,cross_section_barn,reaction_cross_sections,25,0.3729380655480341,0.3579926939158353
rxn_27_59_812,cross_section_barn,reaction_cross_sections,26,0.38785558816995547,0.35027181743684643
rxn_27_59_832,cross_section_barn,reaction_cross_sections,1,0.02078874008985565,1.9862471409341194
rxn_27_59_832,cross_section_barn,reaction_cross_sections,2,0.0415774801797113,1.0199823799830474
rxn_27_59_832,cross_section_barn,reaction_cross_sections,3,0.06236622026956695,0.6724905601104907
rxn_27_59_832,cross_section_barn,reaction_cross_sections,4,0.0831549603594226,0.6295066629948112
rxn_27_59_832,cross_section_barn,reaction_cross_sections,5,0.10394370044927825,0.5667734167651655
rxn_27_59_832,cross_section_barn,reaction_cross_sections,6,0.1247324405391339,0.5622797314136814
rxn_27_59_832,cross_section_barn,reaction_cross_sections,7,0.14552118062898955,0.5330856082269539
rxn_27_59_832,cross_section_barn,reaction_cross_sections,8,0.1663099207188452,0.563974386250262
rxn_27_59_832,cross_section_barn,reaction_cross_sections,9,0.18709866080870086,0.5260019267685929
rxn_27_59_832,cross_section_barn,reaction_cross_sections,10,0.2078874008985565,0.4938975517285078
rxn_27_59_832,cross_section_barn,reaction_cross_sections,11,0.22867614098841216,0.46306547252557717
rxn_27_59_832,cross_section_barn,reaction_cross_sections,12,0.2494648810782678,0.4430702950906604
rxn_27_59_832,cross_section_barn,reaction_cross_sections,13,0.27025362116812346,0.4191017381519746
rxn_27_59_832,cross_section_barn,reaction_cross_sections,14,0.2910423612579791,0.4383726591551662
rxn_27_59_832,cross_section_barn,reaction_cross_sections,15,0.31183110134783476,0.4175392849618573
rxn_27_59_832,cross_section_barn,reaction_cross_sections,16,0.3326198414376904,0.3878272256877464
rxn_27_59_832,cross_section_barn,reaction_cross_sections,17,0.35340858152754606,0.3468596207160384
rxn_27_59_832,cross_section_barn,reaction_cross_sections,18,0.3741973216174017,0.3247333969535089
rxn_27_59_832,cross_section_barn,reaction_cross_sections,19,0.39498606170725736,0.3064083308281713
rxn_29_65_5,cross_section_barn,reaction_cross_sections,1,0.060900199615495865,2.594399802214916
rxn_29_65_5,cross_section_barn,reaction_cross_sections,2,0.12180039923099173,2.05718484842859
rxn_29_65_5,cross_section_barn,reaction_cross_sections,3,0.1827005988464876,1.7244084345775292
rxn_29_65_5,cross_section_barn,reaction_cross_sections,4,0.24360079846198346,1.474316647642208
rxn_29_65_5,cross_section_barn,reaction_cross_sections,5,0.3045009980774793,1.2789256313885164
rxn_29_65_5,cross_section_barn,reaction_cross_sections,6,0.3654011976929752,1.1232419909352138
rxn_29_65_5,cross_section_barn,reaction_cross_sections,7,0.42630139730847105,1.0250925103777409
rxn_29_65_5,cross_section_barn,reaction_cross_sections,8,0.4872015969239669,0.9392089894784101
rxn_29_65_5,cross_section_barn,reaction_cross_sections,9,0.5481017965394628,0.8632372309430529
rxn_29_65_5,cross_section_barn,reaction_cross_sections,10,0.6090019961549586,0.7809402553269904
rxn_29_65_5,cross_section_barn,reaction_cross_sections,11,0.6699021957704545,0.7389762168388252
rxn_29_65_5,cross_section_barn,reaction_cross_sections,12,0.7308023953859504,0.6843345069956368
rxn_29_65_5,cross_section_barn,reaction_cross_sections,13,0.7917025950014462,0.642184346323365
rxn_29_65_5,cross_section_barn,reaction_cross_sections,14,0.8526027946169421,0.6342296833131753
rxn_29_65_5,cross_section_barn,reaction_cross_sections,15,0.913502994232438,0.6072905250962397
rxn_29_65_5,cross_section_barn,reaction_cross_sections,16,0.9744031938479338,0.6033459590878247
rxn_29_65_5,cross_section_barn,reaction_cross_sections,17,1.0353033934634297,0.5477191762342497
rxn_29_65_5,cross_section_barn,reaction_cross_sections,18,1.0962035930789256,0.540309887969463
rxn_34_82_5,cross_section_barn,reaction_cross_sections,1,0.060900199615495865,2.5701432518321643
rxn_34_82_5,cross_section_barn,reaction_cross_sections,2,0.12180039923099173,2.002895117763559
rxn_34_82_5,cross_section_barn,reaction_cross_sections,3,0.1827005988464876,1.7131499061764222
rxn_34_82_5,cross_section_barn,reaction_cross_sections,4,0.24360079846198346,1.4999338243657572
rxn_34_82_5,cross_section_barn,reaction_cross_sections,5,0.3045009980774793,1.2929479039964065
rxn_34_82_5,cross_section_barn,reaction_cross_sections,6,0.3654011976929752,1.1207720724331733
rxn_34_82_5,cross_section_barn,reaction_cross_sections,7,0.42630139730847105,1.0538710901529864
rxn_34_82_5,cross_section_barn,reaction_cross_sections,8,0.4872015969239669,0.9878381142543098
rxn_34_82_5,cross_section_barn,reaction_cross_sections,9,0.5481017965394628,0.9314136182947892
rxn_34_82_5,cross_section_barn,reaction_cross_sections,10,0.6090019961549586,0.8464672557892792
rxn_34_82_5,cross_section_barn,reaction_cross_sections,11,0.6699021957704545,0.8204969631736103
rxn_34_82_5,cross_section_barn,reaction_cross_sections,12,0.7308023953859504,0.7810171143484412
rxn_34_82_5,cross_section_barn,reaction_cross_sections,13,0.7917025950014462,0.7552318483066673
rxn_34_82_5,cross_section_barn,reaction_cross_sections,14,0.8526027946169421,0.7186200454120861
rxn_34_82_5,cross_section_barn,reaction_cross_sections,15,0.913502994232438,0.6940914660366846
rxn_34_82_5,cross_section_barn,reaction_cross_sections,16,0.9744031938479338,0.6891622959133823
rxn_34_82_5,cross_section_barn,reaction_cross_sections,17,1.0353033934634297,0.6527843338718808
rxn_34_82_5,cross_section_barn,reaction_cross_sections,18,1.0962035930789256,0.6158214947250524
rxn_39_89_4,cross_section_barn,reaction_cross_sections,1,0.01905347999752749,3.2275337459120106
rxn_39_89_4,cross_section_barn,reaction_cross_sections,2,0.03810695999505498,2.8755352437689936
rxn_39_89_4,cross_section_barn,reaction_cross_sections,3,0.05716043999258247,2.6959235204084435
rxn_39_89_4,cross_section_barn,reaction_cross_sections,4,0.07621391999010996,2.5861216458361955
rxn_39_89_4,cross_section_barn,reaction_cross_sections,5,0.09526739998763745,2.466645983417904
rxn_39_89_4,cross_section_barn,reaction_cross_sections,6,0.11432087998516494,2.3621349645840803
rxn_39_89_4,cross_section_barn,reaction_cross_sections,7,0.13337435998269243,2.254321292701271
rxn_39_89_4,cross_section_barn,reaction_cross_sections,8,0.15242783998021991,2.1847613265079615
rxn_39_89_4,cross_section_barn,reaction_cross_sections,9,0.1714813199777474,2.1058493539832175
rxn_39_89_4,cross_section_barn,reaction_cross_sections,10,0.1905347999752749,2.0287228740731873
rxn_39_89_4,cross_section_barn,reaction_cross_sections,11,0.20958827997280238,1.9754963427397785
rxn_39_89_4,cross_section_barn,reaction_cross_sections,12,0.22864175997032987,1.9888633157484654
rxn_39_89_4,cross_section_barn,reaction_cross_sections,13,0.24769523996785736,1.9633634629697463
rxn_39_89_4,cross_section_barn,reaction_cross_sections,14,0.26674871996538485,1.9834538597492082
rxn_39_89_4,cross_section_barn,reaction_cross_sections,15,0.28580219996291234,1.9971890068600548
rxn_39_89_4,cross_section_barn,reaction_cross_sections,16,0.30485567996043983,1.9692276051252877
rxn_39_89_4,cross_section_barn,reaction_cross_sections,17,0.3239091599579673,1.910882060067947
rxn_39_89_4,cross_section_barn,reaction_cross_sections,18,0.3429626399554948,1.908098201921511
rxn_39_89_4,cross_section_barn,reaction_cross_sections,19,0.3620161199530223,1.8747514744240306
rxn_39_89_4,cross_section_barn,reaction_cross_sections,20,0.3810695999505498,1.8455719911851967
rxn_39_89_4,cross_section_barn,reaction_cross_sections,21,0.4001230799480773,1.8563891132191839
rxn_39_89_4,cross_section_barn,reaction_cross_sections,22,0.41917655994560477,1.8459921540586097
rxn_39_89_4,cross_section_barn,reaction_cross_sections,23,0.43823003994313225,1.8078256835053512
rxn_39_89_4,cross_section_barn,reaction_cross_sections,24,0.45728351994065974,1.768121486394663
rxn_39_89_4,cross_section_barn,reaction_cross_sections,25,0.47633699993818723,1.7271550628583765
rxn_39_89_4,cross_section_barn,reaction_cross_sections,26,0.4953904799357147,1.6721565305265398
rxn_39_89_4,cross_section_barn,reaction_cross_sections,27,0.5144439599332422,1.66073478743753
rxn_39_89_4,cross_section_barn,reaction_cross_sections,28,0.5334974399307697,1.6660912362210243
rxn_39_89_4,cross_section_barn,reaction_cross_sections,29,0.5525509199282972,1.5984679057666114
rxn_39_89_4,cross_section_barn,reaction_cross_sections,30,0.5716043999258247,1.5422472727391905
rxn_39_89_606,cross_section_barn,reaction_cross_sections,1,0.019428597953343285,2.126089063289255
rxn_39_89_606,cross_section_barn,reaction_cross_sections,2,0.03885719590668657,1.6211157092290076
rxn_39_89_606,cross_section_barn,reaction_cross_sections,3,0.058285793860029855,1.5140287168417554
rxn_39_89_606,cross_section_barn,reaction_cross_sections,4,0.07771439181337314,1.3420438140720528
rxn_39_89_606,cross_section_barn,reaction_cross_sections,5,0.09714298976671643,1.2403141883504865
rxn_39_89_606,cross_section_barn,reaction_cross_sections,6,0.11657158772005971,1.1829696213059204
rxn_39_89_606,cross_section_barn,reaction_cross_sections,7,0.136000185673403,1.1681798169481654
rxn_39_89_606,cross_section_barn,reaction_cross_sections,8,0.15542878362674628,1.1827395562724439
rxn_39_89_606,cross_section_barn,reaction_cross_sections,9,0.17485738158008957,1.1210980452949566
rxn_39_89_606,cross_section_barn,reaction_cross_sections,10,0.19428597953343285,1.1892160361200044
rxn_39_89_606,cross_section_barn,reaction_cross_sections,11,0.21371457748677614,1.157418427408969
rxn_39_89_606,cross_section_barn,reaction_cross_sections,12,0.23314317544011942,1.1671397271616812
rxn_39_89_606,cross_section_barn,reaction_cross_sections,13,0.2525717733934627,1.1173047849938937
rxn_39_89_606,cross_section_barn,reaction_cross_sections,14,0.272000371346806,1.1396498356002147
rxn_39_89_606,cross_section_barn,reaction_cross_sections,15,0.2914289693001493,1.0428802589434416
rxn_39_89_606,cross_section_barn,reaction_cross_sections,16,0.31085756725349256,1.0619776556469258
rxn_39_89_606,cross_section_barn,reaction_cross_sections,17,0.33028616520683585,1.0920916050335738
rxn_39_89_606,cross_section_barn,reaction_cross_sections,18,0.34971476316017913,1.1009285385805003
rxn_39_89_606,cross_section_barn,reaction_cross_sections,19,0.3691433611135224,1.1789791385499968
rxn_39_89_606,cross_section_barn,reaction_cross_sections,20,0.3885719590668657,1.2018473564758279
rxn_39_89_606,cross_section_barn,reaction_cross_sections,21,0.408000557020209,1.183790583883477
rxn_39_89_606,cross_section_barn,reaction_cross_sections,22,0.42742915497355227,1.2572171955752658
rxn_39_89_606,cross_section_barn,reaction_cross_sections,23,0.44685775292689556,1.2962930538478619
rxn_39_89_606,cross_section_barn,reaction_cross_sections,24,0.46628635088023884,1.3155699484260333
rxn_39_89_606,cross_section_barn,reaction_cross_sections,25,0.4857149488335821,1.3276825571638284
rxn_39_89_606,cross_section_barn,reaction_cross_sections,26,0.5051435467869254,1.2632032011518357
rxn_39_89_626,cross_section_barn,reaction_cross_sections,1,0.02050015076921241,1.9353444001956137
rxn_39_89_626,cross_section_barn,reaction_cross_sections,2,0.04100030153842482,1.5583933105880843
rxn_39_89_626,cross_section_barn,reaction_cross_sections,3,0.06150045230763723,1.3972045985376136
rxn_39_89_626,cross_section_barn,reaction_cross_sections,4,0.08200060307684964,1.2556148978878103
rxn_39_89_626,cross_section_barn,reaction_cross_sections,5,0.10250075384606205,1.087428979763689
rxn_39_89_626,cross_section_barn,reaction_cross_sections,6,0.12300090461527446,1.0358183034201827
rxn_39_89_626,cross_section_barn,reaction_cross_sections,7,0.14350105538448688,1.1142323946438109
rxn_39_89_626,cross_section_barn,reaction_cross_sections,8,0.16400120615369929,0.9824516603140796
rxn_39_89_626,cross_section_barn,reaction_cross_sections,9,0.1845013569229117,0.9822411589341842
rxn_39_89_626,cross_section_barn,reaction_cross_sections,10,0.2050015076921241,1.0384035121792916
rxn_39_89_626,cross_section_barn,reaction_cross_sections,11,0.22550165846133652,1.1052989859338238
rxn_39_89_626,cross_section_barn,reaction_cross_sections,12,0.24600180923054893,1.0895664185835519
rxn_39_89_626,cross_section_barn,reaction_cross_sections,13,0.26650195999976134,1.1608597273060357
rxn_39_89_626,cross_section_barn,reaction_cross_sections,14,0.28700211076897375,1.1031562868223732
rxn_39_89_626,cross_section_barn,reaction_cross_sections,15,0.30750226153818616,1.0647867648970264
rxn_39_89_626,cross_section_barn,reaction_cross_sections,16,0.32800241230739857,1.1589377703757475
rxn_39_89_626,cross_section_barn,reaction_cross_sections,17,0.348502563076611,1.1517024558349904
rxn_39_89_626,cross_section_barn,reaction_cross_sections,18,0.3690027138458234,1.2173156418440398
rxn_39_89_626,cross_section_barn,reaction_cross_sections,19,0.3895028646150358,1.255895847819776
rxn_39_89_626,cross_section_barn,reaction_cross_sections,20,0.4100030153842482,1.2320701214744307
rxn_39_89_626,cross_section_barn,reaction_cross_sections,21,0.4305031661534606,1.2552212198945027
rxn_39_89_626,cross_section_barn,reaction_cross_sections,22,0.45100331692267304,1.2105423888724016
rxn_39_89_626,cross_section_barn,reaction_cross_sections,23,0.47150346769188545,1.1582082665955666
rxn_39_89_626,cross_section_barn,reaction_cross_sections,24,0.49200361846109786,1.1848016550464928
rxn_39_89_70,cross_section_barn,reaction_cross_sections,1,0.012625239056543336,2.7459593280411854
rxn_39_89_70,cross_section_barn,reaction_cross_sections,2,0.025250478113086672,1.9976613577866305
rxn_39_89_70,cross_section_barn,reaction_cross_sections,3,0.03787571716963001,1.07377724802053
rxn_39_89_70,cross_section_barn,reaction_cross_sections,4,0.050500956226173344,0.9576462673455945
rxn_39_89_70,cross_section_barn,reaction_cross_sections,5,0.06312619528271668,0.9083484308820973
rxn_39_89_70,cross_section_barn,reaction_cross_sections,6,0.07575143433926002,0.8871226154731162
rxn_39_89_70,cross_section_barn,reaction_cross_sections,7,0.08837667339580335,0.8589193747444619
rxn_39_89_70,cross_section_barn,reaction_cross_sections,8,0.10100191245234669,0.86912028806193
rxn_39_89_70,cross_section_barn,reaction_cross_sections,9,0.11362715150889002,0.8734678347037095
rxn_39_89_70,cross_section_barn,reaction_cross_sections,10,0.12625239056543336,0.8605822829705265
rxn_39_89_70,cross_section_barn,reaction_cross_sections,11,0.1388776296219767,0.8541247039863022
rxn_39_89_70,cross_section_barn,reaction_cross_sections,12,0.15150286867852003,0.7913298604579859
rxn_39_89_70,cross_section_barn,reaction_cross_sections,13,0.16412810773506337,0.7255606224819164
rxn_39_89_70,cross_section_barn,reaction_cross_sections,14,0.1767533467916067,0.6716914772149822
rxn_39_89_70,cross_section_barn,reaction_cross_sections,15,0.18937858584815004,0.6536380535448902
rxn_39_89_70,cross_section_barn,reaction_cross_sections,16,0.20200382490469337,0.631985489875087
rxn_39_89_70,cross_section_barn,reaction_cross_sections,17,0.2146290639612367,0.609562890000817
rxn_39_89_70,cross_section_barn,reaction_cross_sections,18,0.22725430301778005,0.5657136367815765
rxn_39_89_70,cross_section_barn,reaction_cross_sections,19,0.23987954207432338,0.5510236051942718
rxn_39_89_812,cross_section_barn,reaction_cross_sections,1,0.014543317700940861,2.2102748243659125
rxn_39_89_812,cross_section_barn,reaction_cross_sections,2,0.029086635401881722,1.2888128889328043
rxn_39_89_812,cross_section_barn,reaction_cross_sections,3,0.04362995310282258,0.8107063521935367
rxn_39_89_812,cross_section_barn,reaction_cross_sections,4,0.058173270803763444,0.7448270010776952
rxn_39_89_812,cross_section_barn,reaction_cross_sections,5,0.0727165885047043,0.6577011655732079
rxn_39_89_812,cross_section_barn,reaction_cross_sections,6,0.08725990620564517,0.6399710133879837
rxn_39_89_812,cross_section_barn,reaction_cross_sections,7,0.10180322390658603,0.6149456728006819
rxn_39_89_812,cross_section_barn,reaction_cross_sections,8,0.11634654160752689,0.5983150340215189
rxn_39_89_812,cross_section_barn,reaction_cross_sections,9,0.13088985930846775,0.5839857175197634
rxn_39_89_812,cross_section_barn,reaction_cross_sections,10,0.1454331770094086,0.508604494467964
rxn_39_89_812,cross_section_barn,reaction_cross_sections,11,0.15997649471034947,0.5067497154793883
rxn_39_89_812,cross_section_barn,reaction_cross_sections,12,0.17451981241129033,0.48681711008539974
rxn_39_89_812,cross_section_barn,reaction_cross_sections,13,0.1890631301122312,0.4731669009142294
rxn_39_89_812,cross_section_barn,reaction_cross_sections,14,0.20360644781317205,0.43240638118954644
rxn_39_89_812,cross_section_barn,reaction_cross_sections,15,0.21814976551411291,0.420283191684681
rxn_39_89_812,cross_section_barn,reaction_cross_sections,16,0.23269308321505378,0.37139662234930704
rxn_39_89_812,cross_section_barn,reaction_cross_sections,17,0.24723640091599464,0.35497487094505864
rxn_39_89_812,cross_section_barn,reaction_cross_sections,18,0.2617797186169355,0.36135386489795795
rxn_39_89_812,cross_section_barn,reaction_cross_sections,19,0.27632303631787636,0.37187532508410603
rxn_39_89_812,cross_section_barn,reaction_cross_sections,20,0.2908663540188172,0.3508985444882389
rxn_39_89_812,cross_section_barn,reaction_cross_sections,21,0.3054096717197581,0.3134479488514734
rxn_39_89_812,cross_section_barn,reaction_cross_sections,22,0.31995298942069894,0.3090278338191683
rxn_39_89_812,cross_section_barn,reaction_cross_sections,23,0.3344963071216398,0.317238542640474
rxn_39_89_812,cross_section_barn,reaction_cross_sections,24,0.34903962482258066,0.32611972090295316
rxn_39_89_812,cross_section_barn,reaction_cross_sections,25,0.3635829425235215,0.35346331157528255
rxn_39_89_832,cross_section_barn,reaction_cross_sections,1,0.0141316749361593,2.2002987816695976
rxn_39_89_832,cross_section_barn,reaction_cross_sections,2,0.0282633498723186,1.2741004551485329
rxn_39_89_832,cross_section_barn,reaction_cross_sections,3,0.0423950248084779,0.7518984476349972
rxn_39_89_832,cross_section_barn,reaction_cross_sections,4,0.0565266997446372,0.6825353479510894
rxn_39_89_832,cross_section_barn,reaction_cross_sections,5,0.0706583746807965,0.6073648726397689
rxn_39_89_832,cross_section_barn,reaction_cross_sections,6,0.0847900496169558,0.5604576054219175
rxn_39_89_832,cross_section_barn,reaction_cross_sections,7,0.0989217245531151,0.5333609224846505
rxn_39_89_832,cross_section_barn,reaction_cross_sections,8,0.1130533994892744,0.49700949110052806
rxn_39_89_832,cross_section_barn,reaction_cross_sections,9,0.1271850744254337,0.4813324243158461
rxn_39_89_832,cross_section_barn,reaction_cross_sections,10,0.141316749361593,0.44092026813790497
rxn_39_89_832,cross_section_barn,reaction_cross_sections,11,0.1554484242977523,0.3786688859108782
rxn_39_89_832,cross_section_barn,reaction_cross_sections,12,0.1695800992339116,0.38897186059635214
rxn_39_89_832,cross_section_barn,reaction_cross_sections,13,0.1837117741700709,0.3560647999766169
rxn_39_89_832,cross_section_barn,reaction_cross_sections,14,0.1978434491062302,0.3494830120074406
rxn_39_89_832,cross_section_barn,reaction_cross_sections,15,0.2119751240423895,0.302343097247634
rxn_39_89_832,cross_section_barn,reaction_cross_sections,16,0.2261067989785488,0.33070404387727637
rxn_39_89_832,cross_section_barn,reaction_cross_sections,17,0.2402384739147081,0.3282602510856427
rxn_39_89_832,cross_section_barn,reaction_cross_sections,18,0.2543701488508674,0.32750392629642056
rxn_39_89_832,cross_section_barn,reaction_cross_sections,19,0.2685018237870267,0.30423426326828684
rxn_39_89_832,cross_section_barn,reaction_cross_sections,20,0.282633498723186,0.2864343710186077
rxn_39_89_832,cross_section_barn,reaction_cross_sections,21,0.2967651736593453,0.297035965175652
rxn_39_89_832,cross_section_barn,reaction_cross_sections,22,0.3108968485955046,0.30953231525677616
rxn_42_100_5,cross_section_barn,reaction_cross_sections,1,0.060900199615495865,2.565681436155352
rxn_42_100_5,cross_section_barn,reaction_cross_sections,2,0.12180039923099173,2.008857103754859
rxn_42_100_5,cross_section_barn,reaction_cross_sections,3,0.1827005988464876,1.687336827124966
rxn_42_100_5,cross_section_barn,reaction_cross_sections,4,0.24360079846198346,1.4183728691771302
rxn_42_100_5,cross_section_barn,reaction_cross_sections,5,0.3045009980774793,1.2260336334521076
rxn_42_100_5,cross_section_barn,reaction_cross_sections,6,0.3654011976929752,1.102505683790801
rxn_42_100_5,cross_section_barn,reaction_cross_sections,7,0.42630139730847105,1.0342796020750602
rxn_42_100_5,cross_section_barn,reaction_cross_sections,8,0.4872015969239669,0.993938175888446
rxn_42_100_5,cross_section_barn,reaction_cross_sections,9,0.5481017965394628,0.9349042608318479
rxn_42_100_5,cross_section_barn,reaction_cross_sections,10,0.6090019961549586,0.8362649328221978
rxn_42_100_5,cross_section_barn,reaction_cross_sections,11,0.6699021957704545,0.7506608481406856
rxn_42_100_5,cross_section_barn,reaction_cross_sections,12,0.7308023953859504,0.7006873011156705
rxn_42_100_5,cross_section_barn,reaction_cross_sections,13,0.7917025950014462,0.6418182926191123
rxn_42_100_5,cross_section_barn,reaction_cross_sections,14,0.8526027946169421,0.6058263869746132
rxn_42_100_5,cross_section_barn,reaction_cross_sections,15,0.913502994232438,0.5852271122313977
rxn_42_100_5,cross_section_barn,reaction_cross_sections,16,0.9744031938479338,0.5638906691903722
rxn_42_100_5,cross_section_barn,reaction_cross_sections,17,1.0353033934634297,0.5327766123805073
rxn_42_100_5,cross_section_barn,reaction_cross_sections,18,1.0962035930789256,0.5130394872568571
rxn_45_103_32,cross_section_barn,reaction_cross_sections,1,0.04288970060412467,1.8108839119466253
rxn_45_103_32,cross_section_barn,reaction_cross_sections,2,0.08577940120824934,1.4235894758753473
rxn_45_103_32,cross_section_barn,reaction_cross_sections,3,0.128669101812374,1.0968724288209826
rxn_45_103_32,cross_section_barn,reaction_cross_sections,4,0.17155880241649868,0.8576164241985511
rxn_45_103_32,cross_section_barn,reaction_cross_sections,5,0.21444850302062335,0.7777566169766064
rxn_45_103_32,cross_section_barn,reaction_cross_sections,6,0.257338203624748,0.6891762826858714
rxn_45_103_32,cross_section_barn,reaction_cross_sections,7,0.3002279042288727,0.6847074782606035
rxn_45_103_32,cross_section_barn,reaction_cross_sections,8,0.34311760483299736,0.6473599302283559
rxn_45_103_32,cross_section_barn,reaction_cross_sections,9,0.38600730543712203,0.6386443249092713
rxn_45_103_32,cross_section_barn,reaction_cross_sections,10,0.4288970060412467,0.6442454225471343
rxn_45_103_32,cross_section_barn,reaction_cross_sections,11,0.47178670664537137,0.6756457164482406
rxn_45_103_603,cross_section_barn,reaction_cross_sections,1,0.013614611005813515,2.9226206036015014
rxn_45_103_603,cross_section_barn,reaction_cross_sections,2,0.02722922201162703,2.408510050471355
rxn_45_103_603,cross_section_barn,reaction_cross_sections,3,0.040843833017440545,1.9747223734019128
rxn_45_103_603,cross_section_barn,reaction_cross_sections,4,0.05445844402325406,1.5467803234266193
rxn_45_103_603,cross_section_barn,reaction_cross_sections,5,0.06807305502906758,1.1606675698605655
rxn_45_103_603,cross_section_barn,reaction_cross_sections,6,0.08168766603488109,1.003554440455857
rxn_45_103_603,cross_section_barn,reaction_cross_sections,7,0.0953022770406946,0.957853658626072
rxn_45_103_603,cross_section_barn,reaction_cross_sections,8,0.10891688804650812,0.9014714841755356
rxn_45_103_603,cross_section_barn,reaction_cross_sections,9,0.12253149905232164,0.8472967063387373
rxn_45_103_603,cross_section_barn,reaction_cross_sections,10,0.13614611005813515,0.8155213529745167
rxn_45_103_603,cross_section_barn,reaction_cross_sections,11,0.14976072106394867,0.7674006508644156
rxn_45_103_603,cross_section_barn,reaction_cross_sections,12,0.16337533206976218,0.7441065170513879
rxn_45_103_603,cross_section_barn,reaction_cross_sections,13,0.1769899430755757,0.7314626959074677
rxn_45_103_603,cross_section_barn,reaction_cross_sections,14,0.1906045540813892,0.7231354042244593
rxn_45_103_603,cross_section_barn,reaction_cross_sections,15,0.20421916508720273,0.7220533476807263
rxn_45_103_603,cross_section_barn,reaction_cross_sections,16,0.21783377609301624,0.7179662965383504
rxn_45_103_603,cross_section_barn,reaction_cross_sections,17,0.23144838709882976,0.7165773217842242
rxn_45_103_603,cross_section_barn,reaction_cross_sections,18,0.24506299810464327,0.7136752882439539
rxn_45_103_603,cross_section_barn,reaction_cross_sections,19,0.2586776091104568,0.7217908182758999
rxn_45_103_603,cross_section_barn,reaction_cross_sections,20,0.2722922201162703,0.7132100615442858
rxn_45_103_603,cross_section_barn,reaction_cross_sections,21,0.2859068311220838,0.6964480494613503
rxn_45_103_603,cross_section_barn,reaction_cross_sections,22,0.29952144212789733,0.6887265361653303
rxn_45_103_603,cross_section_barn,reaction_cross_sections,23,0.31313605313371085,0.6747363191484164
rxn_45_103_603,cross_section_barn,reaction_cross_sections,24,0.32675066413952436,0.6738478693094598
rxn_45_103_603,cross_section_barn,reaction_cross_sections,25,0.3403652751453379,0.6608563593139802
rxn_45_103_603,cross_section_barn,reaction_cross_sections,26,0.3539798861511514,0.6600789638941951
rxn_45_103_603,cross_section_barn,reaction_cross_sections,27,0.3675944971569649,0.6462630553118731
rxn_45_103_603,cross_section_barn,reaction_cross_sections,28,0.3812091081627784,0.6191345740486351
rxn_45_103_603,cross_section_barn,reaction_cross_sections,29,0.39482371916859194,0.5550527818630293
rxn_45_103_624,cross_section_barn,reaction_cross_sections,1,0.0215230811288194,2.088498731975865
rxn_45_103_624,cross_section_barn,reaction_cross_sections,2,0.0430461622576388,1.1644673715284637
rxn_45_103_624,cross_section_barn,reaction_cross_sections,3,0.0645692433864582,0.8481521699477375
rxn_45_103_624,cross_section_barn,reaction_cross_sections,4,0.0860923245152776,0.7438877567948636
rxn_45_103_624,cross_section_barn,reaction_cross_sections,5,0.107615405644097,0.6915119655855082
rxn_45_103_624,cross_section_barn,reaction_cross_sections,6,0.1291384867729164,0.6388693486674684
rxn_45_103_624,cross_section_barn,reaction_cross_sections,7,0.1506615679017358,0.6431061998598828
rxn_45_103_624,cross_section_barn,reaction_cross_sections,8,0.1721846490305552,0.6091811152515811
rxn_45_103_624,cross_section_barn,reaction_cross_sections,9,0.1937077301593746,0.630151017093477
rxn_45_103_624,cross_section_barn,reaction_cross_sections,10,0.215230811288194,0.6263597414947415
rxn_45_103_624,cross_section_barn,reaction_cross_sections,11,0.2367538924170134,0.5820446093518106
rxn_45_103_624,cross_section_barn,reaction_cross_sections,12,0.2582769735458328,0.6130807136303607
rxn_45_103_624,cross_section_barn,reaction_cross_sections,13,0.2798000546746522,0.6371808062699751
rxn_45_103_624,cross_section_barn,reaction_cross_sections,14,0.3013231358034716,0.6097303136754255
rxn_45_103_624,cross_section_barn,reaction_cross_sections,15,0.322846216932291,0.580883348561454
rxn_45_103_624,cross_section_barn,reaction_cross_sections,16,0.3443692980611104,0.5475938730479681
rxn_45_103_624,cross_section_barn,reaction_cross_sections,17,0.3658923791899298,0.5323786730565097
rxn_45_103_624,cross_section_barn,reaction_cross_sections,18,0.3874154603187492,0.5073009731160303
rxn_45_103_624,cross_section_barn,reaction_cross_sections,19,0.4089385414475686,0.40570966743723735
rxn_45_103_624,cross_section_barn,reaction_cross_sections,20,0.430461622576388,0.361726810585675
rxn_45_103_800,cross_section_barn,reaction_cross_sections,1,0.012956600593440726,2.719925604854281
rxn_45_103_800,cross_section_barn,reaction_cross_sections,2,0.02591320118688145,1.9523120412377595
rxn_45_103_800,cross_section_barn,reaction_cross_sections,3,0.03886980178032218,1.58393717746644
rxn_45_103_800,cross_section_barn,reaction_cross_sections,4,0.0518264023737629,1.1486128557226034
rxn_45_103_800,cross_section_barn,reaction_cross_sections,5,0.06478300296720363,0.7932565762622059
rxn_45_103_800,cross_section_barn,reaction_cross_sections,6,0.07773960356064435,0.6387728057425206
rxn_45_103_800,cross_section_barn,reaction_cross_sections,7,0.09069620415408508,0.5569756609071144
rxn_45_103_800,cross_section_barn,reaction_cross_sections,8,0.1036528047475258,0.5230180534557611
rxn_45_103_800,cross_section_barn,reaction_cross_sections,9,0.11660940534096653,0.47824283287085123
rxn_45_103_800,cross_section_barn,reaction_cross_sections,10,0.12956600593440726,0.43232887513698914
rxn_45_103_800,cross_section_barn,reaction_cross_sections,11,0.14252260652784798,0.39828649407659755
rxn_45_103_800,cross_section_barn,reaction_cross_sections,12,0.1554792071212887,0.3707341720297217
rxn_45_103_800,cross_section_barn,reaction_cross_sections,13,0.16843580771472944,0.38858746776874575
rxn_45_103_800,cross_section_barn,reaction_cross_sections,14,0.18139240830817016,0.39531171073876825
rxn_45_103_800,cross_section_barn,reaction_cross_sections,15,0.1943490089016109,0.39659945448064304
rxn_45_103_800,cross_section_barn,reaction_cross_sections,16,0.2073056094950516,0.39302368773453855
rxn_45_103_800,cross_section_barn,reaction_cross_sections,17,0.22026221008849234,0.3703850476434045
rxn_45_103_800,cross_section_barn,reaction_cross_sections,18,0.23321881068193306,0.34854084524300344
rxn_45_103_800,cross_section_barn,reaction_cross_sections,19,0.2461754112753738,0.3431230605870521
rxn_45_103_800,cross_section_barn,reaction_cross_sections,20,0.2591320118688145,0.32927808738275743
rxn_45_103_800,cross_section_barn,reaction_cross_sections,21,0.27208861246225524,0.3083399954714765
rxn_45_103_800,cross_section_barn,reaction_cross_sections,22,0.28504521305569597,0.30013608655476043
rxn_45_103_800,cross_section_barn,reaction_cross_sections,23,0.2980018136491367,0.25597999467809096
rxn_45_103_800,cross_section_barn,reaction_cross_sections,24,0.3109584142425774,0.23549833736572623
rxn_45_103_800,cross_section_barn,reaction_cross_sections,25,0.32391501483601814,0.19775592399105513
rxn_45_103_800,cross_section_barn,reaction_cross_sections,26,0.33687161542945887,0.1963618611745357
rxn_45_103_800,cross_section_barn,reaction_cross_sections,27,0.3498282160228996,0.19523213487001012
rxn_45_103_800,cross_section_barn,reaction_cross_sections,28,0.3627848166163403,0.20335410385137997
rxn_45_103_800,cross_section_barn,reaction_cross_sections,29,0.37574141720978105,0.22322958495574996
rxn_45_103_800,cross_section_barn,reaction_cross_sections,30,0.3886980178032218,0.2315329332285323
rxn_45_103_800,cross_section_barn,reaction_cross_sections,31,0.4016546183966625,0.2538461682071711
rxn_45_103_800,cross_section_barn,reaction_cross_sections,32,0.4146112189901032,0.2503471461655389
rxn_45_103_800,cross_section_barn,reaction_cross_sections,33,0.42756781958354395,0.2452006358539327
rxn_45_103_800,cross_section_barn,reaction_cross_sections,34,0.4405244201769847,0.2367939566313031
rxn_45_103_800,cross_section_barn,reaction_cross_sections,35,0.4534810207704254,0.2373659356582154
rxn_45_103_800,cross_section_barn,reaction_cross_sections,36,0.46643762136386613,0.22736003045007935
rxn_45_103_820,cross_section_barn,reaction_cross_sections,1,0.012484583184786402,2.6961857854936193
rxn_45_103_820,cross_section_barn,reaction_cross_sections,2,0.024969166369572804,1.9686217256551752
rxn_45_103_820,cross_section_barn,reaction_cross_sections,3,0.037453749554359206,1.564371777387553
rxn_45_103_820,cross_section_barn,reaction_cross_sections,4,0.04993833273914561,1.0586758290891352
rxn_45_103_820,cross_section_barn,reaction_cross_sections,5,0.06242291592393201,0.6767562605682933
rxn_45_103_820,cross_section_barn,reaction_cross_sections,6,0.07490749910871841,0.5640069024669647
rxn_45_103_820,cross_section_barn,reaction_cross_sections,7,0.08739208229350481,0.48312836329995035
rxn_45_103_820,cross_section_barn,reaction_cross_sections,8,0.09987666547829122,0.44305517657391835
rxn_45_103_820,cross_section_barn,reaction_cross_sections,9,0.11236124866307762,0.43410653925174314
rxn_45_103_820,cross_section_barn,reaction_cross_sections,10,0.12484583184786402,0.447085412568752
rxn_45_103_820,cross_section_barn,reaction_cross_sections,11,0.13733041503265042,0.4249896043541521
rxn_45_103_820,cross_section_barn,reaction_cross_sections,12,0.14981499821743682,0.405316990030272
rxn_45_103_820,cross_section_barn,reaction_cross_sections,13,0.16229958140222323,0.40060365592992575
rxn_45_103_820,cross_section_barn,reaction_cross_sections,14,0.17478416458700963,0.4023521735147617
rxn_45_103_820,cross_section_barn,reaction_cross_sections,15,0.18726874777179603,0.39187398607683166
rxn_45_103_820,cross_section_barn,reaction_cross_sections,16,0.19975333095658243,0.39186356451679893
rxn_45_103_820,cross_section_barn,reaction_cross_sections,17,0.21223791414136883,0.3876794602055278
rxn_45_103_820,cross_section_barn,reaction_cross_sections,18,0.22472249732615523,0.36327835373707984
rxn_45_103_820,cross_section_barn,reaction_cross_sections,19,0.23720708051094164,0.3542844661022464
rxn_45_103_820,cross_section_barn,reaction_cross_sections,20,0.24969166369572804,0.3456397429007474
rxn_45_103_820,cross_section_barn,reaction_cross_sections,21,0.26217624688051444,0.29873147901129204
rxn_45_103_820,cross_section_barn,reaction_cross_sections,22,0.27466083006530084,0.24843206274773388
rxn_45_103_820,cross_section_barn,reaction_cross_sections,23,0.28714541325008724,0.22388761113200406
rxn_45_103_820,cross_section_barn,reaction_cross_sections,24,0.29962999643487365,0.20772809855737062
rxn_45_103_820,cross_section_barn,reaction_cross_sections,25,0.31211457961966005,0.2045312726361872
rxn_45_103_820,cross_section_barn,reaction_cross_sections,26,0.32459916280444645,0.19731005045811445
rxn_45_103_820,cross_section_barn,reaction_cross_sections,27,0.33708374598923285,0.19391985294545044
rxn_45_103_820,cross_section_barn,reaction_cross_sections,28,0.34956832917401925,0.18864792664412944
rxn_45_103_820,cross_section_barn,reaction_cross_sections,29,0.36205291235880566,0.1745580341356927
rxn_45_103_820,cross_section_barn,reaction_cross_sections,30,0.37453749554359206,0.1638357003785873
rxn_45_103_820,cross_section_barn,reaction_cross_sections,31,0.38702207872837846,0.16541916946686408
rxn_45_103_820,cross_section_barn,reaction_cross_sections,32,0.39950666191316486,0.16130709029931722
rxn_45_103_820,cross_section_barn,reaction_cross_sections,33,0.41199124509795126,0.16312859608043162
rxn_45_103_820,cross_section_barn,reaction_cross_sections,34,0.42447582828273767,0.167013640977828
rxn_45_103_820,cross_section_barn,reaction_cross_sections,35,0.43696041146752407,0.17278275055376202
rxn_45_103_849,cross_section_barn,reaction_cross_sections,1,0.01847922241222122,2.788735176662774
rxn_45_103_849,cross_section_barn,reaction_cross_sections,2,0.03695844482444244,2.2734449187998536
rxn_45_103_849,cross_section_barn,reaction_cross_sections,3,0.05543766723666366,2.0261978830083365
rxn_45_103_849,cross_section_barn,reaction_cross_sections,4,0.07391688964888488,1.8395728371547695
rxn_45_103_849,cross_section_barn,reaction_cross_sections,5,0.0923961120611061,1.684927857412732
rxn_45_103_849,cross_section_barn,reaction_cross_sections,6,0.11087533447332731,1.5717389440392
rxn_45_103_849,cross_section_barn,reaction_cross_sections,7,0.12935455688554853,1.4661879792823829
rxn_45_103_849,cross_section_barn,reaction_cross_sections,8,0.14783377929776975,1.3988227598477376
rxn_45_103_849,cross_section_barn,reaction_cross_sections,9,0.16631300170999097,1.3305328396600689
rxn_45_103_849,cross_section_barn,reaction_cross_sections,10,0.1847922241222122,1.2444910931566309
rxn_45_103_849,cross_section_barn,reaction_cross_sections,11,0.2032714465344334,1.146390180566828
rxn_45_103_849,cross_section_barn,reaction_cross_sections,12,0.22175066894665463,1.0745399102986095
rxn_45_103_849,cross_section_barn,reaction_cross_sections,13,0.24022989135887585,1.015300255855697
rxn_45_103_849,cross_section_barn,reaction_cross_sections,14,0.25870911377109707,0.9614608142305676
rxn_45_103_849,cross_section_barn,reaction_cross_sections,15,0.2771883361833183,0.9026562425684994
rxn_45_103_849,cross_section_barn,reaction_cross_sections,16,0.2956675585955395,0.8594365898594236
rxn_45_103_849,cross_section_barn,reaction_cross_sections,17,0.3141467810077607,0.7860963644419052
rxn_45_103_849,cross_section_barn,reaction_cross_sections,18,0.33262600341998194,0.7414490793716912
rxn_45_103_849,cross_section_barn,reaction_cross_sections,19,0.35110522583220316,0.7270195974797713
rxn_45_103_849,cross_section_barn,reaction_cross_sections,20,0.3695844482444244,0.6937703887352398
rxn_45_103_849,cross_section_barn,reaction_cross_sections,21,0.3880636706566456,0.6732055618127064
rxn_45_103_849,cross_section_barn,reaction_cross_sections,22,0.4065428930688668,0.6372594409109604
rxn_45_103_849,cross_section_barn,reaction_cross_sections,23,0.42502211548108804,0.5939445521884523
rxn_45_103_849,cross_section_barn,reaction_cross_sections,24,0.44350133789330926,0.5393061864215296
rxn_45_103_849,cross_section_barn,reaction_cross_sections,25,0.4619805603055305,0.48824427560784756
rxn_45_103_849,cross_section_barn,reaction_cross_sections,26,0.4804597827177517,0.45346296888984616
rxn_45_103_849,cross_section_barn,reaction_cross_sections,27,0.4989390051299729,0.449635550426013
rxn_45_103_849,cross_section_barn,reaction_cross_sections,28,0.5174182275421941,0.4386923309944488
rxn_45_103_849,cross_section_barn,reaction_cross_sections,29,0.5358974499544154,0.45477741301711383
rxn_45_103_849,cross_section_barn,reaction_cross_sections,30,0.5543766723666366,0.45993200761404296
rxn_45_103_849,cross_section_barn,reaction_cross_sections,31,0.5728558947788578,0.4593951935587044
rxn_45_103_849,cross_section_barn,reaction_cross_sections,32,0.591335117191079,0.4598168573788932
rxn_45_103_849,cross_section_barn,reaction_cross_sections,33,0.6098143396033002,0.47049387092845185
rxn_45_103_849,cross_section_barn,reaction_cross_sections,34,0.6282935620155214,0.45986391669867377
rxn_45_103_849,cross_section_barn,reaction_cross_sections,35,0.6467727844277427,0.45465028276940167
rxn_45_103_849,cross_section_barn,reaction_cross_sections,36,0.6652520068399639,0.4356659271762484
rxn_48_114_5,cross_section_barn,reaction_cross_sections,1,0.060900199615495865,2.5388825178690304
rxn_48_114_5,cross_section_barn,reaction_cross_sections,2,0.12180039923099173,1.9905333361701865
rxn_48_114_5,cross_section_barn,reaction_cross_sections,3,0.1827005988464876,1.637598391643886
rxn_48_114_5,cross_section_barn,reaction_cross_sections,4,0.24360079846198346,1.394123491545058
rxn_48_114_5,cross_section_barn,reaction_cross_sections,5,0.3045009980774793,1.2058395369709558
rxn_48_114_5,cross_section_barn,reaction_cross_sections,6,0.3654011976929752,1.0573730872656757
rxn_48_114_5,cross_section_barn,reaction_cross_sections,7,0.42630139730847105,0.9774999124367578
rxn_48_114_5,cross_section_barn,reaction_cross_sections,8,0.4872015969239669,0.9007519999849873
rxn_48_114_5,cross_section_barn,reaction_cross_sections,9,0.5481017965394628,0.8001483041602517
rxn_48_114_5,cross_section_barn,reaction_cross_sections,10,0.6090019961549586,0.7515665258671804
rxn_48_114_5,cross_section_barn,reaction_cross_sections,11,0.6699021957704545,0.6957687997061246
rxn_48_114_5,cross_section_barn,reaction_cross_sections,12,0.7308023953859504,0.6555850974354733
rxn_48_114_5,cross_section_barn,reaction_cross_sections,13,0.7917025950014462,0.6374108545482633
rxn_48_114_5,cross_section_barn,reaction_cross_sections,14,0.8526027946169421,0.5931830024093037
rxn_48_114_5,cross_section_barn,reaction_cross_sections,15,0.913502994232438,0.5874160861259412
rxn_48_114_5,cross_section_barn,reaction_cross_sections,16,0.9744031938479338,0.5565597054235623
rxn_48_114_5,cross_section_barn,reaction_cross_sections,17,1.0353033934634297,0.5215572301221667
rxn_48_114_5,cross_section_barn,reaction_cross_sections,18,1.0962035930789256,0.5303022023221504
rxn_4_9_751,cross_section_barn,reaction_cross_sections,1,0.03073716688925643,2.1865614604781127
rxn_4_9_751,cross_section_barn,reaction_cross_sections,2,0.06147433377851286,1.8228696482361786
rxn_4_9_751,cross_section_barn,reaction_cross_sections,3,0.09221150066776929,1.6839090185413461
rxn_4_9_751,cross_section_barn,reaction_cross_sections,4,0.12294866755702571,1.5732880443376953
rxn_4_9_751,cross_section_barn,reaction_cross_sections,5,0.15368583444628214,1.4708465469843965
rxn_4_9_751,cross_section_barn,reaction_cross_sections,6,0.18442300133553857,1.3674950755796453
rxn_4_9_751,cross_section_barn,reaction_cross_sections,7,0.215160168224795,1.2959071882620314
rxn_4_9_751,cross_section_barn,reaction_cross_sections,8,0.24589733511405143,1.2593339863547457
rxn_4_9_751,cross_section_barn,reaction_cross_sections,9,0.27663450200330786,1.1655986634007438
rxn_4_9_751,cross_section_barn,reaction_cross_sections,10,0.3073716688925643,1.1272338184059576
rxn_4_9_751,cross_section_barn,reaction_cross_sections,11,0.3381088357818207,1.1212548729153275
rxn_4_9_751,cross_section_barn,reaction_cross_sections,12,0.36884600267107714,1.204343493450898
rxn_52_123_5,cross_section_barn,reaction_cross_sections,1,0.060900199615495865,2.5373196012199077
rxn_52_123_5,cross_section_barn,reaction_cross_sections,2,0.12180039923099173,1.9173680848911503
rxn_52_123_5,cross_section_barn,reaction_cross_sections,3,0.1827005988464876,1.6094519780815937
rxn_52_123_5,cross_section_barn,reaction_cross_sections,4,0.24360079846198346,1.3781612588461054
rxn_52_123_5,cross_section_barn,reaction_cross_sections,5,0.3045009980774793,1.1638034394841608
rxn_52_123_5,cross_section_barn,reaction_cross_sections,6,0.3654011976929752,0.9916045595532379
rxn_52_123_5,cross_section_barn,reaction_cross_sections,7,0.42630139730847105,0.9124868871208027
rxn_52_123_5,cross_section_barn,reaction_cross_sections,8,0.4872015969239669,0.8533100648526926
rxn_52_123_5,cross_section_barn,reaction_cross_sections,9,0.5481017965394628,0.8004955212622291
rxn_52_123_5,cross_section_barn,reaction_cross_sections,10,0.6090019961549586,0.7500424828531367
rxn_52_123_5,cross_section_barn,reaction_cross_sections,11,0.6699021957704545,0.7012661117875068
rxn_52_123_5,cross_section_barn,reaction_cross_sections,12,0.7308023953859504,0.6517473077510441
rxn_52_123_5,cross_section_barn,reaction_cross_sections,13,0.7917025950014462,0.6064270685566813
rxn_52_123_5,cross_section_barn,reaction_cross_sections,14,0.8526027946169421,0.5655107235762178
rxn_52_123_5,cross_section_barn,reaction_cross_sections,15,0.913502994232438,0.5567692563812203
rxn_52_123_5,cross_section_barn,reaction_cross_sections,16,0.9744031938479338,0.5491046438282061
rxn_52_123_5,cross_section_barn,reaction_cross_sections,17,1.0353033934634297,0.525076855911971
rxn_52_123_5,cross_section_barn,reaction_cross_sections,18,1.0962035930789256,0.4970965712550588
rxn_60_142_5,cross_section_barn,reaction_cross_sections,1,0.060900199615495865,2.3178335542490727
rxn_60_142_5,cross_section_barn,reaction_cross_sections,2,0.12180039923099173,1.628746505858169
rxn_60_142_5,cross_section_barn,reaction_cross_sections,3,0.1827005988464876,1.3584087456207088
rxn_60_142_5,cross_section_barn,reaction_cross_sections,4,0.24360079846198346,1.2205299170175503
rxn_60_142_5,cross_section_barn,reaction_cross_sections,5,0.3045009980774793,1.1030141045793616
rxn_60_142_5,cross_section_barn,reaction_cross_sections,6,0.3654011976929752,1.0235155799796913
rxn_60_142_5,cross_section_barn,reaction_cross_sections,7,0.42630139730847105,0.9760232295442526
rxn_60_142_5,cross_section_barn,reaction_cross_sections,8,0.4872015969239669,0.8968728561512227
rxn_60_142_5,cross_section_barn,reaction_cross_sections,9,0.5481017965394628,0.8289892209018128
rxn_60_142_5,cross_section_barn,reaction_cross_sections,10,0.6090019961549586,0.7741831138136979
rxn_60_142_5,cross_section_barn,reaction_cross_sections,11,0.6699021957704545,0.7401503049748688
rxn_60_142_5,cross_section_barn,reaction_cross_sections,12,0.7308023953859504,0.7007969780163483
rxn_60_142_5,cross_section_barn,reaction_cross_sections,13,0.7917025950014462,0.6294189622249156
rxn_60_142_5,cross_section_barn,reaction_cross_sections,14,0.8526027946169421,0.6017503391957155
rxn_60_142_5,cross_section_barn,reaction_cross_sections,15,0.913502994232438,0.5448847452717094
rxn_60_142_5,cross_section_barn,reaction_cross_sections,16,0.9744031938479338,0.5460339702726542
rxn_60_142_5,cross_section_barn,reaction_cross_sections,17,1.0353033934634297,0.5238826957980871
rxn_60_142_5,cross_section_barn,reaction_cross_sections,18,1.0962035930789256,0.5134711296337007
rxn_63_153_5,cross_section_barn,reaction_cross_sections,1,0.060900199615495865,2.4478142505650418
rxn_63_153_5,cross_section_barn,reaction_cross_sections,2,0.12180039923099173,1.8874961747957015
rxn_63_153_5,cross_section_barn,reaction_cross_sections,3,0.1827005988464876,1.59931453886795
rxn_63_153_5,cross_section_barn,reaction_cross_sections,4,0.24360079846198346,1.4703261124534859
rxn_63_153_5,cross_section_barn,reaction_cross_sections,5,0.3045009980774793,1.3466923712509962
rxn_63_153_5,cross_section_barn,reaction_cross_sections,6,0.3654011976929752,1.2320980961917571
rxn_63_153_5,cross_section_barn,reaction_cross_sections,7,0.42630139730847105,1.139018209176402
rxn_63_153_5,cross_section_barn,reaction_cross_sections,8,0.4872015969239669,1.0481963927620277
rxn_63_153_5,cross_section_barn,reaction_cross_sections,9,0.5481017965394628,0.949041372827123
rxn_63_153_5,cross_section_barn,reaction_cross_sections,10,0.6090019961549586,0.8645477311914709
rxn_63_153_5,cross_section_barn,reaction_cross_sections,11,0.6699021957704545,0.8161794649164644
rxn_63_153_5,cross_section_barn,reaction_cross_sections,12,0.7308023953859504,0.7532857186395163
rxn_63_153_5,cross_section_barn,reaction_cross_sections,13,0.7917025950014462,0.7174984010266567
rxn_63_153_5,cross_section_barn,reaction_cross_sections,14,0.8526027946169421,0.6630245252783933
rxn_63_153_5,cross_section_barn,reaction_cross_sections,15,0.913502994232438,0.6385320036404458
rxn_63_153_5,cross_section_barn,reaction_cross_sections,16,0.9744031938479338,0.6166865498134504
rxn_63_153_5,cross_section_barn,reaction_cross_sections,17,1.0353033934634297,0.5915977513698207
rxn_63_153_5,cross_section_barn,reaction_cross_sections,18,1.0962035930789256,0.5926300126094999
rxn_65_159_4,cross_section_barn,reaction_cross_sections,1,0.022551652378464127,3.0926845001121004
rxn_65_159_4,cross_section_barn,reaction_cross_sections,2,0.04510330475692825,2.7834697918232667
rxn_65_159_4,cross_section_barn,reaction_cross_sections,3,0.06765495713539238,2.662626926329672
rxn_65_159_4,cross_section_barn,reaction_cross_sections,4,0.0902066095138565,2.5945176085881747
rxn_65_159_4,cross_section_barn,reaction_cross_sections,5,0.11275826189232063,2.4486175059832935
rxn_65_159_4,cross_section_barn,reaction_cross_sections,6,0.13530991427078476,2.3227671512391614
rxn_65_159_4,cross_section_barn,reaction_cross_sections,7,0.15786156664924889,2.2498736944252897
rxn_65_159_4,cross_section_barn,reaction_cross_sections,8,0.180413219027713,2.149746506168332
rxn_65_159_4,cross_section_barn,reaction_cross_sections,9,0.20296487140617714,2.07938531370041
rxn_65_159_4,cross_section_barn,reaction_cross_sections,10,0.22551652378464127,2.0423634231872048
rxn_65_159_4,cross_section_barn,reaction_cross_sections,11,0.2480681761631054,2.0106622987408804
rxn_65_159_4,cross_section_barn,reaction_cross_sections,12,0.2706198285415695,1.9899835610890841
rxn_65_159_4,cross_section_barn,reaction_cross_sections,13,0.29317148092003364,1.9469402969741147
rxn_65_159_4,cross_section_barn,reaction_cross_sections,14,0.31572313329849777,1.9326867824321035
rxn_65_159_4,cross_section_barn,reaction_cross_sections,15,0.3382747856769619,1.934526007333723
rxn_65_159_4,cross_section_barn,reaction_cross_sections,16,0.360826438055426,1.9374922281285678
rxn_65_159_4,cross_section_barn,reaction_cross_sections,17,0.38337809043389015,1.940983271763424
rxn_65_159_4,cross_section_barn,reaction_cross_sections,18,0.4059297428123543,1.9449963516299338
rxn_65_159_4,cross_section_barn,reaction_cross_sections,19,0.4284813951908184,1.9133514722669167
rxn_65_159_4,cross_section_barn,reaction_cross_sections,20,0.45103304756928253,1.885927578938928
rxn_65_159_4,cross_section_barn,reaction_cross_sections,21,0.47358469994774666,1.8911313980772504
rxn_65_159_4,cross_section_barn,reaction_cross_sections,22,0.4961363523262108,1.8357521216261032
rxn_65_159_4,cross_section_barn,reaction_cross_sections,23,0.5186880047046749,1.7885386890981918
rxn_65_159_4,cross_section_barn,reaction_cross_sections,24,0.541239657083139,1.7381808622085853
rxn_65_159_4,cross_section_barn,reaction_cross_sections,25,0.5637913094616032,1.722707043782218
rxn_65_159_4,cross_section_barn,reaction_cross_sections,26,0.5863429618400673,1.7165817693935543
rxn_65_159_4,cross_section_barn,reaction_cross_sections,27,0.6088946142185314,1.6879105566216102
rxn_65_159_4,cross_section_barn,reaction_cross_sections,28,0.6314462665969955,1.6758712571539274
rxn_65_159_4,cross_section_barn,reaction_cross_sections,29,0.6539979189754597,1.6890597652226051
rxn_65_159_606,cross_section_barn,reaction_cross_sections,1,0.012215862830981195,2.609302339384707
rxn_65_159_606,cross_section_barn,reaction_cross_sections,2,0.02443172566196239,1.5495702497847965
rxn_65_159_606,cross_section_barn,reaction_cross_sections,3,0.036647588492943584,1.127912383966124
rxn_65_159_606,cross_section_barn,reaction_cross_sections,4,0.04886345132392478,1.0100447882170962
rxn_65_159_606,cross_section_barn,reaction_cross_sections,5,0.06107931415490597,0.8756678840521515
rxn_65_159_606,cross_section_barn,reaction_cross_sections,6,0.07329517698588717,0.7646573209904748
rxn_65_159_606,cross_section_barn,reaction_cross_sections,7,0.08551103981686836,0.7184239411219981
rxn_65_159_606,cross_section_barn,reaction_cross_sections,8,0.09772690264784956,0.6825489403222389
rxn_65_159_606,cross_section_barn,reaction_cross_sections,9,0.10994276547883075,0.6200800824902655
rxn_65_159_606,cross_section_barn,reaction_cross_sections,10,0.12215862830981195,0.5811409342015739
rxn_65_159_606,cross_section_barn,reaction_cross_sections,11,0.13437449114079314,0.5018783053954259
rxn_65_159_606,cross_section_barn,reaction_cross_sections,12,0.14659035397177433,0.48743466065030816
rxn_65_159_606,cross_section_barn,reaction_cross_sections,13,0.15880621680275553,0.4710165040365135
rxn_65_159_606,cross_section_barn,reaction_cross_sections,14,0.17102207963373672,0.46428170214790887
rxn_65_159_606,cross_section_barn,reaction_cross_sections,15,0.18323794246471792,0.4809110136248047
rxn_65_159_606,cross_section_barn,reaction_cross_sections,16,0.1954538052956991,0.48694639524259875
rxn_65_159_606,cross_section_barn,reaction_cross_sections,17,0.2076696681266803,0.476755002991069
rxn_65_159_606,cross_section_barn,reaction_cross_sections,18,0.2198855309576615,0.4717302902866316
rxn_65_159_606,cross_section_barn,reaction_cross_sections,19,0.2321013937886427,0.4473078391712684
rxn_65_159_606,cross_section_barn,reaction_cross_sections,20,0.2443172566196239,0.376881625111368
rxn_65_159_606,cross_section_barn,reaction_cross_sections,21,0.2565331194506051,0.3643728408526754
rxn_65_159_606,cross_section_barn,reaction_cross_sections,22,0.2687489822815863,0.36831326045908375
rxn_65_159_606,cross_section_barn,reaction_cross_sections,23,0.2809648451125675,0.36744115831452007
rxn_65_159_606,cross_section_barn,reaction_cross_sections,24,0.29318070794354867,0.35570341663885063
rxn_65_159_606,cross_section_barn,reaction_cross_sections,25,0.30539657077452986,0.33664448563551597
rxn_65_159_606,cross_section_barn,reaction_cross_sections,26,0.31761243360551106,0.2946945036190458
rxn_65_159_626,cross_section_barn,reaction_cross_sections,1,0.018408410016679255,1.796439572011272
rxn_65_159_626,cross_section_barn,reaction_cross_sections,2,0.03681682003335851,1.0129796866435825
rxn_65_159_626,cross_section_barn,reaction_cross_sections,3,0.055225230050037766,0.82527439542207
rxn_65_159_626,cross_section_barn,reaction_cross_sections,4,0.07363364006671702,0.7415266563059926
rxn_65_159_626,cross_section_barn,reaction_cross_sections,5,0.09204205008339628,0.6653644559469094
rxn_65_159_626,cross_section_barn,reaction_cross_sections,6,0.11045046010007553,0.6196844885774482
rxn_65_159_626,cross_section_barn,reaction_cross_sections,7,0.1288588701167548,0.541187760462218
rxn_65_159_626,cross_section_barn,reaction_cross_sections,8,0.14726728013343404,0.49084618175375017
rxn_65_159_626,cross_section_barn,reaction_cross_sections,9,0.1656756901501133,0.4863218384214294
rxn_65_159_626,cross_section_barn,reaction_cross_sections,10,0.18408410016679255,0.41971533999419464
rxn_65_159_626,cross_section_barn,reaction_cross_sections,11,0.2024925101834718,0.3994306023915861
rxn_65_159_626,cross_section_barn,reaction_cross_sections,12,0.22090092020015106,0.401995509506635
rxn_65_159_626,cross_section_barn,reaction_cross_sections,13,0.23930933021683032,0.41337703115075763
rxn_65_159_626,cross_section_barn,reaction_cross_sections,14,0.2577177402335096,0.4795021611872432
rxn_65_159_626,cross_section_barn,reaction_cross_sections,15,0.27612615025018883,0.528878942060127
rxn_65_159_626,cross_section_barn,reaction_cross_sections,16,0.2945345602668681,0.5591543103569259
rxn_65_159_626,cross_section_barn,reaction_cross_sections,17,0.31294297028354734,0.5707565996072428
rxn_65_159_626,cross_section_barn,reaction_cross_sections,18,0.3313513803002266,0.5263724669149834
rxn_65_159_802,cross_section_barn,reaction_cross_sections,1,0.013647997248614985,2.7328794000258596
rxn_65_159_802,cross_section_barn,reaction_cross_sections,2,0.02729599449722997,1.759256672873596
rxn_65_159_802,cross_section_barn,reaction_cross_sections,3,0.040943991745844954,1.4593236043758386
rxn_65_159_802,cross_section_barn,reaction_cross_sections,4,0.05459198899445994,1.3008266838930256
rxn_65_159_802,cross_section_barn,reaction_cross_sections,5,0.06823998624307492,1.2312142013850647
rxn_65_159_802,cross_section_barn,reaction_cross_sections,6,0.08188798349168991,1.1277010574725708
rxn_65_159_802,cross_section_barn,reaction_cross_sections,7,0.0955359807403049,1.0828096204614774
rxn_65_159_802,cross_section_barn,reaction_cross_sections,8,0.10918397798891988,1.0490992402529482
rxn_65_159_802,cross_section_barn,reaction_cross_sections,9,0.12283197523753486,1.0064031640756443
rxn_65_159_802,cross_section_barn,reaction_cross_sections,10,0.13647997248614985,0.957841375906646
rxn_65_159_802,cross_section_barn,reaction_cross_sections,11,0.15012796973476483,0.9095638183796488
rxn_65_159_802,cross_section_barn,reaction_cross_sections,12,0.16377596698337982,0.858155757233642
rxn_65_159_802,cross_section_barn,reaction_cross_sections,13,0.1774239642319948,0.8471840443383378
rxn_65_159_802,cross_section_barn,reaction_cross_sections,14,0.1910719614806098,0.8078198181201084
rxn_65_159_802,cross_section_barn,reaction_cross_sections,15,0.20471995872922477,0.7991593438592579
rxn_65_159_802,cross_section_barn,reaction_cross_sections,16,0.21836795597783976,0.7785513242813291
rxn_65_159_802,cross_section_barn,reaction_cross_sections,17,0.23201595322645474,0.7747040684276887
rxn_65_159_802,cross_section_barn,reaction_cross_sections,18,0.24566395047506973,0.762783574390506
rxn_65_159_802,cross_section_barn,reaction_cross_sections,19,0.2593119477236847,0.6737364525218421
rxn_65_159_802,cross_section_barn,reaction_cross_sections,20,0.2729599449722997,0.5788718863005222
rxn_65_159_802,cross_section_barn,reaction_cross_sections,21,0.2866079422209147,0.5073601691329581
rxn_65_159_802,cross_section_barn,reaction_cross_sections,22,0.30025593946952966,0.447106453933102
rxn_65_159_802,cross_section_barn,reaction_cross_sections,23,0.31390393671814465,0.4323167999325652
rxn_65_159_802,cross_section_barn,reaction_cross_sections,24,0.32755193396675963,0.4404975120829522
rxn_65_159_802,cross_section_barn,reaction_cross_sections,25,0.3411999312153746,0.45892860055454765
rxn_65_159_802,cross_section_barn,reaction_cross_sections,26,0.3548479284639896,0.4802092110143672
rxn_65_159_802,cross_section_barn,reaction_cross_sections,27,0.3684959257126046,0.47281661115631657
rxn_65_159_802,cross_section_barn,reaction_cross_sections,28,0.3821439229612196,0.468844472740094
rxn_65_159_802,cross_section_barn,reaction_cross_sections,29,0.39579192020983456,0.487435103590939
rxn_65_159_802,cross_section_barn,reaction_cross_sections,30,0.40943991745844954,0.4719123581730025
rxn_65_159_802,cross_section_barn,reaction_cross_sections,31,0.4230879147070645,0.4863062972225478
rxn_65_159_802,cross_section_barn,reaction_cross_sections,32,0.4367359119556795,0.4869254894109636
rxn_65_159_802,cross_section_barn,reaction_cross_sections,33,0.4503839092042945,0.46123811946974236
rxn_65_159_823,cross_section_barn,reaction_cross_sections,1,0.013801619909148855,2.674728072406711
rxn_65_159_823,cross_section_barn,reaction_cross_sections,2,0.02760323981829771,1.7568895571382637
rxn_65_159_823,cross_section_barn,reaction_cross_sections,3,0.041404859727446564,1.4705880477519688
rxn_65_159_823,cross_section_barn,reaction_cross_sections,4,0.05520647963659542,1.3268253103755043
rxn_65_159_823,cross_section_barn,reaction_cross_sections,5,0.06900809954574427,1.1871990159949575
rxn_65_159_823,cross_section_barn,reaction_cross_sections,6,0.08280971945489313,1.0697343688564573
rxn_65_159_823,cross_section_barn,reaction_cross_sections,7,0.09661133936404198,0.956042739707176
rxn_65_159_823,cross_section_barn,reaction_cross_sections,8,0.11041295927319084,0.8257862333268173
rxn_65_159_823,cross_section_barn,reaction_cross_sections,9,0.12421457918233969,0.755701389568364
rxn_65_159_823,cross_section_barn,reaction_cross_sections,10,0.13801619909148855,0.6860689147667656
rxn_65_159_823,cross_section_barn,reaction_cross_sections,11,0.1518178190006374,0.5969656817106368
rxn_65_159_823,cross_section_barn,reaction_cross_sections,12,0.16561943890978625,0.49920197875977124
rxn_65_159_823,cross_section_barn,reaction_cross_sections,13,0.1794210588189351,0.43884026903081264
rxn_65_159_823,cross_section_barn,reaction_cross_sections,14,0.19322267872808396,0.39856631848648805
rxn_65_159_823,cross_section_barn,reaction_cross_sections,15,0.20702429863723282,0.3275972942066061
rxn_65_159_823,cross_section_barn,reaction_cross_sections,16,0.22082591854638167,0.2854257390006407
rxn_65_159_823,cross_section_barn,reaction_cross_sections,17,0.23462753845553053,0.2761192641109451
rxn_65_159_823,cross_section_barn,reaction_cross_sections,18,0.24842915836467938,0.2883471961149078
rxn_65_159_823,cross_section_barn,reaction_cross_sections,19,0.26223077827382824,0.28057721360444576
rxn_65_159_823,cross_section_barn,reaction_cross_sections,20,0.2760323981829771,0.3039403384343027
rxn_65_159_823,cross_section_barn,reaction_cross_sections,21,0.28983401809212594,0.23513020689375574
rxn_65_159_823,cross_section_barn,reaction_cross_sections,22,0.3036356380012748,0.25104175020848096
rxn_65_159_823,cross_section_barn,reaction_cross_sections,23,0.31743725791042365,0.27068667766146204
rxn_65_159_823,cross_section_barn,reaction_cross_sections,24,0.3312388778195725,0.3056685487855768
rxn_65_159_823,cross_section_barn,reaction_cross_sections,25,0.34504049772872136,0.33322165422710714
rxn_65_159_823,cross_section_barn,reaction_cross_sections,26,0.3588421176378702,0.4023713503405588
rxn_65_159_823,cross_section_barn,reaction_cross_sections,27,0.37264373754701907,0.4441555243011721
rxn_65_159_823,cross_section_barn,reaction_cross_sections,28,0.3864453574561679,0.4329499600555553
rxn_65_159_823,cross_section_barn,reaction_cross_sections,29,0.4002469773653168,0.39511536575518935
rxn_65_159_823,cross_section_barn,reaction_cross_sections,30,0.41404859727446564,0.36170089656588766
rxn_65_159_823,cross_section_barn,reaction_cross_sections,31,0.4278502171836145,0.36497531583825316
rxn_65_159_823,cross_section_barn,reaction_cross_sections,32,0.44165183709276334,0.39600457211502205
rxn_65_159_823,cross_section_barn,reaction_cross_sections,33,0.4554534570019122,0.366584119893937
rxn_65_159_87,cross_section_barn,reaction_cross_sections,1,0.015692004955567995,2.3300274813018165
rxn_65_159_87,cross_section_barn,reaction_cross_sections,2,0.03138400991113599,1.8083446246611992
rxn_65_159_87,cross_section_barn,reaction_cross_sections,3,0.047076014866703986,1.5799401112529021
rxn_65_159_87,cross_section_barn,reaction_cross_sections,4,0.06276801982227198,1.4856182052734708
rxn_65_159_87,cross_section_barn,reaction_cross_sections,5,0.07846002477783998,1.4258849963396507
rxn_65_159_87,cross_section_barn,reaction_cross_sections,6,0.09415202973340797,1.403997078430426
rxn_65_159_87,cross_section_barn,reaction_cross_sections,7,0.10984403468897597,1.3526992195654812
rxn_65_159_87,cross_section_barn,reaction_cross_sections,8,0.12553603964454396,1.2936011493307409
rxn_65_159_87,cross_section_barn,reaction_cross_sections,9,0.14122804460011196,1.2492646178044677
rxn_65_159_87,cross_section_barn,reaction_cross_sections,10,0.15692004955567995,1.2016246750308404
rxn_65_159_87,cross_section_barn,reaction_cross_sections,11,0.17261205451124795,1.1351972921866507
rxn_65_159_87,cross_section_barn,reaction_cross_sections,12,0.18830405946681594,1.0607579862993664
rxn_65_159_87,cross_section_barn,reaction_cross_sections,13,0.20399606442238394,1.0325446393348203
rxn_65_159_87,cross_section_barn,reaction_cross_sections,14,0.21968806937795193,0.9738165502133933
rxn_65_159_87,cross_section_barn,reaction_cross_sections,15,0.23538007433351993,0.9185840716443092
rxn_67_165_34,cross_section_barn,reaction_cross_sections,1,0.05847865377046091,1.028568941501662
rxn_67_165_34,cross_section_barn,reaction_cross_sections,2,0.11695730754092182,0.5633295829048426
rxn_67_165_34,cross_section_barn,reaction_cross_sections,3,0.17543596131138273,0.3799850458514977
rxn_67_165_34,cross_section_barn,reaction_cross_sections,4,0.23391461508184364,0.2380475488971685
rxn_67_165_34,cross_section_barn,reaction_cross_sections,5,0.29239326885230454,0.20367172533641043
rxn_67_165_34,cross_section_barn,reaction_cross_sections,6,0.35087192262276545,0.16537927821416165
rxn_67_165_34,cross_section_barn,reaction_cross_sections,7,0.40935057639322636,0.16343406690481643
rxn_67_165_605,cross_section_barn,reaction_cross_sections,1,0.018559750800644537,1.4527634880193014
rxn_67_165_605,cross_section_barn,reaction_cross_sections,2,0.03711950160128907,0.8363973027514828
rxn_67_165_605,cross_section_barn,reaction_cross_sections,3,0.05567925240193361,0.727716247780549
rxn_67_165_605,cross_section_barn,reaction_cross_sections,4,0.07423900320257815,0.6431838622015045
rxn_67_165_605,cross_section_barn,reaction_cross_sections,5,0.09279875400322268,0.5859318828935991
rxn_67_165_605,cross_section_barn,reaction_cross_sections,6,0.11135850480386722,0.5259045960136559
rxn_67_165_605,cross_section_barn,reaction_cross_sections,7,0.12991825560451176,0.49106594393066016
rxn_67_165_605,cross_section_barn,reaction_cross_sections,8,0.1484780064051563,0.45169566219170454
rxn_67_165_605,cross_section_barn,reaction_cross_sections,9,0.16703775720580083,0.39140230343539884
rxn_67_165_605,cross_section_barn,reaction_cross_sections,10,0.18559750800644537,0.34453398940017754
rxn_67_165_605,cross_section_barn,reaction_cross_sections,11,0.2041572588070899,0.3540182696617835
rxn_67_165_605,cross_section_barn,reaction_cross_sections,12,0.22271700960773444,0.34526530943982303
rxn_67_165_605,cross_section_barn,reaction_cross_sections,13,0.24127676040837898,0.33419805965966676
rxn_67_165_605,cross_section_barn,reaction_cross_sections,14,0.2598365112090235,0.3278280968368823
rxn_67_165_605,cross_section_barn,reaction_cross_sections,15,0.27839626200966805,0.3105305526277431
rxn_67_165_605,cross_section_barn,reaction_cross_sections,16,0.2969560128103126,0.2873574933453287
rxn_67_165_70,cross_section_barn,reaction_cross_sections,1,0.01922781341693991,1.677494013473146
rxn_67_165_70,cross_section_barn,reaction_cross_sections,2,0.03845562683387982,1.2905125502145482
rxn_67_165_70,cross_section_barn,reaction_cross_sections,3,0.05768344025081973,1.074570414264595
rxn_67_165_70,cross_section_barn,reaction_cross_sections,4,0.07691125366775964,0.9548919901230342
rxn_67_165_70,cross_section_barn,reaction_cross_sections,5,0.09613906708469955,0.8929990624830957
rxn_67_165_70,cross_section_barn,reaction_cross_sections,6,0.11536688050163946,0.8613899500662172
rxn_67_165_70,cross_section_barn,reaction_cross_sections,7,0.13459469391857937,0.8903348379842466
rxn_67_165_70,cross_section_barn,reaction_cross_sections,8,0.15382250733551928,0.9018600052423449
rxn_67_165_70,cross_section_barn,reaction_cross_sections,9,0.17305032075245919,0.8975939842777363
rxn_67_165_70,cross_section_barn,reaction_cross_sections,10,0.1922781341693991,0.7664695480977559
rxn_67_165_70,cross_section_barn,reaction_cross_sections,11,0.211505947586339,0.7309047028742541
rxn_68_166_5,cross_section_barn,reaction_cross_sections,1,0.060900199615495865,2.5136763430431808
rxn_68_166_5,cross_section_barn,reaction_cross_sections,2,0.12180039923099173,1.9898506936757128
rxn_68_166_5,cross_section_barn,reaction_cross_sections,3,0.1827005988464876,1.624843684696552
rxn_68_166_5,cross_section_barn,reaction_cross_sections,4,0.24360079846198346,1.4125206587010684
rxn_68_166_5,cross_section_barn,reaction_cross_sections,5,0.3045009980774793,1.1901120414007964
rxn_68_166_5,cross_section_barn,reaction_cross_sections,6,0.3654011976929752,1.0666960549639437
rxn_68_166_5,cross_section_barn,reaction_cross_sections,7,0.42630139730847105,1.032962771858603
rxn_68_166_5,cross_section_barn,reaction_cross_sections,8,0.4872015969239669,0.9791852285148521
rxn_68_166_5,cross_section_barn,reaction_cross_sections,9,0.5481017965394628,0.9052877387415954
rxn_68_166_5,cross_section_barn,reaction_cross_sections,10,0.6090019961549586,0.8404934072213166
rxn_68_166_5,cross_section_barn,reaction_cross_sections,11,0.6699021957704545,0.7962401805937571
rxn_68_166_5,cross_section_barn,reaction_cross_sections,12,0.7308023953859504,0.728250982683702
rxn_68_166_5,cross_section_barn,reaction_cross_sections,13,0.7917025950014462,0.648011275814901
rxn_68_166_5,cross_section_barn,reaction_cross_sections,14,0.8526027946169421,0.6006642783481326
rxn_68_166_5,cross_section_barn,reaction_cross_sections,15,0.913502994232438,0.5769628073632016
rxn_68_166_5,cross_section_barn,reaction_cross_sections,16,0.9744031938479338,0.5487336526176105
rxn_68_166_5,cross_section_barn,reaction_cross_sections,17,1.0353033934634297,0.5276900573200236
rxn_68_166_5,cross_section_barn,reaction_cross_sections,18,1.0962035930789256,0.5065167380236755
rxn_69_169_44,cross_section_barn,reaction_cross_sections,1,0.06800736095088666,0.45859394421373767
rxn_69_169_44,cross_section_barn,reaction_cross_sections,2,0.13601472190177333,0.38074582378915145
rxn_69_169_44,cross_section_barn,reaction_cross_sections,3,0.20402208285266,0.2533261052358864
rxn_69_169_44,cross_section_barn,reaction_cross_sections,4,0.27202944380354666,0.16138771848692413
rxn_69_169_44,cross_section_barn,reaction_cross_sections,5,0.3400368047544333,0.0
rxn_69_169_44,cross_section_barn,reaction_cross_sections,6,0.40804416570532,0.22294791024323946
rxn_69_169_61,cross_section_barn,reaction_cross_sections,1,0.01203586252545108,2.7834574310461924
rxn_69_169_61,cross_section_barn,reaction_cross_sections,2,0.02407172505090216,2.257018551256393
rxn_69_169_61,cross_section_barn,reaction_cross_sections,3,0.03610758757635324,1.809787457414147
rxn_69_169_61,cross_section_barn,reaction_cross_sections,4,0.04814345010180432,1.5792345212525074
rxn_69_169_61,cross_section_barn,reaction_cross_sections,5,0.0601793126272554,1.5394037322746628
rxn_69_169_61,cross_section_barn,reaction_cross_sections,6,0.07221517515270648,1.523586583831328
rxn_69_169_61,cross_section_barn,reaction_cross_sections,7,0.08425103767815756,1.4885446643487952
rxn_69_169_61,cross_section_barn,reaction_cross_sections,8,0.09628690020360864,1.476955821161353
rxn_69_169_61,cross_section_barn,reaction_cross_sections,9,0.10832276272905972,1.49376188496857
rxn_69_169_61,cross_section_barn,reaction_cross_sections,10,0.1203586252545108,1.4586235004363837
rxn_69_169_61,cross_section_barn,reaction_cross_sections,11,0.13239448777996188,1.427158484411268
rxn_69_169_61,cross_section_barn,reaction_cross_sections,12,0.14443035030541296,1.4075843489486846
rxn_69_169_61,cross_section_barn,reaction_cross_sections,13,0.15646621283086404,1.382513570211684
rxn_69_169_61,cross_section_barn,reaction_cross_sections,14,0.16850207535631512,1.3580486826078193
rxn_69_169_61,cross_section_barn,reaction_cross_sections,15,0.1805379378817662,1.2968540210519826
rxn_69_169_61,cross_section_barn,reaction_cross_sections,16,0.19257380040721728,1.2638357554847532
rxn_69_169_61,cross_section_barn,reaction_cross_sections,17,0.20460966293266836,1.2477734801913427
rxn_69_169_61,cross_section_barn,reaction_cross_sections,18,0.21664552545811944,1.1886419081682242
rxn_69_169_630,cross_section_barn,reaction_cross_sections,1,0.01789695918995804,1.398853888496674
rxn_69_169_630,cross_section_barn,reaction_cross_sections,2,0.03579391837991608,0.8430715437434717
rxn_69_169_630,cross_section_barn,reaction_cross_sections,3,0.05369087756987412,0.72302432869688
rxn_69_169_630,cross_section_barn,reaction_cross_sections,4,0.07158783675983216,0.6192723056424008
rxn_69_169_630,cross_section_barn,reaction_cross_sections,5,0.0894847959497902,0.5411462884272185
rxn_69_169_630,cross_section_barn,reaction_cross_sections,6,0.10738175513974824,0.46934655303360673
rxn_69_169_630,cross_section_barn,reaction_cross_sections,7,0.12527871432970628,0.40529330116300955
rxn_69_169_630,cross_section_barn,reaction_cross_sections,8,0.14317567351966431,0.3818778491850199
rxn_69_169_630,cross_section_barn,reaction_cross_sections,9,0.16107263270962235,0.342235818347723
rxn_69_169_630,cross_section_barn,reaction_cross_sections,10,0.1789695918995804,0.31326064332728487
rxn_69_169_630,cross_section_barn,reaction_cross_sections,11,0.19686655108953843,0.2870860844451921
rxn_69_169_630,cross_section_barn,reaction_cross_sections,12,0.21476351027949647,0.30833164979468286
rxn_69_169_630,cross_section_barn,reaction_cross_sections,13,0.2326604694694545,0.3091472987900601
rxn_69_169_630,cross_section_barn,reaction_cross_sections,14,0.25055742865941255,0.3668262752992928
rxn_69_169_630,cross_section_barn,reaction_cross_sections,15,0.2684543878493706,0.38848621488751167
rxn_69_169_630,cross_section_barn,reaction_cross_sections,16,0.28635134703932863,0.4344158486605689
rxn_69_169_77,cross_section_barn,reaction_cross_sections,1,0.013995389484829701,2.0112378564723623
rxn_69_169_77,cross_section_barn,reaction_cross_sections,2,0.027990778969659402,1.2520335766480213
rxn_69_169_77,cross_section_barn,reaction_cross_sections,3,0.0419861684544891,1.072823080219905
rxn_69_169_77,cross_section_barn,reaction_cross_sections,4,0.055981557939318805,0.9237665835080726
rxn_69_169_77,cross_section_barn,reaction_cross_sections,5,0.0699769474241485,0.7785532102117303
rxn_69_169_77,cross_section_barn,reaction_cross_sections,6,0.0839723369089782,0.6858146888038261
rxn_69_169_77,cross_section_barn,reaction_cross_sections,7,0.09796772639380791,0.6537795743079133
rxn_69_169_77,cross_section_barn,reaction_cross_sections,8,0.11196311587863761,0.6188169331226336
rxn_69_169_77,cross_section_barn,reaction_cross_sections,9,0.1259585053634673,0.6229630154316204
rxn_69_169_77,cross_section_barn,reaction_cross_sections,10,0.139953894848297,0.6241631578499218
rxn_69_169_77,cross_section_barn,reaction_cross_sections,11,0.1539492843331267,0.6234184500479829
rxn_69_169_77,cross_section_barn,reaction_cross_sections,12,0.1679446738179564,0.6202986394372605
rxn_69_169_77,cross_section_barn,reaction_cross_sections,13,0.18194006330278611,0.6088389444342246
rxn_69_169_77,cross_section_barn,reaction_cross_sections,14,0.19593545278761582,0.6206071463160119
rxn_69_169_77,cross_section_barn,reaction_cross_sections,15,0.20993084227244552,0.5941320107675643
rxn_69_169_77,cross_section_barn,reaction_cross_sections,16,0.22392623175727522,0.5697771317959877
rxn_69_169_77,cross_section_barn,reaction_cross_sections,17,0.23792162124210492,0.5277804778472324
rxn_69_169_77,cross_section_barn,reaction_cross_sections,18,0.2519170107269346,0.49995187009039244
rxn_69_169_818,cross_section_barn,reaction_cross_sections,1,0.011722350295514161,2.7408970375387254
rxn_69_169_818,cross_section_barn,reaction_cross_sections,2,0.023444700591028322,1.9960582697341192
rxn_69_169_818,cross_section_barn,reaction_cross_sections,3,0.035167050886542484,1.6673670295144811
rxn_69_169_818,cross_section_barn,reaction_cross_sections,4,0.046889401182056645,1.4931598856993915
rxn_69_169_818,cross_section_barn,reaction_cross_sections,5,0.058611751477570806,1.3606418905369981
rxn_69_169_818,cross_section_barn,reaction_cross_sections,6,0.07033410177308497,1.247753060010102
rxn_69_169_818,cross_section_barn,reaction_cross_sections,7,0.08205645206859913,1.1469462611274683
rxn_69_169_818,cross_section_barn,reaction_cross_sections,8,0.09377880236411329,1.0909768286586727
rxn_69_169_818,cross_section_barn,reaction_cross_sections,9,0.10550115265962745,1.0175488857397528
rxn_69_169_818,cross_section_barn,reaction_cross_sections,10,0.11722350295514161,0.9366157075745956
rxn_69_169_818,cross_section_barn,reaction_cross_sections,11,0.12894585325065577,0.8604675524366767
rxn_69_169_818,cross_section_barn,reaction_cross_sections,12,0.14066820354616993,0.827918647024739
rxn_69_169_818,cross_section_barn,reaction_cross_sections,13,0.1523905538416841,0.7464131029351062
rxn_69_169_818,cross_section_barn,reaction_cross_sections,14,0.16411290413719826,0.7271576280831575
rxn_69_169_818,cross_section_barn,reaction_cross_sections,15,0.17583525443271242,0.737229952625865
rxn_69_169_818,cross_section_barn,reaction_cross_sections,16,0.18755760472822658,0.7339521539662912
rxn_69_169_818,cross_section_barn,reaction_cross_sections,17,0.19927995502374074,0.7905519815843491
rxn_69_169_818,cross_section_barn,reaction_cross_sections,18,0.2110023053192549,0.8144154333946556
rxn_69_169_818,cross_section_barn,reaction_cross_sections,19,0.22272465561476906,0.8206694015564149
rxn_69_169_818,cross_section_barn,reaction_cross_sections,20,0.23444700591028322,0.8182702420371752
rxn_69_169_818,cross_section_barn,reaction_cross_sections,21,0.24616935620579738,0.787412439649342
rxn_69_169_818,cross_section_barn,reaction_cross_sections,22,0.25789170650131155,0.7788397215082705
rxn_69_169_818,cross_section_barn,reaction_cross_sections,23,0.2696140567968257,0.7343412908272042
rxn_69_169_818,cross_section_barn,reaction_cross_sections,24,0.28133640709233987,0.7148516387250918
rxn_69_169_818,cross_section_barn,reaction_cross_sections,25,0.29305875738785403,0.7368378627432701
rxn_69_169_818,cross_section_barn,reaction_cross_sections,26,0.3047811076833682,0.7642796715575795
rxn_69_169_818,cross_section_barn,reaction_cross_sections,27,0.31650345797888235,0.8294269797429665
rxn_69_169_818,cross_section_barn,reaction_cross_sections,28,0.3282258082743965,0.7494637012710315
rxn_69_169_818,cross_section_barn,reaction_cross_sections,29,0.3399481585699107,0.7337274311638908
rxn_69_169_818,cross_section_barn,reaction_cross_sections,30,0.35167050886542484,0.7156607149907712
rxn_69_169_818,cross_section_barn,reaction_cross_sections,31,0.363392859160939,0.7189720738707668
rxn_69_169_818,cross_section_barn,reaction_cross_sections,32,0.37511520945645316,0.6627746929670995
rxn_69_169_818,cross_section_barn,reaction_cross_sections,33,0.3868375597519673,0.6527323941730758
rxn_69_169_849,cross_section_barn,reaction_cross_sections,1,0.019832685237172853,2.8903905589743855
rxn_69_169_849,cross_section_barn,reaction_cross_sections,2,0.03966537047434571,2.294018014096199
rxn_69_169_849,cross_section_barn,reaction_cross_sections,3,0.05949805571151856,1.9607174965428533
rxn_69_169_849,cross_section_barn,reaction_cross_sections,4,0.07933074094869141,1.7521108190809467
rxn_69_169_849,cross_section_barn,reaction_cross_sections,5,0.09916342618586427,1.5974038904696402
rxn_69_169_849,cross_section_barn,reaction_cross_sections,6,0.11899611142303712,1.5209178520381057
rxn_69_169_849,cross_section_barn,reaction_cross_sections,7,0.13882879666020997,1.4348067312530945
rxn_69_169_849,cross_section_barn,reaction_cross_sections,8,0.15866148189738283,1.3966300526159574
rxn_69_169_849,cross_section_barn,reaction_cross_sections,9,0.17849416713455568,1.3588226780583734
rxn_69_169_849,cross_section_barn,reaction_cross_sections,10,0.19832685237172853,1.3144417779156616
rxn_69_169_849,cross_section_barn,reaction_cross_sections,11,0.2181595376089014,1.2634096675355053
rxn_69_169_849,cross_section_barn,reaction_cross_sections,12,0.23799222284607424,1.2169419573045208
rxn_69_169_849,cross_section_barn,reaction_cross_sections,13,0.2578249080832471,1.1710592722585034
rxn_69_169_849,cross_section_barn,reaction_cross_sections,14,0.27765759332041995,1.1302695053682914
rxn_69_169_849,cross_section_barn,reaction_cross_sections,15,0.2974902785575928,1.0490021787562687
rxn_69_169_849,cross_section_barn,reaction_cross_sections,16,0.31732296379476566,0.9684827111588694
rxn_69_169_849,cross_section_barn,reaction_cross_sections,17,0.3371556490319385,0.9569389707820193
rxn_69_169_849,cross_section_barn,reaction_cross_sections,18,0.35698833426911136,0.9496984871051435
rxn_69_169_849,cross_section_barn,reaction_cross_sections,19,0.3768210195062842,0.9481955532922655
rxn_69_169_849,cross_section_barn,reaction_cross_sections,20,0.39665370474345707,0.9487862070830086
rxn_69_169_849,cross_section_barn,reaction_cross_sections,21,0.4164863899806299,0.9400665348384578
rxn_69_169_849,cross_section_barn,reaction_cross_sections,22,0.4363190752178028,0.9094741174016145
rxn_69_169_849,cross_section_barn,reaction_cross_sections,23,0.45615176045497563,0.8780844574538009
rxn_69_169_849,cross_section_barn,reaction_cross_sections,24,0.4759844456921485,0.818833899480238
rxn_69_169_849,cross_section_barn,reaction_cross_sections,25,0.49581713092932134,0.7942191403426841
rxn_69_169_849,cross_section_barn,reaction_cross_sections,26,0.5156498161664942,0.7967795550764061
rxn_69_169_849,cross_section_barn,reaction_cross_sections,27,0.535482501403667,0.784334507400001
rxn_69_169_849,cross_section_barn,reaction_cross_sections,28,0.5553151866408399,0.75292522052519
rxn_69_169_849,cross_section_barn,reaction_cross_sections,29,0.5751478718780128,0.7226417095973994
rxn_69_169_849,cross_section_barn,reaction_cross_sections,30,0.5949805571151856,0.6747091733051929
rxn_69_169_849,cross_section_barn,reaction_cross_sections,31,0.6148132423523585,0.6458077036835941
rxn_69_169_849,cross_section_barn,reaction_cross_sections,32,0.6346459275895313,0.6313170257490306
rxn_69_169_849,cross_section_barn,reaction_cross_sections,33,0.6544786128267042,0.6257383438411903
rxn_69_169_849,cross_section_barn,reaction_cross_sections,34,0.674311298063877,0.6143605865056272
rxn_69_169_849,cross_section_barn,reaction_cross_sections,35,0.6941439833010499,0.6079218327068081
rxn_69_169_849,cross_section_barn,reaction_cross_sections,36,0.7139766685382227,0.6041375522964967
rxn_69_169_849,cross_section_barn,reaction_cross_sections,37,0.7338093537753956,0.6038538892574228
rxn_6_12_55,cross_section_barn,reaction_cross_sections,1,0.03428232317874702,1.8002139397934203
rxn_6_12_55,cross_section_barn,reaction_cross_sections,2,0.06856464635749404,1.4272536128431654
rxn_6_12_55,cross_section_barn,reaction_cross_sections,3,0.10284696953624106,1.3374117662617355
rxn_6_12_55,cross_section_barn,reaction_cross_sections,4,0.13712929271498808,1.3590020760481216
rxn_6_12_55,cross_section_barn,reaction_cross_sections,5,0.1714116158937351,1.1560542822985291
rxn_6_12_55,cross_section_barn,reaction_cross_sections,6,0.20569393907248212,1.0847464391226418
rxn_6_12_55,cross_section_barn,reaction_cross_sections,7,0.23997626225122914,0.9775677056514978
rxn_6_12_55,cross_section_barn,reaction_cross_sections,8,0.27425858542997616,0.94483553820114
rxn_6_12_55,cross_section_barn,reaction_cross_sections,9,0.3085409086087232,0.9366871020362169
rxn_6_12_55,cross_section_barn,reaction_cross_sections,10,0.3428232317874702,0.8781605784728246
rxn_6_12_55,cross_section_barn,reaction_cross_sections,11,0.3771055549662172,0.7904179770969519
rxn_71_175_5,cross_section_barn,reaction_cross_sections,1,0.060900199615495865,2.4693613769042573
rxn_71_175_5,cross_section_barn,reaction_cross_sections,2,0.12180039923099173,1.840406721976143
rxn_71_175_5,cross_section_barn,reaction_cross_sections,3,0.1827005988464876,1.5833677142559972
rxn_71_175_5,cross_section_barn,reaction_cross_sections,4,0.24360079846198346,1.4395454892817785
rxn_71_175_5,cross_section_barn,reaction_cross_sections,5,0.3045009980774793,1.3173374387489023
rxn_71_175_5,cross_section_barn,reaction_cross_sections,6,0.3654011976929752,1.1812847460146283
rxn_71_175_5,cross_section_barn,reaction_cross_sections,7,0.42630139730847105,1.0577527301992118
rxn_71_175_5,cross_section_barn,reaction_cross_sections,8,0.4872015969239669,1.0010428081890574
rxn_71_175_5,cross_section_barn,reaction_cross_sections,9,0.5481017965394628,0.9045119790275704
rxn_71_175_5,cross_section_barn,reaction_cross_sections,10,0.6090019961549586,0.8554244639496447
rxn_71_175_5,cross_section_barn,reaction_cross_sections,11,0.6699021957704545,0.8083082115161186
rxn_71_175_5,cross_section_barn,reaction_cross_sections,12,0.7308023953859504,0.709362422008958
rxn_71_175_5,cross_section_barn,reaction_cross_sections,13,0.7917025950014462,0.639798449049346
rxn_71_175_5,cross_section_barn,reaction_cross_sections,14,0.8526027946169421,0.5968411225047863
rxn_71_175_5,cross_section_barn,reaction_cross_sections,15,0.913502994232438,0.546539339654073
rxn_71_175_5,cross_section_barn,reaction_cross_sections,16,0.9744031938479338,0.530758447668398
rxn_71_175_5,cross_section_barn,reaction_cross_sections,17,1.0353033934634297,0.5157927107263274
rxn_71_175_5,cross_section_barn,reaction_cross_sections,18,1.0962035930789256,0.5008961084525376
rxn_73_181_34,cross_section_barn,reaction_cross_sections,1,0.04000432997110792,1.4506522915336368
rxn_73_181_34,cross_section_barn,reaction_cross_sections,2,0.08000865994221584,0.9336521648595295
rxn_73_181_34,cross_section_barn,reaction_cross_sections,3,0.12001298991332376,0.6636133535062232
rxn_73_181_34,cross_section_barn,reaction_cross_sections,4,0.16001731988443169,0.5340210680622022
rxn_73_181_34,cross_section_barn,reaction_cross_sections,5,0.2000216498555396,0.4448037858556688
rxn_73_181_34,cross_section_barn,reaction_cross_sections,6,0.24002597982664753,0.4176853795188
rxn_73_181_34,cross_section_barn,reaction_cross_sections,7,0.28003030979775545,0.3544586686725899
rxn_73_181_34,cross_section_barn,reaction_cross_sections,8,0.32003463976886337,0.32637172083568844
rxn_73_181_34,cross_section_barn,reaction_cross_sections,9,0.3600389697399713,0.2912163335695883
rxn_73_181_34,cross_section_barn,reaction_cross_sections,10,0.4000432997110792,0.33789113705349116
rxn_73_181_605,cross_section_barn,reaction_cross_sections,1,0.019293580906897034,2.200998211992826
rxn_73_181_605,cross_section_barn,reaction_cross_sections,2,0.03858716181379407,1.0893853009173506
rxn_73_181_605,cross_section_barn,reaction_cross_sections,3,0.0578807427206911,0.7724454302347876
rxn_73_181_605,cross_section_barn,reaction_cross_sections,4,0.07717432362758814,0.7323952019764417
rxn_73_181_605,cross_section_barn,reaction_cross_sections,5,0.09646790453448517,0.7379123786587125
rxn_73_181_605,cross_section_barn,reaction_cross_sections,6,0.1157614854413822,0.6598038884934025
rxn_73_181_605,cross_section_barn,reaction_cross_sections,7,0.13505506634827924,0.6112260982243454
rxn_73_181_605,cross_section_barn,reaction_cross_sections,8,0.15434864725517627,0.569810373404557
rxn_73_181_605,cross_section_barn,reaction_cross_sections,9,0.1736422281620733,0.5891088591543219
rxn_73_181_605,cross_section_barn,reaction_cross_sections,10,0.19293580906897034,0.6027388781962246
rxn_73_181_605,cross_section_barn,reaction_cross_sections,11,0.21222938997586738,0.5272119180165729
rxn_73_181_605,cross_section_barn,reaction_cross_sections,12,0.2315229708827644,0.4677505691294783
rxn_73_181_605,cross_section_barn,reaction_cross_sections,13,0.25081655178966145,0.43904409029787717
rxn_73_181_605,cross_section_barn,reaction_cross_sections,14,0.2701101326965585,0.41465317626322973
rxn_73_181_605,cross_section_barn,reaction_cross_sections,15,0.2894037136034555,0.43599762165479294
rxn_73_181_605,cross_section_barn,reaction_cross_sections,16,0.30869729451035255,0.43493906064371624
rxn_73_181_605,cross_section_barn,reaction_cross_sections,17,0.3279908754172496,0.4333598762547388
rxn_73_181_605,cross_section_barn,reaction_cross_sections,18,0.3472844563241466,0.4035233847842412
rxn_73_181_605,cross_section_barn,reaction_cross_sections,19,0.36657803723104365,0.40117032255187723
rxn_73_181_605,cross_section_barn,reaction_cross_sections,20,0.3858716181379407,0.34257573313579215
rxn_73_181_605,cross_section_barn,reaction_cross_sections,21,0.4051651990448377,0.30173299550080346
rxn_73_181_625,cross_section_barn,reaction_cross_sections,1,0.01847564791627576,2.332809637041392
rxn_73_181_625,cross_section_barn,reaction_cross_sections,2,0.03695129583255152,1.0351968038404609
rxn_73_181_625,cross_section_barn,reaction_cross_sections,3,0.055426943748827284,0.7836792286876344
rxn_73_181_625,cross_section_barn,reaction_cross_sections,4,0.07390259166510305,0.8001814099734195
rxn_73_181_625,cross_section_barn,reaction_cross_sections,5,0.09237823958137881,0.7179241614165397
rxn_73_181_625,cross_section_barn,reaction_cross_sections,6,0.11085388749765457,0.6558940587865068
rxn_73_181_625,cross_section_barn,reaction_cross_sections,7,0.12932953541393033,0.6222524496585069
rxn_73_181_625,cross_section_barn,reaction_cross_sections,8,0.1478051833302061,0.6163418195462502
rxn_73_181_625,cross_section_barn,reaction_cross_sections,9,0.16628083124648185,0.5583909712244393
rxn_73_181_625,cross_section_barn,reaction_cross_sections,10,0.18475647916275761,0.5169595716939028
rxn_73_181_625,cross_section_barn,reaction_cross_sections,11,0.20323212707903338,0.48215022899496995
rxn_73_181_625,cross_section_barn,reaction_cross_sections,12,0.22170777499530914,0.4361410716111229
rxn_73_181_625,cross_section_barn,reaction_cross_sections,13,0.2401834229115849,0.40819389783792337
rxn_73_181_625,cross_section_barn,reaction_cross_sections,14,0.25865907082786066,0.36509733060866667
rxn_73_181_625,cross_section_barn,reaction_cross_sections,15,0.2771347187441364,0.39366107620627977
rxn_73_181_625,cross_section_barn,reaction_cross_sections,16,0.2956103666604122,0.3572570027761164
rxn_73_181_625,cross_section_barn,reaction_cross_sections,17,0.31408601457668794,0.33871999064122393
rxn_73_181_625,cross_section_barn,reaction_cross_sections,18,0.3325616624929637,0.3333794649953359
rxn_73_181_625,cross_section_barn,reaction_cross_sections,19,0.35103731040923947,0.3303521750380134
rxn_73_181_625,cross_section_barn,reaction_cross_sections,20,0.36951295832551523,0.3438266367178304
rxn_73_181_625,cross_section_barn,reaction_cross_sections,21,0.387988606241791,0.3386926314758836
rxn_73_181_69,cross_section_barn,reaction_cross_sections,1,0.013353613482266269,2.9345961007847627
rxn_73_181_69,cross_section_barn,reaction_cross_sections,2,0.026707226964532538,2.343633155603781
rxn_73_181_69,cross_section_barn,reaction_cross_sections,3,0.04006084044679881,1.7940279397674632
rxn_73_181_69,cross_section_barn,reaction_cross_sections,4,0.053414453929065075,1.4545700756870246
rxn_73_181_69,cross_section_barn,reaction_cross_sections,5,0.06676806741133134,1.2111606266975006
rxn_73_181_69,cross_section_barn,reaction_cross_sections,6,0.08012168089359761,1.1012585288453196
rxn_73_181_69,cross_section_barn,reaction_cross_sections,7,0.09347529437586388,0.9563926816131199
rxn_73_181_69,cross_section_barn,reaction_cross_sections,8,0.10682890785813015,0.9369723772057856
rxn_73_181_69,cross_section_barn,reaction_cross_sections,9,0.12018252134039642,0.9405142064318142
rxn_73_181_69,cross_section_barn,reaction_cross_sections,10,0.1335361348226627,0.9203468630483185
rxn_73_181_69,cross_section_barn,reaction_cross_sections,11,0.14688974830492896,0.8917222432006526
rxn_73_181_69,cross_section_barn,reaction_cross_sections,12,0.16024336178719523,0.8355903269318015
rxn_73_181_69,cross_section_barn,reaction_cross_sections,13,0.1735969752694615,0.8113689541213436
rxn_73_181_69,cross_section_barn,reaction_cross_sections,14,0.18695058875172776,0.8178999163326286
rxn_73_181_69,cross_section_barn,reaction_cross_sections,15,0.20030420223399403,0.8262081636018102
rxn_73_181_69,cross_section_barn,reaction_cross_sections,16,0.2136578157162603,0.8350985071566752
rxn_73_181_69,cross_section_barn,reaction_cross_sections,17,0.22701142919852657,0.8449244621629961
rxn_73_181_69,cross_section_barn,reaction_cross_sections,18,0.24036504268079284,0.8093917586039763
rxn_73_181_69,cross_section_barn,reaction_cross_sections,19,0.2537186561630591,0.7747075898565243
rxn_73_181_69,cross_section_barn,reaction_cross_sections,20,0.2670722696453254,0.7410224741745153
rxn_73_181_810,cross_section_barn,reaction_cross_sections,1,0.012687276575654494,3.1001669502985574
rxn_73_181_810,cross_section_barn,reaction_cross_sections,2,0.025374553151308987,2.629298385795038
rxn_73_181_810,cross_section_barn,reaction_cross_sections,3,0.03806182972696348,2.0736995081193395
rxn_73_181_810,cross_section_barn,reaction_cross_sections,4,0.050749106302617975,1.7360746383281493
rxn_73_181_810,cross_section_barn,reaction_cross_sections,5,0.06343638287827247,1.7210266888060586
rxn_73_181_810,cross_section_barn,reaction_cross_sections,6,0.07612365945392696,1.6585885209771698
rxn_73_181_810,cross_section_barn,reaction_cross_sections,7,0.08881093602958146,1.6151756159406219
rxn_73_181_810,cross_section_barn,reaction_cross_sections,8,0.10149821260523595,1.5381706591233484
rxn_73_181_810,cross_section_barn,reaction_cross_sections,9,0.11418548918089044,1.4686056466505528
rxn_73_181_810,cross_section_barn,reaction_cross_sections,10,0.12687276575654494,1.3738668405107042
rxn_73_181_810,cross_section_barn,reaction_cross_sections,11,0.13956004233219943,1.2516514198456967
rxn_73_181_810,cross_section_barn,reaction_cross_sections,12,0.15224731890785392,1.1849790741078388
rxn_73_181_810,cross_section_barn,reaction_cross_sections,13,0.16493459548350842,1.159627011504972
rxn_73_181_810,cross_section_barn,reaction_cross_sections,14,0.1776218720591629,1.1455472743929902
rxn_73_181_810,cross_section_barn,reaction_cross_sections,15,0.1903091486348174,1.1075856906689072
rxn_73_181_810,cross_section_barn,reaction_cross_sections,16,0.2029964252104719,1.0523343136335375
rxn_73_181_810,cross_section_barn,reaction_cross_sections,17,0.2156837017861264,0.9805826128452
rxn_73_181_810,cross_section_barn,reaction_cross_sections,18,0.22837097836178089,0.9185099556518255
rxn_73_181_810,cross_section_barn,reaction_cross_sections,19,0.24105825493743538,0.8763658733142026
rxn_73_181_810,cross_section_barn,reaction_cross_sections,20,0.2537455315130899,0.8580353405133905
rxn_73_181_810,cross_section_barn,reaction_cross_sections,21,0.26643280808874437,0.830888154000808
rxn_73_181_810,cross_section_barn,reaction_cross_sections,22,0.27912008466439886,0.8092716127184509
rxn_73_181_810,cross_section_barn,reaction_cross_sections,23,0.29180736124005335,0.7625243954377856
rxn_73_181_810,cross_section_barn,reaction_cross_sections,24,0.30449463781570785,0.7346599648156098
rxn_73_181_810,cross_section_barn,reaction_cross_sections,25,0.31718191439136234,0.6932387529564918
rxn_73_181_810,cross_section_barn,reaction_cross_sections,26,0.32986919096701683,0.687098759930485
rxn_73_181_810,cross_section_barn,reaction_cross_sections,27,0.34255646754267133,0.6846851395127067
rxn_73_181_810,cross_section_barn,reaction_cross_sections,28,0.3552437441183258,0.6689139315432446
rxn_73_181_810,cross_section_barn,reaction_cross_sections,29,0.3679310206939803,0.672348933346679
rxn_73_181_810,cross_section_barn,reaction_cross_sections,30,0.3806182972696348,0.6685465347212274
rxn_73_181_810,cross_section_barn,reaction_cross_sections,31,0.3933055738452893,0.6806251726982473
rxn_73_181_810,cross_section_barn,reaction_cross_sections,32,0.4059928504209438,0.6897082758029032
rxn_73_181_810,cross_section_barn,reaction_cross_sections,33,0.4186801269965983,0.6643997684226961
rxn_73_181_810,cross_section_barn,reaction_cross_sections,34,0.4313674035722528,0.6408288395359572
rxn_73_181_810,cross_section_barn,reaction_cross_sections,35,0.4440546801479073,0.5805347139484236
rxn_73_181_810,cross_section_barn,reaction_cross_sections,36,0.45674195672356177,0.5507410858892534
rxn_73_181_810,cross_section_barn,reaction_cross_sections,37,0.46942923329921626,0.5346904085135669
rxn_73_181_810,cross_section_barn,reaction_cross_sections,38,0.48211650987487076,0.516905850002551
rxn_73_181_830,cross_section_barn,reaction_cross_sections,1,0.012687276575654494,3.036790594052923
rxn_73_181_830,cross_section_barn,reaction_cross_sections,2,0.025374553151308987,2.5499612719259543
rxn_73_181_830,cross_section_barn,reaction_cross_sections,3,0.03806182972696348,2.0167125959553545
rxn_73_181_830,cross_section_barn,reaction_cross_sections,4,0.050749106302617975,1.6557055438256136
rxn_73_181_830,cross_section_barn,reaction_cross_sections,5,0.06343638287827247,1.5889010298861197
rxn_73_181_830,cross_section_barn,reaction_cross_sections,6,0.07612365945392696,1.500813402417203
rxn_73_181_830,cross_section_barn,reaction_cross_sections,7,0.08881093602958146,1.4365518187293826
rxn_73_181_830,cross_section_barn,reaction_cross_sections,8,0.10149821260523595,1.3741136227717994
rxn_73_181_830,cross_section_barn,reaction_cross_sections,9,0.11418548918089044,1.2782886525876274
rxn_73_181_830,cross_section_barn,reaction_cross_sections,10,0.12687276575654494,1.1610586748946683
rxn_73_181_830,cross_section_barn,reaction_cross_sections,11,0.13956004233219943,1.0570051706836048
rxn_73_181_830,cross_section_barn,reaction_cross_sections,12,0.15224731890785392,0.9364389650119738
rxn_73_181_830,cross_section_barn,reaction_cross_sections,13,0.16493459548350842,0.8935134234151016
rxn_73_181_830,cross_section_barn,reaction_cross_sections,14,0.1776218720591629,0.856249918666319
rxn_73_181_830,cross_section_barn,reaction_cross_sections,15,0.1903091486348174,0.7982864636610754
rxn_73_181_830,cross_section_barn,reaction_cross_sections,16,0.2029964252104719,0.7801410351459475
rxn_73_181_830,cross_section_barn,reaction_cross_sections,17,0.2156837017861264,0.7324609887211864
rxn_73_181_830,cross_section_barn,reaction_cross_sections,18,0.22837097836178089,0.6770996276997945
rxn_73_181_830,cross_section_barn,reaction_cross_sections,19,0.24105825493743538,0.6418328999173406
rxn_73_181_830,cross_section_barn,reaction_cross_sections,20,0.2537455315130899,0.603477085680038
rxn_73_181_830,cross_section_barn,reaction_cross_sections,21,0.26643280808874437,0.5931988809355571
rxn_73_181_830,cross_section_barn,reaction_cross_sections,22,0.27912008466439886,0.5902329973940823
rxn_73_181_830,cross_section_barn,reaction_cross_sections,23,0.29180736124005335,0.5756355055141076
rxn_73_181_830,cross_section_barn,reaction_cross_sections,24,0.30449463781570785,0.5627605242835609
rxn_73_181_830,cross_section_barn,reaction_cross_sections,25,0.31718191439136234,0.5408882507777037
rxn_73_181_830,cross_section_barn,reaction_cross_sections,26,0.32986919096701683,0.5292299595557677
rxn_73_181_830,cross_section_barn,reaction_cross_sections,27,0.34255646754267133,0.5191370535146889
rxn_73_181_830,cross_section_barn,reaction_cross_sections,28,0.3552437441183258,0.5185220162109774
rxn_73_181_830,cross_section_barn,reaction_cross_sections,29,0.3679310206939803,0.5120495050244496
rxn_73_181_830,cross_section_barn,reaction_cross_sections,30,0.3806182972696348,0.511404127192991
rxn_73_181_830,cross_section_barn,reaction_cross_sections,31,0.3933055738452893,0.5051542215381888
rxn_73_181_830,cross_section_barn,reaction_cross_sections,32,0.4059928504209438,0.4819177044463929
rxn_73_181_830,cross_section_barn,reaction_cross_sections,33,0.4186801269965983,0.44844666606224726
rxn_73_181_830,cross_section_barn,reaction_cross_sections,34,0.4313674035722528,0.4044046529653835
rxn_73_181_830,cross_section_barn,reaction_cross_sections,35,0.4440546801479073,0.3696846138421601
rxn_73_181_830,cross_section_barn,reaction_cross_sections,36,0.45674195672356177,0.3371246340160492
rxn_73_181_830,cross_section_barn,reaction_cross_sections,37,0.46942923329921626,0.3188342696779811
rxn_73_181_830,cross_section_barn,reaction_cross_sections,38,0.48211650987487076,0.30121059245305437
rxn_74_180_5,cross_section_barn,reaction_cross_sections,1,0.2279077880776086,0.3237271725070281
rxn_74_180_5,cross_section_barn,reaction_cross_sections,2,0.4558155761552172,0.265983610058818
rxn_74_180_5,cross_section_barn,reaction_cross_sections,3,0.6837233642328258,0.3667953188606017
rxn_74_180_5,cross_section_barn,reaction_cross_sections,4,0.9116311523104343,0.22614397530120423
rxn_74_180_5,cross_section_barn,reaction_cross_sections,5,1.139538940388043,0.17575367941838005
rxn_74_180_5,cross_section_barn,reaction_cross_sections,6,1.3674467284656515,0.07761410859779172
rxn_74_180_5,cross_section_barn,reaction_cross_sections,7,1.59535451654326,0.04838345114615983
rxn_74_180_5,cross_section_barn,reaction_cross_sections,8,1.8232623046208687,0.10713555567212651
rxn_74_180_5,cross_section_barn,reaction_cross_sections,9,2.0511700926984773,0.14784308537816537
rxn_74_180_5,cross_section_barn,reaction_cross_sections,10,2.279077880776086,0.03628735416386197
rxn_74_180_5,cross_section_barn,reaction_cross_sections,11,2.5069856688536944,0.14449857605075156
rxn_74_180_5,cross_section_barn,reaction_cross_sections,12,2.734893456931303,0.09311667264312184
rxn_74_180_5,cross_section_barn,reaction_cross_sections,13,2.9628012450089116,0.12815811274067457
rxn_74_180_5,cross_section_barn,reaction_cross_sections,14,3.19070903308652,0.11928279661899133
rxn_74_180_5,cross_section_barn,reaction_cross_sections,15,3.418616821164129,0.09677362864298411
rxn_74_180_5,cross_section_barn,reaction_cross_sections,16,3.6465246092417374,0.0
rxn_74_180_5,cross_section_barn,reaction_cross_sections,17,3.874432397319346,0.03347365044192774
rxn_74_180_5,cross_section_barn,reaction_cross_sections,18,4.1023401853969546,0.11329113699795546
rxn_74_180_5,cross_section_barn,reaction_cross_sections,19,4.330247973474563,0.019413402594647966
rxn_74_180_5,cross_section_barn,reaction_cross_sections,20,4.558155761552172,0.024031640409894806
rxn_74_186_205,cross_section_barn,reaction_cross_sections,1,0.04589653491871459,1.8786683911976434
rxn_74_186_205,cross_section_barn,reaction_cross_sections,2,0.09179306983742919,1.455238252528168
rxn_74_186_205,cross_section_barn,reaction_cross_sections,3,0.13768960475614378,1.3077848375189662
rxn_74_186_205,cross_section_barn,reaction_cross_sections,4,0.18358613967485837,1.229736013334932
rxn_74_186_205,cross_section_barn,reaction_cross_sections,5,0.22948267459357297,1.1739119156472513
rxn_74_186_205,cross_section_barn,reaction_cross_sections,6,0.27537920951228756,1.0996973573080053
rxn_74_186_205,cross_section_barn,reaction_cross_sections,7,0.32127574443100215,1.0568856587000968
rxn_74_186_205,cross_section_barn,reaction_cross_sections,8,0.36717227934971675,1.013329254015851
rxn_74_186_205,cross_section_barn,reaction_cross_sections,9,0.41306881426843134,0.9699114089559053
rxn_74_186_205,cross_section_barn,reaction_cross_sections,10,0.45896534918714593,0.9566429356775663
rxn_74_186_205,cross_section_barn,reaction_cross_sections,11,0.5048618841058605,0.9435110511654605
rxn_74_186_205,cross_section_barn,reaction_cross_sections,12,0.5507584190245751,0.9638389078902396
rxn_79_197_18,cross_section_barn,reaction_cross_sections,1,0.045113268252194416,2.514222876981197
rxn_79_197_18,cross_section_barn,reaction_cross_sections,2,0.09022653650438883,2.261148904074323
rxn_79_197_18,cross_section_barn,reaction_cross_sections,3,0.13533980475658325,1.999814891001225
rxn_79_197_18,cross_section_barn,reaction_cross_sections,4,0.18045307300877766,1.8230485478259966
rxn_79_197_18,cross_section_barn,reaction_cross_sections,5,0.22556634126097208,1.684864397930927
rxn_79_197_18,cross_section_barn,reaction_cross_sections,6,0.2706796095131665,1.5665090775952077
rxn_79_197_18,cross_section_barn,reaction_cross_sections,7,0.3157928777653609,1.4820489735604199
rxn_79_197_18,cross_section_barn,reaction_cross_sections,8,0.36090614601755533,1.3986330645654041
rxn_79_197_18,cross_section_barn,reaction_cross_sections,9,0.40601941426974975,1.332672915555895
rxn_79_197_18,cross_section_barn,reaction_cross_sections,10,0.45113268252194416,1.273313840178854
rxn_79_197_18,cross_section_barn,reaction_cross_sections,11,0.4962459507741386,1.2071252979120102
rxn_7_14_600,cross_section_barn,reaction_cross_sections,1,0.0152482856100562,3.1367789833941075
rxn_7_14_600,cross_section_barn,reaction_cross_sections,2,0.0304965712201124,2.823319291377177
rxn_7_14_600,cross_section_barn,reaction_cross_sections,3,0.0457448568301686,2.629959096270273
rxn_7_14_600,cross_section_barn,reaction_cross_sections,4,0.0609931424402248,2.6018159234921514
rxn_7_14_600,cross_section_barn,reaction_cross_sections,5,0.076241428050281,2.5904438373226224
rxn_7_14_600,cross_section_barn,reaction_cross_sections,6,0.0914897136603372,2.510647070924483
rxn_7_14_600,cross_section_barn,reaction_cross_sections,7,0.1067379992703934,2.408339691063993
rxn_7_14_600,cross_section_barn,reaction_cross_sections,8,0.1219862848804496,2.336421226211817
rxn_7_14_600,cross_section_barn,reaction_cross_sections,9,0.1372345704905058,2.3114185422412645
rxn_7_14_600,cross_section_barn,reaction_cross_sections,10,0.152482856100562,2.307252982592107
rxn_7_14_600,cross_section_barn,reaction_cross_sections,11,0.1677311417106182,2.276908988375592
rxn_7_14_600,cross_section_barn,reaction_cross_sections,12,0.1829794273206744,2.2292393294522705
rxn_7_14_600,cross_section_barn,reaction_cross_sections,13,0.1982277129307306,2.1722335541039253
rxn_7_14_600,cross_section_barn,reaction_cross_sections,14,0.2134759985407868,2.171420398926179
rxn_7_14_600,cross_section_barn,reaction_cross_sections,15,0.228724284150843,2.169072253714406
rxn_7_14_600,cross_section_barn,reaction_cross_sections,16,0.2439725697608992,2.1939834888561944
rxn_7_14_600,cross_section_barn,reaction_cross_sections,17,0.2592208553709554,2.161750258387962
rxn_7_14_600,cross_section_barn,reaction_cross_sections,18,0.2744691409810116,2.124007627337394
rxn_7_14_600,cross_section_barn,reaction_cross_sections,19,0.2897174265910678,2.0950180569028136
rxn_7_14_600,cross_section_barn,reaction_cross_sections,20,0.304965712201124,2.0427382121464097
rxn_7_14_600,cross_section_barn,reaction_cross_sections,21,0.3202139978111802,2.0192190294842156
rxn_7_14_600,cross_section_barn,reaction_cross_sections,22,0.3354622834212364,1.9948982860799855
rxn_7_14_600,cross_section_barn,reaction_cross_sections,23,0.3507105690312926,1.976453023504921
rxn_7_14_600,cross_section_barn,reaction_cross_sections,24,0.3659588546413488,1.9958068048304232
rxn_7_14_600,cross_section_barn,reaction_cross_sections,25,0.381207140251405,2.015239706049844
rxn_7_14_600,cross_section_barn,reaction_cross_sections,26,0.3964554258614612,1.9918605274334955
rxn_7_14_600,cross_section_barn,reaction_cross_sections,27,0.4117037114715174,1.913284704812256
rxn_7_14_600,cross_section_barn,reaction_cross_sections,28,0.4269519970815736,1.81622950495735
rxn_7_14_600,cross_section_barn,reaction_cross_sections,29,0.4422002826916298,1.7650859299000219
rxn_7_14_600,cross_section_barn,reaction_cross_sections,30,0.457448568301686,1.7271946251535026
rxn_7_14_600,cross_section_barn,reaction_cross_sections,31,0.4726968539117422,1.6690897796060549
rxn_7_14_600,cross_section_barn,reaction_cross_sections,32,0.4879451395217984,1.610215605564035
rxn_7_14_600,cross_section_barn,reaction_cross_sections,33,0.5031934251318546,1.5723713121878693
rxn_7_14_600,cross_section_barn,reaction_cross_sections,34,0.5184417107419108,1.5594770777018754
rxn_7_14_600,cross_section_barn,reaction_cross_sections,35,0.533689996351967,1.5602963915393349
rxn_7_14_600,cross_section_barn,reaction_cross_sections,36,0.5489382819620232,1.5417586338584837
rxn_7_14_600,cross_section_barn,reaction_cross_sections,37,0.5641865675720794,1.539588968702931
rxn_7_14_600,cross_section_barn,reaction_cross_sections,38,0.5794348531821356,1.541606560281847
rxn_7_14_600,cross_section_barn,reaction_cross_sections,39,0.5946831387921918,1.5703132580886785
rxn_7_14_758,cross_section_barn,reaction_cross_sections,1,0.024359082186144576,2.64556845715485
rxn_7_14_758,cross_section_barn,reaction_cross_sections,2,0.04871816437228915,2.403371344709658
rxn_7_14_758,cross_section_barn,reaction_cross_sections,3,0.07307724655843373,2.3089267621971263
rxn_7_14_758,cross_section_barn,reaction_cross_sections,4,0.0974363287445783,2.2691294965920217
rxn_7_14_758,cross_section_barn,reaction_cross_sections,5,0.12179541093072288,2.229431426744262
rxn_7_14_758,cross_section_barn,reaction_cross_sections,6,0.14615449311686746,2.074887964414085
rxn_7_14_758,cross_section_barn,reaction_cross_sections,7,0.17051357530301203,1.9729070307024272
rxn_7_14_758,cross_section_barn,reaction_cross_sections,8,0.1948726574891566,1.8678048878871853
rxn_7_14_758,cross_section_barn,reaction_cross_sections,9,0.21923173967530118,1.754492304958693
rxn_7_14_758,cross_section_barn,reaction_cross_sections,10,0.24359082186144576,1.6799149432614526
rxn_7_14_758,cross_section_barn,reaction_cross_sections,11,0.26794990404759034,1.5963314996246465
rxn_7_14_758,cross_section_barn,reaction_cross_sections,12,0.2923089862337349,1.5473628298137698
rxn_7_14_758,cross_section_barn,reaction_cross_sections,13,0.3166680684198795,1.5015863714245392
rxn_7_14_758,cross_section_barn,reaction_cross_sections,14,0.34102715060602407,1.472824930049793
rxn_8_16_111,cross_section_barn,reaction_cross_sections,1,0.013501556677883997,2.6973581728009046
rxn_8_16_111,cross_section_barn,reaction_cross_sections,2,0.027003113355767994,2.2958118082117513
rxn_8_16_111,cross_section_barn,reaction_cross_sections,3,0.04050467003365199,2.084761331443159
rxn_8_16_111,cross_section_barn,reaction_cross_sections,4,0.05400622671153599,1.9508430011500488
rxn_8_16_111,cross_section_barn,reaction_cross_sections,5,0.06750778338941998,1.86041735804034
rxn_8_16_111,cross_section_barn,reaction_cross_sections,6,0.08100934006730398,1.846713578553333
rxn_8_16_111,cross_section_barn,reaction_cross_sections,7,0.09451089674518798,1.8521906543587474
rxn_8_16_111,cross_section_barn,reaction_cross_sections,8,0.10801245342307197,1.8031843299013008
rxn_8_16_111,cross_section_barn,reaction_cross_sections,9,0.12151401010095597,1.7863485608697816
rxn_8_16_111,cross_section_barn,reaction_cross_sections,10,0.13501556677883997,1.7829474753077323
rxn_8_16_111,cross_section_barn,reaction_cross_sections,11,0.14851712345672397,1.7596969778770046
rxn_8_16_111,cross_section_barn,reaction_cross_sections,12,0.16201868013460796,1.7393445462049906
rxn_8_16_111,cross_section_barn,reaction_cross_sections,13,0.17552023681249196,1.7212866572805092
rxn_8_16_111,cross_section_barn,reaction_cross_sections,14,0.18902179349037596,1.7032976462905611
rxn_8_16_111,cross_section_barn,reaction_cross_sections,15,0.20252335016825995,1.695333362922716
rxn_8_16_111,cross_section_barn,reaction_cross_sections,16,0.21602490684614395,1.6946976616603102
rxn_8_16_111,cross_section_barn,reaction_cross_sections,17,0.22952646352402795,1.6885693643977153
rxn_8_16_111,cross_section_barn,reaction_cross_sections,18,0.24302802020191194,1.7099068781144227
rxn_8_16_111,cross_section_barn,reaction_cross_sections,19,0.25652957687979594,1.6854339407434487
rxn_8_16_111,cross_section_barn,reaction_cross_sections,20,0.27003113355767994,1.6659432679445607
rxn_8_16_111,cross_section_barn,reaction_cross_sections,21,0.28353269023556393,1.6553326382937041
rxn_8_16_111,cross_section_barn,reaction_cross_sections,22,0.29703424691344793,1.6182417259175144
rxn_8_16_111,cross_section_barn,reaction_cross_sections,23,0.3105358035913319,1.6600548045252932
rxn_8_16_111,cross_section_barn,reaction_cross_sections,24,0.3240373602692159,1.6292844244485658
rxn_8_16_111,cross_section_barn,reaction_cross_sections,25,0.3375389169470999,1.5938834062511016
rxn_8_16_111,cross_section_barn,reaction_cross_sections,26,0.3510404736249839,1.5633591769174888
rxn_8_16_111,cross_section_barn,reaction_cross_sections,27,0.3645420303028679,1.531507552654233
rxn_8_16_111,cross_section_barn,reaction_cross_sections,28,0.3780435869807519,1.532137134170843
rxn_8_16_56,cross_section_barn,reaction_cross_sections,1,0.013601539081179226,2.5797175798383174
rxn_8_16_56,cross_section_barn,reaction_cross_sections,2,0.02720307816235845,2.194161907507807
rxn_8_16_56,cross_section_barn,reaction_cross_sections,3,0.04080461724353768,2.032386490082228
rxn_8_16_56,cross_section_barn,reaction_cross_sections,4,0.0544061563247169,1.898052835827579
rxn_8_16_56,cross_section_barn,reaction_cross_sections,5,0.06800769540589613,1.8198254343321314
rxn_8_16_56,cross_section_barn,reaction_cross_sections,6,0.08160923448707535,1.7514270388531656
rxn_8_16_56,cross_section_barn,reaction_cross_sections,7,0.09521077356825458,1.721593475352533
rxn_8_16_56,cross_section_barn,reaction_cross_sections,8,0.1088123126494338,1.7172993465452626
rxn_8_16_56,cross_section_barn,reaction_cross_sections,9,0.12241385173061303,1.7235992154686657
rxn_8_16_56,cross_section_barn,reaction_cross_sections,10,0.13601539081179226,1.72094254308034
rxn_8_16_56,cross_section_barn,reaction_cross_sections,11,0.14961692989297148,1.7113567668943368
rxn_8_16_56,cross_section_barn,reaction_cross_sections,12,0.1632184689741507,1.6830428808956404
rxn_8_16_56,cross_section_barn,reaction_cross_sections,13,0.17682000805532994,1.6068202234588733
rxn_8_16_56,cross_section_barn,reaction_cross_sections,14,0.19042154713650916,1.5789784877764095
rxn_8_16_56,cross_section_barn,reaction_cross_sections,15,0.2040230862176884,1.5345596873398164
rxn_8_16_56,cross_section_barn,reaction_cross_sections,16,0.2176246252988676,1.5276109325421918
rxn_8_16_56,cross_section_barn,reaction_cross_sections,17,0.23122616438004684,1.5279993286581226
rxn_8_16_56,cross_section_barn,reaction_cross_sections,18,0.24482770346122606,1.536481513174474
rxn_8_16_56,cross_section_barn,reaction_cross_sections,19,0.2584292425424053,1.5074118771871294
rxn_8_16_56,cross_section_barn,reaction_cross_sections,20,0.2720307816235845,1.4922514224213204
rxn_8_16_56,cross_section_barn,reaction_cross_sections,21,0.28563232070476374,1.4895393350723458
rxn_8_16_56,cross_section_barn,reaction_cross_sections,22,0.29923385978594297,1.4751693306729674
rxn_8_16_56,cross_section_barn,reaction_cross_sections,23,0.3128353988671222,1.469101542695835
rxn_8_16_56,cross_section_barn,reaction_cross_sections,24,0.3264369379483014,1.4381297708585297
rxn_8_16_56,cross_section_barn,reaction_cross_sections,25,0.34003847702948065,1.3997193799943177
rxn_8_16_56,cross_section_barn,reaction_cross_sections,26,0.35364001611065987,1.3601911887472113
rxn_8_16_56,cross_section_barn,reaction_cross_sections,27,0.3672415551918391,1.301177560130925
rxn_8_16_56,cross_section_barn,reaction_cross_sections,28,0.3808430942730183,1.2508316599114173
rxn_8_16_655,cross_section_barn,reaction_cross_sections,1,0.014582700246414504,2.2603370727926304
rxn_8_16_655,cross_section_barn,reaction_cross_sections,2,0.029165400492829008,1.8535318083298402
rxn_8_16_655,cross_section_barn,reaction_cross_sections,3,0.04374810073924351,1.6515989743955037
rxn_8_16_655,cross_section_barn,reaction_cross_sections,4,0.058330800985658016,1.5763739180231742
rxn_8_16_655,cross_section_barn,reaction_cross_sections,5,0.07291350123207252,1.5212186007592328
rxn_8_16_655,cross_section_barn,reaction_cross_sections,6,0.08749620147848702,1.5280738244454595
rxn_8_16_655,cross_section_barn,reaction_cross_sections,7,0.10207890172490153,1.4555910960105214
rxn_8_16_655,cross_section_barn,reaction_cross_sections,8,0.11666160197131603,1.4008652167602826
rxn_8_16_655,cross_section_barn,reaction_cross_sections,9,0.13124430221773054,1.3893355874223192
rxn_8_16_655,cross_section_barn,reaction_cross_sections,10,0.14582700246414504,1.3948043795986234
rxn_8_16_655,cross_section_barn,reaction_cross_sections,11,0.16040970271055954,1.3986653186952203
rxn_8_16_655,cross_section_barn,reaction_cross_sections,12,0.17499240295697405,1.3755799152701638
rxn_8_16_655,cross_section_barn,reaction_cross_sections,13,0.18957510320338855,1.345077748101227
rxn_8_16_655,cross_section_barn,reaction_cross_sections,14,0.20415780344980305,1.347223529489587
rxn_8_16_655,cross_section_barn,reaction_cross_sections,15,0.21874050369621756,1.3673243669674848
rxn_8_16_655,cross_section_barn,reaction_cross_sections,16,0.23332320394263206,1.4074522242145546
rxn_8_16_655,cross_section_barn,reaction_cross_sections,17,0.24790590418904657,1.4274514706880117
rxn_8_16_655,cross_section_barn,reaction_cross_sections,18,0.26248860443546107,1.409857077803066
rxn_8_16_655,cross_section_barn,reaction_cross_sections,19,0.2770713046818756,1.4164409672301943
rxn_8_16_655,cross_section_barn,reaction_cross_sections,20,0.2916540049282901,1.4336338221600404
rxn_8_16_655,cross_section_barn,reaction_cross_sections,21,0.3062367051747046,1.5008872974707517
rxn_8_16_655,cross_section_barn,reaction_cross_sections,22,0.3208194054211191,1.5227807559161406
rxn_8_16_655,cross_section_barn,reaction_cross_sections,23,0.3354021056675336,1.5135751373272064
rxn_8_16_655,cross_section_barn,reaction_cross_sections,24,0.3499848059139481,1.502524372329935
rxn_92_234_5,cross_section_barn,reaction_cross_sections,1,0.059531655803908734,1.9434724590823926
rxn_92_234_5,cross_section_barn,reaction_cross_sections,2,0.11906331160781747,1.314028978740116
rxn_92_234_5,cross_section_barn,reaction_cross_sections,3,0.1785949674117262,1.1988678001703112
rxn_92_234_5,cross_section_barn,reaction_cross_sections,4,0.23812662321563494,0.9664858634613842
rxn_92_234_5,cross_section_barn,reaction_cross_sections,5,0.29765827901954367,0.7642934572400635
rxn_92_234_5,cross_section_barn,reaction_cross_sections,6,0.3571899348234524,0.6364460806990797
rxn_92_234_5,cross_section_barn,reaction_cross_sections,7,0.41672159062736114,0.5146728763892825
rxn_92_234_5,cross_section_barn,reaction_cross_sections,8,0.47625324643126987,0.4675103614363607
rxn_92_234_5,cross_section_barn,reaction_cross_sections,9,0.5357849022351786,0.40816437388457105
rxn_92_234_5,cross_section_barn,reaction_cross_sections,10,0.5953165580390873,0.3743845125595211
rxn_92_234_5,cross_section_barn,reaction_cross_sections,11,0.6548482138429961,0.3380672108251126
rxn_92_234_5,cross_section_barn,reaction_cross_sections,12,0.7143798696469048,0.3465324371655041
rxn_92_234_5,cross_section_barn,reaction_cross_sections,13,0.7739115254508135,0.39465468866749376
rxn_92_234_5,cross_section_barn,reaction_cross_sections,14,0.8334431812547223,0.40361484630325384
rxn_92_234_5,cross_section_barn,reaction_cross_sections,15,0.892974837058631,0.38874738205633186
rxn_92_234_5,cross_section_barn,reaction_cross_sections,16,0.9525064928625397,0.3891237048992373
rxn_92_234_5,cross_section_barn,reaction_cross_sections,17,1.0120381486664485,0.38969547767294754
rxn_92_234_5,cross_section_barn,reaction_cross_sections,18,1.0715698044703572,0.3816605458389377
rxn_9_19_5,cross_section_barn,reaction_cross_sections,1,0.013662702705012464,3.20205266573664
rxn_9_19_5,cross_section_barn,reaction_cross_sections,2,0.027325405410024928,2.7358948621262984
rxn_9_19_5,cross_section_barn,reaction_cross_sections,3,0.04098810811503739,2.5531961734349986
rxn_9_19_5,cross_section_barn,reaction_cross_sections,4,0.054650810820049855,2.459387532791818
rxn_9_19_5,cross_section_barn,reaction_cross_sections,5,0.06831351352506232,2.465351061976289
rxn_9_19_5,cross_section_barn,reaction_cross_sections,6,0.08197621623007478,2.413785180041156
rxn_9_19_5,cross_section_barn,reaction_cross_sections,7,0.09563891893508725,2.3778763358927364
rxn_9_19_5,cross_section_barn,reaction_cross_sections,8,0.10930162164009971,2.3221867303090105
rxn_9_19_5,cross_section_barn,reaction_cross_sections,9,0.12296432434511217,2.261529504207222
rxn_9_19_5,cross_section_barn,reaction_cross_sections,10,0.13662702705012464,2.177627845870469
rxn_9_19_5,cross_section_barn,reaction_cross_sections,11,0.1502897297551371,2.0794952283516
rxn_9_19_5,cross_section_barn,reaction_cross_sections,12,0.16395243246014957,2.01589846830333
rxn_9_19_5,cross_section_barn,reaction_cross_sections,13,0.17761513516516203,1.952830875770148
rxn_9_19_5,cross_section_barn,reaction_cross_sections,14,0.1912778378701745,1.8927675424824657
rxn_9_19_5,cross_section_barn,reaction_cross_sections,15,0.20494054057518696,1.8297702499784947
rxn_9_19_5,cross_section_barn,reaction_cross_sections,16,0.21860324328019942,1.7685539923968916
rxn_9_19_5,cross_section_barn,reaction_cross_sections,17,0.23226594598521189,1.7116999199542966
rxn_9_19_5,cross_section_barn,reaction_cross_sections,18,0.24592864869022435,1.694257825009604
rxn_9_19_5,cross_section_barn,reaction_cross_sections,19,0.2595913513952368,1.6741798534056467
rxn_9_19_5,cross_section_barn,reaction_cross_sections,20,0.2732540541002493,1.6645117968270835
rxn_9_19_5,cross_section_barn,reaction_cross_sections,21,0.28691675680526174,1.6001379881153772
rxn_9_19_5,cross_section_barn,reaction_cross_sections,22,0.3005794595102742,1.5444370465053527
rxn_9_19_5,cross_section_barn,reaction_cross_sections,23,0.31424216221528667,1.4718373380314094
rxn_9_19_5,cross_section_barn,reaction_cross_sections,24,0.32790486492029913,1.4219701381648777
rxn_9_19_5,cross_section_barn,reaction_cross_sections,25,0.3415675676253116,1.3904459747858589
rxn_9_19_5,cross_section_barn,reaction_cross_sections,26,0.35523027033032406,1.3796389732318124
rxn_9_19_5,cross_section_barn,reaction_cross_sections,27,0.3688929730353365,1.4009730167953696
rxn_9_19_5,cross_section_barn,reaction_cross_sections,28,0.382555675740349,1.3917900777936865
rxn_9_19_5,cross_section_barn,reaction_cross_sections,29,0.39621837844536145,1.3619555900605715
rxn_9_19_5,cross_section_barn,reaction_cross_sections,30,0.4098810811503739,1.3116243049903016
rxn_9_19_5,cross_section_barn,reaction_cross_sections,31,0.4235437838553864,1.2933184686892378
rxn_9_19_5,cross_section_barn,reaction_cross_sections,32,0.43720648656039884,1.2689965107501653
rxn_9_19_5,cross_section_barn,reaction_cross_sections,33,0.4508691892654113,1.2743019027403633
rxn_9_19_5,cross_section_barn,reaction_cross_sections,34,0.46453189197042377,1.269185688786949
rxn_9_19_5,cross_section_barn,reaction_cross_sections,35,0.47819459467543624,1.2733118999186686
rxn_9_19_5,cross_section_barn,reaction_cross_sections,36,0.4918572973804487,1.2639275375580254
rxn_9_19_5,cross_section_barn,reaction_cross_sections,37,0.5055200000854612,1.267583316410882
rxn_9_19_5,cross_section_barn,reaction_cross_sections,38,0.5191827027904736,1.2789028079532216
rxn_9_19_5,cross_section_barn,reaction_cross_sections,39,0.5328454054954861,1.2643739769870153
rxn_9_19_5,cross_section_barn,reaction_cross_sections,40,0.5465081082004986,1.2561413406560917
rxn_9_19_5,cross_section_barn,reaction_cross_sections,41,0.560170810905511,1.2358923394281853
rxn_9_19_5,cross_section_barn,reaction_cross_sections,42,0.5738335136105235,1.2624245115014534
rxn_9_19_5,cross_section_barn,reaction_cross_sections,43,0.587496216315536,1.2123219560246046
rxn_9_19_5,cross_section_barn,reaction_cross_sections,44,0.6011589190205484,1.2066026748220988
rxn_9_19_5,cross_section_barn,reaction_cross_sections,45,0.6148216217255609,1.1994943516705665
rxn_9_19_5,cross_section_barn,reaction_cross_sections,46,0.6284843244305733,1.2132642634791173
rxn_9_19_5,cross_section_barn,reaction_cross_sections,47,0.6421470271355858,1.2199226562012355
rxn_9_19_5,cross_section_barn,reaction_cross_sections,48,0.6558097298405983,1.2380507355525174
rxn_9_19_5,cross_section_barn,reaction_cross_sections,49,0.6694724325456107,1.245457626941557
rxn_9_19_5,cross_section_barn,reaction_cross_sections,50,0.6831351352506232,1.2114693195660675
rxn_9_19_5,cross_section_barn,reaction_cross_sections,51,0.6967978379556357,1.2057103375676244
rxn_9_19_5,cross_section_barn,reaction_cross_sections,52,0.7104605406606481,1.1968067650794447
